source_class,arm,estimator,snr0,bank,family,index,selected_hyperparameter,old_band_structure_error,running_max_rel_at_age0
L224,DIRECT_PHYSICAL,TSVD,100.0,constant_flux_structural,circular_single_hotspot,0,0.001,15.438392161079959,0.4724580211358712
L224,DIRECT_PHYSICAL,TSVD,100.0,constant_flux_structural,circular_single_hotspot,1,0.001,10.898123905334757,0.46229930344887654
L224,DIRECT_PHYSICAL,TSVD,100.0,constant_flux_structural,circular_single_hotspot,2,0.001,8.566032834788256,0.3273790681631058
L224,DIRECT_PHYSICAL,TSVD,100.0,constant_flux_structural,circular_single_hotspot,3,0.001,15.32293123009843,0.5363458309784815
L224,DIRECT_PHYSICAL,TSVD,100.0,constant_flux_structural,circular_single_hotspot,4,0.001,20.949664060333927,0.5784241993747509
L224,DIRECT_PHYSICAL,TSVD,100.0,constant_flux_structural,circular_single_hotspot,5,0.001,22.375818022351982,0.21927009171677225
L224,DIRECT_PHYSICAL,TSVD,100.0,constant_flux_structural,circular_single_hotspot,6,0.001,11.238527104514137,0.5175028275463779
L224,DIRECT_PHYSICAL,TSVD,100.0,constant_flux_structural,circular_single_hotspot,7,0.001,20.501355805874425,0.4567668411421716
L224,DIRECT_PHYSICAL,TSVD,100.0,constant_flux_structural,circular_two_hotspots,0,0.001,8.792802808352953,0.7132584961439689
L224,DIRECT_PHYSICAL,TSVD,100.0,constant_flux_structural,circular_two_hotspots,1,0.001,10.519320655151482,0.38302690037936266
L224,DIRECT_PHYSICAL,TSVD,100.0,constant_flux_structural,circular_two_hotspots,2,0.001,8.3018511733758,0.36586819176745555
L224,DIRECT_PHYSICAL,TSVD,100.0,constant_flux_structural,circular_two_hotspots,3,0.001,7.272424452037136,0.24793290548536145
L224,DIRECT_PHYSICAL,TSVD,100.0,constant_flux_structural,circular_two_hotspots,4,0.001,16.06192782644642,0.43073955764401545
L224,DIRECT_PHYSICAL,TSVD,100.0,constant_flux_structural,circular_two_hotspots,5,0.001,12.403015581501606,0.5813864312572932
L224,DIRECT_PHYSICAL,TSVD,100.0,constant_flux_structural,circular_two_hotspots,6,0.001,21.04611532604423,0.5969020703134542
L224,DIRECT_PHYSICAL,TSVD,100.0,constant_flux_structural,circular_two_hotspots,7,0.001,13.602406260004058,0.5571578133198369
L224,DIRECT_PHYSICAL,TSVD,100.0,constant_flux_structural,circular_crescent,0,0.001,7.286093368576371,0.34547241943174517
L224,DIRECT_PHYSICAL,TSVD,100.0,constant_flux_structural,circular_crescent,1,0.001,14.666914358672145,0.21393666180249202
L224,DIRECT_PHYSICAL,TSVD,100.0,constant_flux_structural,circular_crescent,2,0.001,9.899875932282711,0.5992767776849803
L224,DIRECT_PHYSICAL,TSVD,100.0,constant_flux_structural,circular_crescent,3,0.001,13.503748032794965,0.21686639010241482
L224,DIRECT_PHYSICAL,TSVD,100.0,constant_flux_structural,circular_crescent,4,0.001,9.217343333020866,0.4061889834294428
L224,DIRECT_PHYSICAL,TSVD,100.0,constant_flux_structural,circular_crescent,5,0.001,8.695672043270024,0.4961638200639925
L224,DIRECT_PHYSICAL,TSVD,100.0,constant_flux_structural,circular_crescent,6,0.001,9.363191185844572,0.16715513513397837
L224,DIRECT_PHYSICAL,TSVD,100.0,constant_flux_structural,circular_crescent,7,0.001,7.050934130223066,0.5211456257776124
L224,DIRECT_PHYSICAL,TSVD,100.0,constant_flux_structural,plunging_hotspot,0,0.001,27.705162413385494,0.8562984916770567
L224,DIRECT_PHYSICAL,TSVD,100.0,constant_flux_structural,plunging_hotspot,1,0.001,27.04677875909975,0.6044197231595643
L224,DIRECT_PHYSICAL,TSVD,100.0,constant_flux_structural,plunging_hotspot,2,0.001,35.12577396639661,0.8396268958342186
L224,DIRECT_PHYSICAL,TSVD,100.0,constant_flux_structural,plunging_hotspot,3,0.001,39.310957102377955,0.9081994448461838
L224,DIRECT_PHYSICAL,TSVD,100.0,constant_flux_structural,plunging_hotspot,4,0.001,25.45490884175465,0.6301335897126261
L224,DIRECT_PHYSICAL,TSVD,100.0,constant_flux_structural,plunging_hotspot,5,0.001,18.59309850640008,0.40018698294130267
L224,DIRECT_PHYSICAL,TSVD,100.0,constant_flux_structural,plunging_hotspot,6,0.001,23.541123427740423,0.5482198286139658
L224,DIRECT_PHYSICAL,TSVD,100.0,constant_flux_structural,plunging_hotspot,7,0.001,23.79263887409001,0.5816947173111296
L224,DIRECT_PHYSICAL,TSVD,100.0,structure_balanced_050,circular_single_hotspot,0,0.001,1.8170894457955429,0.4347529837482602
L224,DIRECT_PHYSICAL,TSVD,100.0,structure_balanced_050,circular_single_hotspot,1,0.001,2.994496225182907,0.7454830446838698
L224,DIRECT_PHYSICAL,TSVD,100.0,structure_balanced_050,circular_single_hotspot,2,0.001,1.224214453171054,0.7719425675645765
L224,DIRECT_PHYSICAL,TSVD,100.0,structure_balanced_050,circular_single_hotspot,3,0.001,2.414116363456998,0.5438708611200777
L224,DIRECT_PHYSICAL,TSVD,100.0,structure_balanced_050,circular_single_hotspot,4,0.001,3.1085940606162934,0.2448679511587315
L224,DIRECT_PHYSICAL,TSVD,100.0,structure_balanced_050,circular_single_hotspot,5,0.001,0.9880766480802791,0.6672143304005023
L224,DIRECT_PHYSICAL,TSVD,100.0,structure_balanced_050,circular_single_hotspot,6,0.001,4.208888049585653,0.6923878108231135
L224,DIRECT_PHYSICAL,TSVD,100.0,structure_balanced_050,circular_single_hotspot,7,0.001,0.3922370845549109,1.2135693088896748
L224,DIRECT_PHYSICAL,TSVD,100.0,structure_balanced_050,circular_two_hotspots,0,0.001,3.2104705084441507,0.5517950702982077
L224,DIRECT_PHYSICAL,TSVD,100.0,structure_balanced_050,circular_two_hotspots,1,0.001,3.6889847413507413,0.8192566969382996
L224,DIRECT_PHYSICAL,TSVD,100.0,structure_balanced_050,circular_two_hotspots,2,0.001,4.199761354762671,0.3191052182812383
L224,DIRECT_PHYSICAL,TSVD,100.0,structure_balanced_050,circular_two_hotspots,3,0.001,3.416116515255329,0.525113857770354
L224,DIRECT_PHYSICAL,TSVD,100.0,structure_balanced_050,circular_two_hotspots,4,0.001,2.7563438524482153,0.5460710983851313
L224,DIRECT_PHYSICAL,TSVD,100.0,structure_balanced_050,circular_two_hotspots,5,0.001,5.907379219730964,0.6675307306138716
L224,DIRECT_PHYSICAL,TSVD,100.0,structure_balanced_050,circular_two_hotspots,6,0.001,4.0348224277312985,0.580383226084229
L224,DIRECT_PHYSICAL,TSVD,100.0,structure_balanced_050,circular_two_hotspots,7,0.001,2.3953094129250783,0.5482563363603965
L224,DIRECT_PHYSICAL,TSVD,100.0,structure_balanced_050,circular_crescent,0,0.001,3.691832422509437,0.45213474127934783
L224,DIRECT_PHYSICAL,TSVD,100.0,structure_balanced_050,circular_crescent,1,0.001,3.6252685324627145,0.4219539126334116
L224,DIRECT_PHYSICAL,TSVD,100.0,structure_balanced_050,circular_crescent,2,0.001,4.566666272682564,0.41962458308111233
L224,DIRECT_PHYSICAL,TSVD,100.0,structure_balanced_050,circular_crescent,3,0.001,6.654078502227442,0.6664383548083024
L224,DIRECT_PHYSICAL,TSVD,100.0,structure_balanced_050,circular_crescent,4,0.001,4.096506717621428,0.504975223404846
L224,DIRECT_PHYSICAL,TSVD,100.0,structure_balanced_050,circular_crescent,5,0.001,2.801280608929942,0.5953478707157627
L224,DIRECT_PHYSICAL,TSVD,100.0,structure_balanced_050,circular_crescent,6,0.001,3.571374437818592,0.40399163964080237
L224,DIRECT_PHYSICAL,TSVD,100.0,structure_balanced_050,circular_crescent,7,0.001,3.444569770466395,0.5163452186855901
L224,DIRECT_PHYSICAL,TSVD,100.0,structure_balanced_050,plunging_hotspot,0,0.001,0.5318277614335719,1.4100871919979023
L224,DIRECT_PHYSICAL,TSVD,100.0,structure_balanced_050,plunging_hotspot,1,0.001,0.7143668518659122,0.9600361358117891
L224,DIRECT_PHYSICAL,TSVD,100.0,structure_balanced_050,plunging_hotspot,2,0.001,1.7844166259124752,0.8240268377410128
L224,DIRECT_PHYSICAL,TSVD,100.0,structure_balanced_050,plunging_hotspot,3,0.001,0.8626724938767993,1.3857555846159488
L224,DIRECT_PHYSICAL,TSVD,100.0,structure_balanced_050,plunging_hotspot,4,0.001,0.9547534104950107,0.6735119021624715
L224,DIRECT_PHYSICAL,TSVD,100.0,structure_balanced_050,plunging_hotspot,5,0.001,1.0694771800462686,1.2626603735092872
L224,DIRECT_PHYSICAL,TSVD,100.0,structure_balanced_050,plunging_hotspot,6,0.001,1.896275917509632,0.7498264220259327
L224,DIRECT_PHYSICAL,TSVD,100.0,structure_balanced_050,plunging_hotspot,7,0.001,1.2625794281869798,0.7258573321371343
L224,DIRECT_PHYSICAL,TSVD,100.0,structure_balanced_080,circular_single_hotspot,0,0.001,1.7300839955397234,0.22730752117864306
L224,DIRECT_PHYSICAL,TSVD,100.0,structure_balanced_080,circular_single_hotspot,1,0.001,4.386827627032957,0.7304822701407174
L224,DIRECT_PHYSICAL,TSVD,100.0,structure_balanced_080,circular_single_hotspot,2,0.001,0.8962762773630064,0.801699379443851
L224,DIRECT_PHYSICAL,TSVD,100.0,structure_balanced_080,circular_single_hotspot,3,0.001,3.553507424901453,0.19641839424179103
L224,DIRECT_PHYSICAL,TSVD,100.0,structure_balanced_080,circular_single_hotspot,4,0.001,1.7989235459216197,0.2898658377048826
L224,DIRECT_PHYSICAL,TSVD,100.0,structure_balanced_080,circular_single_hotspot,5,0.001,0.35294200571649464,1.2630915539166794
L224,DIRECT_PHYSICAL,TSVD,100.0,structure_balanced_080,circular_single_hotspot,6,0.001,4.70310828296381,0.16090580804124566
L224,DIRECT_PHYSICAL,TSVD,100.0,structure_balanced_080,circular_single_hotspot,7,0.001,1.6714883877219056,0.3828585149944658
L224,DIRECT_PHYSICAL,TSVD,100.0,structure_balanced_080,circular_two_hotspots,0,0.001,2.708942543549809,0.5020175320113679
L224,DIRECT_PHYSICAL,TSVD,100.0,structure_balanced_080,circular_two_hotspots,1,0.001,2.6764069101270853,0.38819860809110296
L224,DIRECT_PHYSICAL,TSVD,100.0,structure_balanced_080,circular_two_hotspots,2,0.001,3.5529483656437426,0.4596619243366893
L224,DIRECT_PHYSICAL,TSVD,100.0,structure_balanced_080,circular_two_hotspots,3,0.001,4.073966153956022,0.358902495041691
L224,DIRECT_PHYSICAL,TSVD,100.0,structure_balanced_080,circular_two_hotspots,4,0.001,2.557441231506128,0.6875107229824253
L224,DIRECT_PHYSICAL,TSVD,100.0,structure_balanced_080,circular_two_hotspots,5,0.001,3.5468704183549757,0.21017173533946887
L224,DIRECT_PHYSICAL,TSVD,100.0,structure_balanced_080,circular_two_hotspots,6,0.001,3.0553669756778854,0.33412697006868464
L224,DIRECT_PHYSICAL,TSVD,100.0,structure_balanced_080,circular_two_hotspots,7,0.001,1.8475447078927034,0.6669011726366052
L224,DIRECT_PHYSICAL,TSVD,100.0,structure_balanced_080,circular_crescent,0,0.001,3.687942857956019,0.7184484907378914
L224,DIRECT_PHYSICAL,TSVD,100.0,structure_balanced_080,circular_crescent,1,0.001,5.112017564361292,0.49748492066543976
L224,DIRECT_PHYSICAL,TSVD,100.0,structure_balanced_080,circular_crescent,2,0.001,4.496601588182959,0.4705247224893142
L224,DIRECT_PHYSICAL,TSVD,100.0,structure_balanced_080,circular_crescent,3,0.001,4.634184528218606,0.33763933440364424
L224,DIRECT_PHYSICAL,TSVD,100.0,structure_balanced_080,circular_crescent,4,0.001,4.394300088506714,0.7380158418229767
L224,DIRECT_PHYSICAL,TSVD,100.0,structure_balanced_080,circular_crescent,5,0.001,2.670974480784699,0.39833997307659674
L224,DIRECT_PHYSICAL,TSVD,100.0,structure_balanced_080,circular_crescent,6,0.001,4.588255765479707,0.4567752434805238
L224,DIRECT_PHYSICAL,TSVD,100.0,structure_balanced_080,circular_crescent,7,0.001,3.6000993671172843,0.43176731168213534
L224,DIRECT_PHYSICAL,TSVD,100.0,structure_balanced_080,plunging_hotspot,0,0.001,0.8088453663249587,0.6547031150863555
L224,DIRECT_PHYSICAL,TSVD,100.0,structure_balanced_080,plunging_hotspot,1,0.001,1.028211433816908,0.9039254250137402
L224,DIRECT_PHYSICAL,TSVD,100.0,structure_balanced_080,plunging_hotspot,2,0.001,1.1611150131016124,0.7825519447176168
L224,DIRECT_PHYSICAL,TSVD,100.0,structure_balanced_080,plunging_hotspot,3,0.001,1.127573831738619,0.7368919224288367
L224,DIRECT_PHYSICAL,TSVD,100.0,structure_balanced_080,plunging_hotspot,4,0.001,1.0217685111680157,0.7391228753050936
L224,DIRECT_PHYSICAL,TSVD,100.0,structure_balanced_080,plunging_hotspot,5,0.001,1.0285447596801247,0.8249177569016014
L224,DIRECT_PHYSICAL,TSVD,100.0,structure_balanced_080,plunging_hotspot,6,0.001,1.8495685598086884,0.6903403926215717
L224,DIRECT_PHYSICAL,TSVD,100.0,structure_balanced_080,plunging_hotspot,7,0.001,1.7982547184738629,0.8471557184906428
L224,DIRECT_PHYSICAL,TSVD,1000.0,constant_flux_structural,circular_single_hotspot,0,0.001,15.441507949926237,0.47145734976564424
L224,DIRECT_PHYSICAL,TSVD,1000.0,constant_flux_structural,circular_single_hotspot,1,0.001,10.895592225644519,0.4623968426633158
L224,DIRECT_PHYSICAL,TSVD,1000.0,constant_flux_structural,circular_single_hotspot,2,0.001,8.560684414114693,0.32652489167369525
L224,DIRECT_PHYSICAL,TSVD,1000.0,constant_flux_structural,circular_single_hotspot,3,0.001,15.308183173085443,0.5359595274494097
L224,DIRECT_PHYSICAL,TSVD,1000.0,constant_flux_structural,circular_single_hotspot,4,0.001,20.96181805843639,0.5779534748718798
L224,DIRECT_PHYSICAL,TSVD,1000.0,constant_flux_structural,circular_single_hotspot,5,0.001,22.381014026813066,0.21787743006871402
L224,DIRECT_PHYSICAL,TSVD,1000.0,constant_flux_structural,circular_single_hotspot,6,0.001,11.22526471620492,0.5185704775190607
L224,DIRECT_PHYSICAL,TSVD,1000.0,constant_flux_structural,circular_single_hotspot,7,0.001,20.49964875536579,0.45661565474356197
L224,DIRECT_PHYSICAL,TSVD,1000.0,constant_flux_structural,circular_two_hotspots,0,0.001,8.797851014432583,0.7155030228757414
L224,DIRECT_PHYSICAL,TSVD,1000.0,constant_flux_structural,circular_two_hotspots,1,0.001,10.515179030029056,0.3774826674554859
L224,DIRECT_PHYSICAL,TSVD,1000.0,constant_flux_structural,circular_two_hotspots,2,0.001,8.309738413338255,0.363845639766584
L224,DIRECT_PHYSICAL,TSVD,1000.0,constant_flux_structural,circular_two_hotspots,3,0.001,7.245081861306113,0.24969969184150853
L224,DIRECT_PHYSICAL,TSVD,1000.0,constant_flux_structural,circular_two_hotspots,4,0.001,16.060358714686764,0.4283946972931187
L224,DIRECT_PHYSICAL,TSVD,1000.0,constant_flux_structural,circular_two_hotspots,5,0.001,12.398480863396028,0.5795758367313959
L224,DIRECT_PHYSICAL,TSVD,1000.0,constant_flux_structural,circular_two_hotspots,6,0.001,21.042052127466363,0.5966373808267807
L224,DIRECT_PHYSICAL,TSVD,1000.0,constant_flux_structural,circular_two_hotspots,7,0.001,13.599403919192035,0.5558729477777417
L224,DIRECT_PHYSICAL,TSVD,1000.0,constant_flux_structural,circular_crescent,0,0.001,7.277552952814693,0.34293496230379994
L224,DIRECT_PHYSICAL,TSVD,1000.0,constant_flux_structural,circular_crescent,1,0.001,14.657859438113022,0.21469538079545872
L224,DIRECT_PHYSICAL,TSVD,1000.0,constant_flux_structural,circular_crescent,2,0.001,9.894265952838976,0.596519608079763
L224,DIRECT_PHYSICAL,TSVD,1000.0,constant_flux_structural,circular_crescent,3,0.001,13.502781925034533,0.21658505576398468
L224,DIRECT_PHYSICAL,TSVD,1000.0,constant_flux_structural,circular_crescent,4,0.001,9.216751408361992,0.40311627810151085
L224,DIRECT_PHYSICAL,TSVD,1000.0,constant_flux_structural,circular_crescent,5,0.001,8.69902152530323,0.49608931795612826
L224,DIRECT_PHYSICAL,TSVD,1000.0,constant_flux_structural,circular_crescent,6,0.001,9.34355399622816,0.16267241294079188
L224,DIRECT_PHYSICAL,TSVD,1000.0,constant_flux_structural,circular_crescent,7,0.001,7.04427426379605,0.5183038370689665
L224,DIRECT_PHYSICAL,TSVD,1000.0,constant_flux_structural,plunging_hotspot,0,0.001,27.713177070989552,0.8570754506272333
L224,DIRECT_PHYSICAL,TSVD,1000.0,constant_flux_structural,plunging_hotspot,1,0.001,27.05161517863347,0.6030263234558702
L224,DIRECT_PHYSICAL,TSVD,1000.0,constant_flux_structural,plunging_hotspot,2,0.001,35.12415856480094,0.8376750452312993
L224,DIRECT_PHYSICAL,TSVD,1000.0,constant_flux_structural,plunging_hotspot,3,0.001,39.305797646065095,0.9093682178948452
L224,DIRECT_PHYSICAL,TSVD,1000.0,constant_flux_structural,plunging_hotspot,4,0.001,25.457117647455743,0.6301530089128411
L224,DIRECT_PHYSICAL,TSVD,1000.0,constant_flux_structural,plunging_hotspot,5,0.001,18.58848689101132,0.3991034007965838
L224,DIRECT_PHYSICAL,TSVD,1000.0,constant_flux_structural,plunging_hotspot,6,0.001,23.539599078145425,0.5438645941460732
L224,DIRECT_PHYSICAL,TSVD,1000.0,constant_flux_structural,plunging_hotspot,7,0.001,23.809734917080714,0.5813651656184633
L224,DIRECT_PHYSICAL,TSVD,1000.0,structure_balanced_050,circular_single_hotspot,0,0.001,1.8096596454863085,0.3751642312653728
L224,DIRECT_PHYSICAL,TSVD,1000.0,structure_balanced_050,circular_single_hotspot,1,0.001,2.9825798316205265,0.7303521544714059
L224,DIRECT_PHYSICAL,TSVD,1000.0,structure_balanced_050,circular_single_hotspot,2,0.001,1.1825037851459332,0.7093050140531529
L224,DIRECT_PHYSICAL,TSVD,1000.0,structure_balanced_050,circular_single_hotspot,3,0.001,2.4070191116651922,0.5327116071709329
L224,DIRECT_PHYSICAL,TSVD,1000.0,structure_balanced_050,circular_single_hotspot,4,0.001,3.1082395230430575,0.21780001250145548
L224,DIRECT_PHYSICAL,TSVD,1000.0,structure_balanced_050,circular_single_hotspot,5,0.001,0.9479035910179283,0.5390272794457721
L224,DIRECT_PHYSICAL,TSVD,1000.0,structure_balanced_050,circular_single_hotspot,6,0.001,4.192473670810359,0.694488578792175
L224,DIRECT_PHYSICAL,TSVD,1000.0,structure_balanced_050,circular_single_hotspot,7,0.001,0.3165739062483339,0.587363380921161
L224,DIRECT_PHYSICAL,TSVD,1000.0,structure_balanced_050,circular_two_hotspots,0,0.001,3.2016164076355325,0.526766971163602
L224,DIRECT_PHYSICAL,TSVD,1000.0,structure_balanced_050,circular_two_hotspots,1,0.001,3.6932291124718883,0.7946580613454435
L224,DIRECT_PHYSICAL,TSVD,1000.0,structure_balanced_050,circular_two_hotspots,2,0.001,4.19635978992473,0.2950357553867616
L224,DIRECT_PHYSICAL,TSVD,1000.0,structure_balanced_050,circular_two_hotspots,3,0.001,3.4031901629728245,0.5251119916584429
L224,DIRECT_PHYSICAL,TSVD,1000.0,structure_balanced_050,circular_two_hotspots,4,0.001,2.7478170428755666,0.5450044934659449
L224,DIRECT_PHYSICAL,TSVD,1000.0,structure_balanced_050,circular_two_hotspots,5,0.001,5.895067213152178,0.6634616162901976
L224,DIRECT_PHYSICAL,TSVD,1000.0,structure_balanced_050,circular_two_hotspots,6,0.001,4.021267407674406,0.5692792954629518
L224,DIRECT_PHYSICAL,TSVD,1000.0,structure_balanced_050,circular_two_hotspots,7,0.001,2.389072708495573,0.5414063400760433
L224,DIRECT_PHYSICAL,TSVD,1000.0,structure_balanced_050,circular_crescent,0,0.001,3.671358971042405,0.44802354131817945
L224,DIRECT_PHYSICAL,TSVD,1000.0,structure_balanced_050,circular_crescent,1,0.001,3.6113901304639313,0.40887942583133874
L224,DIRECT_PHYSICAL,TSVD,1000.0,structure_balanced_050,circular_crescent,2,0.001,4.556308088582645,0.41171622320673845
L224,DIRECT_PHYSICAL,TSVD,1000.0,structure_balanced_050,circular_crescent,3,0.001,6.648697994424707,0.6589846979539549
L224,DIRECT_PHYSICAL,TSVD,1000.0,structure_balanced_050,circular_crescent,4,0.001,4.080294308472912,0.49246934829665245
L224,DIRECT_PHYSICAL,TSVD,1000.0,structure_balanced_050,circular_crescent,5,0.001,2.826189149973623,0.5809898890901128
L224,DIRECT_PHYSICAL,TSVD,1000.0,structure_balanced_050,circular_crescent,6,0.001,3.540416253461539,0.40119601359926976
L224,DIRECT_PHYSICAL,TSVD,1000.0,structure_balanced_050,circular_crescent,7,0.001,3.425020229484094,0.5137893166642717
L224,DIRECT_PHYSICAL,TSVD,1000.0,structure_balanced_050,plunging_hotspot,0,0.001,0.4774076740649493,0.8820030215278298
L224,DIRECT_PHYSICAL,TSVD,1000.0,structure_balanced_050,plunging_hotspot,1,0.001,0.6576543324579522,0.6632696702192082
L224,DIRECT_PHYSICAL,TSVD,1000.0,structure_balanced_050,plunging_hotspot,2,0.001,1.745380325830079,0.7657914990236684
L224,DIRECT_PHYSICAL,TSVD,1000.0,structure_balanced_050,plunging_hotspot,3,0.001,0.8373421681586493,1.0259102470433112
L224,DIRECT_PHYSICAL,TSVD,1000.0,structure_balanced_050,plunging_hotspot,4,0.001,0.9228783131540842,0.41709050301116823
L224,DIRECT_PHYSICAL,TSVD,1000.0,structure_balanced_050,plunging_hotspot,5,0.001,1.0516665599788992,1.0952710323849946
L224,DIRECT_PHYSICAL,TSVD,1000.0,structure_balanced_050,plunging_hotspot,6,0.001,1.8811272733710702,0.6993839865600988
L224,DIRECT_PHYSICAL,TSVD,1000.0,structure_balanced_050,plunging_hotspot,7,0.001,1.2445445856488098,0.6795686513684904
L224,DIRECT_PHYSICAL,TSVD,1000.0,structure_balanced_080,circular_single_hotspot,0,0.001,1.691913225469491,0.13091130712667226
L224,DIRECT_PHYSICAL,TSVD,1000.0,structure_balanced_080,circular_single_hotspot,1,0.001,4.379012135167769,0.7257783188356958
L224,DIRECT_PHYSICAL,TSVD,1000.0,structure_balanced_080,circular_single_hotspot,2,0.001,0.824059183866027,0.5998189216292056
L224,DIRECT_PHYSICAL,TSVD,1000.0,structure_balanced_080,circular_single_hotspot,3,0.001,3.533062505857724,0.1743447294219079
L224,DIRECT_PHYSICAL,TSVD,1000.0,structure_balanced_080,circular_single_hotspot,4,0.001,1.7703044929197107,0.2078185824735126
L224,DIRECT_PHYSICAL,TSVD,1000.0,structure_balanced_080,circular_single_hotspot,5,0.001,0.29441396289185007,0.4948027391405897
L224,DIRECT_PHYSICAL,TSVD,1000.0,structure_balanced_080,circular_single_hotspot,6,0.001,4.708110347440162,0.1387953294301551
L224,DIRECT_PHYSICAL,TSVD,1000.0,structure_balanced_080,circular_single_hotspot,7,0.001,1.6404720756660451,0.2890261410257363
L224,DIRECT_PHYSICAL,TSVD,1000.0,structure_balanced_080,circular_two_hotspots,0,0.001,2.701165687370323,0.4706038966775086
L224,DIRECT_PHYSICAL,TSVD,1000.0,structure_balanced_080,circular_two_hotspots,1,0.001,2.6525851896476818,0.3703153478371729
L224,DIRECT_PHYSICAL,TSVD,1000.0,structure_balanced_080,circular_two_hotspots,2,0.001,3.559092794113557,0.45044999048014206
L224,DIRECT_PHYSICAL,TSVD,1000.0,structure_balanced_080,circular_two_hotspots,3,0.001,4.065629747243952,0.3535806165447991
L224,DIRECT_PHYSICAL,TSVD,1000.0,structure_balanced_080,circular_two_hotspots,4,0.001,2.52447173035197,0.6875246736123184
L224,DIRECT_PHYSICAL,TSVD,1000.0,structure_balanced_080,circular_two_hotspots,5,0.001,3.5229274913547153,0.18815395790882772
L224,DIRECT_PHYSICAL,TSVD,1000.0,structure_balanced_080,circular_two_hotspots,6,0.001,3.039130024330325,0.30036887370183857
L224,DIRECT_PHYSICAL,TSVD,1000.0,structure_balanced_080,circular_two_hotspots,7,0.001,1.836945869974779,0.656417616189011
L224,DIRECT_PHYSICAL,TSVD,1000.0,structure_balanced_080,circular_crescent,0,0.001,3.671786104864531,0.7158855127315406
L224,DIRECT_PHYSICAL,TSVD,1000.0,structure_balanced_080,circular_crescent,1,0.001,5.112585570785017,0.49781962184998707
L224,DIRECT_PHYSICAL,TSVD,1000.0,structure_balanced_080,circular_crescent,2,0.001,4.49149803512453,0.4650092515097161
L224,DIRECT_PHYSICAL,TSVD,1000.0,structure_balanced_080,circular_crescent,3,0.001,4.633427773849329,0.326922084551509
L224,DIRECT_PHYSICAL,TSVD,1000.0,structure_balanced_080,circular_crescent,4,0.001,4.3874828386213265,0.7375860387608016
L224,DIRECT_PHYSICAL,TSVD,1000.0,structure_balanced_080,circular_crescent,5,0.001,2.636614663082902,0.38122268273442456
L224,DIRECT_PHYSICAL,TSVD,1000.0,structure_balanced_080,circular_crescent,6,0.001,4.58738472255773,0.45122464691344166
L224,DIRECT_PHYSICAL,TSVD,1000.0,structure_balanced_080,circular_crescent,7,0.001,3.5997673306671993,0.4177161460589386
L224,DIRECT_PHYSICAL,TSVD,1000.0,structure_balanced_080,plunging_hotspot,0,0.001,0.7317393759109507,0.4642330815408978
L224,DIRECT_PHYSICAL,TSVD,1000.0,structure_balanced_080,plunging_hotspot,1,0.001,1.001756592451653,0.833419787467987
L224,DIRECT_PHYSICAL,TSVD,1000.0,structure_balanced_080,plunging_hotspot,2,0.001,1.1261824359690729,0.7459106415045406
L224,DIRECT_PHYSICAL,TSVD,1000.0,structure_balanced_080,plunging_hotspot,3,0.001,1.118935439162382,0.5330303080532874
L224,DIRECT_PHYSICAL,TSVD,1000.0,structure_balanced_080,plunging_hotspot,4,0.001,0.9861477753920841,0.6098298135427132
L224,DIRECT_PHYSICAL,TSVD,1000.0,structure_balanced_080,plunging_hotspot,5,0.001,1.0128333835820993,0.6588300252363368
L224,DIRECT_PHYSICAL,TSVD,1000.0,structure_balanced_080,plunging_hotspot,6,0.001,1.8354116433256618,0.6294722865730586
L224,DIRECT_PHYSICAL,TSVD,1000.0,structure_balanced_080,plunging_hotspot,7,0.001,1.7796604882394989,0.8007051098048718
L224,DIRECT_PHYSICAL,RIDGE_IDENTITY,100.0,constant_flux_structural,circular_single_hotspot,0,3.162277660168379e-07,14.604877967239997,0.3286091109083003
L224,DIRECT_PHYSICAL,RIDGE_IDENTITY,100.0,constant_flux_structural,circular_single_hotspot,1,3.162277660168379e-07,10.713786387428915,0.3388170679527302
L224,DIRECT_PHYSICAL,RIDGE_IDENTITY,100.0,constant_flux_structural,circular_single_hotspot,2,3.162277660168379e-07,8.376946994153244,0.23694415757851445
L224,DIRECT_PHYSICAL,RIDGE_IDENTITY,100.0,constant_flux_structural,circular_single_hotspot,3,3.162277660168379e-07,14.999038938465025,0.39118079740504497
L224,DIRECT_PHYSICAL,RIDGE_IDENTITY,100.0,constant_flux_structural,circular_single_hotspot,4,3.162277660168379e-07,20.065862089157065,0.4246231078733168
L224,DIRECT_PHYSICAL,RIDGE_IDENTITY,100.0,constant_flux_structural,circular_single_hotspot,5,3.162277660168379e-07,22.392572012109568,0.17980647349631146
L224,DIRECT_PHYSICAL,RIDGE_IDENTITY,100.0,constant_flux_structural,circular_single_hotspot,6,3.162277660168379e-07,11.085456334486818,0.3777758063156262
L224,DIRECT_PHYSICAL,RIDGE_IDENTITY,100.0,constant_flux_structural,circular_single_hotspot,7,3.162277660168379e-07,19.94197356872115,0.3591834916209112
L224,DIRECT_PHYSICAL,RIDGE_IDENTITY,100.0,constant_flux_structural,circular_two_hotspots,0,3.162277660168379e-07,8.698248892419397,0.669540049693693
L224,DIRECT_PHYSICAL,RIDGE_IDENTITY,100.0,constant_flux_structural,circular_two_hotspots,1,3.162277660168379e-07,10.303546997012848,0.2930078388911055
L224,DIRECT_PHYSICAL,RIDGE_IDENTITY,100.0,constant_flux_structural,circular_two_hotspots,2,3.162277660168379e-07,8.270648738616654,0.31585520546452817
L224,DIRECT_PHYSICAL,RIDGE_IDENTITY,100.0,constant_flux_structural,circular_two_hotspots,3,3.162277660168379e-07,7.187744242016951,0.21048763937749443
L224,DIRECT_PHYSICAL,RIDGE_IDENTITY,100.0,constant_flux_structural,circular_two_hotspots,4,3.162277660168379e-07,15.677794885951126,0.30233544991851125
L224,DIRECT_PHYSICAL,RIDGE_IDENTITY,100.0,constant_flux_structural,circular_two_hotspots,5,3.162277660168379e-07,12.2542828095621,0.4615453880915372
L224,DIRECT_PHYSICAL,RIDGE_IDENTITY,100.0,constant_flux_structural,circular_two_hotspots,6,3.162277660168379e-07,20.013209530549233,0.38353852324358634
L224,DIRECT_PHYSICAL,RIDGE_IDENTITY,100.0,constant_flux_structural,circular_two_hotspots,7,3.162277660168379e-07,13.27002353225245,0.36864583654482413
L224,DIRECT_PHYSICAL,RIDGE_IDENTITY,100.0,constant_flux_structural,circular_crescent,0,3.162277660168379e-07,7.255895070731433,0.31631484045482744
L224,DIRECT_PHYSICAL,RIDGE_IDENTITY,100.0,constant_flux_structural,circular_crescent,1,3.162277660168379e-07,14.21969443370826,0.13338025094966538
L224,DIRECT_PHYSICAL,RIDGE_IDENTITY,100.0,constant_flux_structural,circular_crescent,2,3.162277660168379e-07,9.727283177612643,0.5457042664713152
L224,DIRECT_PHYSICAL,RIDGE_IDENTITY,100.0,constant_flux_structural,circular_crescent,3,3.162277660168379e-07,13.237205202632094,0.15245373160466275
L224,DIRECT_PHYSICAL,RIDGE_IDENTITY,100.0,constant_flux_structural,circular_crescent,4,3.162277660168379e-07,8.9366236280793,0.33547082569808423
L224,DIRECT_PHYSICAL,RIDGE_IDENTITY,100.0,constant_flux_structural,circular_crescent,5,3.162277660168379e-07,8.639491798618607,0.4120955605217238
L224,DIRECT_PHYSICAL,RIDGE_IDENTITY,100.0,constant_flux_structural,circular_crescent,6,3.162277660168379e-07,9.277560428862,0.09334685083572761
L224,DIRECT_PHYSICAL,RIDGE_IDENTITY,100.0,constant_flux_structural,circular_crescent,7,3.162277660168379e-07,6.87939500048026,0.3569579857924541
L224,DIRECT_PHYSICAL,RIDGE_IDENTITY,100.0,constant_flux_structural,plunging_hotspot,0,3.162277660168379e-07,27.677787750886573,0.8302149081213398
L224,DIRECT_PHYSICAL,RIDGE_IDENTITY,100.0,constant_flux_structural,plunging_hotspot,1,3.162277660168379e-07,26.824313061212116,0.5506128202191339
L224,DIRECT_PHYSICAL,RIDGE_IDENTITY,100.0,constant_flux_structural,plunging_hotspot,2,3.162277660168379e-07,34.84422847804966,0.8302946156580834
L224,DIRECT_PHYSICAL,RIDGE_IDENTITY,100.0,constant_flux_structural,plunging_hotspot,3,3.162277660168379e-07,38.935201588066164,0.9016785529009002
L224,DIRECT_PHYSICAL,RIDGE_IDENTITY,100.0,constant_flux_structural,plunging_hotspot,4,3.162277660168379e-07,24.591081142353783,0.5608134873683401
L224,DIRECT_PHYSICAL,RIDGE_IDENTITY,100.0,constant_flux_structural,plunging_hotspot,5,3.162277660168379e-07,18.239448886855726,0.3276106112386916
L224,DIRECT_PHYSICAL,RIDGE_IDENTITY,100.0,constant_flux_structural,plunging_hotspot,6,3.162277660168379e-07,23.47506051695713,0.45935771720900964
L224,DIRECT_PHYSICAL,RIDGE_IDENTITY,100.0,constant_flux_structural,plunging_hotspot,7,3.162277660168379e-07,23.804374158010226,0.5005105993185746
L224,DIRECT_PHYSICAL,RIDGE_IDENTITY,100.0,structure_balanced_050,circular_single_hotspot,0,3.162277660168379e-07,1.7579819922205242,0.5131632611621875
L224,DIRECT_PHYSICAL,RIDGE_IDENTITY,100.0,structure_balanced_050,circular_single_hotspot,1,3.162277660168379e-07,3.0232400569409115,0.6896092965633653
L224,DIRECT_PHYSICAL,RIDGE_IDENTITY,100.0,structure_balanced_050,circular_single_hotspot,2,3.162277660168379e-07,1.2884344589530041,0.5900759362227189
L224,DIRECT_PHYSICAL,RIDGE_IDENTITY,100.0,structure_balanced_050,circular_single_hotspot,3,3.162277660168379e-07,2.323027818006339,0.37557465068214013
L224,DIRECT_PHYSICAL,RIDGE_IDENTITY,100.0,structure_balanced_050,circular_single_hotspot,4,3.162277660168379e-07,3.046054735565218,0.27720512142854287
L224,DIRECT_PHYSICAL,RIDGE_IDENTITY,100.0,structure_balanced_050,circular_single_hotspot,5,3.162277660168379e-07,1.0379078737934224,0.7035592199536705
L224,DIRECT_PHYSICAL,RIDGE_IDENTITY,100.0,structure_balanced_050,circular_single_hotspot,6,3.162277660168379e-07,4.1134050537821505,0.5341023622464747
L224,DIRECT_PHYSICAL,RIDGE_IDENTITY,100.0,structure_balanced_050,circular_single_hotspot,7,3.162277660168379e-07,0.5177098925183732,1.7912600495274709
L224,DIRECT_PHYSICAL,RIDGE_IDENTITY,100.0,structure_balanced_050,circular_two_hotspots,0,3.162277660168379e-07,3.099953584233903,0.42354316444685886
L224,DIRECT_PHYSICAL,RIDGE_IDENTITY,100.0,structure_balanced_050,circular_two_hotspots,1,3.162277660168379e-07,3.6520488026701825,0.7667976401063644
L224,DIRECT_PHYSICAL,RIDGE_IDENTITY,100.0,structure_balanced_050,circular_two_hotspots,2,3.162277660168379e-07,4.12035006249412,0.28547465661111193
L224,DIRECT_PHYSICAL,RIDGE_IDENTITY,100.0,structure_balanced_050,circular_two_hotspots,3,3.162277660168379e-07,3.3120714922876044,0.42140771171023644
L224,DIRECT_PHYSICAL,RIDGE_IDENTITY,100.0,structure_balanced_050,circular_two_hotspots,4,3.162277660168379e-07,2.7534270562486514,0.49918445413761375
L224,DIRECT_PHYSICAL,RIDGE_IDENTITY,100.0,structure_balanced_050,circular_two_hotspots,5,3.162277660168379e-07,5.8435205497489715,0.5224982410513517
L224,DIRECT_PHYSICAL,RIDGE_IDENTITY,100.0,structure_balanced_050,circular_two_hotspots,6,3.162277660168379e-07,4.025223596746918,0.47591696676526873
L224,DIRECT_PHYSICAL,RIDGE_IDENTITY,100.0,structure_balanced_050,circular_two_hotspots,7,3.162277660168379e-07,2.325403518961573,0.4278195629433091
L224,DIRECT_PHYSICAL,RIDGE_IDENTITY,100.0,structure_balanced_050,circular_crescent,0,3.162277660168379e-07,3.4830077434602313,0.2798021180889444
L224,DIRECT_PHYSICAL,RIDGE_IDENTITY,100.0,structure_balanced_050,circular_crescent,1,3.162277660168379e-07,3.5433715082303125,0.33288577099100836
L224,DIRECT_PHYSICAL,RIDGE_IDENTITY,100.0,structure_balanced_050,circular_crescent,2,3.162277660168379e-07,4.36893741688611,0.2909431107948941
L224,DIRECT_PHYSICAL,RIDGE_IDENTITY,100.0,structure_balanced_050,circular_crescent,3,3.162277660168379e-07,6.544645813883928,0.5800649517909404
L224,DIRECT_PHYSICAL,RIDGE_IDENTITY,100.0,structure_balanced_050,circular_crescent,4,3.162277660168379e-07,4.095718767726488,0.4436698727116299
L224,DIRECT_PHYSICAL,RIDGE_IDENTITY,100.0,structure_balanced_050,circular_crescent,5,3.162277660168379e-07,2.610952042597041,0.4334521449253046
L224,DIRECT_PHYSICAL,RIDGE_IDENTITY,100.0,structure_balanced_050,circular_crescent,6,3.162277660168379e-07,3.4682439852959197,0.3049483509483802
L224,DIRECT_PHYSICAL,RIDGE_IDENTITY,100.0,structure_balanced_050,circular_crescent,7,3.162277660168379e-07,3.3393017525494093,0.399914907217207
L224,DIRECT_PHYSICAL,RIDGE_IDENTITY,100.0,structure_balanced_050,plunging_hotspot,0,3.162277660168379e-07,0.6188692417834889,1.9174773644263268
L224,DIRECT_PHYSICAL,RIDGE_IDENTITY,100.0,structure_balanced_050,plunging_hotspot,1,3.162277660168379e-07,0.7621745040550374,1.3812140246296196
L224,DIRECT_PHYSICAL,RIDGE_IDENTITY,100.0,structure_balanced_050,plunging_hotspot,2,3.162277660168379e-07,1.763347313128396,0.7906268920484175
L224,DIRECT_PHYSICAL,RIDGE_IDENTITY,100.0,structure_balanced_050,plunging_hotspot,3,3.162277660168379e-07,0.9431726236206202,1.5882838212630328
L224,DIRECT_PHYSICAL,RIDGE_IDENTITY,100.0,structure_balanced_050,plunging_hotspot,4,3.162277660168379e-07,0.9962962196486029,1.008049892900459
L224,DIRECT_PHYSICAL,RIDGE_IDENTITY,100.0,structure_balanced_050,plunging_hotspot,5,3.162277660168379e-07,1.099753146658177,1.4534879017198186
L224,DIRECT_PHYSICAL,RIDGE_IDENTITY,100.0,structure_balanced_050,plunging_hotspot,6,3.162277660168379e-07,1.8865617440031055,0.8103144879910202
L224,DIRECT_PHYSICAL,RIDGE_IDENTITY,100.0,structure_balanced_050,plunging_hotspot,7,3.162277660168379e-07,1.3121524546034045,0.8629968431909057
L224,DIRECT_PHYSICAL,RIDGE_IDENTITY,100.0,structure_balanced_080,circular_single_hotspot,0,3.162277660168379e-07,1.7539293950319075,0.4067835138921255
L224,DIRECT_PHYSICAL,RIDGE_IDENTITY,100.0,structure_balanced_080,circular_single_hotspot,1,3.162277660168379e-07,4.353491605524601,0.6415500859331946
L224,DIRECT_PHYSICAL,RIDGE_IDENTITY,100.0,structure_balanced_080,circular_single_hotspot,2,3.162277660168379e-07,0.960443225277894,1.1442226013811865
L224,DIRECT_PHYSICAL,RIDGE_IDENTITY,100.0,structure_balanced_080,circular_single_hotspot,3,3.162277660168379e-07,3.517165396101559,0.23356739996437698
L224,DIRECT_PHYSICAL,RIDGE_IDENTITY,100.0,structure_balanced_080,circular_single_hotspot,4,3.162277660168379e-07,1.825232528208027,0.3871050694257929
L224,DIRECT_PHYSICAL,RIDGE_IDENTITY,100.0,structure_balanced_080,circular_single_hotspot,5,3.162277660168379e-07,0.5347025818744018,2.544418006508743
L224,DIRECT_PHYSICAL,RIDGE_IDENTITY,100.0,structure_balanced_080,circular_single_hotspot,6,3.162277660168379e-07,4.684154321961982,0.14221087290283851
L224,DIRECT_PHYSICAL,RIDGE_IDENTITY,100.0,structure_balanced_080,circular_single_hotspot,7,3.162277660168379e-07,1.6176007610874554,0.4337840565016499
L224,DIRECT_PHYSICAL,RIDGE_IDENTITY,100.0,structure_balanced_080,circular_two_hotspots,0,3.162277660168379e-07,2.6545734590838284,0.4386692683827511
L224,DIRECT_PHYSICAL,RIDGE_IDENTITY,100.0,structure_balanced_080,circular_two_hotspots,1,3.162277660168379e-07,2.632999120882751,0.38510629224730514
L224,DIRECT_PHYSICAL,RIDGE_IDENTITY,100.0,structure_balanced_080,circular_two_hotspots,2,3.162277660168379e-07,3.42473135468442,0.3692523538977325
L224,DIRECT_PHYSICAL,RIDGE_IDENTITY,100.0,structure_balanced_080,circular_two_hotspots,3,3.162277660168379e-07,3.97690545607294,0.2706452961742461
L224,DIRECT_PHYSICAL,RIDGE_IDENTITY,100.0,structure_balanced_080,circular_two_hotspots,4,3.162277660168379e-07,2.5162089165621584,0.6371027178110905
L224,DIRECT_PHYSICAL,RIDGE_IDENTITY,100.0,structure_balanced_080,circular_two_hotspots,5,3.162277660168379e-07,3.532443219107388,0.25816271951486325
L224,DIRECT_PHYSICAL,RIDGE_IDENTITY,100.0,structure_balanced_080,circular_two_hotspots,6,3.162277660168379e-07,3.054537967335838,0.32927430491883264
L224,DIRECT_PHYSICAL,RIDGE_IDENTITY,100.0,structure_balanced_080,circular_two_hotspots,7,3.162277660168379e-07,1.8079203357315978,0.4833216569451002
L224,DIRECT_PHYSICAL,RIDGE_IDENTITY,100.0,structure_balanced_080,circular_crescent,0,3.162277660168379e-07,3.6396839285309612,0.5983721282887406
L224,DIRECT_PHYSICAL,RIDGE_IDENTITY,100.0,structure_balanced_080,circular_crescent,1,3.162277660168379e-07,5.0029784541186695,0.41175347723584976
L224,DIRECT_PHYSICAL,RIDGE_IDENTITY,100.0,structure_balanced_080,circular_crescent,2,3.162277660168379e-07,4.4279682176743185,0.38412628716633457
L224,DIRECT_PHYSICAL,RIDGE_IDENTITY,100.0,structure_balanced_080,circular_crescent,3,3.162277660168379e-07,4.457178498117983,0.2517500435857323
L224,DIRECT_PHYSICAL,RIDGE_IDENTITY,100.0,structure_balanced_080,circular_crescent,4,3.162277660168379e-07,4.334271025755262,0.5920795350058617
L224,DIRECT_PHYSICAL,RIDGE_IDENTITY,100.0,structure_balanced_080,circular_crescent,5,3.162277660168379e-07,2.612892826396072,0.37663383394815125
L224,DIRECT_PHYSICAL,RIDGE_IDENTITY,100.0,structure_balanced_080,circular_crescent,6,3.162277660168379e-07,4.449118998133175,0.324455240562169
L224,DIRECT_PHYSICAL,RIDGE_IDENTITY,100.0,structure_balanced_080,circular_crescent,7,3.162277660168379e-07,3.450551432095738,0.32518796760956786
L224,DIRECT_PHYSICAL,RIDGE_IDENTITY,100.0,structure_balanced_080,plunging_hotspot,0,3.162277660168379e-07,0.8780230472111044,0.995689276399323
L224,DIRECT_PHYSICAL,RIDGE_IDENTITY,100.0,structure_balanced_080,plunging_hotspot,1,3.162277660168379e-07,1.0706858011772395,0.9876096509789857
L224,DIRECT_PHYSICAL,RIDGE_IDENTITY,100.0,structure_balanced_080,plunging_hotspot,2,3.162277660168379e-07,1.1759588573577942,0.9514674014827625
L224,DIRECT_PHYSICAL,RIDGE_IDENTITY,100.0,structure_balanced_080,plunging_hotspot,3,3.162277660168379e-07,1.1784186672020462,0.9626060056861826
L224,DIRECT_PHYSICAL,RIDGE_IDENTITY,100.0,structure_balanced_080,plunging_hotspot,4,3.162277660168379e-07,1.0729660097883933,0.9084261204123931
L224,DIRECT_PHYSICAL,RIDGE_IDENTITY,100.0,structure_balanced_080,plunging_hotspot,5,3.162277660168379e-07,1.0046662609985584,0.9325732267891715
L224,DIRECT_PHYSICAL,RIDGE_IDENTITY,100.0,structure_balanced_080,plunging_hotspot,6,3.162277660168379e-07,1.8663508131137205,0.7398639945889453
L224,DIRECT_PHYSICAL,RIDGE_IDENTITY,100.0,structure_balanced_080,plunging_hotspot,7,3.162277660168379e-07,1.817876043842455,0.9837230639176888
L224,DIRECT_PHYSICAL,RIDGE_IDENTITY,1000.0,constant_flux_structural,circular_single_hotspot,0,3.162277660168379e-07,14.639823308885745,0.3260038270488096
L224,DIRECT_PHYSICAL,RIDGE_IDENTITY,1000.0,constant_flux_structural,circular_single_hotspot,1,3.162277660168379e-07,10.68634737006599,0.33382526876320634
L224,DIRECT_PHYSICAL,RIDGE_IDENTITY,1000.0,constant_flux_structural,circular_single_hotspot,2,3.162277660168379e-07,8.372881314488422,0.22785495925584853
L224,DIRECT_PHYSICAL,RIDGE_IDENTITY,1000.0,constant_flux_structural,circular_single_hotspot,3,3.162277660168379e-07,14.919441341341697,0.391838267416307
L224,DIRECT_PHYSICAL,RIDGE_IDENTITY,1000.0,constant_flux_structural,circular_single_hotspot,4,3.162277660168379e-07,20.082913671019153,0.4250744665070426
L224,DIRECT_PHYSICAL,RIDGE_IDENTITY,1000.0,constant_flux_structural,circular_single_hotspot,5,3.162277660168379e-07,22.404440443615893,0.179335607423256
L224,DIRECT_PHYSICAL,RIDGE_IDENTITY,1000.0,constant_flux_structural,circular_single_hotspot,6,3.162277660168379e-07,11.045910593078698,0.3719052403709101
L224,DIRECT_PHYSICAL,RIDGE_IDENTITY,1000.0,constant_flux_structural,circular_single_hotspot,7,3.162277660168379e-07,19.931239805193965,0.352698578842362
L224,DIRECT_PHYSICAL,RIDGE_IDENTITY,1000.0,constant_flux_structural,circular_two_hotspots,0,3.162277660168379e-07,8.663033630610359,0.6674280619852413
L224,DIRECT_PHYSICAL,RIDGE_IDENTITY,1000.0,constant_flux_structural,circular_two_hotspots,1,3.162277660168379e-07,10.286850300405925,0.28376194999957816
L224,DIRECT_PHYSICAL,RIDGE_IDENTITY,1000.0,constant_flux_structural,circular_two_hotspots,2,3.162277660168379e-07,8.25479684344265,0.30800310457960794
L224,DIRECT_PHYSICAL,RIDGE_IDENTITY,1000.0,constant_flux_structural,circular_two_hotspots,3,3.162277660168379e-07,7.154616862990119,0.2032834686539042
L224,DIRECT_PHYSICAL,RIDGE_IDENTITY,1000.0,constant_flux_structural,circular_two_hotspots,4,3.162277660168379e-07,15.637418437310949,0.2956479613560116
L224,DIRECT_PHYSICAL,RIDGE_IDENTITY,1000.0,constant_flux_structural,circular_two_hotspots,5,3.162277660168379e-07,12.227192323262758,0.4546637624022204
L224,DIRECT_PHYSICAL,RIDGE_IDENTITY,1000.0,constant_flux_structural,circular_two_hotspots,6,3.162277660168379e-07,20.054830622754654,0.382261216247317
L224,DIRECT_PHYSICAL,RIDGE_IDENTITY,1000.0,constant_flux_structural,circular_two_hotspots,7,3.162277660168379e-07,13.21165521670114,0.36712787419993287
L224,DIRECT_PHYSICAL,RIDGE_IDENTITY,1000.0,constant_flux_structural,circular_crescent,0,3.162277660168379e-07,7.212976053991161,0.30040402206483297
L224,DIRECT_PHYSICAL,RIDGE_IDENTITY,1000.0,constant_flux_structural,circular_crescent,1,3.162277660168379e-07,14.227079507170934,0.1377237761833179
L224,DIRECT_PHYSICAL,RIDGE_IDENTITY,1000.0,constant_flux_structural,circular_crescent,2,3.162277660168379e-07,9.71732041321117,0.5360597820789794
L224,DIRECT_PHYSICAL,RIDGE_IDENTITY,1000.0,constant_flux_structural,circular_crescent,3,3.162277660168379e-07,13.218692686341711,0.14119823262313236
L224,DIRECT_PHYSICAL,RIDGE_IDENTITY,1000.0,constant_flux_structural,circular_crescent,4,3.162277660168379e-07,8.978798056571595,0.3302231777327804
L224,DIRECT_PHYSICAL,RIDGE_IDENTITY,1000.0,constant_flux_structural,circular_crescent,5,3.162277660168379e-07,8.63214178547749,0.40372198892504374
L224,DIRECT_PHYSICAL,RIDGE_IDENTITY,1000.0,constant_flux_structural,circular_crescent,6,3.162277660168379e-07,9.254315032801571,0.06928062936975549
L224,DIRECT_PHYSICAL,RIDGE_IDENTITY,1000.0,constant_flux_structural,circular_crescent,7,3.162277660168379e-07,6.887032392425622,0.3485654507247496
L224,DIRECT_PHYSICAL,RIDGE_IDENTITY,1000.0,constant_flux_structural,plunging_hotspot,0,3.162277660168379e-07,27.691462298725178,0.8365608453983312
L224,DIRECT_PHYSICAL,RIDGE_IDENTITY,1000.0,constant_flux_structural,plunging_hotspot,1,3.162277660168379e-07,26.844465359925508,0.5432705894955698
L224,DIRECT_PHYSICAL,RIDGE_IDENTITY,1000.0,constant_flux_structural,plunging_hotspot,2,3.162277660168379e-07,34.81901306787657,0.8294181167374841
L224,DIRECT_PHYSICAL,RIDGE_IDENTITY,1000.0,constant_flux_structural,plunging_hotspot,3,3.162277660168379e-07,38.92474207278133,0.901827085856958
L224,DIRECT_PHYSICAL,RIDGE_IDENTITY,1000.0,constant_flux_structural,plunging_hotspot,4,3.162277660168379e-07,24.576097579975986,0.5583663492612303
L224,DIRECT_PHYSICAL,RIDGE_IDENTITY,1000.0,constant_flux_structural,plunging_hotspot,5,3.162277660168379e-07,18.180739858360333,0.32516996100271073
L224,DIRECT_PHYSICAL,RIDGE_IDENTITY,1000.0,constant_flux_structural,plunging_hotspot,6,3.162277660168379e-07,23.48632271782015,0.45562683972697615
L224,DIRECT_PHYSICAL,RIDGE_IDENTITY,1000.0,constant_flux_structural,plunging_hotspot,7,3.162277660168379e-07,23.796368311466455,0.4979569001788068
L224,DIRECT_PHYSICAL,RIDGE_IDENTITY,1000.0,structure_balanced_050,circular_single_hotspot,0,3.162277660168379e-07,1.745295612140811,0.27643615181552394
L224,DIRECT_PHYSICAL,RIDGE_IDENTITY,1000.0,structure_balanced_050,circular_single_hotspot,1,3.162277660168379e-07,2.9523721762862305,0.6316739100721634
L224,DIRECT_PHYSICAL,RIDGE_IDENTITY,1000.0,structure_balanced_050,circular_single_hotspot,2,3.162277660168379e-07,1.1437928009869363,0.43764795004015505
L224,DIRECT_PHYSICAL,RIDGE_IDENTITY,1000.0,structure_balanced_050,circular_single_hotspot,3,3.162277660168379e-07,2.2824390346207784,0.36345807327190616
L224,DIRECT_PHYSICAL,RIDGE_IDENTITY,1000.0,structure_balanced_050,circular_single_hotspot,4,3.162277660168379e-07,3.040285613719754,0.1609248970185394
L224,DIRECT_PHYSICAL,RIDGE_IDENTITY,1000.0,structure_balanced_050,circular_single_hotspot,5,3.162277660168379e-07,0.9087344327291683,0.38339126700734427
L224,DIRECT_PHYSICAL,RIDGE_IDENTITY,1000.0,structure_balanced_050,circular_single_hotspot,6,3.162277660168379e-07,4.104080381691959,0.5287665755077687
L224,DIRECT_PHYSICAL,RIDGE_IDENTITY,1000.0,structure_balanced_050,circular_single_hotspot,7,3.162277660168379e-07,0.3040224122430152,0.47932566801809834
L224,DIRECT_PHYSICAL,RIDGE_IDENTITY,1000.0,structure_balanced_050,circular_two_hotspots,0,3.162277660168379e-07,3.084402018710404,0.3486041662384219
L224,DIRECT_PHYSICAL,RIDGE_IDENTITY,1000.0,structure_balanced_050,circular_two_hotspots,1,3.162277660168379e-07,3.619542466941642,0.6727772399910081
L224,DIRECT_PHYSICAL,RIDGE_IDENTITY,1000.0,structure_balanced_050,circular_two_hotspots,2,3.162277660168379e-07,4.114570370789819,0.1939447445736341
L224,DIRECT_PHYSICAL,RIDGE_IDENTITY,1000.0,structure_balanced_050,circular_two_hotspots,3,3.162277660168379e-07,3.3032311296121595,0.39187952773572426
L224,DIRECT_PHYSICAL,RIDGE_IDENTITY,1000.0,structure_balanced_050,circular_two_hotspots,4,3.162277660168379e-07,2.717089295706763,0.442575659796825
L224,DIRECT_PHYSICAL,RIDGE_IDENTITY,1000.0,structure_balanced_050,circular_two_hotspots,5,3.162277660168379e-07,5.852853294092805,0.5145421564836294
L224,DIRECT_PHYSICAL,RIDGE_IDENTITY,1000.0,structure_balanced_050,circular_two_hotspots,6,3.162277660168379e-07,3.995726037814793,0.45761832007441594
L224,DIRECT_PHYSICAL,RIDGE_IDENTITY,1000.0,structure_balanced_050,circular_two_hotspots,7,3.162277660168379e-07,2.2739191339841147,0.36912885325781597
L224,DIRECT_PHYSICAL,RIDGE_IDENTITY,1000.0,structure_balanced_050,circular_crescent,0,3.162277660168379e-07,3.48191495555167,0.22295447021058315
L224,DIRECT_PHYSICAL,RIDGE_IDENTITY,1000.0,structure_balanced_050,circular_crescent,1,3.162277660168379e-07,3.5086048937028393,0.2826297283844453
L224,DIRECT_PHYSICAL,RIDGE_IDENTITY,1000.0,structure_balanced_050,circular_crescent,2,3.162277660168379e-07,4.324574863891701,0.24159366516930603
L224,DIRECT_PHYSICAL,RIDGE_IDENTITY,1000.0,structure_balanced_050,circular_crescent,3,3.162277660168379e-07,6.541624852735702,0.5589529459899716
L224,DIRECT_PHYSICAL,RIDGE_IDENTITY,1000.0,structure_balanced_050,circular_crescent,4,3.162277660168379e-07,4.046063527435077,0.39179596262144434
L224,DIRECT_PHYSICAL,RIDGE_IDENTITY,1000.0,structure_balanced_050,circular_crescent,5,3.162277660168379e-07,2.656361111978918,0.3404215606409038
L224,DIRECT_PHYSICAL,RIDGE_IDENTITY,1000.0,structure_balanced_050,circular_crescent,6,3.162277660168379e-07,3.420771480538408,0.264565435441755
L224,DIRECT_PHYSICAL,RIDGE_IDENTITY,1000.0,structure_balanced_050,circular_crescent,7,3.162277660168379e-07,3.3323921893195596,0.3692956701719628
L224,DIRECT_PHYSICAL,RIDGE_IDENTITY,1000.0,structure_balanced_050,plunging_hotspot,0,3.162277660168379e-07,0.46478732821303,0.8129759293607444
L224,DIRECT_PHYSICAL,RIDGE_IDENTITY,1000.0,structure_balanced_050,plunging_hotspot,1,3.162277660168379e-07,0.6592697939268259,0.5679798262903522
L224,DIRECT_PHYSICAL,RIDGE_IDENTITY,1000.0,structure_balanced_050,plunging_hotspot,2,3.162277660168379e-07,1.7272357630136235,0.6847183195398486
L224,DIRECT_PHYSICAL,RIDGE_IDENTITY,1000.0,structure_balanced_050,plunging_hotspot,3,3.162277660168379e-07,0.8199750928167482,0.9284438698205592
L224,DIRECT_PHYSICAL,RIDGE_IDENTITY,1000.0,structure_balanced_050,plunging_hotspot,4,3.162277660168379e-07,0.9197360753354251,0.31533210410334145
L224,DIRECT_PHYSICAL,RIDGE_IDENTITY,1000.0,structure_balanced_050,plunging_hotspot,5,3.162277660168379e-07,1.0429947550860388,1.0311781055995144
L224,DIRECT_PHYSICAL,RIDGE_IDENTITY,1000.0,structure_balanced_050,plunging_hotspot,6,3.162277660168379e-07,1.8582093101990007,0.6120566844410955
L224,DIRECT_PHYSICAL,RIDGE_IDENTITY,1000.0,structure_balanced_050,plunging_hotspot,7,3.162277660168379e-07,1.2391430664618137,0.519413579915066
L224,DIRECT_PHYSICAL,RIDGE_IDENTITY,1000.0,structure_balanced_080,circular_single_hotspot,0,3.162277660168379e-07,1.646465056163798,0.12058443376970979
L224,DIRECT_PHYSICAL,RIDGE_IDENTITY,1000.0,structure_balanced_080,circular_single_hotspot,1,3.162277660168379e-07,4.339588542748417,0.5972276907001766
L224,DIRECT_PHYSICAL,RIDGE_IDENTITY,1000.0,structure_balanced_080,circular_single_hotspot,2,3.162277660168379e-07,0.8091939835569986,0.4248098465745618
L224,DIRECT_PHYSICAL,RIDGE_IDENTITY,1000.0,structure_balanced_080,circular_single_hotspot,3,3.162277660168379e-07,3.471203367028643,0.11657378986543294
L224,DIRECT_PHYSICAL,RIDGE_IDENTITY,1000.0,structure_balanced_080,circular_single_hotspot,4,3.162277660168379e-07,1.749567808792578,0.15517433987161822
L224,DIRECT_PHYSICAL,RIDGE_IDENTITY,1000.0,structure_balanced_080,circular_single_hotspot,5,3.162277660168379e-07,0.2971834246891127,0.46789089827027175
L224,DIRECT_PHYSICAL,RIDGE_IDENTITY,1000.0,structure_balanced_080,circular_single_hotspot,6,3.162277660168379e-07,4.67111725454245,0.09960629888072212
L224,DIRECT_PHYSICAL,RIDGE_IDENTITY,1000.0,structure_balanced_080,circular_single_hotspot,7,3.162277660168379e-07,1.5785928343233437,0.22421938376177147
L224,DIRECT_PHYSICAL,RIDGE_IDENTITY,1000.0,structure_balanced_080,circular_two_hotspots,0,3.162277660168379e-07,2.6179950283041014,0.3259668238769975
L224,DIRECT_PHYSICAL,RIDGE_IDENTITY,1000.0,structure_balanced_080,circular_two_hotspots,1,3.162277660168379e-07,2.551313912702949,0.26310721351383615
L224,DIRECT_PHYSICAL,RIDGE_IDENTITY,1000.0,structure_balanced_080,circular_two_hotspots,2,3.162277660168379e-07,3.3846860358967756,0.3242087601019551
L224,DIRECT_PHYSICAL,RIDGE_IDENTITY,1000.0,structure_balanced_080,circular_two_hotspots,3,3.162277660168379e-07,3.937181504782855,0.24300014489890623
L224,DIRECT_PHYSICAL,RIDGE_IDENTITY,1000.0,structure_balanced_080,circular_two_hotspots,4,3.162277660168379e-07,2.470785667663412,0.5793213133728636
L224,DIRECT_PHYSICAL,RIDGE_IDENTITY,1000.0,structure_balanced_080,circular_two_hotspots,5,3.162277660168379e-07,3.4843883795470263,0.13944982272246886
L224,DIRECT_PHYSICAL,RIDGE_IDENTITY,1000.0,structure_balanced_080,circular_two_hotspots,6,3.162277660168379e-07,2.9487777802450994,0.2213235611599351
L224,DIRECT_PHYSICAL,RIDGE_IDENTITY,1000.0,structure_balanced_080,circular_two_hotspots,7,3.162277660168379e-07,1.7466014214741448,0.37898553306696103
L224,DIRECT_PHYSICAL,RIDGE_IDENTITY,1000.0,structure_balanced_080,circular_crescent,0,3.162277660168379e-07,3.6085752056147875,0.5523348113048915
L224,DIRECT_PHYSICAL,RIDGE_IDENTITY,1000.0,structure_balanced_080,circular_crescent,1,3.162277660168379e-07,5.011379213354484,0.4065687524149637
L224,DIRECT_PHYSICAL,RIDGE_IDENTITY,1000.0,structure_balanced_080,circular_crescent,2,3.162277660168379e-07,4.407045389066529,0.33926712009355064
L224,DIRECT_PHYSICAL,RIDGE_IDENTITY,1000.0,structure_balanced_080,circular_crescent,3,3.162277660168379e-07,4.432449521509964,0.22721885871810127
L224,DIRECT_PHYSICAL,RIDGE_IDENTITY,1000.0,structure_balanced_080,circular_crescent,4,3.162277660168379e-07,4.313217184065866,0.5738375820467259
L224,DIRECT_PHYSICAL,RIDGE_IDENTITY,1000.0,structure_balanced_080,circular_crescent,5,3.162277660168379e-07,2.52237332212958,0.2724277446108738
L224,DIRECT_PHYSICAL,RIDGE_IDENTITY,1000.0,structure_balanced_080,circular_crescent,6,3.162277660168379e-07,4.438503679539091,0.27354332828981964
L224,DIRECT_PHYSICAL,RIDGE_IDENTITY,1000.0,structure_balanced_080,circular_crescent,7,3.162277660168379e-07,3.440101106165703,0.28373368799405185
L224,DIRECT_PHYSICAL,RIDGE_IDENTITY,1000.0,structure_balanced_080,plunging_hotspot,0,3.162277660168379e-07,0.7221601091476595,0.3702095573484101
L224,DIRECT_PHYSICAL,RIDGE_IDENTITY,1000.0,structure_balanced_080,plunging_hotspot,1,3.162277660168379e-07,1.0003683339288096,0.7580134421271709
L224,DIRECT_PHYSICAL,RIDGE_IDENTITY,1000.0,structure_balanced_080,plunging_hotspot,2,3.162277660168379e-07,1.1164433322432994,0.6796055084429993
L224,DIRECT_PHYSICAL,RIDGE_IDENTITY,1000.0,structure_balanced_080,plunging_hotspot,3,3.162277660168379e-07,1.0740677329943233,0.37156487627344464
L224,DIRECT_PHYSICAL,RIDGE_IDENTITY,1000.0,structure_balanced_080,plunging_hotspot,4,3.162277660168379e-07,0.9839670254342335,0.49940433171604026
L224,DIRECT_PHYSICAL,RIDGE_IDENTITY,1000.0,structure_balanced_080,plunging_hotspot,5,3.162277660168379e-07,0.9525728194808646,0.5137600191601964
L224,DIRECT_PHYSICAL,RIDGE_IDENTITY,1000.0,structure_balanced_080,plunging_hotspot,6,3.162277660168379e-07,1.7850762259167028,0.5273987121394457
L224,DIRECT_PHYSICAL,RIDGE_IDENTITY,1000.0,structure_balanced_080,plunging_hotspot,7,3.162277660168379e-07,1.7640742571124663,0.7726178965717958
L224,RESOLVED_PHYSICAL,TSVD,100.0,constant_flux_structural,circular_single_hotspot,0,0.00031622776601683794,6.847477035231175,0.38916068573666224
L224,RESOLVED_PHYSICAL,TSVD,100.0,constant_flux_structural,circular_single_hotspot,1,0.00031622776601683794,3.9862299049504055,0.3755612186611169
L224,RESOLVED_PHYSICAL,TSVD,100.0,constant_flux_structural,circular_single_hotspot,2,0.00031622776601683794,4.490554274079942,0.2667095501650845
L224,RESOLVED_PHYSICAL,TSVD,100.0,constant_flux_structural,circular_single_hotspot,3,0.00031622776601683794,3.9848800947751224,0.44867709304753745
L224,RESOLVED_PHYSICAL,TSVD,100.0,constant_flux_structural,circular_single_hotspot,4,0.00031622776601683794,9.738357485392113,0.5247454391320253
L224,RESOLVED_PHYSICAL,TSVD,100.0,constant_flux_structural,circular_single_hotspot,5,0.00031622776601683794,11.300743924768696,0.19330556127315365
L224,RESOLVED_PHYSICAL,TSVD,100.0,constant_flux_structural,circular_single_hotspot,6,0.00031622776601683794,3.7094430009970303,0.4085355940463185
L224,RESOLVED_PHYSICAL,TSVD,100.0,constant_flux_structural,circular_single_hotspot,7,0.00031622776601683794,9.475542909465657,0.42127009112821806
L224,RESOLVED_PHYSICAL,TSVD,100.0,constant_flux_structural,circular_two_hotspots,0,0.00031622776601683794,4.936471813375768,0.675932482482853
L224,RESOLVED_PHYSICAL,TSVD,100.0,constant_flux_structural,circular_two_hotspots,1,0.00031622776601683794,3.741759014088178,0.3441617747376016
L224,RESOLVED_PHYSICAL,TSVD,100.0,constant_flux_structural,circular_two_hotspots,2,0.00031622776601683794,4.8147734785956775,0.37156536543602425
L224,RESOLVED_PHYSICAL,TSVD,100.0,constant_flux_structural,circular_two_hotspots,3,0.00031622776601683794,3.1891408941697925,0.243938980421895
L224,RESOLVED_PHYSICAL,TSVD,100.0,constant_flux_structural,circular_two_hotspots,4,0.00031622776601683794,5.519185977614278,0.38453972868266734
L224,RESOLVED_PHYSICAL,TSVD,100.0,constant_flux_structural,circular_two_hotspots,5,0.00031622776601683794,3.735083689786417,0.499344814508129
L224,RESOLVED_PHYSICAL,TSVD,100.0,constant_flux_structural,circular_two_hotspots,6,0.00031622776601683794,9.572545891162523,0.4651540118689582
L224,RESOLVED_PHYSICAL,TSVD,100.0,constant_flux_structural,circular_two_hotspots,7,0.00031622776601683794,4.835306177329898,0.4236887256434943
L224,RESOLVED_PHYSICAL,TSVD,100.0,constant_flux_structural,circular_crescent,0,0.00031622776601683794,3.708684102382992,0.3199969429926176
L224,RESOLVED_PHYSICAL,TSVD,100.0,constant_flux_structural,circular_crescent,1,0.00031622776601683794,5.815256319763339,0.15278023644905267
L224,RESOLVED_PHYSICAL,TSVD,100.0,constant_flux_structural,circular_crescent,2,0.00031622776601683794,4.3762110096175055,0.541714710235766
L224,RESOLVED_PHYSICAL,TSVD,100.0,constant_flux_structural,circular_crescent,3,0.00031622776601683794,4.3918796143001515,0.1824060343056118
L224,RESOLVED_PHYSICAL,TSVD,100.0,constant_flux_structural,circular_crescent,4,0.00031622776601683794,4.836063051685693,0.33221591775558
L224,RESOLVED_PHYSICAL,TSVD,100.0,constant_flux_structural,circular_crescent,5,0.00031622776601683794,2.411824151448118,0.4401438812674598
L224,RESOLVED_PHYSICAL,TSVD,100.0,constant_flux_structural,circular_crescent,6,0.00031622776601683794,4.6717330121407805,0.10964725761355726
L224,RESOLVED_PHYSICAL,TSVD,100.0,constant_flux_structural,circular_crescent,7,0.00031622776601683794,3.75673275647673,0.41351941958391697
L224,RESOLVED_PHYSICAL,TSVD,100.0,constant_flux_structural,plunging_hotspot,0,0.00031622776601683794,16.941314689781983,0.8627874187395822
L224,RESOLVED_PHYSICAL,TSVD,100.0,constant_flux_structural,plunging_hotspot,1,0.00031622776601683794,20.78446769685273,0.5624822221258341
L224,RESOLVED_PHYSICAL,TSVD,100.0,constant_flux_structural,plunging_hotspot,2,0.00031622776601683794,29.162375728690815,0.8467611944062094
L224,RESOLVED_PHYSICAL,TSVD,100.0,constant_flux_structural,plunging_hotspot,3,0.00031622776601683794,33.45278774401164,0.9287392355493114
L224,RESOLVED_PHYSICAL,TSVD,100.0,constant_flux_structural,plunging_hotspot,4,0.00031622776601683794,14.218862109161869,0.5994846593571838
L224,RESOLVED_PHYSICAL,TSVD,100.0,constant_flux_structural,plunging_hotspot,5,0.00031622776601683794,9.719649001545744,0.33461284014864445
L224,RESOLVED_PHYSICAL,TSVD,100.0,constant_flux_structural,plunging_hotspot,6,0.00031622776601683794,17.849724746529937,0.45406586329145043
L224,RESOLVED_PHYSICAL,TSVD,100.0,constant_flux_structural,plunging_hotspot,7,0.00031622776601683794,18.308573405927316,0.5070297893425455
L224,RESOLVED_PHYSICAL,TSVD,100.0,structure_balanced_050,circular_single_hotspot,0,0.00031622776601683794,2.1533472600045007,0.6215311225046801
L224,RESOLVED_PHYSICAL,TSVD,100.0,structure_balanced_050,circular_single_hotspot,1,0.00031622776601683794,2.899445942894645,0.7072575118521861
L224,RESOLVED_PHYSICAL,TSVD,100.0,structure_balanced_050,circular_single_hotspot,2,0.00031622776601683794,2.2148058363955485,0.830166007832932
L224,RESOLVED_PHYSICAL,TSVD,100.0,structure_balanced_050,circular_single_hotspot,3,0.00031622776601683794,2.2795538244051734,0.5478761502463778
L224,RESOLVED_PHYSICAL,TSVD,100.0,structure_balanced_050,circular_single_hotspot,4,0.00031622776601683794,2.2911146605923896,0.3797273383773258
L224,RESOLVED_PHYSICAL,TSVD,100.0,structure_balanced_050,circular_single_hotspot,5,0.00031622776601683794,2.0651798258176464,0.9788222297677747
L224,RESOLVED_PHYSICAL,TSVD,100.0,structure_balanced_050,circular_single_hotspot,6,0.00031622776601683794,2.299344069550597,0.61731256100878
L224,RESOLVED_PHYSICAL,TSVD,100.0,structure_balanced_050,circular_single_hotspot,7,0.00031622776601683794,1.9694322400881357,2.3616459781210213
L224,RESOLVED_PHYSICAL,TSVD,100.0,structure_balanced_050,circular_two_hotspots,0,0.00031622776601683794,2.6028249178712173,0.48068152481103743
L224,RESOLVED_PHYSICAL,TSVD,100.0,structure_balanced_050,circular_two_hotspots,1,0.00031622776601683794,2.25917025502286,0.8148704026998519
L224,RESOLVED_PHYSICAL,TSVD,100.0,structure_balanced_050,circular_two_hotspots,2,0.00031622776601683794,2.595053312659118,0.34169483038413334
L224,RESOLVED_PHYSICAL,TSVD,100.0,structure_balanced_050,circular_two_hotspots,3,0.00031622776601683794,2.368403658245901,0.4947346268789367
L224,RESOLVED_PHYSICAL,TSVD,100.0,structure_balanced_050,circular_two_hotspots,4,0.00031622776601683794,2.334398567823883,0.515186321552725
L224,RESOLVED_PHYSICAL,TSVD,100.0,structure_balanced_050,circular_two_hotspots,5,0.00031622776601683794,3.7668121878912824,0.523833191794805
L224,RESOLVED_PHYSICAL,TSVD,100.0,structure_balanced_050,circular_two_hotspots,6,0.00031622776601683794,2.748209418113462,0.48685406076814886
L224,RESOLVED_PHYSICAL,TSVD,100.0,structure_balanced_050,circular_two_hotspots,7,0.00031622776601683794,2.302538865046759,0.4222634008659379
L224,RESOLVED_PHYSICAL,TSVD,100.0,structure_balanced_050,circular_crescent,0,0.00031622776601683794,2.5820696471045097,0.3504102317362061
L224,RESOLVED_PHYSICAL,TSVD,100.0,structure_balanced_050,circular_crescent,1,0.00031622776601683794,2.4716817664661135,0.3760945371819056
L224,RESOLVED_PHYSICAL,TSVD,100.0,structure_balanced_050,circular_crescent,2,0.00031622776601683794,2.811352054453589,0.3426335505424682
L224,RESOLVED_PHYSICAL,TSVD,100.0,structure_balanced_050,circular_crescent,3,0.00031622776601683794,4.196202149690256,0.5875066904930016
L224,RESOLVED_PHYSICAL,TSVD,100.0,structure_balanced_050,circular_crescent,4,0.00031622776601683794,2.7850870086428348,0.43963964997798544
L224,RESOLVED_PHYSICAL,TSVD,100.0,structure_balanced_050,circular_crescent,5,0.00031622776601683794,2.2484945136776906,0.5276160318152818
L224,RESOLVED_PHYSICAL,TSVD,100.0,structure_balanced_050,circular_crescent,6,0.00031622776601683794,2.2138925114620296,0.35982816106804805
L224,RESOLVED_PHYSICAL,TSVD,100.0,structure_balanced_050,circular_crescent,7,0.00031622776601683794,2.582878269465035,0.4077663215902865
L224,RESOLVED_PHYSICAL,TSVD,100.0,structure_balanced_050,plunging_hotspot,0,0.00031622776601683794,1.7525652398970144,2.3046276744486267
L224,RESOLVED_PHYSICAL,TSVD,100.0,structure_balanced_050,plunging_hotspot,1,0.00031622776601683794,2.103451179935062,1.8168196645571617
L224,RESOLVED_PHYSICAL,TSVD,100.0,structure_balanced_050,plunging_hotspot,2,0.00031622776601683794,2.1766594412164793,0.80268291175575
L224,RESOLVED_PHYSICAL,TSVD,100.0,structure_balanced_050,plunging_hotspot,3,0.00031622776601683794,1.9414169799123007,1.9400592331717905
L224,RESOLVED_PHYSICAL,TSVD,100.0,structure_balanced_050,plunging_hotspot,4,0.00031622776601683794,1.880572492759464,1.2833922406347065
L224,RESOLVED_PHYSICAL,TSVD,100.0,structure_balanced_050,plunging_hotspot,5,0.00031622776601683794,1.7392148308509858,1.7306484548887524
L224,RESOLVED_PHYSICAL,TSVD,100.0,structure_balanced_050,plunging_hotspot,6,0.00031622776601683794,2.3369839996291284,0.9355785548420317
L224,RESOLVED_PHYSICAL,TSVD,100.0,structure_balanced_050,plunging_hotspot,7,0.00031622776601683794,2.1240367734679437,1.1723955814134266
L224,RESOLVED_PHYSICAL,TSVD,100.0,structure_balanced_080,circular_single_hotspot,0,0.00031622776601683794,1.9735663224719038,0.5978843117774665
L224,RESOLVED_PHYSICAL,TSVD,100.0,structure_balanced_080,circular_single_hotspot,1,0.00031622776601683794,2.826567254488613,0.6243718865962671
L224,RESOLVED_PHYSICAL,TSVD,100.0,structure_balanced_080,circular_single_hotspot,2,0.00031622776601683794,1.6456678205644537,1.6080785397718222
L224,RESOLVED_PHYSICAL,TSVD,100.0,structure_balanced_080,circular_single_hotspot,3,0.00031622776601683794,1.858563515088772,0.28352819358033754
L224,RESOLVED_PHYSICAL,TSVD,100.0,structure_balanced_080,circular_single_hotspot,4,0.00031622776601683794,2.2688458925642316,0.4953436941774437
L224,RESOLVED_PHYSICAL,TSVD,100.0,structure_balanced_080,circular_single_hotspot,5,0.00031622776601683794,2.1150325320475183,3.5820563198689994
L224,RESOLVED_PHYSICAL,TSVD,100.0,structure_balanced_080,circular_single_hotspot,6,0.00031622776601683794,3.191906068995084,0.1904988283961877
L224,RESOLVED_PHYSICAL,TSVD,100.0,structure_balanced_080,circular_single_hotspot,7,0.00031622776601683794,1.933422819005258,0.5212041471616814
L224,RESOLVED_PHYSICAL,TSVD,100.0,structure_balanced_080,circular_two_hotspots,0,0.00031622776601683794,2.1715707752520794,0.5533256143943202
L224,RESOLVED_PHYSICAL,TSVD,100.0,structure_balanced_080,circular_two_hotspots,1,0.00031622776601683794,2.2492915353548026,0.5291491640860587
L224,RESOLVED_PHYSICAL,TSVD,100.0,structure_balanced_080,circular_two_hotspots,2,0.00031622776601683794,2.3787014481997986,0.44180103333946713
L224,RESOLVED_PHYSICAL,TSVD,100.0,structure_balanced_080,circular_two_hotspots,3,0.00031622776601683794,2.6560417589768885,0.3338621168603847
L224,RESOLVED_PHYSICAL,TSVD,100.0,structure_balanced_080,circular_two_hotspots,4,0.00031622776601683794,2.402578967045476,0.6839153829770405
L224,RESOLVED_PHYSICAL,TSVD,100.0,structure_balanced_080,circular_two_hotspots,5,0.00031622776601683794,2.4694118372569664,0.3022448935160188
L224,RESOLVED_PHYSICAL,TSVD,100.0,structure_balanced_080,circular_two_hotspots,6,0.00031622776601683794,2.43170023248328,0.39261408169178236
L224,RESOLVED_PHYSICAL,TSVD,100.0,structure_balanced_080,circular_two_hotspots,7,0.00031622776601683794,1.8625521671889715,0.5595215630858229
L224,RESOLVED_PHYSICAL,TSVD,100.0,structure_balanced_080,circular_crescent,0,0.00031622776601683794,2.703031227336255,0.6459864566465173
L224,RESOLVED_PHYSICAL,TSVD,100.0,structure_balanced_080,circular_crescent,1,0.00031622776601683794,3.4383485816729893,0.443298354182542
L224,RESOLVED_PHYSICAL,TSVD,100.0,structure_balanced_080,circular_crescent,2,0.00031622776601683794,2.6478238421518,0.4004717651920714
L224,RESOLVED_PHYSICAL,TSVD,100.0,structure_balanced_080,circular_crescent,3,0.00031622776601683794,2.2715743592717015,0.31025429365761303
L224,RESOLVED_PHYSICAL,TSVD,100.0,structure_balanced_080,circular_crescent,4,0.00031622776601683794,2.494725176524786,0.6221648394649746
L224,RESOLVED_PHYSICAL,TSVD,100.0,structure_balanced_080,circular_crescent,5,0.00031622776601683794,2.5230364687131726,0.46277787787284724
L224,RESOLVED_PHYSICAL,TSVD,100.0,structure_balanced_080,circular_crescent,6,0.00031622776601683794,2.242603346191371,0.37571405920342776
L224,RESOLVED_PHYSICAL,TSVD,100.0,structure_balanced_080,circular_crescent,7,0.00031622776601683794,2.451237343219759,0.3900615666856669
L224,RESOLVED_PHYSICAL,TSVD,100.0,structure_balanced_080,plunging_hotspot,0,0.00031622776601683794,1.7889811718984245,1.2386887121703254
L224,RESOLVED_PHYSICAL,TSVD,100.0,structure_balanced_080,plunging_hotspot,1,0.00031622776601683794,2.6193712329712944,1.3057241480666628
L224,RESOLVED_PHYSICAL,TSVD,100.0,structure_balanced_080,plunging_hotspot,2,0.00031622776601683794,2.1543261100765996,1.2112738702687933
L224,RESOLVED_PHYSICAL,TSVD,100.0,structure_balanced_080,plunging_hotspot,3,0.00031622776601683794,2.1762727080722284,1.1502855107998031
L224,RESOLVED_PHYSICAL,TSVD,100.0,structure_balanced_080,plunging_hotspot,4,0.00031622776601683794,1.9837935778615323,1.0184930570379005
L224,RESOLVED_PHYSICAL,TSVD,100.0,structure_balanced_080,plunging_hotspot,5,0.00031622776601683794,1.841879372441578,1.248150957403996
L224,RESOLVED_PHYSICAL,TSVD,100.0,structure_balanced_080,plunging_hotspot,6,0.00031622776601683794,2.2472866580003013,0.8621452119319968
L224,RESOLVED_PHYSICAL,TSVD,100.0,structure_balanced_080,plunging_hotspot,7,0.00031622776601683794,2.7181387822101604,1.1709603002148137
L224,RESOLVED_PHYSICAL,TSVD,1000.0,constant_flux_structural,circular_single_hotspot,0,0.00031622776601683794,6.497623760376951,0.39214602326122683
L224,RESOLVED_PHYSICAL,TSVD,1000.0,constant_flux_structural,circular_single_hotspot,1,0.00031622776601683794,3.3877105002146455,0.36762013056387266
L224,RESOLVED_PHYSICAL,TSVD,1000.0,constant_flux_structural,circular_single_hotspot,2,0.00031622776601683794,3.770016259403171,0.25720510325848944
L224,RESOLVED_PHYSICAL,TSVD,1000.0,constant_flux_structural,circular_single_hotspot,3,0.00031622776601683794,3.3713779998868567,0.45029336353049615
L224,RESOLVED_PHYSICAL,TSVD,1000.0,constant_flux_structural,circular_single_hotspot,4,0.00031622776601683794,9.548799792242555,0.5264135043093794
L224,RESOLVED_PHYSICAL,TSVD,1000.0,constant_flux_structural,circular_single_hotspot,5,0.00031622776601683794,10.972821565037105,0.18993470921686353
L224,RESOLVED_PHYSICAL,TSVD,1000.0,constant_flux_structural,circular_single_hotspot,6,0.00031622776601683794,3.18085937258655,0.41509367008982845
L224,RESOLVED_PHYSICAL,TSVD,1000.0,constant_flux_structural,circular_single_hotspot,7,0.00031622776601683794,9.295795353898617,0.4133407957049811
L224,RESOLVED_PHYSICAL,TSVD,1000.0,constant_flux_structural,circular_two_hotspots,0,0.00031622776601683794,4.147206128532388,0.6684440196322334
L224,RESOLVED_PHYSICAL,TSVD,1000.0,constant_flux_structural,circular_two_hotspots,1,0.00031622776601683794,3.000646742727824,0.3241691031301455
L224,RESOLVED_PHYSICAL,TSVD,1000.0,constant_flux_structural,circular_two_hotspots,2,0.00031622776601683794,4.162505852604077,0.359641955801095
L224,RESOLVED_PHYSICAL,TSVD,1000.0,constant_flux_structural,circular_two_hotspots,3,0.00031622776601683794,2.5435598436287163,0.22698577233256295
L224,RESOLVED_PHYSICAL,TSVD,1000.0,constant_flux_structural,circular_two_hotspots,4,0.00031622776601683794,5.24601045565241,0.36516544021310066
L224,RESOLVED_PHYSICAL,TSVD,1000.0,constant_flux_structural,circular_two_hotspots,5,0.00031622776601683794,3.0575461319118746,0.49398777558431306
L224,RESOLVED_PHYSICAL,TSVD,1000.0,constant_flux_structural,circular_two_hotspots,6,0.00031622776601683794,9.43934508103397,0.4678463981307912
L224,RESOLVED_PHYSICAL,TSVD,1000.0,constant_flux_structural,circular_two_hotspots,7,0.00031622776601683794,4.341364978934127,0.43915149346339066
L224,RESOLVED_PHYSICAL,TSVD,1000.0,constant_flux_structural,circular_crescent,0,0.00031622776601683794,2.8944943367531337,0.30857948506259814
L224,RESOLVED_PHYSICAL,TSVD,1000.0,constant_flux_structural,circular_crescent,1,0.00031622776601683794,5.149678699519657,0.14435152232219264
L224,RESOLVED_PHYSICAL,TSVD,1000.0,constant_flux_structural,circular_crescent,2,0.00031622776601683794,3.8019269218369804,0.5299957991902576
L224,RESOLVED_PHYSICAL,TSVD,1000.0,constant_flux_structural,circular_crescent,3,0.00031622776601683794,3.9136753311998733,0.15849714364770845
L224,RESOLVED_PHYSICAL,TSVD,1000.0,constant_flux_structural,circular_crescent,4,0.00031622776601683794,4.2229615121535655,0.3183388460280845
L224,RESOLVED_PHYSICAL,TSVD,1000.0,constant_flux_structural,circular_crescent,5,0.00031622776601683794,1.3274169378210363,0.4359301557569204
L224,RESOLVED_PHYSICAL,TSVD,1000.0,constant_flux_structural,circular_crescent,6,0.00031622776601683794,4.048871290432974,0.044604890435304564
L224,RESOLVED_PHYSICAL,TSVD,1000.0,constant_flux_structural,circular_crescent,7,0.00031622776601683794,3.296997130840066,0.38942472762169567
L224,RESOLVED_PHYSICAL,TSVD,1000.0,constant_flux_structural,plunging_hotspot,0,0.00031622776601683794,16.771775693217556,0.8767078415439717
L224,RESOLVED_PHYSICAL,TSVD,1000.0,constant_flux_structural,plunging_hotspot,1,0.00031622776601683794,20.6330397029494,0.5580501815425705
L224,RESOLVED_PHYSICAL,TSVD,1000.0,constant_flux_structural,plunging_hotspot,2,0.00031622776601683794,28.992009311922622,0.8461784897857794
L224,RESOLVED_PHYSICAL,TSVD,1000.0,constant_flux_structural,plunging_hotspot,3,0.00031622776601683794,33.33053596975796,0.9286356109246225
L224,RESOLVED_PHYSICAL,TSVD,1000.0,constant_flux_structural,plunging_hotspot,4,0.00031622776601683794,13.727599601595752,0.5925141415890558
L224,RESOLVED_PHYSICAL,TSVD,1000.0,constant_flux_structural,plunging_hotspot,5,0.00031622776601683794,9.311289068337809,0.3312631466657603
L224,RESOLVED_PHYSICAL,TSVD,1000.0,constant_flux_structural,plunging_hotspot,6,0.00031622776601683794,17.695988463466875,0.4522718301275365
L224,RESOLVED_PHYSICAL,TSVD,1000.0,constant_flux_structural,plunging_hotspot,7,0.00031622776601683794,18.16119661334725,0.5056233688882895
L224,RESOLVED_PHYSICAL,TSVD,1000.0,structure_balanced_050,circular_single_hotspot,0,0.00031622776601683794,0.9689691240459657,0.2816280545621451
L224,RESOLVED_PHYSICAL,TSVD,1000.0,structure_balanced_050,circular_single_hotspot,1,0.00031622776601683794,1.6728641980493162,0.6169597833472094
L224,RESOLVED_PHYSICAL,TSVD,1000.0,structure_balanced_050,circular_single_hotspot,2,0.00031622776601683794,0.5835313756485714,0.5132823072441091
L224,RESOLVED_PHYSICAL,TSVD,1000.0,structure_balanced_050,circular_single_hotspot,3,0.00031622776601683794,1.2279420562356274,0.43236412708413585
L224,RESOLVED_PHYSICAL,TSVD,1000.0,structure_balanced_050,circular_single_hotspot,4,0.00031622776601683794,1.1557396515899163,0.15419197017748448
L224,RESOLVED_PHYSICAL,TSVD,1000.0,structure_balanced_050,circular_single_hotspot,5,0.00031622776601683794,0.5221823956764265,0.4613749942595233
L224,RESOLVED_PHYSICAL,TSVD,1000.0,structure_balanced_050,circular_single_hotspot,6,0.00031622776601683794,1.584530259283242,0.5514319170615797
L224,RESOLVED_PHYSICAL,TSVD,1000.0,structure_balanced_050,circular_single_hotspot,7,0.00031622776601683794,0.2787917755875845,0.5153876266960643
L224,RESOLVED_PHYSICAL,TSVD,1000.0,structure_balanced_050,circular_two_hotspots,0,0.00031622776601683794,1.4331520207699768,0.40800473162955947
L224,RESOLVED_PHYSICAL,TSVD,1000.0,structure_balanced_050,circular_two_hotspots,1,0.00031622776601683794,1.433864760419293,0.6540382386966732
L224,RESOLVED_PHYSICAL,TSVD,1000.0,structure_balanced_050,circular_two_hotspots,2,0.00031622776601683794,1.7175632232223692,0.1933731904369044
L224,RESOLVED_PHYSICAL,TSVD,1000.0,structure_balanced_050,circular_two_hotspots,3,0.00031622776601683794,1.368101453209401,0.4404867530800144
L224,RESOLVED_PHYSICAL,TSVD,1000.0,structure_balanced_050,circular_two_hotspots,4,0.00031622776601683794,1.5696424923959458,0.4318640678988168
L224,RESOLVED_PHYSICAL,TSVD,1000.0,structure_balanced_050,circular_two_hotspots,5,0.00031622776601683794,3.16850292825659,0.4898595026169281
L224,RESOLVED_PHYSICAL,TSVD,1000.0,structure_balanced_050,circular_two_hotspots,6,0.00031622776601683794,2.0419380134796628,0.4467293120089103
L224,RESOLVED_PHYSICAL,TSVD,1000.0,structure_balanced_050,circular_two_hotspots,7,0.00031622776601683794,1.3206583820375348,0.4112074767107129
L224,RESOLVED_PHYSICAL,TSVD,1000.0,structure_balanced_050,circular_crescent,0,0.00031622776601683794,1.6857451529155112,0.2382485746795603
L224,RESOLVED_PHYSICAL,TSVD,1000.0,structure_balanced_050,circular_crescent,1,0.00031622776601683794,1.7185996483422379,0.3184068053514826
L224,RESOLVED_PHYSICAL,TSVD,1000.0,structure_balanced_050,circular_crescent,2,0.00031622776601683794,1.9069296888112728,0.27440658839091725
L224,RESOLVED_PHYSICAL,TSVD,1000.0,structure_balanced_050,circular_crescent,3,0.00031622776601683794,3.406242899088361,0.5460219848042349
L224,RESOLVED_PHYSICAL,TSVD,1000.0,structure_balanced_050,circular_crescent,4,0.00031622776601683794,2.037739730883153,0.3703556450871141
L224,RESOLVED_PHYSICAL,TSVD,1000.0,structure_balanced_050,circular_crescent,5,0.00031622776601683794,1.4755206118785633,0.40441124634698516
L224,RESOLVED_PHYSICAL,TSVD,1000.0,structure_balanced_050,circular_crescent,6,0.00031622776601683794,1.2077781618655354,0.30282667256696905
L224,RESOLVED_PHYSICAL,TSVD,1000.0,structure_balanced_050,circular_crescent,7,0.00031622776601683794,1.5326626147363516,0.39705238814046095
L224,RESOLVED_PHYSICAL,TSVD,1000.0,structure_balanced_050,plunging_hotspot,0,0.00031622776601683794,0.3800486405609549,0.7968399966916255
L224,RESOLVED_PHYSICAL,TSVD,1000.0,structure_balanced_050,plunging_hotspot,1,0.00031622776601683794,0.5047555447663289,0.5651126680667069
L224,RESOLVED_PHYSICAL,TSVD,1000.0,structure_balanced_050,plunging_hotspot,2,0.00031622776601683794,1.3319817761766357,0.6686745052429897
L224,RESOLVED_PHYSICAL,TSVD,1000.0,structure_balanced_050,plunging_hotspot,3,0.00031622776601683794,0.6533723035973102,0.8971613655512544
L224,RESOLVED_PHYSICAL,TSVD,1000.0,structure_balanced_050,plunging_hotspot,4,0.00031622776601683794,0.6613305024849762,0.28610349178749206
L224,RESOLVED_PHYSICAL,TSVD,1000.0,structure_balanced_050,plunging_hotspot,5,0.00031622776601683794,0.7116851471647672,1.0152443984167316
L224,RESOLVED_PHYSICAL,TSVD,1000.0,structure_balanced_050,plunging_hotspot,6,0.00031622776601683794,1.3654736560287284,0.5970738240751338
L224,RESOLVED_PHYSICAL,TSVD,1000.0,structure_balanced_050,plunging_hotspot,7,0.00031622776601683794,0.8520257889542859,0.5313155567570815
L224,RESOLVED_PHYSICAL,TSVD,1000.0,structure_balanced_080,circular_single_hotspot,0,0.00031622776601683794,0.7793612278251292,0.1334313200526644
L224,RESOLVED_PHYSICAL,TSVD,1000.0,structure_balanced_080,circular_single_hotspot,1,0.00031622776601683794,1.8405572643703523,0.5877067875348911
L224,RESOLVED_PHYSICAL,TSVD,1000.0,structure_balanced_080,circular_single_hotspot,2,0.00031622776601683794,0.35999999560819873,0.5280385015916241
L224,RESOLVED_PHYSICAL,TSVD,1000.0,structure_balanced_080,circular_single_hotspot,3,0.00031622776601683794,1.0474944997986309,0.11922583166954126
L224,RESOLVED_PHYSICAL,TSVD,1000.0,structure_balanced_080,circular_single_hotspot,4,0.00031622776601683794,0.8245289924566389,0.13899597541242165
L224,RESOLVED_PHYSICAL,TSVD,1000.0,structure_balanced_080,circular_single_hotspot,5,0.00031622776601683794,0.27769256969572037,0.5528022519165033
L224,RESOLVED_PHYSICAL,TSVD,1000.0,structure_balanced_080,circular_single_hotspot,6,0.00031622776601683794,2.272542118149505,0.09820940740801094
L224,RESOLVED_PHYSICAL,TSVD,1000.0,structure_balanced_080,circular_single_hotspot,7,0.00031622776601683794,0.9099890476721839,0.20989578444492546
L224,RESOLVED_PHYSICAL,TSVD,1000.0,structure_balanced_080,circular_two_hotspots,0,0.00031622776601683794,1.241376960112611,0.36254169344094417
L224,RESOLVED_PHYSICAL,TSVD,1000.0,structure_balanced_080,circular_two_hotspots,1,0.00031622776601683794,1.2090334045842794,0.3115867924986406
L224,RESOLVED_PHYSICAL,TSVD,1000.0,structure_balanced_080,circular_two_hotspots,2,0.00031622776601683794,1.6009381145128105,0.3771028226325575
L224,RESOLVED_PHYSICAL,TSVD,1000.0,structure_balanced_080,circular_two_hotspots,3,0.00031622776601683794,1.5016481598600946,0.2825733359124313
L224,RESOLVED_PHYSICAL,TSVD,1000.0,structure_balanced_080,circular_two_hotspots,4,0.00031622776601683794,1.1293819560395266,0.5495130486327602
L224,RESOLVED_PHYSICAL,TSVD,1000.0,structure_balanced_080,circular_two_hotspots,5,0.00031622776601683794,1.5397100579235485,0.1343712569566307
L224,RESOLVED_PHYSICAL,TSVD,1000.0,structure_balanced_080,circular_two_hotspots,6,0.00031622776601683794,1.4241511787321997,0.22273779073936223
L224,RESOLVED_PHYSICAL,TSVD,1000.0,structure_balanced_080,circular_two_hotspots,7,0.00031622776601683794,0.9515420155032006,0.43174701372773544
L224,RESOLVED_PHYSICAL,TSVD,1000.0,structure_balanced_080,circular_crescent,0,0.00031622776601683794,1.6919457058007716,0.5832547765985496
L224,RESOLVED_PHYSICAL,TSVD,1000.0,structure_balanced_080,circular_crescent,1,0.00031622776601683794,2.696672723987234,0.3852225784900012
L224,RESOLVED_PHYSICAL,TSVD,1000.0,structure_balanced_080,circular_crescent,2,0.00031622776601683794,1.9764521244248585,0.3045754192604638
L224,RESOLVED_PHYSICAL,TSVD,1000.0,structure_balanced_080,circular_crescent,3,0.00031622776601683794,1.494888418040822,0.27889888775545013
L224,RESOLVED_PHYSICAL,TSVD,1000.0,structure_balanced_080,circular_crescent,4,0.00031622776601683794,1.7271636587223838,0.5877113942464731
L224,RESOLVED_PHYSICAL,TSVD,1000.0,structure_balanced_080,circular_crescent,5,0.00031622776601683794,1.3808385186120462,0.2848332410260325
L224,RESOLVED_PHYSICAL,TSVD,1000.0,structure_balanced_080,circular_crescent,6,0.00031622776601683794,1.567832312146038,0.3025432440084971
L224,RESOLVED_PHYSICAL,TSVD,1000.0,structure_balanced_080,circular_crescent,7,0.00031622776601683794,1.4530603530676622,0.3423967430283277
L224,RESOLVED_PHYSICAL,TSVD,1000.0,structure_balanced_080,plunging_hotspot,0,0.00031622776601683794,0.5069010966118755,0.3415503202780211
L224,RESOLVED_PHYSICAL,TSVD,1000.0,structure_balanced_080,plunging_hotspot,1,0.00031622776601683794,0.6863942249878268,0.7399390667671427
L224,RESOLVED_PHYSICAL,TSVD,1000.0,structure_balanced_080,plunging_hotspot,2,0.00031622776601683794,0.8902332673314848,0.6773596346631914
L224,RESOLVED_PHYSICAL,TSVD,1000.0,structure_balanced_080,plunging_hotspot,3,0.00031622776601683794,0.7477092996139854,0.34528819227575125
L224,RESOLVED_PHYSICAL,TSVD,1000.0,structure_balanced_080,plunging_hotspot,4,0.00031622776601683794,0.894127643074363,0.47379563252930257
L224,RESOLVED_PHYSICAL,TSVD,1000.0,structure_balanced_080,plunging_hotspot,5,0.00031622776601683794,0.6798565405950137,0.5060774116411605
L224,RESOLVED_PHYSICAL,TSVD,1000.0,structure_balanced_080,plunging_hotspot,6,0.00031622776601683794,1.173030864974785,0.5121380174378356
L224,RESOLVED_PHYSICAL,TSVD,1000.0,structure_balanced_080,plunging_hotspot,7,0.00031622776601683794,1.6102071118669192,0.7991600106504749
L224,RESOLVED_PHYSICAL,RIDGE_IDENTITY,100.0,constant_flux_structural,circular_single_hotspot,0,1e-07,5.678066744543122,0.3272982750725799
L224,RESOLVED_PHYSICAL,RIDGE_IDENTITY,100.0,constant_flux_structural,circular_single_hotspot,1,1e-07,3.6161203950341934,0.33289480823913276
L224,RESOLVED_PHYSICAL,RIDGE_IDENTITY,100.0,constant_flux_structural,circular_single_hotspot,2,1e-07,3.1432413632738077,0.22838733238179776
L224,RESOLVED_PHYSICAL,RIDGE_IDENTITY,100.0,constant_flux_structural,circular_single_hotspot,3,1e-07,3.5415072997650583,0.37215886088049493
L224,RESOLVED_PHYSICAL,RIDGE_IDENTITY,100.0,constant_flux_structural,circular_single_hotspot,4,1e-07,8.724178913885567,0.45610643618675534
L224,RESOLVED_PHYSICAL,RIDGE_IDENTITY,100.0,constant_flux_structural,circular_single_hotspot,5,1e-07,11.768331700238019,0.17094310469451734
L224,RESOLVED_PHYSICAL,RIDGE_IDENTITY,100.0,constant_flux_structural,circular_single_hotspot,6,1e-07,3.0804996697328817,0.3622231652216797
L224,RESOLVED_PHYSICAL,RIDGE_IDENTITY,100.0,constant_flux_structural,circular_single_hotspot,7,1e-07,8.581080747186169,0.37377344600510415
L224,RESOLVED_PHYSICAL,RIDGE_IDENTITY,100.0,constant_flux_structural,circular_two_hotspots,0,1e-07,4.999154213284369,0.651838188663743
L224,RESOLVED_PHYSICAL,RIDGE_IDENTITY,100.0,constant_flux_structural,circular_two_hotspots,1,1e-07,3.23523565137788,0.3016097229478558
L224,RESOLVED_PHYSICAL,RIDGE_IDENTITY,100.0,constant_flux_structural,circular_two_hotspots,2,1e-07,4.274577808418694,0.342735308092094
L224,RESOLVED_PHYSICAL,RIDGE_IDENTITY,100.0,constant_flux_structural,circular_two_hotspots,3,1e-07,2.792235222747565,0.23444935736099093
L224,RESOLVED_PHYSICAL,RIDGE_IDENTITY,100.0,constant_flux_structural,circular_two_hotspots,4,1e-07,5.055520678686124,0.31577041633793734
L224,RESOLVED_PHYSICAL,RIDGE_IDENTITY,100.0,constant_flux_structural,circular_two_hotspots,5,1e-07,3.9087809697103153,0.44830964289176434
L224,RESOLVED_PHYSICAL,RIDGE_IDENTITY,100.0,constant_flux_structural,circular_two_hotspots,6,1e-07,8.389245432811064,0.4025393252279903
L224,RESOLVED_PHYSICAL,RIDGE_IDENTITY,100.0,constant_flux_structural,circular_two_hotspots,7,1e-07,4.194799331080222,0.3587845932752091
L224,RESOLVED_PHYSICAL,RIDGE_IDENTITY,100.0,constant_flux_structural,circular_crescent,0,1e-07,3.492131027975935,0.30819627901307034
L224,RESOLVED_PHYSICAL,RIDGE_IDENTITY,100.0,constant_flux_structural,circular_crescent,1,1e-07,4.218431044615226,0.11343502720787671
L224,RESOLVED_PHYSICAL,RIDGE_IDENTITY,100.0,constant_flux_structural,circular_crescent,2,1e-07,4.5935718269254675,0.5269832203140404
L224,RESOLVED_PHYSICAL,RIDGE_IDENTITY,100.0,constant_flux_structural,circular_crescent,3,1e-07,3.832906095250556,0.16427751976772703
L224,RESOLVED_PHYSICAL,RIDGE_IDENTITY,100.0,constant_flux_structural,circular_crescent,4,1e-07,4.969494988786748,0.32032095895951784
L224,RESOLVED_PHYSICAL,RIDGE_IDENTITY,100.0,constant_flux_structural,circular_crescent,5,1e-07,2.3471424822550757,0.3979053445161186
L224,RESOLVED_PHYSICAL,RIDGE_IDENTITY,100.0,constant_flux_structural,circular_crescent,6,1e-07,4.92361860105931,0.10881710685429843
L224,RESOLVED_PHYSICAL,RIDGE_IDENTITY,100.0,constant_flux_structural,circular_crescent,7,1e-07,2.9352478485630287,0.36190422944298867
L224,RESOLVED_PHYSICAL,RIDGE_IDENTITY,100.0,constant_flux_structural,plunging_hotspot,0,1e-07,15.859018560370822,0.830202988459583
L224,RESOLVED_PHYSICAL,RIDGE_IDENTITY,100.0,constant_flux_structural,plunging_hotspot,1,1e-07,19.97619021185938,0.5281756566051705
L224,RESOLVED_PHYSICAL,RIDGE_IDENTITY,100.0,constant_flux_structural,plunging_hotspot,2,1e-07,26.28834024251963,0.8145795493261376
L224,RESOLVED_PHYSICAL,RIDGE_IDENTITY,100.0,constant_flux_structural,plunging_hotspot,3,1e-07,29.98585390383698,0.883137543053804
L224,RESOLVED_PHYSICAL,RIDGE_IDENTITY,100.0,constant_flux_structural,plunging_hotspot,4,1e-07,13.352555729646838,0.5081093860072314
L224,RESOLVED_PHYSICAL,RIDGE_IDENTITY,100.0,constant_flux_structural,plunging_hotspot,5,1e-07,9.738556678023409,0.3071033278783655
L224,RESOLVED_PHYSICAL,RIDGE_IDENTITY,100.0,constant_flux_structural,plunging_hotspot,6,1e-07,17.215947203215322,0.41870470493212475
L224,RESOLVED_PHYSICAL,RIDGE_IDENTITY,100.0,constant_flux_structural,plunging_hotspot,7,1e-07,17.33233656872052,0.465958360599643
L224,RESOLVED_PHYSICAL,RIDGE_IDENTITY,100.0,structure_balanced_050,circular_single_hotspot,0,1e-07,1.9326630606566049,0.6694211831903405
L224,RESOLVED_PHYSICAL,RIDGE_IDENTITY,100.0,structure_balanced_050,circular_single_hotspot,1,1e-07,2.553732729212433,0.6936016611311692
L224,RESOLVED_PHYSICAL,RIDGE_IDENTITY,100.0,structure_balanced_050,circular_single_hotspot,2,1e-07,1.6377471314913756,0.7804586001335415
L224,RESOLVED_PHYSICAL,RIDGE_IDENTITY,100.0,structure_balanced_050,circular_single_hotspot,3,1e-07,1.7636427707733353,0.4849304369899622
L224,RESOLVED_PHYSICAL,RIDGE_IDENTITY,100.0,structure_balanced_050,circular_single_hotspot,4,1e-07,1.9056578707071696,0.37933781014742596
L224,RESOLVED_PHYSICAL,RIDGE_IDENTITY,100.0,structure_balanced_050,circular_single_hotspot,5,1e-07,1.5882553125838181,1.0543643050304612
L224,RESOLVED_PHYSICAL,RIDGE_IDENTITY,100.0,structure_balanced_050,circular_single_hotspot,6,1e-07,2.046774871461456,0.5383845517309892
L224,RESOLVED_PHYSICAL,RIDGE_IDENTITY,100.0,structure_balanced_050,circular_single_hotspot,7,1e-07,1.6338169989149884,2.5054738642421497
L224,RESOLVED_PHYSICAL,RIDGE_IDENTITY,100.0,structure_balanced_050,circular_two_hotspots,0,1e-07,2.0453726772277667,0.4680418130448468
L224,RESOLVED_PHYSICAL,RIDGE_IDENTITY,100.0,structure_balanced_050,circular_two_hotspots,1,1e-07,2.183245049168523,0.8334275075471835
L224,RESOLVED_PHYSICAL,RIDGE_IDENTITY,100.0,structure_balanced_050,circular_two_hotspots,2,1e-07,2.3673693609914723,0.34947158813135937
L224,RESOLVED_PHYSICAL,RIDGE_IDENTITY,100.0,structure_balanced_050,circular_two_hotspots,3,1e-07,2.037305974115779,0.4809216985307363
L224,RESOLVED_PHYSICAL,RIDGE_IDENTITY,100.0,structure_balanced_050,circular_two_hotspots,4,1e-07,2.2306933985985697,0.5318010690475345
L224,RESOLVED_PHYSICAL,RIDGE_IDENTITY,100.0,structure_balanced_050,circular_two_hotspots,5,1e-07,3.7931597292643064,0.4931980479371939
L224,RESOLVED_PHYSICAL,RIDGE_IDENTITY,100.0,structure_balanced_050,circular_two_hotspots,6,1e-07,2.7239216471082806,0.4735189337730271
L224,RESOLVED_PHYSICAL,RIDGE_IDENTITY,100.0,structure_balanced_050,circular_two_hotspots,7,1e-07,1.930462915491049,0.474287003284809
L224,RESOLVED_PHYSICAL,RIDGE_IDENTITY,100.0,structure_balanced_050,circular_crescent,0,1e-07,2.1072728572019823,0.3461437909045303
L224,RESOLVED_PHYSICAL,RIDGE_IDENTITY,100.0,structure_balanced_050,circular_crescent,1,1e-07,1.9299124341144696,0.3567572175380105
L224,RESOLVED_PHYSICAL,RIDGE_IDENTITY,100.0,structure_balanced_050,circular_crescent,2,1e-07,2.1731323542066683,0.29782367395882825
L224,RESOLVED_PHYSICAL,RIDGE_IDENTITY,100.0,structure_balanced_050,circular_crescent,3,1e-07,4.107335765573617,0.5679051997974556
L224,RESOLVED_PHYSICAL,RIDGE_IDENTITY,100.0,structure_balanced_050,circular_crescent,4,1e-07,2.5963827561905495,0.4529053733532317
L224,RESOLVED_PHYSICAL,RIDGE_IDENTITY,100.0,structure_balanced_050,circular_crescent,5,1e-07,2.0366350597659633,0.5689111754685162
L224,RESOLVED_PHYSICAL,RIDGE_IDENTITY,100.0,structure_balanced_050,circular_crescent,6,1e-07,1.8049800791553288,0.4067784101163906
L224,RESOLVED_PHYSICAL,RIDGE_IDENTITY,100.0,structure_balanced_050,circular_crescent,7,1e-07,2.1770945214495345,0.4302552475239191
L224,RESOLVED_PHYSICAL,RIDGE_IDENTITY,100.0,structure_balanced_050,plunging_hotspot,0,1e-07,1.4498545900676318,2.8396105318707443
L224,RESOLVED_PHYSICAL,RIDGE_IDENTITY,100.0,structure_balanced_050,plunging_hotspot,1,1e-07,1.5810279447467057,1.9833104620365698
L224,RESOLVED_PHYSICAL,RIDGE_IDENTITY,100.0,structure_balanced_050,plunging_hotspot,2,1e-07,1.9744366996404998,0.9081948080728862
L224,RESOLVED_PHYSICAL,RIDGE_IDENTITY,100.0,structure_balanced_050,plunging_hotspot,3,1e-07,1.5436486705543517,2.1971801647124796
L224,RESOLVED_PHYSICAL,RIDGE_IDENTITY,100.0,structure_balanced_050,plunging_hotspot,4,1e-07,1.5736737921067583,1.5127402016386506
L224,RESOLVED_PHYSICAL,RIDGE_IDENTITY,100.0,structure_balanced_050,plunging_hotspot,5,1e-07,1.5454327027054962,1.8979278925959053
L224,RESOLVED_PHYSICAL,RIDGE_IDENTITY,100.0,structure_balanced_050,plunging_hotspot,6,1e-07,1.9760352103499659,0.9694192949150198
L224,RESOLVED_PHYSICAL,RIDGE_IDENTITY,100.0,structure_balanced_050,plunging_hotspot,7,1e-07,1.858948974394242,1.198623278206278
L224,RESOLVED_PHYSICAL,RIDGE_IDENTITY,100.0,structure_balanced_080,circular_single_hotspot,0,1e-07,1.7094692140793064,0.5701939932101276
L224,RESOLVED_PHYSICAL,RIDGE_IDENTITY,100.0,structure_balanced_080,circular_single_hotspot,1,1e-07,2.6741624948556706,0.6329078192589
L224,RESOLVED_PHYSICAL,RIDGE_IDENTITY,100.0,structure_balanced_080,circular_single_hotspot,2,1e-07,1.3569162909728987,1.7157466541996977
L224,RESOLVED_PHYSICAL,RIDGE_IDENTITY,100.0,structure_balanced_080,circular_single_hotspot,3,1e-07,1.6851139073173775,0.3082313334056931
L224,RESOLVED_PHYSICAL,RIDGE_IDENTITY,100.0,structure_balanced_080,circular_single_hotspot,4,1e-07,1.8762651723312636,0.565237013679206
L224,RESOLVED_PHYSICAL,RIDGE_IDENTITY,100.0,structure_balanced_080,circular_single_hotspot,5,1e-07,1.6698418543779203,4.180306093064519
L224,RESOLVED_PHYSICAL,RIDGE_IDENTITY,100.0,structure_balanced_080,circular_single_hotspot,6,1e-07,3.1367321570310605,0.1770450724149984
L224,RESOLVED_PHYSICAL,RIDGE_IDENTITY,100.0,structure_balanced_080,circular_single_hotspot,7,1e-07,1.4897627156599147,0.609141513083877
L224,RESOLVED_PHYSICAL,RIDGE_IDENTITY,100.0,structure_balanced_080,circular_two_hotspots,0,1e-07,1.6422543279351434,0.5690357012507345
L224,RESOLVED_PHYSICAL,RIDGE_IDENTITY,100.0,structure_balanced_080,circular_two_hotspots,1,1e-07,1.6573948581959994,0.479064151420249
L224,RESOLVED_PHYSICAL,RIDGE_IDENTITY,100.0,structure_balanced_080,circular_two_hotspots,2,1e-07,1.8902282280698417,0.3974637207512342
L224,RESOLVED_PHYSICAL,RIDGE_IDENTITY,100.0,structure_balanced_080,circular_two_hotspots,3,1e-07,2.1283441031789065,0.3098742791043059
L224,RESOLVED_PHYSICAL,RIDGE_IDENTITY,100.0,structure_balanced_080,circular_two_hotspots,4,1e-07,2.044146553426403,0.7048240774608758
L224,RESOLVED_PHYSICAL,RIDGE_IDENTITY,100.0,structure_balanced_080,circular_two_hotspots,5,1e-07,2.3998573532111545,0.3688728527075633
L224,RESOLVED_PHYSICAL,RIDGE_IDENTITY,100.0,structure_balanced_080,circular_two_hotspots,6,1e-07,1.9804117130057688,0.43001531573128776
L224,RESOLVED_PHYSICAL,RIDGE_IDENTITY,100.0,structure_balanced_080,circular_two_hotspots,7,1e-07,1.6956213992172553,0.5683639766763696
L224,RESOLVED_PHYSICAL,RIDGE_IDENTITY,100.0,structure_balanced_080,circular_crescent,0,1e-07,2.4039585907023113,0.6434848924415038
L224,RESOLVED_PHYSICAL,RIDGE_IDENTITY,100.0,structure_balanced_080,circular_crescent,1,1e-07,3.33646114515028,0.4220734582581431
L224,RESOLVED_PHYSICAL,RIDGE_IDENTITY,100.0,structure_balanced_080,circular_crescent,2,1e-07,2.632973324514225,0.407636733645586
L224,RESOLVED_PHYSICAL,RIDGE_IDENTITY,100.0,structure_balanced_080,circular_crescent,3,1e-07,2.167673350334991,0.3113599728536128
L224,RESOLVED_PHYSICAL,RIDGE_IDENTITY,100.0,structure_balanced_080,circular_crescent,4,1e-07,2.3797431354056333,0.529467701813632
L224,RESOLVED_PHYSICAL,RIDGE_IDENTITY,100.0,structure_balanced_080,circular_crescent,5,1e-07,1.9687249678807819,0.48963961181376203
L224,RESOLVED_PHYSICAL,RIDGE_IDENTITY,100.0,structure_balanced_080,circular_crescent,6,1e-07,1.881111625749368,0.3482147167045627
L224,RESOLVED_PHYSICAL,RIDGE_IDENTITY,100.0,structure_balanced_080,circular_crescent,7,1e-07,1.8848156767988766,0.3735651550923396
L224,RESOLVED_PHYSICAL,RIDGE_IDENTITY,100.0,structure_balanced_080,plunging_hotspot,0,1e-07,1.3960642629837268,1.5038881413595144
L224,RESOLVED_PHYSICAL,RIDGE_IDENTITY,100.0,structure_balanced_080,plunging_hotspot,1,1e-07,1.9674599515687268,1.2609769473674017
L224,RESOLVED_PHYSICAL,RIDGE_IDENTITY,100.0,structure_balanced_080,plunging_hotspot,2,1e-07,1.7985844747201676,1.2496013991674944
L224,RESOLVED_PHYSICAL,RIDGE_IDENTITY,100.0,structure_balanced_080,plunging_hotspot,3,1e-07,1.6542393904975619,1.2640934469868055
L224,RESOLVED_PHYSICAL,RIDGE_IDENTITY,100.0,structure_balanced_080,plunging_hotspot,4,1e-07,1.6397319938165975,1.4032096376337713
L224,RESOLVED_PHYSICAL,RIDGE_IDENTITY,100.0,structure_balanced_080,plunging_hotspot,5,1e-07,1.532273601944771,1.4215404024291385
L224,RESOLVED_PHYSICAL,RIDGE_IDENTITY,100.0,structure_balanced_080,plunging_hotspot,6,1e-07,2.0676034420703058,0.9072857872255632
L224,RESOLVED_PHYSICAL,RIDGE_IDENTITY,100.0,structure_balanced_080,plunging_hotspot,7,1e-07,2.31155848873302,1.2501419981845252
L224,RESOLVED_PHYSICAL,RIDGE_IDENTITY,1000.0,constant_flux_structural,circular_single_hotspot,0,1e-07,5.455172658473163,0.32592937640531816
L224,RESOLVED_PHYSICAL,RIDGE_IDENTITY,1000.0,constant_flux_structural,circular_single_hotspot,1,1e-07,3.2487328931355774,0.31338813158545503
L224,RESOLVED_PHYSICAL,RIDGE_IDENTITY,1000.0,constant_flux_structural,circular_single_hotspot,2,1e-07,2.8188465093257515,0.2133733530931512
L224,RESOLVED_PHYSICAL,RIDGE_IDENTITY,1000.0,constant_flux_structural,circular_single_hotspot,3,1e-07,3.0216160711955444,0.37973268482491496
L224,RESOLVED_PHYSICAL,RIDGE_IDENTITY,1000.0,constant_flux_structural,circular_single_hotspot,4,1e-07,8.505690775481948,0.456673699419032
L224,RESOLVED_PHYSICAL,RIDGE_IDENTITY,1000.0,constant_flux_structural,circular_single_hotspot,5,1e-07,11.61002881906984,0.16542012971769837
L224,RESOLVED_PHYSICAL,RIDGE_IDENTITY,1000.0,constant_flux_structural,circular_single_hotspot,6,1e-07,2.8109290307665784,0.35481802662217554
L224,RESOLVED_PHYSICAL,RIDGE_IDENTITY,1000.0,constant_flux_structural,circular_single_hotspot,7,1e-07,8.476720720219369,0.35584265869717524
L224,RESOLVED_PHYSICAL,RIDGE_IDENTITY,1000.0,constant_flux_structural,circular_two_hotspots,0,1e-07,4.457296672034985,0.6410889318530184
L224,RESOLVED_PHYSICAL,RIDGE_IDENTITY,1000.0,constant_flux_structural,circular_two_hotspots,1,1e-07,2.9460915181706637,0.27824339855512775
L224,RESOLVED_PHYSICAL,RIDGE_IDENTITY,1000.0,constant_flux_structural,circular_two_hotspots,2,1e-07,3.8002960323716506,0.3210544352576733
L224,RESOLVED_PHYSICAL,RIDGE_IDENTITY,1000.0,constant_flux_structural,circular_two_hotspots,3,1e-07,2.3415631519256292,0.20240839808410488
L224,RESOLVED_PHYSICAL,RIDGE_IDENTITY,1000.0,constant_flux_structural,circular_two_hotspots,4,1e-07,4.609534514807082,0.3044886669890248
L224,RESOLVED_PHYSICAL,RIDGE_IDENTITY,1000.0,constant_flux_structural,circular_two_hotspots,5,1e-07,3.5225716188975382,0.4293995603465013
L224,RESOLVED_PHYSICAL,RIDGE_IDENTITY,1000.0,constant_flux_structural,circular_two_hotspots,6,1e-07,8.205601284058822,0.4004803858951458
L224,RESOLVED_PHYSICAL,RIDGE_IDENTITY,1000.0,constant_flux_structural,circular_two_hotspots,7,1e-07,3.7974329799605147,0.3614433870881291
L224,RESOLVED_PHYSICAL,RIDGE_IDENTITY,1000.0,constant_flux_structural,circular_crescent,0,1e-07,3.0636896409800602,0.2831443418028504
L224,RESOLVED_PHYSICAL,RIDGE_IDENTITY,1000.0,constant_flux_structural,circular_crescent,1,1e-07,3.749546801231469,0.11325075148389185
L224,RESOLVED_PHYSICAL,RIDGE_IDENTITY,1000.0,constant_flux_structural,circular_crescent,2,1e-07,4.380922814841926,0.5038187714787659
L224,RESOLVED_PHYSICAL,RIDGE_IDENTITY,1000.0,constant_flux_structural,circular_crescent,3,1e-07,3.3753913226655285,0.13843004299099887
L224,RESOLVED_PHYSICAL,RIDGE_IDENTITY,1000.0,constant_flux_structural,circular_crescent,4,1e-07,4.478222550224251,0.3126117421808762
L224,RESOLVED_PHYSICAL,RIDGE_IDENTITY,1000.0,constant_flux_structural,circular_crescent,5,1e-07,1.6716392573771857,0.377177175885569
L224,RESOLVED_PHYSICAL,RIDGE_IDENTITY,1000.0,constant_flux_structural,circular_crescent,6,1e-07,4.5607592745535666,0.04805029508168615
L224,RESOLVED_PHYSICAL,RIDGE_IDENTITY,1000.0,constant_flux_structural,circular_crescent,7,1e-07,2.696547808270426,0.33293360384037
L224,RESOLVED_PHYSICAL,RIDGE_IDENTITY,1000.0,constant_flux_structural,plunging_hotspot,0,1e-07,15.86691702272061,0.8403624575298636
L224,RESOLVED_PHYSICAL,RIDGE_IDENTITY,1000.0,constant_flux_structural,plunging_hotspot,1,1e-07,19.99576529176975,0.5143119062464507
L224,RESOLVED_PHYSICAL,RIDGE_IDENTITY,1000.0,constant_flux_structural,plunging_hotspot,2,1e-07,26.225513670737136,0.8121345868438341
L224,RESOLVED_PHYSICAL,RIDGE_IDENTITY,1000.0,constant_flux_structural,plunging_hotspot,3,1e-07,29.883421978185417,0.8837035948059924
L224,RESOLVED_PHYSICAL,RIDGE_IDENTITY,1000.0,constant_flux_structural,plunging_hotspot,4,1e-07,13.283303098003946,0.5019287798148258
L224,RESOLVED_PHYSICAL,RIDGE_IDENTITY,1000.0,constant_flux_structural,plunging_hotspot,5,1e-07,9.451157284759956,0.3034093800735188
L224,RESOLVED_PHYSICAL,RIDGE_IDENTITY,1000.0,constant_flux_structural,plunging_hotspot,6,1e-07,17.053306312060954,0.4142376499209426
L224,RESOLVED_PHYSICAL,RIDGE_IDENTITY,1000.0,constant_flux_structural,plunging_hotspot,7,1e-07,17.301513444801632,0.4626946511620554
L224,RESOLVED_PHYSICAL,RIDGE_IDENTITY,1000.0,structure_balanced_050,circular_single_hotspot,0,1e-07,0.8662116416843845,0.2705327639176942
L224,RESOLVED_PHYSICAL,RIDGE_IDENTITY,1000.0,structure_balanced_050,circular_single_hotspot,1,1e-07,1.7116631588202098,0.5886252918161887
L224,RESOLVED_PHYSICAL,RIDGE_IDENTITY,1000.0,structure_balanced_050,circular_single_hotspot,2,1e-07,0.486834037530425,0.4262618208030004
L224,RESOLVED_PHYSICAL,RIDGE_IDENTITY,1000.0,structure_balanced_050,circular_single_hotspot,3,1e-07,1.0023891238960128,0.352185350030238
L224,RESOLVED_PHYSICAL,RIDGE_IDENTITY,1000.0,structure_balanced_050,circular_single_hotspot,4,1e-07,1.0870718650279159,0.1503844904218867
L224,RESOLVED_PHYSICAL,RIDGE_IDENTITY,1000.0,structure_balanced_050,circular_single_hotspot,5,1e-07,0.43154956447582066,0.37114434872017676
L224,RESOLVED_PHYSICAL,RIDGE_IDENTITY,1000.0,structure_balanced_050,circular_single_hotspot,6,1e-07,1.6057341464317805,0.4870033056808391
L224,RESOLVED_PHYSICAL,RIDGE_IDENTITY,1000.0,structure_balanced_050,circular_single_hotspot,7,1e-07,0.22871871943257835,0.4541545735941658
L224,RESOLVED_PHYSICAL,RIDGE_IDENTITY,1000.0,structure_balanced_050,circular_two_hotspots,0,1e-07,1.2442031503680955,0.340023977902252
L224,RESOLVED_PHYSICAL,RIDGE_IDENTITY,1000.0,structure_balanced_050,circular_two_hotspots,1,1e-07,1.5770436740103992,0.6244780274378929
L224,RESOLVED_PHYSICAL,RIDGE_IDENTITY,1000.0,structure_balanced_050,circular_two_hotspots,2,1e-07,1.6127719328050703,0.18432718408772356
L224,RESOLVED_PHYSICAL,RIDGE_IDENTITY,1000.0,structure_balanced_050,circular_two_hotspots,3,1e-07,1.4112499153917994,0.385372672953315
L224,RESOLVED_PHYSICAL,RIDGE_IDENTITY,1000.0,structure_balanced_050,circular_two_hotspots,4,1e-07,1.6271241021768683,0.4018102072491505
L224,RESOLVED_PHYSICAL,RIDGE_IDENTITY,1000.0,structure_balanced_050,circular_two_hotspots,5,1e-07,3.310217422671653,0.4652161151028489
L224,RESOLVED_PHYSICAL,RIDGE_IDENTITY,1000.0,structure_balanced_050,circular_two_hotspots,6,1e-07,2.122940888648272,0.42240511315028645
L224,RESOLVED_PHYSICAL,RIDGE_IDENTITY,1000.0,structure_balanced_050,circular_two_hotspots,7,1e-07,1.0946311756303886,0.3567210968787089
L224,RESOLVED_PHYSICAL,RIDGE_IDENTITY,1000.0,structure_balanced_050,circular_crescent,0,1e-07,1.429401581747765,0.2008336055105052
L224,RESOLVED_PHYSICAL,RIDGE_IDENTITY,1000.0,structure_balanced_050,circular_crescent,1,1e-07,1.3567291151729792,0.2703677901999836
L224,RESOLVED_PHYSICAL,RIDGE_IDENTITY,1000.0,structure_balanced_050,circular_crescent,2,1e-07,1.6203266202528797,0.21835226953123382
L224,RESOLVED_PHYSICAL,RIDGE_IDENTITY,1000.0,structure_balanced_050,circular_crescent,3,1e-07,3.6516340169504096,0.522092021869718
L224,RESOLVED_PHYSICAL,RIDGE_IDENTITY,1000.0,structure_balanced_050,circular_crescent,4,1e-07,2.1340194563998236,0.3573796418753381
L224,RESOLVED_PHYSICAL,RIDGE_IDENTITY,1000.0,structure_balanced_050,circular_crescent,5,1e-07,1.3256205513138481,0.34968827571326067
L224,RESOLVED_PHYSICAL,RIDGE_IDENTITY,1000.0,structure_balanced_050,circular_crescent,6,1e-07,1.090049186533144,0.2670220728292149
L224,RESOLVED_PHYSICAL,RIDGE_IDENTITY,1000.0,structure_balanced_050,circular_crescent,7,1e-07,1.4605092036518421,0.35278367237789743
L224,RESOLVED_PHYSICAL,RIDGE_IDENTITY,1000.0,structure_balanced_050,plunging_hotspot,0,1e-07,0.3753180569202006,0.8238689255002032
L224,RESOLVED_PHYSICAL,RIDGE_IDENTITY,1000.0,structure_balanced_050,plunging_hotspot,1,1e-07,0.4489526976759558,0.5220010510275152
L224,RESOLVED_PHYSICAL,RIDGE_IDENTITY,1000.0,structure_balanced_050,plunging_hotspot,2,1e-07,1.344293224705737,0.6698747308106283
L224,RESOLVED_PHYSICAL,RIDGE_IDENTITY,1000.0,structure_balanced_050,plunging_hotspot,3,1e-07,0.6630251695821128,0.9145347360303706
L224,RESOLVED_PHYSICAL,RIDGE_IDENTITY,1000.0,structure_balanced_050,plunging_hotspot,4,1e-07,0.6286005632863538,0.30662240945238844
L224,RESOLVED_PHYSICAL,RIDGE_IDENTITY,1000.0,structure_balanced_050,plunging_hotspot,5,1e-07,0.674878775855646,1.008916176776023
L224,RESOLVED_PHYSICAL,RIDGE_IDENTITY,1000.0,structure_balanced_050,plunging_hotspot,6,1e-07,1.371440297644794,0.5906277864422415
L224,RESOLVED_PHYSICAL,RIDGE_IDENTITY,1000.0,structure_balanced_050,plunging_hotspot,7,1e-07,0.8785347034277452,0.4373686153601094
L224,RESOLVED_PHYSICAL,RIDGE_IDENTITY,1000.0,structure_balanced_080,circular_single_hotspot,0,1e-07,0.7835967089786594,0.12033282505374486
L224,RESOLVED_PHYSICAL,RIDGE_IDENTITY,1000.0,structure_balanced_080,circular_single_hotspot,1,1e-07,2.024092926616574,0.5520525024474766
L224,RESOLVED_PHYSICAL,RIDGE_IDENTITY,1000.0,structure_balanced_080,circular_single_hotspot,2,1e-07,0.32465873633251496,0.4522766934782926
L224,RESOLVED_PHYSICAL,RIDGE_IDENTITY,1000.0,structure_balanced_080,circular_single_hotspot,3,1e-07,1.0722743852743695,0.10210235154279199
L224,RESOLVED_PHYSICAL,RIDGE_IDENTITY,1000.0,structure_balanced_080,circular_single_hotspot,4,1e-07,0.74782575202465,0.14485612599821834
L224,RESOLVED_PHYSICAL,RIDGE_IDENTITY,1000.0,structure_balanced_080,circular_single_hotspot,5,1e-07,0.22687041290694698,0.5823974221679292
L224,RESOLVED_PHYSICAL,RIDGE_IDENTITY,1000.0,structure_balanced_080,circular_single_hotspot,6,1e-07,2.4235885388587386,0.08464411198205044
L224,RESOLVED_PHYSICAL,RIDGE_IDENTITY,1000.0,structure_balanced_080,circular_single_hotspot,7,1e-07,0.6793832580992147,0.20999977004024467
L224,RESOLVED_PHYSICAL,RIDGE_IDENTITY,1000.0,structure_balanced_080,circular_two_hotspots,0,1e-07,0.9345984476147984,0.3174160589655501
L224,RESOLVED_PHYSICAL,RIDGE_IDENTITY,1000.0,structure_balanced_080,circular_two_hotspots,1,1e-07,0.9037425384593234,0.25254321212981423
L224,RESOLVED_PHYSICAL,RIDGE_IDENTITY,1000.0,structure_balanced_080,circular_two_hotspots,2,1e-07,1.2977598657873672,0.31527937885811397
L224,RESOLVED_PHYSICAL,RIDGE_IDENTITY,1000.0,structure_balanced_080,circular_two_hotspots,3,1e-07,1.342908298166274,0.24793308279541312
L224,RESOLVED_PHYSICAL,RIDGE_IDENTITY,1000.0,structure_balanced_080,circular_two_hotspots,4,1e-07,1.1610718206958643,0.5237296848836979
L224,RESOLVED_PHYSICAL,RIDGE_IDENTITY,1000.0,structure_balanced_080,circular_two_hotspots,5,1e-07,1.7176466257113099,0.11897419731574528
L224,RESOLVED_PHYSICAL,RIDGE_IDENTITY,1000.0,structure_balanced_080,circular_two_hotspots,6,1e-07,1.2295911867586857,0.20746239483154982
L224,RESOLVED_PHYSICAL,RIDGE_IDENTITY,1000.0,structure_balanced_080,circular_two_hotspots,7,1e-07,0.8408314773471179,0.3617077600983868
L224,RESOLVED_PHYSICAL,RIDGE_IDENTITY,1000.0,structure_balanced_080,circular_crescent,0,1e-07,1.6591787294265687,0.5261610211395833
L224,RESOLVED_PHYSICAL,RIDGE_IDENTITY,1000.0,structure_balanced_080,circular_crescent,1,1e-07,2.8253174483028474,0.3794787028611295
L224,RESOLVED_PHYSICAL,RIDGE_IDENTITY,1000.0,structure_balanced_080,circular_crescent,2,1e-07,2.1804485230763895,0.30258076902186687
L224,RESOLVED_PHYSICAL,RIDGE_IDENTITY,1000.0,structure_balanced_080,circular_crescent,3,1e-07,1.4785336046545778,0.23809712190306054
L224,RESOLVED_PHYSICAL,RIDGE_IDENTITY,1000.0,structure_balanced_080,circular_crescent,4,1e-07,1.7935078175411054,0.5224905139324213
L224,RESOLVED_PHYSICAL,RIDGE_IDENTITY,1000.0,structure_balanced_080,circular_crescent,5,1e-07,1.203873791390667,0.25776511270587565
L224,RESOLVED_PHYSICAL,RIDGE_IDENTITY,1000.0,structure_balanced_080,circular_crescent,6,1e-07,1.341794332720699,0.2452866855277805
L224,RESOLVED_PHYSICAL,RIDGE_IDENTITY,1000.0,structure_balanced_080,circular_crescent,7,1e-07,1.2351020390824368,0.29610180796839614
L224,RESOLVED_PHYSICAL,RIDGE_IDENTITY,1000.0,structure_balanced_080,plunging_hotspot,0,1e-07,0.5007166294926509,0.3609205837060364
L224,RESOLVED_PHYSICAL,RIDGE_IDENTITY,1000.0,structure_balanced_080,plunging_hotspot,1,1e-07,0.6671331507584142,0.7372680172208292
L224,RESOLVED_PHYSICAL,RIDGE_IDENTITY,1000.0,structure_balanced_080,plunging_hotspot,2,1e-07,0.866600340969613,0.6787603740049506
L224,RESOLVED_PHYSICAL,RIDGE_IDENTITY,1000.0,structure_balanced_080,plunging_hotspot,3,1e-07,0.7532483706365967,0.2998450981889702
L224,RESOLVED_PHYSICAL,RIDGE_IDENTITY,1000.0,structure_balanced_080,plunging_hotspot,4,1e-07,0.8530942624027231,0.4696252018032546
L224,RESOLVED_PHYSICAL,RIDGE_IDENTITY,1000.0,structure_balanced_080,plunging_hotspot,5,1e-07,0.6692087826944145,0.41633630869116917
L224,RESOLVED_PHYSICAL,RIDGE_IDENTITY,1000.0,structure_balanced_080,plunging_hotspot,6,1e-07,1.269666705299377,0.49425230840286904
L224,RESOLVED_PHYSICAL,RIDGE_IDENTITY,1000.0,structure_balanced_080,plunging_hotspot,7,1e-07,1.5169155966027303,0.7783210467437622
L224,UNRESOLVED_IMAGE,TSVD,100.0,constant_flux_structural,circular_single_hotspot,0,0.001,14.095057652309512,0.47791788810275176
L224,UNRESOLVED_IMAGE,TSVD,100.0,constant_flux_structural,circular_single_hotspot,1,0.001,8.044842387927812,0.4651467266306679
L224,UNRESOLVED_IMAGE,TSVD,100.0,constant_flux_structural,circular_single_hotspot,2,0.001,7.025694285295485,0.3291898105979921
L224,UNRESOLVED_IMAGE,TSVD,100.0,constant_flux_structural,circular_single_hotspot,3,0.001,12.830251863213762,0.5398158447976051
L224,UNRESOLVED_IMAGE,TSVD,100.0,constant_flux_structural,circular_single_hotspot,4,0.001,20.054911382872472,0.586343068052844
L224,UNRESOLVED_IMAGE,TSVD,100.0,constant_flux_structural,circular_single_hotspot,5,0.001,20.727967957504248,0.21306607189220855
L224,UNRESOLVED_IMAGE,TSVD,100.0,constant_flux_structural,circular_single_hotspot,6,0.001,9.087599711453544,0.5210372783817848
L224,UNRESOLVED_IMAGE,TSVD,100.0,constant_flux_structural,circular_single_hotspot,7,0.001,18.31147515679764,0.46045673991800257
L224,UNRESOLVED_IMAGE,TSVD,100.0,constant_flux_structural,circular_two_hotspots,0,0.001,8.276322832221695,0.7086342726925804
L224,UNRESOLVED_IMAGE,TSVD,100.0,constant_flux_structural,circular_two_hotspots,1,0.001,7.704172750751915,0.3837534186863016
L224,UNRESOLVED_IMAGE,TSVD,100.0,constant_flux_structural,circular_two_hotspots,2,0.001,7.4698441147433625,0.3699896563889826
L224,UNRESOLVED_IMAGE,TSVD,100.0,constant_flux_structural,circular_two_hotspots,3,0.001,5.50970300114113,0.24055037500061777
L224,UNRESOLVED_IMAGE,TSVD,100.0,constant_flux_structural,circular_two_hotspots,4,0.001,13.569069613187187,0.4333907113677198
L224,UNRESOLVED_IMAGE,TSVD,100.0,constant_flux_structural,circular_two_hotspots,5,0.001,9.652931917461785,0.585611428749256
L224,UNRESOLVED_IMAGE,TSVD,100.0,constant_flux_structural,circular_two_hotspots,6,0.001,20.01756254553603,0.6067981457273905
L224,UNRESOLVED_IMAGE,TSVD,100.0,constant_flux_structural,circular_two_hotspots,7,0.001,11.119472095222957,0.5627831560541016
L224,UNRESOLVED_IMAGE,TSVD,100.0,constant_flux_structural,circular_crescent,0,0.001,6.301995124347075,0.3447370899104612
L224,UNRESOLVED_IMAGE,TSVD,100.0,constant_flux_structural,circular_crescent,1,0.001,12.211318540507024,0.21461341910499468
L224,UNRESOLVED_IMAGE,TSVD,100.0,constant_flux_structural,circular_crescent,2,0.001,7.668041736050181,0.5978851005823842
L224,UNRESOLVED_IMAGE,TSVD,100.0,constant_flux_structural,circular_crescent,3,0.001,10.991372229782428,0.2158436258642865
L224,UNRESOLVED_IMAGE,TSVD,100.0,constant_flux_structural,circular_crescent,4,0.001,8.697206205756508,0.40772428908057107
L224,UNRESOLVED_IMAGE,TSVD,100.0,constant_flux_structural,circular_crescent,5,0.001,6.328442936625898,0.49919157871426767
L224,UNRESOLVED_IMAGE,TSVD,100.0,constant_flux_structural,circular_crescent,6,0.001,8.52710361101147,0.17230481453458915
L224,UNRESOLVED_IMAGE,TSVD,100.0,constant_flux_structural,circular_crescent,7,0.001,6.15004718380665,0.5258636573326695
L224,UNRESOLVED_IMAGE,TSVD,100.0,constant_flux_structural,plunging_hotspot,0,0.001,29.60866765396493,0.8610746966480608
L224,UNRESOLVED_IMAGE,TSVD,100.0,constant_flux_structural,plunging_hotspot,1,0.001,26.707432029548606,0.599282195322559
L224,UNRESOLVED_IMAGE,TSVD,100.0,constant_flux_structural,plunging_hotspot,2,0.001,34.93735504480707,0.8382908405157699
L224,UNRESOLVED_IMAGE,TSVD,100.0,constant_flux_structural,plunging_hotspot,3,0.001,39.13173974503033,0.9079118082141674
L224,UNRESOLVED_IMAGE,TSVD,100.0,constant_flux_structural,plunging_hotspot,4,0.001,27.50865134214743,0.6379779096755668
L224,UNRESOLVED_IMAGE,TSVD,100.0,constant_flux_structural,plunging_hotspot,5,0.001,18.814721936034253,0.40885882547522673
L224,UNRESOLVED_IMAGE,TSVD,100.0,constant_flux_structural,plunging_hotspot,6,0.001,23.73194476688822,0.5454693306329876
L224,UNRESOLVED_IMAGE,TSVD,100.0,constant_flux_structural,plunging_hotspot,7,0.001,24.068218503191986,0.5792419464231435
L224,UNRESOLVED_IMAGE,TSVD,100.0,structure_balanced_050,circular_single_hotspot,0,0.001,1.6414546726843482,0.43132484672227134
L224,UNRESOLVED_IMAGE,TSVD,100.0,structure_balanced_050,circular_single_hotspot,1,0.001,3.2804697720082654,0.7380412922141464
L224,UNRESOLVED_IMAGE,TSVD,100.0,structure_balanced_050,circular_single_hotspot,2,0.001,1.2639647269052725,0.7747001769349311
L224,UNRESOLVED_IMAGE,TSVD,100.0,structure_balanced_050,circular_single_hotspot,3,0.001,2.2723960824448697,0.5454280727557265
L224,UNRESOLVED_IMAGE,TSVD,100.0,structure_balanced_050,circular_single_hotspot,4,0.001,2.4709690946389564,0.24831789134193677
L224,UNRESOLVED_IMAGE,TSVD,100.0,structure_balanced_050,circular_single_hotspot,5,0.001,1.2091225664112137,0.6674277880649726
L224,UNRESOLVED_IMAGE,TSVD,100.0,structure_balanced_050,circular_single_hotspot,6,0.001,3.333800720963032,0.695293412091444
L224,UNRESOLVED_IMAGE,TSVD,100.0,structure_balanced_050,circular_single_hotspot,7,0.001,0.789159281296541,1.3240475255628794
L224,UNRESOLVED_IMAGE,TSVD,100.0,structure_balanced_050,circular_two_hotspots,0,0.001,2.7684796300990886,0.5511237276360736
L224,UNRESOLVED_IMAGE,TSVD,100.0,structure_balanced_050,circular_two_hotspots,1,0.001,3.014479784784047,0.8160520780815352
L224,UNRESOLVED_IMAGE,TSVD,100.0,structure_balanced_050,circular_two_hotspots,2,0.001,3.3487971340627896,0.3061948757078343
L224,UNRESOLVED_IMAGE,TSVD,100.0,structure_balanced_050,circular_two_hotspots,3,0.001,2.6918491162844473,0.5222773472731095
L224,UNRESOLVED_IMAGE,TSVD,100.0,structure_balanced_050,circular_two_hotspots,4,0.001,3.045541252158072,0.533676989667593
L224,UNRESOLVED_IMAGE,TSVD,100.0,structure_balanced_050,circular_two_hotspots,5,0.001,6.133260668726855,0.6679569540302478
L224,UNRESOLVED_IMAGE,TSVD,100.0,structure_balanced_050,circular_two_hotspots,6,0.001,3.975182832807769,0.5808596425523227
L224,UNRESOLVED_IMAGE,TSVD,100.0,structure_balanced_050,circular_two_hotspots,7,0.001,2.3574793321374274,0.5468813614139917
L224,UNRESOLVED_IMAGE,TSVD,100.0,structure_balanced_050,circular_crescent,0,0.001,3.062389865382298,0.4475298723620137
L224,UNRESOLVED_IMAGE,TSVD,100.0,structure_balanced_050,circular_crescent,1,0.001,3.165699941112244,0.42120584079032597
L224,UNRESOLVED_IMAGE,TSVD,100.0,structure_balanced_050,circular_crescent,2,0.001,3.739531098864358,0.4209649074712129
L224,UNRESOLVED_IMAGE,TSVD,100.0,structure_balanced_050,circular_crescent,3,0.001,5.850970821893258,0.6665595607394514
L224,UNRESOLVED_IMAGE,TSVD,100.0,structure_balanced_050,circular_crescent,4,0.001,4.185152126699748,0.5048987624341882
L224,UNRESOLVED_IMAGE,TSVD,100.0,structure_balanced_050,circular_crescent,5,0.001,2.4282098646701646,0.5968329668793049
L224,UNRESOLVED_IMAGE,TSVD,100.0,structure_balanced_050,circular_crescent,6,0.001,2.7756272200803798,0.4053864317863817
L224,UNRESOLVED_IMAGE,TSVD,100.0,structure_balanced_050,circular_crescent,7,0.001,3.017176657899802,0.5153809229285596
L224,UNRESOLVED_IMAGE,TSVD,100.0,structure_balanced_050,plunging_hotspot,0,0.001,0.7820762395753899,1.4077055408533634
L224,UNRESOLVED_IMAGE,TSVD,100.0,structure_balanced_050,plunging_hotspot,1,0.001,1.1203061166333017,0.9912903930926491
L224,UNRESOLVED_IMAGE,TSVD,100.0,structure_balanced_050,plunging_hotspot,2,0.001,2.0668681803564803,0.8197424630407822
L224,UNRESOLVED_IMAGE,TSVD,100.0,structure_balanced_050,plunging_hotspot,3,0.001,1.1902066765071189,1.3825259311465024
L224,UNRESOLVED_IMAGE,TSVD,100.0,structure_balanced_050,plunging_hotspot,4,0.001,1.157516841088802,0.6634808980697502
L224,UNRESOLVED_IMAGE,TSVD,100.0,structure_balanced_050,plunging_hotspot,5,0.001,1.347217476093154,1.2823371427306718
L224,UNRESOLVED_IMAGE,TSVD,100.0,structure_balanced_050,plunging_hotspot,6,0.001,2.1437825228017116,0.7455714502955599
L224,UNRESOLVED_IMAGE,TSVD,100.0,structure_balanced_050,plunging_hotspot,7,0.001,1.4889088803539798,0.7260740503799163
L224,UNRESOLVED_IMAGE,TSVD,100.0,structure_balanced_080,circular_single_hotspot,0,0.001,1.9098343587831352,0.23527018596588484
L224,UNRESOLVED_IMAGE,TSVD,100.0,structure_balanced_080,circular_single_hotspot,1,0.001,3.7756848187167185,0.7301701343237831
L224,UNRESOLVED_IMAGE,TSVD,100.0,structure_balanced_080,circular_single_hotspot,2,0.001,1.0432143306467783,0.8003882600504015
L224,UNRESOLVED_IMAGE,TSVD,100.0,structure_balanced_080,circular_single_hotspot,3,0.001,2.694582046944724,0.18892327689097077
L224,UNRESOLVED_IMAGE,TSVD,100.0,structure_balanced_080,circular_single_hotspot,4,0.001,1.7362405266074894,0.2902384600847957
L224,UNRESOLVED_IMAGE,TSVD,100.0,structure_balanced_080,circular_single_hotspot,5,0.001,0.6224411392941075,1.2292519138092297
L224,UNRESOLVED_IMAGE,TSVD,100.0,structure_balanced_080,circular_single_hotspot,6,0.001,4.779983632510241,0.16068616801415692
L224,UNRESOLVED_IMAGE,TSVD,100.0,structure_balanced_080,circular_single_hotspot,7,0.001,1.6693768816004375,0.3750873027156904
L224,UNRESOLVED_IMAGE,TSVD,100.0,structure_balanced_080,circular_two_hotspots,0,0.001,2.3891620329060093,0.5070728665145273
L224,UNRESOLVED_IMAGE,TSVD,100.0,structure_balanced_080,circular_two_hotspots,1,0.001,2.4566349344847955,0.38928751341161316
L224,UNRESOLVED_IMAGE,TSVD,100.0,structure_balanced_080,circular_two_hotspots,2,0.001,3.1802812080689344,0.46092640122670386
L224,UNRESOLVED_IMAGE,TSVD,100.0,structure_balanced_080,circular_two_hotspots,3,0.001,3.207763582495948,0.3577122025672253
L224,UNRESOLVED_IMAGE,TSVD,100.0,structure_balanced_080,circular_two_hotspots,4,0.001,2.5833981202212124,0.6897388703705383
L224,UNRESOLVED_IMAGE,TSVD,100.0,structure_balanced_080,circular_two_hotspots,5,0.001,3.4948918806900098,0.2116012813155014
L224,UNRESOLVED_IMAGE,TSVD,100.0,structure_balanced_080,circular_two_hotspots,6,0.001,2.508610041215435,0.3244318226683872
L224,UNRESOLVED_IMAGE,TSVD,100.0,structure_balanced_080,circular_two_hotspots,7,0.001,1.8333439329944272,0.6710684021901218
L224,UNRESOLVED_IMAGE,TSVD,100.0,structure_balanced_080,circular_crescent,0,0.001,3.227762455148875,0.7178773088991997
L224,UNRESOLVED_IMAGE,TSVD,100.0,structure_balanced_080,circular_crescent,1,0.001,5.055648583675431,0.497536194578703
L224,UNRESOLVED_IMAGE,TSVD,100.0,structure_balanced_080,circular_crescent,2,0.001,4.476120494272854,0.47308735738274027
L224,UNRESOLVED_IMAGE,TSVD,100.0,structure_balanced_080,circular_crescent,3,0.001,3.6972019645023195,0.3470764418634831
L224,UNRESOLVED_IMAGE,TSVD,100.0,structure_balanced_080,circular_crescent,4,0.001,3.6809034510114307,0.7391530105287067
L224,UNRESOLVED_IMAGE,TSVD,100.0,structure_balanced_080,circular_crescent,5,0.001,2.2260172872779957,0.3881370440383682
L224,UNRESOLVED_IMAGE,TSVD,100.0,structure_balanced_080,circular_crescent,6,0.001,3.8031245995313743,0.4618286849056092
L224,UNRESOLVED_IMAGE,TSVD,100.0,structure_balanced_080,circular_crescent,7,0.001,3.0788583743766136,0.42985048095462575
L224,UNRESOLVED_IMAGE,TSVD,100.0,structure_balanced_080,plunging_hotspot,0,0.001,1.0789993952590389,0.7134905564188394
L224,UNRESOLVED_IMAGE,TSVD,100.0,structure_balanced_080,plunging_hotspot,1,0.001,1.2971417724747767,0.9080431303316145
L224,UNRESOLVED_IMAGE,TSVD,100.0,structure_balanced_080,plunging_hotspot,2,0.001,1.372819659408171,0.790858396125099
L224,UNRESOLVED_IMAGE,TSVD,100.0,structure_balanced_080,plunging_hotspot,3,0.001,1.4175418728333158,0.7470441952778007
L224,UNRESOLVED_IMAGE,TSVD,100.0,structure_balanced_080,plunging_hotspot,4,0.001,1.2926531663952292,0.7669022717135161
L224,UNRESOLVED_IMAGE,TSVD,100.0,structure_balanced_080,plunging_hotspot,5,0.001,1.3881595447275097,0.828808619678239
L224,UNRESOLVED_IMAGE,TSVD,100.0,structure_balanced_080,plunging_hotspot,6,0.001,2.136244664801323,0.6820224236414942
L224,UNRESOLVED_IMAGE,TSVD,100.0,structure_balanced_080,plunging_hotspot,7,0.001,2.062711758333222,0.8397980700246803
L224,UNRESOLVED_IMAGE,TSVD,1000.0,constant_flux_structural,circular_single_hotspot,0,0.001,14.04232142194796,0.47741741632878
L224,UNRESOLVED_IMAGE,TSVD,1000.0,constant_flux_structural,circular_single_hotspot,1,0.001,8.015435301180055,0.46569036057038476
L224,UNRESOLVED_IMAGE,TSVD,1000.0,constant_flux_structural,circular_single_hotspot,2,0.001,7.012206175829262,0.32854608395834867
L224,UNRESOLVED_IMAGE,TSVD,1000.0,constant_flux_structural,circular_single_hotspot,3,0.001,12.815035836003574,0.5395907278111425
L224,UNRESOLVED_IMAGE,TSVD,1000.0,constant_flux_structural,circular_single_hotspot,4,0.001,20.04400917970942,0.585846794745919
L224,UNRESOLVED_IMAGE,TSVD,1000.0,constant_flux_structural,circular_single_hotspot,5,0.001,20.742249448349128,0.21218544068278855
L224,UNRESOLVED_IMAGE,TSVD,1000.0,constant_flux_structural,circular_single_hotspot,6,0.001,9.029288268837936,0.5219575297232072
L224,UNRESOLVED_IMAGE,TSVD,1000.0,constant_flux_structural,circular_single_hotspot,7,0.001,18.30237151274634,0.4605686211597771
L224,UNRESOLVED_IMAGE,TSVD,1000.0,constant_flux_structural,circular_two_hotspots,0,0.001,8.307439486619302,0.7114515827174228
L224,UNRESOLVED_IMAGE,TSVD,1000.0,constant_flux_structural,circular_two_hotspots,1,0.001,7.688390836296413,0.3792484665712958
L224,UNRESOLVED_IMAGE,TSVD,1000.0,constant_flux_structural,circular_two_hotspots,2,0.001,7.443641372938666,0.36759169587846197
L224,UNRESOLVED_IMAGE,TSVD,1000.0,constant_flux_structural,circular_two_hotspots,3,0.001,5.428824421794349,0.2409136360212683
L224,UNRESOLVED_IMAGE,TSVD,1000.0,constant_flux_structural,circular_two_hotspots,4,0.001,13.543171843062366,0.43131913228121443
L224,UNRESOLVED_IMAGE,TSVD,1000.0,constant_flux_structural,circular_two_hotspots,5,0.001,9.496963585458763,0.5841720352133528
L224,UNRESOLVED_IMAGE,TSVD,1000.0,constant_flux_structural,circular_two_hotspots,6,0.001,20.02682720783557,0.6065265779513767
L224,UNRESOLVED_IMAGE,TSVD,1000.0,constant_flux_structural,circular_two_hotspots,7,0.001,11.10064595577361,0.5612628110368351
L224,UNRESOLVED_IMAGE,TSVD,1000.0,constant_flux_structural,circular_crescent,0,0.001,6.284676246885121,0.3419689769945218
L224,UNRESOLVED_IMAGE,TSVD,1000.0,constant_flux_structural,circular_crescent,1,0.001,12.193047960650299,0.2154241237082405
L224,UNRESOLVED_IMAGE,TSVD,1000.0,constant_flux_structural,circular_crescent,2,0.001,7.722948006214201,0.5956425182739039
L224,UNRESOLVED_IMAGE,TSVD,1000.0,constant_flux_structural,circular_crescent,3,0.001,10.983373449507805,0.21536526475217627
L224,UNRESOLVED_IMAGE,TSVD,1000.0,constant_flux_structural,circular_crescent,4,0.001,8.62548049827371,0.40404051481528835
L224,UNRESOLVED_IMAGE,TSVD,1000.0,constant_flux_structural,circular_crescent,5,0.001,6.235932326476805,0.4991009939224007
L224,UNRESOLVED_IMAGE,TSVD,1000.0,constant_flux_structural,circular_crescent,6,0.001,8.527907939965326,0.16849844940922867
L224,UNRESOLVED_IMAGE,TSVD,1000.0,constant_flux_structural,circular_crescent,7,0.001,6.06191366723305,0.5229043115099411
L224,UNRESOLVED_IMAGE,TSVD,1000.0,constant_flux_structural,plunging_hotspot,0,0.001,29.56462649570429,0.861752969273533
L224,UNRESOLVED_IMAGE,TSVD,1000.0,constant_flux_structural,plunging_hotspot,1,0.001,26.693245758074493,0.5978662536826359
L224,UNRESOLVED_IMAGE,TSVD,1000.0,constant_flux_structural,plunging_hotspot,2,0.001,34.95251420037287,0.8361561628710595
L224,UNRESOLVED_IMAGE,TSVD,1000.0,constant_flux_structural,plunging_hotspot,3,0.001,39.1691649823224,0.9087449841373123
L224,UNRESOLVED_IMAGE,TSVD,1000.0,constant_flux_structural,plunging_hotspot,4,0.001,27.615997656972155,0.6384547903868265
L224,UNRESOLVED_IMAGE,TSVD,1000.0,constant_flux_structural,plunging_hotspot,5,0.001,18.741240258771214,0.4076665949016214
L224,UNRESOLVED_IMAGE,TSVD,1000.0,constant_flux_structural,plunging_hotspot,6,0.001,23.69950080263266,0.5410448103407135
L224,UNRESOLVED_IMAGE,TSVD,1000.0,constant_flux_structural,plunging_hotspot,7,0.001,24.078625471518187,0.5787217063502982
L224,UNRESOLVED_IMAGE,TSVD,1000.0,structure_balanced_050,circular_single_hotspot,0,0.001,1.5484990087448702,0.36749867160585414
L224,UNRESOLVED_IMAGE,TSVD,1000.0,structure_balanced_050,circular_single_hotspot,1,0.001,3.1915420747018306,0.7266982025559452
L224,UNRESOLVED_IMAGE,TSVD,1000.0,structure_balanced_050,circular_single_hotspot,2,0.001,1.0869980592857897,0.7134876027368067
L224,UNRESOLVED_IMAGE,TSVD,1000.0,structure_balanced_050,circular_single_hotspot,3,0.001,2.214215168695203,0.5340900437143719
L224,UNRESOLVED_IMAGE,TSVD,1000.0,structure_balanced_050,circular_single_hotspot,4,0.001,2.4163361231921874,0.2109269932966534
L224,UNRESOLVED_IMAGE,TSVD,1000.0,structure_balanced_050,circular_single_hotspot,5,0.001,0.9116323800581423,0.5405384230966364
L224,UNRESOLVED_IMAGE,TSVD,1000.0,structure_balanced_050,circular_single_hotspot,6,0.001,3.2946590550487005,0.6966767370270662
L224,UNRESOLVED_IMAGE,TSVD,1000.0,structure_balanced_050,circular_single_hotspot,7,0.001,0.31106709079804984,0.5833310361768185
L224,UNRESOLVED_IMAGE,TSVD,1000.0,structure_balanced_050,circular_two_hotspots,0,0.001,2.6867523780476352,0.5289957724041897
L224,UNRESOLVED_IMAGE,TSVD,1000.0,structure_balanced_050,circular_two_hotspots,1,0.001,2.8459580494243557,0.7933747549803608
L224,UNRESOLVED_IMAGE,TSVD,1000.0,structure_balanced_050,circular_two_hotspots,2,0.001,3.2271522899370266,0.2821890875282621
L224,UNRESOLVED_IMAGE,TSVD,1000.0,structure_balanced_050,circular_two_hotspots,3,0.001,2.627481335778985,0.5225487575951335
L224,UNRESOLVED_IMAGE,TSVD,1000.0,structure_balanced_050,circular_two_hotspots,4,0.001,2.9598051511458205,0.5355216464102357
L224,UNRESOLVED_IMAGE,TSVD,1000.0,structure_balanced_050,circular_two_hotspots,5,0.001,6.0876349928232365,0.664373259721949
L224,UNRESOLVED_IMAGE,TSVD,1000.0,structure_balanced_050,circular_two_hotspots,6,0.001,3.9118616806770046,0.5686223875663623
L224,UNRESOLVED_IMAGE,TSVD,1000.0,structure_balanced_050,circular_two_hotspots,7,0.001,2.2287603653065333,0.5411959977504471
L224,UNRESOLVED_IMAGE,TSVD,1000.0,structure_balanced_050,circular_crescent,0,0.001,2.939296758798916,0.4428161695911975
L224,UNRESOLVED_IMAGE,TSVD,1000.0,structure_balanced_050,circular_crescent,1,0.001,3.073768389525266,0.4091660054318499
L224,UNRESOLVED_IMAGE,TSVD,1000.0,structure_balanced_050,circular_crescent,2,0.001,3.718726129774472,0.41204449351018896
L224,UNRESOLVED_IMAGE,TSVD,1000.0,structure_balanced_050,circular_crescent,3,0.001,5.756787276441491,0.6583334548193897
L224,UNRESOLVED_IMAGE,TSVD,1000.0,structure_balanced_050,circular_crescent,4,0.001,4.132531206071357,0.49123960478324535
L224,UNRESOLVED_IMAGE,TSVD,1000.0,structure_balanced_050,circular_crescent,5,0.001,2.402307484328226,0.5832781134031852
L224,UNRESOLVED_IMAGE,TSVD,1000.0,structure_balanced_050,circular_crescent,6,0.001,2.6617450333971693,0.4009690573849068
L224,UNRESOLVED_IMAGE,TSVD,1000.0,structure_balanced_050,circular_crescent,7,0.001,2.914418076154041,0.5108073623626466
L224,UNRESOLVED_IMAGE,TSVD,1000.0,structure_balanced_050,plunging_hotspot,0,0.001,0.5724245779915309,0.8824399607714284
L224,UNRESOLVED_IMAGE,TSVD,1000.0,structure_balanced_050,plunging_hotspot,1,0.001,0.7658181193095868,0.6637191349704135
L224,UNRESOLVED_IMAGE,TSVD,1000.0,structure_balanced_050,plunging_hotspot,2,0.001,1.9521598567209018,0.7633729035793709
L224,UNRESOLVED_IMAGE,TSVD,1000.0,structure_balanced_050,plunging_hotspot,3,0.001,0.993851837114013,1.0228697813387184
L224,UNRESOLVED_IMAGE,TSVD,1000.0,structure_balanced_050,plunging_hotspot,4,0.001,1.045686347902938,0.4249967863440975
L224,UNRESOLVED_IMAGE,TSVD,1000.0,structure_balanced_050,plunging_hotspot,5,0.001,1.2087996771597616,1.099800617380563
L224,UNRESOLVED_IMAGE,TSVD,1000.0,structure_balanced_050,plunging_hotspot,6,0.001,2.1002500230875976,0.698037539195598
L224,UNRESOLVED_IMAGE,TSVD,1000.0,structure_balanced_050,plunging_hotspot,7,0.001,1.418239852658207,0.6790369882324356
L224,UNRESOLVED_IMAGE,TSVD,1000.0,structure_balanced_080,circular_single_hotspot,0,0.001,1.7490454702674496,0.13054027863553846
L224,UNRESOLVED_IMAGE,TSVD,1000.0,structure_balanced_080,circular_single_hotspot,1,0.001,3.699907763261723,0.7254568012513545
L224,UNRESOLVED_IMAGE,TSVD,1000.0,structure_balanced_080,circular_single_hotspot,2,0.001,0.6887247135948522,0.6012314028244888
L224,UNRESOLVED_IMAGE,TSVD,1000.0,structure_balanced_080,circular_single_hotspot,3,0.001,2.557084014256136,0.1671240533149808
L224,UNRESOLVED_IMAGE,TSVD,1000.0,structure_balanced_080,circular_single_hotspot,4,0.001,1.5462859874830714,0.19767629578727353
L224,UNRESOLVED_IMAGE,TSVD,1000.0,structure_balanced_080,circular_single_hotspot,5,0.001,0.26372355035718714,0.4922773148902536
L224,UNRESOLVED_IMAGE,TSVD,1000.0,structure_balanced_080,circular_single_hotspot,6,0.001,4.717224541812097,0.1386458651508056
L224,UNRESOLVED_IMAGE,TSVD,1000.0,structure_balanced_080,circular_single_hotspot,7,0.001,1.5369328919585854,0.27705525930643743
L224,UNRESOLVED_IMAGE,TSVD,1000.0,structure_balanced_080,circular_two_hotspots,0,0.001,2.2223486609754204,0.4713980513594187
L224,UNRESOLVED_IMAGE,TSVD,1000.0,structure_balanced_080,circular_two_hotspots,1,0.001,2.2751003099654863,0.37112827093635714
L224,UNRESOLVED_IMAGE,TSVD,1000.0,structure_balanced_080,circular_two_hotspots,2,0.001,3.1312419337529476,0.4510104316674038
L224,UNRESOLVED_IMAGE,TSVD,1000.0,structure_balanced_080,circular_two_hotspots,3,0.001,3.166461200978137,0.3516624963547086
L224,UNRESOLVED_IMAGE,TSVD,1000.0,structure_balanced_080,circular_two_hotspots,4,0.001,2.5075851426148854,0.689028713150968
L224,UNRESOLVED_IMAGE,TSVD,1000.0,structure_balanced_080,circular_two_hotspots,5,0.001,3.486128592585116,0.19408750673943945
L224,UNRESOLVED_IMAGE,TSVD,1000.0,structure_balanced_080,circular_two_hotspots,6,0.001,2.4570520900460195,0.2892892967073576
L224,UNRESOLVED_IMAGE,TSVD,1000.0,structure_balanced_080,circular_two_hotspots,7,0.001,1.7083726287659387,0.660571506752931
L224,UNRESOLVED_IMAGE,TSVD,1000.0,structure_balanced_080,circular_crescent,0,0.001,3.1474963075468025,0.7164384713541251
L224,UNRESOLVED_IMAGE,TSVD,1000.0,structure_balanced_080,circular_crescent,1,0.001,5.052980196712909,0.4973487490040695
L224,UNRESOLVED_IMAGE,TSVD,1000.0,structure_balanced_080,circular_crescent,2,0.001,4.404768374635744,0.4658484383403697
L224,UNRESOLVED_IMAGE,TSVD,1000.0,structure_balanced_080,circular_crescent,3,0.001,3.6285872839437783,0.3363023790778437
L224,UNRESOLVED_IMAGE,TSVD,1000.0,structure_balanced_080,circular_crescent,4,0.001,3.638165629790618,0.7389769183678336
L224,UNRESOLVED_IMAGE,TSVD,1000.0,structure_balanced_080,circular_crescent,5,0.001,2.1052780837876646,0.3720503093549471
L224,UNRESOLVED_IMAGE,TSVD,1000.0,structure_balanced_080,circular_crescent,6,0.001,3.738113034659689,0.4543829022929471
L224,UNRESOLVED_IMAGE,TSVD,1000.0,structure_balanced_080,circular_crescent,7,0.001,2.96626341296611,0.41833050842165204
L224,UNRESOLVED_IMAGE,TSVD,1000.0,structure_balanced_080,plunging_hotspot,0,0.001,0.8439481086539884,0.4728908074456524
L224,UNRESOLVED_IMAGE,TSVD,1000.0,structure_balanced_080,plunging_hotspot,1,0.001,1.1324997418845053,0.8360012372687826
L224,UNRESOLVED_IMAGE,TSVD,1000.0,structure_balanced_080,plunging_hotspot,2,0.001,1.2342986348328928,0.7455010171699505
L224,UNRESOLVED_IMAGE,TSVD,1000.0,structure_balanced_080,plunging_hotspot,3,0.001,1.3310624901682544,0.533269669350043
L224,UNRESOLVED_IMAGE,TSVD,1000.0,structure_balanced_080,plunging_hotspot,4,0.001,1.112532683219426,0.6045806483459378
L224,UNRESOLVED_IMAGE,TSVD,1000.0,structure_balanced_080,plunging_hotspot,5,0.001,1.241503023606409,0.6616237892917567
L224,UNRESOLVED_IMAGE,TSVD,1000.0,structure_balanced_080,plunging_hotspot,6,0.001,2.073123619238535,0.6276249625479068
L224,UNRESOLVED_IMAGE,TSVD,1000.0,structure_balanced_080,plunging_hotspot,7,0.001,1.9187766114024347,0.7946120560098695
L224,UNRESOLVED_IMAGE,RIDGE_IDENTITY,100.0,constant_flux_structural,circular_single_hotspot,0,3.162277660168379e-07,10.866698128064124,0.32656575238540597
L224,UNRESOLVED_IMAGE,RIDGE_IDENTITY,100.0,constant_flux_structural,circular_single_hotspot,1,3.162277660168379e-07,7.199942152679792,0.34282477710296166
L224,UNRESOLVED_IMAGE,RIDGE_IDENTITY,100.0,constant_flux_structural,circular_single_hotspot,2,3.162277660168379e-07,6.13448800902122,0.2365870154453497
L224,UNRESOLVED_IMAGE,RIDGE_IDENTITY,100.0,constant_flux_structural,circular_single_hotspot,3,3.162277660168379e-07,9.913916377812503,0.390581221636193
L224,UNRESOLVED_IMAGE,RIDGE_IDENTITY,100.0,constant_flux_structural,circular_single_hotspot,4,3.162277660168379e-07,15.471249327299525,0.4260422866067639
L224,UNRESOLVED_IMAGE,RIDGE_IDENTITY,100.0,constant_flux_structural,circular_single_hotspot,5,3.162277660168379e-07,19.187468045373368,0.1796455024268176
L224,UNRESOLVED_IMAGE,RIDGE_IDENTITY,100.0,constant_flux_structural,circular_single_hotspot,6,3.162277660168379e-07,7.638414467316656,0.377879742124873
L224,UNRESOLVED_IMAGE,RIDGE_IDENTITY,100.0,constant_flux_structural,circular_single_hotspot,7,3.162277660168379e-07,15.418959391275873,0.35997659085253364
L224,UNRESOLVED_IMAGE,RIDGE_IDENTITY,100.0,constant_flux_structural,circular_two_hotspots,0,3.162277660168379e-07,7.781411458019402,0.670819971939707
L224,UNRESOLVED_IMAGE,RIDGE_IDENTITY,100.0,constant_flux_structural,circular_two_hotspots,1,3.162277660168379e-07,6.676953692339387,0.2966658149335658
L224,UNRESOLVED_IMAGE,RIDGE_IDENTITY,100.0,constant_flux_structural,circular_two_hotspots,2,3.162277660168379e-07,6.8025030325632105,0.31744929523313903
L224,UNRESOLVED_IMAGE,RIDGE_IDENTITY,100.0,constant_flux_structural,circular_two_hotspots,3,3.162277660168379e-07,4.938881278470738,0.21321158651405467
L224,UNRESOLVED_IMAGE,RIDGE_IDENTITY,100.0,constant_flux_structural,circular_two_hotspots,4,3.162277660168379e-07,10.936259019672303,0.3053492524378877
L224,UNRESOLVED_IMAGE,RIDGE_IDENTITY,100.0,constant_flux_structural,circular_two_hotspots,5,3.162277660168379e-07,8.420758735782915,0.46265483233518256
L224,UNRESOLVED_IMAGE,RIDGE_IDENTITY,100.0,constant_flux_structural,circular_two_hotspots,6,3.162277660168379e-07,14.84745393841576,0.38311048325396185
L224,UNRESOLVED_IMAGE,RIDGE_IDENTITY,100.0,constant_flux_structural,circular_two_hotspots,7,3.162277660168379e-07,8.800730646833347,0.3715513341767007
L224,UNRESOLVED_IMAGE,RIDGE_IDENTITY,100.0,constant_flux_structural,circular_crescent,0,3.162277660168379e-07,5.5756967532046025,0.31727887466895405
L224,UNRESOLVED_IMAGE,RIDGE_IDENTITY,100.0,constant_flux_structural,circular_crescent,1,3.162277660168379e-07,9.905952077496249,0.13334806873919325
L224,UNRESOLVED_IMAGE,RIDGE_IDENTITY,100.0,constant_flux_structural,circular_crescent,2,3.162277660168379e-07,7.172992185370938,0.5474992394070863
L224,UNRESOLVED_IMAGE,RIDGE_IDENTITY,100.0,constant_flux_structural,circular_crescent,3,3.162277660168379e-07,8.922402773854326,0.15359236184065647
L224,UNRESOLVED_IMAGE,RIDGE_IDENTITY,100.0,constant_flux_structural,circular_crescent,4,3.162277660168379e-07,7.5491918185805,0.33796205798796036
L224,UNRESOLVED_IMAGE,RIDGE_IDENTITY,100.0,constant_flux_structural,circular_crescent,5,3.162277660168379e-07,5.409794200293289,0.41316592380776784
L224,UNRESOLVED_IMAGE,RIDGE_IDENTITY,100.0,constant_flux_structural,circular_crescent,6,3.162277660168379e-07,7.474238816061189,0.09088030368470168
L224,UNRESOLVED_IMAGE,RIDGE_IDENTITY,100.0,constant_flux_structural,circular_crescent,7,3.162277660168379e-07,5.487303720825077,0.35646499117483654
L224,UNRESOLVED_IMAGE,RIDGE_IDENTITY,100.0,constant_flux_structural,plunging_hotspot,0,3.162277660168379e-07,25.621319881997266,0.8277938432298476
L224,UNRESOLVED_IMAGE,RIDGE_IDENTITY,100.0,constant_flux_structural,plunging_hotspot,1,3.162277660168379e-07,26.621958597327932,0.5497234843020836
L224,UNRESOLVED_IMAGE,RIDGE_IDENTITY,100.0,constant_flux_structural,plunging_hotspot,2,3.162277660168379e-07,34.840172340753355,0.8268905196310196
L224,UNRESOLVED_IMAGE,RIDGE_IDENTITY,100.0,constant_flux_structural,plunging_hotspot,3,3.162277660168379e-07,39.15589687713337,0.8984981708531449
L224,UNRESOLVED_IMAGE,RIDGE_IDENTITY,100.0,constant_flux_structural,plunging_hotspot,4,3.162277660168379e-07,22.84949607999245,0.563820229789454
L224,UNRESOLVED_IMAGE,RIDGE_IDENTITY,100.0,constant_flux_structural,plunging_hotspot,5,3.162277660168379e-07,16.247864095987183,0.32693600278539214
L224,UNRESOLVED_IMAGE,RIDGE_IDENTITY,100.0,constant_flux_structural,plunging_hotspot,6,3.162277660168379e-07,23.276437246702642,0.4587777548770584
L224,UNRESOLVED_IMAGE,RIDGE_IDENTITY,100.0,constant_flux_structural,plunging_hotspot,7,3.162277660168379e-07,23.560918463409507,0.5014593203000972
L224,UNRESOLVED_IMAGE,RIDGE_IDENTITY,100.0,structure_balanced_050,circular_single_hotspot,0,3.162277660168379e-07,1.8883647558412149,0.5119379283361483
L224,UNRESOLVED_IMAGE,RIDGE_IDENTITY,100.0,structure_balanced_050,circular_single_hotspot,1,3.162277660168379e-07,3.2033153060006345,0.6863260383276664
L224,UNRESOLVED_IMAGE,RIDGE_IDENTITY,100.0,structure_balanced_050,circular_single_hotspot,2,3.162277660168379e-07,1.485357655099647,0.5875159998763084
L224,UNRESOLVED_IMAGE,RIDGE_IDENTITY,100.0,structure_balanced_050,circular_single_hotspot,3,3.162277660168379e-07,2.0365312936784212,0.3804879613212137
L224,UNRESOLVED_IMAGE,RIDGE_IDENTITY,100.0,structure_balanced_050,circular_single_hotspot,4,3.162277660168379e-07,2.4265607391879196,0.2792610455570834
L224,UNRESOLVED_IMAGE,RIDGE_IDENTITY,100.0,structure_balanced_050,circular_single_hotspot,5,3.162277660168379e-07,1.5524793328090207,0.6999688990403233
L224,UNRESOLVED_IMAGE,RIDGE_IDENTITY,100.0,structure_balanced_050,circular_single_hotspot,6,3.162277660168379e-07,3.2957995566182863,0.538104287599324
L224,UNRESOLVED_IMAGE,RIDGE_IDENTITY,100.0,structure_balanced_050,circular_single_hotspot,7,3.162277660168379e-07,1.1363499354330084,1.9765820030736365
L224,UNRESOLVED_IMAGE,RIDGE_IDENTITY,100.0,structure_balanced_050,circular_two_hotspots,0,3.162277660168379e-07,2.474184453917558,0.42410933316434585
L224,UNRESOLVED_IMAGE,RIDGE_IDENTITY,100.0,structure_balanced_050,circular_two_hotspots,1,3.162277660168379e-07,3.025197973750757,0.7714183930283784
L224,UNRESOLVED_IMAGE,RIDGE_IDENTITY,100.0,structure_balanced_050,circular_two_hotspots,2,3.162277660168379e-07,3.2787426751593816,0.3001229449121697
L224,UNRESOLVED_IMAGE,RIDGE_IDENTITY,100.0,structure_balanced_050,circular_two_hotspots,3,3.162277660168379e-07,2.6712528444253034,0.4281010003920437
L224,UNRESOLVED_IMAGE,RIDGE_IDENTITY,100.0,structure_balanced_050,circular_two_hotspots,4,3.162277660168379e-07,3.0063164148872508,0.49740438784706575
L224,UNRESOLVED_IMAGE,RIDGE_IDENTITY,100.0,structure_balanced_050,circular_two_hotspots,5,3.162277660168379e-07,5.729283082739483,0.5217403718377853
L224,UNRESOLVED_IMAGE,RIDGE_IDENTITY,100.0,structure_balanced_050,circular_two_hotspots,6,3.162277660168379e-07,3.8114683748221543,0.47286901244276625
L224,UNRESOLVED_IMAGE,RIDGE_IDENTITY,100.0,structure_balanced_050,circular_two_hotspots,7,3.162277660168379e-07,2.2848535805627583,0.4286834537746691
L224,UNRESOLVED_IMAGE,RIDGE_IDENTITY,100.0,structure_balanced_050,circular_crescent,0,3.162277660168379e-07,2.63130778718545,0.2765314343034319
L224,UNRESOLVED_IMAGE,RIDGE_IDENTITY,100.0,structure_balanced_050,circular_crescent,1,3.162277660168379e-07,3.0060320443423647,0.33530339824555705
L224,UNRESOLVED_IMAGE,RIDGE_IDENTITY,100.0,structure_balanced_050,circular_crescent,2,3.162277660168379e-07,3.215376022799078,0.2814997667669906
L224,UNRESOLVED_IMAGE,RIDGE_IDENTITY,100.0,structure_balanced_050,circular_crescent,3,3.162277660168379e-07,5.524568097983053,0.5811090281780696
L224,UNRESOLVED_IMAGE,RIDGE_IDENTITY,100.0,structure_balanced_050,circular_crescent,4,3.162277660168379e-07,3.9374751510245147,0.4391528837314178
L224,UNRESOLVED_IMAGE,RIDGE_IDENTITY,100.0,structure_balanced_050,circular_crescent,5,3.162277660168379e-07,2.3096719267384787,0.43905187720640093
L224,UNRESOLVED_IMAGE,RIDGE_IDENTITY,100.0,structure_balanced_050,circular_crescent,6,3.162277660168379e-07,2.575156528181793,0.3126429679492819
L224,UNRESOLVED_IMAGE,RIDGE_IDENTITY,100.0,structure_balanced_050,circular_crescent,7,3.162277660168379e-07,2.7841044590640327,0.4043693756493009
L224,UNRESOLVED_IMAGE,RIDGE_IDENTITY,100.0,structure_balanced_050,plunging_hotspot,0,3.162277660168379e-07,1.1780994796897835,1.906035892979298
L224,UNRESOLVED_IMAGE,RIDGE_IDENTITY,100.0,structure_balanced_050,plunging_hotspot,1,3.162277660168379e-07,1.3662752325733363,1.4174124137418698
L224,UNRESOLVED_IMAGE,RIDGE_IDENTITY,100.0,structure_balanced_050,plunging_hotspot,2,3.162277660168379e-07,2.151197108384844,0.8004562486598974
L224,UNRESOLVED_IMAGE,RIDGE_IDENTITY,100.0,structure_balanced_050,plunging_hotspot,3,3.162277660168379e-07,1.6232947682924566,1.5882769230749298
L224,UNRESOLVED_IMAGE,RIDGE_IDENTITY,100.0,structure_balanced_050,plunging_hotspot,4,3.162277660168379e-07,1.3327236754978053,1.0006660542480879
L224,UNRESOLVED_IMAGE,RIDGE_IDENTITY,100.0,structure_balanced_050,plunging_hotspot,5,3.162277660168379e-07,1.4089681522460693,1.4850707536250636
L224,UNRESOLVED_IMAGE,RIDGE_IDENTITY,100.0,structure_balanced_050,plunging_hotspot,6,3.162277660168379e-07,2.179857553123364,0.8059335407446357
L224,UNRESOLVED_IMAGE,RIDGE_IDENTITY,100.0,structure_balanced_050,plunging_hotspot,7,3.162277660168379e-07,1.696104853646148,0.8661214852878271
L224,UNRESOLVED_IMAGE,RIDGE_IDENTITY,100.0,structure_balanced_080,circular_single_hotspot,0,3.162277660168379e-07,1.9072242040009282,0.4085395574022451
L224,UNRESOLVED_IMAGE,RIDGE_IDENTITY,100.0,structure_balanced_080,circular_single_hotspot,1,3.162277660168379e-07,3.833484662324049,0.6498600338454499
L224,UNRESOLVED_IMAGE,RIDGE_IDENTITY,100.0,structure_balanced_080,circular_single_hotspot,2,3.162277660168379e-07,1.2421169076807466,1.1606496976338885
L224,UNRESOLVED_IMAGE,RIDGE_IDENTITY,100.0,structure_balanced_080,circular_single_hotspot,3,3.162277660168379e-07,2.5583726552435184,0.2380867954284541
L224,UNRESOLVED_IMAGE,RIDGE_IDENTITY,100.0,structure_balanced_080,circular_single_hotspot,4,3.162277660168379e-07,1.9068288112600904,0.394195717382561
L224,UNRESOLVED_IMAGE,RIDGE_IDENTITY,100.0,structure_balanced_080,circular_single_hotspot,5,3.162277660168379e-07,1.1936997336546566,2.564640834524866
L224,UNRESOLVED_IMAGE,RIDGE_IDENTITY,100.0,structure_balanced_080,circular_single_hotspot,6,3.162277660168379e-07,4.340567009002985,0.14051199378360885
L224,UNRESOLVED_IMAGE,RIDGE_IDENTITY,100.0,structure_balanced_080,circular_single_hotspot,7,3.162277660168379e-07,1.6847875879363645,0.43001855312992593
L224,UNRESOLVED_IMAGE,RIDGE_IDENTITY,100.0,structure_balanced_080,circular_two_hotspots,0,3.162277660168379e-07,2.3964331913359462,0.4440284129913702
L224,UNRESOLVED_IMAGE,RIDGE_IDENTITY,100.0,structure_balanced_080,circular_two_hotspots,1,3.162277660168379e-07,2.285467485211367,0.40056677535930485
L224,UNRESOLVED_IMAGE,RIDGE_IDENTITY,100.0,structure_balanced_080,circular_two_hotspots,2,3.162277660168379e-07,2.857600999781317,0.3729132035303897
L224,UNRESOLVED_IMAGE,RIDGE_IDENTITY,100.0,structure_balanced_080,circular_two_hotspots,3,3.162277660168379e-07,2.9218939753683113,0.27671634813009727
L224,UNRESOLVED_IMAGE,RIDGE_IDENTITY,100.0,structure_balanced_080,circular_two_hotspots,4,3.162277660168379e-07,2.599235988479507,0.6435819067910872
L224,UNRESOLVED_IMAGE,RIDGE_IDENTITY,100.0,structure_balanced_080,circular_two_hotspots,5,3.162277660168379e-07,3.262353959924293,0.26174721089162944
L224,UNRESOLVED_IMAGE,RIDGE_IDENTITY,100.0,structure_balanced_080,circular_two_hotspots,6,3.162277660168379e-07,2.2963717783141653,0.3308701535024112
L224,UNRESOLVED_IMAGE,RIDGE_IDENTITY,100.0,structure_balanced_080,circular_two_hotspots,7,3.162277660168379e-07,1.753434609764379,0.47396008858560634
L224,UNRESOLVED_IMAGE,RIDGE_IDENTITY,100.0,structure_balanced_080,circular_crescent,0,3.162277660168379e-07,3.1975230076152714,0.6006714453010388
L224,UNRESOLVED_IMAGE,RIDGE_IDENTITY,100.0,structure_balanced_080,circular_crescent,1,3.162277660168379e-07,4.682783828267771,0.4110816676597912
L224,UNRESOLVED_IMAGE,RIDGE_IDENTITY,100.0,structure_balanced_080,circular_crescent,2,3.162277660168379e-07,3.9779667664091947,0.38212546455412527
L224,UNRESOLVED_IMAGE,RIDGE_IDENTITY,100.0,structure_balanced_080,circular_crescent,3,3.162277660168379e-07,3.1739058441370567,0.2519338550730417
L224,UNRESOLVED_IMAGE,RIDGE_IDENTITY,100.0,structure_balanced_080,circular_crescent,4,3.162277660168379e-07,3.549002299936895,0.5899162750020497
L224,UNRESOLVED_IMAGE,RIDGE_IDENTITY,100.0,structure_balanced_080,circular_crescent,5,3.162277660168379e-07,2.1525123682142264,0.377000991184648
L224,UNRESOLVED_IMAGE,RIDGE_IDENTITY,100.0,structure_balanced_080,circular_crescent,6,3.162277660168379e-07,3.185844264399118,0.3282314014796302
L224,UNRESOLVED_IMAGE,RIDGE_IDENTITY,100.0,structure_balanced_080,circular_crescent,7,3.162277660168379e-07,2.758206845157509,0.3257185192873376
L224,UNRESOLVED_IMAGE,RIDGE_IDENTITY,100.0,structure_balanced_080,plunging_hotspot,0,3.162277660168379e-07,1.5364065344761486,1.009994100337784
L224,UNRESOLVED_IMAGE,RIDGE_IDENTITY,100.0,structure_balanced_080,plunging_hotspot,1,3.162277660168379e-07,1.4945618228244406,0.973963473613891
L224,UNRESOLVED_IMAGE,RIDGE_IDENTITY,100.0,structure_balanced_080,plunging_hotspot,2,3.162277660168379e-07,1.6712026638016377,0.9745471360667262
L224,UNRESOLVED_IMAGE,RIDGE_IDENTITY,100.0,structure_balanced_080,plunging_hotspot,3,3.162277660168379e-07,1.4731659809606832,0.9201487743856649
L224,UNRESOLVED_IMAGE,RIDGE_IDENTITY,100.0,structure_balanced_080,plunging_hotspot,4,3.162277660168379e-07,1.6283847843532788,0.9437297286727365
L224,UNRESOLVED_IMAGE,RIDGE_IDENTITY,100.0,structure_balanced_080,plunging_hotspot,5,3.162277660168379e-07,1.453559241023072,0.9326279948653657
L224,UNRESOLVED_IMAGE,RIDGE_IDENTITY,100.0,structure_balanced_080,plunging_hotspot,6,3.162277660168379e-07,2.021791430773955,0.7252734123166624
L224,UNRESOLVED_IMAGE,RIDGE_IDENTITY,100.0,structure_balanced_080,plunging_hotspot,7,3.162277660168379e-07,2.3061624794407036,0.9898827412809328
L224,UNRESOLVED_IMAGE,RIDGE_IDENTITY,1000.0,constant_flux_structural,circular_single_hotspot,0,3.162277660168379e-07,10.6876979053477,0.32442775675387536
L224,UNRESOLVED_IMAGE,RIDGE_IDENTITY,1000.0,constant_flux_structural,circular_single_hotspot,1,3.162277660168379e-07,7.141430163373498,0.33834641909992597
L224,UNRESOLVED_IMAGE,RIDGE_IDENTITY,1000.0,constant_flux_structural,circular_single_hotspot,2,3.162277660168379e-07,6.014714604592983,0.2270414048814066
L224,UNRESOLVED_IMAGE,RIDGE_IDENTITY,1000.0,constant_flux_structural,circular_single_hotspot,3,3.162277660168379e-07,9.723965922858198,0.3916751582712136
L224,UNRESOLVED_IMAGE,RIDGE_IDENTITY,1000.0,constant_flux_structural,circular_single_hotspot,4,3.162277660168379e-07,15.410711067199763,0.4262254067584951
L224,UNRESOLVED_IMAGE,RIDGE_IDENTITY,1000.0,constant_flux_structural,circular_single_hotspot,5,3.162277660168379e-07,19.10416238359647,0.1791557274651846
L224,UNRESOLVED_IMAGE,RIDGE_IDENTITY,1000.0,constant_flux_structural,circular_single_hotspot,6,3.162277660168379e-07,7.5120047312489255,0.3713520745412641
L224,UNRESOLVED_IMAGE,RIDGE_IDENTITY,1000.0,constant_flux_structural,circular_single_hotspot,7,3.162277660168379e-07,15.342756379719955,0.35510568530549746
L224,UNRESOLVED_IMAGE,RIDGE_IDENTITY,1000.0,constant_flux_structural,circular_two_hotspots,0,3.162277660168379e-07,7.672631971498088,0.6691401724700321
L224,UNRESOLVED_IMAGE,RIDGE_IDENTITY,1000.0,constant_flux_structural,circular_two_hotspots,1,3.162277660168379e-07,6.6768116304468945,0.28793335342074594
L224,UNRESOLVED_IMAGE,RIDGE_IDENTITY,1000.0,constant_flux_structural,circular_two_hotspots,2,3.162277660168379e-07,6.679128909831201,0.30867451183513117
L224,UNRESOLVED_IMAGE,RIDGE_IDENTITY,1000.0,constant_flux_structural,circular_two_hotspots,3,3.162277660168379e-07,4.837052693017968,0.2045045405976607
L224,UNRESOLVED_IMAGE,RIDGE_IDENTITY,1000.0,constant_flux_structural,circular_two_hotspots,4,3.162277660168379e-07,10.869921936520651,0.2982395868603114
L224,UNRESOLVED_IMAGE,RIDGE_IDENTITY,1000.0,constant_flux_structural,circular_two_hotspots,5,3.162277660168379e-07,8.175596955382932,0.4561568301884533
L224,UNRESOLVED_IMAGE,RIDGE_IDENTITY,1000.0,constant_flux_structural,circular_two_hotspots,6,3.162277660168379e-07,14.79352768606696,0.38168488667395395
L224,UNRESOLVED_IMAGE,RIDGE_IDENTITY,1000.0,constant_flux_structural,circular_two_hotspots,7,3.162277660168379e-07,8.712291291521613,0.3697620302602226
L224,UNRESOLVED_IMAGE,RIDGE_IDENTITY,1000.0,constant_flux_structural,circular_crescent,0,3.162277660168379e-07,5.5221073776099825,0.30158908193169
L224,UNRESOLVED_IMAGE,RIDGE_IDENTITY,1000.0,constant_flux_structural,circular_crescent,1,3.162277660168379e-07,9.833653732897812,0.1374015553749377
L224,UNRESOLVED_IMAGE,RIDGE_IDENTITY,1000.0,constant_flux_structural,circular_crescent,2,3.162277660168379e-07,7.174856491652078,0.5372661808347698
L224,UNRESOLVED_IMAGE,RIDGE_IDENTITY,1000.0,constant_flux_structural,circular_crescent,3,3.162277660168379e-07,8.932635982892815,0.14200160632926462
L224,UNRESOLVED_IMAGE,RIDGE_IDENTITY,1000.0,constant_flux_structural,circular_crescent,4,3.162277660168379e-07,7.435886078688879,0.330991141612072
L224,UNRESOLVED_IMAGE,RIDGE_IDENTITY,1000.0,constant_flux_structural,circular_crescent,5,3.162277660168379e-07,5.3104363322212675,0.4055043729689721
L224,UNRESOLVED_IMAGE,RIDGE_IDENTITY,1000.0,constant_flux_structural,circular_crescent,6,3.162277660168379e-07,7.541394840114011,0.06888624580227022
L224,UNRESOLVED_IMAGE,RIDGE_IDENTITY,1000.0,constant_flux_structural,circular_crescent,7,3.162277660168379e-07,5.2745073030833645,0.3476974058031976
L224,UNRESOLVED_IMAGE,RIDGE_IDENTITY,1000.0,constant_flux_structural,plunging_hotspot,0,3.162277660168379e-07,25.566651055334034,0.8352625363180681
L224,UNRESOLVED_IMAGE,RIDGE_IDENTITY,1000.0,constant_flux_structural,plunging_hotspot,1,3.162277660168379e-07,26.544010877219648,0.5423429078421115
L224,UNRESOLVED_IMAGE,RIDGE_IDENTITY,1000.0,constant_flux_structural,plunging_hotspot,2,3.162277660168379e-07,34.89993793076732,0.8260707057839473
L224,UNRESOLVED_IMAGE,RIDGE_IDENTITY,1000.0,constant_flux_structural,plunging_hotspot,3,3.162277660168379e-07,39.17620834677059,0.8987242616807883
L224,UNRESOLVED_IMAGE,RIDGE_IDENTITY,1000.0,constant_flux_structural,plunging_hotspot,4,3.162277660168379e-07,22.933050840413618,0.5624403573542356
L224,UNRESOLVED_IMAGE,RIDGE_IDENTITY,1000.0,constant_flux_structural,plunging_hotspot,5,3.162277660168379e-07,16.186591562679247,0.325644631163424
L224,UNRESOLVED_IMAGE,RIDGE_IDENTITY,1000.0,constant_flux_structural,plunging_hotspot,6,3.162277660168379e-07,23.194186613788943,0.45432464655669624
L224,UNRESOLVED_IMAGE,RIDGE_IDENTITY,1000.0,constant_flux_structural,plunging_hotspot,7,3.162277660168379e-07,23.527984564384575,0.49819802112897654
L224,UNRESOLVED_IMAGE,RIDGE_IDENTITY,1000.0,structure_balanced_050,circular_single_hotspot,0,3.162277660168379e-07,1.3953171779330438,0.2793475414988234
L224,UNRESOLVED_IMAGE,RIDGE_IDENTITY,1000.0,structure_balanced_050,circular_single_hotspot,1,3.162277660168379e-07,2.872415554675587,0.6325008048839448
L224,UNRESOLVED_IMAGE,RIDGE_IDENTITY,1000.0,structure_balanced_050,circular_single_hotspot,2,3.162277660168379e-07,0.8940322077891885,0.4368423905031493
L224,UNRESOLVED_IMAGE,RIDGE_IDENTITY,1000.0,structure_balanced_050,circular_single_hotspot,3,3.162277660168379e-07,1.793507673594714,0.36195145871650014
L224,UNRESOLVED_IMAGE,RIDGE_IDENTITY,1000.0,structure_balanced_050,circular_single_hotspot,4,3.162277660168379e-07,2.1193395137871613,0.16370793006711198
L224,UNRESOLVED_IMAGE,RIDGE_IDENTITY,1000.0,structure_balanced_050,circular_single_hotspot,5,3.162277660168379e-07,0.7547357514404047,0.3824486071540161
L224,UNRESOLVED_IMAGE,RIDGE_IDENTITY,1000.0,structure_balanced_050,circular_single_hotspot,6,3.162277660168379e-07,3.0573061535618313,0.5329508249366375
L224,UNRESOLVED_IMAGE,RIDGE_IDENTITY,1000.0,structure_balanced_050,circular_single_hotspot,7,3.162277660168379e-07,0.2821497659663752,0.4851084990063396
L224,UNRESOLVED_IMAGE,RIDGE_IDENTITY,1000.0,structure_balanced_050,circular_two_hotspots,0,3.162277660168379e-07,2.250674854667987,0.3512214685819431
L224,UNRESOLVED_IMAGE,RIDGE_IDENTITY,1000.0,structure_balanced_050,circular_two_hotspots,1,3.162277660168379e-07,2.6852793499314065,0.675006465766818
L224,UNRESOLVED_IMAGE,RIDGE_IDENTITY,1000.0,structure_balanced_050,circular_two_hotspots,2,3.162277660168379e-07,2.985977423311827,0.19687468729528806
L224,UNRESOLVED_IMAGE,RIDGE_IDENTITY,1000.0,structure_balanced_050,circular_two_hotspots,3,3.162277660168379e-07,2.4088865577867065,0.39475038297688353
L224,UNRESOLVED_IMAGE,RIDGE_IDENTITY,1000.0,structure_balanced_050,circular_two_hotspots,4,3.162277660168379e-07,2.7171092019318603,0.4450780142274846
L224,UNRESOLVED_IMAGE,RIDGE_IDENTITY,1000.0,structure_balanced_050,circular_two_hotspots,5,3.162277660168379e-07,5.60597708157105,0.5150977690508559
L224,UNRESOLVED_IMAGE,RIDGE_IDENTITY,1000.0,structure_balanced_050,circular_two_hotspots,6,3.162277660168379e-07,3.6591354808274543,0.4584067768990786
L224,UNRESOLVED_IMAGE,RIDGE_IDENTITY,1000.0,structure_balanced_050,circular_two_hotspots,7,3.162277660168379e-07,1.855808918610312,0.3679703974047638
L224,UNRESOLVED_IMAGE,RIDGE_IDENTITY,1000.0,structure_balanced_050,circular_crescent,0,3.162277660168379e-07,2.384361003645821,0.22428761682101872
L224,UNRESOLVED_IMAGE,RIDGE_IDENTITY,1000.0,structure_balanced_050,circular_crescent,1,3.162277660168379e-07,2.6826407587376258,0.2825664649113034
L224,UNRESOLVED_IMAGE,RIDGE_IDENTITY,1000.0,structure_balanced_050,circular_crescent,2,3.162277660168379e-07,2.9636746183932896,0.24135941659287474
L224,UNRESOLVED_IMAGE,RIDGE_IDENTITY,1000.0,structure_balanced_050,circular_crescent,3,3.162277660168379e-07,5.458252563386939,0.5603916604270129
L224,UNRESOLVED_IMAGE,RIDGE_IDENTITY,1000.0,structure_balanced_050,circular_crescent,4,3.162277660168379e-07,3.7164896303199466,0.3925879295313118
L224,UNRESOLVED_IMAGE,RIDGE_IDENTITY,1000.0,structure_balanced_050,circular_crescent,5,3.162277660168379e-07,1.9894745600382495,0.34167947212351524
L224,UNRESOLVED_IMAGE,RIDGE_IDENTITY,1000.0,structure_balanced_050,circular_crescent,6,3.162277660168379e-07,2.299751999152654,0.26866037077942556
L224,UNRESOLVED_IMAGE,RIDGE_IDENTITY,1000.0,structure_balanced_050,circular_crescent,7,3.162277660168379e-07,2.5633812179022284,0.3718044238309258
L224,UNRESOLVED_IMAGE,RIDGE_IDENTITY,1000.0,structure_balanced_050,plunging_hotspot,0,3.162277660168379e-07,0.5158864495551493,0.8146387235264321
L224,UNRESOLVED_IMAGE,RIDGE_IDENTITY,1000.0,structure_balanced_050,plunging_hotspot,1,3.162277660168379e-07,0.6803270005930122,0.5668473008245201
L224,UNRESOLVED_IMAGE,RIDGE_IDENTITY,1000.0,structure_balanced_050,plunging_hotspot,2,3.162277660168379e-07,1.8496621931702277,0.6861344368379243
L224,UNRESOLVED_IMAGE,RIDGE_IDENTITY,1000.0,structure_balanced_050,plunging_hotspot,3,3.162277660168379e-07,0.9139642504672124,0.9312953582337394
L224,UNRESOLVED_IMAGE,RIDGE_IDENTITY,1000.0,structure_balanced_050,plunging_hotspot,4,3.162277660168379e-07,0.9367474227940346,0.31393726536590383
L224,UNRESOLVED_IMAGE,RIDGE_IDENTITY,1000.0,structure_balanced_050,plunging_hotspot,5,3.162277660168379e-07,1.0701727475127707,1.0311743426660285
L224,UNRESOLVED_IMAGE,RIDGE_IDENTITY,1000.0,structure_balanced_050,plunging_hotspot,6,3.162277660168379e-07,1.9531180719060344,0.612922638046987
L224,UNRESOLVED_IMAGE,RIDGE_IDENTITY,1000.0,structure_balanced_050,plunging_hotspot,7,3.162277660168379e-07,1.2764282545213566,0.5205052057905373
L224,UNRESOLVED_IMAGE,RIDGE_IDENTITY,1000.0,structure_balanced_080,circular_single_hotspot,0,3.162277660168379e-07,1.4463195044821655,0.12103041804388913
L224,UNRESOLVED_IMAGE,RIDGE_IDENTITY,1000.0,structure_balanced_080,circular_single_hotspot,1,3.162277660168379e-07,3.5078087507094287,0.5995404218274714
L224,UNRESOLVED_IMAGE,RIDGE_IDENTITY,1000.0,structure_balanced_080,circular_single_hotspot,2,3.162277660168379e-07,0.6026725638130516,0.4288915563226134
L224,UNRESOLVED_IMAGE,RIDGE_IDENTITY,1000.0,structure_balanced_080,circular_single_hotspot,3,3.162277660168379e-07,2.2784971079495007,0.11763816395377566
L224,UNRESOLVED_IMAGE,RIDGE_IDENTITY,1000.0,structure_balanced_080,circular_single_hotspot,4,3.162277660168379e-07,1.4025808228527283,0.15591081544632066
L224,UNRESOLVED_IMAGE,RIDGE_IDENTITY,1000.0,structure_balanced_080,circular_single_hotspot,5,3.162277660168379e-07,0.26303159409350513,0.472798491384769
L224,UNRESOLVED_IMAGE,RIDGE_IDENTITY,1000.0,structure_balanced_080,circular_single_hotspot,6,3.162277660168379e-07,4.2309146331961855,0.09930562804601381
L224,UNRESOLVED_IMAGE,RIDGE_IDENTITY,1000.0,structure_balanced_080,circular_single_hotspot,7,3.162277660168379e-07,1.2977238186965085,0.22458191344933498
L224,UNRESOLVED_IMAGE,RIDGE_IDENTITY,1000.0,structure_balanced_080,circular_two_hotspots,0,3.162277660168379e-07,1.916540490750367,0.32650883400730074
L224,UNRESOLVED_IMAGE,RIDGE_IDENTITY,1000.0,structure_balanced_080,circular_two_hotspots,1,3.162277660168379e-07,1.8615458394832856,0.26296510011006513
L224,UNRESOLVED_IMAGE,RIDGE_IDENTITY,1000.0,structure_balanced_080,circular_two_hotspots,2,3.162277660168379e-07,2.565936094250065,0.32360445172391633
L224,UNRESOLVED_IMAGE,RIDGE_IDENTITY,1000.0,structure_balanced_080,circular_two_hotspots,3,3.162277660168379e-07,2.719271307421283,0.24629810240123076
L224,UNRESOLVED_IMAGE,RIDGE_IDENTITY,1000.0,structure_balanced_080,circular_two_hotspots,4,3.162277660168379e-07,2.2102408094681127,0.5816219504807675
L224,UNRESOLVED_IMAGE,RIDGE_IDENTITY,1000.0,structure_balanced_080,circular_two_hotspots,5,3.162277660168379e-07,3.02643557297562,0.1404454683876034
L224,UNRESOLVED_IMAGE,RIDGE_IDENTITY,1000.0,structure_balanced_080,circular_two_hotspots,6,3.162277660168379e-07,2.140867964750724,0.2225399844458253
L224,UNRESOLVED_IMAGE,RIDGE_IDENTITY,1000.0,structure_balanced_080,circular_two_hotspots,7,3.162277660168379e-07,1.329838097787055,0.37771081399181855
L224,UNRESOLVED_IMAGE,RIDGE_IDENTITY,1000.0,structure_balanced_080,circular_crescent,0,3.162277660168379e-07,2.9227472728068706,0.5551372660462985
L224,UNRESOLVED_IMAGE,RIDGE_IDENTITY,1000.0,structure_balanced_080,circular_crescent,1,3.162277660168379e-07,4.476467717235186,0.4071565186190143
L224,UNRESOLVED_IMAGE,RIDGE_IDENTITY,1000.0,structure_balanced_080,circular_crescent,2,3.162277660168379e-07,3.7779844415795885,0.3400773645387898
L224,UNRESOLVED_IMAGE,RIDGE_IDENTITY,1000.0,structure_balanced_080,circular_crescent,3,3.162277660168379e-07,2.95926659509575,0.22690928733265814
L224,UNRESOLVED_IMAGE,RIDGE_IDENTITY,1000.0,structure_balanced_080,circular_crescent,4,3.162277660168379e-07,3.3655328103906896,0.5765200417372227
L224,UNRESOLVED_IMAGE,RIDGE_IDENTITY,1000.0,structure_balanced_080,circular_crescent,5,3.162277660168379e-07,1.8389172000887792,0.2727180353157529
L224,UNRESOLVED_IMAGE,RIDGE_IDENTITY,1000.0,structure_balanced_080,circular_crescent,6,3.162277660168379e-07,3.0083353355754086,0.27648734327821456
L224,UNRESOLVED_IMAGE,RIDGE_IDENTITY,1000.0,structure_balanced_080,circular_crescent,7,3.162277660168379e-07,2.4752138675965454,0.28501934086116004
L224,UNRESOLVED_IMAGE,RIDGE_IDENTITY,1000.0,structure_balanced_080,plunging_hotspot,0,3.162277660168379e-07,0.778106502815386,0.36862887167355873
L224,UNRESOLVED_IMAGE,RIDGE_IDENTITY,1000.0,structure_balanced_080,plunging_hotspot,1,3.162277660168379e-07,1.007085519674494,0.756588167153035
L224,UNRESOLVED_IMAGE,RIDGE_IDENTITY,1000.0,structure_balanced_080,plunging_hotspot,2,3.162277660168379e-07,1.184527617990156,0.6826851346960094
L224,UNRESOLVED_IMAGE,RIDGE_IDENTITY,1000.0,structure_balanced_080,plunging_hotspot,3,3.162277660168379e-07,1.1106920891775793,0.372958298453516
L224,UNRESOLVED_IMAGE,RIDGE_IDENTITY,1000.0,structure_balanced_080,plunging_hotspot,4,3.162277660168379e-07,1.1083713194332923,0.4981651165867562
L224,UNRESOLVED_IMAGE,RIDGE_IDENTITY,1000.0,structure_balanced_080,plunging_hotspot,5,3.162277660168379e-07,1.000042858831462,0.5215253105423217
L224,UNRESOLVED_IMAGE,RIDGE_IDENTITY,1000.0,structure_balanced_080,plunging_hotspot,6,3.162277660168379e-07,1.8193403609393541,0.5279936640459383
L224,UNRESOLVED_IMAGE,RIDGE_IDENTITY,1000.0,structure_balanced_080,plunging_hotspot,7,3.162277660168379e-07,1.9430511546818938,0.7709248067630988
L224,TOTAL_FLUX,TSVD,100.0,constant_flux_structural,circular_single_hotspot,0,1.0,17.878569830430745,1.0490843306720685
L224,TOTAL_FLUX,TSVD,100.0,constant_flux_structural,circular_single_hotspot,1,1.0,11.26949691825602,1.10022172117442
L224,TOTAL_FLUX,TSVD,100.0,constant_flux_structural,circular_single_hotspot,2,1.0,10.375254509763204,1.0716104196904221
L224,TOTAL_FLUX,TSVD,100.0,constant_flux_structural,circular_single_hotspot,3,1.0,18.989320896685868,1.1206873749886186
L224,TOTAL_FLUX,TSVD,100.0,constant_flux_structural,circular_single_hotspot,4,1.0,22.767085986078907,1.0602646526035215
L224,TOTAL_FLUX,TSVD,100.0,constant_flux_structural,circular_single_hotspot,5,1.0,23.547900767227198,1.0168348144688644
L224,TOTAL_FLUX,TSVD,100.0,constant_flux_structural,circular_single_hotspot,6,1.0,14.358705667111614,1.1745461406015298
L224,TOTAL_FLUX,TSVD,100.0,constant_flux_structural,circular_single_hotspot,7,1.0,21.259316086668367,0.9728451437164938
L224,TOTAL_FLUX,TSVD,100.0,constant_flux_structural,circular_two_hotspots,0,1.0,9.491849804942875,1.1182824225124677
L224,TOTAL_FLUX,TSVD,100.0,constant_flux_structural,circular_two_hotspots,1,1.0,10.807485462334707,1.0954229570907483
L224,TOTAL_FLUX,TSVD,100.0,constant_flux_structural,circular_two_hotspots,2,1.0,9.59341031708872,1.1359433757099464
L224,TOTAL_FLUX,TSVD,100.0,constant_flux_structural,circular_two_hotspots,3,1.0,8.0459429879765,1.1680295896190733
L224,TOTAL_FLUX,TSVD,100.0,constant_flux_structural,circular_two_hotspots,4,1.0,16.82794636193305,1.0275919818793033
L224,TOTAL_FLUX,TSVD,100.0,constant_flux_structural,circular_two_hotspots,5,1.0,13.422586450893583,1.130672944471669
L224,TOTAL_FLUX,TSVD,100.0,constant_flux_structural,circular_two_hotspots,6,1.0,23.97343500259706,1.0882230032622893
L224,TOTAL_FLUX,TSVD,100.0,constant_flux_structural,circular_two_hotspots,7,1.0,14.875266106136111,1.090494089053711
L224,TOTAL_FLUX,TSVD,100.0,constant_flux_structural,circular_crescent,0,1.0,8.55516194938879,1.2220358616621734
L224,TOTAL_FLUX,TSVD,100.0,constant_flux_structural,circular_crescent,1,1.0,16.961567381002965,0.9397395579813033
L224,TOTAL_FLUX,TSVD,100.0,constant_flux_structural,circular_crescent,2,1.0,10.09730305190565,1.1138915132832623
L224,TOTAL_FLUX,TSVD,100.0,constant_flux_structural,circular_crescent,3,1.0,14.441793326714434,0.9488666790920559
L224,TOTAL_FLUX,TSVD,100.0,constant_flux_structural,circular_crescent,4,1.0,9.739897835945426,1.0808904322770583
L224,TOTAL_FLUX,TSVD,100.0,constant_flux_structural,circular_crescent,5,1.0,9.92276359177709,1.1881007526371272
L224,TOTAL_FLUX,TSVD,100.0,constant_flux_structural,circular_crescent,6,1.0,10.072749778706354,1.1275657979084404
L224,TOTAL_FLUX,TSVD,100.0,constant_flux_structural,circular_crescent,7,1.0,8.823492222687001,1.2566770123791144
L224,TOTAL_FLUX,TSVD,100.0,constant_flux_structural,plunging_hotspot,0,1.0,27.271503614412854,0.959595212192847
L224,TOTAL_FLUX,TSVD,100.0,constant_flux_structural,plunging_hotspot,1,1.0,27.01402788078925,1.0046086122875866
L224,TOTAL_FLUX,TSVD,100.0,constant_flux_structural,plunging_hotspot,2,1.0,34.14386652983304,1.0108070352609457
L224,TOTAL_FLUX,TSVD,100.0,constant_flux_structural,plunging_hotspot,3,1.0,37.931406974259154,1.011927724364455
L224,TOTAL_FLUX,TSVD,100.0,constant_flux_structural,plunging_hotspot,4,1.0,24.499612115745173,0.9654623316639014
L224,TOTAL_FLUX,TSVD,100.0,constant_flux_structural,plunging_hotspot,5,1.0,19.038325926298846,0.9460947760912548
L224,TOTAL_FLUX,TSVD,100.0,constant_flux_structural,plunging_hotspot,6,1.0,24.45684191310026,0.9979055982079326
L224,TOTAL_FLUX,TSVD,100.0,constant_flux_structural,plunging_hotspot,7,1.0,24.802472496607635,0.9993084100732008
L224,TOTAL_FLUX,TSVD,100.0,structure_balanced_050,circular_single_hotspot,0,1.0,1.810212739055646,0.8693613400078122
L224,TOTAL_FLUX,TSVD,100.0,structure_balanced_050,circular_single_hotspot,1,1.0,3.3122037082308484,1.2526858522223612
L224,TOTAL_FLUX,TSVD,100.0,structure_balanced_050,circular_single_hotspot,2,1.0,1.439296092589366,1.3272264126433289
L224,TOTAL_FLUX,TSVD,100.0,structure_balanced_050,circular_single_hotspot,3,1.0,2.7768937486619993,1.1851795627924209
L224,TOTAL_FLUX,TSVD,100.0,structure_balanced_050,circular_single_hotspot,4,1.0,3.09786831178831,0.8852523188715915
L224,TOTAL_FLUX,TSVD,100.0,structure_balanced_050,circular_single_hotspot,5,1.0,1.1568639998570447,1.246196445767533
L224,TOTAL_FLUX,TSVD,100.0,structure_balanced_050,circular_single_hotspot,6,1.0,4.242193694393973,1.3399836518741908
L224,TOTAL_FLUX,TSVD,100.0,structure_balanced_050,circular_single_hotspot,7,1.0,0.33410801556596825,1.1444763007216736
L224,TOTAL_FLUX,TSVD,100.0,structure_balanced_050,circular_two_hotspots,0,1.0,3.305687180734428,1.1007246480438313
L224,TOTAL_FLUX,TSVD,100.0,structure_balanced_050,circular_two_hotspots,1,1.0,3.604970884019285,1.2368206428531194
L224,TOTAL_FLUX,TSVD,100.0,structure_balanced_050,circular_two_hotspots,2,1.0,4.20124586668229,1.1338531310589848
L224,TOTAL_FLUX,TSVD,100.0,structure_balanced_050,circular_two_hotspots,3,1.0,3.354982700761643,1.2811156094510792
L224,TOTAL_FLUX,TSVD,100.0,structure_balanced_050,circular_two_hotspots,4,1.0,3.0944700667233835,1.1655492990010403
L224,TOTAL_FLUX,TSVD,100.0,structure_balanced_050,circular_two_hotspots,5,1.0,6.245626354414414,1.234109268689521
L224,TOTAL_FLUX,TSVD,100.0,structure_balanced_050,circular_two_hotspots,6,1.0,4.329549150159526,1.3099370862536268
L224,TOTAL_FLUX,TSVD,100.0,structure_balanced_050,circular_two_hotspots,7,1.0,2.743986628354489,1.180883742482246
L224,TOTAL_FLUX,TSVD,100.0,structure_balanced_050,circular_crescent,0,1.0,3.9088169005601165,0.9598934502979477
L224,TOTAL_FLUX,TSVD,100.0,structure_balanced_050,circular_crescent,1,1.0,4.269289917965843,1.1355940349052147
L224,TOTAL_FLUX,TSVD,100.0,structure_balanced_050,circular_crescent,2,1.0,4.970878321516318,1.025223627587318
L224,TOTAL_FLUX,TSVD,100.0,structure_balanced_050,circular_crescent,3,1.0,6.589422414207933,1.3171300803400228
L224,TOTAL_FLUX,TSVD,100.0,structure_balanced_050,circular_crescent,4,1.0,4.5533069205160865,1.4341023742409131
L224,TOTAL_FLUX,TSVD,100.0,structure_balanced_050,circular_crescent,5,1.0,2.9350610384921976,1.0816140482180687
L224,TOTAL_FLUX,TSVD,100.0,structure_balanced_050,circular_crescent,6,1.0,3.5909150776870122,1.0193862249774877
L224,TOTAL_FLUX,TSVD,100.0,structure_balanced_050,circular_crescent,7,1.0,3.7855209361943407,1.2833532333277908
L224,TOTAL_FLUX,TSVD,100.0,structure_balanced_050,plunging_hotspot,0,1.0,0.4562555567936789,1.2878655419558904
L224,TOTAL_FLUX,TSVD,100.0,structure_balanced_050,plunging_hotspot,1,1.0,0.6432059448070008,1.230843386070134
L224,TOTAL_FLUX,TSVD,100.0,structure_balanced_050,plunging_hotspot,2,1.0,1.7244069855213375,1.2029373714961782
L224,TOTAL_FLUX,TSVD,100.0,structure_balanced_050,plunging_hotspot,3,1.0,0.7941441785460177,1.328981509467313
L224,TOTAL_FLUX,TSVD,100.0,structure_balanced_050,plunging_hotspot,4,1.0,0.8974825815292518,1.224147683943035
L224,TOTAL_FLUX,TSVD,100.0,structure_balanced_050,plunging_hotspot,5,1.0,0.965973801904708,1.335990763644171
L224,TOTAL_FLUX,TSVD,100.0,structure_balanced_050,plunging_hotspot,6,1.0,1.874637397954943,1.1807702443054218
L224,TOTAL_FLUX,TSVD,100.0,structure_balanced_050,plunging_hotspot,7,1.0,1.1952206873328224,1.3357552095698604
L224,TOTAL_FLUX,TSVD,100.0,structure_balanced_080,circular_single_hotspot,0,1.0,1.8918119750828621,1.0723660494138665
L224,TOTAL_FLUX,TSVD,100.0,structure_balanced_080,circular_single_hotspot,1,1.0,4.533262310804433,1.2263891008970367
L224,TOTAL_FLUX,TSVD,100.0,structure_balanced_080,circular_single_hotspot,2,1.0,0.8221504360909242,1.21211306061329
L224,TOTAL_FLUX,TSVD,100.0,structure_balanced_080,circular_single_hotspot,3,1.0,3.5709315722057315,0.9575599363863754
L224,TOTAL_FLUX,TSVD,100.0,structure_balanced_080,circular_single_hotspot,4,1.0,1.909802563485044,1.0949850719753522
L224,TOTAL_FLUX,TSVD,100.0,structure_balanced_080,circular_single_hotspot,5,1.0,0.29006652157042867,0.9729321278538167
L224,TOTAL_FLUX,TSVD,100.0,structure_balanced_080,circular_single_hotspot,6,1.0,5.281949419821889,1.1343862454680191
L224,TOTAL_FLUX,TSVD,100.0,structure_balanced_080,circular_single_hotspot,7,1.0,1.852290086838502,1.023616992784262
L224,TOTAL_FLUX,TSVD,100.0,structure_balanced_080,circular_two_hotspots,0,1.0,2.8325152710472254,1.1960200846921687
L224,TOTAL_FLUX,TSVD,100.0,structure_balanced_080,circular_two_hotspots,1,1.0,3.2046281589105483,1.042015660027111
L224,TOTAL_FLUX,TSVD,100.0,structure_balanced_080,circular_two_hotspots,2,1.0,4.122836662668519,1.0898135452450644
L224,TOTAL_FLUX,TSVD,100.0,structure_balanced_080,circular_two_hotspots,3,1.0,4.102088004032224,0.9867489684185531
L224,TOTAL_FLUX,TSVD,100.0,structure_balanced_080,circular_two_hotspots,4,1.0,2.6433798953510292,1.224197980594355
L224,TOTAL_FLUX,TSVD,100.0,structure_balanced_080,circular_two_hotspots,5,1.0,3.7425910126307436,1.1226034679902763
L224,TOTAL_FLUX,TSVD,100.0,structure_balanced_080,circular_two_hotspots,6,1.0,3.132939669375313,0.7037105201897413
L224,TOTAL_FLUX,TSVD,100.0,structure_balanced_080,circular_two_hotspots,7,1.0,2.087821209295444,1.2472963522393752
L224,TOTAL_FLUX,TSVD,100.0,structure_balanced_080,circular_crescent,0,1.0,3.999947079242167,1.4910785696443078
L224,TOTAL_FLUX,TSVD,100.0,structure_balanced_080,circular_crescent,1,1.0,5.3206706154712275,1.221513733404533
L224,TOTAL_FLUX,TSVD,100.0,structure_balanced_080,circular_crescent,2,1.0,4.729936484549716,1.247869613524636
L224,TOTAL_FLUX,TSVD,100.0,structure_balanced_080,circular_crescent,3,1.0,5.2111792802676185,1.02163885433797
L224,TOTAL_FLUX,TSVD,100.0,structure_balanced_080,circular_crescent,4,1.0,4.59874504560482,1.4464276693921712
L224,TOTAL_FLUX,TSVD,100.0,structure_balanced_080,circular_crescent,5,1.0,2.6903984997852524,0.7448002539414603
L224,TOTAL_FLUX,TSVD,100.0,structure_balanced_080,circular_crescent,6,1.0,5.035173837339173,0.9908587225340065
L224,TOTAL_FLUX,TSVD,100.0,structure_balanced_080,circular_crescent,7,1.0,3.8580013161769386,1.0471079570977622
L224,TOTAL_FLUX,TSVD,100.0,structure_balanced_080,plunging_hotspot,0,1.0,0.716071453158386,1.2104439508318627
L224,TOTAL_FLUX,TSVD,100.0,structure_balanced_080,plunging_hotspot,1,1.0,0.979427149218145,1.2076070306491176
L224,TOTAL_FLUX,TSVD,100.0,structure_balanced_080,plunging_hotspot,2,1.0,1.1214313885845044,1.1667713023996322
L224,TOTAL_FLUX,TSVD,100.0,structure_balanced_080,plunging_hotspot,3,1.0,1.0360584284294505,1.3820544073901573
L224,TOTAL_FLUX,TSVD,100.0,structure_balanced_080,plunging_hotspot,4,1.0,0.9741312191457109,1.2380174615621533
L224,TOTAL_FLUX,TSVD,100.0,structure_balanced_080,plunging_hotspot,5,1.0,0.9496549000291457,1.2930408003824079
L224,TOTAL_FLUX,TSVD,100.0,structure_balanced_080,plunging_hotspot,6,1.0,1.8053970786218863,1.1863226325031433
L224,TOTAL_FLUX,TSVD,100.0,structure_balanced_080,plunging_hotspot,7,1.0,1.6704529579378746,1.2131397841446174
L224,TOTAL_FLUX,TSVD,1000.0,constant_flux_structural,circular_single_hotspot,0,1.0,17.87857800534465,1.0490804391790354
L224,TOTAL_FLUX,TSVD,1000.0,constant_flux_structural,circular_single_hotspot,1,1.0,11.269501289752924,1.1002275246371136
L224,TOTAL_FLUX,TSVD,1000.0,constant_flux_structural,circular_single_hotspot,2,1.0,10.37525457552887,1.071608832986394
L224,TOTAL_FLUX,TSVD,1000.0,constant_flux_structural,circular_single_hotspot,3,1.0,18.989318169216826,1.1206932095252435
L224,TOTAL_FLUX,TSVD,1000.0,constant_flux_structural,circular_single_hotspot,4,1.0,22.76709150685149,1.0602596010598084
L224,TOTAL_FLUX,TSVD,1000.0,constant_flux_structural,circular_single_hotspot,5,1.0,23.547900710790103,1.0168347833011606
L224,TOTAL_FLUX,TSVD,1000.0,constant_flux_structural,circular_single_hotspot,6,1.0,14.358706553605478,1.174543421547222
L224,TOTAL_FLUX,TSVD,1000.0,constant_flux_structural,circular_single_hotspot,7,1.0,21.259316039131495,0.9728456322887759
L224,TOTAL_FLUX,TSVD,1000.0,constant_flux_structural,circular_two_hotspots,0,1.0,9.491844139936257,1.1182741294965501
L224,TOTAL_FLUX,TSVD,1000.0,constant_flux_structural,circular_two_hotspots,1,1.0,10.80748378808319,1.0954208484083159
L224,TOTAL_FLUX,TSVD,1000.0,constant_flux_structural,circular_two_hotspots,2,1.0,9.593409132425139,1.1359385393399637
L224,TOTAL_FLUX,TSVD,1000.0,constant_flux_structural,circular_two_hotspots,3,1.0,8.045949248501866,1.1680469506152225
L224,TOTAL_FLUX,TSVD,1000.0,constant_flux_structural,circular_two_hotspots,4,1.0,16.82794665174987,1.0275926922081344
L224,TOTAL_FLUX,TSVD,1000.0,constant_flux_structural,circular_two_hotspots,5,1.0,13.422584000799835,1.1306604159390958
L224,TOTAL_FLUX,TSVD,1000.0,constant_flux_structural,circular_two_hotspots,6,1.0,23.97343051307132,1.0882249866054081
L224,TOTAL_FLUX,TSVD,1000.0,constant_flux_structural,circular_two_hotspots,7,1.0,14.875266080530599,1.090493884938942
L224,TOTAL_FLUX,TSVD,1000.0,constant_flux_structural,circular_crescent,0,1.0,8.555161371378155,1.2220347088256778
L224,TOTAL_FLUX,TSVD,1000.0,constant_flux_structural,circular_crescent,1,1.0,16.96156722304682,0.9397390077691218
L224,TOTAL_FLUX,TSVD,1000.0,constant_flux_structural,circular_crescent,2,1.0,10.097299930340345,1.1138870429897714
L224,TOTAL_FLUX,TSVD,1000.0,constant_flux_structural,circular_crescent,3,1.0,14.441793657363846,0.9488669592802186
L224,TOTAL_FLUX,TSVD,1000.0,constant_flux_structural,circular_crescent,4,1.0,9.73990004741893,1.0808936197735046
L224,TOTAL_FLUX,TSVD,1000.0,constant_flux_structural,circular_crescent,5,1.0,9.922761333357734,1.1880950357725184
L224,TOTAL_FLUX,TSVD,1000.0,constant_flux_structural,circular_crescent,6,1.0,10.072754253332128,1.1275722944641295
L224,TOTAL_FLUX,TSVD,1000.0,constant_flux_structural,circular_crescent,7,1.0,8.823489752149545,1.2566869570762143
L224,TOTAL_FLUX,TSVD,1000.0,constant_flux_structural,plunging_hotspot,0,1.0,27.271504766942222,0.9595960346455855
L224,TOTAL_FLUX,TSVD,1000.0,constant_flux_structural,plunging_hotspot,1,1.0,27.01402611981607,1.004607463317957
L224,TOTAL_FLUX,TSVD,1000.0,constant_flux_structural,plunging_hotspot,2,1.0,34.14386345696264,1.0108050448199735
L224,TOTAL_FLUX,TSVD,1000.0,constant_flux_structural,plunging_hotspot,3,1.0,37.93140553115171,1.011926789943572
L224,TOTAL_FLUX,TSVD,1000.0,constant_flux_structural,plunging_hotspot,4,1.0,24.49960678082334,0.9654587645522228
L224,TOTAL_FLUX,TSVD,1000.0,constant_flux_structural,plunging_hotspot,5,1.0,19.0383200077232,0.9460899324935129
L224,TOTAL_FLUX,TSVD,1000.0,constant_flux_structural,plunging_hotspot,6,1.0,24.456832794941697,0.9978988251302082
L224,TOTAL_FLUX,TSVD,1000.0,constant_flux_structural,plunging_hotspot,7,1.0,24.802469762542287,0.9993063701912257
L224,TOTAL_FLUX,TSVD,1000.0,structure_balanced_050,circular_single_hotspot,0,1.0,1.8102196242966202,0.8694255746746985
L224,TOTAL_FLUX,TSVD,1000.0,structure_balanced_050,circular_single_hotspot,1,1.0,3.3122026986457636,1.2526751098721762
L224,TOTAL_FLUX,TSVD,1000.0,structure_balanced_050,circular_single_hotspot,2,1.0,1.4392947667189557,1.3272583531935083
L224,TOTAL_FLUX,TSVD,1000.0,structure_balanced_050,circular_single_hotspot,3,1.0,2.7768912561105488,1.1852114336732216
L224,TOTAL_FLUX,TSVD,1000.0,structure_balanced_050,circular_single_hotspot,4,1.0,3.0978606268630355,0.8852378398744419
L224,TOTAL_FLUX,TSVD,1000.0,structure_balanced_050,circular_single_hotspot,5,1.0,1.156861034244439,1.2462975270080991
L224,TOTAL_FLUX,TSVD,1000.0,structure_balanced_050,circular_single_hotspot,6,1.0,4.242193342750245,1.3399820407237903
L224,TOTAL_FLUX,TSVD,1000.0,structure_balanced_050,circular_single_hotspot,7,1.0,0.3341085040772895,1.1446934421815196
L224,TOTAL_FLUX,TSVD,1000.0,structure_balanced_050,circular_two_hotspots,0,1.0,3.305689263457565,1.1007455333514968
L224,TOTAL_FLUX,TSVD,1000.0,structure_balanced_050,circular_two_hotspots,1,1.0,3.604963414816943,1.2367781071248714
L224,TOTAL_FLUX,TSVD,1000.0,structure_balanced_050,circular_two_hotspots,2,1.0,4.201242091890551,1.133838363703265
L224,TOTAL_FLUX,TSVD,1000.0,structure_balanced_050,circular_two_hotspots,3,1.0,3.354987130423131,1.2811454601411896
L224,TOTAL_FLUX,TSVD,1000.0,structure_balanced_050,circular_two_hotspots,4,1.0,3.0944671453293617,1.165528262487873
L224,TOTAL_FLUX,TSVD,1000.0,structure_balanced_050,circular_two_hotspots,5,1.0,6.245623398785564,1.234100553029753
L224,TOTAL_FLUX,TSVD,1000.0,structure_balanced_050,circular_two_hotspots,6,1.0,4.329545668807668,1.3099202356612847
L224,TOTAL_FLUX,TSVD,1000.0,structure_balanced_050,circular_two_hotspots,7,1.0,2.7439913435356984,1.180836288590694
L224,TOTAL_FLUX,TSVD,1000.0,structure_balanced_050,circular_crescent,0,1.0,3.908815307911599,0.959914809423861
L224,TOTAL_FLUX,TSVD,1000.0,structure_balanced_050,circular_crescent,1,1.0,4.269290093508335,1.135601293860168
L224,TOTAL_FLUX,TSVD,1000.0,structure_balanced_050,circular_crescent,2,1.0,4.970877193442869,1.0252451602022141
L224,TOTAL_FLUX,TSVD,1000.0,structure_balanced_050,circular_crescent,3,1.0,6.589426445069552,1.3171395887477724
L224,TOTAL_FLUX,TSVD,1000.0,structure_balanced_050,circular_crescent,4,1.0,4.553314304754539,1.434132488355187
L224,TOTAL_FLUX,TSVD,1000.0,structure_balanced_050,circular_crescent,5,1.0,2.9350608528569104,1.0816162190552792
L224,TOTAL_FLUX,TSVD,1000.0,structure_balanced_050,circular_crescent,6,1.0,3.590916254315518,1.0193917550570737
L224,TOTAL_FLUX,TSVD,1000.0,structure_balanced_050,circular_crescent,7,1.0,3.7855190876089084,1.2833400411627722
L224,TOTAL_FLUX,TSVD,1000.0,structure_balanced_050,plunging_hotspot,0,1.0,0.45625755451890837,1.2879572356524183
L224,TOTAL_FLUX,TSVD,1000.0,structure_balanced_050,plunging_hotspot,1,1.0,0.6432014375575814,1.23069694235067
L224,TOTAL_FLUX,TSVD,1000.0,structure_balanced_050,plunging_hotspot,2,1.0,1.7244064925990754,1.2029322926419919
L224,TOTAL_FLUX,TSVD,1000.0,structure_balanced_050,plunging_hotspot,3,1.0,0.7941451045658888,1.329007537793143
L224,TOTAL_FLUX,TSVD,1000.0,structure_balanced_050,plunging_hotspot,4,1.0,0.8974771288423308,1.2240271799225968
L224,TOTAL_FLUX,TSVD,1000.0,structure_balanced_050,plunging_hotspot,5,1.0,0.9659910865895212,1.3364419178866682
L224,TOTAL_FLUX,TSVD,1000.0,structure_balanced_050,plunging_hotspot,6,1.0,1.8746336096728589,1.1807357832888163
L224,TOTAL_FLUX,TSVD,1000.0,structure_balanced_050,plunging_hotspot,7,1.0,1.1952235366180877,1.3358210930833156
L224,TOTAL_FLUX,TSVD,1000.0,structure_balanced_080,circular_single_hotspot,0,1.0,1.8918109488082386,1.0723472916251962
L224,TOTAL_FLUX,TSVD,1000.0,structure_balanced_080,circular_single_hotspot,1,1.0,4.533258367238249,1.2263700187553195
L224,TOTAL_FLUX,TSVD,1000.0,structure_balanced_080,circular_single_hotspot,2,1.0,0.8221480021781888,1.2120529050024225
L224,TOTAL_FLUX,TSVD,1000.0,structure_balanced_080,circular_single_hotspot,3,1.0,3.570930119560523,0.9575586215977716
L224,TOTAL_FLUX,TSVD,1000.0,structure_balanced_080,circular_single_hotspot,4,1.0,1.909799124656978,1.0949590446491049
L224,TOTAL_FLUX,TSVD,1000.0,structure_balanced_080,circular_single_hotspot,5,1.0,0.290063210359109,0.9727565598494624
L224,TOTAL_FLUX,TSVD,1000.0,structure_balanced_080,circular_single_hotspot,6,1.0,5.281946391086484,1.1343664307024621
L224,TOTAL_FLUX,TSVD,1000.0,structure_balanced_080,circular_single_hotspot,7,1.0,1.8522923880831315,1.0236399896210535
L224,TOTAL_FLUX,TSVD,1000.0,structure_balanced_080,circular_two_hotspots,0,1.0,2.8325147222310334,1.1959882861838773
L224,TOTAL_FLUX,TSVD,1000.0,structure_balanced_080,circular_two_hotspots,1,1.0,3.2046322654386428,1.0419907269928754
L224,TOTAL_FLUX,TSVD,1000.0,structure_balanced_080,circular_two_hotspots,2,1.0,4.122836981464479,1.089806271934366
L224,TOTAL_FLUX,TSVD,1000.0,structure_balanced_080,circular_two_hotspots,3,1.0,4.1020868069292735,0.9867428612333862
L224,TOTAL_FLUX,TSVD,1000.0,structure_balanced_080,circular_two_hotspots,4,1.0,2.64338182611641,1.2242125823851677
L224,TOTAL_FLUX,TSVD,1000.0,structure_balanced_080,circular_two_hotspots,5,1.0,3.7425869432449588,1.122583201602679
L224,TOTAL_FLUX,TSVD,1000.0,structure_balanced_080,circular_two_hotspots,6,1.0,3.1329447461035453,0.7037279033709816
L224,TOTAL_FLUX,TSVD,1000.0,structure_balanced_080,circular_two_hotspots,7,1.0,2.087823106299465,1.2472836933317009
L224,TOTAL_FLUX,TSVD,1000.0,structure_balanced_080,circular_crescent,0,1.0,3.9999462423309082,1.4910734477771987
L224,TOTAL_FLUX,TSVD,1000.0,structure_balanced_080,circular_crescent,1,1.0,5.320682296745696,1.2215461272394106
L224,TOTAL_FLUX,TSVD,1000.0,structure_balanced_080,circular_crescent,2,1.0,4.729930554711836,1.2478499586480623
L224,TOTAL_FLUX,TSVD,1000.0,structure_balanced_080,circular_crescent,3,1.0,5.211178008266451,1.0216534395468377
L224,TOTAL_FLUX,TSVD,1000.0,structure_balanced_080,circular_crescent,4,1.0,4.598746295781517,1.4464335588218131
L224,TOTAL_FLUX,TSVD,1000.0,structure_balanced_080,circular_crescent,5,1.0,2.6903978458686666,0.7447858315185933
L224,TOTAL_FLUX,TSVD,1000.0,structure_balanced_080,circular_crescent,6,1.0,5.035170774317034,0.990845122591953
L224,TOTAL_FLUX,TSVD,1000.0,structure_balanced_080,circular_crescent,7,1.0,3.8580012977681135,1.0471069490553648
L224,TOTAL_FLUX,TSVD,1000.0,structure_balanced_080,plunging_hotspot,0,1.0,0.7160695877645451,1.210395332081528
L224,TOTAL_FLUX,TSVD,1000.0,structure_balanced_080,plunging_hotspot,1,1.0,0.9794373108857491,1.2078196609659013
L224,TOTAL_FLUX,TSVD,1000.0,structure_balanced_080,plunging_hotspot,2,1.0,1.1214253078381344,1.1666741822444662
L224,TOTAL_FLUX,TSVD,1000.0,structure_balanced_080,plunging_hotspot,3,1.0,1.0360551765787807,1.3819656596233805
L224,TOTAL_FLUX,TSVD,1000.0,structure_balanced_080,plunging_hotspot,4,1.0,0.9741210349153766,1.237821870265841
L224,TOTAL_FLUX,TSVD,1000.0,structure_balanced_080,plunging_hotspot,5,1.0,0.9496575728218449,1.293111458451492
L224,TOTAL_FLUX,TSVD,1000.0,structure_balanced_080,plunging_hotspot,6,1.0,1.8053988646515573,1.1863413346487799
L224,TOTAL_FLUX,TSVD,1000.0,structure_balanced_080,plunging_hotspot,7,1.0,1.6704672062975747,1.213316855505163
L224,TOTAL_FLUX,RIDGE_IDENTITY,100.0,constant_flux_structural,circular_single_hotspot,0,1.0,18.09897726650363,0.9860307882517076
L224,TOTAL_FLUX,RIDGE_IDENTITY,100.0,constant_flux_structural,circular_single_hotspot,1,1.0,11.222419991306994,1.0401026318672262
L224,TOTAL_FLUX,RIDGE_IDENTITY,100.0,constant_flux_structural,circular_single_hotspot,2,1.0,10.402319365637407,0.9758236252871758
L224,TOTAL_FLUX,RIDGE_IDENTITY,100.0,constant_flux_structural,circular_single_hotspot,3,1.0,19.04471640004056,1.0433596918986685
L224,TOTAL_FLUX,RIDGE_IDENTITY,100.0,constant_flux_structural,circular_single_hotspot,4,1.0,22.8440617247912,1.014489974843134
L224,TOTAL_FLUX,RIDGE_IDENTITY,100.0,constant_flux_structural,circular_single_hotspot,5,1.0,23.524084657891567,1.006051018678377
L224,TOTAL_FLUX,RIDGE_IDENTITY,100.0,constant_flux_structural,circular_single_hotspot,6,1.0,14.410998555467748,1.0670858543220367
L224,TOTAL_FLUX,RIDGE_IDENTITY,100.0,constant_flux_structural,circular_single_hotspot,7,1.0,21.273304952599695,0.9691752276505491
L224,TOTAL_FLUX,RIDGE_IDENTITY,100.0,constant_flux_structural,circular_two_hotspots,0,1.0,9.447386511224781,1.049816788732137
L224,TOTAL_FLUX,RIDGE_IDENTITY,100.0,constant_flux_structural,circular_two_hotspots,1,1.0,10.74520034977568,1.0260602167145065
L224,TOTAL_FLUX,RIDGE_IDENTITY,100.0,constant_flux_structural,circular_two_hotspots,2,1.0,9.569994743505095,1.0241750317116087
L224,TOTAL_FLUX,RIDGE_IDENTITY,100.0,constant_flux_structural,circular_two_hotspots,3,1.0,7.991394434762461,1.0240116365923313
L224,TOTAL_FLUX,RIDGE_IDENTITY,100.0,constant_flux_structural,circular_two_hotspots,4,1.0,16.81996114236114,0.9983925718302589
L224,TOTAL_FLUX,RIDGE_IDENTITY,100.0,constant_flux_structural,circular_two_hotspots,5,1.0,13.413439174922027,1.050499606676329
L224,TOTAL_FLUX,RIDGE_IDENTITY,100.0,constant_flux_structural,circular_two_hotspots,6,1.0,24.168857983682265,1.0241845077941754
L224,TOTAL_FLUX,RIDGE_IDENTITY,100.0,constant_flux_structural,circular_two_hotspots,7,1.0,14.87351557967834,1.0337561817768037
L224,TOTAL_FLUX,RIDGE_IDENTITY,100.0,constant_flux_structural,circular_crescent,0,1.0,8.486310516556586,1.0897844869125448
L224,TOTAL_FLUX,RIDGE_IDENTITY,100.0,constant_flux_structural,circular_crescent,1,1.0,16.967811369979124,0.9276927786034619
L224,TOTAL_FLUX,RIDGE_IDENTITY,100.0,constant_flux_structural,circular_crescent,2,1.0,10.05424800215675,1.055028410059795
L224,TOTAL_FLUX,RIDGE_IDENTITY,100.0,constant_flux_structural,circular_crescent,3,1.0,14.399838325360227,0.9369366196120262
L224,TOTAL_FLUX,RIDGE_IDENTITY,100.0,constant_flux_structural,circular_crescent,4,1.0,9.711930511824075,1.039499219173806
L224,TOTAL_FLUX,RIDGE_IDENTITY,100.0,constant_flux_structural,circular_crescent,5,1.0,9.878681834590942,1.0723110202438664
L224,TOTAL_FLUX,RIDGE_IDENTITY,100.0,constant_flux_structural,circular_crescent,6,1.0,10.022503003839045,1.0579182714534243
L224,TOTAL_FLUX,RIDGE_IDENTITY,100.0,constant_flux_structural,circular_crescent,7,1.0,8.892583342127647,1.0820363784820919
L224,TOTAL_FLUX,RIDGE_IDENTITY,100.0,constant_flux_structural,plunging_hotspot,0,1.0,27.286389846740057,0.9797914431731622
L224,TOTAL_FLUX,RIDGE_IDENTITY,100.0,constant_flux_structural,plunging_hotspot,1,1.0,27.010124357592467,1.002368968761294
L224,TOTAL_FLUX,RIDGE_IDENTITY,100.0,constant_flux_structural,plunging_hotspot,2,1.0,34.1357644194098,1.0053626405837865
L224,TOTAL_FLUX,RIDGE_IDENTITY,100.0,constant_flux_structural,plunging_hotspot,3,1.0,37.92238051230288,1.0059087745733288
L224,TOTAL_FLUX,RIDGE_IDENTITY,100.0,constant_flux_structural,plunging_hotspot,4,1.0,24.52826534264656,0.9811019803885743
L224,TOTAL_FLUX,RIDGE_IDENTITY,100.0,constant_flux_structural,plunging_hotspot,5,1.0,19.070648178920443,0.971861151820685
L224,TOTAL_FLUX,RIDGE_IDENTITY,100.0,constant_flux_structural,plunging_hotspot,6,1.0,24.45791455928999,0.9989485472316142
L224,TOTAL_FLUX,RIDGE_IDENTITY,100.0,constant_flux_structural,plunging_hotspot,7,1.0,24.80270114774067,0.999650988025843
L224,TOTAL_FLUX,RIDGE_IDENTITY,100.0,structure_balanced_050,circular_single_hotspot,0,1.0,1.799394891689962,0.827930628237242
L224,TOTAL_FLUX,RIDGE_IDENTITY,100.0,structure_balanced_050,circular_single_hotspot,1,1.0,3.3020754892056354,1.1105721509847593
L224,TOTAL_FLUX,RIDGE_IDENTITY,100.0,structure_balanced_050,circular_single_hotspot,2,1.0,1.4527673484597794,1.1165891936491943
L224,TOTAL_FLUX,RIDGE_IDENTITY,100.0,structure_balanced_050,circular_single_hotspot,3,1.0,2.806145389999865,1.0031252360490956
L224,TOTAL_FLUX,RIDGE_IDENTITY,100.0,structure_balanced_050,circular_single_hotspot,4,1.0,3.0687579329403127,0.8837133335499345
L224,TOTAL_FLUX,RIDGE_IDENTITY,100.0,structure_balanced_050,circular_single_hotspot,5,1.0,1.1679931859765253,1.046817469580632
L224,TOTAL_FLUX,RIDGE_IDENTITY,100.0,structure_balanced_050,circular_single_hotspot,6,1.0,4.199071925046517,1.1404426350811872
L224,TOTAL_FLUX,RIDGE_IDENTITY,100.0,structure_balanced_050,circular_single_hotspot,7,1.0,0.3348472366482166,0.9592483970018897
L224,TOTAL_FLUX,RIDGE_IDENTITY,100.0,structure_balanced_050,circular_two_hotspots,0,1.0,3.2971550428837952,0.9914140213700426
L224,TOTAL_FLUX,RIDGE_IDENTITY,100.0,structure_balanced_050,circular_two_hotspots,1,1.0,3.575823084063124,1.0828314890178432
L224,TOTAL_FLUX,RIDGE_IDENTITY,100.0,structure_balanced_050,circular_two_hotspots,2,1.0,4.161562483072357,1.0010865763589072
L224,TOTAL_FLUX,RIDGE_IDENTITY,100.0,structure_balanced_050,circular_two_hotspots,3,1.0,3.328484553381929,1.0928372765085683
L224,TOTAL_FLUX,RIDGE_IDENTITY,100.0,structure_balanced_050,circular_two_hotspots,4,1.0,3.077660876110815,1.042840123671843
L224,TOTAL_FLUX,RIDGE_IDENTITY,100.0,structure_balanced_050,circular_two_hotspots,5,1.0,6.202478975174148,1.103800295750105
L224,TOTAL_FLUX,RIDGE_IDENTITY,100.0,structure_balanced_050,circular_two_hotspots,6,1.0,4.286361480198707,1.1032376405036313
L224,TOTAL_FLUX,RIDGE_IDENTITY,100.0,structure_balanced_050,circular_two_hotspots,7,1.0,2.779037997794688,0.998247054710764
L224,TOTAL_FLUX,RIDGE_IDENTITY,100.0,structure_balanced_050,circular_crescent,0,1.0,3.9319802276403397,0.8907132745303681
L224,TOTAL_FLUX,RIDGE_IDENTITY,100.0,structure_balanced_050,circular_crescent,1,1.0,4.277599059981889,0.9762561172810694
L224,TOTAL_FLUX,RIDGE_IDENTITY,100.0,structure_balanced_050,circular_crescent,2,1.0,4.993377286985268,0.9319274020562683
L224,TOTAL_FLUX,RIDGE_IDENTITY,100.0,structure_balanced_050,circular_crescent,3,1.0,6.509845930933706,1.1460105190453282
L224,TOTAL_FLUX,RIDGE_IDENTITY,100.0,structure_balanced_050,circular_crescent,4,1.0,4.491370557608886,1.1796118781597615
L224,TOTAL_FLUX,RIDGE_IDENTITY,100.0,structure_balanced_050,circular_crescent,5,1.0,2.9641935289070185,0.9433620135158002
L224,TOTAL_FLUX,RIDGE_IDENTITY,100.0,structure_balanced_050,circular_crescent,6,1.0,3.56696391039039,0.9382719930343784
L224,TOTAL_FLUX,RIDGE_IDENTITY,100.0,structure_balanced_050,circular_crescent,7,1.0,3.7570921296783863,1.0628337489317656
L224,TOTAL_FLUX,RIDGE_IDENTITY,100.0,structure_balanced_050,plunging_hotspot,0,1.0,0.4529572028710079,1.13244034859166
L224,TOTAL_FLUX,RIDGE_IDENTITY,100.0,structure_balanced_050,plunging_hotspot,1,1.0,0.6390851106726583,1.1019053376900936
L224,TOTAL_FLUX,RIDGE_IDENTITY,100.0,structure_balanced_050,plunging_hotspot,2,1.0,1.7137971262210911,1.0957166559119513
L224,TOTAL_FLUX,RIDGE_IDENTITY,100.0,structure_balanced_050,plunging_hotspot,3,1.0,0.7878626527918807,1.1506771582128417
L224,TOTAL_FLUX,RIDGE_IDENTITY,100.0,structure_balanced_050,plunging_hotspot,4,1.0,0.8921516285030049,1.1054438360716508
L224,TOTAL_FLUX,RIDGE_IDENTITY,100.0,structure_balanced_050,plunging_hotspot,5,1.0,0.9580987649457511,1.1419947727055115
L224,TOTAL_FLUX,RIDGE_IDENTITY,100.0,structure_balanced_050,plunging_hotspot,6,1.0,1.86398255144922,1.0859549039262713
L224,TOTAL_FLUX,RIDGE_IDENTITY,100.0,structure_balanced_050,plunging_hotspot,7,1.0,1.1869583685346479,1.1427724860407307
L224,TOTAL_FLUX,RIDGE_IDENTITY,100.0,structure_balanced_080,circular_single_hotspot,0,1.0,1.889081866868483,1.0177778582252646
L224,TOTAL_FLUX,RIDGE_IDENTITY,100.0,structure_balanced_080,circular_single_hotspot,1,1.0,4.506492383411172,1.1013633335087325
L224,TOTAL_FLUX,RIDGE_IDENTITY,100.0,structure_balanced_080,circular_single_hotspot,2,1.0,0.8151138192252174,1.0423971020927456
L224,TOTAL_FLUX,RIDGE_IDENTITY,100.0,structure_balanced_080,circular_single_hotspot,3,1.0,3.551878475410077,0.9585498371358461
L224,TOTAL_FLUX,RIDGE_IDENTITY,100.0,structure_balanced_080,circular_single_hotspot,4,1.0,1.8940152621717656,0.9954674123093148
L224,TOTAL_FLUX,RIDGE_IDENTITY,100.0,structure_balanced_080,circular_single_hotspot,5,1.0,0.2878892730710475,0.9005960536290722
L224,TOTAL_FLUX,RIDGE_IDENTITY,100.0,structure_balanced_080,circular_single_hotspot,6,1.0,5.268092113230586,1.0339551145131916
L224,TOTAL_FLUX,RIDGE_IDENTITY,100.0,structure_balanced_080,circular_single_hotspot,7,1.0,1.8378654850074203,0.916100337385749
L224,TOTAL_FLUX,RIDGE_IDENTITY,100.0,structure_balanced_080,circular_two_hotspots,0,1.0,2.8354400398167012,0.9904443290458504
L224,TOTAL_FLUX,RIDGE_IDENTITY,100.0,structure_balanced_080,circular_two_hotspots,1,1.0,3.233363008437898,0.9598779136066622
L224,TOTAL_FLUX,RIDGE_IDENTITY,100.0,structure_balanced_080,circular_two_hotspots,2,1.0,4.144131278916354,0.9634639023675247
L224,TOTAL_FLUX,RIDGE_IDENTITY,100.0,structure_balanced_080,circular_two_hotspots,3,1.0,4.0864960488260955,0.9274490541730915
L224,TOTAL_FLUX,RIDGE_IDENTITY,100.0,structure_balanced_080,circular_two_hotspots,4,1.0,2.6269254928623402,1.096763152381445
L224,TOTAL_FLUX,RIDGE_IDENTITY,100.0,structure_balanced_080,circular_two_hotspots,5,1.0,3.727578949487346,1.0488959954648343
L224,TOTAL_FLUX,RIDGE_IDENTITY,100.0,structure_balanced_080,circular_two_hotspots,6,1.0,3.117595023254939,0.7505082370108277
L224,TOTAL_FLUX,RIDGE_IDENTITY,100.0,structure_balanced_080,circular_two_hotspots,7,1.0,2.128449979484108,1.057863891421243
L224,TOTAL_FLUX,RIDGE_IDENTITY,100.0,structure_balanced_080,circular_crescent,0,1.0,3.9554848716168047,1.1923827338869237
L224,TOTAL_FLUX,RIDGE_IDENTITY,100.0,structure_balanced_080,circular_crescent,1,1.0,5.2778082555642705,1.1053678741196666
L224,TOTAL_FLUX,RIDGE_IDENTITY,100.0,structure_balanced_080,circular_crescent,2,1.0,4.688514573046952,1.112605588056081
L224,TOTAL_FLUX,RIDGE_IDENTITY,100.0,structure_balanced_080,circular_crescent,3,1.0,5.23255497154935,0.9510072815647779
L224,TOTAL_FLUX,RIDGE_IDENTITY,100.0,structure_balanced_080,circular_crescent,4,1.0,4.545707105392458,1.1844713114753151
L224,TOTAL_FLUX,RIDGE_IDENTITY,100.0,structure_balanced_080,circular_crescent,5,1.0,2.6939279641697818,0.7424992287925819
L224,TOTAL_FLUX,RIDGE_IDENTITY,100.0,structure_balanced_080,circular_crescent,6,1.0,5.020198783895111,0.9399502206932576
L224,TOTAL_FLUX,RIDGE_IDENTITY,100.0,structure_balanced_080,circular_crescent,7,1.0,3.864070091003851,0.9548158475788792
L224,TOTAL_FLUX,RIDGE_IDENTITY,100.0,structure_balanced_080,plunging_hotspot,0,1.0,0.7118811549102635,1.0987751996156736
L224,TOTAL_FLUX,RIDGE_IDENTITY,100.0,structure_balanced_080,plunging_hotspot,1,1.0,0.9733926866783333,1.0926728524198466
L224,TOTAL_FLUX,RIDGE_IDENTITY,100.0,structure_balanced_080,plunging_hotspot,2,1.0,1.1157958086854358,1.0791326959323058
L224,TOTAL_FLUX,RIDGE_IDENTITY,100.0,structure_balanced_080,plunging_hotspot,3,1.0,1.0285663730248487,1.1600174853797403
L224,TOTAL_FLUX,RIDGE_IDENTITY,100.0,structure_balanced_080,plunging_hotspot,4,1.0,0.9674086567448514,1.108712470867101
L224,TOTAL_FLUX,RIDGE_IDENTITY,100.0,structure_balanced_080,plunging_hotspot,5,1.0,0.9438012358398241,1.1249379922759288
L224,TOTAL_FLUX,RIDGE_IDENTITY,100.0,structure_balanced_080,plunging_hotspot,6,1.0,1.7960980043800494,1.0877675506085918
L224,TOTAL_FLUX,RIDGE_IDENTITY,100.0,structure_balanced_080,plunging_hotspot,7,1.0,1.660807033975452,1.0937546885123264
L224,TOTAL_FLUX,RIDGE_IDENTITY,1000.0,constant_flux_structural,circular_single_hotspot,0,1.0,18.098980311915327,0.9860300365748746
L224,TOTAL_FLUX,RIDGE_IDENTITY,1000.0,constant_flux_structural,circular_single_hotspot,1,1.0,11.222424747372623,1.0401043821624496
L224,TOTAL_FLUX,RIDGE_IDENTITY,1000.0,constant_flux_structural,circular_single_hotspot,2,1.0,10.402321570898819,0.9758225940636107
L224,TOTAL_FLUX,RIDGE_IDENTITY,1000.0,constant_flux_structural,circular_single_hotspot,3,1.0,19.04471556138207,1.0433609081806372
L224,TOTAL_FLUX,RIDGE_IDENTITY,1000.0,constant_flux_structural,circular_single_hotspot,4,1.0,22.84406413347564,1.0144888964624468
L224,TOTAL_FLUX,RIDGE_IDENTITY,1000.0,constant_flux_structural,circular_single_hotspot,5,1.0,23.524085255390936,1.0060511845914297
L224,TOTAL_FLUX,RIDGE_IDENTITY,1000.0,constant_flux_structural,circular_single_hotspot,6,1.0,14.41100193834782,1.0670841582763129
L224,TOTAL_FLUX,RIDGE_IDENTITY,1000.0,constant_flux_structural,circular_single_hotspot,7,1.0,21.273305447720887,0.9691750233173633
L224,TOTAL_FLUX,RIDGE_IDENTITY,1000.0,constant_flux_structural,circular_two_hotspots,0,1.0,9.447378437654733,1.0498146789916636
L224,TOTAL_FLUX,RIDGE_IDENTITY,1000.0,constant_flux_structural,circular_two_hotspots,1,1.0,10.745198573227206,1.0260596153237416
L224,TOTAL_FLUX,RIDGE_IDENTITY,1000.0,constant_flux_structural,circular_two_hotspots,2,1.0,9.569994920415008,1.0241741976373109
L224,TOTAL_FLUX,RIDGE_IDENTITY,1000.0,constant_flux_structural,circular_two_hotspots,3,1.0,7.991397358125618,1.024016182276748
L224,TOTAL_FLUX,RIDGE_IDENTITY,1000.0,constant_flux_structural,circular_two_hotspots,4,1.0,16.81996120553132,0.9983926373090655
L224,TOTAL_FLUX,RIDGE_IDENTITY,1000.0,constant_flux_structural,circular_two_hotspots,5,1.0,13.413439608629716,1.0504959357000652
L224,TOTAL_FLUX,RIDGE_IDENTITY,1000.0,constant_flux_structural,circular_two_hotspots,6,1.0,24.168847944186197,1.0241852025832847
L224,TOTAL_FLUX,RIDGE_IDENTITY,1000.0,constant_flux_structural,circular_two_hotspots,7,1.0,14.873515676164816,1.0337564091884817
L224,TOTAL_FLUX,RIDGE_IDENTITY,1000.0,constant_flux_structural,circular_crescent,0,1.0,8.48631188850094,1.0897841341943744
L224,TOTAL_FLUX,RIDGE_IDENTITY,1000.0,constant_flux_structural,circular_crescent,1,1.0,16.96781142602057,0.9276930373994063
L224,TOTAL_FLUX,RIDGE_IDENTITY,1000.0,constant_flux_structural,circular_crescent,2,1.0,10.054239895558766,1.055026495147156
L224,TOTAL_FLUX,RIDGE_IDENTITY,1000.0,constant_flux_structural,circular_crescent,3,1.0,14.399838827303277,0.9369368705794469
L224,TOTAL_FLUX,RIDGE_IDENTITY,1000.0,constant_flux_structural,circular_crescent,4,1.0,9.711928847967938,1.0395013173663084
L224,TOTAL_FLUX,RIDGE_IDENTITY,1000.0,constant_flux_structural,circular_crescent,5,1.0,9.878684408541407,1.0723100934559369
L224,TOTAL_FLUX,RIDGE_IDENTITY,1000.0,constant_flux_structural,circular_crescent,6,1.0,10.022502625610809,1.057920883983602
L224,TOTAL_FLUX,RIDGE_IDENTITY,1000.0,constant_flux_structural,circular_crescent,7,1.0,8.892582065739674,1.0820383235247588
L224,TOTAL_FLUX,RIDGE_IDENTITY,1000.0,constant_flux_structural,plunging_hotspot,0,1.0,27.286392589721412,0.9797912552229082
L224,TOTAL_FLUX,RIDGE_IDENTITY,1000.0,constant_flux_structural,plunging_hotspot,1,1.0,27.010120513474543,1.002368653353402
L224,TOTAL_FLUX,RIDGE_IDENTITY,1000.0,constant_flux_structural,plunging_hotspot,2,1.0,34.13576462724886,1.0053616459106463
L224,TOTAL_FLUX,RIDGE_IDENTITY,1000.0,constant_flux_structural,plunging_hotspot,3,1.0,37.92237436409373,1.005909209086958
L224,TOTAL_FLUX,RIDGE_IDENTITY,1000.0,constant_flux_structural,plunging_hotspot,4,1.0,24.528259437905014,0.9811004320122313
L224,TOTAL_FLUX,RIDGE_IDENTITY,1000.0,constant_flux_structural,plunging_hotspot,5,1.0,19.070639407218767,0.9718592580350149
L224,TOTAL_FLUX,RIDGE_IDENTITY,1000.0,constant_flux_structural,plunging_hotspot,6,1.0,24.457916365420388,0.998944783093629
L224,TOTAL_FLUX,RIDGE_IDENTITY,1000.0,constant_flux_structural,plunging_hotspot,7,1.0,24.802699636915584,0.9996501487142289
L224,TOTAL_FLUX,RIDGE_IDENTITY,1000.0,structure_balanced_050,circular_single_hotspot,0,1.0,1.7993967768603905,0.8279167848989089
L224,TOTAL_FLUX,RIDGE_IDENTITY,1000.0,structure_balanced_050,circular_single_hotspot,1,1.0,3.302076441614468,1.110567015298976
L224,TOTAL_FLUX,RIDGE_IDENTITY,1000.0,structure_balanced_050,circular_single_hotspot,2,1.0,1.4527666089830824,1.116604713106577
L224,TOTAL_FLUX,RIDGE_IDENTITY,1000.0,structure_balanced_050,circular_single_hotspot,3,1.0,2.806138005477392,1.0031371233225914
L224,TOTAL_FLUX,RIDGE_IDENTITY,1000.0,structure_balanced_050,circular_single_hotspot,4,1.0,3.068752234500079,0.883722843325361
L224,TOTAL_FLUX,RIDGE_IDENTITY,1000.0,structure_balanced_050,circular_single_hotspot,5,1.0,1.1679956512299001,1.0468401904380076
L224,TOTAL_FLUX,RIDGE_IDENTITY,1000.0,structure_balanced_050,circular_single_hotspot,6,1.0,4.199067396963835,1.1404416255197725
L224,TOTAL_FLUX,RIDGE_IDENTITY,1000.0,structure_balanced_050,circular_single_hotspot,7,1.0,0.33484912754514345,0.959247267745117
L224,TOTAL_FLUX,RIDGE_IDENTITY,1000.0,structure_balanced_050,circular_two_hotspots,0,1.0,3.2971565099921905,0.9914180526113017
L224,TOTAL_FLUX,RIDGE_IDENTITY,1000.0,structure_balanced_050,circular_two_hotspots,1,1.0,3.575818710708872,1.0828173099201217
L224,TOTAL_FLUX,RIDGE_IDENTITY,1000.0,structure_balanced_050,circular_two_hotspots,2,1.0,4.161559280438013,1.0010836894879798
L224,TOTAL_FLUX,RIDGE_IDENTITY,1000.0,structure_balanced_050,circular_two_hotspots,3,1.0,3.32848586948968,1.092846597467472
L224,TOTAL_FLUX,RIDGE_IDENTITY,1000.0,structure_balanced_050,circular_two_hotspots,4,1.0,3.0776576023708904,1.0428368152053598
L224,TOTAL_FLUX,RIDGE_IDENTITY,1000.0,structure_balanced_050,circular_two_hotspots,5,1.0,6.202480211823767,1.1037971187559565
L224,TOTAL_FLUX,RIDGE_IDENTITY,1000.0,structure_balanced_050,circular_two_hotspots,6,1.0,4.28635649670816,1.1032302481378733
L224,TOTAL_FLUX,RIDGE_IDENTITY,1000.0,structure_balanced_050,circular_two_hotspots,7,1.0,2.779038904357834,0.9982359896433147
L224,TOTAL_FLUX,RIDGE_IDENTITY,1000.0,structure_balanced_050,circular_crescent,0,1.0,3.9319795038892167,0.8907092323889311
L224,TOTAL_FLUX,RIDGE_IDENTITY,1000.0,structure_balanced_050,circular_crescent,1,1.0,4.27759943638161,0.9762576617349187
L224,TOTAL_FLUX,RIDGE_IDENTITY,1000.0,structure_balanced_050,circular_crescent,2,1.0,4.993375039283367,0.9319295151740007
L224,TOTAL_FLUX,RIDGE_IDENTITY,1000.0,structure_balanced_050,circular_crescent,3,1.0,6.50983397705364,1.1460144004227617
L224,TOTAL_FLUX,RIDGE_IDENTITY,1000.0,structure_balanced_050,circular_crescent,4,1.0,4.491367400134715,1.179622954527748
L224,TOTAL_FLUX,RIDGE_IDENTITY,1000.0,structure_balanced_050,circular_crescent,5,1.0,2.9641921036668295,0.9433626892712249
L224,TOTAL_FLUX,RIDGE_IDENTITY,1000.0,structure_balanced_050,circular_crescent,6,1.0,3.5669646868984404,0.9382725061099522
L224,TOTAL_FLUX,RIDGE_IDENTITY,1000.0,structure_balanced_050,circular_crescent,7,1.0,3.7570909290531356,1.062829669371803
L224,TOTAL_FLUX,RIDGE_IDENTITY,1000.0,structure_balanced_050,plunging_hotspot,0,1.0,0.4529600732721237,1.1324755919047378
L224,TOTAL_FLUX,RIDGE_IDENTITY,1000.0,structure_balanced_050,plunging_hotspot,1,1.0,0.6390877875565664,1.1018434679481741
L224,TOTAL_FLUX,RIDGE_IDENTITY,1000.0,structure_balanced_050,plunging_hotspot,2,1.0,1.7137969884565667,1.0957107736795735
L224,TOTAL_FLUX,RIDGE_IDENTITY,1000.0,structure_balanced_050,plunging_hotspot,3,1.0,0.7878606009408109,1.1506900839432896
L224,TOTAL_FLUX,RIDGE_IDENTITY,1000.0,structure_balanced_050,plunging_hotspot,4,1.0,0.8921422593601326,1.1054069243811195
L224,TOTAL_FLUX,RIDGE_IDENTITY,1000.0,structure_balanced_050,plunging_hotspot,5,1.0,0.9580994029134552,1.1421838291517008
L224,TOTAL_FLUX,RIDGE_IDENTITY,1000.0,structure_balanced_050,plunging_hotspot,6,1.0,1.8639833246752522,1.0859375225533343
L224,TOTAL_FLUX,RIDGE_IDENTITY,1000.0,structure_balanced_050,plunging_hotspot,7,1.0,1.186963538650837,1.1427973835296303
L224,TOTAL_FLUX,RIDGE_IDENTITY,1000.0,structure_balanced_080,circular_single_hotspot,0,1.0,1.8890803698772642,1.017771492662653
L224,TOTAL_FLUX,RIDGE_IDENTITY,1000.0,structure_balanced_080,circular_single_hotspot,1,1.0,4.506489685955472,1.1013538389614042
L224,TOTAL_FLUX,RIDGE_IDENTITY,1000.0,structure_balanced_080,circular_single_hotspot,2,1.0,0.815115810849949,1.0423883285678275
L224,TOTAL_FLUX,RIDGE_IDENTITY,1000.0,structure_balanced_080,circular_single_hotspot,3,1.0,3.5518753627132487,0.9585504132909112
L224,TOTAL_FLUX,RIDGE_IDENTITY,1000.0,structure_balanced_080,circular_single_hotspot,4,1.0,1.8940140486297272,0.9954634580089965
L224,TOTAL_FLUX,RIDGE_IDENTITY,1000.0,structure_balanced_080,circular_single_hotspot,5,1.0,0.287886148581314,0.9006013454339012
L224,TOTAL_FLUX,RIDGE_IDENTITY,1000.0,structure_balanced_080,circular_single_hotspot,6,1.0,5.268091083386683,1.0339497992367241
L224,TOTAL_FLUX,RIDGE_IDENTITY,1000.0,structure_balanced_080,circular_single_hotspot,7,1.0,1.8378634722454323,0.9160957314429552
L224,TOTAL_FLUX,RIDGE_IDENTITY,1000.0,structure_balanced_080,circular_two_hotspots,0,1.0,2.8354404282249766,0.9904349767401786
L224,TOTAL_FLUX,RIDGE_IDENTITY,1000.0,structure_balanced_080,circular_two_hotspots,1,1.0,3.2333691532613447,0.9598708363261064
L224,TOTAL_FLUX,RIDGE_IDENTITY,1000.0,structure_balanced_080,circular_two_hotspots,2,1.0,4.144131520170472,0.9634605340804532
L224,TOTAL_FLUX,RIDGE_IDENTITY,1000.0,structure_balanced_080,circular_two_hotspots,3,1.0,4.086495069061362,0.92744897703258
L224,TOTAL_FLUX,RIDGE_IDENTITY,1000.0,structure_balanced_080,circular_two_hotspots,4,1.0,2.6269227191804205,1.096769322620056
L224,TOTAL_FLUX,RIDGE_IDENTITY,1000.0,structure_balanced_080,circular_two_hotspots,5,1.0,3.727578636746765,1.0488883633427841
L224,TOTAL_FLUX,RIDGE_IDENTITY,1000.0,structure_balanced_080,circular_two_hotspots,6,1.0,3.1175955492474317,0.7504894144631978
L224,TOTAL_FLUX,RIDGE_IDENTITY,1000.0,structure_balanced_080,circular_two_hotspots,7,1.0,2.128444781772414,1.0578610165316342
L224,TOTAL_FLUX,RIDGE_IDENTITY,1000.0,structure_balanced_080,circular_crescent,0,1.0,3.9554780811549164,1.192377888873946
L224,TOTAL_FLUX,RIDGE_IDENTITY,1000.0,structure_balanced_080,circular_crescent,1,1.0,5.277812527124219,1.1053823118578419
L224,TOTAL_FLUX,RIDGE_IDENTITY,1000.0,structure_balanced_080,circular_crescent,2,1.0,4.688509680942248,1.1125971089709126
L224,TOTAL_FLUX,RIDGE_IDENTITY,1000.0,structure_balanced_080,circular_crescent,3,1.0,5.232553255960806,0.951007637269617
L224,TOTAL_FLUX,RIDGE_IDENTITY,1000.0,structure_balanced_080,circular_crescent,4,1.0,4.545712070121429,1.1844739804181925
L224,TOTAL_FLUX,RIDGE_IDENTITY,1000.0,structure_balanced_080,circular_crescent,5,1.0,2.6939291671227537,0.7425069342570738
L224,TOTAL_FLUX,RIDGE_IDENTITY,1000.0,structure_balanced_080,circular_crescent,6,1.0,5.020197869777737,0.9399508735477778
L224,TOTAL_FLUX,RIDGE_IDENTITY,1000.0,structure_balanced_080,circular_crescent,7,1.0,3.864070977981714,0.9548143744990705
L224,TOTAL_FLUX,RIDGE_IDENTITY,1000.0,structure_balanced_080,plunging_hotspot,0,1.0,0.7118789073729634,1.0987519645854427
L224,TOTAL_FLUX,RIDGE_IDENTITY,1000.0,structure_balanced_080,plunging_hotspot,1,1.0,0.9734019855297209,1.0927566723233302
L224,TOTAL_FLUX,RIDGE_IDENTITY,1000.0,structure_balanced_080,plunging_hotspot,2,1.0,1.1158024838722869,1.0790753931675359
L224,TOTAL_FLUX,RIDGE_IDENTITY,1000.0,structure_balanced_080,plunging_hotspot,3,1.0,1.0285643350110636,1.1599812460837233
L224,TOTAL_FLUX,RIDGE_IDENTITY,1000.0,structure_balanced_080,plunging_hotspot,4,1.0,0.967404456866821,1.1086360622457028
L224,TOTAL_FLUX,RIDGE_IDENTITY,1000.0,structure_balanced_080,plunging_hotspot,5,1.0,0.943803341107504,1.1249678457994057
L224,TOTAL_FLUX,RIDGE_IDENTITY,1000.0,structure_balanced_080,plunging_hotspot,6,1.0,1.7960981499769744,1.0877753010326696
L224,TOTAL_FLUX,RIDGE_IDENTITY,1000.0,structure_balanced_080,plunging_hotspot,7,1.0,1.6608109705912577,1.0938277449461054
