geometry,arm,snr0,information_factor,oldest_legacy,oldest_common,longest_run_legacy,longest_run_common,anchor_span_legacy,anchor_span_common,n_detectable_legacy,n_detectable_common,n_mask_bits_flipped,smallest_threshold_margin_relative,j_old_legacy,j_old_common,endpoint_moved,selfcheck_mask_reproduced
a000_i020,DIRECT_PHYSICAL,1.0,1.035738368172623,-1.0,-1.0,0.0,0.0,0.0,0.0,0,0,0,0.9348506900873575,0.0073068808919759245,0.007567555000334444,False,True
a000_i020,DIRECT_PHYSICAL,3.0,1.035738368172623,-1.0,-1.0,0.0,0.0,0.0,0.0,0,0,0,0.41365621078621795,0.0648799654280089,0.06716264381080367,False,True
a000_i020,DIRECT_PHYSICAL,10.0,1.035738368172623,16.0,16.0,20.0,20.0,0.0,0.0,5,5,0,0.6460073206361725,0.6299978058676422,0.649449060466093,False,True
a000_i020,DIRECT_PHYSICAL,30.0,1.035738368172623,20.0,20.0,24.0,24.0,4.0,4.0,6,6,0,0.9461428744503115,3.0734412575101016,3.1344202537393793,False,True
a000_i020,DIRECT_PHYSICAL,100.0,1.035738368172623,20.0,20.0,24.0,24.0,4.0,4.0,6,6,0,0.4015874938923498,9.066851283889568,9.188408648992562,False,True
a000_i020,DIRECT_PHYSICAL,300.0,1.035738368172623,24.0,24.0,28.0,28.0,8.0,8.0,7,7,0,0.996151441437046,18.965716582559732,19.15506348626521,False,True
a000_i020,DIRECT_PHYSICAL,1000.0,1.035738368172623,24.0,24.0,28.0,28.0,8.0,8.0,7,7,0,0.9572382381894006,32.944854715099595,33.159111589000204,False,True
a000_i020,DIRECT_PHYSICAL,3000.0,1.035738368172623,24.0,24.0,28.0,28.0,8.0,8.0,7,7,0,0.6151441437046048,47.203755427241965,47.45371745526436,False,True
a000_i020,DIRECT_PHYSICAL,10000.0,1.035738368172623,28.0,28.0,32.0,32.0,12.0,12.0,8,8,0,0.9998966763901876,66.9954185104912,67.32031057227198,False,True
a000_i020,DIRECT_PHYSICAL,30000.0,1.035738368172623,28.0,28.0,32.0,32.0,12.0,12.0,8,8,0,0.999070087511689,88.23240772318229,88.58018666109047,False,True
a000_i020,DIRECT_PHYSICAL,100000.0,1.035738368172623,28.0,28.0,32.0,32.0,12.0,12.0,8,8,0,0.9896676390187672,112.25593072859716,112.60821586043348,False,True
a000_i020,DIRECT_PHYSICAL,1000000.0,1.035738368172623,32.0,32.0,36.0,36.0,16.0,16.0,9,9,0,0.03323609812327755,161.09577658350878,161.51891252068336,False,True
a000_i020,RESOLVED_PHYSICAL,1.0,1.035738368172623,-1.0,-1.0,0.0,0.0,0.0,0.0,0,0,0,0.9348506900343362,0.01789994531048752,0.018539101455088695,False,True
a000_i020,RESOLVED_PHYSICAL,3.0,1.035738368172623,-1.0,-1.0,0.0,0.0,0.0,0.0,0,0,0,0.413656210309026,0.16003206992068086,0.16570772457553132,False,True
a000_i020,RESOLVED_PHYSICAL,10.0,1.035738368172623,16.0,16.0,20.0,20.0,0.0,0.0,5,5,0,0.6276015381500353,1.6671070506684411,1.7228995147319897,False,True
a000_i020,RESOLVED_PHYSICAL,30.0,1.035738368172623,20.0,20.0,24.0,24.0,4.0,4.0,6,6,0,0.7048660243166425,11.457522078289774,11.787399304289895,False,True
a000_i020,RESOLVED_PHYSICAL,100.0,1.035738368172623,60.0,60.0,64.0,64.0,44.0,44.0,16,16,0,0.1306379786365417,61.84623003205772,63.077852816451355,False,True
a000_i020,RESOLVED_PHYSICAL,300.0,1.035738368172623,76.0,76.0,80.0,80.0,60.0,60.0,20,20,0,0.47539020499190754,162.8944640232953,164.83070663240971,False,True
a000_i020,RESOLVED_PHYSICAL,1000.0,1.035738368172623,88.0,88.0,92.0,92.0,72.0,72.0,23,23,0,0.09763765478794828,311.63050760752753,314.0134770568959,False,True
a000_i020,RESOLVED_PHYSICAL,3000.0,1.035738368172623,96.0,96.0,100.0,100.0,80.0,80.0,25,25,0,0.7167354406250868,470.05084403590826,472.7093692240492,False,True
a000_i020,RESOLVED_PHYSICAL,10000.0,1.035738368172623,100.0,100.0,104.0,104.0,84.0,84.0,26,26,0,0.48435225729442255,658.1270411097622,660.9401523935958,False,True
a000_i020,RESOLVED_PHYSICAL,30000.0,1.035738368172623,100.0,100.0,104.0,104.0,84.0,84.0,26,26,0,0.9271625996077061,836.4767586029247,839.3549094471031,False,True
a000_i020,RESOLVED_PHYSICAL,100000.0,1.035738368172623,100.0,100.0,104.0,104.0,84.0,84.0,26,26,0,0.19069555119673465,1035.7227303420868,1038.6645415427881,False,True
a000_i020,RESOLVED_PHYSICAL,1000000.0,1.035738368172623,104.0,104.0,108.0,108.0,88.0,88.0,27,27,0,0.985067247652601,1428.6270916826948,1431.647352125981,False,True
a000_i020,UNRESOLVED_IMAGE,1.0,1.035738368172623,-1.0,-1.0,0.0,0.0,0.0,0.0,0,0,0,0.9358284812394917,0.007365866590647078,0.007628661708709157,False,True
a000_i020,UNRESOLVED_IMAGE,3.0,1.035738368172623,-1.0,-1.0,0.0,0.0,0.0,0.0,0,0,0,0.422456331155425,0.0654353538695304,0.06773887287824093,False,True
a000_i020,UNRESOLVED_IMAGE,10.0,1.035738368172623,16.0,16.0,20.0,20.0,0.0,0.0,5,5,0,0.6510384917045895,0.6384671145007663,0.6582916562097297,False,True
a000_i020,UNRESOLVED_IMAGE,30.0,1.035738368172623,20.0,20.0,24.0,24.0,4.0,4.0,6,6,0,0.9431348553935041,3.1941594151277393,3.2600176914990158,False,True
a000_i020,UNRESOLVED_IMAGE,100.0,1.035738368172623,20.0,20.0,24.0,24.0,4.0,4.0,6,6,0,0.3681650599278232,10.552989004145338,10.726480535323386,False,True
a000_i020,UNRESOLVED_IMAGE,300.0,1.035738368172623,24.0,24.0,28.0,28.0,8.0,8.0,7,7,0,0.5204696419287452,30.409215024423787,30.948425796525015,False,True
a000_i020,UNRESOLVED_IMAGE,1000.0,1.035738368172623,64.0,64.0,68.0,68.0,48.0,48.0,17,17,0,0.20731813674910016,95.83677111717864,97.24557044242769,False,True
a000_i020,UNRESOLVED_IMAGE,3000.0,1.035738368172623,76.0,76.0,80.0,80.0,60.0,60.0,20,20,0,0.5241722174990038,202.82743837993456,204.77658221660778,False,True
a000_i020,UNRESOLVED_IMAGE,10000.0,1.035738368172623,80.0,80.0,84.0,84.0,64.0,64.0,21,21,0,0.26854388562831755,346.4412115144371,348.65443858652804,False,True
a000_i020,UNRESOLVED_IMAGE,30000.0,1.035738368172623,84.0,84.0,88.0,88.0,68.0,68.0,22,22,0,0.44384510734496707,490.2379818775477,492.6258614622227,False,True
a000_i020,UNRESOLVED_IMAGE,100000.0,1.035738368172623,92.0,92.0,96.0,96.0,76.0,76.0,24,24,0,0.0629494960817375,661.8169055858029,664.4374354762208,False,True
a000_i020,UNRESOLVED_IMAGE,1000000.0,1.035738368172623,100.0,100.0,104.0,104.0,84.0,84.0,26,26,0,0.9612401885974382,1024.6244698168987,1027.490027358464,False,True
a000_i020,TOTAL_FLUX,1.0,1.035738368172623,-1.0,-1.0,0.0,0.0,0.0,0.0,0,0,0,0.9721158749908838,0.0037101758305315134,0.003842732325071355,False,True
a000_i020,TOTAL_FLUX,3.0,1.035738368172623,-1.0,-1.0,0.0,0.0,0.0,0.0,0,0,0,0.7490428749179542,0.033315843378292666,0.03450335988879428,False,True
a000_i020,TOTAL_FLUX,10.0,1.035738368172623,12.0,12.0,16.0,16.0,0.0,0.0,4,4,0,0.25464311218138946,0.36116525055631515,0.3737264681738093,False,True
a000_i020,TOTAL_FLUX,30.0,1.035738368172623,16.0,16.0,20.0,20.0,0.0,0.0,5,5,0,0.09734400917809027,2.7803384800531097,2.865898864860338,False,True
a000_i020,TOTAL_FLUX,100.0,1.035738368172623,20.0,20.0,24.0,24.0,4.0,4.0,6,6,0,0.18813864717525375,18.212694336051953,18.661766162649634,False,True
a000_i020,TOTAL_FLUX,300.0,1.035738368172623,52.0,52.0,56.0,56.0,36.0,36.0,14,14,0,0.1924296566936129,66.44642982854516,67.56694439989893,False,True
a000_i020,TOTAL_FLUX,1000.0,1.035738368172623,68.0,68.0,72.0,72.0,52.0,52.0,18,18,0,0.07572330082035805,165.61451108668697,167.3504616685415,False,True
a000_i020,TOTAL_FLUX,3000.0,1.035738368172623,76.0,76.0,80.0,80.0,60.0,60.0,20,20,0,0.1956925931890675,286.2347341428134,288.344386655581,False,True
a000_i020,TOTAL_FLUX,10000.0,1.035738368172623,92.0,92.0,96.0,96.0,76.0,76.0,24,24,0,0.11105967220060542,443.4634261290615,445.93397601316144,False,True
a000_i020,TOTAL_FLUX,30000.0,1.035738368172623,96.0,96.0,100.0,100.0,80.0,80.0,25,25,0,0.9233849694809161,605.2022770154805,607.8806692027092,False,True
a000_i020,TOTAL_FLUX,100000.0,1.035738368172623,96.0,96.0,100.0,100.0,80.0,80.0,25,25,0,0.14872188312128953,793.0946599928167,795.8909257760852,False,True
a000_i020,TOTAL_FLUX,1000000.0,1.035738368172623,100.0,100.0,104.0,104.0,84.0,84.0,26,26,0,0.7380027916636355,1168.337945352875,1171.2452258626795,False,True
a000_i020,DELAY_ONLY,1.0,1.035738368172623,-1.0,-1.0,0.0,0.0,0.0,0.0,0,0,0,0.9348506900343362,0.01789994531048752,0.018539101455088695,False,True
a000_i020,DELAY_ONLY,3.0,1.035738368172623,-1.0,-1.0,0.0,0.0,0.0,0.0,0,0,0,0.413656210309026,0.16003206992068086,0.16570772457553132,False,True
a000_i020,DELAY_ONLY,10.0,1.035738368172623,16.0,16.0,20.0,20.0,0.0,0.0,5,5,0,0.6276015381500353,1.6671070506684411,1.7228995147319897,False,True
a000_i020,DELAY_ONLY,30.0,1.035738368172623,20.0,20.0,24.0,24.0,4.0,4.0,6,6,0,0.7048660243166425,11.457522078289774,11.787399304289895,False,True
a000_i020,DELAY_ONLY,100.0,1.035738368172623,60.0,60.0,64.0,64.0,44.0,44.0,16,16,0,0.1306379786365417,61.84623003205772,63.077852816451355,False,True
a000_i020,DELAY_ONLY,300.0,1.035738368172623,76.0,76.0,80.0,80.0,60.0,60.0,20,20,0,0.47539020499190754,162.8944640232953,164.83070663240971,False,True
a000_i020,DELAY_ONLY,1000.0,1.035738368172623,88.0,88.0,92.0,92.0,72.0,72.0,23,23,0,0.09763765478794828,311.63050760752753,314.0134770568959,False,True
a000_i020,DELAY_ONLY,3000.0,1.035738368172623,96.0,96.0,100.0,100.0,80.0,80.0,25,25,0,0.7167354406250868,470.05084403590826,472.7093692240492,False,True
a000_i020,DELAY_ONLY,10000.0,1.035738368172623,100.0,100.0,104.0,104.0,84.0,84.0,26,26,0,0.48435225729442255,658.1270411097622,660.9401523935958,False,True
a000_i020,DELAY_ONLY,30000.0,1.035738368172623,100.0,100.0,104.0,104.0,84.0,84.0,26,26,0,0.9271625996077061,836.4767586029247,839.3549094471031,False,True
a000_i020,DELAY_ONLY,100000.0,1.035738368172623,100.0,100.0,104.0,104.0,84.0,84.0,26,26,0,0.19069555119673465,1035.7227303420868,1038.6645415427881,False,True
a000_i020,DELAY_ONLY,1000000.0,1.035738368172623,104.0,104.0,108.0,108.0,88.0,88.0,27,27,0,0.985067247652601,1428.6270916826948,1431.647352125981,False,True
a000_i020,SPATIAL_ONLY,1.0,1.035738368172623,-1.0,-1.0,0.0,0.0,0.0,0.0,0,0,0,0.9343505965917539,0.007360894835466738,0.007623492574690879,False,True
a000_i020,SPATIAL_ONLY,3.0,1.035738368172623,-1.0,-1.0,0.0,0.0,0.0,0.0,0,0,0,0.40915536932578533,0.06535334121191373,0.06765242152395055,False,True
a000_i020,SPATIAL_ONLY,10.0,1.035738368172623,16.0,16.0,20.0,20.0,0.0,0.0,5,5,0,0.6434285598824212,0.6340639786428308,0.6536239136427534,False,True
a000_i020,SPATIAL_ONLY,30.0,1.035738368172623,20.0,20.0,24.0,24.0,4.0,4.0,6,6,0,0.9455890889191343,3.086745152831136,3.1478920713038967,False,True
a000_i020,SPATIAL_ONLY,100.0,1.035738368172623,20.0,20.0,24.0,24.0,4.0,4.0,6,6,0,0.39543432132371414,9.097940270921349,9.2199065880667,False,True
a000_i020,SPATIAL_ONLY,300.0,1.035738368172623,24.0,24.0,28.0,28.0,8.0,8.0,7,7,0,0.9926558549276283,19.02906740165811,19.219112316943036,False,True
a000_i020,SPATIAL_ONLY,1000.0,1.035738368172623,24.0,24.0,28.0,28.0,8.0,8.0,7,7,0,0.9183983880847596,33.15073276768794,33.37009782020753,False,True
a000_i020,SPATIAL_ONLY,3000.0,1.035738368172623,24.0,24.0,28.0,28.0,8.0,8.0,7,7,0,0.2655854927628366,48.202707940945324,48.4747583365965,False,True
a000_i020,SPATIAL_ONLY,10000.0,1.035738368172623,28.0,28.0,32.0,32.0,12.0,12.0,8,8,0,0.8791413185822157,69.71412347507525,70.06555837818932,False,True
a000_i020,SPATIAL_ONLY,30000.0,1.035738368172623,32.0,32.0,36.0,36.0,16.0,16.0,9,9,0,0.08772813276005942,93.7706720128334,94.1939678000497,False,True
a000_i020,SPATIAL_ONLY,100000.0,1.035738368172623,32.0,32.0,36.0,36.0,16.0,16.0,9,9,0,0.9835120959000395,125.20217258120316,125.68536436454106,False,True
a000_i020,SPATIAL_ONLY,1000000.0,1.035738368172623,36.0,36.0,40.0,40.0,20.0,20.0,10,10,0,0.6487904099960478,193.18629332515468,193.76580013958002,False,True
a000_i020,EQUALIZED_ORDER_SENSITIVITY,1.0,1.035738368172623,-1.0,-1.0,0.0,0.0,0.0,0.0,0,0,0,0.9270812514564263,2.8286352075813177,2.927045581050373,False,True
a000_i020,EQUALIZED_ORDER_SENSITIVITY,3.0,1.035738368172623,-1.0,-1.0,0.0,0.0,0.0,0.0,0,0,0,0.3437312631078365,21.416303415376575,22.05110490372563,False,True
a000_i020,EQUALIZED_ORDER_SENSITIVITY,10.0,1.035738368172623,80.0,80.0,84.0,84.0,64.0,64.0,21,21,0,0.14950171705082949,106.95193443473352,108.82993196464618,False,True
a000_i020,EQUALIZED_ORDER_SENSITIVITY,30.0,1.035738368172623,92.0,92.0,96.0,96.0,76.0,76.0,24,24,0,0.09959168745848923,247.8644567139451,250.3964266882617,False,True
a000_i020,EQUALIZED_ORDER_SENSITIVITY,100.0,1.035738368172623,96.0,96.0,100.0,100.0,80.0,80.0,25,25,0,0.22147403739532634,431.1162674711059,433.89070421331047,False,True
a000_i020,EQUALIZED_ORDER_SENSITIVITY,300.0,1.035738368172623,100.0,100.0,104.0,104.0,84.0,84.0,26,26,0,0.961797607693613,607.934534732835,610.798748329305,False,True
a000_i020,EQUALIZED_ORDER_SENSITIVITY,1000.0,1.035738368172623,100.0,100.0,104.0,104.0,84.0,84.0,26,26,0,0.5755289743734773,806.0853446375083,809.0050864103653,False,True
a000_i020,EQUALIZED_ORDER_SENSITIVITY,3000.0,1.035738368172623,104.0,104.0,108.0,108.0,88.0,88.0,27,27,0,0.9992951146330247,991.0836327207602,994.074621451163,False,True
a000_i020,EQUALIZED_ORDER_SENSITIVITY,10000.0,1.035738368172623,104.0,104.0,108.0,108.0,88.0,88.0,27,27,0,0.9921679403669408,1197.352412473091,1200.3701777904585,False,True
a000_i020,EQUALIZED_ORDER_SENSITIVITY,30000.0,1.035738368172623,104.0,104.0,108.0,108.0,88.0,88.0,27,27,0,0.9295114633024669,1386.4717661364557,1389.5006587060327,False,True
a000_i020,EQUALIZED_ORDER_SENSITIVITY,100000.0,1.035738368172623,104.0,104.0,108.0,108.0,88.0,88.0,27,27,0,0.21679403669407693,1595.5867199085394,1598.668840200906,False,True
a000_i020,EQUALIZED_ORDER_SENSITIVITY,1000000.0,1.035738368172623,108.0,108.0,112.0,112.0,92.0,92.0,28,28,0,0.9995742987438864,2006.8124424927703,2009.9710740196049,False,True
a000_i020,PAIRING_DESTROYED,1.0,1.035738368172623,-1.0,-1.0,0.0,0.0,0.0,0.0,0,0,0,0.9348119120187999,0.016984382949710202,0.017590731477830357,False,True
a000_i020,PAIRING_DESTROYED,3.0,1.035738368172623,-1.0,-1.0,0.0,0.0,0.0,0.0,0,0,0,0.4133072081691992,0.15162754373385706,0.15699617926911003,False,True
a000_i020,PAIRING_DESTROYED,10.0,1.035738368172623,16.0,16.0,20.0,20.0,0.0,0.0,5,5,0,0.6004093703503175,1.558205726490414,1.6096236000457718,False,True
a000_i020,PAIRING_DESTROYED,30.0,1.035738368172623,20.0,20.0,24.0,24.0,4.0,4.0,6,6,0,0.47547141871480825,10.153307214366217,10.432529693323653,False,True
a000_i020,PAIRING_DESTROYED,100.0,1.035738368172623,44.0,48.0,48.0,52.0,28.0,32.0,12,13,1,0.029769645321259697,50.99014758872008,51.99002672712089,True,True
a000_i020,PAIRING_DESTROYED,300.0,1.035738368172623,72.0,72.0,76.0,76.0,56.0,56.0,19,19,0,0.19016255943987637,137.3780700168843,139.10930379904605,False,True
a000_i020,PAIRING_DESTROYED,1000.0,1.035738368172623,80.0,80.0,84.0,84.0,64.0,64.0,21,21,0,0.1838015287598549,273.91584309716245,276.1327970031169,False,True
a000_i020,PAIRING_DESTROYED,3000.0,1.035738368172623,92.0,92.0,96.0,96.0,76.0,76.0,24,24,0,0.4457414589923311,422.94858774801116,425.4869430481329,False,True
a000_i020,PAIRING_DESTROYED,10000.0,1.035738368172623,96.0,96.0,100.0,100.0,80.0,80.0,25,25,0,0.4939352257967632,605.1639050294899,607.9174288116612,False,True
a000_i020,PAIRING_DESTROYED,30000.0,1.035738368172623,100.0,100.0,104.0,104.0,84.0,84.0,26,26,0,0.9754137657364985,780.9513300626675,783.8051472636066,False,True
a000_i020,PAIRING_DESTROYED,100000.0,1.035738368172623,100.0,100.0,104.0,104.0,84.0,84.0,26,26,0,0.7268196192944283,978.4480447855954,981.3549556268354,False,True
a000_i020,PAIRING_DESTROYED,1000000.0,1.035738368172623,104.0,104.0,108.0,108.0,88.0,88.0,27,27,0,0.9951236640780433,1368.411043020475,1371.4266819119798,False,True
a000_i050,DIRECT_PHYSICAL,1.0,1.0,-1.0,-1.0,0.0,0.0,0.0,0.0,0,0,0,0.9702883031158752,0.0011219815220574218,0.0011219815220574218,False,True
a000_i050,DIRECT_PHYSICAL,3.0,1.0,-1.0,-1.0,0.0,0.0,0.0,0.0,0,0,0,0.7325947280428766,0.010076381224974484,0.010076381224974484,False,True
a000_i050,DIRECT_PHYSICAL,10.0,1.0,48.0,48.0,52.0,52.0,0.0,0.0,13,13,0,0.09659594769500235,0.10934235920001195,0.10934235920001195,False,True
a000_i050,DIRECT_PHYSICAL,30.0,1.0,56.0,56.0,60.0,60.0,0.0,0.0,15,15,0,0.5079269898343002,0.8261558290718475,0.8261558290718475,False,True
a000_i050,DIRECT_PHYSICAL,100.0,1.0,60.0,60.0,64.0,64.0,4.0,4.0,16,16,0,0.9280839303400799,4.011547931420993,4.011547931420993,False,True
a000_i050,DIRECT_PHYSICAL,300.0,1.0,60.0,60.0,64.0,64.0,4.0,4.0,16,16,0,0.3527553730607189,9.830396375248636,9.830396375248636,False,True
a000_i050,DIRECT_PHYSICAL,1000.0,1.0,64.0,64.0,68.0,68.0,8.0,8.0,17,17,0,0.9953891779593086,21.04247156676176,21.04247156676176,False,True
a000_i050,DIRECT_PHYSICAL,3000.0,1.0,64.0,64.0,68.0,68.0,8.0,8.0,17,17,0,0.9585026016337775,33.907357340542504,33.907357340542504,False,True
a000_i050,DIRECT_PHYSICAL,10000.0,1.0,64.0,64.0,68.0,68.0,8.0,8.0,17,17,0,0.538917795930862,49.65300188608001,49.65300188608001,False,True
a000_i050,DIRECT_PHYSICAL,30000.0,1.0,68.0,68.0,72.0,72.0,12.0,12.0,18,18,0,0.999904130666123,67.8707926643598,67.8707926643598,False,True
a000_i050,DIRECT_PHYSICAL,100000.0,1.0,68.0,68.0,72.0,72.0,12.0,12.0,18,18,0,0.9989347851791455,91.17578069839217,91.17578069839217,False,True
a000_i050,DIRECT_PHYSICAL,1000000.0,1.0,68.0,68.0,72.0,72.0,12.0,12.0,18,18,0,0.8934785179145427,137.5430963969706,137.5430963969706,False,True
a000_i050,RESOLVED_PHYSICAL,1.0,1.0,-1.0,-1.0,0.0,0.0,0.0,0.0,0,0,0,0.9701570156169802,0.007565858562795833,0.007565858562795833,False,True
a000_i050,RESOLVED_PHYSICAL,3.0,1.0,-1.0,-1.0,0.0,0.0,0.0,0.0,0,0,0,0.7314131405528218,0.06798608676022913,0.06798608676022913,False,True
a000_i050,RESOLVED_PHYSICAL,10.0,1.0,48.0,48.0,52.0,52.0,0.0,0.0,13,13,0,0.04927147648873975,0.742452816001191,0.742452816001191,False,True
a000_i050,RESOLVED_PHYSICAL,30.0,1.0,56.0,56.0,60.0,60.0,0.0,0.0,15,15,0,0.17335383589060327,5.90905452577344,5.90905452577344,False,True
a000_i050,RESOLVED_PHYSICAL,100.0,1.0,84.0,84.0,88.0,88.0,28.0,28.0,22,22,0,0.06891027907753622,35.900569058054664,35.900569058054664,False,True
a000_i050,RESOLVED_PHYSICAL,300.0,1.0,96.0,96.0,100.0,100.0,40.0,40.0,25,25,0,0.33308179868301946,99.28299802111812,99.28299802111812,False,True
a000_i050,RESOLVED_PHYSICAL,1000.0,1.0,100.0,100.0,104.0,104.0,44.0,44.0,26,26,0,0.028321162992353655,196.90327430207327,196.90327430207327,False,True
a000_i050,RESOLVED_PHYSICAL,3000.0,1.0,116.0,116.0,120.0,120.0,60.0,60.0,30,30,0,0.32747355898808994,309.12445833348926,309.12445833348926,False,True
a000_i050,RESOLVED_PHYSICAL,10000.0,1.0,120.0,120.0,124.0,124.0,64.0,64.0,31,31,0,0.20074561223410403,453.25150653044216,453.25150653044216,False,True
a000_i050,RESOLVED_PHYSICAL,30000.0,1.0,124.0,124.0,128.0,128.0,68.0,68.0,32,32,0,0.9644735598751164,594.787765630645,594.787765630645,False,True
a000_i050,RESOLVED_PHYSICAL,100000.0,1.0,124.0,124.0,128.0,128.0,68.0,68.0,32,32,0,0.6052617763901817,754.3283145816679,754.3283145816679,False,True
a000_i050,RESOLVED_PHYSICAL,1000000.0,1.0,128.0,128.0,132.0,132.0,72.0,72.0,33,33,0,0.9938866083193726,1071.7059734281142,1071.7059734281142,False,True
a000_i050,UNRESOLVED_IMAGE,1.0,1.0,-1.0,-1.0,0.0,0.0,0.0,0.0,0,0,0,0.9708473884469824,0.0012623082065723295,0.0012623082065723295,False,True
a000_i050,UNRESOLVED_IMAGE,3.0,1.0,-1.0,-1.0,0.0,0.0,0.0,0.0,0,0,0,0.7376264960228412,0.011338856679211376,0.011338856679211376,False,True
a000_i050,UNRESOLVED_IMAGE,10.0,1.0,48.0,48.0,52.0,52.0,0.0,0.0,13,13,0,0.10650412693456368,0.1233138985276037,0.1233138985276037,False,True
a000_i050,UNRESOLVED_IMAGE,30.0,1.0,56.0,56.0,60.0,60.0,0.0,0.0,15,15,0,0.5030763297108902,0.9487921924304525,0.9487921924304525,False,True
a000_i050,UNRESOLVED_IMAGE,100.0,1.0,60.0,60.0,64.0,64.0,4.0,4.0,16,16,0,0.8507004809753482,5.271529714297922,5.271529714297922,False,True
a000_i050,UNRESOLVED_IMAGE,300.0,1.0,64.0,64.0,68.0,68.0,8.0,8.0,17,17,0,0.3436956712218662,18.746969744360218,18.746969744360218,False,True
a000_i050,UNRESOLVED_IMAGE,1000.0,1.0,88.0,88.0,92.0,92.0,32.0,32.0,23,23,0,0.20711562203346767,63.79552579609831,63.79552579609831,False,True
a000_i050,UNRESOLVED_IMAGE,3000.0,1.0,96.0,96.0,100.0,100.0,40.0,40.0,25,25,0,0.620784844731795,134.9649699025454,134.9649699025454,False,True
a000_i050,UNRESOLVED_IMAGE,10000.0,1.0,100.0,100.0,104.0,104.0,44.0,44.0,26,26,0,0.7935372102189262,230.20577632670157,230.20577632670157,False,True
a000_i050,UNRESOLVED_IMAGE,30000.0,1.0,104.0,104.0,108.0,108.0,48.0,48.0,27,27,0,0.65331378810107,326.96748681103026,326.96748681103026,False,True
a000_i050,UNRESOLVED_IMAGE,100000.0,1.0,112.0,112.0,116.0,116.0,56.0,56.0,29,29,0,0.12548407968484243,448.5087758849208,448.5087758849208,False,True
a000_i050,UNRESOLVED_IMAGE,1000000.0,1.0,124.0,124.0,128.0,128.0,68.0,68.0,32,32,0,0.977422022770969,730.2600251926999,730.2600251926999,False,True
a000_i050,TOTAL_FLUX,1.0,1.0,-1.0,-1.0,0.0,0.0,0.0,0.0,0,0,0,0.9948966113802605,0.000671787917073093,0.000671787917073093,False,True
a000_i050,TOTAL_FLUX,3.0,1.0,-1.0,-1.0,0.0,0.0,0.0,0.0,0,0,0,0.9540695024223449,0.006045031097283312,0.006045031097283312,False,True
a000_i050,TOTAL_FLUX,10.0,1.0,-1.0,-1.0,0.0,0.0,0.0,0.0,0,0,0,0.48966113802605493,0.0670336001402985,0.0670336001402985,False,True
a000_i050,TOTAL_FLUX,30.0,1.0,52.0,52.0,56.0,56.0,0.0,0.0,14,14,0,0.26623827445623416,0.5931387419407881,0.5931387419407881,False,True
a000_i050,TOTAL_FLUX,100.0,1.0,56.0,56.0,60.0,60.0,0.0,0.0,15,15,0,0.08282287000174804,5.6600440209110925,5.6600440209110925,False,True
a000_i050,TOTAL_FLUX,300.0,1.0,76.0,76.0,80.0,80.0,20.0,20.0,20,20,0,0.19931980439060126,28.5638204290045,28.5638204290045,False,True
a000_i050,TOTAL_FLUX,1000.0,1.0,92.0,92.0,96.0,96.0,36.0,36.0,24,24,0,0.33074657334230184,87.43348317690892,87.43348317690892,False,True
a000_i050,TOTAL_FLUX,3000.0,1.0,96.0,96.0,100.0,100.0,40.0,40.0,25,25,0,0.6250847761828604,163.7231928149553,163.7231928149553,False,True
a000_i050,TOTAL_FLUX,10000.0,1.0,104.0,104.0,108.0,108.0,48.0,48.0,27,27,0,0.23032394049068905,265.02661959188197,265.02661959188197,False,True
a000_i050,TOTAL_FLUX,30000.0,1.0,112.0,112.0,116.0,116.0,56.0,56.0,29,29,0,0.30000773552026205,375.9225762212864,375.9225762212864,False,True
a000_i050,TOTAL_FLUX,100000.0,1.0,120.0,120.0,124.0,124.0,64.0,64.0,31,31,0,0.8167742485866789,515.1630638311701,515.1630638311701,False,True
a000_i050,TOTAL_FLUX,1000000.0,1.0,124.0,124.0,128.0,128.0,68.0,68.0,32,32,0,0.9231758167013493,810.0562550336552,810.0562550336552,False,True
a000_i050,DELAY_ONLY,1.0,1.0,-1.0,-1.0,0.0,0.0,0.0,0.0,0,0,0,0.9701570156169802,0.007565858562795833,0.007565858562795833,False,True
a000_i050,DELAY_ONLY,3.0,1.0,-1.0,-1.0,0.0,0.0,0.0,0.0,0,0,0,0.7314131405528218,0.06798608676022913,0.06798608676022913,False,True
a000_i050,DELAY_ONLY,10.0,1.0,48.0,48.0,52.0,52.0,0.0,0.0,13,13,0,0.04927147648873975,0.742452816001191,0.742452816001191,False,True
a000_i050,DELAY_ONLY,30.0,1.0,56.0,56.0,60.0,60.0,0.0,0.0,15,15,0,0.17335383589060327,5.90905452577344,5.90905452577344,False,True
a000_i050,DELAY_ONLY,100.0,1.0,84.0,84.0,88.0,88.0,28.0,28.0,22,22,0,0.06891027907753622,35.900569058054664,35.900569058054664,False,True
a000_i050,DELAY_ONLY,300.0,1.0,96.0,96.0,100.0,100.0,40.0,40.0,25,25,0,0.33308179868301946,99.28299802111812,99.28299802111812,False,True
a000_i050,DELAY_ONLY,1000.0,1.0,100.0,100.0,104.0,104.0,44.0,44.0,26,26,0,0.028321162992353655,196.90327430207327,196.90327430207327,False,True
a000_i050,DELAY_ONLY,3000.0,1.0,116.0,116.0,120.0,120.0,60.0,60.0,30,30,0,0.32747355898808994,309.12445833348926,309.12445833348926,False,True
a000_i050,DELAY_ONLY,10000.0,1.0,120.0,120.0,124.0,124.0,64.0,64.0,31,31,0,0.20074561223410403,453.25150653044216,453.25150653044216,False,True
a000_i050,DELAY_ONLY,30000.0,1.0,124.0,124.0,128.0,128.0,68.0,68.0,32,32,0,0.9644735598751164,594.787765630645,594.787765630645,False,True
a000_i050,DELAY_ONLY,100000.0,1.0,124.0,124.0,128.0,128.0,68.0,68.0,32,32,0,0.6052617763901817,754.3283145816679,754.3283145816679,False,True
a000_i050,DELAY_ONLY,1000000.0,1.0,128.0,128.0,132.0,132.0,72.0,72.0,33,33,0,0.9938866083193726,1071.7059734281142,1071.7059734281142,False,True
a000_i050,SPATIAL_ONLY,1.0,1.0,-1.0,-1.0,0.0,0.0,0.0,0.0,0,0,0,0.9699504340119774,0.0011340157228960637,0.0011340157228960637,False,True
a000_i050,SPATIAL_ONLY,3.0,1.0,-1.0,-1.0,0.0,0.0,0.0,0.0,0,0,0,0.7295539061077969,0.010184227551671048,0.010184227551671048,False,True
a000_i050,SPATIAL_ONLY,10.0,1.0,48.0,48.0,52.0,52.0,0.0,0.0,13,13,0,0.08701403410348374,0.11048533323706135,0.11048533323706135,False,True
a000_i050,SPATIAL_ONLY,30.0,1.0,56.0,56.0,60.0,60.0,0.0,0.0,15,15,0,0.5026528645239798,0.8334993549537864,0.8334993549537864,False,True
a000_i050,SPATIAL_ONLY,100.0,1.0,60.0,60.0,64.0,64.0,4.0,4.0,16,16,0,0.9272835385629739,4.0325759159321555,4.0325759159321555,False,True
a000_i050,SPATIAL_ONLY,300.0,1.0,60.0,60.0,64.0,64.0,4.0,4.0,16,16,0,0.34555184706676423,9.868768962340402,9.868768962340402,False,True
a000_i050,SPATIAL_ONLY,1000.0,1.0,64.0,64.0,68.0,68.0,8.0,8.0,17,17,0,0.9953374756649881,21.102854792704193,21.102854792704193,False,True
a000_i050,SPATIAL_ONLY,3000.0,1.0,64.0,64.0,68.0,68.0,8.0,8.0,17,17,0,0.9580372809848925,33.97406433388146,33.97406433388146,False,True
a000_i050,SPATIAL_ONLY,10000.0,1.0,64.0,64.0,68.0,68.0,8.0,8.0,17,17,0,0.5337475664988054,49.732664852353714,49.732664852353714,False,True
a000_i050,SPATIAL_ONLY,30000.0,1.0,68.0,68.0,72.0,72.0,12.0,12.0,18,18,0,0.9999030659511872,67.97236548169194,67.97236548169194,False,True
a000_i050,SPATIAL_ONLY,100000.0,1.0,68.0,68.0,72.0,72.0,12.0,12.0,18,18,0,0.9989229550131905,91.28508354056112,91.28508354056112,False,True
a000_i050,SPATIAL_ONLY,1000000.0,1.0,68.0,68.0,72.0,72.0,12.0,12.0,18,18,0,0.8922955013190509,137.65755888428362,137.65755888428362,False,True
a000_i050,EQUALIZED_ORDER_SENSITIVITY,1.0,1.0,-1.0,-1.0,0.0,0.0,0.0,0.0,0,0,0,0.9209673593340344,1.692659957108766,1.692659957108766,False,True
a000_i050,EQUALIZED_ORDER_SENSITIVITY,3.0,1.0,-1.0,-1.0,0.0,0.0,0.0,0.0,0,0,0,0.2887062340063097,12.815044562525895,12.815044562525895,False,True
a000_i050,EQUALIZED_ORDER_SENSITIVITY,10.0,1.0,96.0,96.0,100.0,100.0,40.0,40.0,25,25,0,0.04680022548550222,65.45134365622492,65.45134365622492,False,True
a000_i050,EQUALIZED_ORDER_SENSITIVITY,30.0,1.0,112.0,112.0,116.0,116.0,56.0,56.0,29,29,0,0.3048568256775993,160.64470834688706,160.64470834688706,False,True
a000_i050,EQUALIZED_ORDER_SENSITIVITY,100.0,1.0,120.0,120.0,124.0,124.0,64.0,64.0,31,31,0,0.5991554202251536,297.96488887931946,297.96488887931946,False,True
a000_i050,EQUALIZED_ORDER_SENSITIVITY,300.0,1.0,124.0,124.0,128.0,128.0,68.0,68.0,32,32,0,0.9821826677704442,437.193183979804,437.193183979804,False,True
a000_i050,EQUALIZED_ORDER_SENSITIVITY,1000.0,1.0,124.0,124.0,128.0,128.0,68.0,68.0,32,32,0,0.802029641893824,595.6658931037805,595.6658931037805,False,True
a000_i050,EQUALIZED_ORDER_SENSITIVITY,3000.0,1.0,128.0,128.0,132.0,132.0,72.0,72.0,33,33,0,0.7817332229555847,743.9461494037391,743.9461494037391,False,True
a000_i050,EQUALIZED_ORDER_SENSITIVITY,10000.0,1.0,128.0,128.0,132.0,132.0,72.0,72.0,33,33,0,0.9969339925351303,910.9163135667873,910.9163135667873,False,True
a000_i050,EQUALIZED_ORDER_SENSITIVITY,30000.0,1.0,128.0,128.0,132.0,132.0,72.0,72.0,33,33,0,0.9724059328161725,1064.6428588797507,1064.6428588797507,False,True
a000_i050,EQUALIZED_ORDER_SENSITIVITY,100000.0,1.0,128.0,128.0,132.0,132.0,72.0,72.0,33,33,0,0.6933992535130272,1234.1394007234458,1234.1394007234458,False,True
a000_i050,EQUALIZED_ORDER_SENSITIVITY,1000000.0,1.0,132.0,132.0,136.0,136.0,76.0,76.0,34,34,0,0.9998571173671349,1569.250377627418,1569.250377627418,False,True
a000_i050,PAIRING_DESTROYED,1.0,1.0,-1.0,-1.0,0.0,0.0,0.0,0.0,0,0,0,0.9686818680553337,0.0047094619757980525,0.0047094619757980525,False,True
a000_i050,PAIRING_DESTROYED,3.0,1.0,-1.0,-1.0,0.0,0.0,0.0,0.0,0,0,0,0.7181368124980032,0.04232929214164407,0.04232929214164407,False,True
a000_i050,PAIRING_DESTROYED,10.0,1.0,48.0,48.0,52.0,52.0,0.0,0.0,13,13,0,0.09624720750871418,0.46352848334336827,0.46352848334336827,False,True
a000_i050,PAIRING_DESTROYED,30.0,1.0,56.0,56.0,60.0,60.0,0.0,0.0,15,15,0,0.3186318330738317,3.7626617052269675,3.7626617052269675,False,True
a000_i050,PAIRING_DESTROYED,100.0,1.0,76.0,76.0,80.0,80.0,20.0,20.0,20,20,0,0.04625647646825448,25.38208440302655,25.38208440302655,False,True
a000_i050,PAIRING_DESTROYED,300.0,1.0,92.0,92.0,96.0,96.0,36.0,36.0,24,24,0,0.20007614044097266,80.08902173866684,80.08902173866684,False,True
a000_i050,PAIRING_DESTROYED,1000.0,1.0,100.0,100.0,104.0,104.0,44.0,44.0,26,26,0,0.6547108752956762,169.85764927438058,169.85764927438058,False,True
a000_i050,PAIRING_DESTROYED,3000.0,1.0,108.0,108.0,112.0,112.0,52.0,52.0,28,28,0,0.41970002902672443,269.7521453108411,269.7521453108411,False,True
a000_i050,PAIRING_DESTROYED,10000.0,1.0,116.0,116.0,120.0,120.0,60.0,60.0,30,30,0,0.4720410159097198,398.3109008353325,398.3109008353325,False,True
a000_i050,PAIRING_DESTROYED,30000.0,1.0,120.0,120.0,124.0,124.0,64.0,64.0,31,31,0,0.5745853530608992,529.7925920422572,529.7925920422572,False,True
a000_i050,PAIRING_DESTROYED,100000.0,1.0,124.0,124.0,128.0,128.0,68.0,68.0,32,32,0,0.9814485749840001,683.6835757147902,683.6835757147902,False,True
a000_i050,PAIRING_DESTROYED,1000000.0,1.0,128.0,128.0,132.0,132.0,72.0,72.0,33,33,0,0.8551425015999972,990.8807558234803,990.8807558234803,False,True
a000_i075,DIRECT_PHYSICAL,1.0,1.0,-1.0,-1.0,0.0,0.0,0.0,0.0,0,0,0,0.9771725307294915,0.0012694122621399804,0.0012694122621399804,False,True
a000_i075,DIRECT_PHYSICAL,3.0,1.0,-1.0,-1.0,0.0,0.0,0.0,0.0,0,0,0,0.7945527765654236,0.01139990606364631,0.01139990606364631,False,True
a000_i075,DIRECT_PHYSICAL,10.0,1.0,124.0,124.0,88.0,88.0,0.0,0.0,22,22,0,0.06454443474690696,0.12364658471436955,0.12364658471436955,False,True
a000_i075,DIRECT_PHYSICAL,30.0,1.0,136.0,136.0,116.0,116.0,0.0,0.0,29,29,0,0.03747219999944473,0.9335114380911819,0.9335114380911819,False,True
a000_i075,DIRECT_PHYSICAL,100.0,1.0,140.0,140.0,124.0,124.0,4.0,4.0,31,31,0,0.04640130994056202,4.711644217840383,4.711644217840383,False,True
a000_i075,DIRECT_PHYSICAL,300.0,1.0,144.0,144.0,132.0,132.0,8.0,8.0,33,33,0,0.9428654712008352,12.574755293850862,12.574755293850862,False,True
a000_i075,DIRECT_PHYSICAL,1000.0,1.0,144.0,144.0,132.0,132.0,8.0,8.0,33,33,0,0.3651719022315024,25.82789964880888,25.82789964880888,False,True
a000_i075,DIRECT_PHYSICAL,3000.0,1.0,144.0,144.0,136.0,136.0,8.0,8.0,34,34,0,0.4733040539151163,40.32743571117462,40.32743571117462,False,True
a000_i075,DIRECT_PHYSICAL,10000.0,1.0,148.0,148.0,140.0,140.0,12.0,12.0,35,35,0,0.9828429960096695,60.765588481223254,60.765588481223254,False,True
a000_i075,DIRECT_PHYSICAL,30000.0,1.0,148.0,148.0,140.0,140.0,12.0,12.0,35,35,0,0.845586964087026,82.19735490301497,82.19735490301497,False,True
a000_i075,DIRECT_PHYSICAL,100000.0,1.0,148.0,148.0,144.0,144.0,12.0,12.0,36,36,0,0.7157003990330435,106.39475190513862,106.39475190513862,False,True
a000_i075,DIRECT_PHYSICAL,1000000.0,1.0,152.0,152.0,148.0,148.0,16.0,16.0,37,37,0,0.9985202174749622,159.57760894410546,159.57760894410546,False,True
a000_i075,RESOLVED_PHYSICAL,1.0,1.0,-1.0,-1.0,0.0,0.0,0.0,0.0,0,0,0,0.9762375552785124,0.002756241380399768,0.002756241380399768,False,True
a000_i075,RESOLVED_PHYSICAL,3.0,1.0,-1.0,-1.0,0.0,0.0,0.0,0.0,0,0,0,0.7861379975066117,0.024753457653220696,0.024753457653220696,False,True
a000_i075,RESOLVED_PHYSICAL,10.0,1.0,124.0,124.0,88.0,88.0,0.0,0.0,22,22,0,0.06454443474690696,0.268687018622404,0.268687018622404,False,True
a000_i075,RESOLVED_PHYSICAL,30.0,1.0,136.0,136.0,116.0,116.0,0.0,0.0,29,29,0,0.03747219999944473,2.0614167361492157,2.0614167361492157,False,True
a000_i075,RESOLVED_PHYSICAL,100.0,1.0,144.0,144.0,128.0,128.0,8.0,8.0,32,32,0,0.04640130994056202,11.957380197202415,11.957380197202415,False,True
a000_i075,RESOLVED_PHYSICAL,300.0,1.0,152.0,152.0,140.0,140.0,16.0,16.0,35,35,0,0.38496315404667136,36.170990171934726,36.170990171934726,False,True
a000_i075,RESOLVED_PHYSICAL,1000.0,1.0,164.0,164.0,152.0,152.0,28.0,28.0,38,38,0,0.3498330828990839,84.28659251151038,84.28659251151038,False,True
a000_i075,RESOLVED_PHYSICAL,3000.0,1.0,172.0,172.0,164.0,164.0,36.0,36.0,41,41,0,0.03201103460536059,146.2907995097682,146.2907995097682,False,True
a000_i075,RESOLVED_PHYSICAL,10000.0,1.0,172.0,172.0,164.0,164.0,36.0,36.0,41,41,0,0.6818480965754932,225.7563880259944,225.7563880259944,False,True
a000_i075,RESOLVED_PHYSICAL,30000.0,1.0,176.0,176.0,168.0,168.0,40.0,40.0,42,42,0,0.845586964087026,304.3903412801888,304.3903412801888,False,True
a000_i075,RESOLVED_PHYSICAL,100000.0,1.0,176.0,176.0,172.0,172.0,40.0,40.0,43,43,0,0.7157003990330435,394.9712785151573,394.9712785151573,False,True
a000_i075,RESOLVED_PHYSICAL,1000000.0,1.0,180.0,180.0,176.0,176.0,44.0,44.0,44,44,0,0.9985202174749622,577.1968225590367,577.1968225590367,False,True
a000_i075,UNRESOLVED_IMAGE,1.0,1.0,-1.0,-1.0,0.0,0.0,0.0,0.0,0,0,0,0.9780502292890704,0.0012808780943363797,0.0012808780943363797,False,True
a000_i075,UNRESOLVED_IMAGE,3.0,1.0,-1.0,-1.0,0.0,0.0,0.0,0.0,0,0,0,0.8024520636016338,0.011504561030260277,0.011504561030260277,False,True
a000_i075,UNRESOLVED_IMAGE,10.0,1.0,124.0,124.0,88.0,88.0,0.0,0.0,22,22,0,0.030763219153642885,0.12498389875289692,0.12498389875289692,False,True
a000_i075,UNRESOLVED_IMAGE,30.0,1.0,136.0,136.0,116.0,116.0,0.0,0.0,29,29,0,0.09189143506973818,0.9545010560670231,0.9545010560670231,False,True
a000_i075,UNRESOLVED_IMAGE,100.0,1.0,140.0,140.0,124.0,124.0,4.0,4.0,31,31,0,0.10075477728758298,5.077718945291011,5.077718945291011,False,True
a000_i075,UNRESOLVED_IMAGE,300.0,1.0,144.0,144.0,132.0,132.0,8.0,8.0,33,33,0,0.6360354463141628,14.888558393524105,14.888558393524105,False,True
a000_i075,UNRESOLVED_IMAGE,1000.0,1.0,152.0,152.0,140.0,140.0,16.0,16.0,35,35,0,0.021785274893225237,36.7902461467908,36.7902461467908,False,True
a000_i075,UNRESOLVED_IMAGE,3000.0,1.0,156.0,156.0,148.0,148.0,20.0,20.0,37,37,0,0.37986081560149765,69.53186725621411,69.53186725621411,False,True
a000_i075,UNRESOLVED_IMAGE,10000.0,1.0,160.0,160.0,152.0,152.0,24.0,24.0,38,38,0,0.4864900244564613,118.93744696210355,118.93744696210355,False,True
a000_i075,UNRESOLVED_IMAGE,30000.0,1.0,164.0,164.0,156.0,156.0,28.0,28.0,39,39,0,0.24192735718592961,174.20316720466855,174.20316720466855,False,True
a000_i075,UNRESOLVED_IMAGE,100000.0,1.0,172.0,172.0,168.0,168.0,36.0,36.0,42,42,0,0.4477234004064585,245.96857472701572,245.96857472701572,False,True
a000_i075,UNRESOLVED_IMAGE,1000000.0,1.0,176.0,176.0,172.0,172.0,40.0,40.0,43,43,0,0.992900410620214,406.25064355064717,406.25064355064717,False,True
a000_i075,TOTAL_FLUX,1.0,1.0,-1.0,-1.0,0.0,0.0,0.0,0.0,0,0,0,0.9971758262045096,0.00010742350323013758,0.00010742350323013758,False,True
a000_i075,TOTAL_FLUX,3.0,1.0,-1.0,-1.0,0.0,0.0,0.0,0.0,0,0,0,0.9745824358405865,0.0009667207406307362,0.0009667207406307362,False,True
a000_i075,TOTAL_FLUX,10.0,1.0,-1.0,-1.0,0.0,0.0,0.0,0.0,0,0,0,0.7175826204509607,0.010729890843482156,0.010729890843482156,False,True
a000_i075,TOTAL_FLUX,30.0,1.0,124.0,124.0,48.0,48.0,0.0,0.0,12,12,0,0.044314733087688074,0.09567969154317371,0.09567969154317371,False,True
a000_i075,TOTAL_FLUX,100.0,1.0,136.0,136.0,116.0,116.0,0.0,0.0,29,29,0,0.559361424073413,0.9694812775833341,0.9694812775833341,False,True
a000_i075,TOTAL_FLUX,300.0,1.0,140.0,140.0,124.0,124.0,4.0,4.0,31,31,0,0.3841741124789485,5.722522453182547,5.722522453182547,False,True
a000_i075,TOTAL_FLUX,1000.0,1.0,148.0,148.0,136.0,136.0,12.0,12.0,34,34,0,0.5806155935776909,22.40135410807032,22.40135410807032,False,True
a000_i075,TOTAL_FLUX,3000.0,1.0,152.0,152.0,140.0,140.0,16.0,16.0,35,35,0,0.09361653675852899,52.21710364673053,52.21710364673053,False,True
a000_i075,TOTAL_FLUX,10000.0,1.0,164.0,164.0,152.0,152.0,28.0,28.0,38,38,0,0.02650951205965757,105.01613578987113,105.01613578987113,False,True
a000_i075,TOTAL_FLUX,30000.0,1.0,168.0,168.0,160.0,160.0,32.0,32.0,40,40,0,0.16538768096778156,168.59692426528392,168.59692426528392,False,True
a000_i075,TOTAL_FLUX,100000.0,1.0,172.0,172.0,164.0,164.0,36.0,36.0,41,41,0,0.8865668362049479,247.46488297870695,247.46488297870695,False,True
a000_i075,TOTAL_FLUX,1000000.0,1.0,176.0,176.0,172.0,172.0,40.0,40.0,43,43,0,0.37085295327148926,413.2297776302619,413.2297776302619,False,True
a000_i075,DELAY_ONLY,1.0,1.0,-1.0,-1.0,0.0,0.0,0.0,0.0,0,0,0,0.9762375552785124,0.002756241380399768,0.002756241380399768,False,True
a000_i075,DELAY_ONLY,3.0,1.0,-1.0,-1.0,0.0,0.0,0.0,0.0,0,0,0,0.7861379975066117,0.024753457653220696,0.024753457653220696,False,True
a000_i075,DELAY_ONLY,10.0,1.0,124.0,124.0,88.0,88.0,0.0,0.0,22,22,0,0.06454443474690696,0.268687018622404,0.268687018622404,False,True
a000_i075,DELAY_ONLY,30.0,1.0,136.0,136.0,116.0,116.0,0.0,0.0,29,29,0,0.03747219999944473,2.0614167361492157,2.0614167361492157,False,True
a000_i075,DELAY_ONLY,100.0,1.0,144.0,144.0,128.0,128.0,8.0,8.0,32,32,0,0.04640130994056202,11.957380197202415,11.957380197202415,False,True
a000_i075,DELAY_ONLY,300.0,1.0,152.0,152.0,140.0,140.0,16.0,16.0,35,35,0,0.38496315404667136,36.170990171934726,36.170990171934726,False,True
a000_i075,DELAY_ONLY,1000.0,1.0,164.0,164.0,152.0,152.0,28.0,28.0,38,38,0,0.3498330828990839,84.28659251151038,84.28659251151038,False,True
a000_i075,DELAY_ONLY,3000.0,1.0,172.0,172.0,164.0,164.0,36.0,36.0,41,41,0,0.03201103460536059,146.2907995097682,146.2907995097682,False,True
a000_i075,DELAY_ONLY,10000.0,1.0,172.0,172.0,164.0,164.0,36.0,36.0,41,41,0,0.6818480965754932,225.7563880259944,225.7563880259944,False,True
a000_i075,DELAY_ONLY,30000.0,1.0,176.0,176.0,168.0,168.0,40.0,40.0,42,42,0,0.845586964087026,304.3903412801888,304.3903412801888,False,True
a000_i075,DELAY_ONLY,100000.0,1.0,176.0,176.0,172.0,172.0,40.0,40.0,43,43,0,0.7157003990330435,394.9712785151573,394.9712785151573,False,True
a000_i075,DELAY_ONLY,1000000.0,1.0,180.0,180.0,176.0,176.0,44.0,44.0,44,44,0,0.9985202174749622,577.1968225590367,577.1968225590367,False,True
a000_i075,SPATIAL_ONLY,1.0,1.0,-1.0,-1.0,0.0,0.0,0.0,0.0,0,0,0,0.9765453391650852,0.0013102192539248237,0.0013102192539248237,False,True
a000_i075,SPATIAL_ONLY,3.0,1.0,-1.0,-1.0,0.0,0.0,0.0,0.0,0,0,0,0.788908052485767,0.011765539426481113,0.011765539426481113,False,True
a000_i075,SPATIAL_ONLY,10.0,1.0,124.0,124.0,88.0,88.0,0.0,0.0,22,22,0,0.033023185092261764,0.1275146676072327,0.1275146676072327,False,True
a000_i075,SPATIAL_ONLY,30.0,1.0,136.0,136.0,116.0,116.0,0.0,0.0,29,29,0,0.005481390817785425,0.9582418663949414,0.9582418663949414,False,True
a000_i075,SPATIAL_ONLY,100.0,1.0,140.0,140.0,124.0,124.0,4.0,4.0,31,31,0,0.017928930576046165,4.788682144693284,4.788682144693284,False,True
a000_i075,SPATIAL_ONLY,300.0,1.0,144.0,144.0,132.0,132.0,8.0,8.0,33,33,0,0.941260114883668,12.716577066385785,12.716577066385785,False,True
a000_i075,SPATIAL_ONLY,1000.0,1.0,144.0,144.0,132.0,132.0,8.0,8.0,33,33,0,0.34733460981853304,26.007189441754598,26.007189441754598,False,True
a000_i075,SPATIAL_ONLY,3000.0,1.0,144.0,144.0,136.0,136.0,8.0,8.0,34,34,0,0.4607161133104739,40.53842799990796,40.53842799990796,False,True
a000_i075,SPATIAL_ONLY,10000.0,1.0,148.0,148.0,140.0,140.0,12.0,12.0,35,35,0,0.9823717742569488,61.02508870300326,61.02508870300326,False,True
a000_i075,SPATIAL_ONLY,30000.0,1.0,148.0,148.0,140.0,140.0,12.0,12.0,35,35,0,0.8413459683125393,82.46914741032911,82.46914741032911,False,True
a000_i075,SPATIAL_ONLY,100000.0,1.0,148.0,148.0,144.0,144.0,12.0,12.0,36,36,0,0.7628225743051198,106.6718026918051,106.6718026918051,False,True
a000_i075,SPATIAL_ONLY,1000000.0,1.0,152.0,152.0,148.0,148.0,16.0,16.0,37,37,0,0.9984799008424414,159.91830498975798,159.91830498975798,False,True
a000_i075,EQUALIZED_ORDER_SENSITIVITY,1.0,1.0,-1.0,-1.0,0.0,0.0,0.0,0.0,0,0,0,0.9060907581763564,0.27574608964476177,0.27574608964476177,False,True
a000_i075,EQUALIZED_ORDER_SENSITIVITY,3.0,1.0,-1.0,-1.0,0.0,0.0,0.0,0.0,0,0,0,0.15481682358720794,2.355401863186081,2.355401863186081,False,True
a000_i075,EQUALIZED_ORDER_SENSITIVITY,10.0,1.0,148.0,148.0,112.0,112.0,12.0,12.0,28,28,0,0.044560962312836905,17.967422578514423,17.967422578514423,False,True
a000_i075,EQUALIZED_ORDER_SENSITIVITY,30.0,1.0,168.0,168.0,148.0,148.0,32.0,32.0,37,37,0,0.03747219999944473,60.686782090656195,60.686782090656195,False,True
a000_i075,EQUALIZED_ORDER_SENSITIVITY,100.0,1.0,172.0,172.0,156.0,156.0,36.0,36.0,39,39,0,0.04640130994056202,131.68565223507758,131.68565223507758,False,True
a000_i075,EQUALIZED_ORDER_SENSITIVITY,300.0,1.0,172.0,172.0,160.0,160.0,36.0,36.0,40,40,0,0.41055762248999716,206.17822463867805,206.17822463867805,False,True
a000_i075,EQUALIZED_ORDER_SENSITIVITY,1000.0,1.0,176.0,176.0,164.0,164.0,40.0,40.0,41,41,0,0.3651719022315024,294.08734281323177,294.08734281323177,False,True
a000_i075,EQUALIZED_ORDER_SENSITIVITY,3000.0,1.0,176.0,176.0,168.0,168.0,40.0,40.0,42,42,0,0.8954515420129394,377.4113128599985,377.4113128599985,False,True
a000_i075,EQUALIZED_ORDER_SENSITIVITY,10000.0,1.0,180.0,180.0,172.0,172.0,44.0,44.0,43,43,0,0.16164953318956177,471.53567358948806,471.53567358948806,False,True
a000_i075,EQUALIZED_ORDER_SENSITIVITY,30000.0,1.0,180.0,180.0,172.0,172.0,44.0,44.0,43,43,0,0.845586964087026,561.6971462909635,561.6971462909635,False,True
a000_i075,EQUALIZED_ORDER_SENSITIVITY,100000.0,1.0,180.0,180.0,176.0,176.0,44.0,44.0,44,44,0,0.7157003990330435,662.5264166982436,662.5264166982436,False,True
a000_i075,EQUALIZED_ORDER_SENSITIVITY,1000000.0,1.0,180.0,180.0,176.0,176.0,44.0,44.0,44,44,0,0.2469551339180398,858.1249732910143,858.1249732910143,False,True
a000_i075,PAIRING_DESTROYED,1.0,1.0,-1.0,-1.0,0.0,0.0,0.0,0.0,0,0,0,0.9779232088388824,0.002701264200993801,0.002701264200993801,False,True
a000_i075,PAIRING_DESTROYED,3.0,1.0,-1.0,-1.0,0.0,0.0,0.0,0.0,0,0,0,0.8013088795499411,0.02424635519133017,0.02424635519133017,False,True
a000_i075,PAIRING_DESTROYED,10.0,1.0,124.0,124.0,92.0,92.0,0.0,0.0,23,23,0,0.05554913573109321,0.261638735196532,0.261638735196532,False,True
a000_i075,PAIRING_DESTROYED,30.0,1.0,136.0,136.0,116.0,116.0,0.0,0.0,29,29,0,0.041661955757783864,1.9418260582943454,1.9418260582943454,False,True
a000_i075,PAIRING_DESTROYED,100.0,1.0,144.0,144.0,128.0,128.0,8.0,8.0,32,32,0,0.2394647488541417,10.64539014640394,10.64539014640394,False,True
a000_i075,PAIRING_DESTROYED,300.0,1.0,152.0,152.0,140.0,140.0,16.0,16.0,35,35,0,0.30291604860989985,32.03407334718896,32.03407334718896,False,True
a000_i075,PAIRING_DESTROYED,1000.0,1.0,160.0,160.0,148.0,148.0,24.0,24.0,37,37,0,0.4306154771881193,74.7575177288301,74.7575177288301,False,True
a000_i075,PAIRING_DESTROYED,3000.0,1.0,168.0,168.0,160.0,160.0,32.0,32.0,40,40,0,0.7230877001236355,130.79293166629375,130.79293166629375,False,True
a000_i075,PAIRING_DESTROYED,10000.0,1.0,172.0,172.0,164.0,164.0,36.0,36.0,41,41,0,0.9677411574015271,205.44285970711508,205.44285970711508,False,True
a000_i075,PAIRING_DESTROYED,30000.0,1.0,172.0,172.0,164.0,164.0,36.0,36.0,41,41,0,0.7096704166137435,279.81819944982624,279.81819944982624,False,True
a000_i075,PAIRING_DESTROYED,100000.0,1.0,176.0,176.0,172.0,172.0,40.0,40.0,43,43,0,0.16026834720074223,366.28147393917277,366.28147393917277,False,True
a000_i075,PAIRING_DESTROYED,1000000.0,1.0,176.0,176.0,172.0,172.0,40.0,40.0,43,43,0,0.8790637698582887,540.6464996187237,540.6464996187237,False,True
a050_i020,DIRECT_PHYSICAL,1.0,1.0,-1.0,-1.0,0.0,0.0,0.0,0.0,0,0,0,0.9325712372861409,0.006926312454432385,0.006926312454432385,False,True
a050_i020,DIRECT_PHYSICAL,3.0,1.0,-1.0,-1.0,0.0,0.0,0.0,0.0,0,0,0,0.39314113557526775,0.0615386128084798,0.0615386128084798,False,True
a050_i020,DIRECT_PHYSICAL,10.0,1.0,16.0,16.0,20.0,20.0,0.0,0.0,5,5,0,0.6634092005460035,0.6007722607787581,0.6007722607787581,False,True
a050_i020,DIRECT_PHYSICAL,30.0,1.0,20.0,20.0,24.0,24.0,4.0,4.0,6,6,0,0.9537230430301299,2.9682636219979015,2.9682636219979015,False,True
a050_i020,DIRECT_PHYSICAL,100.0,1.0,20.0,20.0,24.0,24.0,4.0,4.0,6,6,0,0.4858115892236655,8.751941306583465,8.751941306583465,False,True
a050_i020,DIRECT_PHYSICAL,300.0,1.0,24.0,24.0,28.0,28.0,8.0,8.0,7,7,0,0.9970668055151756,18.356122263942943,18.356122263942943,False,True
a050_i020,DIRECT_PHYSICAL,1000.0,1.0,24.0,24.0,28.0,28.0,8.0,8.0,7,7,0,0.9674089501686173,32.208852200293116,32.208852200293116,False,True
a050_i020,DIRECT_PHYSICAL,3000.0,1.0,24.0,24.0,28.0,28.0,8.0,8.0,7,7,0,0.7066805515175553,46.22384580395763,46.22384580395763,False,True
a050_i020,DIRECT_PHYSICAL,10000.0,1.0,28.0,28.0,32.0,32.0,12.0,12.0,8,8,0,0.9999311567592504,65.43124116637907,65.43124116637907,False,True
a050_i020,DIRECT_PHYSICAL,30000.0,1.0,28.0,28.0,32.0,32.0,12.0,12.0,8,8,0,0.9993804108332531,86.46866377055943,86.46866377055943,False,True
a050_i020,DIRECT_PHYSICAL,100000.0,1.0,28.0,28.0,32.0,32.0,12.0,12.0,8,8,0,0.9931156759250344,110.45116347590597,110.45116347590597,False,True
a050_i020,DIRECT_PHYSICAL,1000000.0,1.0,28.0,28.0,32.0,32.0,12.0,12.0,8,8,0,0.31156759250343957,158.55848675748538,158.55848675748538,False,True
a050_i020,RESOLVED_PHYSICAL,1.0,1.0,-1.0,-1.0,0.0,0.0,0.0,0.0,0,0,0,0.9325712370749194,0.017962736220654092,0.017962736220654092,False,True
a050_i020,RESOLVED_PHYSICAL,3.0,1.0,-1.0,-1.0,0.0,0.0,0.0,0.0,0,0,0,0.3931411336742746,0.16066843326762495,0.16066843326762495,False,True
a050_i020,RESOLVED_PHYSICAL,10.0,1.0,16.0,16.0,20.0,20.0,0.0,0.0,5,5,0,0.6427199768553776,1.680639062797349,1.680639062797349,False,True
a050_i020,RESOLVED_PHYSICAL,30.0,1.0,20.0,20.0,24.0,24.0,4.0,4.0,6,6,0,0.6871624107157446,11.673821631841612,11.673821631841612,False,True
a050_i020,RESOLVED_PHYSICAL,100.0,1.0,60.0,60.0,64.0,64.0,44.0,44.0,16,16,0,0.05236082186541757,63.33553767261696,63.33553767261696,False,True
a050_i020,RESOLVED_PHYSICAL,300.0,1.0,76.0,76.0,80.0,80.0,60.0,60.0,20,20,0,0.3668413801354977,166.4134804610755,166.4134804610755,False,True
a050_i020,RESOLVED_PHYSICAL,1000.0,1.0,88.0,88.0,92.0,92.0,72.0,72.0,23,23,0,0.0384300024326758,315.70203791610334,315.70203791610334,False,True
a050_i020,RESOLVED_PHYSICAL,3000.0,1.0,96.0,96.0,100.0,100.0,80.0,80.0,25,25,0,0.19464609377604258,472.92293063766584,472.92293063766584,False,True
a050_i020,RESOLVED_PHYSICAL,10000.0,1.0,96.0,96.0,100.0,100.0,80.0,80.0,25,25,0,0.47370486694111613,658.7312034974603,658.7312034974603,False,True
a050_i020,RESOLVED_PHYSICAL,30000.0,1.0,100.0,100.0,104.0,104.0,84.0,84.0,26,26,0,0.9902323419127241,835.058447626069,835.058447626069,False,True
a050_i020,RESOLVED_PHYSICAL,100000.0,1.0,100.0,100.0,104.0,104.0,84.0,84.0,26,26,0,0.8914704656969352,1032.1471937939225,1032.1471937939225,False,True
a050_i020,RESOLVED_PHYSICAL,1000000.0,1.0,104.0,104.0,108.0,108.0,88.0,88.0,27,27,0,0.9992160192678955,1419.1734551303357,1419.1734551303357,False,True
a050_i020,UNRESOLVED_IMAGE,1.0,1.0,-1.0,-1.0,0.0,0.0,0.0,0.0,0,0,0,0.9336177525686239,0.0070015977753501565,0.0070015977753501565,False,True
a050_i020,UNRESOLVED_IMAGE,3.0,1.0,-1.0,-1.0,0.0,0.0,0.0,0.0,0,0,0,0.4025597731176148,0.06223851398979377,0.06223851398979377,False,True
a050_i020,UNRESOLVED_IMAGE,10.0,1.0,16.0,16.0,20.0,20.0,0.0,0.0,5,5,0,0.6682238914226084,0.6106690519384405,0.6106690519384405,False,True
a050_i020,UNRESOLVED_IMAGE,30.0,1.0,20.0,20.0,24.0,24.0,4.0,4.0,6,6,0,0.9501159170763991,3.09985134559808,3.09985134559808,False,True
a050_i020,UNRESOLVED_IMAGE,100.0,1.0,20.0,20.0,24.0,24.0,4.0,4.0,6,6,0,0.4457324119599899,10.349648495478855,10.349648495478855,False,True
a050_i020,UNRESOLVED_IMAGE,300.0,1.0,24.0,24.0,28.0,28.0,8.0,8.0,7,7,0,0.4730319254629004,30.50466976650076,30.50466976650076,False,True
a050_i020,UNRESOLVED_IMAGE,1000.0,1.0,68.0,68.0,72.0,72.0,52.0,52.0,18,18,0,0.03777311633211866,98.06239620712464,98.06239620712464,False,True
a050_i020,UNRESOLVED_IMAGE,3000.0,1.0,76.0,76.0,80.0,80.0,60.0,60.0,20,20,0,0.2378042634317734,208.1424558024931,208.1424558024931,False,True
a050_i020,UNRESOLVED_IMAGE,10000.0,1.0,80.0,80.0,84.0,84.0,64.0,64.0,21,21,0,0.30348218123599535,353.5521691874881,353.5521691874881,False,True
a050_i020,UNRESOLVED_IMAGE,30000.0,1.0,84.0,84.0,88.0,88.0,68.0,68.0,22,22,0,0.35132249930359305,497.70109079286857,497.70109079286857,False,True
a050_i020,UNRESOLVED_IMAGE,100000.0,1.0,92.0,92.0,96.0,96.0,76.0,76.0,24,24,0,0.2364049018757054,669.1190045557464,669.1190045557464,False,True
a050_i020,UNRESOLVED_IMAGE,1000000.0,1.0,100.0,100.0,104.0,104.0,84.0,84.0,26,26,0,0.9936344345254088,1028.8230136827833,1028.8230136827833,False,True
a050_i020,TOTAL_FLUX,1.0,1.0,-1.0,-1.0,0.0,0.0,0.0,0.0,0,0,0,0.9706540580339087,0.003717709387149211,0.003717709387149211,False,True
a050_i020,TOTAL_FLUX,3.0,1.0,-1.0,-1.0,0.0,0.0,0.0,0.0,0,0,0,0.7358865223051783,0.03338701408031108,0.03338701408031108,False,True
a050_i020,TOTAL_FLUX,10.0,1.0,12.0,12.0,16.0,16.0,0.0,0.0,4,4,0,0.2214955148361163,0.3623390412240939,0.3623390412240939,False,True
a050_i020,TOTAL_FLUX,30.0,1.0,16.0,16.0,20.0,20.0,0.0,0.0,5,5,0,0.12185831577468464,2.805233075697661,2.805233075697661,False,True
a050_i020,TOTAL_FLUX,100.0,1.0,20.0,20.0,24.0,24.0,4.0,4.0,6,6,0,0.117302539044147,18.439901829782976,18.439901829782976,False,True
a050_i020,TOTAL_FLUX,300.0,1.0,52.0,52.0,56.0,56.0,36.0,36.0,14,14,0,0.04432815630340481,66.73419578943135,66.73419578943135,False,True
a050_i020,TOTAL_FLUX,1000.0,1.0,72.0,72.0,76.0,76.0,56.0,56.0,19,19,0,0.37803820015866463,167.31645693950037,167.31645693950037,False,True
a050_i020,TOTAL_FLUX,3000.0,1.0,80.0,80.0,84.0,84.0,64.0,64.0,21,21,0,0.0807644583135314,289.9356155762392,289.9356155762392,False,True
a050_i020,TOTAL_FLUX,10000.0,1.0,88.0,88.0,92.0,92.0,72.0,72.0,23,23,0,0.21767340852509842,446.60928874228273,446.60928874228273,False,True
a050_i020,TOTAL_FLUX,30000.0,1.0,96.0,96.0,100.0,100.0,80.0,80.0,25,25,0,0.05905136819712942,606.2543233053423,606.2543233053423,False,True
a050_i020,TOTAL_FLUX,100000.0,1.0,96.0,96.0,100.0,100.0,80.0,80.0,25,25,0,0.7452825274063228,791.7179622472863,791.7179622472863,False,True
a050_i020,TOTAL_FLUX,1000000.0,1.0,100.0,100.0,104.0,104.0,84.0,84.0,26,26,0,0.9674973873923103,1162.8353620025564,1162.8353620025564,False,True
a050_i020,DELAY_ONLY,1.0,1.0,-1.0,-1.0,0.0,0.0,0.0,0.0,0,0,0,0.9325712370749194,0.017962736220654092,0.017962736220654092,False,True
a050_i020,DELAY_ONLY,3.0,1.0,-1.0,-1.0,0.0,0.0,0.0,0.0,0,0,0,0.3931411336742746,0.16066843326762495,0.16066843326762495,False,True
a050_i020,DELAY_ONLY,10.0,1.0,16.0,16.0,20.0,20.0,0.0,0.0,5,5,0,0.6427199768553776,1.680639062797349,1.680639062797349,False,True
a050_i020,DELAY_ONLY,30.0,1.0,20.0,20.0,24.0,24.0,4.0,4.0,6,6,0,0.6871624107157446,11.673821631841612,11.673821631841612,False,True
a050_i020,DELAY_ONLY,100.0,1.0,60.0,60.0,64.0,64.0,44.0,44.0,16,16,0,0.05236082186541757,63.33553767261696,63.33553767261696,False,True
a050_i020,DELAY_ONLY,300.0,1.0,76.0,76.0,80.0,80.0,60.0,60.0,20,20,0,0.3668413801354977,166.4134804610755,166.4134804610755,False,True
a050_i020,DELAY_ONLY,1000.0,1.0,88.0,88.0,92.0,92.0,72.0,72.0,23,23,0,0.0384300024326758,315.70203791610334,315.70203791610334,False,True
a050_i020,DELAY_ONLY,3000.0,1.0,96.0,96.0,100.0,100.0,80.0,80.0,25,25,0,0.19464609377604258,472.92293063766584,472.92293063766584,False,True
a050_i020,DELAY_ONLY,10000.0,1.0,96.0,96.0,100.0,100.0,80.0,80.0,25,25,0,0.47370486694111613,658.7312034974603,658.7312034974603,False,True
a050_i020,DELAY_ONLY,30000.0,1.0,100.0,100.0,104.0,104.0,84.0,84.0,26,26,0,0.9902323419127241,835.058447626069,835.058447626069,False,True
a050_i020,DELAY_ONLY,100000.0,1.0,100.0,100.0,104.0,104.0,84.0,84.0,26,26,0,0.8914704656969352,1032.1471937939225,1032.1471937939225,False,True
a050_i020,DELAY_ONLY,1000000.0,1.0,104.0,104.0,108.0,108.0,88.0,88.0,27,27,0,0.9992160192678955,1419.1734551303357,1419.1734551303357,False,True
a050_i020,SPATIAL_ONLY,1.0,1.0,-1.0,-1.0,0.0,0.0,0.0,0.0,0,0,0,0.9320423403332131,0.006979662136480495,0.006979662136480495,False,True
a050_i020,SPATIAL_ONLY,3.0,1.0,-1.0,-1.0,0.0,0.0,0.0,0.0,0,0,0,0.3883810629989177,0.06200669236724018,0.06200669236724018,False,True
a050_i020,SPATIAL_ONLY,10.0,1.0,16.0,16.0,20.0,20.0,0.0,0.0,5,5,0,0.6608466160311225,0.6048290093596351,0.6048290093596351,False,True
a050_i020,SPATIAL_ONLY,30.0,1.0,20.0,20.0,24.0,24.0,4.0,4.0,6,6,0,0.9532164992215214,2.981632244392958,2.981632244392958,False,True
a050_i020,SPATIAL_ONLY,100.0,1.0,20.0,20.0,24.0,24.0,4.0,4.0,6,6,0,0.48018332468357106,8.78170856656654,8.78170856656654,False,True
a050_i020,SPATIAL_ONLY,300.0,1.0,24.0,24.0,28.0,28.0,8.0,8.0,7,7,0,0.9966310344094643,18.40882326774515,18.40882326774515,False,True
a050_i020,SPATIAL_ONLY,1000.0,1.0,24.0,24.0,28.0,28.0,8.0,8.0,7,7,0,0.9625670489940475,32.285465467228384,32.285465467228384,False,True
a050_i020,SPATIAL_ONLY,3000.0,1.0,24.0,24.0,28.0,28.0,8.0,8.0,7,7,0,0.6631034409464277,46.41517281968627,46.41517281968627,False,True
a050_i020,SPATIAL_ONLY,10000.0,1.0,28.0,28.0,32.0,32.0,12.0,12.0,8,8,0,0.9995120135112883,65.92231576047813,65.92231576047813,False,True
a050_i020,SPATIAL_ONLY,30000.0,1.0,28.0,28.0,32.0,32.0,12.0,12.0,8,8,0,0.9956081216015943,87.07938990942746,87.07938990942746,False,True
a050_i020,SPATIAL_ONLY,100000.0,1.0,28.0,28.0,32.0,32.0,12.0,12.0,8,8,0,0.9512013511288253,111.22549285190917,111.22549285190917,False,True
a050_i020,SPATIAL_ONLY,1000000.0,1.0,32.0,32.0,36.0,36.0,16.0,16.0,9,9,0,0.9998870344100148,164.16262335775414,164.16262335775414,False,True
a050_i020,EQUALIZED_ORDER_SENSITIVITY,1.0,1.0,-1.0,-1.0,0.0,0.0,0.0,0.0,0,0,0,0.9273743412588451,2.902057632686611,2.902057632686611,False,True
a050_i020,EQUALIZED_ORDER_SENSITIVITY,3.0,1.0,-1.0,-1.0,0.0,0.0,0.0,0.0,0,0,0,0.3463690713296059,21.899806988597128,21.899806988597128,False,True
a050_i020,EQUALIZED_ORDER_SENSITIVITY,10.0,1.0,80.0,80.0,84.0,84.0,64.0,64.0,21,21,0,0.06470928657622643,107.9823567592266,107.9823567592266,False,True
a050_i020,EQUALIZED_ORDER_SENSITIVITY,30.0,1.0,92.0,92.0,96.0,96.0,76.0,76.0,24,24,0,0.4382723300698095,247.4889090808759,247.4889090808759,False,True
a050_i020,EQUALIZED_ORDER_SENSITIVITY,100.0,1.0,96.0,96.0,100.0,100.0,80.0,80.0,25,25,0,0.7525337919241804,428.2449225964836,428.2449225964836,False,True
a050_i020,EQUALIZED_ORDER_SENSITIVITY,300.0,1.0,100.0,100.0,104.0,104.0,84.0,84.0,26,26,0,0.995407205659322,602.5003809610065,602.5003809610065,False,True
a050_i020,EQUALIZED_ORDER_SENSITIVITY,1000.0,1.0,100.0,100.0,104.0,104.0,84.0,84.0,26,26,0,0.9489689517702434,798.6949464579976,798.6949464579976,False,True
a050_i020,EQUALIZED_ORDER_SENSITIVITY,3000.0,1.0,100.0,100.0,104.0,104.0,84.0,84.0,26,26,0,0.5407205659321912,980.0296621568399,980.0296621568399,False,True
a050_i020,EQUALIZED_ORDER_SENSITIVITY,10000.0,1.0,104.0,104.0,108.0,108.0,88.0,88.0,27,27,0,0.999631368928208,1183.188525512794,1183.188525512794,False,True
a050_i020,EQUALIZED_ORDER_SENSITIVITY,30000.0,1.0,104.0,104.0,108.0,108.0,88.0,88.0,27,27,0,0.9966823203538718,1371.530441933118,1371.530441933118,False,True
a050_i020,EQUALIZED_ORDER_SENSITIVITY,100000.0,1.0,104.0,104.0,108.0,108.0,88.0,88.0,27,27,0,0.9631368928207982,1578.6668130529897,1578.6668130529897,False,True
a050_i020,EQUALIZED_ORDER_SENSITIVITY,1000000.0,1.0,108.0,108.0,112.0,112.0,92.0,92.0,28,28,0,0.999991797001611,1980.737495040984,1980.737495040984,False,True
a050_i020,PAIRING_DESTROYED,1.0,1.0,-1.0,-1.0,0.0,0.0,0.0,0.0,0,0,0,0.9323809316835939,0.015865650527197888,0.015865650527197888,False,True
a050_i020,PAIRING_DESTROYED,3.0,1.0,-1.0,-1.0,0.0,0.0,0.0,0.0,0,0,0,0.39142838515234557,0.14175028811121687,0.14175028811121687,False,True
a050_i020,PAIRING_DESTROYED,10.0,1.0,16.0,16.0,20.0,20.0,0.0,0.0,5,5,0,0.6334668873682877,1.4664595822380022,1.4664595822380022,False,True
a050_i020,PAIRING_DESTROYED,30.0,1.0,20.0,20.0,24.0,24.0,4.0,4.0,6,6,0,0.5552403975887621,9.728287516784938,9.728287516784938,False,True
a050_i020,PAIRING_DESTROYED,100.0,1.0,44.0,44.0,48.0,48.0,28.0,28.0,12,12,0,0.08984792678757259,50.1327050228541,50.1327050228541,False,True
a050_i020,PAIRING_DESTROYED,300.0,1.0,72.0,72.0,76.0,76.0,56.0,56.0,19,19,0,0.051605043253872385,137.8557488151668,137.8557488151668,False,True
a050_i020,PAIRING_DESTROYED,1000.0,1.0,80.0,80.0,84.0,84.0,64.0,64.0,21,21,0,0.4897369476933545,275.22605923988505,275.22605923988505,False,True
a050_i020,PAIRING_DESTROYED,3000.0,1.0,92.0,92.0,96.0,96.0,76.0,76.0,24,24,0,0.33070488818974453,422.44846882806297,422.44846882806297,False,True
a050_i020,PAIRING_DESTROYED,10000.0,1.0,96.0,96.0,100.0,100.0,80.0,80.0,25,25,0,0.8263276516789263,602.2821016758646,602.2821016758646,False,True
a050_i020,PAIRING_DESTROYED,30000.0,1.0,100.0,100.0,104.0,104.0,84.0,84.0,26,26,0,0.563051134889663,775.5909154245197,775.5909154245197,False,True
a050_i020,PAIRING_DESTROYED,100000.0,1.0,100.0,100.0,104.0,104.0,84.0,84.0,26,26,0,0.9615015596922356,971.2767337675812,971.2767337675812,False,True
a050_i020,PAIRING_DESTROYED,1000000.0,1.0,104.0,104.0,108.0,108.0,88.0,88.0,27,27,0,0.9996993570572552,1354.8302364252602,1354.8302364252602,False,True
a050_i050,DIRECT_PHYSICAL,1.0,1.0,-1.0,-1.0,0.0,0.0,0.0,0.0,0,0,0,0.9694225906390711,0.0008958369304649633,0.0008958369304649633,False,True
a050_i050,DIRECT_PHYSICAL,3.0,1.0,-1.0,-1.0,0.0,0.0,0.0,0.0,0,0,0,0.7248033157516395,0.008048670478243281,0.008048670478243281,False,True
a050_i050,DIRECT_PHYSICAL,10.0,1.0,48.0,48.0,52.0,52.0,0.0,0.0,13,13,0,0.1442694334461465,0.08772684368833703,0.08772684368833703,False,True
a050_i050,DIRECT_PHYSICAL,30.0,1.0,56.0,56.0,60.0,60.0,4.0,4.0,15,15,0,0.6045599681989478,0.6819363958379459,0.6819363958379459,False,True
a050_i050,DIRECT_PHYSICAL,100.0,1.0,60.0,60.0,64.0,64.0,8.0,8.0,16,16,0,0.9568327927575453,3.5396126391082467,3.5396126391082467,False,True
a050_i050,DIRECT_PHYSICAL,300.0,1.0,60.0,60.0,64.0,64.0,8.0,8.0,16,16,0,0.6114951348179074,8.718356780529179,8.718356780529179,False,True
a050_i050,DIRECT_PHYSICAL,1000.0,1.0,64.0,64.0,68.0,68.0,12.0,12.0,17,17,0,0.9981362923760954,18.8661408873938,18.8661408873938,False,True
a050_i050,DIRECT_PHYSICAL,3000.0,1.0,64.0,64.0,68.0,68.0,12.0,12.0,17,17,0,0.9832266313848578,31.372750660401895,31.372750660401895,False,True
a050_i050,DIRECT_PHYSICAL,10000.0,1.0,64.0,64.0,68.0,68.0,12.0,12.0,17,17,0,0.813629237609531,46.344632451118144,46.344632451118144,False,True
a050_i050,DIRECT_PHYSICAL,30000.0,1.0,68.0,68.0,72.0,72.0,16.0,16.0,18,18,0,0.677336861514221,62.77549903078395,62.77549903078395,False,True
a050_i050,DIRECT_PHYSICAL,100000.0,1.0,68.0,68.0,72.0,72.0,16.0,16.0,18,18,0,0.9997162478634641,85.1936513134276,85.1936513134276,False,True
a050_i050,DIRECT_PHYSICAL,1000000.0,1.0,68.0,68.0,72.0,72.0,16.0,16.0,18,18,0,0.9716247863464105,131.14912632963504,131.14912632963504,False,True
a050_i050,RESOLVED_PHYSICAL,1.0,1.0,-1.0,-1.0,0.0,0.0,0.0,0.0,0,0,0,0.9692629234088419,0.007062134479869041,0.007062134479869041,False,True
a050_i050,RESOLVED_PHYSICAL,3.0,1.0,-1.0,-1.0,0.0,0.0,0.0,0.0,0,0,0,0.7233663106795769,0.06347398247061475,0.06347398247061475,False,True
a050_i050,RESOLVED_PHYSICAL,10.0,1.0,48.0,48.0,52.0,52.0,0.0,0.0,13,13,0,0.09988339056774509,0.6948455411335583,0.6948455411335583,False,True
a050_i050,RESOLVED_PHYSICAL,30.0,1.0,56.0,56.0,60.0,60.0,4.0,4.0,15,15,0,0.29611036007262126,5.605626354769873,5.605626354769873,False,True
a050_i050,RESOLVED_PHYSICAL,100.0,1.0,84.0,84.0,88.0,88.0,32.0,32.0,22,22,0,0.08014176131956607,35.08802965504091,35.08802965504091,False,True
a050_i050,RESOLVED_PHYSICAL,300.0,1.0,96.0,96.0,100.0,100.0,44.0,44.0,25,25,0,0.2988825495297913,98.64976108574452,98.64976108574452,False,True
a050_i050,RESOLVED_PHYSICAL,1000.0,1.0,104.0,104.0,108.0,108.0,52.0,52.0,27,27,0,0.3201103538096123,196.85253182532324,196.85253182532324,False,True
a050_i050,RESOLVED_PHYSICAL,3000.0,1.0,112.0,112.0,116.0,116.0,60.0,60.0,29,29,0,0.35569984660823706,307.198935287415,307.198935287415,False,True
a050_i050,RESOLVED_PHYSICAL,10000.0,1.0,120.0,120.0,124.0,124.0,68.0,68.0,31,31,0,0.7582075832673814,446.3521525050468,446.3521525050468,False,True
a050_i050,RESOLVED_PHYSICAL,30000.0,1.0,124.0,124.0,128.0,128.0,72.0,72.0,32,32,0,0.9912606553591293,584.4541035526861,584.4541035526861,False,True
a050_i050,RESOLVED_PHYSICAL,100000.0,1.0,124.0,124.0,128.0,128.0,72.0,72.0,32,32,0,0.902896170656993,742.1146050073378,742.1146050073378,False,True
a050_i050,RESOLVED_PHYSICAL,1000000.0,1.0,128.0,128.0,132.0,132.0,76.0,76.0,33,33,0,0.998858800582953,1054.9891996739645,1054.9891996739645,False,True
a050_i050,UNRESOLVED_IMAGE,1.0,1.0,-1.0,-1.0,0.0,0.0,0.0,0.0,0,0,0,0.9699932276952682,0.0010383577564285116,0.0010383577564285116,False,True
a050_i050,UNRESOLVED_IMAGE,3.0,1.0,-1.0,-1.0,0.0,0.0,0.0,0.0,0,0,0,0.7299390492574139,0.009330967642580757,0.009330967642580757,False,True
a050_i050,UNRESOLVED_IMAGE,10.0,1.0,48.0,48.0,52.0,52.0,0.0,0.0,13,13,0,0.1543473942639889,0.10192716710086924,0.10192716710086924,False,True
a050_i050,UNRESOLVED_IMAGE,30.0,1.0,56.0,56.0,60.0,60.0,4.0,4.0,15,15,0,0.5994682151531354,0.8069572954448307,0.8069572954448307,False,True
a050_i050,UNRESOLVED_IMAGE,100.0,1.0,60.0,60.0,64.0,64.0,8.0,8.0,16,16,0,0.8855727276489684,4.83108765969439,4.83108765969439,False,True
a050_i050,UNRESOLVED_IMAGE,300.0,1.0,64.0,64.0,68.0,68.0,12.0,12.0,17,17,0,0.02984545115928383,18.138829196023178,18.138829196023178,False,True
a050_i050,UNRESOLVED_IMAGE,1000.0,1.0,92.0,92.0,96.0,96.0,40.0,40.0,24,24,0,0.26513253503332956,65.07936387322897,65.07936387322897,False,True
a050_i050,UNRESOLVED_IMAGE,3000.0,1.0,96.0,96.0,100.0,100.0,44.0,44.0,25,25,0,0.1570948934576084,139.7528152442822,139.7528152442822,False,True
a050_i050,UNRESOLVED_IMAGE,10000.0,1.0,100.0,100.0,104.0,104.0,48.0,48.0,26,26,0,0.2687576879956871,238.61573195036718,238.61573195036718,False,True
a050_i050,UNRESOLVED_IMAGE,30000.0,1.0,104.0,104.0,108.0,108.0,52.0,52.0,27,27,0,0.5502246687276078,338.358272649306,338.358272649306,False,True
a050_i050,UNRESOLVED_IMAGE,100000.0,1.0,112.0,112.0,116.0,116.0,60.0,60.0,29,29,0,0.5437950023319055,459.8789553808324,459.8789553808324,False,True
a050_i050,UNRESOLVED_IMAGE,1000000.0,1.0,124.0,124.0,128.0,128.0,72.0,72.0,32,32,0,0.5163131970860075,734.1479926160841,734.1479926160841,False,True
a050_i050,TOTAL_FLUX,1.0,1.0,-1.0,-1.0,0.0,0.0,0.0,0.0,0,0,0,0.9947486159723544,0.0005897270445369091,0.0005897270445369091,False,True
a050_i050,TOTAL_FLUX,3.0,1.0,-1.0,-1.0,0.0,0.0,0.0,0.0,0,0,0,0.95273754375119,0.005306775714163167,0.005306775714163167,False,True
a050_i050,TOTAL_FLUX,10.0,1.0,-1.0,-1.0,0.0,0.0,0.0,0.0,0,0,0,0.47486159723544485,0.05886748857158569,0.05886748857158569,False,True
a050_i050,TOTAL_FLUX,30.0,1.0,52.0,52.0,56.0,56.0,0.0,0.0,14,14,0,0.17711557604562356,0.5223902589177335,0.5223902589177335,False,True
a050_i050,TOTAL_FLUX,100.0,1.0,56.0,56.0,60.0,60.0,4.0,4.0,15,15,0,0.242822869025617,5.0916825969712445,5.0916825969712445,False,True
a050_i050,TOTAL_FLUX,300.0,1.0,76.0,76.0,80.0,80.0,24.0,24.0,20,20,0,0.11275257532980754,26.874515765359043,26.874515765359043,False,True
a050_i050,TOTAL_FLUX,1000.0,1.0,92.0,92.0,96.0,96.0,40.0,40.0,24,24,0,0.5686789091573083,85.52369230388773,85.52369230388773,False,True
a050_i050,TOTAL_FLUX,3000.0,1.0,96.0,96.0,100.0,100.0,44.0,44.0,25,25,0,0.48411031126378723,162.75582003813983,162.75582003813983,False,True
a050_i050,TOTAL_FLUX,10000.0,1.0,108.0,108.0,112.0,112.0,56.0,56.0,28,28,0,0.07201465874855084,266.29365665236645,266.29365665236645,False,True
a050_i050,TOTAL_FLUX,30000.0,1.0,112.0,112.0,116.0,116.0,60.0,60.0,29,29,0,0.6854197268758191,377.35091734030675,377.35091734030675,False,True
a050_i050,TOTAL_FLUX,100000.0,1.0,116.0,116.0,120.0,120.0,64.0,64.0,30,30,0,0.7248587895647247,511.57915673461184,511.57915673461184,False,True
a050_i050,TOTAL_FLUX,1000000.0,1.0,124.0,124.0,128.0,128.0,72.0,72.0,32,32,0,0.7000638060085675,793.8644662000063,793.8644662000063,False,True
a050_i050,DELAY_ONLY,1.0,1.0,-1.0,-1.0,0.0,0.0,0.0,0.0,0,0,0,0.9692629234088419,0.007062134479869041,0.007062134479869041,False,True
a050_i050,DELAY_ONLY,3.0,1.0,-1.0,-1.0,0.0,0.0,0.0,0.0,0,0,0,0.7233663106795769,0.06347398247061475,0.06347398247061475,False,True
a050_i050,DELAY_ONLY,10.0,1.0,48.0,48.0,52.0,52.0,0.0,0.0,13,13,0,0.09988339056774509,0.6948455411335583,0.6948455411335583,False,True
a050_i050,DELAY_ONLY,30.0,1.0,56.0,56.0,60.0,60.0,4.0,4.0,15,15,0,0.29611036007262126,5.605626354769873,5.605626354769873,False,True
a050_i050,DELAY_ONLY,100.0,1.0,84.0,84.0,88.0,88.0,32.0,32.0,22,22,0,0.08014176131956607,35.08802965504091,35.08802965504091,False,True
a050_i050,DELAY_ONLY,300.0,1.0,96.0,96.0,100.0,100.0,44.0,44.0,25,25,0,0.2988825495297913,98.64976108574452,98.64976108574452,False,True
a050_i050,DELAY_ONLY,1000.0,1.0,104.0,104.0,108.0,108.0,52.0,52.0,27,27,0,0.3201103538096123,196.85253182532324,196.85253182532324,False,True
a050_i050,DELAY_ONLY,3000.0,1.0,112.0,112.0,116.0,116.0,60.0,60.0,29,29,0,0.35569984660823706,307.198935287415,307.198935287415,False,True
a050_i050,DELAY_ONLY,10000.0,1.0,120.0,120.0,124.0,124.0,68.0,68.0,31,31,0,0.7582075832673814,446.3521525050468,446.3521525050468,False,True
a050_i050,DELAY_ONLY,30000.0,1.0,124.0,124.0,128.0,128.0,72.0,72.0,32,32,0,0.9912606553591293,584.4541035526861,584.4541035526861,False,True
a050_i050,DELAY_ONLY,100000.0,1.0,124.0,124.0,128.0,128.0,72.0,72.0,32,32,0,0.902896170656993,742.1146050073378,742.1146050073378,False,True
a050_i050,DELAY_ONLY,1000000.0,1.0,128.0,128.0,132.0,132.0,76.0,76.0,33,33,0,0.998858800582953,1054.9891996739645,1054.9891996739645,False,True
a050_i050,SPATIAL_ONLY,1.0,1.0,-1.0,-1.0,0.0,0.0,0.0,0.0,0,0,0,0.9690833575123083,0.0009063280462844725,0.0009063280462844725,False,True
a050_i050,SPATIAL_ONLY,3.0,1.0,-1.0,-1.0,0.0,0.0,0.0,0.0,0,0,0,0.7217502176107746,0.00814276379432134,0.00814276379432134,False,True
a050_i050,SPATIAL_ONLY,10.0,1.0,48.0,48.0,52.0,52.0,0.0,0.0,13,13,0,0.13501844274744423,0.08873276043476504,0.08873276043476504,False,True
a050_i050,SPATIAL_ONLY,30.0,1.0,56.0,56.0,60.0,60.0,4.0,4.0,15,15,0,0.599919895145477,0.6887410133109761,0.6887410133109761,False,True
a050_i050,SPATIAL_ONLY,100.0,1.0,60.0,60.0,64.0,64.0,8.0,8.0,16,16,0,0.9563719803120546,3.5604061471146364,3.5604061471146364,False,True
a050_i050,SPATIAL_ONLY,300.0,1.0,60.0,60.0,64.0,64.0,8.0,8.0,16,16,0,0.6073478228084914,8.75305221648518,8.75305221648518,False,True
a050_i050,SPATIAL_ONLY,1000.0,1.0,64.0,64.0,68.0,68.0,12.0,12.0,17,17,0,0.9981179673276426,18.924012201319005,18.924012201319005,False,True
a050_i050,SPATIAL_ONLY,3000.0,1.0,64.0,64.0,68.0,68.0,12.0,12.0,17,17,0,0.9830617059487835,31.438138445509708,31.438138445509708,False,True
a050_i050,SPATIAL_ONLY,10000.0,1.0,64.0,64.0,68.0,68.0,12.0,12.0,17,17,0,0.8117967327642612,46.41651334604315,46.41651334604315,False,True
a050_i050,SPATIAL_ONLY,30000.0,1.0,68.0,68.0,72.0,72.0,16.0,16.0,18,18,0,0.6938294051216494,62.86585891409266,62.86585891409266,False,True
a050_i050,SPATIAL_ONLY,100000.0,1.0,68.0,68.0,72.0,72.0,16.0,16.0,18,18,0,0.9997135615177263,85.2966206356247,85.2966206356247,False,True
a050_i050,SPATIAL_ONLY,1000000.0,1.0,68.0,68.0,72.0,72.0,16.0,16.0,18,18,0,0.9713561517726307,131.25509360042355,131.25509360042355,False,True
a050_i050,EQUALIZED_ORDER_SENSITIVITY,1.0,1.0,-1.0,-1.0,0.0,0.0,0.0,0.0,0,0,0,0.9196614298863689,1.612742442213732,1.612742442213732,False,True
a050_i050,EQUALIZED_ORDER_SENSITIVITY,3.0,1.0,-1.0,-1.0,0.0,0.0,0.0,0.0,0,0,0,0.2769528689773202,12.322721192549302,12.322721192549302,False,True
a050_i050,EQUALIZED_ORDER_SENSITIVITY,10.0,1.0,96.0,96.0,100.0,100.0,44.0,44.0,25,25,0,0.15176082927075019,64.28551582630905,64.28551582630905,False,True
a050_i050,EQUALIZED_ORDER_SENSITIVITY,30.0,1.0,112.0,112.0,116.0,116.0,60.0,60.0,29,29,0,0.23702223809924572,157.86668518722905,157.86668518722905,False,True
a050_i050,EQUALIZED_ORDER_SENSITIVITY,100.0,1.0,120.0,120.0,124.0,124.0,68.0,68.0,31,31,0,0.06078360576606934,289.89712756330607,289.89712756330607,False,True
a050_i050,EQUALIZED_ORDER_SENSITIVITY,300.0,1.0,120.0,120.0,124.0,124.0,68.0,68.0,31,31,0,0.0070785116366446355,424.6934536671008,424.6934536671008,False,True
a050_i050,EQUALIZED_ORDER_SENSITIVITY,1000.0,1.0,124.0,124.0,128.0,128.0,72.0,72.0,32,32,0,0.9556936390773486,580.7842947887971,580.7842947887971,False,True
a050_i050,EQUALIZED_ORDER_SENSITIVITY,3000.0,1.0,124.0,124.0,128.0,128.0,72.0,72.0,32,32,0,0.6012427516961378,726.6129528406198,726.6129528406198,False,True
a050_i050,EQUALIZED_ORDER_SENSITIVITY,10000.0,1.0,128.0,128.0,132.0,132.0,76.0,76.0,33,33,0,0.9994792955787789,890.922948215547,890.922948215547,False,True
a050_i050,EQUALIZED_ORDER_SENSITIVITY,30000.0,1.0,128.0,128.0,132.0,132.0,76.0,76.0,33,33,0,0.9953136602090099,1044.026584173517,1044.026584173517,False,True
a050_i050,EQUALIZED_ORDER_SENSITIVITY,100000.0,1.0,128.0,128.0,132.0,132.0,76.0,76.0,33,33,0,0.9479295578778884,1212.6766355327263,1212.6766355327263,False,True
a050_i050,EQUALIZED_ORDER_SENSITIVITY,1000000.0,1.0,132.0,132.0,136.0,136.0,80.0,80.0,34,34,0,0.9999824859900815,1542.1293477475795,1542.1293477475795,False,True
a050_i050,PAIRING_DESTROYED,1.0,1.0,-1.0,-1.0,0.0,0.0,0.0,0.0,0,0,0,0.968101597095934,0.004180009380834989,0.004180009380834989,False,True
a050_i050,PAIRING_DESTROYED,3.0,1.0,-1.0,-1.0,0.0,0.0,0.0,0.0,0,0,0,0.7129143738634058,0.037577231823868185,0.037577231823868185,False,True
a050_i050,PAIRING_DESTROYED,10.0,1.0,48.0,48.0,52.0,52.0,0.0,0.0,13,13,0,0.057414827709122984,0.41228242070129284,0.41228242070129284,False,True
a050_i050,PAIRING_DESTROYED,30.0,1.0,56.0,56.0,60.0,60.0,4.0,4.0,15,15,0,0.410676833949269,3.38433085265014,3.38433085265014,False,True
a050_i050,PAIRING_DESTROYED,100.0,1.0,72.0,72.0,76.0,76.0,20.0,20.0,19,19,0,0.06812742589819232,23.47876409081082,23.47876409081082,False,True
a050_i050,PAIRING_DESTROYED,300.0,1.0,92.0,92.0,96.0,96.0,40.0,40.0,24,24,0,0.46163143703656606,76.00693051175527,76.00693051175527,False,True
a050_i050,PAIRING_DESTROYED,1000.0,1.0,100.0,100.0,104.0,104.0,48.0,48.0,26,26,0,0.48655695078040606,165.12106356906804,165.12106356906804,False,True
a050_i050,PAIRING_DESTROYED,3000.0,1.0,108.0,108.0,112.0,112.0,56.0,56.0,28,28,0,0.03708542467398823,267.6276875963755,267.6276875963755,False,True
a050_i050,PAIRING_DESTROYED,10000.0,1.0,120.0,120.0,124.0,124.0,68.0,68.0,31,31,0,0.7918573014487504,402.37907494034266,402.37907494034266,False,True
a050_i050,PAIRING_DESTROYED,30000.0,1.0,124.0,124.0,128.0,128.0,72.0,72.0,32,32,0,0.8732842869612456,539.3776336826736,539.3776336826736,False,True
a050_i050,PAIRING_DESTROYED,100000.0,1.0,124.0,124.0,128.0,128.0,72.0,72.0,32,32,0,0.9164018601011039,696.7121954699862,696.7121954699862,False,True
a050_i050,PAIRING_DESTROYED,1000000.0,1.0,128.0,128.0,132.0,132.0,76.0,76.0,33,33,0,0.9990175236269165,1009.0603892837753,1009.0603892837753,False,True
a050_i075,DIRECT_PHYSICAL,1.0,1.0,-1.0,-1.0,0.0,0.0,0.0,0.0,0,0,0,0.9782558820359706,0.0005296183354950823,0.0005296183354950823,False,True
a050_i075,DIRECT_PHYSICAL,3.0,1.0,-1.0,-1.0,0.0,0.0,0.0,0.0,0,0,0,0.8043029383237352,0.004761804819536789,0.004761804819536789,False,True
a050_i075,DIRECT_PHYSICAL,10.0,1.0,124.0,124.0,92.0,92.0,0.0,0.0,23,23,0,0.014582214371717805,0.05231732303439349,0.05231732303439349,False,True
a050_i075,DIRECT_PHYSICAL,30.0,1.0,136.0,136.0,120.0,120.0,0.0,0.0,30,30,0,0.6121178999767831,0.4301356183089235,0.4301356183089235,False,True
a050_i075,DIRECT_PHYSICAL,100.0,1.0,140.0,140.0,128.0,128.0,4.0,4.0,32,32,0,0.9308770952910401,2.6950060936445057,2.6950060936445057,False,True
a050_i075,DIRECT_PHYSICAL,300.0,1.0,140.0,140.0,128.0,128.0,4.0,4.0,32,32,0,0.3778938576193617,7.539414513616327,7.539414513616327,False,True
a050_i075,DIRECT_PHYSICAL,1000.0,1.0,144.0,144.0,136.0,136.0,8.0,8.0,34,34,0,0.9927820556638477,17.37110646676075,17.37110646676075,False,True
a050_i075,DIRECT_PHYSICAL,3000.0,1.0,144.0,144.0,136.0,136.0,8.0,8.0,34,34,0,0.9350385009746293,29.812283095558463,29.812283095558463,False,True
a050_i075,DIRECT_PHYSICAL,10000.0,1.0,144.0,144.0,136.0,136.0,8.0,8.0,34,34,0,0.2782055663847698,45.04811900160685,45.04811900160685,False,True
a050_i075,DIRECT_PHYSICAL,30000.0,1.0,148.0,148.0,144.0,144.0,12.0,12.0,36,36,0,0.9997722217128132,62.285357490275544,62.285357490275544,False,True
a050_i075,DIRECT_PHYSICAL,100000.0,1.0,148.0,148.0,144.0,144.0,12.0,12.0,36,36,0,0.997469130142369,85.17859576822178,85.17859576822178,False,True
a050_i075,DIRECT_PHYSICAL,1000000.0,1.0,148.0,148.0,144.0,144.0,12.0,12.0,36,36,0,0.7469130142369065,131.40024421542876,131.40024421542876,False,True
a050_i075,RESOLVED_PHYSICAL,1.0,1.0,-1.0,-1.0,0.0,0.0,0.0,0.0,0,0,0,0.9771593050050578,0.002888702380230924,0.002888702380230924,False,True
a050_i075,RESOLVED_PHYSICAL,3.0,1.0,-1.0,-1.0,0.0,0.0,0.0,0.0,0,0,0,0.7944337450455199,0.025951500616408624,0.025951500616408624,False,True
a050_i075,RESOLVED_PHYSICAL,10.0,1.0,124.0,124.0,92.0,92.0,0.0,0.0,23,23,0,0.03602111271661079,0.2826559735825146,0.2826559735825146,False,True
a050_i075,RESOLVED_PHYSICAL,30.0,1.0,136.0,136.0,120.0,120.0,0.0,0.0,30,30,0,0.3619571458606593,2.2047391798681186,2.2047391798681186,False,True
a050_i075,RESOLVED_PHYSICAL,100.0,1.0,144.0,144.0,132.0,132.0,8.0,8.0,33,33,0,0.14511408026106876,12.632608633514447,12.632608633514447,False,True
a050_i075,RESOLVED_PHYSICAL,300.0,1.0,152.0,152.0,140.0,140.0,16.0,16.0,35,35,0,0.13068208297050066,35.84625050354475,35.84625050354475,False,True
a050_i075,RESOLVED_PHYSICAL,1000.0,1.0,164.0,164.0,156.0,156.0,28.0,28.0,39,39,0,0.15651736025329233,81.89079198697208,81.89079198697208,False,True
a050_i075,RESOLVED_PHYSICAL,3000.0,1.0,172.0,172.0,164.0,164.0,36.0,36.0,41,41,0,0.301866979102998,145.83452568312003,145.83452568312003,False,True
a050_i075,RESOLVED_PHYSICAL,10000.0,1.0,180.0,180.0,172.0,172.0,44.0,44.0,43,43,0,0.2782055663847698,235.21990007601187,235.21990007601187,False,True
a050_i075,RESOLVED_PHYSICAL,30000.0,1.0,180.0,180.0,176.0,176.0,44.0,44.0,44,44,0,0.6009278519597911,326.52840721620174,326.52840721620174,False,True
a050_i075,RESOLVED_PHYSICAL,100000.0,1.0,184.0,184.0,180.0,180.0,48.0,48.0,45,45,0,0.9968459181440642,432.81645412174623,432.81645412174623,False,True
a050_i075,RESOLVED_PHYSICAL,1000000.0,1.0,184.0,184.0,180.0,180.0,48.0,48.0,45,45,0,0.6845918144064155,644.9053841412818,644.9053841412818,False,True
a050_i075,UNRESOLVED_IMAGE,1.0,1.0,-1.0,-1.0,0.0,0.0,0.0,0.0,0,0,0,0.979435428323445,0.000679685613217742,0.000679685613217742,False,True
a050_i075,UNRESOLVED_IMAGE,3.0,1.0,-1.0,-1.0,0.0,0.0,0.0,0.0,0,0,0,0.8149188549110047,0.006111447704861144,0.006111447704861144,False,True
a050_i075,UNRESOLVED_IMAGE,10.0,1.0,120.0,120.0,84.0,84.0,0.0,0.0,21,21,0,0.025112094340885793,0.06719460188814487,0.06719460188814487,False,True
a050_i075,UNRESOLVED_IMAGE,30.0,1.0,136.0,136.0,120.0,120.0,0.0,0.0,30,30,0,0.4994734951524944,0.556306133704101,0.556306133704101,False,True
a050_i075,UNRESOLVED_IMAGE,100.0,1.0,140.0,140.0,128.0,128.0,4.0,4.0,32,32,0,0.7712810434532795,3.766512937795312,3.766512937795312,False,True
a050_i075,UNRESOLVED_IMAGE,300.0,1.0,144.0,144.0,132.0,132.0,8.0,8.0,33,33,0,0.4217382759902747,13.05796215437883,13.05796215437883,False,True
a050_i075,UNRESOLVED_IMAGE,1000.0,1.0,148.0,148.0,140.0,140.0,12.0,12.0,35,35,0,0.36551001790910065,34.55623882066183,34.55623882066183,False,True
a050_i075,UNRESOLVED_IMAGE,3000.0,1.0,156.0,156.0,148.0,148.0,20.0,20.0,37,37,0,0.4145873269661162,65.6477535513867,65.6477535513867,False,True
a050_i075,UNRESOLVED_IMAGE,10000.0,1.0,160.0,160.0,152.0,152.0,24.0,24.0,38,38,0,0.3292533721362789,112.79714253720502,112.79714253720502,False,True
a050_i075,UNRESOLVED_IMAGE,30000.0,1.0,164.0,164.0,160.0,160.0,28.0,28.0,40,40,0,0.3675906400035228,166.32293888837762,166.32293888837762,False,True
a050_i075,UNRESOLVED_IMAGE,100000.0,1.0,176.0,176.0,172.0,172.0,40.0,40.0,43,43,0,0.020401169417848086,241.13673735047098,241.13673735047098,False,True
a050_i075,UNRESOLVED_IMAGE,1000000.0,1.0,180.0,180.0,176.0,176.0,44.0,44.0,44,44,0,0.42647615002250394,425.40077385276305,425.40077385276305,False,True
a050_i075,TOTAL_FLUX,1.0,1.0,-1.0,-1.0,0.0,0.0,0.0,0.0,0,0,0,0.997275324325454,0.00019160446314600677,0.00019160446314600677,False,True
a050_i075,TOTAL_FLUX,3.0,1.0,-1.0,-1.0,0.0,0.0,0.0,0.0,0,0,0,0.9754779189290861,0.001724210992482676,0.001724210992482676,False,True
a050_i075,TOTAL_FLUX,10.0,1.0,-1.0,-1.0,0.0,0.0,0.0,0.0,0,0,0,0.7275324325454005,0.01912901479839076,0.01912901479839076,False,True
a050_i075,TOTAL_FLUX,30.0,1.0,124.0,124.0,48.0,48.0,0.0,0.0,12,12,0,0.061258246253374726,0.16993107883268183,0.16993107883268183,False,True
a050_i075,TOTAL_FLUX,100.0,1.0,136.0,136.0,116.0,116.0,0.0,0.0,29,29,0,0.1119593978450577,1.6645232375529035,1.6645232375529035,False,True
a050_i075,TOTAL_FLUX,300.0,1.0,144.0,144.0,128.0,128.0,8.0,8.0,32,32,0,0.15275753243857404,8.709342386073,8.709342386073,False,True
a050_i075,TOTAL_FLUX,1000.0,1.0,148.0,148.0,136.0,136.0,12.0,12.0,34,34,0,0.7526470639414289,27.554897871296816,27.554897871296816,False,True
a050_i075,TOTAL_FLUX,3000.0,1.0,152.0,152.0,140.0,140.0,16.0,16.0,35,35,0,0.056264769186587626,55.5669282017512,55.5669282017512,False,True
a050_i075,TOTAL_FLUX,10000.0,1.0,164.0,164.0,156.0,156.0,28.0,28.0,39,39,0,0.5376589091294668,104.05470642790088,104.05470642790088,False,True
a050_i075,TOTAL_FLUX,30000.0,1.0,168.0,168.0,160.0,160.0,32.0,32.0,40,40,0,0.3329900462319362,165.28642227285502,165.28642227285502,False,True
a050_i075,TOTAL_FLUX,100000.0,1.0,176.0,176.0,168.0,168.0,40.0,40.0,42,42,0,0.3456540843542595,246.35869795124688,246.35869795124688,False,True
a050_i075,TOTAL_FLUX,1000000.0,1.0,180.0,180.0,176.0,176.0,44.0,44.0,44,44,0,0.6894053895497587,430.73426983671436,430.73426983671436,False,True
a050_i075,DELAY_ONLY,1.0,1.0,-1.0,-1.0,0.0,0.0,0.0,0.0,0,0,0,0.9771593050050578,0.002888702380230924,0.002888702380230924,False,True
a050_i075,DELAY_ONLY,3.0,1.0,-1.0,-1.0,0.0,0.0,0.0,0.0,0,0,0,0.7944337450455199,0.025951500616408624,0.025951500616408624,False,True
a050_i075,DELAY_ONLY,10.0,1.0,124.0,124.0,92.0,92.0,0.0,0.0,23,23,0,0.03602111271661079,0.2826559735825146,0.2826559735825146,False,True
a050_i075,DELAY_ONLY,30.0,1.0,136.0,136.0,120.0,120.0,0.0,0.0,30,30,0,0.3619571458606593,2.2047391798681186,2.2047391798681186,False,True
a050_i075,DELAY_ONLY,100.0,1.0,144.0,144.0,132.0,132.0,8.0,8.0,33,33,0,0.14511408026106876,12.632608633514447,12.632608633514447,False,True
a050_i075,DELAY_ONLY,300.0,1.0,152.0,152.0,140.0,140.0,16.0,16.0,35,35,0,0.13068208297050066,35.84625050354475,35.84625050354475,False,True
a050_i075,DELAY_ONLY,1000.0,1.0,164.0,164.0,156.0,156.0,28.0,28.0,39,39,0,0.15651736025329233,81.89079198697208,81.89079198697208,False,True
a050_i075,DELAY_ONLY,3000.0,1.0,172.0,172.0,164.0,164.0,36.0,36.0,41,41,0,0.301866979102998,145.83452568312003,145.83452568312003,False,True
a050_i075,DELAY_ONLY,10000.0,1.0,180.0,180.0,172.0,172.0,44.0,44.0,43,43,0,0.2782055663847698,235.21990007601187,235.21990007601187,False,True
a050_i075,DELAY_ONLY,30000.0,1.0,180.0,180.0,176.0,176.0,44.0,44.0,44,44,0,0.6009278519597911,326.52840721620174,326.52840721620174,False,True
a050_i075,DELAY_ONLY,100000.0,1.0,184.0,184.0,180.0,180.0,48.0,48.0,45,45,0,0.9968459181440642,432.81645412174623,432.81645412174623,False,True
a050_i075,DELAY_ONLY,1000000.0,1.0,184.0,184.0,180.0,180.0,48.0,48.0,45,45,0,0.6845918144064155,644.9053841412818,644.9053841412818,False,True
a050_i075,SPATIAL_ONLY,1.0,1.0,-1.0,-1.0,0.0,0.0,0.0,0.0,0,0,0,0.9773040117702734,0.0005611783802336271,0.0005611783802336271,False,True
a050_i075,SPATIAL_ONLY,3.0,1.0,-1.0,-1.0,0.0,0.0,0.0,0.0,0,0,0,0.7957361059324601,0.005045261292473884,0.005045261292473884,False,True
a050_i075,SPATIAL_ONLY,10.0,1.0,124.0,124.0,92.0,92.0,0.0,0.0,23,23,0,0.06676836593747915,0.0553949228216173,0.0553949228216173,False,True
a050_i075,SPATIAL_ONLY,30.0,1.0,136.0,136.0,120.0,120.0,0.0,0.0,30,30,0,0.6826315687713511,0.45322830232365824,0.45322830232365824,False,True
a050_i075,SPATIAL_ONLY,100.0,1.0,140.0,140.0,128.0,128.0,4.0,4.0,32,32,0,0.9283954986332531,2.787653617186253,2.787653617186253,False,True
a050_i075,SPATIAL_ONLY,300.0,1.0,140.0,140.0,128.0,128.0,4.0,4.0,32,32,0,0.3555594876992778,7.710017043494688,7.710017043494688,False,True
a050_i075,SPATIAL_ONLY,1000.0,1.0,144.0,144.0,136.0,136.0,8.0,8.0,34,34,0,0.99252767098646,17.66955359054563,17.66955359054563,False,True
a050_i075,SPATIAL_ONLY,3000.0,1.0,144.0,144.0,136.0,136.0,8.0,8.0,34,34,0,0.9327490388781395,30.15714054979797,30.15714054979797,False,True
a050_i075,SPATIAL_ONLY,10000.0,1.0,144.0,144.0,136.0,136.0,8.0,8.0,34,34,0,0.252767098645995,45.446767519091765,45.446767519091765,False,True
a050_i075,SPATIAL_ONLY,30000.0,1.0,148.0,148.0,144.0,144.0,12.0,12.0,36,36,0,0.9997642197838655,62.804084670713245,62.804084670713245,False,True
a050_i075,SPATIAL_ONLY,100000.0,1.0,148.0,148.0,144.0,144.0,12.0,12.0,36,36,0,0.9973802198207283,85.75590270417217,85.75590270417217,False,True
a050_i075,SPATIAL_ONLY,1000000.0,1.0,148.0,148.0,144.0,144.0,12.0,12.0,36,36,0,0.7380219820728384,132.00450009121295,132.00450009121295,False,True
a050_i075,EQUALIZED_ORDER_SENSITIVITY,1.0,1.0,-1.0,-1.0,0.0,0.0,0.0,0.0,0,0,0,0.9008541705546089,0.22461910570239846,0.22461910570239846,False,True
a050_i075,EQUALIZED_ORDER_SENSITIVITY,3.0,1.0,-1.0,-1.0,0.0,0.0,0.0,0.0,0,0,0,0.1076875349914801,1.9291867776169371,1.9291867776169371,False,True
a050_i075,EQUALIZED_ORDER_SENSITIVITY,10.0,1.0,148.0,148.0,116.0,116.0,12.0,12.0,29,29,0,0.02763412670823273,15.23877532862007,15.23877532862007,False,True
a050_i075,EQUALIZED_ORDER_SENSITIVITY,30.0,1.0,164.0,164.0,148.0,148.0,28.0,28.0,37,37,0,0.13555738719405375,55.07398076242922,55.07398076242922,False,True
a050_i075,EQUALIZED_ORDER_SENSITIVITY,100.0,1.0,176.0,176.0,164.0,164.0,40.0,40.0,41,41,0,0.3802961058838705,129.0774425787094,129.0774425787094,False,True
a050_i075,EQUALIZED_ORDER_SENSITIVITY,300.0,1.0,180.0,180.0,168.0,168.0,44.0,44.0,42,42,0,0.3778938576193617,213.7377303888702,213.7377303888702,False,True
a050_i075,EQUALIZED_ORDER_SENSITIVITY,1000.0,1.0,180.0,180.0,172.0,172.0,44.0,44.0,43,43,0,0.21098456108140573,315.4493513840265,315.4493513840265,False,True
a050_i075,EQUALIZED_ORDER_SENSITIVITY,3000.0,1.0,184.0,184.0,176.0,176.0,48.0,48.0,44,44,0,0.9350385009746293,413.648322709527,413.648322709527,False,True
a050_i075,EQUALIZED_ORDER_SENSITIVITY,10000.0,1.0,184.0,184.0,176.0,176.0,48.0,48.0,44,44,0,0.2782055663847698,524.118954569328,524.118954569328,False,True
a050_i075,EQUALIZED_ORDER_SENSITIVITY,30000.0,1.0,184.0,184.0,180.0,180.0,48.0,48.0,45,45,0,0.49488291110872584,626.5621793181159,626.5621793181159,False,True
a050_i075,EQUALIZED_ORDER_SENSITIVITY,100000.0,1.0,188.0,188.0,184.0,184.0,52.0,52.0,46,46,0,0.997469130142369,743.2431193849727,743.2431193849727,False,True
a050_i075,EQUALIZED_ORDER_SENSITIVITY,1000000.0,1.0,188.0,188.0,184.0,184.0,52.0,52.0,46,46,0,0.7469130142369065,972.8976014327669,972.8976014327669,False,True
a050_i075,PAIRING_DESTROYED,1.0,1.0,-1.0,-1.0,0.0,0.0,0.0,0.0,0,0,0,0.976193462968466,0.0020499126868636407,0.0020499126868636407,False,True
a050_i075,PAIRING_DESTROYED,3.0,1.0,-1.0,-1.0,0.0,0.0,0.0,0.0,0,0,0,0.7857411667161937,0.018424618889564672,0.018424618889564672,False,True
a050_i075,PAIRING_DESTROYED,10.0,1.0,124.0,124.0,92.0,92.0,0.0,0.0,23,23,0,0.05877759164047469,0.20170004037395506,0.20170004037395506,False,True
a050_i075,PAIRING_DESTROYED,30.0,1.0,136.0,136.0,120.0,120.0,0.0,0.0,30,30,0,0.5246338372017765,1.6250469814505972,1.6250469814505972,False,True
a050_i075,PAIRING_DESTROYED,100.0,1.0,144.0,144.0,132.0,132.0,8.0,8.0,33,33,0,0.39645220797694314,10.295936366150046,10.295936366150046,False,True
a050_i075,PAIRING_DESTROYED,300.0,1.0,152.0,152.0,140.0,140.0,16.0,16.0,35,35,0,0.019481813825994232,32.03509403822216,32.03509403822216,False,True
a050_i075,PAIRING_DESTROYED,1000.0,1.0,160.0,160.0,152.0,152.0,24.0,24.0,38,38,0,0.09605040503211859,76.39956465727903,76.39956465727903,False,True
a050_i075,PAIRING_DESTROYED,3000.0,1.0,168.0,168.0,160.0,160.0,32.0,32.0,40,40,0,0.05180586713364421,137.17854051202974,137.17854051202974,False,True
a050_i075,PAIRING_DESTROYED,10000.0,1.0,180.0,180.0,172.0,172.0,44.0,44.0,43,43,0,0.3029676673064807,223.92127183392356,223.92127183392356,False,True
a050_i075,PAIRING_DESTROYED,30000.0,1.0,180.0,180.0,176.0,176.0,44.0,44.0,44,44,0,0.6680976624975498,314.43339449688614,314.43339449688614,False,True
a050_i075,PAIRING_DESTROYED,100000.0,1.0,184.0,184.0,180.0,180.0,48.0,48.0,45,45,0,0.9973755894877817,420.2342054419114,420.2342054419114,False,True
a050_i075,PAIRING_DESTROYED,1000000.0,1.0,184.0,184.0,180.0,180.0,48.0,48.0,45,45,0,0.737558948778171,632.0071614210706,632.0071614210706,False,True
a090_i020,DIRECT_PHYSICAL,1.0,1.0,-1.0,-1.0,0.0,0.0,0.0,0.0,0,0,0,0.9322007872499605,0.007040406661620576,0.007040406661620576,False,True
a090_i020,DIRECT_PHYSICAL,3.0,1.0,-1.0,-1.0,0.0,0.0,0.0,0.0,0,0,0,0.38980708524964425,0.06254033378177189,0.06254033378177189,False,True
a090_i020,DIRECT_PHYSICAL,10.0,1.0,16.0,16.0,20.0,20.0,0.0,0.0,5,5,0,0.658097204706116,0.609522193805803,0.609522193805803,False,True
a090_i020,DIRECT_PHYSICAL,30.0,1.0,20.0,20.0,24.0,24.0,4.0,4.0,6,6,0,0.9518771405287803,2.9989137331075164,2.9989137331075164,False,True
a090_i020,DIRECT_PHYSICAL,100.0,1.0,20.0,20.0,24.0,24.0,4.0,4.0,6,6,0,0.46530156143089196,8.83627789654744,8.83627789654744,False,True
a090_i020,DIRECT_PHYSICAL,300.0,1.0,24.0,24.0,28.0,28.0,8.0,8.0,7,7,0,0.9968439186170828,18.517321448741345,18.517321448741345,False,True
a090_i020,DIRECT_PHYSICAL,1000.0,1.0,24.0,24.0,28.0,28.0,8.0,8.0,7,7,0,0.9649324290786969,32.40326684883452,32.40326684883452,False,True
a090_i020,DIRECT_PHYSICAL,3000.0,1.0,24.0,24.0,28.0,28.0,8.0,8.0,7,7,0,0.6843918617082719,46.479634330715676,46.479634330715676,False,True
a090_i020,DIRECT_PHYSICAL,10000.0,1.0,28.0,28.0,32.0,32.0,12.0,12.0,8,8,0,0.999922479391675,65.84509088363589,65.84509088363589,False,True
a090_i020,DIRECT_PHYSICAL,30000.0,1.0,28.0,28.0,32.0,32.0,12.0,12.0,8,8,0,0.9993023145250752,86.94037470986669,86.94037470986669,False,True
a090_i020,DIRECT_PHYSICAL,100000.0,1.0,28.0,28.0,32.0,32.0,12.0,12.0,8,8,0,0.9922479391675021,110.93447080750013,110.93447080750013,False,True
a090_i020,DIRECT_PHYSICAL,1000000.0,1.0,28.0,28.0,32.0,32.0,12.0,12.0,8,8,0,0.22479391675021243,159.2396700479343,159.2396700479343,False,True
a090_i020,RESOLVED_PHYSICAL,1.0,1.0,-1.0,-1.0,0.0,0.0,0.0,0.0,0,0,0,0.932200786586821,0.018448441715967115,0.018448441715967115,False,True
a090_i020,RESOLVED_PHYSICAL,3.0,1.0,-1.0,-1.0,0.0,0.0,0.0,0.0,0,0,0,0.38980707928138947,0.16499535384667685,0.16499535384667685,False,True
a090_i020,RESOLVED_PHYSICAL,10.0,1.0,16.0,16.0,20.0,20.0,0.0,0.0,5,5,0,0.6354627571362486,1.72434069311283,1.72434069311283,False,True
a090_i020,RESOLVED_PHYSICAL,30.0,1.0,20.0,20.0,24.0,24.0,4.0,4.0,6,6,0,0.6710655502433017,11.941822399682415,11.941822399682415,False,True
a090_i020,RESOLVED_PHYSICAL,100.0,1.0,60.0,60.0,64.0,64.0,44.0,44.0,16,16,0,0.08699500212690303,64.187580394021,64.187580394021,False,True
a090_i020,RESOLVED_PHYSICAL,300.0,1.0,76.0,76.0,80.0,80.0,60.0,60.0,20,20,0,0.3433023218038914,167.4418599721197,167.4418599721197,False,True
a090_i020,RESOLVED_PHYSICAL,1000.0,1.0,84.0,84.0,88.0,88.0,68.0,68.0,22,22,0,0.1162586281555068,315.9312820981031,315.9312820981031,False,True
a090_i020,RESOLVED_PHYSICAL,3000.0,1.0,92.0,92.0,96.0,96.0,76.0,76.0,24,24,0,0.1390215423877047,471.86865243705427,471.86865243705427,False,True
a090_i020,RESOLVED_PHYSICAL,10000.0,1.0,96.0,96.0,100.0,100.0,80.0,80.0,25,25,0,0.787039540648573,656.1665180041085,656.1665180041085,False,True
a090_i020,RESOLVED_PHYSICAL,30000.0,1.0,100.0,100.0,104.0,104.0,84.0,84.0,26,26,0,0.9166441341628437,830.5707497644107,830.5707497644107,False,True
a090_i020,RESOLVED_PHYSICAL,100000.0,1.0,100.0,100.0,104.0,104.0,84.0,84.0,26,26,0,0.9755395873002772,1026.5556477821094,1026.5556477821094,False,True
a090_i020,RESOLVED_PHYSICAL,1000000.0,1.0,104.0,104.0,108.0,108.0,88.0,88.0,27,27,0,0.9999038963886862,1408.8447838857164,1408.8447838857164,False,True
a090_i020,UNRESOLVED_IMAGE,1.0,1.0,-1.0,-1.0,0.0,0.0,0.0,0.0,0,0,0,0.933435795562687,0.007135273795393093,0.007135273795393093,False,True
a090_i020,UNRESOLVED_IMAGE,3.0,1.0,-1.0,-1.0,0.0,0.0,0.0,0.0,0,0,0,0.40092216006418235,0.06342086264400797,0.06342086264400797,False,True
a090_i020,UNRESOLVED_IMAGE,10.0,1.0,16.0,16.0,20.0,20.0,0.0,0.0,5,5,0,0.6637809619333985,0.6218332942082685,0.6218332942082685,False,True
a090_i020,UNRESOLVED_IMAGE,30.0,1.0,20.0,20.0,24.0,24.0,4.0,4.0,6,6,0,0.9473939988514634,3.1597741409108946,3.1597741409108946,False,True
a090_i020,UNRESOLVED_IMAGE,100.0,1.0,20.0,20.0,24.0,24.0,4.0,4.0,6,6,0,0.4154888761273703,10.769440058898535,10.769440058898535,False,True
a090_i020,UNRESOLVED_IMAGE,300.0,1.0,24.0,24.0,28.0,28.0,8.0,8.0,7,7,0,0.36785392422357766,32.8981880127549,32.8981880127549,False,True
a090_i020,UNRESOLVED_IMAGE,1000.0,1.0,68.0,68.0,72.0,72.0,52.0,52.0,18,18,0,0.05017832185900817,106.16991434295389,106.16991434295389,False,True
a090_i020,UNRESOLVED_IMAGE,3000.0,1.0,80.0,80.0,84.0,84.0,64.0,64.0,21,21,0,0.7560856156070106,221.21451743517355,221.21451743517355,False,True
a090_i020,UNRESOLVED_IMAGE,10000.0,1.0,84.0,84.0,88.0,88.0,68.0,68.0,22,22,0,0.7174901453902607,371.03483649111394,371.03483649111394,False,True
a090_i020,UNRESOLVED_IMAGE,30000.0,1.0,92.0,92.0,96.0,96.0,76.0,76.0,24,24,0,0.1942405809386234,521.0925838666885,521.0925838666885,False,True
a090_i020,UNRESOLVED_IMAGE,100000.0,1.0,96.0,96.0,100.0,100.0,80.0,80.0,25,25,0,0.8626988812910391,700.926320373368,700.926320373368,False,True
a090_i020,UNRESOLVED_IMAGE,1000000.0,1.0,100.0,100.0,104.0,104.0,84.0,84.0,26,26,0,0.9811386578401653,1069.063113496727,1069.063113496727,False,True
a090_i020,TOTAL_FLUX,1.0,1.0,-1.0,-1.0,0.0,0.0,0.0,0.0,0,0,0,0.9705976510793791,0.0036898351231484786,0.0036898351231484786,False,True
a090_i020,TOTAL_FLUX,3.0,1.0,-1.0,-1.0,0.0,0.0,0.0,0.0,0,0,0,0.7353788597144122,0.03313478892114803,0.03313478892114803,False,True
a090_i020,TOTAL_FLUX,10.0,1.0,12.0,12.0,16.0,16.0,0.0,0.0,4,4,0,0.23187464436751515,0.3593807993248426,0.3593807993248426,False,True
a090_i020,TOTAL_FLUX,30.0,1.0,16.0,16.0,20.0,20.0,0.0,0.0,5,5,0,0.112805989863212,2.7722509422883603,2.7722509422883603,False,True
a090_i020,TOTAL_FLUX,100.0,1.0,20.0,20.0,24.0,24.0,4.0,4.0,6,6,0,0.08826222306670517,18.04856064072901,18.04856064072901,False,True
a090_i020,TOTAL_FLUX,300.0,1.0,48.0,48.0,52.0,52.0,32.0,32.0,13,13,0,0.06488212524637937,64.89423838202285,64.89423838202285,False,True
a090_i020,TOTAL_FLUX,1000.0,1.0,72.0,72.0,76.0,76.0,56.0,56.0,19,19,0,0.33436098990652274,163.06405499686358,163.06405499686358,False,True
a090_i020,TOTAL_FLUX,3000.0,1.0,76.0,76.0,80.0,80.0,60.0,60.0,20,20,0,0.1452401162981607,283.5285486538461,283.5285486538461,False,True
a090_i020,TOTAL_FLUX,10000.0,1.0,84.0,84.0,88.0,88.0,68.0,68.0,22,22,0,0.12763589844942924,435.49476933059105,435.49476933059105,False,True
a090_i020,TOTAL_FLUX,30000.0,1.0,92.0,92.0,96.0,96.0,76.0,76.0,24,24,0,0.526727557276252,590.7105254330796,590.7105254330796,False,True
a090_i020,TOTAL_FLUX,100000.0,1.0,96.0,96.0,100.0,100.0,80.0,80.0,25,25,0,0.9356693226928765,773.2969337882888,773.2969337882888,False,True
a090_i020,TOTAL_FLUX,1000000.0,1.0,100.0,100.0,104.0,104.0,84.0,84.0,26,26,0,0.9958412579232203,1139.4292508735246,1139.4292508735246,False,True
a090_i020,DELAY_ONLY,1.0,1.0,-1.0,-1.0,0.0,0.0,0.0,0.0,0,0,0,0.932200786586821,0.018448441715967115,0.018448441715967115,False,True
a090_i020,DELAY_ONLY,3.0,1.0,-1.0,-1.0,0.0,0.0,0.0,0.0,0,0,0,0.38980707928138947,0.16499535384667685,0.16499535384667685,False,True
a090_i020,DELAY_ONLY,10.0,1.0,16.0,16.0,20.0,20.0,0.0,0.0,5,5,0,0.6354627571362486,1.72434069311283,1.72434069311283,False,True
a090_i020,DELAY_ONLY,30.0,1.0,20.0,20.0,24.0,24.0,4.0,4.0,6,6,0,0.6710655502433017,11.941822399682415,11.941822399682415,False,True
a090_i020,DELAY_ONLY,100.0,1.0,60.0,60.0,64.0,64.0,44.0,44.0,16,16,0,0.08699500212690303,64.187580394021,64.187580394021,False,True
a090_i020,DELAY_ONLY,300.0,1.0,76.0,76.0,80.0,80.0,60.0,60.0,20,20,0,0.3433023218038914,167.4418599721197,167.4418599721197,False,True
a090_i020,DELAY_ONLY,1000.0,1.0,84.0,84.0,88.0,88.0,68.0,68.0,22,22,0,0.1162586281555068,315.9312820981031,315.9312820981031,False,True
a090_i020,DELAY_ONLY,3000.0,1.0,92.0,92.0,96.0,96.0,76.0,76.0,24,24,0,0.1390215423877047,471.86865243705427,471.86865243705427,False,True
a090_i020,DELAY_ONLY,10000.0,1.0,96.0,96.0,100.0,100.0,80.0,80.0,25,25,0,0.787039540648573,656.1665180041085,656.1665180041085,False,True
a090_i020,DELAY_ONLY,30000.0,1.0,100.0,100.0,104.0,104.0,84.0,84.0,26,26,0,0.9166441341628437,830.5707497644107,830.5707497644107,False,True
a090_i020,DELAY_ONLY,100000.0,1.0,100.0,100.0,104.0,104.0,84.0,84.0,26,26,0,0.9755395873002772,1026.5556477821094,1026.5556477821094,False,True
a090_i020,DELAY_ONLY,1000000.0,1.0,104.0,104.0,108.0,108.0,88.0,88.0,27,27,0,0.9999038963886862,1408.8447838857164,1408.8447838857164,False,True
a090_i020,SPATIAL_ONLY,1.0,1.0,-1.0,-1.0,0.0,0.0,0.0,0.0,0,0,0,0.9316483208310147,0.007103478094088692,0.007103478094088692,False,True
a090_i020,SPATIAL_ONLY,3.0,1.0,-1.0,-1.0,0.0,0.0,0.0,0.0,0,0,0,0.3848348874791323,0.06309404309468092,0.06309404309468092,False,True
a090_i020,SPATIAL_ONLY,10.0,1.0,16.0,16.0,20.0,20.0,0.0,0.0,5,5,0,0.6551858188243231,0.6143585282270924,0.6143585282270924,False,True
a090_i020,SPATIAL_ONLY,30.0,1.0,20.0,20.0,24.0,24.0,4.0,4.0,6,6,0,0.950840680194156,3.0160725662529124,3.0160725662529124,False,True
a090_i020,SPATIAL_ONLY,100.0,1.0,20.0,20.0,24.0,24.0,4.0,4.0,6,6,0,0.4537853354906227,8.887023251659068,8.887023251659068,False,True
a090_i020,SPATIAL_ONLY,300.0,1.0,24.0,24.0,28.0,28.0,8.0,8.0,7,7,0,0.9871176185445474,18.643921042064406,18.643921042064406,False,True
a090_i020,SPATIAL_ONLY,1000.0,1.0,24.0,24.0,28.0,28.0,8.0,8.0,7,7,0,0.8568624282727487,32.90558502112746,32.90558502112746,False,True
a090_i020,SPATIAL_ONLY,3000.0,1.0,28.0,28.0,32.0,32.0,12.0,12.0,8,8,0,0.28823814554526184,48.835340061953,48.835340061953,False,True
a090_i020,SPATIAL_ONLY,10000.0,1.0,28.0,28.0,32.0,32.0,12.0,12.0,8,8,0,0.8889793594371139,71.26091062953805,71.26091062953805,False,True
a090_i020,SPATIAL_ONLY,30000.0,1.0,28.0,28.0,32.0,32.0,12.0,12.0,8,8,0,0.0008142349340254373,95.34426728558267,95.34426728558267,False,True
a090_i020,SPATIAL_ONLY,100000.0,1.0,32.0,32.0,36.0,36.0,16.0,16.0,9,9,0,0.9965151411787231,126.61071714359296,126.61071714359296,False,True
a090_i020,SPATIAL_ONLY,1000000.0,1.0,32.0,32.0,36.0,36.0,16.0,16.0,9,9,0,0.6515141178723106,191.9209750553293,191.9209750553293,False,True
a090_i020,EQUALIZED_ORDER_SENSITIVITY,1.0,1.0,-1.0,-1.0,0.0,0.0,0.0,0.0,0,0,0,0.9234368485604028,2.897654730082854,2.897654730082854,False,True
a090_i020,EQUALIZED_ORDER_SENSITIVITY,3.0,1.0,-1.0,-1.0,0.0,0.0,0.0,0.0,0,0,0,0.31093163704362525,21.720807478999266,21.720807478999266,False,True
a090_i020,EQUALIZED_ORDER_SENSITIVITY,10.0,1.0,76.0,76.0,80.0,80.0,60.0,60.0,20,20,0,0.21647417056940976,105.52223509133543,105.52223509133543,False,True
a090_i020,EQUALIZED_ORDER_SENSITIVITY,30.0,1.0,92.0,92.0,96.0,96.0,76.0,76.0,24,24,0,0.5152019816188225,240.93434657594744,240.93434657594744,False,True
a090_i020,EQUALIZED_ORDER_SENSITIVITY,100.0,1.0,96.0,96.0,100.0,100.0,80.0,80.0,25,25,0,0.9259204861438812,418.53430242206423,418.53430242206423,False,True
a090_i020,EQUALIZED_ORDER_SENSITIVITY,300.0,1.0,96.0,96.0,100.0,100.0,80.0,80.0,25,25,0,0.33328437529493105,590.184447090935,590.184447090935,False,True
a090_i020,EQUALIZED_ORDER_SENSITIVITY,1000.0,1.0,100.0,100.0,104.0,104.0,84.0,84.0,26,26,0,0.9914913055360887,784.3226180972657,784.3226180972657,False,True
a090_i020,EQUALIZED_ORDER_SENSITIVITY,3000.0,1.0,100.0,100.0,104.0,104.0,84.0,84.0,26,26,0,0.9234217498247982,964.2928498669215,964.2928498669215,False,True
a090_i020,EQUALIZED_ORDER_SENSITIVITY,10000.0,1.0,100.0,100.0,104.0,104.0,84.0,84.0,26,26,0,0.14913055360886884,1163.855948624985,1163.855948624985,False,True
a090_i020,EQUALIZED_ORDER_SENSITIVITY,30000.0,1.0,104.0,104.0,108.0,108.0,88.0,88.0,27,27,0,0.9996991282820827,1350.195704383402,1350.195704383402,False,True
a090_i020,EQUALIZED_ORDER_SENSITIVITY,100000.0,1.0,104.0,104.0,108.0,108.0,88.0,88.0,27,27,0,0.9966569809120301,1556.8464029860238,1556.8464029860238,False,True
a090_i020,EQUALIZED_ORDER_SENSITIVITY,1000000.0,1.0,104.0,104.0,108.0,108.0,88.0,88.0,27,27,0,0.6656980912030166,1953.9850018847155,1953.9850018847155,False,True
a090_i020,PAIRING_DESTROYED,1.0,1.0,-1.0,-1.0,0.0,0.0,0.0,0.0,0,0,0,0.9321061824186213,0.016440937169822843,0.016440937169822843,False,True
a090_i020,PAIRING_DESTROYED,3.0,1.0,-1.0,-1.0,0.0,0.0,0.0,0.0,0,0,0,0.3889556417675919,0.1468103250960864,0.1468103250960864,False,True
a090_i020,PAIRING_DESTROYED,10.0,1.0,16.0,16.0,20.0,20.0,0.0,0.0,5,5,0,0.6136260994853511,1.5114618326800204,1.5114618326800204,False,True
a090_i020,PAIRING_DESTROYED,30.0,1.0,20.0,20.0,24.0,24.0,4.0,4.0,6,6,0,0.49709597379673653,9.866433118249429,9.866433118249429,False,True
a090_i020,PAIRING_DESTROYED,100.0,1.0,44.0,44.0,48.0,48.0,28.0,28.0,12,12,0,0.11163356962386284,49.38670187932391,49.38670187932391,False,True
a090_i020,PAIRING_DESTROYED,300.0,1.0,72.0,72.0,76.0,76.0,56.0,56.0,19,19,0,0.19613612224452526,134.4073532940075,134.4073532940075,False,True
a090_i020,PAIRING_DESTROYED,1000.0,1.0,80.0,80.0,84.0,84.0,64.0,64.0,21,21,0,0.6541490362954783,269.28179380298195,269.28179380298195,False,True
a090_i020,PAIRING_DESTROYED,3000.0,1.0,88.0,88.0,92.0,92.0,72.0,72.0,23,23,0,0.13164055038671085,412.2955323107982,412.2955323107982,False,True
a090_i020,PAIRING_DESTROYED,10000.0,1.0,96.0,96.0,100.0,100.0,80.0,80.0,25,25,0,0.13868362216215546,586.4278914723882,586.4278914723882,False,True
a090_i020,PAIRING_DESTROYED,30000.0,1.0,96.0,96.0,100.0,100.0,80.0,80.0,25,25,0,0.8663514886257235,755.2415298063061,755.2415298063061,False,True
a090_i020,PAIRING_DESTROYED,100000.0,1.0,100.0,100.0,104.0,104.0,84.0,84.0,26,26,0,0.4849834597141829,945.7635024871003,945.7635024871003,False,True
a090_i020,PAIRING_DESTROYED,1000000.0,1.0,100.0,100.0,104.0,104.0,84.0,84.0,26,26,0,0.8996608723437589,1321.6885327228747,1321.6885327228747,False,True
a090_i050,DIRECT_PHYSICAL,1.0,1.0,-1.0,-1.0,0.0,0.0,0.0,0.0,0,0,0,0.9696768144706652,0.0007667801141247519,0.0007667801141247519,False,True
a090_i050,DIRECT_PHYSICAL,3.0,1.0,-1.0,-1.0,0.0,0.0,0.0,0.0,0,0,0,0.7270913302359869,0.006890779324510174,0.006890779324510174,False,True
a090_i050,DIRECT_PHYSICAL,10.0,1.0,48.0,48.0,52.0,52.0,0.0,0.0,13,13,0,0.15513732321834928,0.0753011370199287,0.0753011370199287,False,True
a090_i050,DIRECT_PHYSICAL,30.0,1.0,56.0,56.0,60.0,60.0,4.0,4.0,15,15,0,0.6601540364814766,0.5956339470134483,0.5956339470134483,False,True
a090_i050,DIRECT_PHYSICAL,100.0,1.0,60.0,60.0,64.0,64.0,8.0,8.0,16,16,0,0.9707356725726358,3.242648695742246,3.242648695742246,False,True
a090_i050,DIRECT_PHYSICAL,300.0,1.0,60.0,60.0,64.0,64.0,8.0,8.0,16,16,0,0.7366210531537225,8.045307949580517,8.045307949580517,False,True
a090_i050,DIRECT_PHYSICAL,1000.0,1.0,64.0,64.0,68.0,68.0,12.0,12.0,17,17,0,0.9990752856480069,17.347617928132262,17.347617928132262,False,True
a090_i050,DIRECT_PHYSICAL,3000.0,1.0,64.0,64.0,68.0,68.0,12.0,12.0,17,17,0,0.9916775708320617,29.52899114973358,29.52899114973358,False,True
a090_i050,DIRECT_PHYSICAL,10000.0,1.0,64.0,64.0,68.0,68.0,12.0,12.0,17,17,0,0.9075285648006851,44.16133609631233,44.16133609631233,False,True
a090_i050,DIRECT_PHYSICAL,30000.0,1.0,64.0,64.0,68.0,68.0,12.0,12.0,17,17,0,0.16775708320616578,59.40093573964887,59.40093573964887,False,True
a090_i050,DIRECT_PHYSICAL,100000.0,1.0,68.0,68.0,72.0,72.0,16.0,16.0,18,18,0,0.999898029593686,80.73342596200006,80.73342596200006,False,True
a090_i050,DIRECT_PHYSICAL,1000000.0,1.0,68.0,68.0,72.0,72.0,16.0,16.0,18,18,0,0.9898029593686012,126.41875190218134,126.41875190218134,False,True
a090_i050,RESOLVED_PHYSICAL,1.0,1.0,-1.0,-1.0,0.0,0.0,0.0,0.0,0,0,0,0.9695162940136064,0.006827190983198067,0.006827190983198067,False,True
a090_i050,RESOLVED_PHYSICAL,3.0,1.0,-1.0,-1.0,0.0,0.0,0.0,0.0,0,0,0,0.725646646122458,0.06136805467857737,0.06136805467857737,False,True
a090_i050,RESOLVED_PHYSICAL,10.0,1.0,48.0,48.0,52.0,52.0,0.0,0.0,13,13,0,0.11188256783020367,0.6724606619249871,0.6724606619249871,False,True
a090_i050,RESOLVED_PHYSICAL,30.0,1.0,56.0,56.0,60.0,60.0,4.0,4.0,15,15,0,0.35918549877202466,5.454985155221877,5.454985155221877,False,True
a090_i050,RESOLVED_PHYSICAL,100.0,1.0,84.0,84.0,88.0,88.0,32.0,32.0,22,22,0,0.06587082526933852,34.49132967306667,34.49132967306667,False,True
a090_i050,RESOLVED_PHYSICAL,300.0,1.0,96.0,96.0,100.0,100.0,44.0,44.0,25,25,0,0.22586802954186558,97.56666630957217,97.56666630957217,False,True
a090_i050,RESOLVED_PHYSICAL,1000.0,1.0,104.0,104.0,108.0,108.0,52.0,52.0,27,27,0,0.2939408379468851,195.8856847944893,195.8856847944893,False,True
a090_i050,RESOLVED_PHYSICAL,3000.0,1.0,116.0,116.0,120.0,120.0,64.0,64.0,30,30,0,0.3967649075674311,307.5608437988318,307.5608437988318,False,True
a090_i050,RESOLVED_PHYSICAL,10000.0,1.0,120.0,120.0,124.0,124.0,68.0,68.0,31,31,0,0.9750615362680756,447.71939892093224,447.71939892093224,False,True
a090_i050,RESOLVED_PHYSICAL,30000.0,1.0,120.0,120.0,124.0,124.0,68.0,68.0,31,31,0,0.7755538264126797,583.1464661501084,583.1464661501084,False,True
a090_i050,RESOLVED_PHYSICAL,100000.0,1.0,124.0,124.0,128.0,128.0,72.0,72.0,32,32,0,0.9992612249031364,736.441656803585,736.441656803585,False,True
a090_i050,RESOLVED_PHYSICAL,1000000.0,1.0,124.0,124.0,128.0,128.0,72.0,72.0,32,32,0,0.9261224903136381,1039.3130296305342,1039.3130296305342,False,True
a090_i050,UNRESOLVED_IMAGE,1.0,1.0,-1.0,-1.0,0.0,0.0,0.0,0.0,0,0,0,0.9702898538303076,0.0009284999080042236,0.0009284999080042236,False,True
a090_i050,UNRESOLVED_IMAGE,3.0,1.0,-1.0,-1.0,0.0,0.0,0.0,0.0,0,0,0,0.7326086844727688,0.008345829857399288,0.008345829857399288,False,True
a090_i050,UNRESOLVED_IMAGE,10.0,1.0,48.0,48.0,52.0,52.0,0.0,0.0,13,13,0,0.16509827322945259,0.09141611121120116,0.09141611121120116,False,True
a090_i050,UNRESOLVED_IMAGE,30.0,1.0,56.0,56.0,60.0,60.0,4.0,4.0,15,15,0,0.6537458916564798,0.7374850076110329,0.7374850076110329,False,True
a090_i050,UNRESOLVED_IMAGE,100.0,1.0,60.0,60.0,64.0,64.0,8.0,8.0,16,16,0,0.886258384720715,4.696775388923957,4.696775388923957,False,True
a090_i050,UNRESOLVED_IMAGE,300.0,1.0,64.0,64.0,68.0,68.0,12.0,12.0,17,17,0,0.023674537513564076,18.433324375117948,18.433324375117948,False,True
a090_i050,UNRESOLVED_IMAGE,1000.0,1.0,88.0,88.0,92.0,92.0,36.0,36.0,23,23,0,0.04685598345666209,65.332179891336,65.332179891336,False,True
a090_i050,UNRESOLVED_IMAGE,3000.0,1.0,96.0,96.0,100.0,100.0,44.0,44.0,25,25,0,0.4721771595453693,138.0774106588639,138.0774106588639,False,True
a090_i050,UNRESOLVED_IMAGE,10000.0,1.0,100.0,100.0,104.0,104.0,48.0,48.0,26,26,0,0.2408094906218361,235.76922905909748,235.76922905909748,False,True
a090_i050,UNRESOLVED_IMAGE,30000.0,1.0,104.0,104.0,108.0,108.0,52.0,52.0,27,27,0,0.1950853482640732,336.6871867427261,336.6871867427261,False,True
a090_i050,UNRESOLVED_IMAGE,100000.0,1.0,116.0,116.0,120.0,120.0,64.0,64.0,30,30,0,0.4889613531148964,462.42660288430153,462.42660288430153,False,True
a090_i050,UNRESOLVED_IMAGE,1000000.0,1.0,120.0,120.0,124.0,124.0,68.0,68.0,31,31,0,0.7642358586457232,739.0488819188868,739.0488819188868,False,True
a090_i050,TOTAL_FLUX,1.0,1.0,-1.0,-1.0,0.0,0.0,0.0,0.0,0,0,0,0.9947525180945005,0.0005327272581913807,0.0005327272581913807,False,True
a090_i050,TOTAL_FLUX,3.0,1.0,-1.0,-1.0,0.0,0.0,0.0,0.0,0,0,0,0.9527726628505044,0.004793919192596142,0.004793919192596142,False,True
a090_i050,TOTAL_FLUX,10.0,1.0,-1.0,-1.0,0.0,0.0,0.0,0.0,0,0,0,0.47525180945004974,0.05318688095135445,0.05318688095135445,False,True
a090_i050,TOTAL_FLUX,30.0,1.0,52.0,52.0,56.0,56.0,0.0,0.0,14,14,0,0.157021049121437,0.47261039357498225,0.47261039357498225,False,True
a090_i050,TOTAL_FLUX,100.0,1.0,56.0,56.0,60.0,60.0,4.0,4.0,15,15,0,0.3227728127370869,4.653779653779053,4.653779653779053,False,True
a090_i050,TOTAL_FLUX,300.0,1.0,76.0,76.0,80.0,80.0,24.0,24.0,20,20,0,0.010999735717110992,25.12892937981838,25.12892937981838,False,True
a090_i050,TOTAL_FLUX,1000.0,1.0,92.0,92.0,96.0,96.0,40.0,40.0,24,24,0,0.15504430694788418,81.59319242403834,81.59319242403834,False,True
a090_i050,TOTAL_FLUX,3000.0,1.0,96.0,96.0,100.0,100.0,44.0,44.0,25,25,0,0.6562556650241818,156.63471541805148,156.63471541805148,False,True
a090_i050,TOTAL_FLUX,10000.0,1.0,104.0,104.0,108.0,108.0,52.0,52.0,27,27,0,0.3207099526333219,256.87926347691155,256.87926347691155,False,True
a090_i050,TOTAL_FLUX,30000.0,1.0,112.0,112.0,116.0,116.0,60.0,60.0,29,29,0,0.5027613028021348,365.87280481165664,365.87280481165664,False,True
a090_i050,TOTAL_FLUX,100000.0,1.0,116.0,116.0,120.0,120.0,64.0,64.0,30,30,0,0.3005375878452696,501.18794038835125,501.18794038835125,False,True
a090_i050,TOTAL_FLUX,1000000.0,1.0,120.0,120.0,124.0,124.0,68.0,68.0,31,31,0,0.4438740951648541,784.0155531773804,784.0155531773804,False,True
a090_i050,DELAY_ONLY,1.0,1.0,-1.0,-1.0,0.0,0.0,0.0,0.0,0,0,0,0.9695162940136064,0.006827190983198067,0.006827190983198067,False,True
a090_i050,DELAY_ONLY,3.0,1.0,-1.0,-1.0,0.0,0.0,0.0,0.0,0,0,0,0.725646646122458,0.06136805467857737,0.06136805467857737,False,True
a090_i050,DELAY_ONLY,10.0,1.0,48.0,48.0,52.0,52.0,0.0,0.0,13,13,0,0.11188256783020367,0.6724606619249871,0.6724606619249871,False,True
a090_i050,DELAY_ONLY,30.0,1.0,56.0,56.0,60.0,60.0,4.0,4.0,15,15,0,0.35918549877202466,5.454985155221877,5.454985155221877,False,True
a090_i050,DELAY_ONLY,100.0,1.0,84.0,84.0,88.0,88.0,32.0,32.0,22,22,0,0.06587082526933852,34.49132967306667,34.49132967306667,False,True
a090_i050,DELAY_ONLY,300.0,1.0,96.0,96.0,100.0,100.0,44.0,44.0,25,25,0,0.22586802954186558,97.56666630957217,97.56666630957217,False,True
a090_i050,DELAY_ONLY,1000.0,1.0,104.0,104.0,108.0,108.0,52.0,52.0,27,27,0,0.2939408379468851,195.8856847944893,195.8856847944893,False,True
a090_i050,DELAY_ONLY,3000.0,1.0,116.0,116.0,120.0,120.0,64.0,64.0,30,30,0,0.3967649075674311,307.5608437988318,307.5608437988318,False,True
a090_i050,DELAY_ONLY,10000.0,1.0,120.0,120.0,124.0,124.0,68.0,68.0,31,31,0,0.9750615362680756,447.71939892093224,447.71939892093224,False,True
a090_i050,DELAY_ONLY,30000.0,1.0,120.0,120.0,124.0,124.0,68.0,68.0,31,31,0,0.7755538264126797,583.1464661501084,583.1464661501084,False,True
a090_i050,DELAY_ONLY,100000.0,1.0,124.0,124.0,128.0,128.0,72.0,72.0,32,32,0,0.9992612249031364,736.441656803585,736.441656803585,False,True
a090_i050,DELAY_ONLY,1000000.0,1.0,124.0,124.0,128.0,128.0,72.0,72.0,32,32,0,0.9261224903136381,1039.3130296305342,1039.3130296305342,False,True
a090_i050,SPATIAL_ONLY,1.0,1.0,-1.0,-1.0,0.0,0.0,0.0,0.0,0,0,0,0.9693405319940951,0.0007745506877586931,0.0007745506877586931,False,True
a090_i050,SPATIAL_ONLY,3.0,1.0,-1.0,-1.0,0.0,0.0,0.0,0.0,0,0,0,0.7240647879468562,0.006960506417769912,0.006960506417769912,False,True
a090_i050,SPATIAL_ONLY,10.0,1.0,48.0,48.0,52.0,52.0,0.0,0.0,13,13,0,0.14601127182241092,0.07605053664982929,0.07605053664982929,False,True
a090_i050,SPATIAL_ONLY,30.0,1.0,56.0,56.0,60.0,60.0,4.0,4.0,15,15,0,0.6567149383338895,0.6008785606297418,0.6008785606297418,False,True
a090_i050,SPATIAL_ONLY,100.0,1.0,60.0,60.0,64.0,64.0,8.0,8.0,16,16,0,0.9704082129425146,3.259859446515407,3.259859446515407,False,True
a090_i050,SPATIAL_ONLY,300.0,1.0,60.0,60.0,64.0,64.0,8.0,8.0,16,16,0,0.7336739164826314,8.074197110803398,8.074197110803398,False,True
a090_i050,SPATIAL_ONLY,1000.0,1.0,64.0,64.0,68.0,68.0,12.0,12.0,17,17,0,0.9990629916000623,17.400972741723383,17.400972741723383,False,True
a090_i050,SPATIAL_ONLY,3000.0,1.0,64.0,64.0,68.0,68.0,12.0,12.0,17,17,0,0.9915669244005607,29.59245246449762,29.59245246449762,False,True
a090_i050,SPATIAL_ONLY,10000.0,1.0,64.0,64.0,68.0,68.0,12.0,12.0,17,17,0,0.9062991600062305,44.23033148091757,44.23033148091757,False,True
a090_i050,SPATIAL_ONLY,30000.0,1.0,64.0,64.0,68.0,68.0,12.0,12.0,17,17,0,0.15669244005607375,59.48964999117807,59.48964999117807,False,True
a090_i050,SPATIAL_ONLY,100000.0,1.0,68.0,68.0,72.0,72.0,16.0,16.0,18,18,0,0.999896375004784,80.8457833596936,80.8457833596936,False,True
a090_i050,SPATIAL_ONLY,1000000.0,1.0,68.0,68.0,72.0,72.0,16.0,16.0,18,18,0,0.9896375004783984,126.53682750862204,126.53682750862204,False,True
a090_i050,EQUALIZED_ORDER_SENSITIVITY,1.0,1.0,-1.0,-1.0,0.0,0.0,0.0,0.0,0,0,0,0.919936568273462,1.6051980672980593,1.6051980672980593,False,True
a090_i050,EQUALIZED_ORDER_SENSITIVITY,3.0,1.0,-1.0,-1.0,0.0,0.0,0.0,0.0,0,0,0,0.2794291144611587,12.211622084829752,12.211622084829752,False,True
a090_i050,EQUALIZED_ORDER_SENSITIVITY,10.0,1.0,92.0,92.0,96.0,96.0,40.0,40.0,24,24,0,0.058738967341929516,63.1185134459324,63.1185134459324,False,True
a090_i050,EQUALIZED_ORDER_SENSITIVITY,30.0,1.0,112.0,112.0,116.0,116.0,60.0,60.0,29,29,0,0.09225902438628975,155.59350605614122,155.59350605614122,False,True
a090_i050,EQUALIZED_ORDER_SENSITIVITY,100.0,1.0,120.0,120.0,124.0,124.0,68.0,68.0,31,31,0,0.06238266421702199,287.9359331186247,287.9359331186247,False,True
a090_i050,EQUALIZED_ORDER_SENSITIVITY,300.0,1.0,120.0,120.0,124.0,124.0,68.0,68.0,31,31,0,0.9126653517211997,420.99184936229415,420.99184936229415,False,True
a090_i050,EQUALIZED_ORDER_SENSITIVITY,1000.0,1.0,120.0,120.0,124.0,124.0,68.0,68.0,31,31,0,0.029615019124440645,572.1585170775437,572.1585170775437,False,True
a090_i050,EQUALIZED_ORDER_SENSITIVITY,3000.0,1.0,124.0,124.0,128.0,128.0,72.0,72.0,32,32,0,0.9974128052178641,714.7389144672101,714.7389144672101,False,True
a090_i050,EQUALIZED_ORDER_SENSITIVITY,10000.0,1.0,124.0,124.0,128.0,128.0,72.0,72.0,32,32,0,0.9712533913096009,873.3684741548005,873.3684741548005,False,True
a090_i050,EQUALIZED_ORDER_SENSITIVITY,30000.0,1.0,124.0,124.0,128.0,128.0,72.0,72.0,32,32,0,0.7412805217864082,1019.1554245089146,1019.1554245089146,False,True
a090_i050,EQUALIZED_ORDER_SENSITIVITY,100000.0,1.0,128.0,128.0,132.0,132.0,76.0,76.0,33,33,0,0.999974418569397,1182.5731627973707,1182.5731627973707,False,True
a090_i050,EQUALIZED_ORDER_SENSITIVITY,1000000.0,1.0,128.0,128.0,132.0,132.0,76.0,76.0,33,33,0,0.9974418569396932,1503.76457659305,1503.76457659305,False,True
a090_i050,PAIRING_DESTROYED,1.0,1.0,-1.0,-1.0,0.0,0.0,0.0,0.0,0,0,0,0.9694623021040266,0.0038020906221835717,0.0038020906221835717,False,True
a090_i050,PAIRING_DESTROYED,3.0,1.0,-1.0,-1.0,0.0,0.0,0.0,0.0,0,0,0,0.7251607189362397,0.03418507874260673,0.03418507874260673,False,True
a090_i050,PAIRING_DESTROYED,10.0,1.0,48.0,48.0,52.0,52.0,0.0,0.0,13,13,0,0.14115051703707093,0.3756876323464197,0.3756876323464197,False,True
a090_i050,PAIRING_DESTROYED,30.0,1.0,56.0,56.0,60.0,60.0,4.0,4.0,15,15,0,0.4866095163545793,3.115345173447917,3.115345173447917,False,True
a090_i050,PAIRING_DESTROYED,100.0,1.0,72.0,72.0,76.0,76.0,20.0,20.0,19,19,0,0.09201028059651972,22.207069727629655,22.207069727629655,False,True
a090_i050,PAIRING_DESTROYED,300.0,1.0,92.0,92.0,96.0,96.0,40.0,40.0,24,24,0,0.5130058797981378,73.5163431178034,73.5163431178034,False,True
a090_i050,PAIRING_DESTROYED,1000.0,1.0,100.0,100.0,104.0,104.0,48.0,48.0,26,26,0,0.300543644267272,161.53657109217193,161.53657109217193,False,True
a090_i050,PAIRING_DESTROYED,3000.0,1.0,112.0,112.0,116.0,116.0,60.0,60.0,29,29,0,0.013111687790068216,264.8459372131176,264.8459372131176,False,True
a090_i050,PAIRING_DESTROYED,10000.0,1.0,120.0,120.0,124.0,124.0,68.0,68.0,31,31,0,0.7055242614048349,400.9122697557405,400.9122697557405,False,True
a090_i050,PAIRING_DESTROYED,30000.0,1.0,120.0,120.0,124.0,124.0,68.0,68.0,31,31,0,0.8813990382151442,535.1417696239323,535.1417696239323,False,True
a090_i050,PAIRING_DESTROYED,100000.0,1.0,124.0,124.0,128.0,128.0,72.0,72.0,32,32,0,0.3177884642761748,687.0267472076207,687.0267472076207,False,True
a090_i050,PAIRING_DESTROYED,1000000.0,1.0,124.0,124.0,128.0,128.0,72.0,72.0,32,32,0,0.9670625197130495,988.8355170030914,988.8355170030914,False,True
a090_i075,DIRECT_PHYSICAL,1.0,1.0,-1.0,-1.0,0.0,0.0,0.0,0.0,0,0,0,0.9780465614442408,0.0005693991239334583,0.0005693991239334583,False,True
a090_i075,DIRECT_PHYSICAL,3.0,1.0,-1.0,-1.0,0.0,0.0,0.0,0.0,0,0,0,0.8024190529981676,0.00511913608553535,0.00511913608553535,False,True
a090_i075,DIRECT_PHYSICAL,10.0,1.0,124.0,124.0,92.0,92.0,0.0,0.0,23,23,0,0.0071575167597723865,0.05620198175029338,0.05620198175029338,False,True
a090_i075,DIRECT_PHYSICAL,30.0,1.0,136.0,136.0,120.0,120.0,0.0,0.0,30,30,0,0.4661843706474109,0.459614062121863,0.459614062121863,False,True
a090_i075,DIRECT_PHYSICAL,100.0,1.0,140.0,140.0,128.0,128.0,4.0,4.0,32,32,0,0.9142380637795666,2.8274448412206192,2.8274448412206192,False,True
a090_i075,DIRECT_PHYSICAL,300.0,1.0,140.0,140.0,128.0,128.0,4.0,4.0,32,32,0,0.22814257401609916,7.896874814126561,7.896874814126561,False,True
a090_i075,DIRECT_PHYSICAL,1000.0,1.0,144.0,144.0,136.0,136.0,8.0,8.0,34,34,0,0.9902051187649481,18.177050253263836,18.177050253263836,False,True
a090_i075,DIRECT_PHYSICAL,3000.0,1.0,144.0,144.0,136.0,136.0,8.0,8.0,34,34,0,0.9118460688845331,30.780288273690996,30.780288273690996,False,True
a090_i075,DIRECT_PHYSICAL,10000.0,1.0,144.0,144.0,136.0,136.0,8.0,8.0,34,34,0,0.020511876494811898,46.23804699972894,46.23804699972894,False,True
a090_i075,DIRECT_PHYSICAL,30000.0,1.0,148.0,148.0,144.0,144.0,12.0,12.0,36,36,0,0.9996817550442398,63.95040921729633,63.95040921729633,False,True
a090_i075,DIRECT_PHYSICAL,100000.0,1.0,148.0,148.0,144.0,144.0,12.0,12.0,36,36,0,0.9964639449359981,87.0611913975336,87.0611913975336,False,True
a090_i075,DIRECT_PHYSICAL,1000000.0,1.0,148.0,148.0,144.0,144.0,12.0,12.0,36,36,0,0.6463944935998078,133.37236684319424,133.37236684319424,False,True
a090_i075,RESOLVED_PHYSICAL,1.0,1.0,-1.0,-1.0,0.0,0.0,0.0,0.0,0,0,0,0.977007796091297,0.0028676184749567716,0.0028676184749567716,False,True
a090_i075,RESOLVED_PHYSICAL,3.0,1.0,-1.0,-1.0,0.0,0.0,0.0,0.0,0,0,0,0.7930701648216723,0.025762673468442746,0.025762673468442746,False,True
a090_i075,RESOLVED_PHYSICAL,10.0,1.0,124.0,124.0,92.0,92.0,0.0,0.0,23,23,0,0.0071575167597723865,0.28067353936743716,0.28067353936743716,False,True
a090_i075,RESOLVED_PHYSICAL,30.0,1.0,136.0,136.0,120.0,120.0,0.0,0.0,30,30,0,0.3600923829776421,2.1948297816786346,2.1948297816786346,False,True
a090_i075,RESOLVED_PHYSICAL,100.0,1.0,144.0,144.0,132.0,132.0,8.0,8.0,33,33,0,0.20137253313691916,12.841197272104417,12.841197272104417,False,True
a090_i075,RESOLVED_PHYSICAL,300.0,1.0,152.0,152.0,140.0,140.0,16.0,16.0,35,35,0,0.11826480119518734,37.80749945304985,37.80749945304985,False,True
a090_i075,RESOLVED_PHYSICAL,1000.0,1.0,164.0,164.0,156.0,156.0,28.0,28.0,39,39,0,0.06716983643300756,85.79077138122037,85.79077138122037,False,True
a090_i075,RESOLVED_PHYSICAL,3000.0,1.0,172.0,172.0,164.0,164.0,36.0,36.0,41,41,0,0.5247148721468013,148.10717938966474,148.10717938966474,False,True
a090_i075,RESOLVED_PHYSICAL,10000.0,1.0,176.0,176.0,168.0,168.0,40.0,40.0,42,42,0,0.020511876494811898,231.81543586853428,231.81543586853428,False,True
a090_i075,RESOLVED_PHYSICAL,30000.0,1.0,176.0,176.0,172.0,172.0,40.0,40.0,43,43,0,0.4382313076537011,315.58704029664364,315.58704029664364,False,True
a090_i075,RESOLVED_PHYSICAL,100000.0,1.0,180.0,180.0,176.0,176.0,44.0,44.0,44,44,0,0.9959170653048466,413.080205083391,413.080205083391,False,True
a090_i075,RESOLVED_PHYSICAL,1000000.0,1.0,180.0,180.0,176.0,176.0,44.0,44.0,44,44,0,0.5917065304846616,607.2467464700543,607.2467464700543,False,True
a090_i075,UNRESOLVED_IMAGE,1.0,1.0,-1.0,-1.0,0.0,0.0,0.0,0.0,0,0,0,0.9792234385972327,0.0007055398897921754,0.0007055398897921754,False,True
a090_i075,UNRESOLVED_IMAGE,3.0,1.0,-1.0,-1.0,0.0,0.0,0.0,0.0,0,0,0,0.8130109473750946,0.006343590827080557,0.006343590827080557,False,True
a090_i075,UNRESOLVED_IMAGE,10.0,1.0,120.0,120.0,84.0,84.0,0.0,0.0,21,21,0,0.023471575127354982,0.06970696054716446,0.06970696054716446,False,True
a090_i075,UNRESOLVED_IMAGE,30.0,1.0,136.0,136.0,120.0,120.0,0.0,0.0,30,30,0,0.3647560132863561,0.5747016644346544,0.5747016644346544,False,True
a090_i075,UNRESOLVED_IMAGE,100.0,1.0,140.0,140.0,128.0,128.0,4.0,4.0,32,32,0,0.7775373870137461,3.8326476530636886,3.8326476530636886,False,True
a090_i075,UNRESOLVED_IMAGE,300.0,1.0,144.0,144.0,132.0,132.0,8.0,8.0,33,33,0,0.2793550546694118,13.272537179798094,13.272537179798094,False,True
a090_i075,UNRESOLVED_IMAGE,1000.0,1.0,152.0,152.0,144.0,144.0,16.0,16.0,36,36,0,0.21579189045772829,36.686105197200206,36.686105197200206,False,True
a090_i075,UNRESOLVED_IMAGE,3000.0,1.0,156.0,156.0,148.0,148.0,20.0,20.0,37,37,0,0.005079567428516674,72.30021584240583,72.30021584240583,False,True
a090_i075,UNRESOLVED_IMAGE,10000.0,1.0,160.0,160.0,152.0,152.0,24.0,24.0,38,38,0,0.08450226554687634,123.40758859023316,123.40758859023316,False,True
a090_i075,UNRESOLVED_IMAGE,30000.0,1.0,164.0,164.0,160.0,160.0,28.0,28.0,40,40,0,0.21043663014077374,179.30790454808783,179.30790454808783,False,True
a090_i075,UNRESOLVED_IMAGE,100000.0,1.0,172.0,172.0,168.0,168.0,36.0,36.0,42,42,0,0.3815725125879421,254.30466004273853,254.30466004273853,False,True
a090_i075,UNRESOLVED_IMAGE,1000000.0,1.0,180.0,180.0,176.0,176.0,44.0,44.0,44,44,0,0.17699233291482974,426.9847288507938,426.9847288507938,False,True
a090_i075,TOTAL_FLUX,1.0,1.0,-1.0,-1.0,0.0,0.0,0.0,0.0,0,0,0,0.997266310296142,0.0001665502012693827,0.0001665502012693827,False,True
a090_i075,TOTAL_FLUX,3.0,1.0,-1.0,-1.0,0.0,0.0,0.0,0.0,0,0,0,0.9753967926652775,0.0014987688089547401,0.0014987688089547401,False,True
a090_i075,TOTAL_FLUX,10.0,1.0,-1.0,-1.0,0.0,0.0,0.0,0.0,0,0,0,0.7266310296141938,0.016629916598150173,0.016629916598150173,False,True
a090_i075,TOTAL_FLUX,30.0,1.0,124.0,124.0,48.0,48.0,0.0,0.0,12,12,0,0.028674370107939717,0.14788497490038885,0.14788497490038885,False,True
a090_i075,TOTAL_FLUX,100.0,1.0,136.0,136.0,116.0,116.0,0.0,0.0,29,29,0,0.21428635339454094,1.4616735510497048,1.4616735510497048,False,True
a090_i075,TOTAL_FLUX,300.0,1.0,144.0,144.0,128.0,128.0,8.0,8.0,32,32,0,0.22479585686535797,7.856670433265603,7.856670433265603,False,True
a090_i075,TOTAL_FLUX,1000.0,1.0,148.0,148.0,136.0,136.0,12.0,12.0,34,34,0,0.7374911277770697,25.84564058186526,25.84564058186526,False,True
a090_i075,TOTAL_FLUX,3000.0,1.0,152.0,152.0,144.0,144.0,16.0,16.0,36,36,0,0.10176046726028898,53.5769593767623,53.5769593767623,False,True
a090_i075,TOTAL_FLUX,10000.0,1.0,164.0,164.0,156.0,156.0,28.0,28.0,39,39,0,0.13575454588626013,100.7924564380034,100.7924564380034,False,True
a090_i075,TOTAL_FLUX,30000.0,1.0,168.0,168.0,160.0,160.0,32.0,32.0,40,40,0,0.5734955294101882,159.45437528816996,159.45437528816996,False,True
a090_i075,TOTAL_FLUX,100000.0,1.0,172.0,172.0,164.0,164.0,36.0,36.0,41,41,0,0.04734115656599369,236.82478121686006,236.82478121686006,False,True
a090_i075,TOTAL_FLUX,1000000.0,1.0,176.0,176.0,172.0,172.0,40.0,40.0,43,43,0,0.43822691160878147,408.1818484459207,408.1818484459207,False,True
a090_i075,DELAY_ONLY,1.0,1.0,-1.0,-1.0,0.0,0.0,0.0,0.0,0,0,0,0.977007796091297,0.0028676184749567716,0.0028676184749567716,False,True
a090_i075,DELAY_ONLY,3.0,1.0,-1.0,-1.0,0.0,0.0,0.0,0.0,0,0,0,0.7930701648216723,0.025762673468442746,0.025762673468442746,False,True
a090_i075,DELAY_ONLY,10.0,1.0,124.0,124.0,92.0,92.0,0.0,0.0,23,23,0,0.0071575167597723865,0.28067353936743716,0.28067353936743716,False,True
a090_i075,DELAY_ONLY,30.0,1.0,136.0,136.0,120.0,120.0,0.0,0.0,30,30,0,0.3600923829776421,2.1948297816786346,2.1948297816786346,False,True
a090_i075,DELAY_ONLY,100.0,1.0,144.0,144.0,132.0,132.0,8.0,8.0,33,33,0,0.20137253313691916,12.841197272104417,12.841197272104417,False,True
a090_i075,DELAY_ONLY,300.0,1.0,152.0,152.0,140.0,140.0,16.0,16.0,35,35,0,0.11826480119518734,37.80749945304985,37.80749945304985,False,True
a090_i075,DELAY_ONLY,1000.0,1.0,164.0,164.0,156.0,156.0,28.0,28.0,39,39,0,0.06716983643300756,85.79077138122037,85.79077138122037,False,True
a090_i075,DELAY_ONLY,3000.0,1.0,172.0,172.0,164.0,164.0,36.0,36.0,41,41,0,0.5247148721468013,148.10717938966474,148.10717938966474,False,True
a090_i075,DELAY_ONLY,10000.0,1.0,176.0,176.0,168.0,168.0,40.0,40.0,42,42,0,0.020511876494811898,231.81543586853428,231.81543586853428,False,True
a090_i075,DELAY_ONLY,30000.0,1.0,176.0,176.0,172.0,172.0,40.0,40.0,43,43,0,0.4382313076537011,315.58704029664364,315.58704029664364,False,True
a090_i075,DELAY_ONLY,100000.0,1.0,180.0,180.0,176.0,176.0,44.0,44.0,44,44,0,0.9959170653048466,413.080205083391,413.080205083391,False,True
a090_i075,DELAY_ONLY,1000000.0,1.0,180.0,180.0,176.0,176.0,44.0,44.0,44,44,0,0.5917065304846616,607.2467464700543,607.2467464700543,False,True
a090_i075,SPATIAL_ONLY,1.0,1.0,-1.0,-1.0,0.0,0.0,0.0,0.0,0,0,0,0.9770165621592093,0.0005980405557963225,0.0005980405557963225,False,True
a090_i075,SPATIAL_ONLY,3.0,1.0,-1.0,-1.0,0.0,0.0,0.0,0.0,0,0,0,0.7931490594328836,0.0053763471452329134,0.0053763471452329134,False,True
a090_i075,SPATIAL_ONLY,10.0,1.0,124.0,124.0,92.0,92.0,0.0,0.0,23,23,0,0.05152918997687772,0.058990803532186394,0.058990803532186394,False,True
a090_i075,SPATIAL_ONLY,30.0,1.0,136.0,136.0,120.0,120.0,0.0,0.0,30,30,0,0.5222644661709688,0.48034384148734816,0.48034384148734816,False,True
a090_i075,SPATIAL_ONLY,100.0,1.0,140.0,140.0,128.0,128.0,4.0,4.0,32,32,0,0.9109931187190651,2.908985191812076,2.908985191812076,False,True
a090_i075,SPATIAL_ONLY,300.0,1.0,140.0,140.0,128.0,128.0,4.0,4.0,32,32,0,0.19893806847158535,8.05136354018475,8.05136354018475,False,True
a090_i075,SPATIAL_ONLY,1000.0,1.0,144.0,144.0,136.0,136.0,8.0,8.0,34,34,0,0.9898332484499361,18.44103170184386,18.44103170184386,False,True
a090_i075,SPATIAL_ONLY,3000.0,1.0,144.0,144.0,136.0,136.0,8.0,8.0,34,34,0,0.9084992360494248,31.080560568172903,31.080560568172903,False,True
a090_i075,SPATIAL_ONLY,10000.0,1.0,144.0,144.0,140.0,140.0,8.0,8.0,35,35,0,0.016675155006390607,46.5906167207057,46.5906167207057,False,True
a090_i075,SPATIAL_ONLY,30000.0,1.0,148.0,148.0,144.0,144.0,12.0,12.0,36,36,0,0.9996696412770948,64.40488307043695,64.40488307043695,False,True
a090_i075,SPATIAL_ONLY,100000.0,1.0,148.0,148.0,144.0,144.0,12.0,12.0,36,36,0,0.9963293475232758,87.55776089106651,87.55776089106651,False,True
a090_i075,SPATIAL_ONLY,1000000.0,1.0,148.0,148.0,144.0,144.0,12.0,12.0,36,36,0,0.6329347523275858,133.89275265868758,133.89275265868758,False,True
a090_i075,EQUALIZED_ORDER_SENSITIVITY,1.0,1.0,-1.0,-1.0,0.0,0.0,0.0,0.0,0,0,0,0.9035462779394191,0.2401040143921434,0.2401040143921434,False,True
a090_i075,EQUALIZED_ORDER_SENSITIVITY,3.0,1.0,-1.0,-1.0,0.0,0.0,0.0,0.0,0,0,0,0.13191650145477207,2.0546155572968665,2.0546155572968665,False,True
a090_i075,EQUALIZED_ORDER_SENSITIVITY,10.0,1.0,148.0,148.0,116.0,116.0,12.0,12.0,29,29,0,0.0071575167597723865,15.912140922847666,15.912140922847666,False,True
a090_i075,EQUALIZED_ORDER_SENSITIVITY,30.0,1.0,164.0,164.0,148.0,148.0,28.0,28.0,37,37,0,0.29441410507400023,55.75863398477535,55.75863398477535,False,True
a090_i075,EQUALIZED_ORDER_SENSITIVITY,100.0,1.0,172.0,172.0,160.0,160.0,36.0,36.0,40,40,0,0.3894071672924171,127.02543226335308,127.02543226335308,False,True
a090_i075,EQUALIZED_ORDER_SENSITIVITY,300.0,1.0,176.0,176.0,164.0,164.0,40.0,40.0,41,41,0,0.22814257401609916,205.8303880296454,205.8303880296454,False,True
a090_i075,EQUALIZED_ORDER_SENSITIVITY,1000.0,1.0,180.0,180.0,172.0,172.0,44.0,44.0,43,43,0,0.16008968228097764,299.1864497085185,299.1864497085185,False,True
a090_i075,EQUALIZED_ORDER_SENSITIVITY,3000.0,1.0,180.0,180.0,172.0,172.0,44.0,44.0,43,43,0,0.9118460688845331,389.2953190885712,389.2953190885712,False,True
a090_i075,EQUALIZED_ORDER_SENSITIVITY,10000.0,1.0,180.0,180.0,172.0,172.0,44.0,44.0,43,43,0,0.020511876494811898,490.3539297866617,490.3539297866617,False,True
a090_i075,EQUALIZED_ORDER_SENSITIVITY,30000.0,1.0,180.0,180.0,176.0,176.0,44.0,44.0,44,44,0,0.31704595022407267,584.3957522603177,584.3957522603177,False,True
a090_i075,EQUALIZED_ORDER_SENSITIVITY,100000.0,1.0,184.0,184.0,180.0,180.0,48.0,48.0,45,45,0,0.9964639449359981,692.045855245565,692.045855245565,False,True
a090_i075,EQUALIZED_ORDER_SENSITIVITY,1000000.0,1.0,184.0,184.0,180.0,180.0,48.0,48.0,45,45,0,0.6463944935998078,903.450033266218,903.450033266218,False,True
a090_i075,PAIRING_DESTROYED,1.0,1.0,-1.0,-1.0,0.0,0.0,0.0,0.0,0,0,0,0.9758611522912988,0.002103023670808489,0.002103023670808489,False,True
a090_i075,PAIRING_DESTROYED,3.0,1.0,-1.0,-1.0,0.0,0.0,0.0,0.0,0,0,0,0.782750370621689,0.018896883205174565,0.018896883205174565,False,True
a090_i075,PAIRING_DESTROYED,10.0,1.0,124.0,124.0,92.0,92.0,0.0,0.0,23,23,0,0.10284945749282848,0.2062677854141543,0.2062677854141543,False,True
a090_i075,PAIRING_DESTROYED,30.0,1.0,136.0,136.0,120.0,120.0,0.0,0.0,30,30,0,0.3044128060821676,1.633259564545955,1.633259564545955,False,True
a090_i075,PAIRING_DESTROYED,100.0,1.0,144.0,144.0,132.0,132.0,8.0,8.0,33,33,0,0.42946441875341024,10.11161242484679,10.11161242484679,False,True
a090_i075,PAIRING_DESTROYED,300.0,1.0,152.0,152.0,140.0,140.0,16.0,16.0,35,35,0,0.216473926632474,32.301148881000266,32.301148881000266,False,True
a090_i075,PAIRING_DESTROYED,1000.0,1.0,160.0,160.0,152.0,152.0,24.0,24.0,38,38,0,0.43339385376797623,76.71831484502106,76.71831484502106,False,True
a090_i075,PAIRING_DESTROYED,3000.0,1.0,168.0,168.0,160.0,160.0,32.0,32.0,40,40,0,0.8817300603152503,132.96645744975842,132.96645744975842,False,True
a090_i075,PAIRING_DESTROYED,10000.0,1.0,172.0,172.0,164.0,164.0,36.0,36.0,41,41,0,0.3141104409416644,205.95654799218775,205.95654799218775,False,True
a090_i075,PAIRING_DESTROYED,30000.0,1.0,172.0,172.0,168.0,168.0,36.0,36.0,42,42,0,0.9791398761035124,278.5779273118682,278.5779273118682,False,True
a090_i075,PAIRING_DESTROYED,100000.0,1.0,172.0,172.0,168.0,168.0,36.0,36.0,42,42,0,0.7682208455945823,360.87978470824004,360.87978470824004,False,True
a090_i075,PAIRING_DESTROYED,1000000.0,1.0,176.0,176.0,172.0,172.0,40.0,40.0,43,43,0,0.7877174965760871,529.3360651398084,529.3360651398084,False,True
a098_i020,DIRECT_PHYSICAL,1.0,1.0,-1.0,-1.0,0.0,0.0,0.0,0.0,0,0,0,0.93186964792256,0.007068699012269714,0.007068699012269714,False,True
a098_i020,DIRECT_PHYSICAL,3.0,1.0,-1.0,-1.0,0.0,0.0,0.0,0.0,0,0,0,0.38682683130303996,0.06278859113345456,0.06278859113345456,False,True
a098_i020,DIRECT_PHYSICAL,10.0,1.0,16.0,16.0,20.0,20.0,0.0,0.0,5,5,0,0.6567620953823062,0.6116783238843612,0.6116783238843612,False,True
a098_i020,DIRECT_PHYSICAL,30.0,1.0,20.0,20.0,24.0,24.0,4.0,4.0,6,6,0,0.9514990890084262,3.006242989374718,3.006242989374718,False,True
a098_i020,DIRECT_PHYSICAL,100.0,1.0,20.0,20.0,24.0,24.0,4.0,4.0,6,6,0,0.4611009889825125,8.854796659145721,8.854796659145721,False,True
a098_i020,DIRECT_PHYSICAL,300.0,1.0,24.0,24.0,28.0,28.0,8.0,8.0,7,7,0,0.9968172616332165,18.55113055611284,18.55113055611284,False,True
a098_i020,DIRECT_PHYSICAL,1000.0,1.0,24.0,24.0,28.0,28.0,8.0,8.0,7,7,0,0.9646362403690718,32.442934427505264,32.442934427505264,False,True
a098_i020,DIRECT_PHYSICAL,3000.0,1.0,24.0,24.0,28.0,28.0,8.0,8.0,7,7,0,0.681726163321646,46.52678078644328,46.52678078644328,False,True
a098_i020,DIRECT_PHYSICAL,10000.0,1.0,28.0,28.0,32.0,32.0,12.0,12.0,8,8,0,0.9998697593540169,65.91059410018815,65.91059410018815,False,True
a098_i020,DIRECT_PHYSICAL,30000.0,1.0,28.0,28.0,32.0,32.0,12.0,12.0,8,8,0,0.998827834186152,87.01398056307845,87.01398056307845,False,True
a098_i020,DIRECT_PHYSICAL,100000.0,1.0,28.0,28.0,32.0,32.0,12.0,12.0,8,8,0,0.9869759354016883,111.02799237123514,111.02799237123514,False,True
a098_i020,DIRECT_PHYSICAL,1000000.0,1.0,32.0,32.0,36.0,36.0,16.0,16.0,9,9,0,0.3024064598311724,160.35324743078866,160.35324743078866,False,True
a098_i020,RESOLVED_PHYSICAL,1.0,1.0,-1.0,-1.0,0.0,0.0,0.0,0.0,0,0,0,0.9318696470036716,0.01875766437593057,0.01875766437593057,False,True
a098_i020,RESOLVED_PHYSICAL,3.0,1.0,-1.0,-1.0,0.0,0.0,0.0,0.0,0,0,0,0.38682682303304383,0.16776105087179288,0.16776105087179288,False,True
a098_i020,RESOLVED_PHYSICAL,10.0,1.0,16.0,16.0,20.0,20.0,0.0,0.0,5,5,0,0.6331820212526886,1.7532930620346292,1.7532930620346292,False,True
a098_i020,RESOLVED_PHYSICAL,30.0,1.0,20.0,20.0,24.0,24.0,4.0,4.0,6,6,0,0.6652032591225574,12.138405011989633,12.138405011989633,False,True
a098_i020,RESOLVED_PHYSICAL,100.0,1.0,60.0,60.0,64.0,64.0,44.0,44.0,16,16,0,0.12366293461547617,64.89794857824208,64.89794857824208,False,True
a098_i020,RESOLVED_PHYSICAL,300.0,1.0,76.0,76.0,80.0,80.0,60.0,60.0,20,20,0,0.17475685007697916,169.00650882353813,169.00650882353813,False,True
a098_i020,RESOLVED_PHYSICAL,1000.0,1.0,88.0,88.0,92.0,92.0,72.0,72.0,23,23,0,0.30543379759812095,319.95637951866615,319.95637951866615,False,True
a098_i020,RESOLVED_PHYSICAL,3000.0,1.0,96.0,96.0,100.0,100.0,80.0,80.0,25,25,0,0.5238842043574543,478.73588806017256,478.73588806017256,False,True
a098_i020,RESOLVED_PHYSICAL,10000.0,1.0,100.0,100.0,104.0,104.0,84.0,84.0,26,26,0,0.30495497615636324,666.5040553588237,666.5040553588237,False,True
a098_i020,RESOLVED_PHYSICAL,30000.0,1.0,100.0,100.0,104.0,104.0,84.0,84.0,26,26,0,0.951035800031017,844.5840789568267,844.5840789568267,False,True
a098_i020,RESOLVED_PHYSICAL,100000.0,1.0,100.0,100.0,104.0,104.0,84.0,84.0,26,26,0,0.45595333367796587,1043.2496212563756,1043.2496212563756,False,True
a098_i020,RESOLVED_PHYSICAL,1000000.0,1.0,104.0,104.0,108.0,108.0,88.0,88.0,27,27,0,0.9924059726078919,1435.1907646246937,1435.1907646246937,False,True
a098_i020,UNRESOLVED_IMAGE,1.0,1.0,-1.0,-1.0,0.0,0.0,0.0,0.0,0,0,0,0.9332414980502023,0.00715874748528607,0.00715874748528607,False,True
a098_i020,UNRESOLVED_IMAGE,3.0,1.0,-1.0,-1.0,0.0,0.0,0.0,0.0,0,0,0,0.39917348245182027,0.06362911141210251,0.06362911141210251,False,True
a098_i020,UNRESOLVED_IMAGE,10.0,1.0,16.0,16.0,20.0,20.0,0.0,0.0,5,5,0,0.6631418327232381,0.62386058717111,0.62386058717111,False,True
a098_i020,UNRESOLVED_IMAGE,30.0,1.0,20.0,20.0,24.0,24.0,4.0,4.0,6,6,0,0.9466182303105023,3.172093426106801,3.172093426106801,False,True
a098_i020,UNRESOLVED_IMAGE,100.0,1.0,20.0,20.0,24.0,24.0,4.0,4.0,6,6,0,0.40686922567224804,10.862921586793583,10.862921586793583,False,True
a098_i020,UNRESOLVED_IMAGE,300.0,1.0,24.0,24.0,28.0,28.0,8.0,8.0,7,7,0,0.3297248915306574,33.343947278036005,33.343947278036005,False,True
a098_i020,UNRESOLVED_IMAGE,1000.0,1.0,68.0,68.0,72.0,72.0,52.0,52.0,18,18,0,0.1885593743855245,106.62096395936352,106.62096395936352,False,True
a098_i020,UNRESOLVED_IMAGE,3000.0,1.0,80.0,80.0,84.0,84.0,64.0,64.0,21,21,0,0.09580213555162453,220.10694310377363,220.10694310377363,False,True
a098_i020,UNRESOLVED_IMAGE,10000.0,1.0,80.0,80.0,84.0,84.0,64.0,64.0,21,21,0,0.2411694789669051,367.38387680021634,367.38387680021634,False,True
a098_i020,UNRESOLVED_IMAGE,30000.0,1.0,88.0,88.0,92.0,92.0,72.0,72.0,23,23,0,0.29846110236263335,514.63987606624,514.63987606624,False,True
a098_i020,UNRESOLVED_IMAGE,100000.0,1.0,96.0,96.0,100.0,100.0,80.0,80.0,25,25,0,0.8239932473630747,691.9710460405029,691.9710460405029,False,True
a098_i020,UNRESOLVED_IMAGE,1000000.0,1.0,100.0,100.0,104.0,104.0,84.0,84.0,26,26,0,0.9261433742115635,1060.2839165287553,1060.2839165287553,False,True
a098_i020,TOTAL_FLUX,1.0,1.0,-1.0,-1.0,0.0,0.0,0.0,0.0,0,0,0,0.9703354895172491,0.003650603903132031,0.003650603903132031,False,True
a098_i020,TOTAL_FLUX,3.0,1.0,-1.0,-1.0,0.0,0.0,0.0,0.0,0,0,0,0.7330194056552422,0.03278129843918948,0.03278129843918948,False,True
a098_i020,TOTAL_FLUX,10.0,1.0,12.0,12.0,16.0,16.0,0.0,0.0,4,4,0,0.22005521589582988,0.35540774845960155,0.35540774845960155,False,True
a098_i020,TOTAL_FLUX,30.0,1.0,16.0,16.0,20.0,20.0,0.0,0.0,5,5,0,0.10910001582714368,2.7352670515521376,2.7352670515521376,False,True
a098_i020,TOTAL_FLUX,100.0,1.0,20.0,20.0,24.0,24.0,4.0,4.0,6,6,0,0.09276817890277966,17.724201378735934,17.724201378735934,False,True
a098_i020,TOTAL_FLUX,300.0,1.0,48.0,48.0,52.0,52.0,32.0,32.0,13,13,0,0.08672971784325423,63.65820882831119,63.65820882831119,False,True
a098_i020,TOTAL_FLUX,1000.0,1.0,68.0,68.0,72.0,72.0,52.0,52.0,18,18,0,0.005610242851338598,159.89062828898827,159.89062828898827,False,True
a098_i020,TOTAL_FLUX,3000.0,1.0,80.0,80.0,84.0,84.0,64.0,64.0,21,21,0,0.06694553193398134,280.03087482014746,280.03087482014746,False,True
a098_i020,TOTAL_FLUX,10000.0,1.0,88.0,88.0,92.0,92.0,72.0,72.0,23,23,0,0.4509571907719647,434.38468389010313,434.38468389010313,False,True
a098_i020,TOTAL_FLUX,30000.0,1.0,92.0,92.0,96.0,96.0,76.0,76.0,24,24,0,0.356091621403797,591.837919595788,591.837919595788,False,True
a098_i020,TOTAL_FLUX,100000.0,1.0,96.0,96.0,100.0,100.0,80.0,80.0,25,25,0,0.7386490387923633,776.0828031644344,776.0828031644344,False,True
a098_i020,TOTAL_FLUX,1000000.0,1.0,100.0,100.0,104.0,104.0,84.0,84.0,26,26,0,0.9263809361441027,1147.1990857697403,1147.1990857697403,False,True
a098_i020,DELAY_ONLY,1.0,1.0,-1.0,-1.0,0.0,0.0,0.0,0.0,0,0,0,0.9318696470036716,0.01875766437593057,0.01875766437593057,False,True
a098_i020,DELAY_ONLY,3.0,1.0,-1.0,-1.0,0.0,0.0,0.0,0.0,0,0,0,0.38682682303304383,0.16776105087179288,0.16776105087179288,False,True
a098_i020,DELAY_ONLY,10.0,1.0,16.0,16.0,20.0,20.0,0.0,0.0,5,5,0,0.6331820212526886,1.7532930620346292,1.7532930620346292,False,True
a098_i020,DELAY_ONLY,30.0,1.0,20.0,20.0,24.0,24.0,4.0,4.0,6,6,0,0.6652032591225574,12.138405011989633,12.138405011989633,False,True
a098_i020,DELAY_ONLY,100.0,1.0,60.0,60.0,64.0,64.0,44.0,44.0,16,16,0,0.12366293461547617,64.89794857824208,64.89794857824208,False,True
a098_i020,DELAY_ONLY,300.0,1.0,76.0,76.0,80.0,80.0,60.0,60.0,20,20,0,0.17475685007697916,169.00650882353813,169.00650882353813,False,True
a098_i020,DELAY_ONLY,1000.0,1.0,88.0,88.0,92.0,92.0,72.0,72.0,23,23,0,0.30543379759812095,319.95637951866615,319.95637951866615,False,True
a098_i020,DELAY_ONLY,3000.0,1.0,96.0,96.0,100.0,100.0,80.0,80.0,25,25,0,0.5238842043574543,478.73588806017256,478.73588806017256,False,True
a098_i020,DELAY_ONLY,10000.0,1.0,100.0,100.0,104.0,104.0,84.0,84.0,26,26,0,0.30495497615636324,666.5040553588237,666.5040553588237,False,True
a098_i020,DELAY_ONLY,30000.0,1.0,100.0,100.0,104.0,104.0,84.0,84.0,26,26,0,0.951035800031017,844.5840789568267,844.5840789568267,False,True
a098_i020,DELAY_ONLY,100000.0,1.0,100.0,100.0,104.0,104.0,84.0,84.0,26,26,0,0.45595333367796587,1043.2496212563756,1043.2496212563756,False,True
a098_i020,DELAY_ONLY,1000000.0,1.0,104.0,104.0,108.0,108.0,88.0,88.0,27,27,0,0.9924059726078919,1435.1907646246937,1435.1907646246937,False,True
a098_i020,SPATIAL_ONLY,1.0,1.0,-1.0,-1.0,0.0,0.0,0.0,0.0,0,0,0,0.9313014385579157,0.007135131991496076,0.007135131991496076,False,True
a098_i020,SPATIAL_ONLY,3.0,1.0,-1.0,-1.0,0.0,0.0,0.0,0.0,0,0,0,0.3817129470212416,0.06337154058435363,0.06337154058435363,False,True
a098_i020,SPATIAL_ONLY,10.0,1.0,16.0,16.0,20.0,20.0,0.0,0.0,5,5,0,0.6536507012826376,0.6167453960951869,0.6167453960951869,False,True
a098_i020,SPATIAL_ONLY,30.0,1.0,20.0,20.0,24.0,24.0,4.0,4.0,6,6,0,0.9506000114219235,3.023701740472675,3.023701740472675,False,True
a098_i020,SPATIAL_ONLY,100.0,1.0,20.0,20.0,24.0,24.0,4.0,4.0,6,6,0,0.451111238021372,8.902448454143679,8.902448454143679,False,True
a098_i020,SPATIAL_ONLY,300.0,1.0,24.0,24.0,28.0,28.0,8.0,8.0,7,7,0,0.9907746194374738,18.66806587107524,18.66806587107524,False,True
a098_i020,SPATIAL_ONLY,1000.0,1.0,24.0,24.0,28.0,28.0,8.0,8.0,7,7,0,0.8974957715274864,32.938665260310486,32.938665260310486,False,True
a098_i020,SPATIAL_ONLY,3000.0,1.0,24.0,24.0,28.0,28.0,8.0,8.0,7,7,0,0.07746194374737791,49.483899272836304,49.483899272836304,False,True
a098_i020,SPATIAL_ONLY,10000.0,1.0,28.0,28.0,32.0,32.0,12.0,12.0,8,8,0,0.33577584252358683,81.84389614071596,81.84389614071596,False,True
a098_i020,SPATIAL_ONLY,30000.0,1.0,64.0,64.0,32.0,32.0,12.0,12.0,15,15,0,0.3464646222990101,141.8187505842275,141.8187505842275,False,True
a098_i020,SPATIAL_ONLY,100000.0,1.0,68.0,68.0,36.0,36.0,16.0,16.0,17,17,0,0.7590688019733114,238.24159515439598,238.24159515439598,False,True
a098_i020,SPATIAL_ONLY,1000000.0,1.0,68.0,68.0,72.0,72.0,52.0,52.0,18,18,0,0.7160865874503636,459.85713301450977,459.85713301450977,False,True
a098_i020,EQUALIZED_ORDER_SENSITIVITY,1.0,1.0,-1.0,-1.0,0.0,0.0,0.0,0.0,0,0,0,0.921721398532478,2.904736653537876,2.904736653537876,False,True
a098_i020,EQUALIZED_ORDER_SENSITIVITY,3.0,1.0,-1.0,-1.0,0.0,0.0,0.0,0.0,0,0,0,0.2954925867923024,21.770858883182147,21.770858883182147,False,True
a098_i020,EQUALIZED_ORDER_SENSITIVITY,10.0,1.0,76.0,76.0,80.0,80.0,60.0,60.0,20,20,0,0.07344574355001121,106.18303750081267,106.18303750081267,False,True
a098_i020,EQUALIZED_ORDER_SENSITIVITY,30.0,1.0,92.0,92.0,96.0,96.0,76.0,76.0,24,24,0,0.5352315665916574,243.45714136566932,243.45714136566932,False,True
a098_i020,EQUALIZED_ORDER_SENSITIVITY,100.0,1.0,96.0,96.0,100.0,100.0,80.0,80.0,25,25,0,0.602002646787176,423.50044214541253,423.50044214541253,False,True
a098_i020,EQUALIZED_ORDER_SENSITIVITY,300.0,1.0,100.0,100.0,104.0,104.0,84.0,84.0,26,26,0,0.985066441106468,598.5540455675821,598.5540455675821,False,True
a098_i020,EQUALIZED_ORDER_SENSITIVITY,1000.0,1.0,100.0,100.0,104.0,104.0,84.0,84.0,26,26,0,0.8340715678496444,795.5388448066665,795.5388448066665,False,True
a098_i020,EQUALIZED_ORDER_SENSITIVITY,3000.0,1.0,104.0,104.0,108.0,108.0,88.0,88.0,27,27,0,0.4933558893532002,978.6523023196447,978.6523023196447,False,True
a098_i020,EQUALIZED_ORDER_SENSITIVITY,10000.0,1.0,104.0,104.0,108.0,108.0,88.0,88.0,27,27,0,0.9976839026192406,1183.9161962416065,1183.9161962416065,False,True
a098_i020,EQUALIZED_ORDER_SENSITIVITY,30000.0,1.0,104.0,104.0,108.0,108.0,88.0,88.0,27,27,0,0.9791551235731653,1372.742378397319,1372.742378397319,False,True
a098_i020,EQUALIZED_ORDER_SENSITIVITY,100000.0,1.0,104.0,104.0,108.0,108.0,88.0,88.0,27,27,0,0.7683902619240578,1580.5520686890625,1580.5520686890625,False,True
a098_i020,EQUALIZED_ORDER_SENSITIVITY,1000000.0,1.0,108.0,108.0,112.0,112.0,92.0,92.0,28,28,0,0.9999026218349616,1988.5003596862423,1988.5003596862423,False,True
a098_i020,PAIRING_DESTROYED,1.0,1.0,-1.0,-1.0,0.0,0.0,0.0,0.0,0,0,0,0.9319508851127419,0.018833144272894255,0.018833144272894255,False,True
a098_i020,PAIRING_DESTROYED,3.0,1.0,-1.0,-1.0,0.0,0.0,0.0,0.0,0,0,0,0.3875579660146772,0.1682507043811392,0.1682507043811392,False,True
a098_i020,PAIRING_DESTROYED,10.0,1.0,16.0,16.0,20.0,20.0,0.0,0.0,5,5,0,0.6047737032205605,1.7402975858149454,1.7402975858149454,False,True
a098_i020,PAIRING_DESTROYED,30.0,1.0,20.0,20.0,24.0,24.0,4.0,4.0,6,6,0,0.3715905352502654,11.560116396974045,11.560116396974045,False,True
a098_i020,PAIRING_DESTROYED,100.0,1.0,60.0,60.0,64.0,64.0,44.0,44.0,16,16,0,0.012387223244864298,58.21109802326603,58.21109802326603,False,True
a098_i020,PAIRING_DESTROYED,300.0,1.0,72.0,72.0,76.0,76.0,56.0,56.0,19,19,0,0.20499365987177698,151.044673298968,151.044673298968,False,True
a098_i020,PAIRING_DESTROYED,1000.0,1.0,80.0,80.0,84.0,84.0,64.0,64.0,21,21,0,0.3972598763672496,289.345175614357,289.345175614357,False,True
a098_i020,PAIRING_DESTROYED,3000.0,1.0,92.0,92.0,96.0,96.0,76.0,76.0,24,24,0,0.2619592494958354,437.49558535672907,437.49558535672907,False,True
a098_i020,PAIRING_DESTROYED,10000.0,1.0,96.0,96.0,100.0,100.0,80.0,80.0,25,25,0,0.5090476078789257,618.6016398359443,618.6016398359443,False,True
a098_i020,PAIRING_DESTROYED,30000.0,1.0,100.0,100.0,104.0,104.0,84.0,84.0,26,26,0,0.977804448273551,794.0780440177402,794.0780440177402,False,True
a098_i020,PAIRING_DESTROYED,100000.0,1.0,100.0,100.0,104.0,104.0,84.0,84.0,26,26,0,0.753382758595011,991.4477112875811,991.4477112875811,False,True
a098_i020,PAIRING_DESTROYED,1000000.0,1.0,104.0,104.0,108.0,108.0,88.0,88.0,27,27,0,0.9962873961079812,1381.0908827546673,1381.0908827546673,False,True
a098_i050,DIRECT_PHYSICAL,1.0,1.0,-1.0,-1.0,0.0,0.0,0.0,0.0,0,0,0,0.9694667030930729,0.0007137407290151472,0.0007137407290151472,False,True
a098_i050,DIRECT_PHYSICAL,3.0,1.0,-1.0,-1.0,0.0,0.0,0.0,0.0,0,0,0,0.725200327837656,0.006414843978537358,0.006414843978537358,False,True
a098_i050,DIRECT_PHYSICAL,10.0,1.0,48.0,48.0,52.0,52.0,0.0,0.0,13,13,0,0.16208058344363496,0.07018608682513985,0.07018608682513985,False,True
a098_i050,DIRECT_PHYSICAL,30.0,1.0,56.0,56.0,60.0,60.0,4.0,4.0,15,15,0,0.6846132976402384,0.5599480770643442,0.5599480770643442,False,True
a098_i050,DIRECT_PHYSICAL,100.0,1.0,60.0,60.0,64.0,64.0,8.0,8.0,16,16,0,0.9675041025773434,3.138038061531065,3.138038061531065,False,True
a098_i050,DIRECT_PHYSICAL,300.0,1.0,60.0,60.0,64.0,64.0,8.0,8.0,16,16,0,0.7075369231960911,7.9915817128480935,7.9915817128480935,False,True
a098_i050,DIRECT_PHYSICAL,1000.0,1.0,64.0,64.0,68.0,68.0,12.0,12.0,17,17,0,0.9985438089303259,17.517129619411342,17.517129619411342,False,True
a098_i050,DIRECT_PHYSICAL,3000.0,1.0,64.0,64.0,68.0,68.0,12.0,12.0,17,17,0,0.9868942803729334,29.802982915900206,29.802982915900206,False,True
a098_i050,DIRECT_PHYSICAL,10000.0,1.0,64.0,64.0,68.0,68.0,12.0,12.0,17,17,0,0.8543808930325931,44.61959400356314,44.61959400356314,False,True
a098_i050,DIRECT_PHYSICAL,30000.0,1.0,68.0,68.0,72.0,72.0,16.0,16.0,18,18,0,0.3105719627066619,60.598244341506046,60.598244341506046,False,True
a098_i050,DIRECT_PHYSICAL,100000.0,1.0,68.0,68.0,72.0,72.0,16.0,16.0,18,18,0,0.9997597318602496,82.67486715441571,82.67486715441571,False,True
a098_i050,DIRECT_PHYSICAL,1000000.0,1.0,68.0,68.0,72.0,72.0,16.0,16.0,18,18,0,0.9759731860249612,128.55753430627723,128.55753430627723,False,True
a098_i050,RESOLVED_PHYSICAL,1.0,1.0,-1.0,-1.0,0.0,0.0,0.0,0.0,0,0,0,0.9693068213941392,0.006885954207871737,0.006885954207871737,False,True
a098_i050,RESOLVED_PHYSICAL,3.0,1.0,-1.0,-1.0,0.0,0.0,0.0,0.0,0,0,0,0.7237613925472524,0.06189597549389094,0.06189597549389094,False,True
a098_i050,RESOLVED_PHYSICAL,10.0,1.0,48.0,48.0,52.0,52.0,0.0,0.0,13,13,0,0.11816948795762217,0.6782053568093201,0.6782053568093201,False,True
a098_i050,RESOLVED_PHYSICAL,30.0,1.0,56.0,56.0,60.0,60.0,4.0,4.0,15,15,0,0.36871872175224185,5.497533488208731,5.497533488208731,False,True
a098_i050,RESOLVED_PHYSICAL,100.0,1.0,84.0,84.0,88.0,88.0,32.0,32.0,22,22,0,0.010698280107649172,34.633019318409964,34.633019318409964,False,True
a098_i050,RESOLVED_PHYSICAL,300.0,1.0,96.0,96.0,100.0,100.0,44.0,44.0,25,25,0,0.3993142363525066,98.36887822423994,98.36887822423994,False,True
a098_i050,RESOLVED_PHYSICAL,1000.0,1.0,108.0,108.0,112.0,112.0,56.0,56.0,28,28,0,0.06417462721945211,199.64820026179592,199.64820026179592,False,True
a098_i050,RESOLVED_PHYSICAL,3000.0,1.0,116.0,116.0,120.0,120.0,64.0,64.0,30,30,0,0.6321940434745239,314.4985727257068,314.4985727257068,False,True
a098_i050,RESOLVED_PHYSICAL,10000.0,1.0,120.0,120.0,124.0,124.0,68.0,68.0,31,31,0,0.9280727462552019,456.56696834724653,456.56696834724653,False,True
a098_i050,RESOLVED_PHYSICAL,30000.0,1.0,120.0,120.0,124.0,124.0,68.0,68.0,31,31,0,0.3526547162968162,593.4102337306097,593.4102337306097,False,True
a098_i050,RESOLVED_PHYSICAL,100000.0,1.0,124.0,124.0,128.0,128.0,72.0,72.0,32,32,0,0.9957846484472899,748.9974180367244,748.9974180367244,False,True
a098_i050,RESOLVED_PHYSICAL,1000000.0,1.0,124.0,124.0,128.0,128.0,72.0,72.0,32,32,0,0.5784648447289849,1053.8000877229867,1053.8000877229867,False,True
a098_i050,UNRESOLVED_IMAGE,1.0,1.0,-1.0,-1.0,0.0,0.0,0.0,0.0,0,0,0,0.9701419741079648,0.0008712396860428327,0.0008712396860428327,False,True
a098_i050,UNRESOLVED_IMAGE,3.0,1.0,-1.0,-1.0,0.0,0.0,0.0,0.0,0,0,0,0.731277766971683,0.007832031598687958,0.007832031598687958,False,True
a098_i050,UNRESOLVED_IMAGE,10.0,1.0,48.0,48.0,52.0,52.0,0.0,0.0,13,13,0,0.1738865058956356,0.08589545170912245,0.08589545170912245,False,True
a098_i050,UNRESOLVED_IMAGE,30.0,1.0,56.0,56.0,60.0,60.0,4.0,4.0,15,15,0,0.6799171400435232,0.6990036168128664,0.6990036168128664,False,True
a098_i050,UNRESOLVED_IMAGE,100.0,1.0,60.0,60.0,64.0,64.0,8.0,8.0,16,16,0,0.8831189662992399,4.581010750003226,4.581010750003226,False,True
a098_i050,UNRESOLVED_IMAGE,300.0,1.0,64.0,64.0,68.0,68.0,12.0,12.0,17,17,0,0.051929303306840424,18.329240229070116,18.329240229070116,False,True
a098_i050,UNRESOLVED_IMAGE,1000.0,1.0,88.0,88.0,92.0,92.0,36.0,36.0,23,23,0,0.06578507993435945,65.51551030658769,65.51551030658769,False,True
a098_i050,UNRESOLVED_IMAGE,3000.0,1.0,96.0,96.0,100.0,100.0,44.0,44.0,25,25,0,0.18758218858756337,139.39871406868292,139.39871406868292,False,True
a098_i050,UNRESOLVED_IMAGE,10000.0,1.0,104.0,104.0,108.0,108.0,52.0,52.0,27,27,0,0.44535556748705507,239.55223206579848,239.55223206579848,False,True
a098_i050,UNRESOLVED_IMAGE,30000.0,1.0,108.0,108.0,112.0,112.0,56.0,56.0,28,28,0,0.3402190799304985,343.6855464664354,343.6855464664354,False,True
a098_i050,UNRESOLVED_IMAGE,100000.0,1.0,116.0,116.0,120.0,120.0,64.0,64.0,30,30,0,0.48739944584337724,473.82465216013054,473.82465216013054,False,True
a098_i050,UNRESOLVED_IMAGE,1000000.0,1.0,120.0,120.0,124.0,124.0,68.0,68.0,31,31,0,0.07289228663197012,755.4894331704897,755.4894331704897,False,True
a098_i050,TOTAL_FLUX,1.0,1.0,-1.0,-1.0,0.0,0.0,0.0,0.0,0,0,0,0.9946729206756921,0.0005263786513697784,0.0005263786513697784,False,True
a098_i050,TOTAL_FLUX,3.0,1.0,-1.0,-1.0,0.0,0.0,0.0,0.0,0,0,0,0.9520562860812293,0.004736788599049,0.004736788599049,False,True
a098_i050,TOTAL_FLUX,10.0,1.0,-1.0,-1.0,0.0,0.0,0.0,0.0,0,0,0,0.46729206756921404,0.052552956412605344,0.052552956412605344,False,True
a098_i050,TOTAL_FLUX,30.0,1.0,52.0,52.0,56.0,56.0,0.0,0.0,14,14,0,0.15803195357264688,0.4669676732936553,0.4669676732936553,False,True
a098_i050,TOTAL_FLUX,100.0,1.0,56.0,56.0,60.0,60.0,4.0,4.0,15,15,0,0.33706347656321045,4.594929181396892,4.594929181396892,False,True
a098_i050,TOTAL_FLUX,300.0,1.0,72.0,72.0,76.0,76.0,20.0,20.0,19,19,0,0.0031304048963198827,24.669124329904847,24.669124329904847,False,True
a098_i050,TOTAL_FLUX,1000.0,1.0,88.0,88.0,92.0,92.0,36.0,36.0,23,23,0,0.15938284578589912,79.72243844598657,79.72243844598657,False,True
a098_i050,TOTAL_FLUX,3000.0,1.0,96.0,96.0,100.0,100.0,44.0,44.0,25,25,0,0.5243469496996467,154.44484794797972,154.44484794797972,False,True
a098_i050,TOTAL_FLUX,10000.0,1.0,108.0,108.0,112.0,112.0,56.0,56.0,28,28,0,0.09523157568608287,257.3799817327887,257.3799817327887,False,True
a098_i050,TOTAL_FLUX,30000.0,1.0,112.0,112.0,116.0,116.0,60.0,60.0,29,29,0,0.2633954163497374,369.91322808270536,369.91322808270536,False,True
a098_i050,TOTAL_FLUX,100000.0,1.0,116.0,116.0,120.0,120.0,64.0,64.0,30,30,0,0.2521318836247485,507.17449255486883,507.17449255486883,False,True
a098_i050,TOTAL_FLUX,1000000.0,1.0,120.0,120.0,124.0,124.0,68.0,68.0,31,31,0,0.008135592379060141,791.4628690295704,791.4628690295704,False,True
a098_i050,DELAY_ONLY,1.0,1.0,-1.0,-1.0,0.0,0.0,0.0,0.0,0,0,0,0.9693068213941392,0.006885954207871737,0.006885954207871737,False,True
a098_i050,DELAY_ONLY,3.0,1.0,-1.0,-1.0,0.0,0.0,0.0,0.0,0,0,0,0.7237613925472524,0.06189597549389094,0.06189597549389094,False,True
a098_i050,DELAY_ONLY,10.0,1.0,48.0,48.0,52.0,52.0,0.0,0.0,13,13,0,0.11816948795762217,0.6782053568093201,0.6782053568093201,False,True
a098_i050,DELAY_ONLY,30.0,1.0,56.0,56.0,60.0,60.0,4.0,4.0,15,15,0,0.36871872175224185,5.497533488208731,5.497533488208731,False,True
a098_i050,DELAY_ONLY,100.0,1.0,84.0,84.0,88.0,88.0,32.0,32.0,22,22,0,0.010698280107649172,34.633019318409964,34.633019318409964,False,True
a098_i050,DELAY_ONLY,300.0,1.0,96.0,96.0,100.0,100.0,44.0,44.0,25,25,0,0.3993142363525066,98.36887822423994,98.36887822423994,False,True
a098_i050,DELAY_ONLY,1000.0,1.0,108.0,108.0,112.0,112.0,56.0,56.0,28,28,0,0.06417462721945211,199.64820026179592,199.64820026179592,False,True
a098_i050,DELAY_ONLY,3000.0,1.0,116.0,116.0,120.0,120.0,64.0,64.0,30,30,0,0.6321940434745239,314.4985727257068,314.4985727257068,False,True
a098_i050,DELAY_ONLY,10000.0,1.0,120.0,120.0,124.0,124.0,68.0,68.0,31,31,0,0.9280727462552019,456.56696834724653,456.56696834724653,False,True
a098_i050,DELAY_ONLY,30000.0,1.0,120.0,120.0,124.0,124.0,68.0,68.0,31,31,0,0.3526547162968162,593.4102337306097,593.4102337306097,False,True
a098_i050,DELAY_ONLY,100000.0,1.0,124.0,124.0,128.0,128.0,72.0,72.0,32,32,0,0.9957846484472899,748.9974180367244,748.9974180367244,False,True
a098_i050,DELAY_ONLY,1000000.0,1.0,124.0,124.0,128.0,128.0,72.0,72.0,32,32,0,0.5784648447289849,1053.8000877229867,1053.8000877229867,False,True
a098_i050,SPATIAL_ONLY,1.0,1.0,-1.0,-1.0,0.0,0.0,0.0,0.0,0,0,0,0.9691143725948688,0.0007230108016148049,0.0007230108016148049,False,True
a098_i050,SPATIAL_ONLY,3.0,1.0,-1.0,-1.0,0.0,0.0,0.0,0.0,0,0,0,0.7220293533538188,0.0064980625744596714,0.0064980625744596714,False,True
a098_i050,SPATIAL_ONLY,10.0,1.0,48.0,48.0,52.0,52.0,0.0,0.0,13,13,0,0.15333236398624228,0.07108483881406573,0.07108483881406573,False,True
a098_i050,SPATIAL_ONLY,30.0,1.0,56.0,56.0,60.0,60.0,4.0,4.0,15,15,0,0.6808442114802669,0.5664758012770287,0.5664758012770287,False,True
a098_i050,SPATIAL_ONLY,100.0,1.0,60.0,60.0,64.0,64.0,8.0,8.0,16,16,0,0.9652944506202406,3.1652326376867745,3.1652326376867745,False,True
a098_i050,SPATIAL_ONLY,300.0,1.0,60.0,60.0,64.0,64.0,8.0,8.0,16,16,0,0.6876500555821645,8.07690126400143,8.07690126400143,False,True
a098_i050,SPATIAL_ONLY,1000.0,1.0,64.0,64.0,68.0,68.0,12.0,12.0,17,17,0,0.9951908337824936,17.75695998776764,17.75695998776764,False,True
a098_i050,SPATIAL_ONLY,3000.0,1.0,64.0,64.0,68.0,68.0,12.0,12.0,17,17,0,0.9567175040424427,30.198922091147338,30.198922091147338,False,True
a098_i050,SPATIAL_ONLY,10000.0,1.0,64.0,64.0,68.0,68.0,12.0,12.0,17,17,0,0.519083378249364,45.93332590186413,45.93332590186413,False,True
a098_i050,SPATIAL_ONLY,30000.0,1.0,68.0,68.0,72.0,72.0,16.0,16.0,18,18,0,0.9982972132329333,64.23388958383586,64.23388958383586,False,True
a098_i050,SPATIAL_ONLY,100000.0,1.0,68.0,68.0,72.0,72.0,16.0,16.0,18,18,0,0.9810801470325928,87.63122622774758,87.63122622774758,False,True
a098_i050,SPATIAL_ONLY,1000000.0,1.0,72.0,72.0,76.0,76.0,20.0,20.0,19,19,0,0.8919852967407189,137.77424316732632,137.77424316732632,False,True
a098_i050,EQUALIZED_ORDER_SENSITIVITY,1.0,1.0,-1.0,-1.0,0.0,0.0,0.0,0.0,0,0,0,0.9210283581550018,1.6355423017211135,1.6355423017211135,False,True
a098_i050,EQUALIZED_ORDER_SENSITIVITY,3.0,1.0,-1.0,-1.0,0.0,0.0,0.0,0.0,0,0,0,0.2892552233950163,12.407864659845886,12.407864659845886,False,True
a098_i050,EQUALIZED_ORDER_SENSITIVITY,10.0,1.0,96.0,96.0,100.0,100.0,44.0,44.0,25,25,0,0.04860658656499495,64.15285420459429,64.15285420459429,False,True
a098_i050,EQUALIZED_ORDER_SENSITIVITY,30.0,1.0,112.0,112.0,116.0,116.0,60.0,60.0,29,29,0,0.45902416416775527,158.65911409878004,158.65911409878004,False,True
a098_i050,EQUALIZED_ORDER_SENSITIVITY,100.0,1.0,120.0,120.0,124.0,124.0,68.0,68.0,31,31,0,0.3130604148898084,292.5071578602949,292.5071578602949,False,True
a098_i050,EQUALIZED_ORDER_SENSITIVITY,300.0,1.0,120.0,120.0,124.0,124.0,68.0,68.0,31,31,0,0.7854433072130425,426.4111680373908,426.4111680373908,False,True
a098_i050,EQUALIZED_ORDER_SENSITIVITY,1000.0,1.0,124.0,124.0,128.0,128.0,72.0,72.0,32,32,0,0.998602860156932,579.3857376219319,579.3857376219319,False,True
a098_i050,EQUALIZED_ORDER_SENSITIVITY,3000.0,1.0,124.0,124.0,128.0,128.0,72.0,72.0,32,32,0,0.9874257414123883,723.1898304420793,723.1898304420793,False,True
a098_i050,EQUALIZED_ORDER_SENSITIVITY,10000.0,1.0,124.0,124.0,128.0,128.0,72.0,72.0,32,32,0,0.8602860156932031,882.4175433525312,882.4175433525312,False,True
a098_i050,EQUALIZED_ORDER_SENSITIVITY,30000.0,1.0,128.0,128.0,132.0,132.0,76.0,76.0,33,33,0,0.2574258587611724,1030.1529709688139,1030.1529709688139,False,True
a098_i050,EQUALIZED_ORDER_SENSITIVITY,100000.0,1.0,128.0,128.0,132.0,132.0,76.0,76.0,33,33,0,0.9997582795556731,1196.6441869768303,1196.6441869768303,False,True
a098_i050,EQUALIZED_ORDER_SENSITIVITY,1000000.0,1.0,128.0,128.0,132.0,132.0,76.0,76.0,33,33,0,0.9758279555673091,1518.8268456142137,1518.8268456142137,False,True
a098_i050,PAIRING_DESTROYED,1.0,1.0,-1.0,-1.0,0.0,0.0,0.0,0.0,0,0,0,0.9675383482386879,0.0040431045886596025,0.0040431045886596025,False,True
a098_i050,PAIRING_DESTROYED,3.0,1.0,-1.0,-1.0,0.0,0.0,0.0,0.0,0,0,0,0.7078451341481908,0.036343051885651206,0.036343051885651206,False,True
a098_i050,PAIRING_DESTROYED,10.0,1.0,48.0,48.0,52.0,52.0,0.0,0.0,13,13,0,0.057670059291461295,0.39833150646283316,0.39833150646283316,False,True
a098_i050,PAIRING_DESTROYED,30.0,1.0,56.0,56.0,60.0,60.0,4.0,4.0,15,15,0,0.38775701633646975,3.248733781121556,3.248733781121556,False,True
a098_i050,PAIRING_DESTROYED,100.0,1.0,72.0,72.0,76.0,76.0,20.0,20.0,19,19,0,0.07273426507595637,22.214326015906455,22.214326015906455,False,True
a098_i050,PAIRING_DESTROYED,300.0,1.0,92.0,92.0,96.0,96.0,40.0,40.0,24,24,0,0.09030758700053565,72.77854468946819,72.77854468946819,False,True
a098_i050,PAIRING_DESTROYED,1000.0,1.0,104.0,104.0,108.0,108.0,52.0,52.0,27,27,0,0.09881997920229157,165.39602002468177,165.39602002468177,False,True
a098_i050,PAIRING_DESTROYED,3000.0,1.0,116.0,116.0,120.0,120.0,64.0,64.0,30,30,0,0.32699706488379654,276.79413773501517,276.79413773501517,False,True
a098_i050,PAIRING_DESTROYED,10000.0,1.0,116.0,116.0,120.0,120.0,64.0,64.0,30,30,0,0.8322236280845324,413.4202885034558,413.4202885034558,False,True
a098_i050,PAIRING_DESTROYED,30000.0,1.0,120.0,120.0,124.0,124.0,68.0,68.0,31,31,0,0.509987347239208,543.5414332672447,543.5414332672447,False,True
a098_i050,PAIRING_DESTROYED,100000.0,1.0,120.0,120.0,124.0,124.0,68.0,68.0,31,31,0,0.9900027775011342,691.0247462491327,691.0247462491327,False,True
a098_i050,PAIRING_DESTROYED,1000000.0,1.0,120.0,120.0,124.0,124.0,68.0,68.0,31,31,0,0.00027775011342290323,979.0450933724683,979.0450933724683,False,True
a098_i075,DIRECT_PHYSICAL,1.0,1.0,-1.0,-1.0,0.0,0.0,0.0,0.0,0,0,0,0.9775178689603661,0.0006007277373621038,0.0006007277373621038,False,True
a098_i075,DIRECT_PHYSICAL,3.0,1.0,-1.0,-1.0,0.0,0.0,0.0,0.0,0,0,0,0.797660820643295,0.005400483207485136,0.005400483207485136,False,True
a098_i075,DIRECT_PHYSICAL,10.0,1.0,124.0,124.0,92.0,92.0,0.0,0.0,23,23,0,0.00588921935549247,0.05925301383370107,0.05925301383370107,False,True
a098_i075,DIRECT_PHYSICAL,30.0,1.0,136.0,136.0,120.0,120.0,0.0,0.0,30,30,0,0.3930613703812109,0.4823280002529067,0.4823280002529067,False,True
a098_i075,DIRECT_PHYSICAL,100.0,1.0,140.0,140.0,128.0,128.0,4.0,4.0,32,32,0,0.9503304798830468,2.9183874535090117,2.9183874535090117,False,True
a098_i075,DIRECT_PHYSICAL,300.0,1.0,140.0,140.0,128.0,128.0,4.0,4.0,32,32,0,0.5529743189474207,8.081558030048761,8.081558030048761,False,True
a098_i075,DIRECT_PHYSICAL,1000.0,1.0,144.0,144.0,136.0,136.0,8.0,8.0,34,34,0,0.9950908177120132,18.50993847332261,18.50993847332261,False,True
a098_i075,DIRECT_PHYSICAL,3000.0,1.0,144.0,144.0,136.0,136.0,8.0,8.0,34,34,0,0.9558173594081194,31.161180240104052,31.161180240104052,False,True
a098_i075,DIRECT_PHYSICAL,10000.0,1.0,144.0,144.0,136.0,136.0,8.0,8.0,34,34,0,0.509081771201326,46.68060430654436,46.68060430654436,False,True
a098_i075,DIRECT_PHYSICAL,30000.0,1.0,148.0,148.0,144.0,144.0,12.0,12.0,36,36,0,0.9998464916388077,64.5113136161217,64.5113136161217,False,True
a098_i075,DIRECT_PHYSICAL,100000.0,1.0,148.0,148.0,144.0,144.0,12.0,12.0,36,36,0,0.9982943515423081,87.67082154588448,87.67082154588448,False,True
a098_i075,DIRECT_PHYSICAL,1000000.0,1.0,148.0,148.0,144.0,144.0,12.0,12.0,36,36,0,0.8294351542308054,134.00936030472306,134.00936030472306,False,True
a098_i075,RESOLVED_PHYSICAL,1.0,1.0,-1.0,-1.0,0.0,0.0,0.0,0.0,0,0,0,0.9768290137149163,0.0029274589180738764,0.0029274589180738764,False,True
a098_i075,RESOLVED_PHYSICAL,3.0,1.0,-1.0,-1.0,0.0,0.0,0.0,0.0,0,0,0,0.7914611234342459,0.026298993597960108,0.026298993597960108,False,True
a098_i075,RESOLVED_PHYSICAL,10.0,1.0,124.0,124.0,92.0,92.0,0.0,0.0,23,23,0,0.00588921935549247,0.2863656169010105,0.2863656169010105,False,True
a098_i075,RESOLVED_PHYSICAL,30.0,1.0,136.0,136.0,120.0,120.0,0.0,0.0,30,30,0,0.3439506653222282,2.2322585841417757,2.2322585841417757,False,True
a098_i075,RESOLVED_PHYSICAL,100.0,1.0,144.0,144.0,132.0,132.0,8.0,8.0,33,33,0,0.15247742465033598,12.945092900193355,12.945092900193355,False,True
a098_i075,RESOLVED_PHYSICAL,300.0,1.0,152.0,152.0,140.0,140.0,16.0,16.0,35,35,0,0.20590337194640096,38.08540387459643,38.08540387459643,False,True
a098_i075,RESOLVED_PHYSICAL,1000.0,1.0,164.0,164.0,156.0,156.0,28.0,28.0,39,39,0,0.38564254531666575,88.9312059530341,88.9312059530341,False,True
a098_i075,RESOLVED_PHYSICAL,3000.0,1.0,176.0,176.0,168.0,168.0,40.0,40.0,42,42,0,0.3336920116803499,158.7861923643489,158.7861923643489,False,True
a098_i075,RESOLVED_PHYSICAL,10000.0,1.0,180.0,180.0,172.0,172.0,44.0,44.0,43,43,0,0.509081771201326,254.73420801933764,254.73420801933764,False,True
a098_i075,RESOLVED_PHYSICAL,30000.0,1.0,184.0,184.0,180.0,180.0,48.0,48.0,45,45,0,0.9895164992606088,351.2533050789286,351.2533050789286,False,True
a098_i075,RESOLVED_PHYSICAL,100000.0,1.0,184.0,184.0,180.0,180.0,48.0,48.0,45,45,0,0.8835166584512086,461.52736143867463,461.52736143867463,False,True
a098_i075,RESOLVED_PHYSICAL,1000000.0,1.0,188.0,188.0,184.0,184.0,52.0,52.0,46,46,0,0.8294351542308054,682.9815757022542,682.9815757022542,False,True
a098_i075,UNRESOLVED_IMAGE,1.0,1.0,-1.0,-1.0,0.0,0.0,0.0,0.0,0,0,0,0.9790131449160827,0.0007444717865648162,0.0007444717865648162,False,True
a098_i075,UNRESOLVED_IMAGE,3.0,1.0,-1.0,-1.0,0.0,0.0,0.0,0.0,0,0,0,0.8111183042447445,0.006693394303815011,0.006693394303815011,False,True
a098_i075,UNRESOLVED_IMAGE,10.0,1.0,120.0,120.0,84.0,84.0,0.0,0.0,21,21,0,0.035203822979755106,0.07352198894565327,0.07352198894565327,False,True
a098_i075,UNRESOLVED_IMAGE,30.0,1.0,136.0,136.0,120.0,120.0,0.0,0.0,30,30,0,0.2873944831037001,0.6045342956934836,0.6045342956934836,False,True
a098_i075,UNRESOLVED_IMAGE,100.0,1.0,140.0,140.0,128.0,128.0,4.0,4.0,32,32,0,0.7602033291187681,4.008100347300571,4.008100347300571,False,True
a098_i075,UNRESOLVED_IMAGE,300.0,1.0,144.0,144.0,132.0,132.0,8.0,8.0,33,33,0,0.4039620611236141,13.9231068744607,13.9231068744607,False,True
a098_i075,UNRESOLVED_IMAGE,1000.0,1.0,152.0,152.0,144.0,144.0,16.0,16.0,36,36,0,0.1377273024751846,38.747968005671304,38.747968005671304,False,True
a098_i075,UNRESOLVED_IMAGE,3000.0,1.0,160.0,160.0,152.0,152.0,24.0,24.0,38,38,0,0.7843378301578743,77.53090530814092,77.53090530814092,False,True
a098_i075,UNRESOLVED_IMAGE,10000.0,1.0,164.0,164.0,156.0,156.0,28.0,28.0,39,39,0,0.5479612142848888,133.59012821893384,133.59012821893384,False,True
a098_i075,UNRESOLVED_IMAGE,30000.0,1.0,168.0,168.0,164.0,164.0,32.0,32.0,41,41,0,0.2752925260927648,195.8546917855621,195.8546917855621,False,True
a098_i075,UNRESOLVED_IMAGE,100000.0,1.0,180.0,180.0,176.0,176.0,44.0,44.0,44,44,0,0.6231047990309755,282.0000923989091,282.0000923989091,False,True
a098_i075,UNRESOLVED_IMAGE,1000000.0,1.0,184.0,184.0,180.0,180.0,48.0,48.0,45,45,0,0.8430104929146007,481.3081842516483,481.3081842516483,False,True
a098_i075,TOTAL_FLUX,1.0,1.0,-1.0,-1.0,0.0,0.0,0.0,0.0,0,0,0,0.997315097955598,0.00016881025475870822,0.00016881025475870822,False,True
a098_i075,TOTAL_FLUX,3.0,1.0,-1.0,-1.0,0.0,0.0,0.0,0.0,0,0,0,0.9758358816003818,0.0015191073657446622,0.0015191073657446622,False,True
a098_i075,TOTAL_FLUX,10.0,1.0,-1.0,-1.0,0.0,0.0,0.0,0.0,0,0,0,0.7315097955597973,0.016855657967457808,0.016855657967457808,False,True
a098_i075,TOTAL_FLUX,30.0,1.0,124.0,124.0,52.0,52.0,0.0,0.0,13,13,0,0.0033295556847314778,0.14989790378239717,0.14989790378239717,False,True
a098_i075,TOTAL_FLUX,100.0,1.0,136.0,136.0,116.0,116.0,0.0,0.0,29,29,0,0.24372251952057944,1.4821342849847279,1.4821342849847279,False,True
a098_i075,TOTAL_FLUX,300.0,1.0,144.0,144.0,128.0,128.0,8.0,8.0,32,32,0,0.4161425845053861,7.97875927495177,7.97875927495177,False,True
a098_i075,TOTAL_FLUX,1000.0,1.0,148.0,148.0,136.0,136.0,12.0,12.0,34,34,0,0.7722490125992371,26.162112669301926,26.162112669301926,False,True
a098_i075,TOTAL_FLUX,3000.0,1.0,152.0,152.0,140.0,140.0,16.0,16.0,35,35,0,0.34648566844121376,53.87937048132366,53.87937048132366,False,True
a098_i075,TOTAL_FLUX,10000.0,1.0,164.0,164.0,156.0,156.0,28.0,28.0,39,39,0,0.08350617420348971,101.56916146679157,101.56916146679157,False,True
a098_i075,TOTAL_FLUX,30000.0,1.0,168.0,168.0,160.0,160.0,32.0,32.0,40,40,0,0.2090843846444359,162.37231312232095,162.37231312232095,False,True
a098_i075,TOTAL_FLUX,100000.0,1.0,180.0,180.0,172.0,172.0,44.0,44.0,43,43,0,0.12361509952013705,247.81772952680706,247.81772952680706,False,True
a098_i075,TOTAL_FLUX,1000000.0,1.0,184.0,184.0,180.0,180.0,48.0,48.0,45,45,0,0.9917812460776215,443.58499332836215,443.58499332836215,False,True
a098_i075,DELAY_ONLY,1.0,1.0,-1.0,-1.0,0.0,0.0,0.0,0.0,0,0,0,0.9768290137149163,0.0029274589180738764,0.0029274589180738764,False,True
a098_i075,DELAY_ONLY,3.0,1.0,-1.0,-1.0,0.0,0.0,0.0,0.0,0,0,0,0.7914611234342459,0.026298993597960108,0.026298993597960108,False,True
a098_i075,DELAY_ONLY,10.0,1.0,124.0,124.0,92.0,92.0,0.0,0.0,23,23,0,0.00588921935549247,0.2863656169010105,0.2863656169010105,False,True
a098_i075,DELAY_ONLY,30.0,1.0,136.0,136.0,120.0,120.0,0.0,0.0,30,30,0,0.3439506653222282,2.2322585841417757,2.2322585841417757,False,True
a098_i075,DELAY_ONLY,100.0,1.0,144.0,144.0,132.0,132.0,8.0,8.0,33,33,0,0.15247742465033598,12.945092900193355,12.945092900193355,False,True
a098_i075,DELAY_ONLY,300.0,1.0,152.0,152.0,140.0,140.0,16.0,16.0,35,35,0,0.20590337194640096,38.08540387459643,38.08540387459643,False,True
a098_i075,DELAY_ONLY,1000.0,1.0,164.0,164.0,156.0,156.0,28.0,28.0,39,39,0,0.38564254531666575,88.9312059530341,88.9312059530341,False,True
a098_i075,DELAY_ONLY,3000.0,1.0,176.0,176.0,168.0,168.0,40.0,40.0,42,42,0,0.3336920116803499,158.7861923643489,158.7861923643489,False,True
a098_i075,DELAY_ONLY,10000.0,1.0,180.0,180.0,172.0,172.0,44.0,44.0,43,43,0,0.509081771201326,254.73420801933764,254.73420801933764,False,True
a098_i075,DELAY_ONLY,30000.0,1.0,184.0,184.0,180.0,180.0,48.0,48.0,45,45,0,0.9895164992606088,351.2533050789286,351.2533050789286,False,True
a098_i075,DELAY_ONLY,100000.0,1.0,184.0,184.0,180.0,180.0,48.0,48.0,45,45,0,0.8835166584512086,461.52736143867463,461.52736143867463,False,True
a098_i075,DELAY_ONLY,1000000.0,1.0,188.0,188.0,184.0,184.0,52.0,52.0,46,46,0,0.8294351542308054,682.9815757022542,682.9815757022542,False,True
a098_i075,SPATIAL_ONLY,1.0,1.0,-1.0,-1.0,0.0,0.0,0.0,0.0,0,0,0,0.9766579911696652,0.0006325702465450695,0.0006325702465450695,False,True
a098_i075,SPATIAL_ONLY,3.0,1.0,-1.0,-1.0,0.0,0.0,0.0,0.0,0,0,0,0.789921920526987,0.0056864055304242135,0.0056864055304242135,False,True
a098_i075,SPATIAL_ONLY,10.0,1.0,124.0,124.0,92.0,92.0,0.0,0.0,23,23,0,0.05343282898403712,0.06234887023233494,0.06234887023233494,False,True
a098_i075,SPATIAL_ONLY,30.0,1.0,136.0,136.0,120.0,120.0,0.0,0.0,30,30,0,0.4612625056097295,0.5051200741348421,0.5051200741348421,False,True
a098_i075,SPATIAL_ONLY,100.0,1.0,140.0,140.0,128.0,128.0,4.0,4.0,32,32,0,0.9477761648972536,3.005553503837181,3.005553503837181,False,True
a098_i075,SPATIAL_ONLY,300.0,1.0,140.0,140.0,128.0,128.0,4.0,4.0,32,32,0,0.5299854840752817,8.24437392037286,8.24437392037286,False,True
a098_i075,SPATIAL_ONLY,1000.0,1.0,144.0,144.0,136.0,136.0,8.0,8.0,34,34,0,0.994834873058224,18.78142151964036,18.78142151964036,False,True
a098_i075,SPATIAL_ONLY,3000.0,1.0,144.0,144.0,136.0,136.0,8.0,8.0,34,34,0,0.9535138575240162,31.467365260415367,31.467365260415367,False,True
a098_i075,SPATIAL_ONLY,10000.0,1.0,144.0,144.0,136.0,136.0,8.0,8.0,34,34,0,0.4834873058224016,47.0380281269474,47.0380281269474,False,True
a098_i075,SPATIAL_ONLY,30000.0,1.0,148.0,148.0,144.0,144.0,12.0,12.0,36,36,0,0.9998383855207066,64.9647697850888,64.9647697850888,False,True
a098_i075,SPATIAL_ONLY,100000.0,1.0,148.0,148.0,144.0,144.0,12.0,12.0,36,36,0,0.9982042835634068,88.1623822601411,88.1623822601411,False,True
a098_i075,SPATIAL_ONLY,1000000.0,1.0,148.0,148.0,144.0,144.0,12.0,12.0,36,36,0,0.8204283563406829,134.52238451699873,134.52238451699873,False,True
a098_i075,EQUALIZED_ORDER_SENSITIVITY,1.0,1.0,-1.0,-1.0,0.0,0.0,0.0,0.0,0,0,0,0.9127209197110739,0.3256423587769127,0.3256423587769127,False,True
a098_i075,EQUALIZED_ORDER_SENSITIVITY,3.0,1.0,-1.0,-1.0,0.0,0.0,0.0,0.0,0,0,0,0.2144882773996658,2.731986386801381,2.731986386801381,False,True
a098_i075,EQUALIZED_ORDER_SENSITIVITY,10.0,1.0,148.0,148.0,116.0,116.0,12.0,12.0,29,29,0,0.00588921935549247,19.453063582319718,19.453063582319718,False,True
a098_i075,EQUALIZED_ORDER_SENSITIVITY,30.0,1.0,164.0,164.0,148.0,148.0,28.0,28.0,37,37,0,0.01807774276725882,63.97032417463808,63.97032417463808,False,True
a098_i075,EQUALIZED_ORDER_SENSITIVITY,100.0,1.0,180.0,180.0,168.0,168.0,44.0,44.0,42,42,0,0.3175035008946019,144.69428656911168,144.69428656911168,False,True
a098_i075,EQUALIZED_ORDER_SENSITIVITY,300.0,1.0,180.0,180.0,168.0,168.0,44.0,44.0,42,42,0,0.2817688097232548,234.96081751184497,234.96081751184497,False,True
a098_i075,EQUALIZED_ORDER_SENSITIVITY,1000.0,1.0,184.0,184.0,176.0,176.0,48.0,48.0,44,44,0,0.9792707739245159,342.2529718696644,342.2529718696644,False,True
a098_i075,EQUALIZED_ORDER_SENSITIVITY,3000.0,1.0,184.0,184.0,176.0,176.0,48.0,48.0,44,44,0,0.8134369653206426,443.46267603444744,443.46267603444744,False,True
a098_i075,EQUALIZED_ORDER_SENSITIVITY,10000.0,1.0,188.0,188.0,180.0,180.0,52.0,52.0,45,45,0,0.509081771201326,557.979258594474,557.979258594474,False,True
a098_i075,EQUALIZED_ORDER_SENSITIVITY,30000.0,1.0,188.0,188.0,184.0,184.0,52.0,52.0,46,46,0,0.9985741398175298,666.4747978551005,666.4747978551005,False,True
a098_i075,EQUALIZED_ORDER_SENSITIVITY,100000.0,1.0,188.0,188.0,184.0,184.0,52.0,52.0,46,46,0,0.9841571090836646,786.7390864511747,786.7390864511747,False,True
a098_i075,EQUALIZED_ORDER_SENSITIVITY,1000000.0,1.0,192.0,192.0,188.0,188.0,56.0,56.0,47,47,0,0.5842890916335428,1020.7134244461944,1020.7134244461944,False,True
a098_i075,PAIRING_DESTROYED,1.0,1.0,-1.0,-1.0,0.0,0.0,0.0,0.0,0,0,0,0.9750655416897228,0.0020502226572906845,0.0020502226572906845,False,True
a098_i075,PAIRING_DESTROYED,3.0,1.0,-1.0,-1.0,0.0,0.0,0.0,0.0,0,0,0,0.775589875207505,0.018420945955619848,0.018420945955619848,False,True
a098_i075,PAIRING_DESTROYED,10.0,1.0,124.0,124.0,88.0,88.0,0.0,0.0,22,22,0,0.019830477075357567,0.20089495713115257,0.20089495713115257,False,True
a098_i075,PAIRING_DESTROYED,30.0,1.0,136.0,136.0,120.0,120.0,0.0,0.0,30,30,0,0.4365902246102632,1.5814916667795176,1.5814916667795176,False,True
a098_i075,PAIRING_DESTROYED,100.0,1.0,144.0,144.0,132.0,132.0,8.0,8.0,33,33,0,0.35295706896784584,9.609449879991876,9.609449879991876,False,True
a098_i075,PAIRING_DESTROYED,300.0,1.0,148.0,148.0,136.0,136.0,12.0,12.0,34,34,0,0.162097339737588,30.15517465616882,30.15517465616882,False,True
a098_i075,PAIRING_DESTROYED,1000.0,1.0,160.0,160.0,152.0,152.0,24.0,24.0,38,38,0,0.40714516584251037,73.743426365158,73.743426365158,False,True
a098_i075,PAIRING_DESTROYED,3000.0,1.0,176.0,176.0,168.0,168.0,40.0,40.0,42,42,0,0.3570849871608939,136.80862461834215,136.80862461834215,False,True
a098_i075,PAIRING_DESTROYED,10000.0,1.0,180.0,180.0,172.0,172.0,44.0,44.0,43,43,0,0.2411284378856744,228.65553489138668,228.65553489138668,False,True
a098_i075,PAIRING_DESTROYED,30000.0,1.0,184.0,184.0,180.0,180.0,48.0,48.0,45,45,0,0.5468024367842046,322.72447630925615,322.72447630925615,False,True
a098_i075,PAIRING_DESTROYED,100000.0,1.0,184.0,184.0,180.0,180.0,48.0,48.0,45,45,0,0.9716192903033521,431.6618470915548,431.6618470915548,False,True
a098_i075,PAIRING_DESTROYED,1000000.0,1.0,188.0,188.0,184.0,184.0,52.0,52.0,46,46,0,0.7296002617332551,648.5283866794795,648.5283866794795,False,True
