run_id,arm,space,kind,index,singular_value,source_separation,data_separation,data_separation_relative,mahalanobis_pair_distance
E2_20260825T013044Z_2ba66f02,direct_only|constant|rotation_shear,restricted,exact_null,0,0.0,1.999999999999999,5.695593618036373e-16,1.3381597067618453e-16,5.695593618036373e-16
E2_20260825T013044Z_2ba66f02,direct_only|constant|rotation_shear,restricted,exact_null,1,0.0,2.0,6.379733057602203e-16,1.498895864084328e-16,6.379733057602203e-16
E2_20260825T013044Z_2ba66f02,direct_only|constant|rotation_shear,restricted,exact_null,2,0.0,2.0,4.2620942791125684e-16,1.0013640742674542e-16,4.2620942791125684e-16
E2_20260825T013044Z_2ba66f02,direct_only|constant|rotation_shear,restricted,exact_null,3,0.0,2.0,3.8491401461157667e-16,9.043419518029642e-17,3.8491401461157667e-16
E2_20260825T013044Z_2ba66f02,direct_only|constant|rotation_shear,restricted,exact_null,4,0.0,2.000000000000001,3.4130433434615146e-16,8.018825404236839e-17,3.4130433434615146e-16
E2_20260825T013044Z_2ba66f02,direct_only|constant|rotation_shear,restricted,exact_null,5,0.0,2.0,4.665631869341048e-16,1.096173813097398e-16,4.665631869341048e-16
E2_20260825T013044Z_2ba66f02,direct_only|constant|rotation_shear,restricted,exact_null,6,0.0,1.9999999999999998,5.189634656253732e-16,1.2192864265845966e-16,5.189634656253732e-16
E2_20260825T013044Z_2ba66f02,direct_only|constant|rotation_shear,restricted,exact_null,7,0.0,1.9999999999999998,5.553457244436881e-16,1.3047652652388803e-16,5.553457244436881e-16
E2_20260825T013044Z_2ba66f02,direct_only|constant|rotation_shear,restricted,near_null,0,1.050446149297605,2.000000000000001,2.1008922985952108,0.49359726321128,2.1008922985952108
E2_20260825T013044Z_2ba66f02,direct_only|constant|rotation_shear,restricted,near_null,1,1.050446119884758,2.000000000000001,2.100892239769515,0.49359724939038946,2.100892239769515
E2_20260825T013044Z_2ba66f02,direct_only|constant|rotation_shear,restricted,near_null,2,1.050393003819239,1.9999999999999996,2.1007860076384772,0.4935722905244922,2.1007860076384772
E2_20260825T013044Z_2ba66f02,direct_only|constant|rotation_shear,restricted,near_null,3,1.0344693037068176,2.000000000000001,2.0689386074136347,0.4860898557505212,2.0689386074136347
E2_20260825T013044Z_2ba66f02,direct_only|constant|rotation_shear,restricted,near_null,4,0.9433373240011295,1.9999999999999996,1.8866746480022585,0.44326757894572577,1.8866746480022585
E2_20260825T013044Z_2ba66f02,direct_only|constant|rotation_shear,restricted,near_null,5,0.9433372975873653,2.0000000000000004,1.8866745951747304,0.44326756653408367,1.8866745951747304
E2_20260825T013044Z_2ba66f02,direct_only|constant|rotation_shear,restricted,near_null,6,0.9432895975056985,2.000000000000001,1.886579195011398,0.44324515260093617,1.886579195011398
E2_20260825T013044Z_2ba66f02,direct_only|constant|rotation_shear,restricted,near_null,7,0.9289895587437944,2.0,1.8579791174875895,0.4365256648847778,1.8579791174875895
E2_20260825T013044Z_2ba66f02,direct_only|constant|rotation_shear,restricted,near_null,8,0.6266643980585207,2.0000000000000013,1.2533287961170412,0.2944651965647746,1.2533287961170412
E2_20260825T013044Z_2ba66f02,direct_only|constant|rotation_shear,restricted,near_null,9,0.5627665127875304,2.000000000000001,1.1255330255750617,0.2644400293386028,1.1255330255750617
E2_20260825T013044Z_2ba66f02,direct_only|constant|rotation_shear,restricted,near_null,10,0.0808385186174176,1.999999999999999,0.16167703723483523,0.037985451779981506,0.16167703723483523
E2_20260825T013044Z_2ba66f02,direct_only|constant|rotation_shear,restricted,near_null,11,0.07259581262662658,1.9999999999999998,0.145191625253253,0.034112262163140866,0.145191625253253
E2_20260825T013044Z_2ba66f02,direct_only|constant|rotation_shear,restricted,near_null,12,0.0031898591135640776,2.0000000000000004,0.006379718227128391,0.001498892379716619,0.006379718227128391
E2_20260825T013044Z_2ba66f02,direct_only|constant|rotation_shear,restricted,near_null,13,0.0028646048749307526,2.0,0.005729209749861656,0.0013460576988101785,0.005729209749861656
E2_20260825T013044Z_2ba66f02,direct_only|constant|rotation_shear,restricted,near_null,14,3.6103488910195535e-05,1.9999999999999993,7.220697782026782e-05,1.696477571014646e-05,7.220697782026782e-05
E2_20260825T013044Z_2ba66f02,direct_only|constant|rotation_shear,restricted,near_null,15,3.242219378726888e-05,2.0,6.484438757452809e-05,1.5234961003379613e-05,6.484438757452809e-05
E2_20260825T013044Z_2ba66f02,direct_only|constant|rotation_shear,full,exact_null,0,0.0,2.0,8.674453186058618e-17,1.128244044605969e-17,8.674453186058618e-17
E2_20260825T013044Z_2ba66f02,direct_only|constant|rotation_shear,full,exact_null,1,0.0,2.0,8.674453186058618e-17,1.128244044605969e-17,8.674453186058618e-17
E2_20260825T013044Z_2ba66f02,direct_only|constant|rotation_shear,full,exact_null,2,0.0,2.0,8.674453186058618e-17,1.128244044605969e-17,8.674453186058618e-17
E2_20260825T013044Z_2ba66f02,direct_only|constant|rotation_shear,full,exact_null,3,0.0,2.0,8.674453186058618e-17,1.128244044605969e-17,8.674453186058618e-17
E2_20260825T013044Z_2ba66f02,direct_only|constant|rotation_shear,full,exact_null,4,0.0,2.0,8.674453186058618e-17,1.128244044605969e-17,8.674453186058618e-17
E2_20260825T013044Z_2ba66f02,direct_only|constant|rotation_shear,full,exact_null,5,0.0,2.0,8.674453186058618e-17,1.128244044605969e-17,8.674453186058618e-17
E2_20260825T013044Z_2ba66f02,direct_only|constant|rotation_shear,full,exact_null,6,0.0,2.0,8.674453186058618e-17,1.128244044605969e-17,8.674453186058618e-17
E2_20260825T013044Z_2ba66f02,direct_only|constant|rotation_shear,full,exact_null,7,0.0,2.0,8.674453186058618e-17,1.128244044605969e-17,8.674453186058618e-17
E2_20260825T013044Z_2ba66f02,direct_only|constant|rotation_shear,full,exact_null,8,0.0,2.0,8.674453186058618e-17,1.128244044605969e-17,8.674453186058618e-17
E2_20260825T013044Z_2ba66f02,direct_only|constant|rotation_shear,full,exact_null,9,0.0,2.0,8.674453186058618e-17,1.128244044605969e-17,8.674453186058618e-17
E2_20260825T013044Z_2ba66f02,direct_only|constant|rotation_shear,full,exact_null,10,0.0,2.0,8.674453186058618e-17,1.128244044605969e-17,8.674453186058618e-17
E2_20260825T013044Z_2ba66f02,direct_only|constant|rotation_shear,full,exact_null,11,0.0,2.0,8.674453186058618e-17,1.128244044605969e-17,8.674453186058618e-17
E2_20260825T013044Z_2ba66f02,direct_only|constant|rotation_shear,full,exact_null,12,0.0,2.0,8.674453186058618e-17,1.128244044605969e-17,8.674453186058618e-17
E2_20260825T013044Z_2ba66f02,direct_only|constant|rotation_shear,full,exact_null,13,0.0,2.0,8.674453186058618e-17,1.128244044605969e-17,8.674453186058618e-17
E2_20260825T013044Z_2ba66f02,direct_only|constant|rotation_shear,full,exact_null,14,0.0,2.0,8.674453186058618e-17,1.128244044605969e-17,8.674453186058618e-17
E2_20260825T013044Z_2ba66f02,direct_only|constant|rotation_shear,full,exact_null,15,0.0,2.0,8.674453186058618e-17,1.128244044605969e-17,8.674453186058618e-17
E2_20260825T013044Z_2ba66f02,direct_only|constant|rotation_shear,full,exact_null,16,0.0,2.0,8.674552265324758e-17,1.1282569313654647e-17,8.674552265324758e-17
E2_20260825T013044Z_2ba66f02,direct_only|constant|rotation_shear,full,exact_null,17,0.0,2.0,8.674552265324758e-17,1.1282569313654647e-17,8.674552265324758e-17
E2_20260825T013044Z_2ba66f02,direct_only|constant|rotation_shear,full,exact_null,18,0.0,2.0,8.674552265324758e-17,1.1282569313654647e-17,8.674552265324758e-17
E2_20260825T013044Z_2ba66f02,direct_only|constant|rotation_shear,full,exact_null,19,0.0,2.0,8.674552265324758e-17,1.1282569313654647e-17,8.674552265324758e-17
E2_20260825T013044Z_2ba66f02,direct_only|constant|rotation_shear,full,exact_null,20,0.0,2.0,0.0,0.0,0.0
E2_20260825T013044Z_2ba66f02,direct_only|constant|rotation_shear,full,exact_null,21,0.0,2.0,0.0,0.0,0.0
E2_20260825T013044Z_2ba66f02,direct_only|constant|rotation_shear,full,exact_null,22,0.0,2.0,0.0,0.0,0.0
E2_20260825T013044Z_2ba66f02,direct_only|constant|rotation_shear,full,exact_null,23,0.0,2.0,0.0,0.0,0.0
E2_20260825T013044Z_2ba66f02,direct_only|constant|rotation_shear,full,exact_null,24,0.0,2.0,0.0,0.0,0.0
E2_20260825T013044Z_2ba66f02,direct_only|constant|rotation_shear,full,exact_null,25,0.0,2.0,0.0,0.0,0.0
E2_20260825T013044Z_2ba66f02,direct_only|constant|rotation_shear,full,exact_null,26,0.0,2.0,0.0,0.0,0.0
E2_20260825T013044Z_2ba66f02,direct_only|constant|rotation_shear,full,exact_null,27,0.0,2.0,0.0,0.0,0.0
E2_20260825T013044Z_2ba66f02,direct_only|constant|rotation_shear,full,exact_null,28,0.0,2.0,0.0,0.0,0.0
E2_20260825T013044Z_2ba66f02,direct_only|constant|rotation_shear,full,exact_null,29,0.0,2.0,0.0,0.0,0.0
E2_20260825T013044Z_2ba66f02,direct_only|constant|rotation_shear,full,exact_null,30,0.0,2.0,0.0,0.0,0.0
E2_20260825T013044Z_2ba66f02,direct_only|constant|rotation_shear,full,exact_null,31,0.0,2.0,0.0,0.0,0.0
E2_20260825T013044Z_2ba66f02,direct_only|constant|rotation_shear,full,exact_null,32,0.0,2.0,0.0,0.0,0.0
E2_20260825T013044Z_2ba66f02,direct_only|constant|rotation_shear,full,exact_null,33,0.0,2.0,0.0,0.0,0.0
E2_20260825T013044Z_2ba66f02,direct_only|constant|rotation_shear,full,exact_null,34,0.0,2.0,0.0,0.0,0.0
E2_20260825T013044Z_2ba66f02,direct_only|constant|rotation_shear,full,exact_null,35,0.0,2.0,0.0,0.0,0.0
E2_20260825T013044Z_2ba66f02,direct_only|constant|rotation_shear,full,exact_null,36,0.0,2.0,0.0,0.0,0.0
E2_20260825T013044Z_2ba66f02,direct_only|constant|rotation_shear,full,exact_null,37,0.0,2.0,0.0,0.0,0.0
E2_20260825T013044Z_2ba66f02,direct_only|constant|rotation_shear,full,exact_null,38,0.0,2.0,0.0,0.0,0.0
E2_20260825T013044Z_2ba66f02,direct_only|constant|rotation_shear,full,exact_null,39,0.0,2.0,0.0,0.0,0.0
E2_20260825T013044Z_2ba66f02,direct_only|constant|rotation_shear,full,exact_null,40,0.0,2.0,9.631557684722158e-17,1.252729983664148e-17,9.631557684722158e-17
E2_20260825T013044Z_2ba66f02,direct_only|constant|rotation_shear,full,exact_null,41,0.0,2.0,9.631557684722158e-17,1.252729983664148e-17,9.631557684722158e-17
E2_20260825T013044Z_2ba66f02,direct_only|constant|rotation_shear,full,exact_null,42,0.0,2.0,9.631557684722158e-17,1.252729983664148e-17,9.631557684722158e-17
E2_20260825T013044Z_2ba66f02,direct_only|constant|rotation_shear,full,exact_null,43,0.0,2.0,9.631557684722158e-17,1.252729983664148e-17,9.631557684722158e-17
E2_20260825T013044Z_2ba66f02,direct_only|constant|rotation_shear,full,exact_null,44,0.0,2.0,9.631557684722158e-17,1.252729983664148e-17,9.631557684722158e-17
E2_20260825T013044Z_2ba66f02,direct_only|constant|rotation_shear,full,exact_null,45,0.0,2.0,9.631557684722158e-17,1.252729983664148e-17,9.631557684722158e-17
E2_20260825T013044Z_2ba66f02,direct_only|constant|rotation_shear,full,exact_null,46,0.0,2.0,9.631557684722158e-17,1.252729983664148e-17,9.631557684722158e-17
E2_20260825T013044Z_2ba66f02,direct_only|constant|rotation_shear,full,exact_null,47,0.0,2.0,9.631557684722158e-17,1.252729983664148e-17,9.631557684722158e-17
E2_20260825T013044Z_2ba66f02,direct_only|constant|rotation_shear,full,exact_null,48,0.0,2.0,9.631557684722158e-17,1.252729983664148e-17,9.631557684722158e-17
E2_20260825T013044Z_2ba66f02,direct_only|constant|rotation_shear,full,exact_null,49,0.0,2.0,9.631557684722158e-17,1.252729983664148e-17,9.631557684722158e-17
E2_20260825T013044Z_2ba66f02,direct_only|constant|rotation_shear,full,exact_null,50,0.0,2.0,9.631557684722158e-17,1.252729983664148e-17,9.631557684722158e-17
E2_20260825T013044Z_2ba66f02,direct_only|constant|rotation_shear,full,exact_null,51,0.0,2.0,9.631557684722158e-17,1.252729983664148e-17,9.631557684722158e-17
E2_20260825T013044Z_2ba66f02,direct_only|constant|rotation_shear,full,exact_null,52,0.0,2.0,9.631557684722158e-17,1.252729983664148e-17,9.631557684722158e-17
E2_20260825T013044Z_2ba66f02,direct_only|constant|rotation_shear,full,exact_null,53,0.0,2.0,9.631557684722158e-17,1.252729983664148e-17,9.631557684722158e-17
E2_20260825T013044Z_2ba66f02,direct_only|constant|rotation_shear,full,exact_null,54,0.0,2.0,9.631557684722158e-17,1.252729983664148e-17,9.631557684722158e-17
E2_20260825T013044Z_2ba66f02,direct_only|constant|rotation_shear,full,exact_null,55,0.0,2.0,9.631557684722158e-17,1.252729983664148e-17,9.631557684722158e-17
E2_20260825T013044Z_2ba66f02,direct_only|constant|rotation_shear,full,exact_null,56,0.0,2.0,9.631557684722158e-17,1.252729983664148e-17,9.631557684722158e-17
E2_20260825T013044Z_2ba66f02,direct_only|constant|rotation_shear,full,exact_null,57,0.0,2.0,9.631557684722158e-17,1.252729983664148e-17,9.631557684722158e-17
E2_20260825T013044Z_2ba66f02,direct_only|constant|rotation_shear,full,exact_null,58,0.0,2.0,9.631557684722158e-17,1.252729983664148e-17,9.631557684722158e-17
E2_20260825T013044Z_2ba66f02,direct_only|constant|rotation_shear,full,exact_null,59,0.0,2.0,9.631557684722158e-17,1.252729983664148e-17,9.631557684722158e-17
E2_20260825T013044Z_2ba66f02,direct_only|constant|rotation_shear,full,exact_null,60,0.0,2.0,9.632583232716181e-17,1.252863371716616e-17,9.632583232716181e-17
E2_20260825T013044Z_2ba66f02,direct_only|constant|rotation_shear,full,exact_null,61,0.0,2.0,9.632583232716181e-17,1.252863371716616e-17,9.632583232716181e-17
E2_20260825T013044Z_2ba66f02,direct_only|constant|rotation_shear,full,exact_null,62,0.0,2.0,9.632583232716181e-17,1.252863371716616e-17,9.632583232716181e-17
E2_20260825T013044Z_2ba66f02,direct_only|constant|rotation_shear,full,exact_null,63,0.0,2.0,9.632583232716181e-17,1.252863371716616e-17,9.632583232716181e-17
E2_20260825T013044Z_2ba66f02,direct_only|constant|rotation_shear,full,exact_null,64,0.0,2.0,0.0,0.0,0.0
E2_20260825T013044Z_2ba66f02,direct_only|constant|rotation_shear,full,exact_null,65,0.0,2.0,0.0,0.0,0.0
E2_20260825T013044Z_2ba66f02,direct_only|constant|rotation_shear,full,exact_null,66,0.0,2.0,0.0,0.0,0.0
E2_20260825T013044Z_2ba66f02,direct_only|constant|rotation_shear,full,exact_null,67,0.0,2.0,0.0,0.0,0.0
E2_20260825T013044Z_2ba66f02,direct_only|constant|rotation_shear,full,exact_null,68,0.0,2.0,0.0,0.0,0.0
E2_20260825T013044Z_2ba66f02,direct_only|constant|rotation_shear,full,exact_null,69,0.0,2.0,0.0,0.0,0.0
E2_20260825T013044Z_2ba66f02,direct_only|constant|rotation_shear,full,exact_null,70,0.0,2.0,0.0,0.0,0.0
E2_20260825T013044Z_2ba66f02,direct_only|constant|rotation_shear,full,exact_null,71,0.0,2.0,0.0,0.0,0.0
E2_20260825T013044Z_2ba66f02,direct_only|constant|rotation_shear,full,exact_null,72,0.0,2.0,0.0,0.0,0.0
E2_20260825T013044Z_2ba66f02,direct_only|constant|rotation_shear,full,exact_null,73,0.0,2.0,0.0,0.0,0.0
E2_20260825T013044Z_2ba66f02,direct_only|constant|rotation_shear,full,exact_null,74,0.0,2.0,0.0,0.0,0.0
E2_20260825T013044Z_2ba66f02,direct_only|constant|rotation_shear,full,exact_null,75,0.0,2.0,0.0,0.0,0.0
E2_20260825T013044Z_2ba66f02,direct_only|constant|rotation_shear,full,exact_null,76,0.0,2.0,0.0,0.0,0.0
E2_20260825T013044Z_2ba66f02,direct_only|constant|rotation_shear,full,exact_null,77,0.0,2.0,0.0,0.0,0.0
E2_20260825T013044Z_2ba66f02,direct_only|constant|rotation_shear,full,exact_null,78,0.0,2.0,0.0,0.0,0.0
E2_20260825T013044Z_2ba66f02,direct_only|constant|rotation_shear,full,exact_null,79,0.0,2.0,0.0,0.0,0.0
E2_20260825T013044Z_2ba66f02,direct_only|constant|rotation_shear,full,exact_null,80,0.0,2.0,0.0,0.0,0.0
E2_20260825T013044Z_2ba66f02,direct_only|constant|rotation_shear,full,exact_null,81,0.0,2.0,0.0,0.0,0.0
E2_20260825T013044Z_2ba66f02,direct_only|constant|rotation_shear,full,exact_null,82,0.0,2.0,0.0,0.0,0.0
E2_20260825T013044Z_2ba66f02,direct_only|constant|rotation_shear,full,exact_null,83,0.0,2.0,0.0,0.0,0.0
E2_20260825T013044Z_2ba66f02,direct_only|constant|rotation_shear,full,exact_null,84,0.0,2.0,2.766175187797626e-17,3.597829874723794e-18,2.766175187797626e-17
E2_20260825T013044Z_2ba66f02,direct_only|constant|rotation_shear,full,exact_null,85,0.0,2.0,2.766175187797626e-17,3.597829874723794e-18,2.766175187797626e-17
E2_20260825T013044Z_2ba66f02,direct_only|constant|rotation_shear,full,exact_null,86,0.0,2.0,2.766175187797626e-17,3.597829874723794e-18,2.766175187797626e-17
E2_20260825T013044Z_2ba66f02,direct_only|constant|rotation_shear,full,exact_null,87,0.0,2.0,2.766175187797626e-17,3.597829874723794e-18,2.766175187797626e-17
E2_20260825T013044Z_2ba66f02,direct_only|constant|rotation_shear,full,exact_null,88,0.0,2.0,2.766175187797626e-17,3.597829874723794e-18,2.766175187797626e-17
E2_20260825T013044Z_2ba66f02,direct_only|constant|rotation_shear,full,exact_null,89,0.0,2.0,2.766175187797626e-17,3.597829874723794e-18,2.766175187797626e-17
E2_20260825T013044Z_2ba66f02,direct_only|constant|rotation_shear,full,exact_null,90,0.0,2.0,2.766175187797626e-17,3.597829874723794e-18,2.766175187797626e-17
E2_20260825T013044Z_2ba66f02,direct_only|constant|rotation_shear,full,exact_null,91,0.0,2.0,2.766175187797626e-17,3.597829874723794e-18,2.766175187797626e-17
E2_20260825T013044Z_2ba66f02,direct_only|constant|rotation_shear,full,exact_null,92,0.0,2.0,2.766175187797626e-17,3.597829874723794e-18,2.766175187797626e-17
E2_20260825T013044Z_2ba66f02,direct_only|constant|rotation_shear,full,exact_null,93,0.0,2.0,2.766175187797626e-17,3.597829874723794e-18,2.766175187797626e-17
E2_20260825T013044Z_2ba66f02,direct_only|constant|rotation_shear,full,exact_null,94,0.0,2.0,2.766175187797626e-17,3.597829874723794e-18,2.766175187797626e-17
E2_20260825T013044Z_2ba66f02,direct_only|constant|rotation_shear,full,exact_null,95,0.0,2.0,2.766175187797626e-17,3.597829874723794e-18,2.766175187797626e-17
E2_20260825T013044Z_2ba66f02,direct_only|constant|rotation_shear,full,exact_null,96,0.0,2.0,2.766175187797626e-17,3.597829874723794e-18,2.766175187797626e-17
E2_20260825T013044Z_2ba66f02,direct_only|constant|rotation_shear,full,exact_null,97,0.0,2.0,2.766175187797626e-17,3.597829874723794e-18,2.766175187797626e-17
E2_20260825T013044Z_2ba66f02,direct_only|constant|rotation_shear,full,exact_null,98,0.0,2.0,2.766175187797626e-17,3.597829874723794e-18,2.766175187797626e-17
E2_20260825T013044Z_2ba66f02,direct_only|constant|rotation_shear,full,exact_null,99,0.0,2.0,2.766175187797626e-17,3.597829874723794e-18,2.766175187797626e-17
E2_20260825T013044Z_2ba66f02,direct_only|constant|rotation_shear,full,exact_null,100,0.0,2.0,2.766175187797626e-17,3.597829874723794e-18,2.766175187797626e-17
E2_20260825T013044Z_2ba66f02,direct_only|constant|rotation_shear,full,exact_null,101,0.0,2.0,2.766175187797626e-17,3.597829874723794e-18,2.766175187797626e-17
E2_20260825T013044Z_2ba66f02,direct_only|constant|rotation_shear,full,exact_null,102,0.0,2.0,2.766175187797626e-17,3.597829874723794e-18,2.766175187797626e-17
E2_20260825T013044Z_2ba66f02,direct_only|constant|rotation_shear,full,exact_null,103,0.0,2.0,2.766175187797626e-17,3.597829874723794e-18,2.766175187797626e-17
E2_20260825T013044Z_2ba66f02,direct_only|constant|rotation_shear,full,exact_null,104,0.0,2.0,3.8305658811433966e-17,4.982231214085946e-18,3.8305658811433966e-17
E2_20260825T013044Z_2ba66f02,direct_only|constant|rotation_shear,full,exact_null,105,0.0,2.0,3.8305658811433966e-17,4.982231214085946e-18,3.8305658811433966e-17
E2_20260825T013044Z_2ba66f02,direct_only|constant|rotation_shear,full,exact_null,106,0.0,2.0,3.8305658811433966e-17,4.982231214085946e-18,3.8305658811433966e-17
E2_20260825T013044Z_2ba66f02,direct_only|constant|rotation_shear,full,exact_null,107,0.0,2.0,3.8305658811433966e-17,4.982231214085946e-18,3.8305658811433966e-17
E2_20260825T013044Z_2ba66f02,direct_only|constant|rotation_shear,full,exact_null,108,0.0,2.0,0.0,0.0,0.0
E2_20260825T013044Z_2ba66f02,direct_only|constant|rotation_shear,full,exact_null,109,0.0,2.0,0.0,0.0,0.0
E2_20260825T013044Z_2ba66f02,direct_only|constant|rotation_shear,full,exact_null,110,0.0,2.0,0.0,0.0,0.0
E2_20260825T013044Z_2ba66f02,direct_only|constant|rotation_shear,full,exact_null,111,0.0,2.0,0.0,0.0,0.0
E2_20260825T013044Z_2ba66f02,direct_only|constant|rotation_shear,full,exact_null,112,0.0,2.0,0.0,0.0,0.0
E2_20260825T013044Z_2ba66f02,direct_only|constant|rotation_shear,full,exact_null,113,0.0,2.0,0.0,0.0,0.0
E2_20260825T013044Z_2ba66f02,direct_only|constant|rotation_shear,full,exact_null,114,0.0,2.0,0.0,0.0,0.0
E2_20260825T013044Z_2ba66f02,direct_only|constant|rotation_shear,full,exact_null,115,0.0,2.0,0.0,0.0,0.0
E2_20260825T013044Z_2ba66f02,direct_only|constant|rotation_shear,full,exact_null,116,0.0,2.0,0.0,0.0,0.0
E2_20260825T013044Z_2ba66f02,direct_only|constant|rotation_shear,full,exact_null,117,0.0,2.0,0.0,0.0,0.0
E2_20260825T013044Z_2ba66f02,direct_only|constant|rotation_shear,full,exact_null,118,0.0,2.0,0.0,0.0,0.0
E2_20260825T013044Z_2ba66f02,direct_only|constant|rotation_shear,full,exact_null,119,0.0,2.0,0.0,0.0,0.0
E2_20260825T013044Z_2ba66f02,direct_only|constant|rotation_shear,full,exact_null,120,0.0,2.0,0.0,0.0,0.0
E2_20260825T013044Z_2ba66f02,direct_only|constant|rotation_shear,full,exact_null,121,0.0,2.0,0.0,0.0,0.0
E2_20260825T013044Z_2ba66f02,direct_only|constant|rotation_shear,full,exact_null,122,0.0,2.0,0.0,0.0,0.0
E2_20260825T013044Z_2ba66f02,direct_only|constant|rotation_shear,full,exact_null,123,0.0,2.0,0.0,0.0,0.0
E2_20260825T013044Z_2ba66f02,direct_only|constant|rotation_shear,full,exact_null,124,0.0,2.0,0.0,0.0,0.0
E2_20260825T013044Z_2ba66f02,direct_only|constant|rotation_shear,full,exact_null,125,0.0,2.0,0.0,0.0,0.0
E2_20260825T013044Z_2ba66f02,direct_only|constant|rotation_shear,full,exact_null,126,0.0,2.0,0.0,0.0,0.0
E2_20260825T013044Z_2ba66f02,direct_only|constant|rotation_shear,full,exact_null,127,0.0,2.0,0.0,0.0,0.0
E2_20260825T013044Z_2ba66f02,direct_only|constant|rotation_shear,full,exact_null,128,0.0,2.0,1.6586397581696402e-16,2.157312269906733e-17,1.6586397581696402e-16
E2_20260825T013044Z_2ba66f02,direct_only|constant|rotation_shear,full,exact_null,129,0.0,2.0,1.6586397581696402e-16,2.157312269906733e-17,1.6586397581696402e-16
E2_20260825T013044Z_2ba66f02,direct_only|constant|rotation_shear,full,exact_null,130,0.0,2.0,1.6586397581696402e-16,2.157312269906733e-17,1.6586397581696402e-16
E2_20260825T013044Z_2ba66f02,direct_only|constant|rotation_shear,full,exact_null,131,0.0,2.0,1.6586397581696402e-16,2.157312269906733e-17,1.6586397581696402e-16
E2_20260825T013044Z_2ba66f02,direct_only|constant|rotation_shear,full,exact_null,132,0.0,2.0,1.6586397581696402e-16,2.157312269906733e-17,1.6586397581696402e-16
E2_20260825T013044Z_2ba66f02,direct_only|constant|rotation_shear,full,exact_null,133,0.0,2.0,1.6586397581696402e-16,2.157312269906733e-17,1.6586397581696402e-16
E2_20260825T013044Z_2ba66f02,direct_only|constant|rotation_shear,full,exact_null,134,0.0,2.0,1.6586397581696402e-16,2.157312269906733e-17,1.6586397581696402e-16
E2_20260825T013044Z_2ba66f02,direct_only|constant|rotation_shear,full,exact_null,135,0.0,2.0,1.6586397581696402e-16,2.157312269906733e-17,1.6586397581696402e-16
E2_20260825T013044Z_2ba66f02,direct_only|constant|rotation_shear,full,exact_null,136,0.0,2.0,1.6586397581696402e-16,2.157312269906733e-17,1.6586397581696402e-16
E2_20260825T013044Z_2ba66f02,direct_only|constant|rotation_shear,full,exact_null,137,0.0,2.0,1.6586397581696402e-16,2.157312269906733e-17,1.6586397581696402e-16
E2_20260825T013044Z_2ba66f02,direct_only|constant|rotation_shear,full,exact_null,138,0.0,2.0,1.6586397581696402e-16,2.157312269906733e-17,1.6586397581696402e-16
E2_20260825T013044Z_2ba66f02,direct_only|constant|rotation_shear,full,exact_null,139,0.0,2.0,1.6586397581696402e-16,2.157312269906733e-17,1.6586397581696402e-16
E2_20260825T013044Z_2ba66f02,direct_only|constant|rotation_shear,full,exact_null,140,0.0,2.0,1.6586397581696402e-16,2.157312269906733e-17,1.6586397581696402e-16
E2_20260825T013044Z_2ba66f02,direct_only|constant|rotation_shear,full,exact_null,141,0.0,2.0,1.6586397581696402e-16,2.157312269906733e-17,1.6586397581696402e-16
E2_20260825T013044Z_2ba66f02,direct_only|constant|rotation_shear,full,exact_null,142,0.0,2.0,1.6586397581696402e-16,2.157312269906733e-17,1.6586397581696402e-16
E2_20260825T013044Z_2ba66f02,direct_only|constant|rotation_shear,full,exact_null,143,0.0,2.0,1.6586397581696402e-16,2.157312269906733e-17,1.6586397581696402e-16
E2_20260825T013044Z_2ba66f02,direct_only|constant|rotation_shear,full,exact_null,144,0.0,2.0,1.6586397581696402e-16,2.157312269906733e-17,1.6586397581696402e-16
E2_20260825T013044Z_2ba66f02,direct_only|constant|rotation_shear,full,exact_null,145,0.0,2.0,1.6586397581696402e-16,2.157312269906733e-17,1.6586397581696402e-16
E2_20260825T013044Z_2ba66f02,direct_only|constant|rotation_shear,full,exact_null,146,0.0,2.0,1.6586397581696402e-16,2.157312269906733e-17,1.6586397581696402e-16
E2_20260825T013044Z_2ba66f02,direct_only|constant|rotation_shear,full,exact_null,147,0.0,2.0,1.6586397581696402e-16,2.157312269906733e-17,1.6586397581696402e-16
E2_20260825T013044Z_2ba66f02,direct_only|constant|rotation_shear,full,exact_null,148,0.0,2.0,1.849308904551604e-16,2.4053063789086613e-17,1.849308904551604e-16
E2_20260825T013044Z_2ba66f02,direct_only|constant|rotation_shear,full,exact_null,149,0.0,2.0,1.849308904551604e-16,2.4053063789086613e-17,1.849308904551604e-16
E2_20260825T013044Z_2ba66f02,direct_only|constant|rotation_shear,full,exact_null,150,0.0,2.0,1.849308904551604e-16,2.4053063789086613e-17,1.849308904551604e-16
E2_20260825T013044Z_2ba66f02,direct_only|constant|rotation_shear,full,exact_null,151,0.0,2.0,1.849308904551604e-16,2.4053063789086613e-17,1.849308904551604e-16
E2_20260825T013044Z_2ba66f02,direct_only|constant|rotation_shear,full,exact_null,152,0.0,2.0,0.0,0.0,0.0
E2_20260825T013044Z_2ba66f02,direct_only|constant|rotation_shear,full,exact_null,153,0.0,2.0,0.0,0.0,0.0
E2_20260825T013044Z_2ba66f02,direct_only|constant|rotation_shear,full,exact_null,154,0.0,2.0,0.0,0.0,0.0
E2_20260825T013044Z_2ba66f02,direct_only|constant|rotation_shear,full,exact_null,155,0.0,2.0,0.0,0.0,0.0
E2_20260825T013044Z_2ba66f02,direct_only|constant|rotation_shear,full,exact_null,156,0.0,2.0,0.0,0.0,0.0
E2_20260825T013044Z_2ba66f02,direct_only|constant|rotation_shear,full,exact_null,157,0.0,2.0,0.0,0.0,0.0
E2_20260825T013044Z_2ba66f02,direct_only|constant|rotation_shear,full,exact_null,158,0.0,2.0,0.0,0.0,0.0
E2_20260825T013044Z_2ba66f02,direct_only|constant|rotation_shear,full,exact_null,159,0.0,2.0,0.0,0.0,0.0
E2_20260825T013044Z_2ba66f02,direct_only|constant|rotation_shear,full,exact_null,160,0.0,2.0,0.0,0.0,0.0
E2_20260825T013044Z_2ba66f02,direct_only|constant|rotation_shear,full,exact_null,161,0.0,2.0,0.0,0.0,0.0
E2_20260825T013044Z_2ba66f02,direct_only|constant|rotation_shear,full,exact_null,162,0.0,2.0,0.0,0.0,0.0
E2_20260825T013044Z_2ba66f02,direct_only|constant|rotation_shear,full,exact_null,163,0.0,2.0,0.0,0.0,0.0
E2_20260825T013044Z_2ba66f02,direct_only|constant|rotation_shear,full,exact_null,164,0.0,2.0,0.0,0.0,0.0
E2_20260825T013044Z_2ba66f02,direct_only|constant|rotation_shear,full,exact_null,165,0.0,2.0,0.0,0.0,0.0
E2_20260825T013044Z_2ba66f02,direct_only|constant|rotation_shear,full,exact_null,166,0.0,2.0,0.0,0.0,0.0
E2_20260825T013044Z_2ba66f02,direct_only|constant|rotation_shear,full,exact_null,167,0.0,2.0,0.0,0.0,0.0
E2_20260825T013044Z_2ba66f02,direct_only|constant|rotation_shear,full,exact_null,168,0.0,2.0,0.0,0.0,0.0
E2_20260825T013044Z_2ba66f02,direct_only|constant|rotation_shear,full,exact_null,169,0.0,2.0,0.0,0.0,0.0
E2_20260825T013044Z_2ba66f02,direct_only|constant|rotation_shear,full,exact_null,170,0.0,2.0,0.0,0.0,0.0
E2_20260825T013044Z_2ba66f02,direct_only|constant|rotation_shear,full,exact_null,171,0.0,2.0,0.0,0.0,0.0
E2_20260825T013044Z_2ba66f02,direct_only|constant|rotation_shear,full,exact_null,172,0.0,2.0,1.0554468037418952e-16,1.3727684560382747e-17,1.0554468037418952e-16
E2_20260825T013044Z_2ba66f02,direct_only|constant|rotation_shear,full,exact_null,173,0.0,2.0,1.0554468037418952e-16,1.3727684560382747e-17,1.0554468037418952e-16
E2_20260825T013044Z_2ba66f02,direct_only|constant|rotation_shear,full,exact_null,174,0.0,2.0,1.0554468037418952e-16,1.3727684560382747e-17,1.0554468037418952e-16
E2_20260825T013044Z_2ba66f02,direct_only|constant|rotation_shear,full,exact_null,175,0.0,2.0,1.0554468037418952e-16,1.3727684560382747e-17,1.0554468037418952e-16
E2_20260825T013044Z_2ba66f02,direct_only|constant|rotation_shear,full,exact_null,176,0.0,2.0,1.0554468037418952e-16,1.3727684560382747e-17,1.0554468037418952e-16
E2_20260825T013044Z_2ba66f02,direct_only|constant|rotation_shear,full,exact_null,177,0.0,2.0,1.0554468037418952e-16,1.3727684560382747e-17,1.0554468037418952e-16
E2_20260825T013044Z_2ba66f02,direct_only|constant|rotation_shear,full,exact_null,178,0.0,2.0,1.0554468037418952e-16,1.3727684560382747e-17,1.0554468037418952e-16
E2_20260825T013044Z_2ba66f02,direct_only|constant|rotation_shear,full,exact_null,179,0.0,2.0,1.0554468037418952e-16,1.3727684560382747e-17,1.0554468037418952e-16
E2_20260825T013044Z_2ba66f02,direct_only|constant|rotation_shear,full,exact_null,180,0.0,2.0,1.0554468037418952e-16,1.3727684560382747e-17,1.0554468037418952e-16
E2_20260825T013044Z_2ba66f02,direct_only|constant|rotation_shear,full,exact_null,181,0.0,2.0,1.0554468037418952e-16,1.3727684560382747e-17,1.0554468037418952e-16
E2_20260825T013044Z_2ba66f02,direct_only|constant|rotation_shear,full,exact_null,182,0.0,2.0,1.0554468037418952e-16,1.3727684560382747e-17,1.0554468037418952e-16
E2_20260825T013044Z_2ba66f02,direct_only|constant|rotation_shear,full,exact_null,183,0.0,2.0,1.0554468037418952e-16,1.3727684560382747e-17,1.0554468037418952e-16
E2_20260825T013044Z_2ba66f02,direct_only|constant|rotation_shear,full,exact_null,184,0.0,2.0,1.0554468037418952e-16,1.3727684560382747e-17,1.0554468037418952e-16
E2_20260825T013044Z_2ba66f02,direct_only|constant|rotation_shear,full,exact_null,185,0.0,2.0,1.0554468037418952e-16,1.3727684560382747e-17,1.0554468037418952e-16
E2_20260825T013044Z_2ba66f02,direct_only|constant|rotation_shear,full,exact_null,186,0.0,2.0,1.0554468037418952e-16,1.3727684560382747e-17,1.0554468037418952e-16
E2_20260825T013044Z_2ba66f02,direct_only|constant|rotation_shear,full,exact_null,187,0.0,2.0,1.0554468037418952e-16,1.3727684560382747e-17,1.0554468037418952e-16
E2_20260825T013044Z_2ba66f02,direct_only|constant|rotation_shear,full,exact_null,188,0.0,2.0,1.0554468037418952e-16,1.3727684560382747e-17,1.0554468037418952e-16
E2_20260825T013044Z_2ba66f02,direct_only|constant|rotation_shear,full,exact_null,189,0.0,2.0,1.0554468037418952e-16,1.3727684560382747e-17,1.0554468037418952e-16
E2_20260825T013044Z_2ba66f02,direct_only|constant|rotation_shear,full,exact_null,190,0.0,2.0,1.0554468037418952e-16,1.3727684560382747e-17,1.0554468037418952e-16
E2_20260825T013044Z_2ba66f02,direct_only|constant|rotation_shear,full,exact_null,191,0.0,2.0,1.0554468037418952e-16,1.3727684560382747e-17,1.0554468037418952e-16
E2_20260825T013044Z_2ba66f02,direct_only|constant|rotation_shear,full,exact_null,192,0.0,2.0,1.5641322729546525e-16,2.034390968612646e-17,1.5641322729546525e-16
E2_20260825T013044Z_2ba66f02,direct_only|constant|rotation_shear,full,exact_null,193,0.0,2.0,1.5641322729546525e-16,2.034390968612646e-17,1.5641322729546525e-16
E2_20260825T013044Z_2ba66f02,direct_only|constant|rotation_shear,full,exact_null,194,0.0,2.0,1.5641322729546525e-16,2.034390968612646e-17,1.5641322729546525e-16
E2_20260825T013044Z_2ba66f02,direct_only|constant|rotation_shear,full,exact_null,195,0.0,2.0,1.5641322729546525e-16,2.034390968612646e-17,1.5641322729546525e-16
E2_20260825T013044Z_2ba66f02,direct_only|constant|rotation_shear,full,exact_null,196,0.0,2.0,0.0,0.0,0.0
E2_20260825T013044Z_2ba66f02,direct_only|constant|rotation_shear,full,exact_null,197,0.0,2.0,0.0,0.0,0.0
E2_20260825T013044Z_2ba66f02,direct_only|constant|rotation_shear,full,exact_null,198,0.0,2.0,0.0,0.0,0.0
E2_20260825T013044Z_2ba66f02,direct_only|constant|rotation_shear,full,exact_null,199,0.0,2.0,0.0,0.0,0.0
E2_20260825T013044Z_2ba66f02,direct_only|constant|rotation_shear,full,exact_null,200,0.0,2.0,0.0,0.0,0.0
E2_20260825T013044Z_2ba66f02,direct_only|constant|rotation_shear,full,exact_null,201,0.0,2.0,0.0,0.0,0.0
E2_20260825T013044Z_2ba66f02,direct_only|constant|rotation_shear,full,exact_null,202,0.0,2.0,0.0,0.0,0.0
E2_20260825T013044Z_2ba66f02,direct_only|constant|rotation_shear,full,exact_null,203,0.0,2.0,0.0,0.0,0.0
E2_20260825T013044Z_2ba66f02,direct_only|constant|rotation_shear,full,exact_null,204,0.0,2.0,0.0,0.0,0.0
E2_20260825T013044Z_2ba66f02,direct_only|constant|rotation_shear,full,exact_null,205,0.0,2.0,0.0,0.0,0.0
E2_20260825T013044Z_2ba66f02,direct_only|constant|rotation_shear,full,exact_null,206,0.0,2.0,0.0,0.0,0.0
E2_20260825T013044Z_2ba66f02,direct_only|constant|rotation_shear,full,exact_null,207,0.0,2.0,0.0,0.0,0.0
E2_20260825T013044Z_2ba66f02,direct_only|constant|rotation_shear,full,exact_null,208,0.0,2.0,0.0,0.0,0.0
E2_20260825T013044Z_2ba66f02,direct_only|constant|rotation_shear,full,exact_null,209,0.0,2.0,0.0,0.0,0.0
E2_20260825T013044Z_2ba66f02,direct_only|constant|rotation_shear,full,exact_null,210,0.0,2.0,0.0,0.0,0.0
E2_20260825T013044Z_2ba66f02,direct_only|constant|rotation_shear,full,exact_null,211,0.0,2.0,0.0,0.0,0.0
E2_20260825T013044Z_2ba66f02,direct_only|constant|rotation_shear,full,exact_null,212,0.0,2.0,0.0,0.0,0.0
E2_20260825T013044Z_2ba66f02,direct_only|constant|rotation_shear,full,exact_null,213,0.0,2.0,0.0,0.0,0.0
E2_20260825T013044Z_2ba66f02,direct_only|constant|rotation_shear,full,exact_null,214,0.0,2.0,0.0,0.0,0.0
E2_20260825T013044Z_2ba66f02,direct_only|constant|rotation_shear,full,exact_null,215,0.0,2.0,0.0,0.0,0.0
E2_20260825T013044Z_2ba66f02,direct_only|constant|rotation_shear,full,near_null,0,0.9435380046691119,2.0,1.8870760093382246,0.2454428219955653,1.8870760093382246
E2_20260825T013044Z_2ba66f02,direct_only|constant|rotation_shear,full,near_null,1,0.9435380046691119,2.0,1.8870760093382246,0.2454428219955653,1.8870760093382246
E2_20260825T013044Z_2ba66f02,direct_only|constant|rotation_shear,full,near_null,2,0.9435380046691119,2.0,1.8870760093382246,0.2454428219955653,1.8870760093382246
E2_20260825T013044Z_2ba66f02,direct_only|constant|rotation_shear,full,near_null,3,0.9435380046691119,2.0,1.8870760093382246,0.2454428219955653,1.8870760093382246
E2_20260825T013044Z_2ba66f02,direct_only|constant|rotation_shear,full,near_null,4,0.9435380046691119,2.0,1.8870760093382246,0.2454428219955653,1.8870760093382246
E2_20260825T013044Z_2ba66f02,direct_only|constant|rotation_shear,full,near_null,5,0.9435380046691119,2.0,1.8870760093382246,0.2454428219955653,1.8870760093382246
E2_20260825T013044Z_2ba66f02,direct_only|constant|rotation_shear,full,near_null,6,0.9435380046691119,2.0,1.8870760093382246,0.2454428219955653,1.8870760093382246
E2_20260825T013044Z_2ba66f02,direct_only|constant|rotation_shear,full,near_null,7,0.9435380046691119,2.0,1.8870760093382246,0.2454428219955653,1.8870760093382246
E2_20260825T013044Z_2ba66f02,direct_only|constant|rotation_shear,full,near_null,8,0.9435380046691119,2.0,1.8870760093382246,0.2454428219955653,1.8870760093382246
E2_20260825T013044Z_2ba66f02,direct_only|constant|rotation_shear,full,near_null,9,0.9435380046691119,2.0,1.8870760093382246,0.2454428219955653,1.8870760093382246
E2_20260825T013044Z_2ba66f02,direct_only|constant|rotation_shear,full,near_null,10,0.9435380046691119,2.0,1.8870760093382246,0.2454428219955653,1.8870760093382246
E2_20260825T013044Z_2ba66f02,direct_only|constant|rotation_shear,full,near_null,11,0.9435380046691119,2.0,1.8870760093382246,0.2454428219955653,1.8870760093382246
E2_20260825T013044Z_2ba66f02,direct_only|constant|rotation_shear,full,near_null,12,0.9435380046691119,2.0,1.8870760093382246,0.2454428219955653,1.8870760093382246
E2_20260825T013044Z_2ba66f02,direct_only|constant|rotation_shear,full,near_null,13,0.9435380046691119,2.0,1.8870760093382246,0.2454428219955653,1.8870760093382246
E2_20260825T013044Z_2ba66f02,direct_only|constant|rotation_shear,full,near_null,14,0.9435380046691119,2.0,1.8870760093382246,0.2454428219955653,1.8870760093382246
E2_20260825T013044Z_2ba66f02,direct_only|constant|rotation_shear,full,near_null,15,0.9435380046691119,2.0,1.8870760093382246,0.2454428219955653,1.8870760093382246
E2_20260825T013044Z_2ba66f02,direct_only|constant|rotation_shear,full,near_null,16,0.9435380046691119,2.0,1.8870760093382246,0.2454428219955653,1.8870760093382246
E2_20260825T013044Z_2ba66f02,direct_only|constant|rotation_shear,full,near_null,17,0.9435380046691119,2.0,1.8870760093382246,0.2454428219955653,1.8870760093382246
E2_20260825T013044Z_2ba66f02,direct_only|constant|rotation_shear,full,near_null,18,0.9435380046691119,2.0,1.8870760093382246,0.2454428219955653,1.8870760093382246
E2_20260825T013044Z_2ba66f02,direct_only|constant|rotation_shear,full,near_null,19,0.9435380046691119,2.0,1.8870760093382246,0.2454428219955653,1.8870760093382246
E2_20260825T013044Z_2ba66f02,resolved|constant|identical,restricted,exact_null,0,0.0,2.0,1.2687729243494447e-15,3.6154315181389536e-16,1.2687729243494447e-15
E2_20260825T013044Z_2ba66f02,resolved|constant|identical,restricted,exact_null,1,0.0,2.0000000000000013,6.943754232070809e-16,1.9786572855589432e-16,6.943754232070809e-16
E2_20260825T013044Z_2ba66f02,resolved|constant|identical,restricted,exact_null,2,0.0,2.000000000000002,6.267221283959556e-16,1.7858758589758502e-16,6.267221283959556e-16
E2_20260825T013044Z_2ba66f02,resolved|constant|identical,restricted,exact_null,3,0.0,1.9999999999999996,5.289875868487916e-16,1.5073764244914193e-16,5.289875868487916e-16
E2_20260825T013044Z_2ba66f02,resolved|constant|identical,restricted,exact_null,4,0.0,1.9999999999999996,6.509100108339977e-16,1.8548004323532148e-16,6.509100108339977e-16
E2_20260825T013044Z_2ba66f02,resolved|constant|identical,restricted,exact_null,5,0.0,2.0,4.0811036446408717e-16,1.1629307705468156e-16,4.0811036446408717e-16
E2_20260825T013044Z_2ba66f02,resolved|constant|identical,restricted,exact_null,6,0.0,1.9999999999999996,4.2502533688208424e-16,1.211130825288553e-16,4.2502533688208424e-16
E2_20260825T013044Z_2ba66f02,resolved|constant|identical,restricted,exact_null,7,0.0,2.0000000000000004,4.644112043412718e-16,1.3233628124695556e-16,4.644112043412718e-16
E2_20260825T013044Z_2ba66f02,resolved|constant|identical,restricted,near_null,0,1.2517143911620157,2.0000000000000004,2.5034287823240304,0.7133644759696737,2.5034287823240304
E2_20260825T013044Z_2ba66f02,resolved|constant|identical,restricted,near_null,1,1.2396785546221556,2.000000000000002,2.4793571092443125,0.7065051330662638,2.4793571092443125
E2_20260825T013044Z_2ba66f02,resolved|constant|identical,restricted,near_null,2,1.2074737491252343,2.0000000000000004,2.4149474982504677,0.6881512942359138,2.4149474982504677
E2_20260825T013044Z_2ba66f02,resolved|constant|identical,restricted,near_null,3,1.124083233549887,2.0000000000000004,2.248166467099772,0.6406262103475485,2.248166467099772
E2_20260825T013044Z_2ba66f02,resolved|constant|identical,restricted,near_null,4,1.113274632041642,1.9999999999999998,2.226549264083285,0.6344662808897308,2.226549264083285
E2_20260825T013044Z_2ba66f02,resolved|constant|identical,restricted,near_null,5,1.0843535921027978,1.9999999999999993,2.168707184205593,0.6179838926978686,2.168707184205593
E2_20260825T013044Z_2ba66f02,resolved|constant|identical,restricted,near_null,6,1.0688103244290716,1.9999999999999996,2.137620648858143,0.6091256299206628,2.137620648858143
E2_20260825T013044Z_2ba66f02,resolved|constant|identical,restricted,near_null,7,0.9598289945523415,1.9999999999999991,1.9196579891046825,0.5470160865400682,1.9196579891046825
E2_20260825T013044Z_2ba66f02,resolved|constant|identical,restricted,near_null,8,0.8860443918175755,2.000000000000001,1.7720887836351489,0.5049655078807831,1.7720887836351489
E2_20260825T013044Z_2ba66f02,resolved|constant|identical,restricted,near_null,9,0.7956988048195457,1.9999999999999991,1.5913976096390905,0.4534766596418563,1.5913976096390905
E2_20260825T013044Z_2ba66f02,resolved|constant|identical,restricted,near_null,10,0.4302674709248035,2.000000000000001,0.8605349418496067,0.2452137093655423,0.8605349418496067
E2_20260825T013044Z_2ba66f02,resolved|constant|identical,restricted,near_null,11,0.38639521397488086,2.0,0.7727904279497613,0.22021047395523888,0.7727904279497613
E2_20260825T013044Z_2ba66f02,resolved|constant|identical,restricted,near_null,12,0.18630022268117946,2.0,0.372600445362359,0.10617434908822684,0.372600445362359
E2_20260825T013044Z_2ba66f02,resolved|constant|identical,restricted,near_null,13,0.16730410563396517,2.0000000000000004,0.3346082112679302,0.09534827312511147,0.3346082112679302
E2_20260825T013044Z_2ba66f02,resolved|constant|identical,restricted,near_null,14,0.06758800512887557,2.0,0.13517601025775103,0.03851907607759958,0.13517601025775103
E2_20260825T013044Z_2ba66f02,resolved|constant|identical,restricted,near_null,15,0.06069638880153994,1.9999999999999993,0.12139277760308008,0.03459147541674132,0.12139277760308008
E2_20260825T013044Z_2ba66f02,resolved|constant|identical,full,exact_null,0,0.0,1.9999999999999996,1.3645874073181634e-15,1.6000937080991008e-16,1.3645874073181634e-15
E2_20260825T013044Z_2ba66f02,resolved|constant|identical,full,exact_null,1,0.0,2.0000000000000004,9.195924962628955e-16,1.0782996819362626e-16,9.195924962628955e-16
E2_20260825T013044Z_2ba66f02,resolved|constant|identical,full,exact_null,2,0.0,1.9999999999999998,1.2579852308330673e-15,1.4750936744268703e-16,1.2579852308330673e-15
E2_20260825T013044Z_2ba66f02,resolved|constant|identical,full,exact_null,3,0.0,1.9999999999999998,1.2812752273409148e-15,1.5024031576259689e-16,1.2812752273409148e-15
E2_20260825T013044Z_2ba66f02,resolved|constant|identical,full,exact_null,4,0.0,2.0000000000000013,1.4109596324044739e-15,1.6544690490946524e-16,1.4109596324044739e-15
E2_20260825T013044Z_2ba66f02,resolved|constant|identical,full,exact_null,5,0.0,1.9999999999999996,1.1459820961463206e-15,1.3437605622066325e-16,1.1459820961463206e-15
E2_20260825T013044Z_2ba66f02,resolved|constant|identical,full,exact_null,6,0.0,2.000000000000001,1.5139627752282285e-15,1.7752489125631528e-16,1.5139627752282285e-15
E2_20260825T013044Z_2ba66f02,resolved|constant|identical,full,exact_null,7,0.0,2.0000000000000004,1.5642216152259182e-15,1.8341816370082e-16,1.5642216152259182e-15
E2_20260825T013044Z_2ba66f02,resolved|constant|identical,full,exact_null,8,0.0,2.0,1.4275524132569829e-15,1.6739254826654016e-16,1.4275524132569829e-15
E2_20260825T013044Z_2ba66f02,resolved|constant|identical,full,exact_null,9,0.0,2.0,6.577072539652872e-16,7.712171702575447e-17,6.577072539652872e-16
E2_20260825T013044Z_2ba66f02,resolved|constant|identical,full,exact_null,10,0.0,1.9999999999999991,1.1170271827598538e-15,1.3098084866709994e-16,1.1170271827598538e-15
E2_20260825T013044Z_2ba66f02,resolved|constant|identical,full,exact_null,11,0.0,1.9999999999999991,1.2860126243096762e-15,1.5079581547202044e-16,1.2860126243096762e-15
E2_20260825T013044Z_2ba66f02,resolved|constant|identical,full,exact_null,12,0.0,1.999999999999999,1.1957554408779114e-15,1.4021240025468796e-16,1.1957554408779114e-15
E2_20260825T013044Z_2ba66f02,resolved|constant|identical,full,exact_null,13,0.0,1.9999999999999998,1.2765351000292771e-15,1.4968449589746664e-16,1.2765351000292771e-15
E2_20260825T013044Z_2ba66f02,resolved|constant|identical,full,exact_null,14,0.0,2.0000000000000004,9.94252991892411e-16,1.1658454035658735e-16,9.94252991892411e-16
E2_20260825T013044Z_2ba66f02,resolved|constant|identical,full,exact_null,15,0.0,2.0,9.791137604425626e-16,1.148093379138236e-16,9.791137604425626e-16
E2_20260825T013044Z_2ba66f02,resolved|constant|identical,full,exact_null,16,0.0,2.0000000000000004,1.2050514652490918e-15,1.4130243743566228e-16,1.2050514652490918e-15
E2_20260825T013044Z_2ba66f02,resolved|constant|identical,full,exact_null,17,0.0,1.9999999999999993,1.2093938509741103e-15,1.4181161874859825e-16,1.2093938509741103e-15
E2_20260825T013044Z_2ba66f02,resolved|constant|identical,full,exact_null,18,0.0,2.000000000000001,1.0338029278934673e-15,1.2122210357984647e-16,1.0338029278934673e-15
E2_20260825T013044Z_2ba66f02,resolved|constant|identical,full,exact_null,19,0.0,1.9999999999999996,1.1090988928989633e-15,1.300511898812748e-16,1.1090988928989633e-15
E2_20260825T013044Z_2ba66f02,resolved|constant|identical,full,exact_null,20,0.0,2.0000000000000018,1.1310487068734148e-15,1.3262499050746486e-16,1.1310487068734148e-15
E2_20260825T013044Z_2ba66f02,resolved|constant|identical,full,exact_null,21,0.0,1.9999999999999998,1.2442568464427905e-15,1.4589959870471962e-16,1.2442568464427905e-15
E2_20260825T013044Z_2ba66f02,resolved|constant|identical,full,exact_null,22,0.0,1.9999999999999993,1.0704989259135691e-15,1.2552501852904558e-16,1.0704989259135691e-15
E2_20260825T013044Z_2ba66f02,resolved|constant|identical,full,exact_null,23,0.0,1.9999999999999991,1.108315960728813e-15,1.2995938448774652e-16,1.108315960728813e-15
E2_20260825T013044Z_2ba66f02,resolved|constant|identical,full,exact_null,24,0.0,2.0000000000000004,9.495375919162777e-16,1.113412829607448e-16,9.495375919162777e-16
E2_20260825T013044Z_2ba66f02,resolved|constant|identical,full,exact_null,25,0.0,2.0,1.0946506564631873e-15,1.2835701242587468e-16,1.0946506564631873e-15
E2_20260825T013044Z_2ba66f02,resolved|constant|identical,full,exact_null,26,0.0,1.9999999999999998,9.579376669407605e-16,1.1232626253201688e-16,9.579376669407605e-16
E2_20260825T013044Z_2ba66f02,resolved|constant|identical,full,exact_null,27,0.0,1.9999999999999996,8.776391931883356e-16,1.0291058993148126e-16,8.776391931883356e-16
E2_20260825T013044Z_2ba66f02,resolved|constant|identical,full,exact_null,28,0.0,2.0000000000000004,8.848606746463316e-16,1.0375736947686801e-16,8.848606746463316e-16
E2_20260825T013044Z_2ba66f02,resolved|constant|identical,full,exact_null,29,0.0,2.0,9.368562859601817e-16,1.0985429299132192e-16,9.368562859601817e-16
E2_20260825T013044Z_2ba66f02,resolved|constant|identical,full,exact_null,30,0.0,2.0,8.059688232720738e-16,9.450663520163908e-17,8.059688232720738e-16
E2_20260825T013044Z_2ba66f02,resolved|constant|identical,full,exact_null,31,0.0,2.0,6.295907131431475e-16,7.382481571904852e-17,6.295907131431475e-16
E2_20260825T013044Z_2ba66f02,resolved|constant|identical,full,exact_null,32,0.0,2.0000000000000004,9.734975469750387e-16,1.1415078956547064e-16,9.734975469750387e-16
E2_20260825T013044Z_2ba66f02,resolved|constant|identical,full,exact_null,33,0.0,1.9999999999999993,9.284289467645883e-16,1.0886611646627343e-16,9.284289467645883e-16
E2_20260825T013044Z_2ba66f02,resolved|constant|identical,full,exact_null,34,0.0,1.9999999999999993,7.341105996202191e-16,8.608065303854102e-17,7.341105996202191e-16
E2_20260825T013044Z_2ba66f02,resolved|constant|identical,full,exact_null,35,0.0,1.9999999999999996,8.807542934454888e-16,1.032758616828427e-16,8.807542934454888e-16
E2_20260825T013044Z_2ba66f02,resolved|constant|identical,full,exact_null,36,0.0,1.9999999999999998,1.1495426250166125e-15,1.347935582298644e-16,1.1495426250166125e-15
E2_20260825T013044Z_2ba66f02,resolved|constant|identical,full,exact_null,37,0.0,2.0,8.197642316720494e-16,9.612426306945303e-17,8.197642316720494e-16
E2_20260825T013044Z_2ba66f02,resolved|constant|identical,full,exact_null,38,0.0,2.0,6.974873749756304e-16,8.178627138077132e-17,6.974873749756304e-16
E2_20260825T013044Z_2ba66f02,resolved|constant|identical,full,exact_null,39,0.0,1.9999999999999996,4.3585833148323905e-16,5.1108061681408724e-17,4.3585833148323905e-16
E2_20260825T013044Z_2ba66f02,resolved|constant|identical,full,exact_null,40,0.0,2.0,7.162500132867411e-16,8.398634880695465e-17,7.162500132867411e-16
E2_20260825T013044Z_2ba66f02,resolved|constant|identical,full,exact_null,41,0.0,2.0000000000000004,5.696574754933558e-16,6.679713863840547e-17,5.696574754933558e-16
E2_20260825T013044Z_2ba66f02,resolved|constant|identical,full,exact_null,42,0.0,1.9999999999999996,7.117238307209648e-16,8.345561576586351e-17,7.117238307209648e-16
E2_20260825T013044Z_2ba66f02,resolved|constant|identical,full,exact_null,43,0.0,1.9999999999999998,7.278392997921155e-16,8.534529029499402e-17,7.278392997921155e-16
E2_20260825T013044Z_2ba66f02,resolved|constant|identical,full,exact_null,44,0.0,2.0,6.67787007227325e-16,7.830365302247274e-17,6.67787007227325e-16
E2_20260825T013044Z_2ba66f02,resolved|constant|identical,full,exact_null,45,0.0,1.9999999999999998,8.644177122219186e-16,1.0136025989086531e-16,8.644177122219186e-16
E2_20260825T013044Z_2ba66f02,resolved|constant|identical,full,exact_null,46,0.0,1.9999999999999991,7.73495847286696e-16,9.069890516699268e-17,7.73495847286696e-16
E2_20260825T013044Z_2ba66f02,resolved|constant|identical,full,exact_null,47,0.0,2.0,7.064529071230156e-16,8.283755556395055e-17,7.064529071230156e-16
E2_20260825T013044Z_2ba66f02,resolved|constant|identical,full,exact_null,48,0.0,2.0,7.079696907753206e-16,8.301541122681135e-17,7.079696907753206e-16
E2_20260825T013044Z_2ba66f02,resolved|constant|identical,full,exact_null,49,0.0,2.0,8.130372454571466e-16,9.533546725767798e-17,8.130372454571466e-16
E2_20260825T013044Z_2ba66f02,resolved|constant|identical,full,exact_null,50,0.0,2.0,6.327023286647082e-16,7.418967885580119e-17,6.327023286647082e-16
E2_20260825T013044Z_2ba66f02,resolved|constant|identical,full,exact_null,51,0.0,1.9999999999999998,7.230471478236789e-16,8.478337010052148e-17,7.230471478236789e-16
E2_20260825T013044Z_2ba66f02,resolved|constant|identical,full,exact_null,52,0.0,2.0,7.471406752152415e-16,8.760853918667912e-17,7.471406752152415e-16
E2_20260825T013044Z_2ba66f02,resolved|constant|identical,full,exact_null,53,0.0,1.9999999999999996,6.423297919058879e-16,7.5318580036814e-17,6.423297919058879e-16
E2_20260825T013044Z_2ba66f02,resolved|constant|identical,full,exact_null,54,0.0,2.0,7.74378835922312e-16,9.080244302412043e-17,7.74378835922312e-16
E2_20260825T013044Z_2ba66f02,resolved|constant|identical,full,exact_null,55,0.0,1.9999999999999998,6.801147141835054e-16,7.974918052991475e-17,6.801147141835054e-16
E2_20260825T013044Z_2ba66f02,resolved|constant|identical,full,exact_null,56,0.0,1.9999999999999996,5.257437647501773e-16,6.164788605974227e-17,5.257437647501773e-16
E2_20260825T013044Z_2ba66f02,resolved|constant|identical,full,exact_null,57,0.0,1.9999999999999993,7.239039602022635e-16,8.48838385709648e-17,7.239039602022635e-16
E2_20260825T013044Z_2ba66f02,resolved|constant|identical,full,exact_null,58,0.0,1.9999999999999993,8.083443284819047e-16,9.47851832022598e-17,8.083443284819047e-16
E2_20260825T013044Z_2ba66f02,resolved|constant|identical,full,exact_null,59,0.0,1.9999999999999996,6.09196139499025e-16,7.14333801252335e-17,6.09196139499025e-16
E2_20260825T013044Z_2ba66f02,resolved|constant|identical,full,exact_null,60,0.0,2.0000000000000004,7.318492944468009e-16,8.581549595437963e-17,7.318492944468009e-16
E2_20260825T013044Z_2ba66f02,resolved|constant|identical,full,exact_null,61,0.0,2.0,5.372454878958107e-16,6.299656000608881e-17,5.372454878958107e-16
E2_20260825T013044Z_2ba66f02,resolved|constant|identical,full,exact_null,62,0.0,2.0000000000000004,5.6739462948531785e-16,6.653180087840264e-17,5.6739462948531785e-16
E2_20260825T013044Z_2ba66f02,resolved|constant|identical,full,exact_null,63,0.0,2.0,6.451365594296608e-16,7.564769717733578e-17,6.451365594296608e-16
E2_20260825T013044Z_2ba66f02,resolved|constant|identical,full,exact_null,64,0.0,2.0,6.045451255790259e-16,7.088800955609583e-17,6.045451255790259e-16
E2_20260825T013044Z_2ba66f02,resolved|constant|identical,full,exact_null,65,0.0,2.0000000000000004,5.581101201814744e-16,6.544311393609351e-17,5.581101201814744e-16
E2_20260825T013044Z_2ba66f02,resolved|constant|identical,full,exact_null,66,0.0,1.9999999999999996,6.621422334036638e-16,7.764175573172801e-17,6.621422334036638e-16
E2_20260825T013044Z_2ba66f02,resolved|constant|identical,full,exact_null,67,0.0,2.0,5.039150513346131e-16,5.908828549441191e-17,5.039150513346131e-16
E2_20260825T013044Z_2ba66f02,resolved|constant|identical,full,exact_null,68,0.0,1.9999999999999998,6.764408273576505e-16,7.931838634532882e-17,6.764408273576505e-16
E2_20260825T013044Z_2ba66f02,resolved|constant|identical,full,exact_null,69,0.0,1.9999999999999998,4.909128975044375e-16,5.756367340845633e-17,4.909128975044375e-16
E2_20260825T013044Z_2ba66f02,resolved|constant|identical,full,exact_null,70,0.0,1.9999999999999996,4.2730189607054215e-16,5.010474753720744e-17,4.2730189607054215e-16
E2_20260825T013044Z_2ba66f02,resolved|constant|identical,full,exact_null,71,0.0,2.0,6.12731151779141e-16,7.184789009924704e-17,6.12731151779141e-16
E2_20260825T013044Z_2ba66f02,resolved|constant|identical,full,exact_null,72,0.0,1.9999999999999996,4.661289575822563e-16,5.4657547636027737e-17,4.661289575822563e-16
E2_20260825T013044Z_2ba66f02,resolved|constant|identical,full,exact_null,73,0.0,2.0000000000000004,4.890720682879095e-16,5.734782067295145e-17,4.890720682879095e-16
E2_20260825T013044Z_2ba66f02,resolved|constant|identical,full,exact_null,74,0.0,1.9999999999999998,5.401081698269747e-16,6.333223358198285e-17,5.401081698269747e-16
E2_20260825T013044Z_2ba66f02,resolved|constant|identical,full,exact_null,75,0.0,2.0,5.494690675395134e-16,6.442987770882037e-17,5.494690675395134e-16
E2_20260825T013044Z_2ba66f02,resolved|constant|identical,full,exact_null,76,0.0,1.9999999999999996,4.2588793716492914e-16,4.993894894224397e-17,4.2588793716492914e-16
E2_20260825T013044Z_2ba66f02,resolved|constant|identical,full,exact_null,77,0.0,1.9999999999999993,5.700865563794125e-16,6.68474519875074e-17,5.700865563794125e-16
E2_20260825T013044Z_2ba66f02,resolved|constant|identical,full,exact_null,78,0.0,2.0,4.525436683374535e-16,5.306455800951222e-17,4.525436683374535e-16
E2_20260825T013044Z_2ba66f02,resolved|constant|identical,full,exact_null,79,0.0,2.0,5.186624128042963e-16,6.081753788030918e-17,5.186624128042963e-16
E2_20260825T013044Z_2ba66f02,resolved|constant|identical,full,exact_null,80,0.0,2.0,5.152830480197418e-16,6.042127888655485e-17,5.152830480197418e-16
E2_20260825T013044Z_2ba66f02,resolved|constant|identical,full,exact_null,81,0.0,2.0,6.061251947446358e-16,7.107328597860238e-17,6.061251947446358e-16
E2_20260825T013044Z_2ba66f02,resolved|constant|identical,full,exact_null,82,0.0,1.9999999999999998,4.608237357669787e-16,5.4035465679154114e-17,4.608237357669787e-16
E2_20260825T013044Z_2ba66f02,resolved|constant|identical,full,exact_null,83,0.0,1.9999999999999998,6.543500993621171e-16,7.672806236289885e-17,6.543500993621171e-16
E2_20260825T013044Z_2ba66f02,resolved|constant|identical,full,exact_null,84,0.0,1.9999999999999998,4.3506286308551755e-16,5.1014786309573996e-17,4.3506286308551755e-16
E2_20260825T013044Z_2ba66f02,resolved|constant|identical,full,exact_null,85,0.0,1.9999999999999993,5.82295311045032e-16,6.827903133665117e-17,5.82295311045032e-16
E2_20260825T013044Z_2ba66f02,resolved|constant|identical,full,exact_null,86,0.0,1.9999999999999993,5.44123697559923e-16,6.380308804141359e-17,5.44123697559923e-16
E2_20260825T013044Z_2ba66f02,resolved|constant|identical,full,exact_null,87,0.0,1.9999999999999998,3.9972263289434233e-16,4.687084656130921e-17,3.9972263289434233e-16
E2_20260825T013044Z_2ba66f02,resolved|constant|identical,full,exact_null,88,0.0,1.9999999999999996,3.6493401884299444e-16,4.279158845306909e-17,3.6493401884299444e-16
E2_20260825T013044Z_2ba66f02,resolved|constant|identical,full,exact_null,89,0.0,2.0,4.105458185065185e-16,4.813995626485449e-17,4.105458185065185e-16
E2_20260825T013044Z_2ba66f02,resolved|constant|identical,full,exact_null,90,0.0,1.9999999999999998,3.7085325654492138e-16,4.348566894602999e-17,3.7085325654492138e-16
E2_20260825T013044Z_2ba66f02,resolved|constant|identical,full,exact_null,91,0.0,2.0000000000000004,4.020810893461246e-16,4.714739545140479e-17,4.020810893461246e-16
E2_20260825T013044Z_2ba66f02,resolved|constant|identical,full,exact_null,92,0.0,2.0000000000000004,4.938990920679811e-16,5.791382988114988e-17,4.938990920679811e-16
E2_20260825T013044Z_2ba66f02,resolved|constant|identical,full,exact_null,93,0.0,2.0,4.259891057160815e-16,4.995081180726003e-17,4.259891057160815e-16
E2_20260825T013044Z_2ba66f02,resolved|constant|identical,full,exact_null,94,0.0,2.0,4.2964198703642915e-16,5.0379142919343807e-17,4.2964198703642915e-16
E2_20260825T013044Z_2ba66f02,resolved|constant|identical,full,exact_null,95,0.0,1.9999999999999998,4.511386950445974e-16,5.2899813053352574e-17,4.511386950445974e-16
E2_20260825T013044Z_2ba66f02,resolved|constant|identical,full,exact_null,96,0.0,2.0,3.4296345673160794e-16,4.0215354933010426e-17,3.4296345673160794e-16
E2_20260825T013044Z_2ba66f02,resolved|constant|identical,full,exact_null,97,0.0,1.9999999999999998,3.610755061343464e-16,4.233914532816426e-17,3.610755061343464e-16
E2_20260825T013044Z_2ba66f02,resolved|constant|identical,full,exact_null,98,0.0,2.0,3.8539300980088504e-16,4.519057751967012e-17,3.8539300980088504e-16
E2_20260825T013044Z_2ba66f02,resolved|constant|identical,full,exact_null,99,0.0,2.0,3.7278804431357514e-16,4.371253911341738e-17,3.7278804431357514e-16
E2_20260825T013044Z_2ba66f02,resolved|constant|identical,full,exact_null,100,0.0,2.0000000000000004,4.201249423746665e-16,4.926318924709699e-17,4.201249423746665e-16
E2_20260825T013044Z_2ba66f02,resolved|constant|identical,full,exact_null,101,0.0,2.0,3.840493638072817e-16,4.50330237060597e-17,3.840493638072817e-16
E2_20260825T013044Z_2ba66f02,resolved|constant|identical,full,exact_null,102,0.0,2.0,3.4834374059018764e-16,4.084623854689484e-17,3.4834374059018764e-16
E2_20260825T013044Z_2ba66f02,resolved|constant|identical,full,exact_null,103,0.0,2.0000000000000004,2.9326338942506046e-16,3.438760329446942e-17,2.9326338942506046e-16
E2_20260825T013044Z_2ba66f02,resolved|constant|identical,full,exact_null,104,0.0,1.9999999999999996,4.175312654380825e-16,4.895905877331327e-17,4.175312654380825e-16
E2_20260825T013044Z_2ba66f02,resolved|constant|identical,full,exact_null,105,0.0,1.9999999999999998,3.957114346692787e-16,4.640049977315611e-17,3.957114346692787e-16
E2_20260825T013044Z_2ba66f02,resolved|constant|identical,full,exact_null,106,0.0,1.9999999999999998,4.151781593308442e-16,4.868313725619468e-17,4.151781593308442e-16
E2_20260825T013044Z_2ba66f02,resolved|constant|identical,full,exact_null,107,0.0,2.0,4.237509671027573e-16,4.9688371197459014e-17,4.237509671027573e-16
E2_20260825T013044Z_2ba66f02,resolved|constant|identical,full,exact_null,108,0.0,2.0,3.8764656463264136e-16,4.545482581097132e-17,3.8764656463264136e-16
E2_20260825T013044Z_2ba66f02,resolved|constant|identical,full,exact_null,109,0.0,1.9999999999999996,3.422144686694309e-16,4.0127529772137354e-17,3.422144686694309e-16
E2_20260825T013044Z_2ba66f02,resolved|constant|identical,full,exact_null,110,0.0,2.0,3.746607999722579e-16,4.3932135493260466e-17,3.746607999722579e-16
E2_20260825T013044Z_2ba66f02,resolved|constant|identical,full,exact_null,111,0.0,2.0,3.3757366693755496e-16,3.9583356668099707e-17,3.3757366693755496e-16
E2_20260825T013044Z_2ba66f02,resolved|constant|identical,full,exact_null,112,0.0,2.0,2.907559114913904e-16,3.4093580380045203e-17,2.907559114913904e-16
E2_20260825T013044Z_2ba66f02,resolved|constant|identical,full,exact_null,113,0.0,1.9999999999999993,2.573318762927563e-16,3.0174330639515554e-17,2.573318762927563e-16
E2_20260825T013044Z_2ba66f02,resolved|constant|identical,full,exact_null,114,0.0,1.9999999999999998,3.218931417947491e-16,3.7744682979178334e-17,3.218931417947491e-16
E2_20260825T013044Z_2ba66f02,resolved|constant|identical,full,exact_null,115,0.0,1.9999999999999996,3.717004098844669e-16,4.358500481276395e-17,3.717004098844669e-16
E2_20260825T013044Z_2ba66f02,resolved|constant|identical,full,exact_null,116,0.0,1.9999999999999998,2.446891822544942e-16,2.869186824278258e-17,2.446891822544942e-16
E2_20260825T013044Z_2ba66f02,resolved|constant|identical,full,exact_null,117,0.0,1.9999999999999991,2.646118850753702e-16,3.102797300683448e-17,2.646118850753702e-16
E2_20260825T013044Z_2ba66f02,resolved|constant|identical,full,exact_null,118,0.0,1.9999999999999998,2.915833627050501e-16,3.4190606006519206e-17,2.915833627050501e-16
E2_20260825T013044Z_2ba66f02,resolved|constant|identical,full,exact_null,119,0.0,1.9999999999999996,3.029080452627006e-16,3.5518520452273084e-17,3.029080452627006e-16
E2_20260825T013044Z_2ba66f02,resolved|constant|identical,full,exact_null,120,0.0,2.0,3.4807200755680843e-16,4.0814375559250304e-17,3.4807200755680843e-16
E2_20260825T013044Z_2ba66f02,resolved|constant|identical,full,exact_null,121,0.0,2.0,3.355023447847972e-16,3.9340476693808605e-17,3.355023447847972e-16
E2_20260825T013044Z_2ba66f02,resolved|constant|identical,full,exact_null,122,0.0,2.0,3.390425164596791e-16,3.9755591650328824e-17,3.390425164596791e-16
E2_20260825T013044Z_2ba66f02,resolved|constant|identical,full,exact_null,123,0.0,1.9999999999999998,2.360436407815247e-16,2.767810566225315e-17,2.360436407815247e-16
E2_20260825T013044Z_2ba66f02,resolved|constant|identical,full,exact_null,124,0.0,2.0,2.1202663191189885e-16,2.4861909017497763e-17,2.1202663191189885e-16
E2_20260825T013044Z_2ba66f02,resolved|constant|identical,full,exact_null,125,0.0,2.0,3.318180542137823e-16,3.8908462582446133e-17,3.318180542137823e-16
E2_20260825T013044Z_2ba66f02,resolved|constant|identical,full,exact_null,126,0.0,2.0,4.125436188137623e-16,4.837421518330235e-17,4.125436188137623e-16
E2_20260825T013044Z_2ba66f02,resolved|constant|identical,full,exact_null,127,0.0,2.0,2.63735025392267e-16,3.0925153821028224e-17,2.63735025392267e-16
E2_20260825T013044Z_2ba66f02,resolved|constant|identical,full,exact_null,128,0.0,1.9999999999999991,3.021631060063355e-16,3.543117004799459e-17,3.021631060063355e-16
E2_20260825T013044Z_2ba66f02,resolved|constant|identical,full,exact_null,129,0.0,1.9999999999999996,2.5323980776891e-16,2.9694501127459227e-17,2.5323980776891e-16
E2_20260825T013044Z_2ba66f02,resolved|constant|identical,full,exact_null,130,0.0,1.9999999999999998,2.7288377162374684e-16,3.199792139923387e-17,2.7288377162374684e-16
E2_20260825T013044Z_2ba66f02,resolved|constant|identical,full,exact_null,131,0.0,1.9999999999999998,2.961484023327664e-16,3.4725895365512154e-17,2.961484023327664e-16
E2_20260825T013044Z_2ba66f02,resolved|constant|identical,full,exact_null,132,0.0,1.9999999999999998,2.5918829883780287e-16,3.03920118241705e-17,2.5918829883780287e-16
E2_20260825T013044Z_2ba66f02,resolved|constant|identical,full,exact_null,133,0.0,1.9999999999999996,2.548105793975461e-16,2.987868733541939e-17,2.548105793975461e-16
E2_20260825T013044Z_2ba66f02,resolved|constant|identical,full,exact_null,134,0.0,1.9999999999999996,2.1686507073644464e-16,2.542925673583802e-17,2.1686507073644464e-16
E2_20260825T013044Z_2ba66f02,resolved|constant|identical,full,exact_null,135,0.0,2.0,2.508813067602037e-16,2.9417947012688885e-17,2.508813067602037e-16
E2_20260825T013044Z_2ba66f02,resolved|constant|identical,full,exact_null,136,0.0,2.0000000000000004,2.661157049349682e-16,3.120430855577423e-17,2.661157049349682e-16
E2_20260825T013044Z_2ba66f02,resolved|constant|identical,full,exact_null,137,0.0,1.9999999999999998,2.319114791410856e-16,2.7193574894472624e-17,2.319114791410856e-16
E2_20260825T013044Z_2ba66f02,resolved|constant|identical,full,exact_null,138,0.0,1.9999999999999998,3.039913797663335e-16,3.564555055043561e-17,3.039913797663335e-16
E2_20260825T013044Z_2ba66f02,resolved|constant|identical,full,exact_null,139,0.0,1.9999999999999996,2.2329130772604665e-16,2.618278716699042e-17,2.2329130772604665e-16
E2_20260825T013044Z_2ba66f02,resolved|constant|identical,full,exact_null,140,0.0,1.9999999999999996,2.4228626248861045e-16,2.84101056544839e-17,2.4228626248861045e-16
E2_20260825T013044Z_2ba66f02,resolved|constant|identical,full,exact_null,141,0.0,2.0,2.1371764868881484e-16,2.506019498221665e-17,2.1371764868881484e-16
E2_20260825T013044Z_2ba66f02,resolved|constant|identical,full,exact_null,142,0.0,1.9999999999999998,2.908423148585528e-16,3.4103711902834704e-17,2.908423148585528e-16
E2_20260825T013044Z_2ba66f02,resolved|constant|identical,full,exact_null,143,0.0,1.9999999999999998,2.301991460028377e-16,2.699278940678702e-17,2.301991460028377e-16
E2_20260825T013044Z_2ba66f02,resolved|constant|identical,full,exact_null,144,0.0,1.9999999999999998,2.672222757899598e-16,3.1334063311910944e-17,2.672222757899598e-16
E2_20260825T013044Z_2ba66f02,resolved|constant|identical,full,exact_null,145,0.0,1.9999999999999998,2.863180077565315e-16,3.3573198775670513e-17,2.863180077565315e-16
E2_20260825T013044Z_2ba66f02,resolved|constant|identical,full,exact_null,146,0.0,2.0,1.5236147913606515e-16,1.7865667147069623e-17,1.5236147913606515e-16
E2_20260825T013044Z_2ba66f02,resolved|constant|identical,full,exact_null,147,0.0,1.9999999999999996,2.3920154210236085e-16,2.804839619895085e-17,2.3920154210236085e-16
E2_20260825T013044Z_2ba66f02,resolved|constant|identical,full,exact_null,148,0.0,1.9999999999999998,2.245805514525666e-16,2.6333961856420177e-17,2.245805514525666e-16
E2_20260825T013044Z_2ba66f02,resolved|constant|identical,full,exact_null,149,0.0,1.9999999999999996,1.7620781297699489e-16,2.0661850706691606e-17,1.7620781297699489e-16
E2_20260825T013044Z_2ba66f02,resolved|constant|identical,full,exact_null,150,0.0,2.0,2.1346111696917083e-16,2.5030114476685904e-17,2.1346111696917083e-16
E2_20260825T013044Z_2ba66f02,resolved|constant|identical,full,exact_null,151,0.0,1.9999999999999998,2.762592285593058e-16,3.2393722164767983e-17,2.762592285593058e-16
E2_20260825T013044Z_2ba66f02,resolved|constant|identical,full,exact_null,152,0.0,1.9999999999999993,2.124153945718102e-16,2.4907494714883798e-17,2.124153945718102e-16
E2_20260825T013044Z_2ba66f02,resolved|constant|identical,full,exact_null,153,0.0,1.9999999999999996,1.890201560778757e-16,2.2164205885391155e-17,1.890201560778757e-16
E2_20260825T013044Z_2ba66f02,resolved|constant|identical,full,exact_null,154,0.0,2.0,2.1927986071059176e-16,2.5712411206067772e-17,2.1927986071059176e-16
E2_20260825T013044Z_2ba66f02,resolved|constant|identical,full,exact_null,155,0.0,2.0000000000000004,2.364095514207547e-16,2.772101176767509e-17,2.364095514207547e-16
E2_20260825T013044Z_2ba66f02,resolved|constant|identical,full,exact_null,156,0.0,1.9999999999999998,2.274766055208637e-16,2.667354859656929e-17,2.274766055208637e-16
E2_20260825T013044Z_2ba66f02,resolved|constant|identical,full,exact_null,157,0.0,1.9999999999999998,1.7451415803173728e-16,2.046325539450683e-17,1.7451415803173728e-16
E2_20260825T013044Z_2ba66f02,resolved|constant|identical,full,exact_null,158,0.0,1.9999999999999996,1.9232495362214397e-16,2.2551721241957248e-17,1.9232495362214397e-16
E2_20260825T013044Z_2ba66f02,resolved|constant|identical,full,exact_null,159,0.0,1.9999999999999996,2.324511258260379e-16,2.7256853015064817e-17,2.324511258260379e-16
E2_20260825T013044Z_2ba66f02,resolved|constant|identical,full,exact_null,160,0.0,1.9999999999999991,2.0298254307918997e-16,2.3801413401086675e-17,2.0298254307918997e-16
E2_20260825T013044Z_2ba66f02,resolved|constant|identical,full,exact_null,161,0.0,1.9999999999999998,1.9093269905770154e-16,2.2388467663865482e-17,1.9093269905770154e-16
E2_20260825T013044Z_2ba66f02,resolved|constant|identical,full,exact_null,162,0.0,2.0,1.699487057585642e-16,1.992791764935734e-17,1.699487057585642e-16
E2_20260825T013044Z_2ba66f02,resolved|constant|identical,full,exact_null,163,0.0,1.9999999999999993,1.5503501972992246e-16,1.8179162307558174e-17,1.5503501972992246e-16
E2_20260825T013044Z_2ba66f02,resolved|constant|identical,full,exact_null,164,0.0,1.9999999999999993,2.1935055363444196e-16,2.5720700547010917e-17,2.1935055363444196e-16
E2_20260825T013044Z_2ba66f02,resolved|constant|identical,full,exact_null,165,0.0,1.9999999999999991,1.6036345835568467e-16,1.8803966631073847e-17,1.6036345835568467e-16
E2_20260825T013044Z_2ba66f02,resolved|constant|identical,full,exact_null,166,0.0,2.0,1.5096997975834624e-16,1.7702502120983996e-17,1.5096997975834624e-16
E2_20260825T013044Z_2ba66f02,resolved|constant|identical,full,exact_null,167,0.0,1.9999999999999998,7.086621524246281e-16,8.309660818951338e-17,7.086621524246281e-16
E2_20260825T013044Z_2ba66f02,resolved|constant|identical,full,exact_null,168,0.0,2.0000000000000004,6.924081161061159e-16,8.119068548313437e-17,6.924081161061159e-16
E2_20260825T013044Z_2ba66f02,resolved|constant|identical,full,exact_null,169,0.0,1.9999999999999998,5.153356600463919e-16,6.042744808996107e-17,5.153356600463919e-16
E2_20260825T013044Z_2ba66f02,resolved|constant|identical,full,exact_null,170,0.0,2.0,5.233472905820125e-16,6.136687927208338e-17,5.233472905820125e-16
E2_20260825T013044Z_2ba66f02,resolved|constant|identical,full,exact_null,171,0.0,1.9999999999999991,5.01559968592968e-16,5.881213220025502e-17,5.01559968592968e-16
E2_20260825T013044Z_2ba66f02,resolved|constant|identical,full,exact_null,172,0.0,2.0,5.675981609469338e-16,6.655566665712706e-17,5.675981609469338e-16
E2_20260825T013044Z_2ba66f02,resolved|constant|identical,full,exact_null,173,0.0,1.9999999999999996,4.915811876305648e-16,5.764203605640884e-17,4.915811876305648e-16
E2_20260825T013044Z_2ba66f02,resolved|constant|identical,full,exact_null,174,0.0,1.9999999999999993,3.3598565108963533e-16,3.939714843013776e-17,3.3598565108963533e-16
E2_20260825T013044Z_2ba66f02,resolved|constant|identical,full,exact_null,175,0.0,1.9999999999999993,2.252582596709368e-15,2.6413428855040106e-16,2.252582596709368e-15
E2_20260825T013044Z_2ba66f02,resolved|constant|identical,full,near_null,0,0.18400738167822106,1.9999999999999998,0.36801476335644173,0.04315283170401744,0.36801476335644173
E2_20260825T013044Z_2ba66f02,resolved|constant|identical,full,near_null,1,0.184007381678221,1.9999999999999998,0.36801476335644173,0.04315283170401744,0.36801476335644173
E2_20260825T013044Z_2ba66f02,resolved|constant|identical,full,near_null,2,0.18400738167822095,1.9999999999999998,0.36801476335644173,0.04315283170401744,0.36801476335644173
E2_20260825T013044Z_2ba66f02,resolved|constant|identical,full,near_null,3,0.18400738167822087,1.9999999999999998,0.36801476335644173,0.04315283170401744,0.36801476335644173
E2_20260825T013044Z_2ba66f02,resolved|constant|identical,full,near_null,4,0.10901196016068589,1.9999999999999991,0.21802392032137144,0.025565141613532946,0.21802392032137144
E2_20260825T013044Z_2ba66f02,resolved|constant|identical,full,near_null,5,0.10901196016068586,2.0,0.21802392032137155,0.02556514161353296,0.21802392032137155
E2_20260825T013044Z_2ba66f02,resolved|constant|identical,full,near_null,6,0.10901196016068573,2.000000000000001,0.21802392032137166,0.025565141613532974,0.21802392032137166
E2_20260825T013044Z_2ba66f02,resolved|constant|identical,full,near_null,7,0.10901196016068572,1.9999999999999991,0.21802392032137147,0.02556514161353295,0.21802392032137147
E2_20260825T013044Z_2ba66f02,resolved|constant|identical,full,near_null,8,0.0976390853772087,2.0000000000000004,0.1952781707544173,0.022898010832983737,0.1952781707544173
E2_20260825T013044Z_2ba66f02,resolved|constant|identical,full,near_null,9,0.09763908537720867,2.0000000000000004,0.19527817075441728,0.022898010832983734,0.19527817075441728
E2_20260825T013044Z_2ba66f02,resolved|constant|identical,full,near_null,10,0.09763908537720864,2.0,0.19527817075441728,0.022898010832983734,0.19527817075441728
E2_20260825T013044Z_2ba66f02,resolved|constant|identical,full,near_null,11,0.09763908537720864,1.9999999999999991,0.1952781707544172,0.022898010832983724,0.1952781707544172
E2_20260825T013044Z_2ba66f02,resolved|constant|identical,full,near_null,12,0.052447694031011384,1.9999999999999996,0.10489538806202273,0.012299868044108545,0.10489538806202273
E2_20260825T013044Z_2ba66f02,resolved|constant|identical,full,near_null,13,0.052447694031011356,1.9999999999999996,0.10489538806202271,0.012299868044108543,0.10489538806202271
E2_20260825T013044Z_2ba66f02,resolved|constant|identical,full,near_null,14,0.052447694031011356,1.9999999999999996,0.10489538806202273,0.012299868044108545,0.10489538806202273
E2_20260825T013044Z_2ba66f02,resolved|constant|identical,full,near_null,15,0.05244769403101135,1.9999999999999996,0.10489538806202273,0.012299868044108545,0.10489538806202273
E2_20260825T013044Z_2ba66f02,resolved|constant|identical,full,near_null,16,0.04697599114613903,1.9999999999999993,0.093951982292278,0.011016661514175997,0.093951982292278
E2_20260825T013044Z_2ba66f02,resolved|constant|identical,full,near_null,17,0.04697599114613902,1.9999999999999998,0.09395198229227801,0.011016661514176,0.09395198229227801
E2_20260825T013044Z_2ba66f02,resolved|constant|identical,full,near_null,18,0.04697599114613901,1.999999999999999,0.09395198229227798,0.011016661514175996,0.09395198229227798
E2_20260825T013044Z_2ba66f02,resolved|constant|identical,full,near_null,19,0.04697599114613899,1.9999999999999993,0.093951982292278,0.011016661514175997,0.093951982292278
E2_20260825T013044Z_2ba66f02,resolved|none|rotation_shear,restricted,near_null,0,1.13681383636701,1.9999999999999996,2.2736276727340217,0.523360349197594,2.2736276727340217
E2_20260825T013044Z_2ba66f02,resolved|none|rotation_shear,restricted,near_null,1,1.1368138045358382,1.9999999999999982,2.273627609071676,0.5233603345433268,2.273627609071676
E2_20260825T013044Z_2ba66f02,resolved|none|rotation_shear,restricted,near_null,2,1.1367563212671767,2.0000000000000018,2.273512642534357,0.5233338706997349,2.273512642534357
E2_20260825T013044Z_2ba66f02,resolved|none|rotation_shear,restricted,near_null,3,1.1195233744606559,1.9999999999999993,2.2390467489213126,0.5154002576754707,2.2390467489213126
E2_20260825T013044Z_2ba66f02,resolved|none|rotation_shear,restricted,near_null,4,0.7822005424917754,1.9999999999999996,1.5644010849835501,0.36010535407389277,1.5644010849835501
E2_20260825T013044Z_2ba66f02,resolved|none|rotation_shear,restricted,near_null,5,0.6781887476553529,1.9999999999999996,1.356377495310705,0.3122209533700606,1.356377495310705
E2_20260825T013044Z_2ba66f02,resolved|none|rotation_shear,restricted,near_null,6,0.4466887354715306,1.9999999999999991,0.8933774709430607,0.20564420057211386,0.8933774709430607
E2_20260825T013044Z_2ba66f02,resolved|none|rotation_shear,restricted,near_null,7,0.4466887229640948,1.9999999999999991,0.8933774459281891,0.20564419481400664,0.8933774459281891
E2_20260825T013044Z_2ba66f02,resolved|none|rotation_shear,restricted,near_null,8,0.44666613603933336,1.9999999999999993,0.8933322720786674,0.20563379636489212,0.8933322720786674
E2_20260825T013044Z_2ba66f02,resolved|none|rotation_shear,restricted,near_null,9,0.43989478705395096,1.9999999999999984,0.8797895741079014,0.202516438486091,0.8797895741079014
E2_20260825T013044Z_2ba66f02,resolved|none|rotation_shear,restricted,near_null,10,0.2664809878364191,2.0,0.5329619756728381,0.12268110959511823,0.5329619756728381
E2_20260825T013044Z_2ba66f02,resolved|none|rotation_shear,restricted,near_null,11,0.10090238620970907,1.9999999999999993,0.20180477241941774,0.04645290758454052,0.20180477241941774
E2_20260825T013044Z_2ba66f02,resolved|none|rotation_shear,restricted,near_null,12,0.08748506197784801,1.9999999999999998,0.17497012395569578,0.040275910726616036,0.17497012395569578
E2_20260825T013044Z_2ba66f02,resolved|none|rotation_shear,restricted,near_null,13,0.034375541937824626,2.0,0.068751083875649,0.015825630421539123,0.068751083875649
E2_20260825T013044Z_2ba66f02,resolved|none|rotation_shear,restricted,near_null,14,0.003981572172972202,1.9999999999999991,0.007963144345944582,0.0018330151658441504,0.007963144345944582
E2_20260825T013044Z_2ba66f02,resolved|none|rotation_shear,restricted,near_null,15,0.003452129344075291,2.0000000000000004,0.006904258688150577,0.0015892730728580115,0.006904258688150577
E2_20260825T013044Z_2ba66f02,resolved|none|rotation_shear,restricted,near_null,16,0.0013564466248203962,1.9999999999999998,0.0027128932496407947,0.0006244737322186429,0.0027128932496407947
E2_20260825T013044Z_2ba66f02,resolved|none|rotation_shear,restricted,near_null,17,4.5064261985996876e-05,1.9999999999999993,9.012852397189063e-05,2.0746446898172718e-05,9.012852397189063e-05
E2_20260825T013044Z_2ba66f02,resolved|none|rotation_shear,restricted,near_null,18,3.9071917928985907e-05,2.0000000000000004,7.814383585802352e-05,1.798772319353231e-05,7.814383585802352e-05
E2_20260825T013044Z_2ba66f02,resolved|none|rotation_shear,restricted,near_null,19,1.5352545028782555e-05,2.0,3.070509005753662e-05,7.067923586332884e-06,3.070509005753662e-05
E2_20260825T013044Z_2ba66f02,resolved|none|rotation_shear,full,exact_null,0,0.0,1.999999999999999,1.1352445836914133e-15,1.2247022227572414e-16,1.1352445836914133e-15
E2_20260825T013044Z_2ba66f02,resolved|none|rotation_shear,full,exact_null,1,0.0,1.9999999999999996,1.1878273492183774e-15,1.281428527154304e-16,1.1878273492183774e-15
E2_20260825T013044Z_2ba66f02,resolved|none|rotation_shear,full,exact_null,2,0.0,1.9999999999999991,1.3809532122594358e-15,1.489772770444336e-16,1.3809532122594358e-15
E2_20260825T013044Z_2ba66f02,resolved|none|rotation_shear,full,exact_null,3,0.0,1.9999999999999991,1.211100457361185e-15,1.3065355637193106e-16,1.211100457361185e-15
E2_20260825T013044Z_2ba66f02,resolved|none|rotation_shear,full,exact_null,4,0.0,2.0,1.5217878555694673e-15,1.6417052290359225e-16,1.5217878555694673e-15
E2_20260825T013044Z_2ba66f02,resolved|none|rotation_shear,full,exact_null,5,0.0,2.0,1.3416313993589549e-15,1.4473523860145136e-16,1.3416313993589549e-15
E2_20260825T013044Z_2ba66f02,resolved|none|rotation_shear,full,exact_null,6,0.0,2.0000000000000027,1.2440912339728e-15,1.342126024160314e-16,1.2440912339728e-15
E2_20260825T013044Z_2ba66f02,resolved|none|rotation_shear,full,exact_null,7,0.0,1.9999999999999998,1.4055203462058263e-15,1.5162758024632914e-16,1.4055203462058263e-15
E2_20260825T013044Z_2ba66f02,resolved|none|rotation_shear,full,exact_null,8,0.0,1.9999999999999998,1.2151288884998201e-15,1.3108814365299685e-16,1.2151288884998201e-15
E2_20260825T013044Z_2ba66f02,resolved|none|rotation_shear,full,exact_null,9,0.0,1.9999999999999998,1.6185492686117746e-15,1.7460914726106002e-16,1.6185492686117746e-15
E2_20260825T013044Z_2ba66f02,resolved|none|rotation_shear,full,exact_null,10,0.0,1.999999999999999,1.4156104404460392e-15,1.527160999381507e-16,1.4156104404460392e-15
E2_20260825T013044Z_2ba66f02,resolved|none|rotation_shear,full,exact_null,11,0.0,1.999999999999999,1.297461418765419e-15,1.3997017967149377e-16,1.297461418765419e-15
E2_20260825T013044Z_2ba66f02,resolved|none|rotation_shear,full,exact_null,12,0.0,2.0,1.1064152614816646e-15,1.1936011406661407e-16,1.1064152614816646e-15
E2_20260825T013044Z_2ba66f02,resolved|none|rotation_shear,full,exact_null,13,0.0,1.9999999999999996,1.3217835026992469e-15,1.4259404687013648e-16,1.3217835026992469e-15
E2_20260825T013044Z_2ba66f02,resolved|none|rotation_shear,full,exact_null,14,0.0,1.9999999999999991,1.380097652053333e-15,1.4888497918182592e-16,1.380097652053333e-15
E2_20260825T013044Z_2ba66f02,resolved|none|rotation_shear,full,exact_null,15,0.0,2.0000000000000004,7.864226184459373e-16,8.483929742307515e-17,7.864226184459373e-16
E2_20260825T013044Z_2ba66f02,resolved|none|rotation_shear,full,exact_null,16,0.0,1.9999999999999998,1.1963404842695025e-15,1.2906124999911033e-16,1.1963404842695025e-15
E2_20260825T013044Z_2ba66f02,resolved|none|rotation_shear,full,exact_null,17,0.0,1.9999999999999996,8.270261637559104e-16,8.921960919970154e-17,8.270261637559104e-16
E2_20260825T013044Z_2ba66f02,resolved|none|rotation_shear,full,exact_null,18,0.0,2.0,1.0861934242060663e-15,1.1717858160960547e-16,1.0861934242060663e-15
E2_20260825T013044Z_2ba66f02,resolved|none|rotation_shear,full,exact_null,19,0.0,2.0,1.1911480997483873e-15,1.2850109538963028e-16,1.1911480997483873e-15
E2_20260825T013044Z_2ba66f02,resolved|none|rotation_shear,full,exact_null,20,0.0,2.0,1.137366592309926e-15,1.2269914463387817e-16,1.137366592309926e-15
E2_20260825T013044Z_2ba66f02,resolved|none|rotation_shear,full,exact_null,21,0.0,2.0000000000000004,1.1749494353695555e-15,1.2675358295438517e-16,1.1749494353695555e-15
E2_20260825T013044Z_2ba66f02,resolved|none|rotation_shear,full,exact_null,22,0.0,1.9999999999999996,1.079222759041364e-15,1.1642658602698412e-16,1.079222759041364e-15
E2_20260825T013044Z_2ba66f02,resolved|none|rotation_shear,full,exact_null,23,0.0,2.0,1.0375060470728848e-15,1.1192618579536252e-16,1.0375060470728848e-15
E2_20260825T013044Z_2ba66f02,resolved|none|rotation_shear,full,exact_null,24,0.0,1.9999999999999996,1.027795489166386e-15,1.1087861049545387e-16,1.027795489166386e-15
E2_20260825T013044Z_2ba66f02,resolved|none|rotation_shear,full,exact_null,25,0.0,1.9999999999999996,8.65801575868262e-16,9.340270190805078e-17,8.65801575868262e-16
E2_20260825T013044Z_2ba66f02,resolved|none|rotation_shear,full,exact_null,26,0.0,1.999999999999999,1.0791080519494008e-15,1.1641421142220632e-16,1.0791080519494008e-15
E2_20260825T013044Z_2ba66f02,resolved|none|rotation_shear,full,exact_null,27,0.0,1.9999999999999998,8.303395521027072e-16,8.957705764133913e-17,8.303395521027072e-16
E2_20260825T013044Z_2ba66f02,resolved|none|rotation_shear,full,exact_null,28,0.0,1.9999999999999998,9.21547629983837e-16,9.941658802264406e-17,9.21547629983837e-16
E2_20260825T013044Z_2ba66f02,resolved|none|rotation_shear,full,exact_null,29,0.0,1.9999999999999996,9.630425259073043e-16,1.03893058732181e-16,9.630425259073043e-16
E2_20260825T013044Z_2ba66f02,resolved|none|rotation_shear,full,exact_null,30,0.0,2.0,8.191133420451468e-16,8.836597373852695e-17,8.191133420451468e-16
E2_20260825T013044Z_2ba66f02,resolved|none|rotation_shear,full,exact_null,31,0.0,1.9999999999999996,9.477918546350625e-16,1.0224781582382712e-16,9.477918546350625e-16
E2_20260825T013044Z_2ba66f02,resolved|none|rotation_shear,full,exact_null,32,0.0,2.0,1.2248459043399527e-15,1.3213641563499402e-16,1.2248459043399527e-15
E2_20260825T013044Z_2ba66f02,resolved|none|rotation_shear,full,exact_null,33,0.0,2.0,8.97166881013032e-16,9.678639203792156e-17,8.97166881013032e-16
E2_20260825T013044Z_2ba66f02,resolved|none|rotation_shear,full,exact_null,34,0.0,1.9999999999999998,7.324758778101697e-16,7.901952130467245e-17,7.324758778101697e-16
E2_20260825T013044Z_2ba66f02,resolved|none|rotation_shear,full,exact_null,35,0.0,1.9999999999999998,7.786325736695902e-16,8.399890714154229e-17,7.786325736695902e-16
E2_20260825T013044Z_2ba66f02,resolved|none|rotation_shear,full,exact_null,36,0.0,2.0,6.885292149211943e-16,7.427855389588e-17,6.885292149211943e-16
E2_20260825T013044Z_2ba66f02,resolved|none|rotation_shear,full,exact_null,37,0.0,2.0000000000000004,5.893589138860391e-16,6.358005862410927e-17,5.893589138860391e-16
E2_20260825T013044Z_2ba66f02,resolved|none|rotation_shear,full,exact_null,38,0.0,2.0000000000000004,7.043342671331711e-16,7.598360343787929e-17,7.043342671331711e-16
E2_20260825T013044Z_2ba66f02,resolved|none|rotation_shear,full,exact_null,39,0.0,1.9999999999999998,6.668591785763961e-16,7.194078967661299e-17,6.668591785763961e-16
E2_20260825T013044Z_2ba66f02,resolved|none|rotation_shear,full,exact_null,40,0.0,1.9999999999999996,7.722944794914301e-16,8.331515333733587e-17,7.722944794914301e-16
E2_20260825T013044Z_2ba66f02,resolved|none|rotation_shear,full,exact_null,41,0.0,1.9999999999999996,7.223102809146925e-16,7.792285638396765e-17,7.223102809146925e-16
E2_20260825T013044Z_2ba66f02,resolved|none|rotation_shear,full,exact_null,42,0.0,1.9999999999999998,4.708591198450578e-16,5.079629702391174e-17,4.708591198450578e-16
E2_20260825T013044Z_2ba66f02,resolved|none|rotation_shear,full,exact_null,43,0.0,1.9999999999999998,6.518548418904172e-16,7.032212135136413e-17,6.518548418904172e-16
E2_20260825T013044Z_2ba66f02,resolved|none|rotation_shear,full,exact_null,44,0.0,1.9999999999999991,7.299323039348704e-16,7.874512047302989e-17,7.299323039348704e-16
E2_20260825T013044Z_2ba66f02,resolved|none|rotation_shear,full,exact_null,45,0.0,1.9999999999999998,5.437647497121158e-16,5.866135872360034e-17,5.437647497121158e-16
E2_20260825T013044Z_2ba66f02,resolved|none|rotation_shear,full,exact_null,46,0.0,1.9999999999999996,6.192670086545018e-16,6.680654485162048e-17,6.192670086545018e-16
E2_20260825T013044Z_2ba66f02,resolved|none|rotation_shear,full,exact_null,47,0.0,1.9999999999999998,7.292612795714476e-16,7.867273034307781e-17,7.292612795714476e-16
E2_20260825T013044Z_2ba66f02,resolved|none|rotation_shear,full,exact_null,48,0.0,1.9999999999999996,6.332431278946541e-16,6.83142890456758e-17,6.332431278946541e-16
E2_20260825T013044Z_2ba66f02,resolved|none|rotation_shear,full,exact_null,49,0.0,2.0,8.056473397249062e-16,8.691326097423195e-17,8.056473397249062e-16
E2_20260825T013044Z_2ba66f02,resolved|none|rotation_shear,full,exact_null,50,0.0,1.9999999999999993,7.934660503350592e-16,8.559914308227201e-17,7.934660503350592e-16
E2_20260825T013044Z_2ba66f02,resolved|none|rotation_shear,full,exact_null,51,0.0,2.0,5.24176269907334e-16,5.65481528909555e-17,5.24176269907334e-16
E2_20260825T013044Z_2ba66f02,resolved|none|rotation_shear,full,exact_null,52,0.0,1.9999999999999996,4.618646643984289e-16,4.9825974880452676e-17,4.618646643984289e-16
E2_20260825T013044Z_2ba66f02,resolved|none|rotation_shear,full,exact_null,53,0.0,1.9999999999999998,5.126615067957581e-16,5.530593987537652e-17,5.126615067957581e-16
E2_20260825T013044Z_2ba66f02,resolved|none|rotation_shear,full,exact_null,54,0.0,2.0,6.28559108804576e-16,6.780897691527983e-17,6.28559108804576e-16
E2_20260825T013044Z_2ba66f02,resolved|none|rotation_shear,full,exact_null,55,0.0,1.9999999999999998,1.4602954156539183e-16,1.575367165037011e-17,1.4602954156539183e-16
E2_20260825T013044Z_2ba66f02,resolved|none|rotation_shear,full,exact_null,56,0.0,2.0,1.1903483675549532e-26,1.2841482025482853e-27,1.1903483675549532e-26
E2_20260825T013044Z_2ba66f02,resolved|none|rotation_shear,full,exact_null,57,0.0,2.0,4.801036706734047e-31,5.17935994652107e-32,4.801036706734047e-31
E2_20260825T013044Z_2ba66f02,resolved|none|rotation_shear,full,exact_null,58,0.0,1.9999999999999996,4.975101528162953e-31,5.367141131976848e-32,4.975101528162953e-31
E2_20260825T013044Z_2ba66f02,resolved|none|rotation_shear,full,exact_null,59,0.0,1.9999999999999998,3.5938167888604966e-31,3.877010710051655e-32,3.5938167888604966e-31
E2_20260825T013044Z_2ba66f02,resolved|none|rotation_shear,full,exact_null,60,0.0,1.9999999999999991,5.038233423110437e-31,5.43524784059258e-32,5.038233423110437e-31
E2_20260825T013044Z_2ba66f02,resolved|none|rotation_shear,full,exact_null,61,0.0,2.0,5.184678927174723e-31,5.593233297574147e-32,5.184678927174723e-31
E2_20260825T013044Z_2ba66f02,resolved|none|rotation_shear,full,exact_null,62,0.0,1.9999999999999998,6.771289166374432e-31,7.304868934961578e-32,6.771289166374432e-31
E2_20260825T013044Z_2ba66f02,resolved|none|rotation_shear,full,exact_null,63,0.0,1.9999999999999998,4.06816524364926e-31,4.3887379759525977e-32,4.06816524364926e-31
E2_20260825T013044Z_2ba66f02,resolved|none|rotation_shear,full,exact_null,64,0.0,1.9999999999999998,2.5366814232070845e-31,2.736572736887145e-32,2.5366814232070845e-31
E2_20260825T013044Z_2ba66f02,resolved|none|rotation_shear,full,exact_null,65,0.0,1.9999999999999998,3.681049835676169e-31,3.9711177490702007e-32,3.681049835676169e-31
E2_20260825T013044Z_2ba66f02,resolved|none|rotation_shear,full,exact_null,66,0.0,2.0,4.271178844516448e-31,4.6077491139961166e-32,4.271178844516448e-31
E2_20260825T013044Z_2ba66f02,resolved|none|rotation_shear,full,exact_null,67,0.0,2.0,4.45500042784306e-31,4.8060558973315846e-32,4.45500042784306e-31
E2_20260825T013044Z_2ba66f02,resolved|none|rotation_shear,full,exact_null,68,0.0,1.9999999999999998,2.6855485791222284e-31,2.897170672665876e-32,2.6855485791222284e-31
E2_20260825T013044Z_2ba66f02,resolved|none|rotation_shear,full,exact_null,69,0.0,1.9999999999999996,3.910528391809769e-31,4.2186792893843506e-32,3.910528391809769e-31
E2_20260825T013044Z_2ba66f02,resolved|none|rotation_shear,full,exact_null,70,0.0,1.9999999999999998,5.319159390769711e-31,5.738310865041294e-32,5.319159390769711e-31
E2_20260825T013044Z_2ba66f02,resolved|none|rotation_shear,full,exact_null,71,0.0,2.0,4.566630704000568e-31,4.926482675226935e-32,4.566630704000568e-31
E2_20260825T013044Z_2ba66f02,resolved|none|rotation_shear,full,exact_null,72,0.0,1.9999999999999998,4.501016625651438e-31,4.855698186357538e-32,4.501016625651438e-31
E2_20260825T013044Z_2ba66f02,resolved|none|rotation_shear,full,exact_null,73,0.0,2.0,3.3660256569944586e-31,3.63126956358118e-32,3.3660256569944586e-31
E2_20260825T013044Z_2ba66f02,resolved|none|rotation_shear,full,exact_null,74,0.0,2.0,3.782915243075564e-31,4.081010183402239e-32,3.782915243075564e-31
E2_20260825T013044Z_2ba66f02,resolved|none|rotation_shear,full,exact_null,75,0.0,2.0,4.85117044586728e-31,5.233444240455294e-32,4.85117044586728e-31
E2_20260825T013044Z_2ba66f02,resolved|none|rotation_shear,full,exact_null,76,0.0,1.9999999999999996,3.650868526482057e-31,3.9385581429846456e-32,3.650868526482057e-31
E2_20260825T013044Z_2ba66f02,resolved|none|rotation_shear,full,exact_null,77,0.0,2.0,1.4948388925217896e-31,1.6126326790148735e-32,1.4948388925217896e-31
E2_20260825T013044Z_2ba66f02,resolved|none|rotation_shear,full,exact_null,78,0.0,1.9999999999999998,2.1172919171180143e-31,2.2841352025558103e-32,2.1172919171180143e-31
E2_20260825T013044Z_2ba66f02,resolved|none|rotation_shear,full,exact_null,79,0.0,1.9999999999999993,2.621990716397631e-31,2.828604429874911e-32,2.621990716397631e-31
E2_20260825T013044Z_2ba66f02,resolved|none|rotation_shear,full,exact_null,80,0.0,1.9999999999999996,1.3211944765611049e-31,1.4253050271137036e-32,1.3211944765611049e-31
E2_20260825T013044Z_2ba66f02,resolved|none|rotation_shear,full,exact_null,81,0.0,2.0,1.309420089413139e-31,1.412602814463784e-32,1.309420089413139e-31
E2_20260825T013044Z_2ba66f02,resolved|none|rotation_shear,full,exact_null,82,0.0,1.9999999999999998,1.5807624256132565e-31,1.7053270142057114e-32,1.5807624256132565e-31
E2_20260825T013044Z_2ba66f02,resolved|none|rotation_shear,full,exact_null,83,0.0,2.0000000000000004,1.9096143086928689e-31,2.0600925316556334e-32,1.9096143086928689e-31
E2_20260825T013044Z_2ba66f02,resolved|none|rotation_shear,full,exact_null,84,0.0,1.9999999999999991,1.4057421912084525e-31,1.5165151289236217e-32,1.4057421912084525e-31
E2_20260825T013044Z_2ba66f02,resolved|none|rotation_shear,full,exact_null,85,0.0,1.9999999999999998,1.4172869148553441e-31,1.5289695805145657e-32,1.4172869148553441e-31
E2_20260825T013044Z_2ba66f02,resolved|none|rotation_shear,full,exact_null,86,0.0,1.9999999999999987,1.9282729481252958e-31,2.080221477888713e-32,1.9282729481252958e-31
E2_20260825T013044Z_2ba66f02,resolved|none|rotation_shear,full,exact_null,87,0.0,1.9999999999999993,2.2426397804540814e-31,2.419360517920346e-32,2.2426397804540814e-31
E2_20260825T013044Z_2ba66f02,resolved|none|rotation_shear,full,exact_null,88,0.0,1.9999999999999996,2.0092289400600126e-31,2.1675568280786906e-32,2.0092289400600126e-31
E2_20260825T013044Z_2ba66f02,resolved|none|rotation_shear,full,exact_null,89,0.0,1.9999999999999998,2.0334262867791308e-31,2.1936609335176883e-32,2.0334262867791308e-31
E2_20260825T013044Z_2ba66f02,resolved|none|rotation_shear,full,exact_null,90,0.0,1.9999999999999998,1.7479527583947793e-31,1.8856919990931548e-32,1.7479527583947793e-31
E2_20260825T013044Z_2ba66f02,resolved|none|rotation_shear,full,exact_null,91,0.0,2.0,0.0,0.0,0.0
E2_20260825T013044Z_2ba66f02,resolved|none|rotation_shear,full,exact_null,92,0.0,2.0,0.0,0.0,0.0
E2_20260825T013044Z_2ba66f02,resolved|none|rotation_shear,full,exact_null,93,0.0,2.0,0.0,0.0,0.0
E2_20260825T013044Z_2ba66f02,resolved|none|rotation_shear,full,exact_null,94,0.0,2.0,0.0,0.0,0.0
E2_20260825T013044Z_2ba66f02,resolved|none|rotation_shear,full,exact_null,95,0.0,2.0,0.0,0.0,0.0
E2_20260825T013044Z_2ba66f02,resolved|none|rotation_shear,full,exact_null,96,0.0,2.0,0.0,0.0,0.0
E2_20260825T013044Z_2ba66f02,resolved|none|rotation_shear,full,exact_null,97,0.0,2.0,0.0,0.0,0.0
E2_20260825T013044Z_2ba66f02,resolved|none|rotation_shear,full,exact_null,98,0.0,2.0,0.0,0.0,0.0
E2_20260825T013044Z_2ba66f02,resolved|none|rotation_shear,full,exact_null,99,0.0,2.0,0.0,0.0,0.0
E2_20260825T013044Z_2ba66f02,resolved|none|rotation_shear,full,exact_null,100,0.0,2.0,0.0,0.0,0.0
E2_20260825T013044Z_2ba66f02,resolved|none|rotation_shear,full,exact_null,101,0.0,2.0,0.0,0.0,0.0
E2_20260825T013044Z_2ba66f02,resolved|none|rotation_shear,full,exact_null,102,0.0,2.0,0.0,0.0,0.0
E2_20260825T013044Z_2ba66f02,resolved|none|rotation_shear,full,exact_null,103,0.0,2.0,0.0,0.0,0.0
E2_20260825T013044Z_2ba66f02,resolved|none|rotation_shear,full,exact_null,104,0.0,2.0,0.0,0.0,0.0
E2_20260825T013044Z_2ba66f02,resolved|none|rotation_shear,full,exact_null,105,0.0,2.0,0.0,0.0,0.0
E2_20260825T013044Z_2ba66f02,resolved|none|rotation_shear,full,exact_null,106,0.0,2.0,0.0,0.0,0.0
E2_20260825T013044Z_2ba66f02,resolved|none|rotation_shear,full,exact_null,107,0.0,2.0,0.0,0.0,0.0
E2_20260825T013044Z_2ba66f02,resolved|none|rotation_shear,full,exact_null,108,0.0,2.0,0.0,0.0,0.0
E2_20260825T013044Z_2ba66f02,resolved|none|rotation_shear,full,exact_null,109,0.0,2.0,0.0,0.0,0.0
E2_20260825T013044Z_2ba66f02,resolved|none|rotation_shear,full,exact_null,110,0.0,2.0,0.0,0.0,0.0
E2_20260825T013044Z_2ba66f02,resolved|none|rotation_shear,full,exact_null,111,0.0,2.0000000000000004,7.548670823066083e-16,8.14350851673805e-17,7.548670823066083e-16
E2_20260825T013044Z_2ba66f02,resolved|none|rotation_shear,full,exact_null,112,0.0,1.9999999999999993,9.219774819633871e-16,9.946296046805136e-17,9.219774819633871e-16
E2_20260825T013044Z_2ba66f02,resolved|none|rotation_shear,full,exact_null,113,0.0,1.9999999999999993,8.225829117484423e-16,8.874027102993707e-17,8.225829117484423e-16
E2_20260825T013044Z_2ba66f02,resolved|none|rotation_shear,full,exact_null,114,0.0,2.0000000000000004,5.466613493388261e-16,5.897384398468257e-17,5.466613493388261e-16
E2_20260825T013044Z_2ba66f02,resolved|none|rotation_shear,full,exact_null,115,0.0,1.9999999999999996,7.690662615860986e-16,8.296689308566847e-17,7.690662615860986e-16
E2_20260825T013044Z_2ba66f02,resolved|none|rotation_shear,full,exact_null,116,0.0,2.000000000000001,5.61329053538851e-16,6.05561963864976e-17,5.61329053538851e-16
E2_20260825T013044Z_2ba66f02,resolved|none|rotation_shear,full,exact_null,117,0.0,1.9999999999999996,5.917483164569099e-16,6.383782745046139e-17,5.917483164569099e-16
E2_20260825T013044Z_2ba66f02,resolved|none|rotation_shear,full,exact_null,118,0.0,2.0,3.1792919045325534e-16,3.429821131244013e-17,3.1792919045325534e-16
E2_20260825T013044Z_2ba66f02,resolved|none|rotation_shear,full,exact_null,119,0.0,1.9999999999999998,2.23897306825582e-16,2.4154048676191394e-17,2.23897306825582e-16
E2_20260825T013044Z_2ba66f02,resolved|none|rotation_shear,full,near_null,0,0.012240814939991955,1.999999999999998,0.024481629879983827,0.0026410790204559396,0.024481629879983827
E2_20260825T013044Z_2ba66f02,resolved|none|rotation_shear,full,near_null,1,0.012240814939991955,1.9999999999999998,0.024481629879983847,0.002641079020455942,0.024481629879983847
E2_20260825T013044Z_2ba66f02,resolved|none|rotation_shear,full,near_null,2,0.012240814939991945,1.9999999999999993,0.024481629879983847,0.002641079020455942,0.024481629879983847
E2_20260825T013044Z_2ba66f02,resolved|none|rotation_shear,full,near_null,3,0.012240814939991938,1.999999999999999,0.02448162987998384,0.002641079020455941,0.02448162987998384
E2_20260825T013044Z_2ba66f02,resolved|none|rotation_shear,full,near_null,4,0.012240814939991936,1.9999999999999996,0.024481629879983844,0.0026410790204559414,0.024481629879983844
E2_20260825T013044Z_2ba66f02,resolved|none|rotation_shear,full,near_null,5,0.012240814939991936,1.9999999999999996,0.024481629879983844,0.0026410790204559414,0.024481629879983844
E2_20260825T013044Z_2ba66f02,resolved|none|rotation_shear,full,near_null,6,0.012240814939991934,2.000000000000001,0.02448162987998387,0.002641079020455944,0.02448162987998387
E2_20260825T013044Z_2ba66f02,resolved|none|rotation_shear,full,near_null,7,0.012240814939991934,1.9999999999999984,0.02448162987998383,0.00264107902045594,0.02448162987998383
E2_20260825T013044Z_2ba66f02,resolved|none|rotation_shear,full,near_null,8,0.012240814939991932,2.0,0.024481629879983854,0.0026410790204559427,0.024481629879983854
E2_20260825T013044Z_2ba66f02,resolved|none|rotation_shear,full,near_null,9,0.012240814939991932,2.0,0.024481629879983854,0.0026410790204559427,0.024481629879983854
E2_20260825T013044Z_2ba66f02,resolved|none|rotation_shear,full,near_null,10,0.012240814939991927,1.9999999999999993,0.024481629879983844,0.0026410790204559414,0.024481629879983844
E2_20260825T013044Z_2ba66f02,resolved|none|rotation_shear,full,near_null,11,0.012240814939991919,1.9999999999999998,0.024481629879983847,0.002641079020455942,0.024481629879983847
E2_20260825T013044Z_2ba66f02,resolved|none|rotation_shear,full,near_null,12,0.012240814939991915,2.0000000000000013,0.024481629879983865,0.0026410790204559435,0.024481629879983865
E2_20260825T013044Z_2ba66f02,resolved|none|rotation_shear,full,near_null,13,0.012240814939991913,2.0000000000000004,0.024481629879983854,0.0026410790204559427,0.024481629879983854
E2_20260825T013044Z_2ba66f02,resolved|none|rotation_shear,full,near_null,14,0.012240814939991913,2.000000000000001,0.024481629879983865,0.0026410790204559435,0.024481629879983865
E2_20260825T013044Z_2ba66f02,resolved|none|rotation_shear,full,near_null,15,0.012240814939991912,1.9999999999999993,0.024481629879983844,0.0026410790204559414,0.024481629879983844
E2_20260825T013044Z_2ba66f02,resolved|none|rotation_shear,full,near_null,16,0.012240814939991906,1.9999999999999996,0.024481629879983844,0.0026410790204559414,0.024481629879983844
E2_20260825T013044Z_2ba66f02,resolved|none|rotation_shear,full,near_null,17,0.01224081493999189,1.9999999999999993,0.02448162987998384,0.002641079020455941,0.02448162987998384
E2_20260825T013044Z_2ba66f02,resolved|none|rotation_shear,full,near_null,18,0.012240814939991842,1.9999999999999996,0.024481629879983844,0.0026410790204559414,0.024481629879983844
E2_20260825T013044Z_2ba66f02,resolved|none|rotation_shear,full,near_null,19,0.012240814939991806,1.9999999999999996,0.024481629879983844,0.0026410790204559414,0.024481629879983844
E2_20260825T013044Z_2ba66f02,resolved|constant|rotation_shear,restricted,near_null,0,1.1209812711125082,1.9999999999999987,2.2419625422250147,0.6978153125112848,2.2419625422250147
E2_20260825T013044Z_2ba66f02,resolved|constant|rotation_shear,restricted,near_null,1,1.0971555169280258,1.9999999999999991,2.194311033856054,0.6829836854979628,2.194311033856054
E2_20260825T013044Z_2ba66f02,resolved|constant|rotation_shear,restricted,near_null,2,1.0753258041402465,1.9999999999999996,2.1506516082804925,0.6693946022156714,2.1506516082804925
E2_20260825T013044Z_2ba66f02,resolved|constant|rotation_shear,restricted,near_null,3,0.964582178160327,1.9999999999999991,1.929164356320653,0.6004562533214779,1.929164356320653
E2_20260825T013044Z_2ba66f02,resolved|constant|rotation_shear,restricted,near_null,4,0.9501520840599256,1.9999999999999998,1.9003041681198503,0.5914734621868452,1.9003041681198503
E2_20260825T013044Z_2ba66f02,resolved|constant|rotation_shear,restricted,near_null,5,0.8243483891712154,1.999999999999998,1.6486967783424313,0.5131601603270246,1.6486967783424313
E2_20260825T013044Z_2ba66f02,resolved|constant|rotation_shear,restricted,near_null,6,0.5017516423723439,1.9999999999999984,1.0035032847446868,0.31234239870718267,1.0035032847446868
E2_20260825T013044Z_2ba66f02,resolved|constant|rotation_shear,restricted,near_null,7,0.4749829627100881,2.0000000000000013,0.9499659254201763,0.29567878884553644,0.9499659254201763
E2_20260825T013044Z_2ba66f02,resolved|constant|rotation_shear,restricted,near_null,8,0.44148295583270253,2.0,0.8829659116654051,0.2748249009433122,0.8829659116654051
E2_20260825T013044Z_2ba66f02,resolved|constant|rotation_shear,restricted,near_null,9,0.41242240473794234,1.9999999999999996,0.8248448094758846,0.25673459197337317,0.8248448094758846
E2_20260825T013044Z_2ba66f02,resolved|constant|rotation_shear,restricted,near_null,10,0.37064086144445685,1.9999999999999996,0.7412817228889138,0.2307254146196678,0.7412817228889138
E2_20260825T013044Z_2ba66f02,resolved|constant|rotation_shear,restricted,near_null,11,0.28876225405594697,1.9999999999999998,0.5775245081118942,0.17975565493215978,0.5775245081118942
E2_20260825T013044Z_2ba66f02,resolved|constant|rotation_shear,restricted,near_null,12,0.24926268118629208,1.9999999999999998,0.49852536237258416,0.15516701326935525,0.49852536237258416
E2_20260825T013044Z_2ba66f02,resolved|constant|rotation_shear,restricted,near_null,13,0.22031781150769425,1.9999999999999996,0.44063562301538806,0.13714871644239415,0.44063562301538806
E2_20260825T013044Z_2ba66f02,resolved|constant|rotation_shear,restricted,near_null,14,0.19693601001345562,2.0000000000000004,0.39387202002691124,0.1225934517495363,0.39387202002691124
E2_20260825T013044Z_2ba66f02,resolved|constant|rotation_shear,restricted,near_null,15,0.11286597504715626,2.000000000000001,0.22573195009431293,0.07025951965393509,0.22573195009431293
E2_20260825T013044Z_2ba66f02,resolved|constant|rotation_shear,restricted,near_null,16,0.10033248017531986,2.0000000000000004,0.20066496035063972,0.06245736910402511,0.20066496035063972
E2_20260825T013044Z_2ba66f02,resolved|constant|rotation_shear,restricted,near_null,17,0.08666302526774868,2.000000000000001,0.17332605053549738,0.053948078900881,0.17332605053549738
E2_20260825T013044Z_2ba66f02,resolved|constant|rotation_shear,restricted,near_null,18,0.08173197824330035,2.0,0.1634639564866005,0.05087848245975725,0.1634639564866005
E2_20260825T013044Z_2ba66f02,resolved|constant|rotation_shear,restricted,near_null,19,0.030941209122984887,2.0000000000000004,0.06188241824596986,0.0192610260938657,0.06188241824596986
E2_20260825T013044Z_2ba66f02,resolved|constant|rotation_shear,full,exact_null,0,0.0,1.9999999999999998,1.2854481893285225e-15,1.679806416379371e-16,1.2854481893285225e-15
E2_20260825T013044Z_2ba66f02,resolved|constant|rotation_shear,full,exact_null,1,0.0,2.0,1.4548344038412761e-15,1.9011580448206298e-16,1.4548344038412761e-15
E2_20260825T013044Z_2ba66f02,resolved|constant|rotation_shear,full,exact_null,2,0.0,1.9999999999999993,1.6422305748588789e-15,2.1460448423544383e-16,1.6422305748588789e-15
E2_20260825T013044Z_2ba66f02,resolved|constant|rotation_shear,full,exact_null,3,0.0,1.9999999999999998,1.3954288306313269e-15,1.8235276402075162e-16,1.3954288306313269e-15
E2_20260825T013044Z_2ba66f02,resolved|constant|rotation_shear,full,exact_null,4,0.0,2.0,1.4610582682648624e-15,1.909291307195737e-16,1.4610582682648624e-15
E2_20260825T013044Z_2ba66f02,resolved|constant|rotation_shear,full,exact_null,5,0.0,1.9999999999999993,1.2201508013042347e-15,1.594476667357507e-16,1.2201508013042347e-15
E2_20260825T013044Z_2ba66f02,resolved|constant|rotation_shear,full,exact_null,6,0.0,2.0,1.2904806229990948e-15,1.6863827330602063e-16,1.2904806229990948e-15
E2_20260825T013044Z_2ba66f02,resolved|constant|rotation_shear,full,exact_null,7,0.0,2.0000000000000004,1.1620899070696446e-15,1.5186034711558493e-16,1.1620899070696446e-15
E2_20260825T013044Z_2ba66f02,resolved|constant|rotation_shear,full,exact_null,8,0.0,1.9999999999999993,9.78161263584844e-16,1.2782479919956078e-16,9.78161263584844e-16
E2_20260825T013044Z_2ba66f02,resolved|constant|rotation_shear,full,exact_null,9,0.0,1.9999999999999991,1.1863687345228295e-15,1.5503307165451263e-16,1.1863687345228295e-15
E2_20260825T013044Z_2ba66f02,resolved|constant|rotation_shear,full,exact_null,10,0.0,1.9999999999999998,1.273220498361249e-15,1.663827434173126e-16,1.273220498361249e-15
E2_20260825T013044Z_2ba66f02,resolved|constant|rotation_shear,full,exact_null,11,0.0,2.0,8.46866145994616e-16,1.1066732970383904e-16,8.46866145994616e-16
E2_20260825T013044Z_2ba66f02,resolved|constant|rotation_shear,full,exact_null,12,0.0,2.0000000000000004,9.946235459718878e-16,1.299760681352968e-16,9.946235459718878e-16
E2_20260825T013044Z_2ba66f02,resolved|constant|rotation_shear,full,exact_null,13,0.0,2.0,1.0146210594986045e-15,1.325893163247364e-16,1.0146210594986045e-15
E2_20260825T013044Z_2ba66f02,resolved|constant|rotation_shear,full,exact_null,14,0.0,1.9999999999999993,8.440748543368293e-16,1.103025674617151e-16,8.440748543368293e-16
E2_20260825T013044Z_2ba66f02,resolved|constant|rotation_shear,full,exact_null,15,0.0,1.9999999999999993,8.423250187602286e-16,1.1007390130048162e-16,8.423250187602286e-16
E2_20260825T013044Z_2ba66f02,resolved|constant|rotation_shear,full,exact_null,16,0.0,2.0,1.1240020549792987e-15,1.4688307779748876e-16,1.1240020549792987e-15
E2_20260825T013044Z_2ba66f02,resolved|constant|rotation_shear,full,exact_null,17,0.0,1.9999999999999993,9.469978054812107e-16,1.2375240038071783e-16,9.469978054812107e-16
E2_20260825T013044Z_2ba66f02,resolved|constant|rotation_shear,full,exact_null,18,0.0,1.9999999999999993,8.072018813819616e-16,1.0548405691615004e-16,8.072018813819616e-16
E2_20260825T013044Z_2ba66f02,resolved|constant|rotation_shear,full,exact_null,19,0.0,2.0,8.77304461661126e-16,1.146449678836472e-16,8.77304461661126e-16
E2_20260825T013044Z_2ba66f02,resolved|constant|rotation_shear,full,exact_null,20,0.0,2.0,8.000974221968739e-16,1.0455565573879496e-16,8.000974221968739e-16
E2_20260825T013044Z_2ba66f02,resolved|constant|rotation_shear,full,exact_null,21,0.0,2.0000000000000004,6.482150713998536e-16,8.470787427847095e-17,6.482150713998536e-16
E2_20260825T013044Z_2ba66f02,resolved|constant|rotation_shear,full,exact_null,22,0.0,1.9999999999999996,9.648266745203646e-16,1.2608225302335158e-16,9.648266745203646e-16
E2_20260825T013044Z_2ba66f02,resolved|constant|rotation_shear,full,exact_null,23,0.0,2.0,6.598824469897419e-16,8.62325512386867e-17,6.598824469897419e-16
E2_20260825T013044Z_2ba66f02,resolved|constant|rotation_shear,full,exact_null,24,0.0,1.9999999999999991,7.411556539065668e-16,9.685322468099214e-17,7.411556539065668e-16
E2_20260825T013044Z_2ba66f02,resolved|constant|rotation_shear,full,exact_null,25,0.0,1.9999999999999993,9.476721208521702e-16,1.2384051900706192e-16,9.476721208521702e-16
E2_20260825T013044Z_2ba66f02,resolved|constant|rotation_shear,full,exact_null,26,0.0,1.9999999999999993,5.96542933735341e-16,7.795542877989138e-17,5.96542933735341e-16
E2_20260825T013044Z_2ba66f02,resolved|constant|rotation_shear,full,exact_null,27,0.0,1.9999999999999996,4.787232779279754e-16,6.25589145178731e-17,4.787232779279754e-16
E2_20260825T013044Z_2ba66f02,resolved|constant|rotation_shear,full,exact_null,28,0.0,1.9999999999999993,6.167011749796059e-16,8.058968065142949e-17,6.167011749796059e-16
E2_20260825T013044Z_2ba66f02,resolved|constant|rotation_shear,full,exact_null,29,0.0,2.0000000000000004,6.849325559026781e-16,8.95060658021117e-17,6.849325559026781e-16
E2_20260825T013044Z_2ba66f02,resolved|constant|rotation_shear,full,exact_null,30,0.0,1.9999999999999996,4.825724175577184e-16,6.306191491114137e-17,4.825724175577184e-16
E2_20260825T013044Z_2ba66f02,resolved|constant|rotation_shear,full,exact_null,31,0.0,1.9999999999999996,5.212315716473306e-16,6.811384120662683e-17,5.212315716473306e-16
E2_20260825T013044Z_2ba66f02,resolved|constant|rotation_shear,full,exact_null,32,0.0,1.9999999999999998,6.339022689550996e-16,8.283749649252321e-17,6.339022689550996e-16
E2_20260825T013044Z_2ba66f02,resolved|constant|rotation_shear,full,exact_null,33,0.0,2.0,3.937603823717481e-16,5.14560775234024e-17,3.937603823717481e-16
E2_20260825T013044Z_2ba66f02,resolved|constant|rotation_shear,full,exact_null,34,0.0,2.0,3.643964640734007e-16,4.76188401475911e-17,3.643964640734007e-16
E2_20260825T013044Z_2ba66f02,resolved|constant|rotation_shear,full,exact_null,35,0.0,1.9999999999999998,6.076976074048738e-16,7.941310654226678e-17,6.076976074048738e-16
E2_20260825T013044Z_2ba66f02,resolved|constant|rotation_shear,full,exact_null,36,0.0,1.9999999999999993,3.8505607245257714e-16,5.031861000244258e-17,3.8505607245257714e-16
E2_20260825T013044Z_2ba66f02,resolved|constant|rotation_shear,full,exact_null,37,0.0,1.9999999999999993,4.035415878642085e-16,5.273427231044729e-17,4.035415878642085e-16
E2_20260825T013044Z_2ba66f02,resolved|constant|rotation_shear,full,exact_null,38,0.0,1.9999999999999996,2.463667125463626e-16,3.21948708593112e-17,2.463667125463626e-16
E2_20260825T013044Z_2ba66f02,resolved|constant|rotation_shear,full,exact_null,39,0.0,1.9999999999999996,3.764150334634411e-16,4.9189410641578626e-17,3.764150334634411e-16
E2_20260825T013044Z_2ba66f02,resolved|constant|rotation_shear,full,exact_null,40,0.0,1.9999999999999993,2.0343756773833833e-16,2.6584947915947165e-17,2.0343756773833833e-16
E2_20260825T013044Z_2ba66f02,resolved|constant|rotation_shear,full,exact_null,41,0.0,2.0,3.2810589989244155e-16,4.287643799779721e-17,3.2810589989244155e-16
E2_20260825T013044Z_2ba66f02,resolved|constant|rotation_shear,full,exact_null,42,0.0,1.9999999999999991,2.70444597368747e-16,3.5341336485328577e-17,2.70444597368747e-16
E2_20260825T013044Z_2ba66f02,resolved|constant|rotation_shear,full,exact_null,43,0.0,1.9999999999999996,1.1378586088083759e-15,1.486938336275739e-16,1.1378586088083759e-15
E2_20260825T013044Z_2ba66f02,resolved|constant|rotation_shear,full,exact_null,44,0.0,2.0,6.902991653239798e-16,9.020736710814207e-17,6.902991653239798e-16
E2_20260825T013044Z_2ba66f02,resolved|constant|rotation_shear,full,exact_null,45,0.0,1.9999999999999998,5.817054290381767e-16,7.601648360883977e-17,5.817054290381767e-16
E2_20260825T013044Z_2ba66f02,resolved|constant|rotation_shear,full,exact_null,46,0.0,2.0000000000000004,6.936321770951812e-16,9.064292060657259e-17,6.936321770951812e-16
E2_20260825T013044Z_2ba66f02,resolved|constant|rotation_shear,full,exact_null,47,0.0,2.0,2.353352624004697e-15,3.0753295781382943e-16,2.353352624004697e-15
E2_20260825T013044Z_2ba66f02,resolved|constant|rotation_shear,full,near_null,0,0.009629228808027237,1.9999999999999998,0.01925845761605438,0.0025166693563835646,0.01925845761605438
E2_20260825T013044Z_2ba66f02,resolved|constant|rotation_shear,full,near_null,1,0.009629228808027194,1.9999999999999998,0.01925845761605439,0.002516669356383566,0.01925845761605439
E2_20260825T013044Z_2ba66f02,resolved|constant|rotation_shear,full,near_null,2,0.009629228808027149,1.9999999999999991,0.01925845761605438,0.0025166693563835646,0.01925845761605438
E2_20260825T013044Z_2ba66f02,resolved|constant|rotation_shear,full,near_null,3,0.009629228808027138,2.000000000000002,0.019258457616054422,0.00251666935638357,0.019258457616054422
E2_20260825T013044Z_2ba66f02,resolved|constant|rotation_shear,full,near_null,4,0.005616651038395452,1.9999999999999998,0.011233302076790769,0.0014679528169531141,0.011233302076790769
E2_20260825T013044Z_2ba66f02,resolved|constant|rotation_shear,full,near_null,5,0.0056166510383953965,2.0,0.01123330207679079,0.0014679528169531167,0.01123330207679079
E2_20260825T013044Z_2ba66f02,resolved|constant|rotation_shear,full,near_null,6,0.00561665103839535,1.9999999999999987,0.011233302076790776,0.001467952816953115,0.011233302076790776
E2_20260825T013044Z_2ba66f02,resolved|constant|rotation_shear,full,near_null,7,0.005616651038395343,2.000000000000001,0.011233302076790797,0.0014679528169531178,0.011233302076790797
E2_20260825T013044Z_2ba66f02,resolved|constant|rotation_shear,full,near_null,8,0.0025026100318849918,1.9999999999999998,0.005005220063769963,0.0006540754305238484,0.005005220063769963
E2_20260825T013044Z_2ba66f02,resolved|constant|rotation_shear,full,near_null,9,0.002502610031884971,1.9999999999999998,0.0050052200637699645,0.0006540754305238486,0.0050052200637699645
E2_20260825T013044Z_2ba66f02,resolved|constant|rotation_shear,full,near_null,10,0.002502610031884968,2.0000000000000004,0.005005220063769966,0.0006540754305238488,0.005005220063769966
E2_20260825T013044Z_2ba66f02,resolved|constant|rotation_shear,full,near_null,11,0.0025026100318849415,2.000000000000002,0.005005220063769966,0.0006540754305238488,0.005005220063769966
E2_20260825T013044Z_2ba66f02,resolved|constant|rotation_shear,full,near_null,12,0.0007342266511962622,2.0000000000000004,0.0014684533023922308,0.00019189550383983046,0.0014684533023922308
E2_20260825T013044Z_2ba66f02,resolved|constant|rotation_shear,full,near_null,13,0.0007342266511961241,2.000000000000002,0.0014684533023922265,0.0001918955038398299,0.0014684533023922265
E2_20260825T013044Z_2ba66f02,resolved|constant|rotation_shear,full,near_null,14,0.0007342266511960974,1.9999999999999978,0.0014684533023922234,0.00019189550383982948,0.0014684533023922234
E2_20260825T013044Z_2ba66f02,resolved|constant|rotation_shear,full,near_null,15,0.0007342266511960807,2.0,0.0014684533023922382,0.0001918955038398314,0.0014684533023922382
E2_20260825T013044Z_2ba66f02,resolved|constant|rotation_shear,full,near_null,16,0.0002650723942058703,1.9999999999999991,0.000530144788411727,6.927860839333348e-05,0.000530144788411727
E2_20260825T013044Z_2ba66f02,resolved|constant|rotation_shear,full,near_null,17,0.00026507239420586726,2.0,0.0005301447884117288,6.92786083933337e-05,0.0005301447884117288
E2_20260825T013044Z_2ba66f02,resolved|constant|rotation_shear,full,near_null,18,0.0002650723942058629,2.0,0.0005301447884117296,6.927860839333382e-05,0.0005301447884117296
E2_20260825T013044Z_2ba66f02,resolved|constant|rotation_shear,full,near_null,19,0.00026507239420585875,2.0000000000000004,0.0005301447884117286,6.927860839333367e-05,0.0005301447884117286
E2_20260825T013044Z_2ba66f02,partial|constant|rotation_shear,restricted,near_null,0,1.12981436538652,2.000000000000001,2.2596287307730396,0.9888189620889962,2.2596287307730396
E2_20260825T013044Z_2ba66f02,partial|constant|rotation_shear,restricted,near_null,1,1.09629416697347,2.0000000000000013,2.19258833394694,0.9594819233512477,2.19258833394694
E2_20260825T013044Z_2ba66f02,partial|constant|rotation_shear,restricted,near_null,2,1.0775258600237096,2.0,2.1550517200474224,0.9430558109147332,2.1550517200474224
E2_20260825T013044Z_2ba66f02,partial|constant|rotation_shear,restricted,near_null,3,0.9664648162495014,2.0000000000000013,1.9329296324990035,0.8458546516820268,1.9329296324990035
E2_20260825T013044Z_2ba66f02,partial|constant|rotation_shear,restricted,near_null,4,0.9502464799457792,2.0000000000000013,1.9004929598915568,0.8316602858092123,1.9004929598915568
E2_20260825T013044Z_2ba66f02,partial|constant|rotation_shear,restricted,near_null,5,0.8252365055157564,2.0000000000000004,1.6504730110315147,0.7222509554327335,1.6504730110315147
E2_20260825T013044Z_2ba66f02,partial|constant|rotation_shear,restricted,near_null,6,0.5038618662060713,1.9999999999999993,1.0077237324121424,0.4409823266919284,1.0077237324121424
E2_20260825T013044Z_2ba66f02,partial|constant|rotation_shear,restricted,near_null,7,0.47629433919965275,1.9999999999999996,0.9525886783993054,0.41685509457577324,0.9525886783993054
E2_20260825T013044Z_2ba66f02,partial|constant|rotation_shear,restricted,near_null,8,0.44620365896452374,2.0000000000000004,0.8924073179290468,0.39051958662843606,0.8924073179290468
E2_20260825T013044Z_2ba66f02,partial|constant|rotation_shear,restricted,near_null,9,0.4146296402852572,2.0000000000000004,0.8292592805705141,0.36288585374637117,0.8292592805705141
E2_20260825T013044Z_2ba66f02,partial|constant|rotation_shear,restricted,near_null,10,0.3707876973156784,2.000000000000001,0.7415753946313568,0.32451517456996265,0.7415753946313568
E2_20260825T013044Z_2ba66f02,partial|constant|rotation_shear,restricted,near_null,11,0.2891646692707223,2.0,0.5783293385414447,0.2530783081725676,0.5783293385414447
E2_20260825T013044Z_2ba66f02,partial|constant|rotation_shear,restricted,near_null,12,0.24993956484509192,2.000000000000001,0.49987912969018367,0.21874830827677477,0.49987912969018367
E2_20260825T013044Z_2ba66f02,partial|constant|rotation_shear,restricted,near_null,13,0.221179690281688,2.0,0.44235938056337576,0.19357752784873,0.44235938056337576
E2_20260825T013044Z_2ba66f02,partial|constant|rotation_shear,restricted,near_null,14,0.1978864920102505,1.9999999999999998,0.3957729840205009,0.17319120878239716,0.3957729840205009
E2_20260825T013044Z_2ba66f02,partial|constant|rotation_shear,restricted,near_null,15,0.1140416737156238,2.000000000000001,0.2280833474312475,0.09980982088132379,0.2280833474312475
E2_20260825T013044Z_2ba66f02,partial|constant|rotation_shear,restricted,near_null,16,0.10026340069420135,2.0,0.20052680138840262,0.0877510101192914,0.20052680138840262
E2_20260825T013044Z_2ba66f02,partial|constant|rotation_shear,restricted,near_null,17,0.08644575467646542,1.9999999999999998,0.1728915093529309,0.07565773992167231,0.1728915093529309
E2_20260825T013044Z_2ba66f02,partial|constant|rotation_shear,restricted,near_null,18,0.08158890703678297,2.000000000000001,0.16317781407356605,0.07140700352706807,0.16317781407356605
E2_20260825T013044Z_2ba66f02,partial|constant|rotation_shear,restricted,near_null,19,0.030691125146431446,2.0000000000000004,0.06138225029286288,0.0268610202192424,0.06138225029286288
E2_20260825T013044Z_2ba66f02,partial|constant|rotation_shear,full,exact_null,0,0.0,1.9999999999999991,1.222956623698213e-15,1.3984682216355824e-16,1.222956623698213e-15
E2_20260825T013044Z_2ba66f02,partial|constant|rotation_shear,full,exact_null,1,0.0,1.9999999999999996,2.31635936281266e-15,2.6487897411976584e-16,2.31635936281266e-15
E2_20260825T013044Z_2ba66f02,partial|constant|rotation_shear,full,exact_null,2,0.0,2.0,1.819180014432399e-15,2.0802581140817839e-16,1.819180014432399e-15
E2_20260825T013044Z_2ba66f02,partial|constant|rotation_shear,full,exact_null,3,0.0,2.0,1.5122299115746132e-15,1.7292563237024101e-16,1.5122299115746132e-15
E2_20260825T013044Z_2ba66f02,partial|constant|rotation_shear,full,exact_null,4,0.0,2.000000000000001,1.6854997401332381e-15,1.927392826920923e-16,1.6854997401332381e-15
E2_20260825T013044Z_2ba66f02,partial|constant|rotation_shear,full,exact_null,5,0.0,2.0,1.3031365181699535e-15,1.4901550666634513e-16,1.3031365181699535e-15
E2_20260825T013044Z_2ba66f02,partial|constant|rotation_shear,full,exact_null,6,0.0,1.999999999999999,1.9384739006732894e-15,2.2166723627235766e-16,1.9384739006732894e-15
E2_20260825T013044Z_2ba66f02,partial|constant|rotation_shear,full,exact_null,7,0.0,2.0,1.125754435136695e-15,1.2873161422056118e-16,1.125754435136695e-15
E2_20260825T013044Z_2ba66f02,partial|constant|rotation_shear,full,exact_null,8,0.0,2.0,1.299076713820466e-15,1.4855126228851533e-16,1.299076713820466e-15
E2_20260825T013044Z_2ba66f02,partial|constant|rotation_shear,full,exact_null,9,0.0,1.9999999999999993,1.2813811564798801e-15,1.4652775024193873e-16,1.2813811564798801e-15
E2_20260825T013044Z_2ba66f02,partial|constant|rotation_shear,full,exact_null,10,0.0,1.9999999999999998,1.0849332505449308e-15,1.2406365394176804e-16,1.0849332505449308e-15
E2_20260825T013044Z_2ba66f02,partial|constant|rotation_shear,full,exact_null,11,0.0,2.000000000000001,9.457021577700606e-16,1.0814238127058785e-16,9.457021577700606e-16
E2_20260825T013044Z_2ba66f02,partial|constant|rotation_shear,full,exact_null,12,0.0,1.9999999999999996,7.722280296832564e-16,8.830536900831141e-17,7.722280296832564e-16
E2_20260825T013044Z_2ba66f02,partial|constant|rotation_shear,full,exact_null,13,0.0,1.9999999999999996,9.157472991479547e-16,1.0471700075791489e-16,9.157472991479547e-16
E2_20260825T013044Z_2ba66f02,partial|constant|rotation_shear,full,exact_null,14,0.0,1.9999999999999998,9.107662298333404e-16,1.0414740842640705e-16,9.107662298333404e-16
E2_20260825T013044Z_2ba66f02,partial|constant|rotation_shear,full,exact_null,15,0.0,1.9999999999999998,8.303505823525492e-16,9.495176523310544e-17,8.303505823525492e-16
E2_20260825T013044Z_2ba66f02,partial|constant|rotation_shear,full,exact_null,16,0.0,2.0000000000000004,7.748820264577839e-16,8.860885729870363e-17,7.748820264577839e-16
E2_20260825T013044Z_2ba66f02,partial|constant|rotation_shear,full,exact_null,17,0.0,2.0000000000000004,8.728088805025991e-16,9.980693176616032e-17,8.728088805025991e-16
E2_20260825T013044Z_2ba66f02,partial|constant|rotation_shear,full,exact_null,18,0.0,1.9999999999999998,9.273802896271004e-16,1.060472496966286e-16,9.273802896271004e-16
E2_20260825T013044Z_2ba66f02,partial|constant|rotation_shear,full,exact_null,19,0.0,2.0,8.401646178588982e-16,9.607401409424076e-17,8.401646178588982e-16
E2_20260825T013044Z_2ba66f02,partial|constant|rotation_shear,full,exact_null,20,0.0,2.0,8.13012459372235e-16,9.296912631190993e-17,8.13012459372235e-16
E2_20260825T013044Z_2ba66f02,partial|constant|rotation_shear,full,exact_null,21,0.0,1.9999999999999998,8.006653920144752e-16,9.155722167068024e-17,8.006653920144752e-16
E2_20260825T013044Z_2ba66f02,partial|constant|rotation_shear,full,exact_null,22,0.0,2.0,1.0588255882449213e-15,1.2107820577784638e-16,1.0588255882449213e-15
E2_20260825T013044Z_2ba66f02,partial|constant|rotation_shear,full,exact_null,23,0.0,2.0,6.212173109917743e-16,7.103707942844307e-17,6.212173109917743e-16
E2_20260825T013044Z_2ba66f02,partial|constant|rotation_shear,full,exact_null,24,0.0,2.0,8.014367643823231e-16,9.164542919354569e-17,8.014367643823231e-16
E2_20260825T013044Z_2ba66f02,partial|constant|rotation_shear,full,exact_null,25,0.0,1.9999999999999998,6.323701301928411e-16,7.231242010137505e-17,6.323701301928411e-16
E2_20260825T013044Z_2ba66f02,partial|constant|rotation_shear,full,exact_null,26,0.0,2.000000000000001,7.755320926352656e-16,8.868319328687785e-17,7.755320926352656e-16
E2_20260825T013044Z_2ba66f02,partial|constant|rotation_shear,full,exact_null,27,0.0,2.0,5.766979925885282e-16,6.594623231012538e-17,5.766979925885282e-16
E2_20260825T013044Z_2ba66f02,partial|constant|rotation_shear,full,exact_null,28,0.0,1.9999999999999996,5.55884214379835e-16,6.356614729051054e-17,5.55884214379835e-16
E2_20260825T013044Z_2ba66f02,partial|constant|rotation_shear,full,exact_null,29,0.0,1.9999999999999998,5.892778798546448e-16,6.738476023765091e-17,5.892778798546448e-16
E2_20260825T013044Z_2ba66f02,partial|constant|rotation_shear,full,exact_null,30,0.0,1.9999999999999996,5.043883264785461e-16,5.767751956820533e-17,5.043883264785461e-16
E2_20260825T013044Z_2ba66f02,partial|constant|rotation_shear,full,exact_null,31,0.0,2.0,5.054461673594483e-16,5.779848517130376e-17,5.054461673594483e-16
E2_20260825T013044Z_2ba66f02,partial|constant|rotation_shear,full,exact_null,32,0.0,2.0000000000000004,4.1733378003184516e-16,4.7722708874555376e-17,4.1733378003184516e-16
E2_20260825T013044Z_2ba66f02,partial|constant|rotation_shear,full,exact_null,33,0.0,2.0000000000000004,6.169147982318923e-16,7.054508100010295e-17,6.169147982318923e-16
E2_20260825T013044Z_2ba66f02,partial|constant|rotation_shear,full,exact_null,34,0.0,1.9999999999999998,5.156511723364603e-16,5.896544194519387e-17,5.156511723364603e-16
E2_20260825T013044Z_2ba66f02,partial|constant|rotation_shear,full,exact_null,35,0.0,2.0000000000000004,5.775253790937765e-16,6.604084512894318e-17,5.775253790937765e-16
E2_20260825T013044Z_2ba66f02,partial|constant|rotation_shear,full,exact_null,36,0.0,2.0,6.18734726722004e-16,7.075319240076524e-17,6.18734726722004e-16
E2_20260825T013044Z_2ba66f02,partial|constant|rotation_shear,full,exact_null,37,0.0,2.0000000000000004,4.547862660493336e-16,5.200545369982347e-17,4.547862660493336e-16
E2_20260825T013044Z_2ba66f02,partial|constant|rotation_shear,full,exact_null,38,0.0,1.9999999999999993,4.388520250346146e-16,5.01833506699072e-17,4.388520250346146e-16
E2_20260825T013044Z_2ba66f02,partial|constant|rotation_shear,full,exact_null,39,0.0,1.9999999999999996,4.418443186272694e-16,5.0525523680629134e-17,4.418443186272694e-16
E2_20260825T013044Z_2ba66f02,partial|constant|rotation_shear,full,exact_null,40,0.0,2.0,2.3655559559018096e-16,2.705046742234917e-17,2.3655559559018096e-16
E2_20260825T013044Z_2ba66f02,partial|constant|rotation_shear,full,exact_null,41,0.0,1.9999999999999998,3.791985755448127e-16,4.3361894225265746e-17,3.791985755448127e-16
E2_20260825T013044Z_2ba66f02,partial|constant|rotation_shear,full,exact_null,42,0.0,2.0,9.82560323972256e-16,1.123571647831593e-16,9.82560323972256e-16
E2_20260825T013044Z_2ba66f02,partial|constant|rotation_shear,full,exact_null,43,0.0,2.0000000000000004,8.657536576279532e-16,9.900015703715051e-17,8.657536576279532e-16
E2_20260825T013044Z_2ba66f02,partial|constant|rotation_shear,full,exact_null,44,0.0,2.0,8.892612363566638e-16,1.0168828196183392e-16,8.892612363566638e-16
E2_20260825T013044Z_2ba66f02,partial|constant|rotation_shear,full,exact_null,45,0.0,2.0,8.869353158526733e-16,1.0142230965767769e-16,8.869353158526733e-16
E2_20260825T013044Z_2ba66f02,partial|constant|rotation_shear,full,exact_null,46,0.0,2.0000000000000004,4.806125190289198e-16,5.4958722309355534e-17,4.806125190289198e-16
E2_20260825T013044Z_2ba66f02,partial|constant|rotation_shear,full,exact_null,47,0.0,1.9999999999999998,1.4553763647099262e-15,1.664243487566732e-16,1.4553763647099262e-15
E2_20260825T013044Z_2ba66f02,partial|constant|rotation_shear,full,near_null,0,0.009603893643293955,2.0000000000000004,0.01920778728658787,0.002196437682883645,0.01920778728658787
E2_20260825T013044Z_2ba66f02,partial|constant|rotation_shear,full,near_null,1,0.009603893643293952,1.9999999999999998,0.019207787286587855,0.0021964376828836436,0.019207787286587855
E2_20260825T013044Z_2ba66f02,partial|constant|rotation_shear,full,near_null,2,0.009603893643293934,2.0000000000000013,0.019207787286587882,0.0021964376828836466,0.019207787286587882
E2_20260825T013044Z_2ba66f02,partial|constant|rotation_shear,full,near_null,3,0.0096038936432939,1.999999999999999,0.01920778728658785,0.002196437682883643,0.01920778728658785
E2_20260825T013044Z_2ba66f02,partial|constant|rotation_shear,full,near_null,4,0.005606852127036577,2.0,0.011213704254073103,0.001282302964983229,0.011213704254073103
E2_20260825T013044Z_2ba66f02,partial|constant|rotation_shear,full,near_null,5,0.0056068521270365166,2.0,0.011213704254073087,0.0012823029649832274,0.011213704254073087
E2_20260825T013044Z_2ba66f02,partial|constant|rotation_shear,full,near_null,6,0.0056068521270365166,2.0000000000000013,0.01121370425407307,0.0012823029649832254,0.01121370425407307
E2_20260825T013044Z_2ba66f02,partial|constant|rotation_shear,full,near_null,7,0.005606852127036484,1.9999999999999993,0.011213704254073096,0.0012823029649832284,0.011213704254073096
E2_20260825T013044Z_2ba66f02,partial|constant|rotation_shear,full,near_null,8,0.0024971611213402845,2.0,0.004994322242680527,0.000571107822604181,0.004994322242680527
E2_20260825T013044Z_2ba66f02,partial|constant|rotation_shear,full,near_null,9,0.002497161121340265,1.9999999999999991,0.004994322242680514,0.0005711078226041795,0.004994322242680514
E2_20260825T013044Z_2ba66f02,partial|constant|rotation_shear,full,near_null,10,0.0024971611213402563,2.0000000000000004,0.004994322242680519,0.00057110782260418,0.004994322242680519
E2_20260825T013044Z_2ba66f02,partial|constant|rotation_shear,full,near_null,11,0.002497161121340241,1.9999999999999993,0.004994322242680526,0.0005711078226041808,0.004994322242680526
E2_20260825T013044Z_2ba66f02,partial|constant|rotation_shear,full,near_null,12,0.0007333750005342481,1.9999999999999998,0.0014667500010682425,0.00016772494018431073,0.0014667500010682425
E2_20260825T013044Z_2ba66f02,partial|constant|rotation_shear,full,near_null,13,0.0007333750005341019,1.9999999999999998,0.001466750001068232,0.00016772494018430954,0.001466750001068232
E2_20260825T013044Z_2ba66f02,partial|constant|rotation_shear,full,near_null,14,0.0007333750005340581,2.0000000000000018,0.0014667500010682394,0.00016772494018431038,0.0014667500010682394
E2_20260825T013044Z_2ba66f02,partial|constant|rotation_shear,full,near_null,15,0.0007333750005340178,1.9999999999999993,0.0014667500010682422,0.0001677249401843107,0.0014667500010682422
E2_20260825T013044Z_2ba66f02,partial|constant|rotation_shear,full,near_null,16,0.0002645829558003569,1.9999999999999991,0.0005291659116006833,6.0510871522863875e-05,0.0005291659116006833
E2_20260825T013044Z_2ba66f02,partial|constant|rotation_shear,full,near_null,17,0.00026458295580033604,1.9999999999999993,0.000529165911600689,6.0510871522864525e-05,0.000529165911600689
E2_20260825T013044Z_2ba66f02,partial|constant|rotation_shear,full,near_null,18,0.0002645829558003355,2.0000000000000004,0.0005291659116006874,6.0510871522864335e-05,0.0005291659116006874
E2_20260825T013044Z_2ba66f02,partial|constant|rotation_shear,full,near_null,19,0.00026458295580031213,2.000000000000001,0.0005291659116006776,6.051087152286322e-05,0.0005291659116006776
E2_20260825T013044Z_2ba66f02,unresolved_sum|constant|rotation_shear,restricted,exact_null,0,0.0,1.9999999999999996,4.0737317463701278e-16,2.7708543032755286e-16,4.0737317463701278e-16
E2_20260825T013044Z_2ba66f02,unresolved_sum|constant|rotation_shear,restricted,near_null,0,0.629541545368914,1.9999999999999996,1.2590830907378279,0.8563980196440226,1.2590830907378279
E2_20260825T013044Z_2ba66f02,unresolved_sum|constant|rotation_shear,restricted,near_null,1,0.49541033217552255,1.9999999999999998,0.9908206643510454,0.6739323727041431,0.9908206643510454
E2_20260825T013044Z_2ba66f02,unresolved_sum|constant|rotation_shear,restricted,near_null,2,0.48107083952537194,2.000000000000001,0.9621416790507443,0.6544256170362663,0.9621416790507443
E2_20260825T013044Z_2ba66f02,unresolved_sum|constant|rotation_shear,restricted,near_null,3,0.3638252477856062,2.0,0.7276504955712124,0.49493035684801756,0.7276504955712124
E2_20260825T013044Z_2ba66f02,unresolved_sum|constant|rotation_shear,restricted,near_null,4,0.34384547061837245,2.0,0.6876909412367446,0.4677508295796129,0.6876909412367446
E2_20260825T013044Z_2ba66f02,unresolved_sum|constant|rotation_shear,restricted,near_null,5,0.25756395615199484,1.9999999999999996,0.5151279123039892,0.3503776098700347,0.5151279123039892
E2_20260825T013044Z_2ba66f02,unresolved_sum|constant|rotation_shear,restricted,near_null,6,0.23647839457211767,2.0,0.4729567891442353,0.3216938267060389,0.4729567891442353
E2_20260825T013044Z_2ba66f02,unresolved_sum|constant|rotation_shear,restricted,near_null,7,0.04857601236304312,2.0000000000000013,0.09715202472608635,0.06608046934461764,0.09715202472608635
E2_20260825T013044Z_2ba66f02,unresolved_sum|constant|rotation_shear,restricted,near_null,8,0.043620204548182294,2.000000000000001,0.08724040909636471,0.05933882690718949,0.08724040909636471
E2_20260825T013044Z_2ba66f02,unresolved_sum|constant|rotation_shear,restricted,near_null,9,0.014787866262000866,1.9999999999999998,0.029575732524001717,0.020116701550041246,0.029575732524001717
E2_20260825T013044Z_2ba66f02,unresolved_sum|constant|rotation_shear,restricted,near_null,10,0.0051691268704724585,2.0000000000000013,0.010338253740944965,0.007031831414028756,0.010338253740944965
E2_20260825T013044Z_2ba66f02,unresolved_sum|constant|rotation_shear,restricted,near_null,11,0.002330097062670189,1.9999999999999998,0.00466019412534039,0.003169751900773671,0.00466019412534039
E2_20260825T013044Z_2ba66f02,unresolved_sum|constant|rotation_shear,restricted,near_null,12,0.0015870191177543048,1.9999999999999998,0.0031740382355086197,0.0021589044274838843,0.0031740382355086197
E2_20260825T013044Z_2ba66f02,unresolved_sum|constant|rotation_shear,restricted,near_null,13,0.000421571724062851,1.9999999999999993,0.0008431434481256974,0.0005734858839439629,0.0008431434481256974
E2_20260825T013044Z_2ba66f02,unresolved_sum|constant|rotation_shear,restricted,near_null,14,0.00011511287946366253,1.9999999999999987,0.00023022575892738328,0.00015659402105139367,0.00023022575892738328
E2_20260825T013044Z_2ba66f02,unresolved_sum|constant|rotation_shear,restricted,near_null,15,3.4895802889372503e-05,1.9999999999999991,6.979160577873503e-05,4.747057077993153e-05,6.979160577873503e-05
E2_20260825T013044Z_2ba66f02,unresolved_sum|constant|rotation_shear,restricted,near_null,16,2.429406699745074e-05,2.0,4.858813399489913e-05,3.304847951460133e-05,4.858813399489913e-05
E2_20260825T013044Z_2ba66f02,unresolved_sum|constant|rotation_shear,restricted,near_null,17,5.723002446418073e-06,1.9999999999999998,1.1446004892847687e-05,7.785297090540978e-06,1.1446004892847687e-05
E2_20260825T013044Z_2ba66f02,unresolved_sum|constant|rotation_shear,restricted,near_null,18,8.65152134407325e-07,1.9999999999999998,1.7303042688054726e-06,1.176911325461648e-06,1.7303042688054726e-06
E2_20260825T013044Z_2ba66f02,unresolved_sum|constant|rotation_shear,restricted,near_null,19,6.909242951986436e-08,1.9999999999999996,1.3818485903101264e-07,9.399001582143336e-08,1.3818485903101264e-07
E2_20260825T013044Z_2ba66f02,unresolved_sum|constant|rotation_shear,full,exact_null,0,0.0,2.0,2.03404380314775e-16,6.466695759379862e-17,2.03404380314775e-16
E2_20260825T013044Z_2ba66f02,unresolved_sum|constant|rotation_shear,full,exact_null,1,0.0,2.0,2.03404380314775e-16,6.466695759379862e-17,2.03404380314775e-16
E2_20260825T013044Z_2ba66f02,unresolved_sum|constant|rotation_shear,full,exact_null,2,0.0,2.0,2.03404380314775e-16,6.466695759379862e-17,2.03404380314775e-16
E2_20260825T013044Z_2ba66f02,unresolved_sum|constant|rotation_shear,full,exact_null,3,0.0,2.0,2.03404380314775e-16,6.466695759379862e-17,2.03404380314775e-16
E2_20260825T013044Z_2ba66f02,unresolved_sum|constant|rotation_shear,full,exact_null,4,0.0,1.9999999999999998,1.2471404708094007e-16,3.964948041656474e-17,1.2471404708094007e-16
E2_20260825T013044Z_2ba66f02,unresolved_sum|constant|rotation_shear,full,exact_null,5,0.0,1.9999999999999998,1.2471404708094007e-16,3.964948041656474e-17,1.2471404708094007e-16
E2_20260825T013044Z_2ba66f02,unresolved_sum|constant|rotation_shear,full,exact_null,6,0.0,1.9999999999999998,1.2471404708094007e-16,3.964948041656474e-17,1.2471404708094007e-16
E2_20260825T013044Z_2ba66f02,unresolved_sum|constant|rotation_shear,full,exact_null,7,0.0,1.9999999999999998,1.2471404708094007e-16,3.964948041656474e-17,1.2471404708094007e-16
E2_20260825T013044Z_2ba66f02,unresolved_sum|constant|rotation_shear,full,exact_null,8,0.0,2.0,3.8993975752060645e-16,1.2397086889032698e-16,3.8993975752060645e-16
E2_20260825T013044Z_2ba66f02,unresolved_sum|constant|rotation_shear,full,exact_null,9,0.0,2.0,3.8993975752060645e-16,1.2397086889032698e-16,3.8993975752060645e-16
E2_20260825T013044Z_2ba66f02,unresolved_sum|constant|rotation_shear,full,exact_null,10,0.0,2.0,3.8993975752060645e-16,1.2397086889032698e-16,3.8993975752060645e-16
E2_20260825T013044Z_2ba66f02,unresolved_sum|constant|rotation_shear,full,exact_null,11,0.0,2.0,3.8993975752060645e-16,1.2397086889032698e-16,3.8993975752060645e-16
E2_20260825T013044Z_2ba66f02,unresolved_sum|constant|rotation_shear,full,exact_null,12,0.0,2.0000000000000004,6.952671256168548e-17,2.2104150195314906e-17,6.952671256168548e-17
E2_20260825T013044Z_2ba66f02,unresolved_sum|constant|rotation_shear,full,exact_null,13,0.0,2.0000000000000004,6.952671256168548e-17,2.2104150195314906e-17,6.952671256168548e-17
E2_20260825T013044Z_2ba66f02,unresolved_sum|constant|rotation_shear,full,exact_null,14,0.0,2.0000000000000004,6.952671256168548e-17,2.2104150195314906e-17,6.952671256168548e-17
E2_20260825T013044Z_2ba66f02,unresolved_sum|constant|rotation_shear,full,exact_null,15,0.0,2.0000000000000004,6.952671256168548e-17,2.2104150195314906e-17,6.952671256168548e-17
E2_20260825T013044Z_2ba66f02,unresolved_sum|constant|rotation_shear,full,exact_null,16,0.0,1.9999999999999998,1.4550699445797727e-16,4.6260039364214303e-17,1.4550699445797727e-16
E2_20260825T013044Z_2ba66f02,unresolved_sum|constant|rotation_shear,full,exact_null,17,0.0,1.9999999999999998,1.4550699445797727e-16,4.6260039364214303e-17,1.4550699445797727e-16
E2_20260825T013044Z_2ba66f02,unresolved_sum|constant|rotation_shear,full,exact_null,18,0.0,1.9999999999999998,1.4550699445797727e-16,4.6260039364214303e-17,1.4550699445797727e-16
E2_20260825T013044Z_2ba66f02,unresolved_sum|constant|rotation_shear,full,exact_null,19,0.0,1.9999999999999998,1.4550699445797727e-16,4.6260039364214303e-17,1.4550699445797727e-16
E2_20260825T013044Z_2ba66f02,unresolved_sum|constant|rotation_shear,full,exact_null,20,0.0,2.0,7.068370007420765e-17,2.2471983288648694e-17,7.068370007420765e-17
E2_20260825T013044Z_2ba66f02,unresolved_sum|constant|rotation_shear,full,exact_null,21,0.0,2.0,7.068370007420765e-17,2.2471983288648694e-17,7.068370007420765e-17
E2_20260825T013044Z_2ba66f02,unresolved_sum|constant|rotation_shear,full,exact_null,22,0.0,2.0,7.068370007420765e-17,2.2471983288648694e-17,7.068370007420765e-17
E2_20260825T013044Z_2ba66f02,unresolved_sum|constant|rotation_shear,full,exact_null,23,0.0,2.0,7.068370007420765e-17,2.2471983288648694e-17,7.068370007420765e-17
E2_20260825T013044Z_2ba66f02,unresolved_sum|constant|rotation_shear,full,exact_null,24,0.0,2.0,5.832402462783348e-17,1.854255656378216e-17,5.832402462783348e-17
E2_20260825T013044Z_2ba66f02,unresolved_sum|constant|rotation_shear,full,exact_null,25,0.0,2.0,5.832402462783348e-17,1.854255656378216e-17,5.832402462783348e-17
E2_20260825T013044Z_2ba66f02,unresolved_sum|constant|rotation_shear,full,exact_null,26,0.0,2.0,5.832402462783348e-17,1.854255656378216e-17,5.832402462783348e-17
E2_20260825T013044Z_2ba66f02,unresolved_sum|constant|rotation_shear,full,exact_null,27,0.0,2.0,5.832402462783348e-17,1.854255656378216e-17,5.832402462783348e-17
E2_20260825T013044Z_2ba66f02,unresolved_sum|constant|rotation_shear,full,exact_null,28,0.0,2.0,2.5913435387361593e-17,8.238480531790343e-18,2.5913435387361593e-17
E2_20260825T013044Z_2ba66f02,unresolved_sum|constant|rotation_shear,full,exact_null,29,0.0,2.0,2.5913435387361593e-17,8.238480531790343e-18,2.5913435387361593e-17
E2_20260825T013044Z_2ba66f02,unresolved_sum|constant|rotation_shear,full,exact_null,30,0.0,2.0,2.5913435387361593e-17,8.238480531790343e-18,2.5913435387361593e-17
E2_20260825T013044Z_2ba66f02,unresolved_sum|constant|rotation_shear,full,exact_null,31,0.0,2.0,2.5913435387361593e-17,8.238480531790343e-18,2.5913435387361593e-17
E2_20260825T013044Z_2ba66f02,unresolved_sum|constant|rotation_shear,full,exact_null,32,0.0,2.0,3.4453778015011375e-17,1.0953653005874091e-17,3.4453778015011375e-17
E2_20260825T013044Z_2ba66f02,unresolved_sum|constant|rotation_shear,full,exact_null,33,0.0,2.0,3.4453778015011375e-17,1.0953653005874091e-17,3.4453778015011375e-17
E2_20260825T013044Z_2ba66f02,unresolved_sum|constant|rotation_shear,full,exact_null,34,0.0,2.0,3.4453778015011375e-17,1.0953653005874091e-17,3.4453778015011375e-17
E2_20260825T013044Z_2ba66f02,unresolved_sum|constant|rotation_shear,full,exact_null,35,0.0,2.0,3.4453778015011375e-17,1.0953653005874091e-17,3.4453778015011375e-17
E2_20260825T013044Z_2ba66f02,unresolved_sum|constant|rotation_shear,full,exact_null,36,0.0,2.0,1.0125489480055752e-17,3.219127325625528e-18,1.0125489480055752e-17
E2_20260825T013044Z_2ba66f02,unresolved_sum|constant|rotation_shear,full,exact_null,37,0.0,2.0,1.0125489480055752e-17,3.219127325625528e-18,1.0125489480055752e-17
E2_20260825T013044Z_2ba66f02,unresolved_sum|constant|rotation_shear,full,exact_null,38,0.0,2.0,1.0125489480055752e-17,3.219127325625528e-18,1.0125489480055752e-17
E2_20260825T013044Z_2ba66f02,unresolved_sum|constant|rotation_shear,full,exact_null,39,0.0,2.0,1.0125489480055752e-17,3.219127325625528e-18,1.0125489480055752e-17
E2_20260825T013044Z_2ba66f02,unresolved_sum|constant|rotation_shear,full,exact_null,40,0.0,2.0,1.0419928038119374e-16,3.312736154102151e-17,1.0419928038119374e-16
E2_20260825T013044Z_2ba66f02,unresolved_sum|constant|rotation_shear,full,exact_null,41,0.0,2.0,1.0419928038119374e-16,3.312736154102151e-17,1.0419928038119374e-16
E2_20260825T013044Z_2ba66f02,unresolved_sum|constant|rotation_shear,full,exact_null,42,0.0,2.0,1.0419928038119374e-16,3.312736154102151e-17,1.0419928038119374e-16
E2_20260825T013044Z_2ba66f02,unresolved_sum|constant|rotation_shear,full,exact_null,43,0.0,2.0,1.0419928038119374e-16,3.312736154102151e-17,1.0419928038119374e-16
E2_20260825T013044Z_2ba66f02,unresolved_sum|constant|rotation_shear,full,exact_null,44,0.0,2.0,8.181204028583276e-17,2.6009940059495342e-17,8.181204028583276e-17
E2_20260825T013044Z_2ba66f02,unresolved_sum|constant|rotation_shear,full,exact_null,45,0.0,2.0,8.181204028583276e-17,2.6009940059495342e-17,8.181204028583276e-17
E2_20260825T013044Z_2ba66f02,unresolved_sum|constant|rotation_shear,full,exact_null,46,0.0,2.0,8.181204028583276e-17,2.6009940059495342e-17,8.181204028583276e-17
E2_20260825T013044Z_2ba66f02,unresolved_sum|constant|rotation_shear,full,exact_null,47,0.0,2.0,8.181204028583276e-17,2.6009940059495342e-17,8.181204028583276e-17
E2_20260825T013044Z_2ba66f02,unresolved_sum|constant|rotation_shear,full,exact_null,48,0.0,2.0,1.0593508846438004e-16,3.367921508288069e-17,1.0593508846438004e-16
E2_20260825T013044Z_2ba66f02,unresolved_sum|constant|rotation_shear,full,exact_null,49,0.0,2.0,1.0593508846438004e-16,3.367921508288069e-17,1.0593508846438004e-16
E2_20260825T013044Z_2ba66f02,unresolved_sum|constant|rotation_shear,full,exact_null,50,0.0,2.0,1.0593508846438004e-16,3.367921508288069e-17,1.0593508846438004e-16
E2_20260825T013044Z_2ba66f02,unresolved_sum|constant|rotation_shear,full,exact_null,51,0.0,2.0,1.0593508846438004e-16,3.367921508288069e-17,1.0593508846438004e-16
E2_20260825T013044Z_2ba66f02,unresolved_sum|constant|rotation_shear,full,exact_null,52,0.0,2.0,1.2057162963587463e-16,3.833251008956731e-17,1.2057162963587463e-16
E2_20260825T013044Z_2ba66f02,unresolved_sum|constant|rotation_shear,full,exact_null,53,0.0,2.0,1.2057162963587463e-16,3.833251008956731e-17,1.2057162963587463e-16
E2_20260825T013044Z_2ba66f02,unresolved_sum|constant|rotation_shear,full,exact_null,54,0.0,2.0,1.2057162963587463e-16,3.833251008956731e-17,1.2057162963587463e-16
E2_20260825T013044Z_2ba66f02,unresolved_sum|constant|rotation_shear,full,exact_null,55,0.0,2.0,1.2057162963587463e-16,3.833251008956731e-17,1.2057162963587463e-16
E2_20260825T013044Z_2ba66f02,unresolved_sum|constant|rotation_shear,full,exact_null,56,0.0,1.9999999999999996,6.96415151998595e-17,2.2140648609572095e-17,6.96415151998595e-17
E2_20260825T013044Z_2ba66f02,unresolved_sum|constant|rotation_shear,full,exact_null,57,0.0,1.9999999999999996,6.96415151998595e-17,2.2140648609572095e-17,6.96415151998595e-17
E2_20260825T013044Z_2ba66f02,unresolved_sum|constant|rotation_shear,full,exact_null,58,0.0,1.9999999999999996,6.96415151998595e-17,2.2140648609572095e-17,6.96415151998595e-17
E2_20260825T013044Z_2ba66f02,unresolved_sum|constant|rotation_shear,full,exact_null,59,0.0,1.9999999999999996,6.96415151998595e-17,2.2140648609572095e-17,6.96415151998595e-17
E2_20260825T013044Z_2ba66f02,unresolved_sum|constant|rotation_shear,full,exact_null,60,0.0,2.0,4.304724421293043e-17,1.368571469178562e-17,4.304724421293043e-17
E2_20260825T013044Z_2ba66f02,unresolved_sum|constant|rotation_shear,full,exact_null,61,0.0,2.0,4.304724421293043e-17,1.368571469178562e-17,4.304724421293043e-17
E2_20260825T013044Z_2ba66f02,unresolved_sum|constant|rotation_shear,full,exact_null,62,0.0,2.0,4.304724421293043e-17,1.368571469178562e-17,4.304724421293043e-17
E2_20260825T013044Z_2ba66f02,unresolved_sum|constant|rotation_shear,full,exact_null,63,0.0,2.0,4.304724421293043e-17,1.368571469178562e-17,4.304724421293043e-17
E2_20260825T013044Z_2ba66f02,unresolved_sum|constant|rotation_shear,full,exact_null,64,0.0,2.0,7.657765199765279e-17,2.4345806942315748e-17,7.657765199765279e-17
E2_20260825T013044Z_2ba66f02,unresolved_sum|constant|rotation_shear,full,exact_null,65,0.0,2.0,7.657765199765279e-17,2.4345806942315748e-17,7.657765199765279e-17
E2_20260825T013044Z_2ba66f02,unresolved_sum|constant|rotation_shear,full,exact_null,66,0.0,2.0,7.657765199765279e-17,2.4345806942315748e-17,7.657765199765279e-17
E2_20260825T013044Z_2ba66f02,unresolved_sum|constant|rotation_shear,full,exact_null,67,0.0,2.0,7.657765199765279e-17,2.4345806942315748e-17,7.657765199765279e-17
E2_20260825T013044Z_2ba66f02,unresolved_sum|constant|rotation_shear,full,exact_null,68,0.0,1.9999999999999998,5.3939812882393586e-17,1.7148714235579354e-17,5.3939812882393586e-17
E2_20260825T013044Z_2ba66f02,unresolved_sum|constant|rotation_shear,full,exact_null,69,0.0,1.9999999999999998,5.3939812882393586e-17,1.7148714235579354e-17,5.3939812882393586e-17
E2_20260825T013044Z_2ba66f02,unresolved_sum|constant|rotation_shear,full,exact_null,70,0.0,1.9999999999999998,5.3939812882393586e-17,1.7148714235579354e-17,5.3939812882393586e-17
E2_20260825T013044Z_2ba66f02,unresolved_sum|constant|rotation_shear,full,exact_null,71,0.0,1.9999999999999998,5.3939812882393586e-17,1.7148714235579354e-17,5.3939812882393586e-17
E2_20260825T013044Z_2ba66f02,unresolved_sum|constant|rotation_shear,full,exact_null,72,0.0,2.0,5.0791549009084737e-17,1.6147808325518364e-17,5.0791549009084737e-17
E2_20260825T013044Z_2ba66f02,unresolved_sum|constant|rotation_shear,full,exact_null,73,0.0,2.0,5.0791549009084737e-17,1.6147808325518364e-17,5.0791549009084737e-17
E2_20260825T013044Z_2ba66f02,unresolved_sum|constant|rotation_shear,full,exact_null,74,0.0,2.0,5.0791549009084737e-17,1.6147808325518364e-17,5.0791549009084737e-17
E2_20260825T013044Z_2ba66f02,unresolved_sum|constant|rotation_shear,full,exact_null,75,0.0,2.0,5.0791549009084737e-17,1.6147808325518364e-17,5.0791549009084737e-17
E2_20260825T013044Z_2ba66f02,unresolved_sum|constant|rotation_shear,full,exact_null,76,0.0,2.0,3.2823284769886873e-17,1.0435281487147352e-17,3.2823284769886873e-17
E2_20260825T013044Z_2ba66f02,unresolved_sum|constant|rotation_shear,full,exact_null,77,0.0,2.0,3.2823284769886873e-17,1.0435281487147352e-17,3.2823284769886873e-17
E2_20260825T013044Z_2ba66f02,unresolved_sum|constant|rotation_shear,full,exact_null,78,0.0,2.0,3.2823284769886873e-17,1.0435281487147352e-17,3.2823284769886873e-17
E2_20260825T013044Z_2ba66f02,unresolved_sum|constant|rotation_shear,full,exact_null,79,0.0,2.0,3.2823284769886873e-17,1.0435281487147352e-17,3.2823284769886873e-17
E2_20260825T013044Z_2ba66f02,unresolved_sum|constant|rotation_shear,full,exact_null,80,0.0,2.0,1.518186973897983e-17,4.826667572674045e-18,1.518186973897983e-17
E2_20260825T013044Z_2ba66f02,unresolved_sum|constant|rotation_shear,full,exact_null,81,0.0,2.0,1.518186973897983e-17,4.826667572674045e-18,1.518186973897983e-17
E2_20260825T013044Z_2ba66f02,unresolved_sum|constant|rotation_shear,full,exact_null,82,0.0,2.0,1.518186973897983e-17,4.826667572674045e-18,1.518186973897983e-17
E2_20260825T013044Z_2ba66f02,unresolved_sum|constant|rotation_shear,full,exact_null,83,0.0,2.0,1.518186973897983e-17,4.826667572674045e-18,1.518186973897983e-17
E2_20260825T013044Z_2ba66f02,unresolved_sum|constant|rotation_shear,full,exact_null,84,0.0,2.0,8.69982434763378e-17,2.7658754019520228e-17,8.69982434763378e-17
E2_20260825T013044Z_2ba66f02,unresolved_sum|constant|rotation_shear,full,exact_null,85,0.0,2.0,8.69982434763378e-17,2.7658754019520228e-17,8.69982434763378e-17
E2_20260825T013044Z_2ba66f02,unresolved_sum|constant|rotation_shear,full,exact_null,86,0.0,2.0,8.69982434763378e-17,2.7658754019520228e-17,8.69982434763378e-17
E2_20260825T013044Z_2ba66f02,unresolved_sum|constant|rotation_shear,full,exact_null,87,0.0,2.0,8.69982434763378e-17,2.7658754019520228e-17,8.69982434763378e-17
E2_20260825T013044Z_2ba66f02,unresolved_sum|constant|rotation_shear,full,exact_null,88,0.0,2.0,5.07390666245603e-17,1.6131122961470593e-17,5.07390666245603e-17
E2_20260825T013044Z_2ba66f02,unresolved_sum|constant|rotation_shear,full,exact_null,89,0.0,2.0,5.07390666245603e-17,1.6131122961470593e-17,5.07390666245603e-17
E2_20260825T013044Z_2ba66f02,unresolved_sum|constant|rotation_shear,full,exact_null,90,0.0,2.0,5.07390666245603e-17,1.6131122961470593e-17,5.07390666245603e-17
E2_20260825T013044Z_2ba66f02,unresolved_sum|constant|rotation_shear,full,exact_null,91,0.0,2.0,5.07390666245603e-17,1.6131122961470593e-17,5.07390666245603e-17
E2_20260825T013044Z_2ba66f02,unresolved_sum|constant|rotation_shear,full,exact_null,92,0.0,2.0,1.3041518925556765e-16,4.146200539106293e-17,1.3041518925556765e-16
E2_20260825T013044Z_2ba66f02,unresolved_sum|constant|rotation_shear,full,exact_null,93,0.0,2.0,1.3041518925556765e-16,4.146200539106293e-17,1.3041518925556765e-16
E2_20260825T013044Z_2ba66f02,unresolved_sum|constant|rotation_shear,full,exact_null,94,0.0,2.0,1.3041518925556765e-16,4.146200539106293e-17,1.3041518925556765e-16
E2_20260825T013044Z_2ba66f02,unresolved_sum|constant|rotation_shear,full,exact_null,95,0.0,2.0,1.3041518925556765e-16,4.146200539106293e-17,1.3041518925556765e-16
E2_20260825T013044Z_2ba66f02,unresolved_sum|constant|rotation_shear,full,exact_null,96,0.0,1.9999999999999996,6.415102403021988e-17,2.0395094462278145e-17,6.415102403021988e-17
E2_20260825T013044Z_2ba66f02,unresolved_sum|constant|rotation_shear,full,exact_null,97,0.0,1.9999999999999996,6.415102403021988e-17,2.0395094462278145e-17,6.415102403021988e-17
E2_20260825T013044Z_2ba66f02,unresolved_sum|constant|rotation_shear,full,exact_null,98,0.0,1.9999999999999996,6.415102403021988e-17,2.0395094462278145e-17,6.415102403021988e-17
E2_20260825T013044Z_2ba66f02,unresolved_sum|constant|rotation_shear,full,exact_null,99,0.0,1.9999999999999996,6.415102403021988e-17,2.0395094462278145e-17,6.415102403021988e-17
E2_20260825T013044Z_2ba66f02,unresolved_sum|constant|rotation_shear,full,exact_null,100,0.0,2.0,7.491979973720269e-17,2.381873735975611e-17,7.491979973720269e-17
E2_20260825T013044Z_2ba66f02,unresolved_sum|constant|rotation_shear,full,exact_null,101,0.0,2.0,7.491979973720269e-17,2.381873735975611e-17,7.491979973720269e-17
E2_20260825T013044Z_2ba66f02,unresolved_sum|constant|rotation_shear,full,exact_null,102,0.0,2.0,7.491979973720269e-17,2.381873735975611e-17,7.491979973720269e-17
E2_20260825T013044Z_2ba66f02,unresolved_sum|constant|rotation_shear,full,exact_null,103,0.0,2.0,7.491979973720269e-17,2.381873735975611e-17,7.491979973720269e-17
E2_20260825T013044Z_2ba66f02,unresolved_sum|constant|rotation_shear,full,exact_null,104,0.0,2.0,9.025098236104287e-17,2.869287495239005e-17,9.025098236104287e-17
E2_20260825T013044Z_2ba66f02,unresolved_sum|constant|rotation_shear,full,exact_null,105,0.0,2.0,9.025098236104287e-17,2.869287495239005e-17,9.025098236104287e-17
E2_20260825T013044Z_2ba66f02,unresolved_sum|constant|rotation_shear,full,exact_null,106,0.0,2.0,9.025098236104287e-17,2.869287495239005e-17,9.025098236104287e-17
E2_20260825T013044Z_2ba66f02,unresolved_sum|constant|rotation_shear,full,exact_null,107,0.0,2.0,9.025098236104287e-17,2.869287495239005e-17,9.025098236104287e-17
E2_20260825T013044Z_2ba66f02,unresolved_sum|constant|rotation_shear,full,exact_null,108,0.0,1.9999999999999996,5.566745252142226e-17,1.7697970840090724e-17,5.566745252142226e-17
E2_20260825T013044Z_2ba66f02,unresolved_sum|constant|rotation_shear,full,exact_null,109,0.0,1.9999999999999996,5.566745252142226e-17,1.7697970840090724e-17,5.566745252142226e-17
E2_20260825T013044Z_2ba66f02,unresolved_sum|constant|rotation_shear,full,exact_null,110,0.0,1.9999999999999996,5.566745252142226e-17,1.7697970840090724e-17,5.566745252142226e-17
E2_20260825T013044Z_2ba66f02,unresolved_sum|constant|rotation_shear,full,exact_null,111,0.0,1.9999999999999996,5.566745252142226e-17,1.7697970840090724e-17,5.566745252142226e-17
E2_20260825T013044Z_2ba66f02,unresolved_sum|constant|rotation_shear,full,exact_null,112,0.0,2.0,8.542036926486405e-17,2.7157111308759444e-17,8.542036926486405e-17
E2_20260825T013044Z_2ba66f02,unresolved_sum|constant|rotation_shear,full,exact_null,113,0.0,2.0,8.542036926486405e-17,2.7157111308759444e-17,8.542036926486405e-17
E2_20260825T013044Z_2ba66f02,unresolved_sum|constant|rotation_shear,full,exact_null,114,0.0,2.0,8.542036926486405e-17,2.7157111308759444e-17,8.542036926486405e-17
E2_20260825T013044Z_2ba66f02,unresolved_sum|constant|rotation_shear,full,exact_null,115,0.0,2.0,8.542036926486405e-17,2.7157111308759444e-17,8.542036926486405e-17
E2_20260825T013044Z_2ba66f02,unresolved_sum|constant|rotation_shear,full,exact_null,116,0.0,1.9999999999999998,3.1974553420044793e-17,1.0165450158422626e-17,3.1974553420044793e-17
E2_20260825T013044Z_2ba66f02,unresolved_sum|constant|rotation_shear,full,exact_null,117,0.0,1.9999999999999998,3.1974553420044793e-17,1.0165450158422626e-17,3.1974553420044793e-17
E2_20260825T013044Z_2ba66f02,unresolved_sum|constant|rotation_shear,full,exact_null,118,0.0,1.9999999999999998,3.1974553420044793e-17,1.0165450158422626e-17,3.1974553420044793e-17
E2_20260825T013044Z_2ba66f02,unresolved_sum|constant|rotation_shear,full,exact_null,119,0.0,1.9999999999999998,3.1974553420044793e-17,1.0165450158422626e-17,3.1974553420044793e-17
E2_20260825T013044Z_2ba66f02,unresolved_sum|constant|rotation_shear,full,exact_null,120,0.0,2.0,2.627670250499541e-17,8.353971551476811e-18,2.627670250499541e-17
E2_20260825T013044Z_2ba66f02,unresolved_sum|constant|rotation_shear,full,exact_null,121,0.0,2.0,2.627670250499541e-17,8.353971551476811e-18,2.627670250499541e-17
E2_20260825T013044Z_2ba66f02,unresolved_sum|constant|rotation_shear,full,exact_null,122,0.0,2.0,2.627670250499541e-17,8.353971551476811e-18,2.627670250499541e-17
E2_20260825T013044Z_2ba66f02,unresolved_sum|constant|rotation_shear,full,exact_null,123,0.0,2.0,2.627670250499541e-17,8.353971551476811e-18,2.627670250499541e-17
E2_20260825T013044Z_2ba66f02,unresolved_sum|constant|rotation_shear,full,exact_null,124,0.0,1.9999999999999998,1.2721307239429506e-17,4.044397837041641e-18,1.2721307239429506e-17
E2_20260825T013044Z_2ba66f02,unresolved_sum|constant|rotation_shear,full,exact_null,125,0.0,1.9999999999999998,1.2721307239429506e-17,4.044397837041641e-18,1.2721307239429506e-17
E2_20260825T013044Z_2ba66f02,unresolved_sum|constant|rotation_shear,full,exact_null,126,0.0,1.9999999999999998,1.2721307239429506e-17,4.044397837041641e-18,1.2721307239429506e-17
E2_20260825T013044Z_2ba66f02,unresolved_sum|constant|rotation_shear,full,exact_null,127,0.0,1.9999999999999998,1.2721307239429506e-17,4.044397837041641e-18,1.2721307239429506e-17
E2_20260825T013044Z_2ba66f02,unresolved_sum|constant|rotation_shear,full,exact_null,128,0.0,2.0,1.4106140014540024e-16,4.484668209803468e-17,1.4106140014540024e-16
E2_20260825T013044Z_2ba66f02,unresolved_sum|constant|rotation_shear,full,exact_null,129,0.0,2.0,1.4106140014540024e-16,4.484668209803468e-17,1.4106140014540024e-16
E2_20260825T013044Z_2ba66f02,unresolved_sum|constant|rotation_shear,full,exact_null,130,0.0,2.0,1.4106140014540024e-16,4.484668209803468e-17,1.4106140014540024e-16
E2_20260825T013044Z_2ba66f02,unresolved_sum|constant|rotation_shear,full,exact_null,131,0.0,2.0,1.4106140014540024e-16,4.484668209803468e-17,1.4106140014540024e-16
E2_20260825T013044Z_2ba66f02,unresolved_sum|constant|rotation_shear,full,exact_null,132,0.0,2.0,1.5289857918917116e-16,4.860999513027685e-17,1.5289857918917116e-16
E2_20260825T013044Z_2ba66f02,unresolved_sum|constant|rotation_shear,full,exact_null,133,0.0,2.0,1.5289857918917116e-16,4.860999513027685e-17,1.5289857918917116e-16
E2_20260825T013044Z_2ba66f02,unresolved_sum|constant|rotation_shear,full,exact_null,134,0.0,2.0,1.5289857918917116e-16,4.860999513027685e-17,1.5289857918917116e-16
E2_20260825T013044Z_2ba66f02,unresolved_sum|constant|rotation_shear,full,exact_null,135,0.0,2.0,1.5289857918917116e-16,4.860999513027685e-17,1.5289857918917116e-16
E2_20260825T013044Z_2ba66f02,unresolved_sum|constant|rotation_shear,full,exact_null,136,0.0,2.0,2.077417880995126e-16,6.604591986023839e-17,2.077417880995126e-16
E2_20260825T013044Z_2ba66f02,unresolved_sum|constant|rotation_shear,full,exact_null,137,0.0,2.0,2.077417880995126e-16,6.604591986023839e-17,2.077417880995126e-16
E2_20260825T013044Z_2ba66f02,unresolved_sum|constant|rotation_shear,full,exact_null,138,0.0,2.0,2.077417880995126e-16,6.604591986023839e-17,2.077417880995126e-16
E2_20260825T013044Z_2ba66f02,unresolved_sum|constant|rotation_shear,full,exact_null,139,0.0,2.0,2.077417880995126e-16,6.604591986023839e-17,2.077417880995126e-16
E2_20260825T013044Z_2ba66f02,unresolved_sum|constant|rotation_shear,full,exact_null,140,0.0,2.0,9.876640229206401e-17,3.140012392471089e-17,9.876640229206401e-17
E2_20260825T013044Z_2ba66f02,unresolved_sum|constant|rotation_shear,full,exact_null,141,0.0,2.0,9.876640229206401e-17,3.140012392471089e-17,9.876640229206401e-17
E2_20260825T013044Z_2ba66f02,unresolved_sum|constant|rotation_shear,full,exact_null,142,0.0,2.0,9.876640229206401e-17,3.140012392471089e-17,9.876640229206401e-17
E2_20260825T013044Z_2ba66f02,unresolved_sum|constant|rotation_shear,full,exact_null,143,0.0,2.0,9.876640229206401e-17,3.140012392471089e-17,9.876640229206401e-17
E2_20260825T013044Z_2ba66f02,unresolved_sum|constant|rotation_shear,full,exact_null,144,0.0,2.0,1.010596352152316e-16,3.21291957173915e-17,1.010596352152316e-16
E2_20260825T013044Z_2ba66f02,unresolved_sum|constant|rotation_shear,full,exact_null,145,0.0,2.0,1.010596352152316e-16,3.21291957173915e-17,1.010596352152316e-16
E2_20260825T013044Z_2ba66f02,unresolved_sum|constant|rotation_shear,full,exact_null,146,0.0,2.0,1.010596352152316e-16,3.21291957173915e-17,1.010596352152316e-16
E2_20260825T013044Z_2ba66f02,unresolved_sum|constant|rotation_shear,full,exact_null,147,0.0,2.0,1.010596352152316e-16,3.21291957173915e-17,1.010596352152316e-16
E2_20260825T013044Z_2ba66f02,unresolved_sum|constant|rotation_shear,full,exact_null,148,0.0,2.0,1.383486579341317e-16,4.3984238598698355e-17,1.383486579341317e-16
E2_20260825T013044Z_2ba66f02,unresolved_sum|constant|rotation_shear,full,exact_null,149,0.0,2.0,1.383486579341317e-16,4.3984238598698355e-17,1.383486579341317e-16
E2_20260825T013044Z_2ba66f02,unresolved_sum|constant|rotation_shear,full,exact_null,150,0.0,2.0,1.383486579341317e-16,4.3984238598698355e-17,1.383486579341317e-16
E2_20260825T013044Z_2ba66f02,unresolved_sum|constant|rotation_shear,full,exact_null,151,0.0,2.0,1.383486579341317e-16,4.3984238598698355e-17,1.383486579341317e-16
E2_20260825T013044Z_2ba66f02,unresolved_sum|constant|rotation_shear,full,exact_null,152,0.0,2.0,7.637484097880686e-17,2.4281328628058363e-17,7.637484097880686e-17
E2_20260825T013044Z_2ba66f02,unresolved_sum|constant|rotation_shear,full,exact_null,153,0.0,2.0,7.637484097880686e-17,2.4281328628058363e-17,7.637484097880686e-17
E2_20260825T013044Z_2ba66f02,unresolved_sum|constant|rotation_shear,full,exact_null,154,0.0,2.0,7.637484097880686e-17,2.4281328628058363e-17,7.637484097880686e-17
E2_20260825T013044Z_2ba66f02,unresolved_sum|constant|rotation_shear,full,exact_null,155,0.0,2.0,7.637484097880686e-17,2.4281328628058363e-17,7.637484097880686e-17
E2_20260825T013044Z_2ba66f02,unresolved_sum|constant|rotation_shear,full,exact_null,156,0.0,2.0,4.515994967801392e-17,1.4357392629631958e-17,4.515994967801392e-17
E2_20260825T013044Z_2ba66f02,unresolved_sum|constant|rotation_shear,full,exact_null,157,0.0,2.0,4.515994967801392e-17,1.4357392629631958e-17,4.515994967801392e-17
E2_20260825T013044Z_2ba66f02,unresolved_sum|constant|rotation_shear,full,exact_null,158,0.0,2.0,4.515994967801392e-17,1.4357392629631958e-17,4.515994967801392e-17
E2_20260825T013044Z_2ba66f02,unresolved_sum|constant|rotation_shear,full,exact_null,159,0.0,2.0,4.515994967801392e-17,1.4357392629631958e-17,4.515994967801392e-17
E2_20260825T013044Z_2ba66f02,unresolved_sum|constant|rotation_shear,full,exact_null,160,0.0,1.9999999999999998,3.414818149074881e-17,1.0856496801839955e-17,3.414818149074881e-17
E2_20260825T013044Z_2ba66f02,unresolved_sum|constant|rotation_shear,full,exact_null,161,0.0,1.9999999999999998,3.414818149074881e-17,1.0856496801839955e-17,3.414818149074881e-17
E2_20260825T013044Z_2ba66f02,unresolved_sum|constant|rotation_shear,full,exact_null,162,0.0,1.9999999999999998,3.414818149074881e-17,1.0856496801839955e-17,3.414818149074881e-17
E2_20260825T013044Z_2ba66f02,unresolved_sum|constant|rotation_shear,full,exact_null,163,0.0,1.9999999999999998,3.414818149074881e-17,1.0856496801839955e-17,3.414818149074881e-17
E2_20260825T013044Z_2ba66f02,unresolved_sum|constant|rotation_shear,full,exact_null,164,0.0,1.9999999999999998,8.625138024839238e-18,2.7421308923130605e-18,8.625138024839238e-18
E2_20260825T013044Z_2ba66f02,unresolved_sum|constant|rotation_shear,full,exact_null,165,0.0,1.9999999999999998,8.625138024839238e-18,2.7421308923130605e-18,8.625138024839238e-18
E2_20260825T013044Z_2ba66f02,unresolved_sum|constant|rotation_shear,full,exact_null,166,0.0,1.9999999999999998,8.625138024839238e-18,2.7421308923130605e-18,8.625138024839238e-18
E2_20260825T013044Z_2ba66f02,unresolved_sum|constant|rotation_shear,full,exact_null,167,0.0,1.9999999999999998,8.625138024839238e-18,2.7421308923130605e-18,8.625138024839238e-18
E2_20260825T013044Z_2ba66f02,unresolved_sum|constant|rotation_shear,full,exact_null,168,0.0,2.0,1.4534543733848514e-17,4.620867661883485e-18,1.4534543733848514e-17
E2_20260825T013044Z_2ba66f02,unresolved_sum|constant|rotation_shear,full,exact_null,169,0.0,2.0,1.4534543733848514e-17,4.620867661883485e-18,1.4534543733848514e-17
E2_20260825T013044Z_2ba66f02,unresolved_sum|constant|rotation_shear,full,exact_null,170,0.0,2.0,1.4534543733848514e-17,4.620867661883485e-18,1.4534543733848514e-17
E2_20260825T013044Z_2ba66f02,unresolved_sum|constant|rotation_shear,full,exact_null,171,0.0,2.0,1.4534543733848514e-17,4.620867661883485e-18,1.4534543733848514e-17
E2_20260825T013044Z_2ba66f02,unresolved_sum|constant|rotation_shear,full,exact_null,172,0.0,1.9999999999999996,1.4891022859079657e-16,4.734200621767251e-17,1.4891022859079657e-16
E2_20260825T013044Z_2ba66f02,unresolved_sum|constant|rotation_shear,full,exact_null,173,0.0,1.9999999999999996,1.4891022859079657e-16,4.734200621767251e-17,1.4891022859079657e-16
E2_20260825T013044Z_2ba66f02,unresolved_sum|constant|rotation_shear,full,exact_null,174,0.0,1.9999999999999996,1.4891022859079657e-16,4.734200621767251e-17,1.4891022859079657e-16
E2_20260825T013044Z_2ba66f02,unresolved_sum|constant|rotation_shear,full,exact_null,175,0.0,1.9999999999999996,1.4891022859079657e-16,4.734200621767251e-17,1.4891022859079657e-16
E2_20260825T013044Z_2ba66f02,unresolved_sum|constant|rotation_shear,full,exact_null,176,0.0,2.0,1.5039268103548261e-16,4.781331214150257e-17,1.5039268103548261e-16
E2_20260825T013044Z_2ba66f02,unresolved_sum|constant|rotation_shear,full,exact_null,177,0.0,2.0,1.5039268103548261e-16,4.781331214150257e-17,1.5039268103548261e-16
E2_20260825T013044Z_2ba66f02,unresolved_sum|constant|rotation_shear,full,exact_null,178,0.0,2.0,1.5039268103548261e-16,4.781331214150257e-17,1.5039268103548261e-16
E2_20260825T013044Z_2ba66f02,unresolved_sum|constant|rotation_shear,full,exact_null,179,0.0,2.0,1.5039268103548261e-16,4.781331214150257e-17,1.5039268103548261e-16
E2_20260825T013044Z_2ba66f02,unresolved_sum|constant|rotation_shear,full,exact_null,180,0.0,2.0,1.640274075526039e-16,5.214810709587493e-17,1.640274075526039e-16
E2_20260825T013044Z_2ba66f02,unresolved_sum|constant|rotation_shear,full,exact_null,181,0.0,2.0,1.640274075526039e-16,5.214810709587493e-17,1.640274075526039e-16
E2_20260825T013044Z_2ba66f02,unresolved_sum|constant|rotation_shear,full,exact_null,182,0.0,2.0,1.640274075526039e-16,5.214810709587493e-17,1.640274075526039e-16
E2_20260825T013044Z_2ba66f02,unresolved_sum|constant|rotation_shear,full,exact_null,183,0.0,2.0,1.640274075526039e-16,5.214810709587493e-17,1.640274075526039e-16
E2_20260825T013044Z_2ba66f02,unresolved_sum|constant|rotation_shear,full,exact_null,184,0.0,1.9999999999999998,1.6208899243943582e-16,5.153184009253688e-17,1.6208899243943582e-16
E2_20260825T013044Z_2ba66f02,unresolved_sum|constant|rotation_shear,full,exact_null,185,0.0,1.9999999999999998,1.6208899243943582e-16,5.153184009253688e-17,1.6208899243943582e-16
E2_20260825T013044Z_2ba66f02,unresolved_sum|constant|rotation_shear,full,exact_null,186,0.0,1.9999999999999998,1.6208899243943582e-16,5.153184009253688e-17,1.6208899243943582e-16
E2_20260825T013044Z_2ba66f02,unresolved_sum|constant|rotation_shear,full,exact_null,187,0.0,1.9999999999999998,1.6208899243943582e-16,5.153184009253688e-17,1.6208899243943582e-16
E2_20260825T013044Z_2ba66f02,unresolved_sum|constant|rotation_shear,full,exact_null,188,0.0,2.0,1.8755469019731973e-16,5.962797447497797e-17,1.8755469019731973e-16
E2_20260825T013044Z_2ba66f02,unresolved_sum|constant|rotation_shear,full,exact_null,189,0.0,2.0,1.8755469019731973e-16,5.962797447497797e-17,1.8755469019731973e-16
E2_20260825T013044Z_2ba66f02,unresolved_sum|constant|rotation_shear,full,exact_null,190,0.0,2.0,1.8755469019731973e-16,5.962797447497797e-17,1.8755469019731973e-16
E2_20260825T013044Z_2ba66f02,unresolved_sum|constant|rotation_shear,full,exact_null,191,0.0,2.0,1.8755469019731973e-16,5.962797447497797e-17,1.8755469019731973e-16
E2_20260825T013044Z_2ba66f02,unresolved_sum|constant|rotation_shear,full,exact_null,192,0.0,2.0,1.265830573303796e-16,4.024368200827009e-17,1.265830573303796e-16
E2_20260825T013044Z_2ba66f02,unresolved_sum|constant|rotation_shear,full,exact_null,193,0.0,2.0,1.265830573303796e-16,4.024368200827009e-17,1.265830573303796e-16
E2_20260825T013044Z_2ba66f02,unresolved_sum|constant|rotation_shear,full,exact_null,194,0.0,2.0,1.265830573303796e-16,4.024368200827009e-17,1.265830573303796e-16
E2_20260825T013044Z_2ba66f02,unresolved_sum|constant|rotation_shear,full,exact_null,195,0.0,2.0,1.265830573303796e-16,4.024368200827009e-17,1.265830573303796e-16
E2_20260825T013044Z_2ba66f02,unresolved_sum|constant|rotation_shear,full,exact_null,196,0.0,1.9999999999999998,7.248715747260177e-17,2.304534411265698e-17,7.248715747260177e-17
E2_20260825T013044Z_2ba66f02,unresolved_sum|constant|rotation_shear,full,exact_null,197,0.0,1.9999999999999998,7.248715747260177e-17,2.304534411265698e-17,7.248715747260177e-17
E2_20260825T013044Z_2ba66f02,unresolved_sum|constant|rotation_shear,full,exact_null,198,0.0,1.9999999999999998,7.248715747260177e-17,2.304534411265698e-17,7.248715747260177e-17
E2_20260825T013044Z_2ba66f02,unresolved_sum|constant|rotation_shear,full,exact_null,199,0.0,1.9999999999999998,7.248715747260177e-17,2.304534411265698e-17,7.248715747260177e-17
E2_20260825T013044Z_2ba66f02,unresolved_sum|constant|rotation_shear,full,exact_null,200,0.0,1.9999999999999996,4.1711255445808784e-17,1.3260972959009025e-17,4.1711255445808784e-17
E2_20260825T013044Z_2ba66f02,unresolved_sum|constant|rotation_shear,full,exact_null,201,0.0,1.9999999999999996,4.1711255445808784e-17,1.3260972959009025e-17,4.1711255445808784e-17
E2_20260825T013044Z_2ba66f02,unresolved_sum|constant|rotation_shear,full,exact_null,202,0.0,1.9999999999999996,4.1711255445808784e-17,1.3260972959009025e-17,4.1711255445808784e-17
E2_20260825T013044Z_2ba66f02,unresolved_sum|constant|rotation_shear,full,exact_null,203,0.0,1.9999999999999996,4.1711255445808784e-17,1.3260972959009025e-17,4.1711255445808784e-17
E2_20260825T013044Z_2ba66f02,unresolved_sum|constant|rotation_shear,full,exact_null,204,0.0,2.0,2.3263285709328144e-17,7.395936646641969e-18,2.3263285709328144e-17
E2_20260825T013044Z_2ba66f02,unresolved_sum|constant|rotation_shear,full,exact_null,205,0.0,2.0,2.3263285709328144e-17,7.395936646641969e-18,2.3263285709328144e-17
E2_20260825T013044Z_2ba66f02,unresolved_sum|constant|rotation_shear,full,exact_null,206,0.0,2.0,2.3263285709328144e-17,7.395936646641969e-18,2.3263285709328144e-17
E2_20260825T013044Z_2ba66f02,unresolved_sum|constant|rotation_shear,full,exact_null,207,0.0,2.0,2.3263285709328144e-17,7.395936646641969e-18,2.3263285709328144e-17
E2_20260825T013044Z_2ba66f02,unresolved_sum|constant|rotation_shear,full,exact_null,208,0.0,2.0,1.967370597823889e-17,6.25472621700086e-18,1.967370597823889e-17
E2_20260825T013044Z_2ba66f02,unresolved_sum|constant|rotation_shear,full,exact_null,209,0.0,2.0,1.967370597823889e-17,6.25472621700086e-18,1.967370597823889e-17
E2_20260825T013044Z_2ba66f02,unresolved_sum|constant|rotation_shear,full,exact_null,210,0.0,2.0,1.967370597823889e-17,6.25472621700086e-18,1.967370597823889e-17
E2_20260825T013044Z_2ba66f02,unresolved_sum|constant|rotation_shear,full,exact_null,211,0.0,2.0,1.967370597823889e-17,6.25472621700086e-18,1.967370597823889e-17
E2_20260825T013044Z_2ba66f02,unresolved_sum|constant|rotation_shear,full,exact_null,212,0.0,2.0,2.3826832394408953e-17,7.575101173629293e-18,2.3826832394408953e-17
E2_20260825T013044Z_2ba66f02,unresolved_sum|constant|rotation_shear,full,exact_null,213,0.0,2.0,2.3826832394408953e-17,7.575101173629293e-18,2.3826832394408953e-17
E2_20260825T013044Z_2ba66f02,unresolved_sum|constant|rotation_shear,full,exact_null,214,0.0,2.0,2.3826832394408953e-17,7.575101173629293e-18,2.3826832394408953e-17
E2_20260825T013044Z_2ba66f02,unresolved_sum|constant|rotation_shear,full,exact_null,215,0.0,2.0,2.3826832394408953e-17,7.575101173629293e-18,2.3826832394408953e-17
E2_20260825T013044Z_2ba66f02,unresolved_sum|constant|rotation_shear,full,near_null,0,0.3451545628596146,2.0000000000000004,0.6903091257192288,0.21946523909866347,0.6903091257192288
E2_20260825T013044Z_2ba66f02,unresolved_sum|constant|rotation_shear,full,near_null,1,0.34515456285961454,2.0,0.6903091257192285,0.2194652390986634,0.6903091257192285
E2_20260825T013044Z_2ba66f02,unresolved_sum|constant|rotation_shear,full,near_null,2,0.34515456285961427,2.0000000000000004,0.6903091257192288,0.21946523909866347,0.6903091257192288
E2_20260825T013044Z_2ba66f02,unresolved_sum|constant|rotation_shear,full,near_null,3,0.34515456285961416,1.9999999999999991,0.6903091257192284,0.21946523909866336,0.6903091257192284
E2_20260825T013044Z_2ba66f02,unresolved_sum|constant|rotation_shear,full,near_null,4,0.3039011017628982,2.0000000000000004,0.6078022035257964,0.1932343800069334,0.6078022035257964
E2_20260825T013044Z_2ba66f02,unresolved_sum|constant|rotation_shear,full,near_null,5,0.30390110176289803,2.0000000000000004,0.6078022035257963,0.19323438000693338,0.6078022035257963
E2_20260825T013044Z_2ba66f02,unresolved_sum|constant|rotation_shear,full,near_null,6,0.30390110176289803,2.0000000000000004,0.6078022035257964,0.1932343800069334,0.6078022035257964
E2_20260825T013044Z_2ba66f02,unresolved_sum|constant|rotation_shear,full,near_null,7,0.30390110176289786,2.0,0.6078022035257962,0.19323438000693335,0.6078022035257962
E2_20260825T013044Z_2ba66f02,unresolved_sum|constant|rotation_shear,full,near_null,8,0.2766622683755591,1.9999999999999998,0.5533245367511179,0.17591466957751486,0.5533245367511179
E2_20260825T013044Z_2ba66f02,unresolved_sum|constant|rotation_shear,full,near_null,9,0.27666226837555896,2.000000000000001,0.5533245367511181,0.17591466957751495,0.5533245367511181
E2_20260825T013044Z_2ba66f02,unresolved_sum|constant|rotation_shear,full,near_null,10,0.27666226837555896,2.0000000000000018,0.5533245367511185,0.17591466957751503,0.5533245367511185
E2_20260825T013044Z_2ba66f02,unresolved_sum|constant|rotation_shear,full,near_null,11,0.27666226837555885,1.9999999999999998,0.5533245367511178,0.17591466957751484,0.5533245367511178
E2_20260825T013044Z_2ba66f02,unresolved_sum|constant|rotation_shear,full,near_null,12,0.27212226507467807,1.9999999999999993,0.544244530149356,0.17302792544270876,0.544244530149356
E2_20260825T013044Z_2ba66f02,unresolved_sum|constant|rotation_shear,full,near_null,13,0.27212226507467807,2.000000000000001,0.5442445301493564,0.17302792544270887,0.5442445301493564
E2_20260825T013044Z_2ba66f02,unresolved_sum|constant|rotation_shear,full,near_null,14,0.272122265074678,2.0000000000000004,0.5442445301493563,0.17302792544270884,0.5442445301493563
E2_20260825T013044Z_2ba66f02,unresolved_sum|constant|rotation_shear,full,near_null,15,0.27212226507467796,1.9999999999999996,0.5442445301493561,0.17302792544270879,0.5442445301493561
E2_20260825T013044Z_2ba66f02,unresolved_sum|constant|rotation_shear,full,near_null,16,0.2445567325908121,2.0,0.48911346518162374,0.15550048461349897,0.48911346518162374
E2_20260825T013044Z_2ba66f02,unresolved_sum|constant|rotation_shear,full,near_null,17,0.24455673259081182,2.0000000000000004,0.48911346518162374,0.15550048461349897,0.48911346518162374
E2_20260825T013044Z_2ba66f02,unresolved_sum|constant|rotation_shear,full,near_null,18,0.24455673259081168,1.9999999999999993,0.4891134651816235,0.1555004846134989,0.4891134651816235
E2_20260825T013044Z_2ba66f02,unresolved_sum|constant|rotation_shear,full,near_null,19,0.24455673259081162,1.9999999999999998,0.4891134651816236,0.1555004846134989,0.4891134651816236
