arm,snr0,retarded_age,fisher_information,sqrt_fisher,crlb,detectable
DIRECT_PHYSICAL,1.0,0.0003821855154910736,0.02321758895165945,0.15237318974038527,43.07079439135846,False
DIRECT_PHYSICAL,1.0,4.000382185515491,0.024245002100640102,0.1557080669093291,41.24561407951367,False
DIRECT_PHYSICAL,1.0,8.000382185515491,0.023888838450287202,0.1545601450901467,41.86055349995377,False
DIRECT_PHYSICAL,1.0,12.000382185515491,0.024572669427544137,0.15675672051795464,40.69561929153185,False
DIRECT_PHYSICAL,1.0,16.00038218551549,0.0258569226377042,0.16080087884618105,38.67436252997153,False
DIRECT_PHYSICAL,1.0,20.00038218551549,0.027212063974705242,0.16496079526573956,36.748406917223996,False
DIRECT_PHYSICAL,1.0,24.00038218551549,0.028838569119455957,0.16981922482291562,34.675784220006584,False
DIRECT_PHYSICAL,1.0,28.00038218551549,0.029975833237642364,0.1731353032678268,33.36020693977717,False
DIRECT_PHYSICAL,1.0,32.00038218551549,0.03049400559271212,0.17462532918426274,32.79333037962694,False
DIRECT_PHYSICAL,1.0,36.00038218551549,0.029204932784437684,0.17089450776557358,34.24079101229317,False
DIRECT_PHYSICAL,1.0,40.00038218551549,0.024528981557107206,0.15661730925126766,40.76810109999258,False
DIRECT_PHYSICAL,1.0,44.00038218551549,0.01896107627446831,0.1376992239428687,52.73962224109249,False
DIRECT_PHYSICAL,1.0,48.00038218551549,0.013565347071202164,0.11647036992815883,73.71724400055322,False
DIRECT_PHYSICAL,1.0,52.00038218551549,0.008467819518550178,0.09202075591164299,118.09415609406086,False
DIRECT_PHYSICAL,1.0,56.00038218551549,0.003538483720128297,0.05948515546023476,282.606924065131,False
DIRECT_PHYSICAL,1.0,60.00038218551549,0.0004302485125049292,0.020742432656391325,2324.238134323691,False
DIRECT_PHYSICAL,1.0,64.00038218551549,4.229091222199865e-06,0.0020564754368092666,236457.42015463684,False
DIRECT_PHYSICAL,1.0,68.00038218551549,1.825619538794876e-09,4.272726926442732e-05,547759255.8305538,False
DIRECT_PHYSICAL,1.0,72.00038218551549,2.7774980254607556e-14,1.666582738858397e-07,36003625955201.58,False
DIRECT_PHYSICAL,1.0,76.00038218551549,1.3407735413326056e-20,1.1579177610403105e-10,7.458381070125325e+19,False
DIRECT_PHYSICAL,1.0,80.00038218551549,1.950605407217266e-28,1.3966407581111422e-14,5.126613492918592e+27,False
DIRECT_PHYSICAL,1.0,84.00038218551549,8.342387493206053e-38,2.8883191467021182e-19,1.1986976160174636e+37,False
DIRECT_PHYSICAL,1.0,88.00038218551549,1.0359585191858445e-48,1.0178204749295646e-24,9.652896148640158e+47,False
DIRECT_PHYSICAL,1.0,92.00038218551549,3.711236391397622e-61,6.091991785448846e-31,2.694519816409237e+60,False
DIRECT_PHYSICAL,1.0,96.00038218551549,3.8218883356936645e-75,6.182142295105852e-38,2.6165076322631547e+74,False
DIRECT_PHYSICAL,1.0,100.00038218551549,1.1291025459723071e-90,1.0625923705599938e-45,8.856591490003836e+89,False
DIRECT_PHYSICAL,1.0,104.00038218551549,9.557643495530304e-108,3.091543869255344e-54,1.0462830094757737e+107,False
DIRECT_PHYSICAL,1.0,108.00038218551549,2.316299219850338e-126,1.5219392957179133e-63,4.317231519270695e+125,False
DIRECT_PHYSICAL,1.0,112.00038218551549,1.606366953853119e-146,1.2674253247639954e-73,6.225227664210507e+145,False
DIRECT_PHYSICAL,1.0,116.00038218551549,3.18677048927181e-168,1.7851527915760629e-84,3.137973077654877e+167,False
DIRECT_PHYSICAL,1.0,120.00038218551549,1.8080321074207375e-191,4.25209608007714e-96,5.530875231118312e+190,False
DIRECT_PHYSICAL,100.0,0.0003821855154910736,232.17588951659445,15.237318974038525,0.004307079439135847,True
DIRECT_PHYSICAL,100.0,4.000382185515491,242.45002100640096,15.570806690932907,0.0041245614079513685,True
DIRECT_PHYSICAL,100.0,8.000382185515491,238.888384502872,15.45601450901467,0.0041860553499953775,True
DIRECT_PHYSICAL,100.0,12.000382185515491,245.72669427544136,15.675672051795463,0.004069561929153185,True
DIRECT_PHYSICAL,100.0,16.00038218551549,258.5692263770419,16.080087884618102,0.0038674362529971546,True
DIRECT_PHYSICAL,100.0,20.00038218551549,272.1206397470524,16.496079526573954,0.0036748406917224,True
DIRECT_PHYSICAL,100.0,24.00038218551549,288.3856911945595,16.98192248229156,0.003467578422000659,True
DIRECT_PHYSICAL,100.0,28.00038218551549,299.7583323764236,17.31353032678268,0.0033360206939777176,True
DIRECT_PHYSICAL,100.0,32.00038218551549,304.9400559271211,17.46253291842627,0.0032793330379626948,True
DIRECT_PHYSICAL,100.0,36.00038218551549,292.04932784437676,17.089450776557353,0.003424079101229318,True
DIRECT_PHYSICAL,100.0,40.00038218551549,245.28981557107198,15.661730925126761,0.004076810109999259,True
DIRECT_PHYSICAL,100.0,44.00038218551549,189.6107627446831,13.769922394286871,0.0052739622241092495,True
DIRECT_PHYSICAL,100.0,48.00038218551549,135.65347071202163,11.647036992815883,0.007371724400055324,True
DIRECT_PHYSICAL,100.0,52.00038218551549,84.67819518550179,9.202075591164299,0.011809415609406085,True
DIRECT_PHYSICAL,100.0,56.00038218551549,35.38483720128296,5.948515546023475,0.02826069240651311,True
DIRECT_PHYSICAL,100.0,60.00038218551549,4.302485125049293,2.0742432656391325,0.2324238134323691,True
DIRECT_PHYSICAL,100.0,64.00038218551549,0.04229091222199864,0.20564754368092666,23.645742015463686,False
DIRECT_PHYSICAL,100.0,68.00038218551549,1.8256195387948757e-05,0.0042727269264427326,54775.92558305538,False
DIRECT_PHYSICAL,100.0,72.00038218551549,2.7774980254607546e-10,1.6665827388583967e-05,3600362595.5201592,False
DIRECT_PHYSICAL,100.0,76.00038218551549,1.340773541332605e-16,1.1579177610403103e-08,7458381070125327.0,False
DIRECT_PHYSICAL,100.0,80.00038218551549,1.9506054072172662e-24,1.3966407581111423e-12,5.1266134929185914e+23,False
DIRECT_PHYSICAL,100.0,84.00038218551549,8.342387493206053e-34,2.888319146702118e-17,1.1986976160174636e+33,False
DIRECT_PHYSICAL,100.0,88.00038218551549,1.0359585191858442e-44,1.0178204749295645e-22,9.65289614864016e+43,False
DIRECT_PHYSICAL,100.0,92.00038218551549,3.7112363913976217e-57,6.091991785448846e-29,2.694519816409237e+56,False
DIRECT_PHYSICAL,100.0,96.00038218551549,3.821888335693665e-71,6.182142295105852e-36,2.6165076322631547e+70,False
DIRECT_PHYSICAL,100.0,100.00038218551549,1.129102545972307e-86,1.0625923705599938e-43,8.856591490003836e+85,False
DIRECT_PHYSICAL,100.0,104.00038218551549,9.557643495530305e-104,3.0915438692553442e-52,1.0462830094757736e+103,False
DIRECT_PHYSICAL,100.0,108.00038218551549,2.316299219850338e-122,1.5219392957179133e-61,4.317231519270695e+121,False
DIRECT_PHYSICAL,100.0,112.00038218551549,1.6063669538531184e-142,1.267425324763995e-71,6.22522766421051e+141,False
DIRECT_PHYSICAL,100.0,116.00038218551549,3.186770489271809e-164,1.7851527915760625e-82,3.137973077654878e+163,False
DIRECT_PHYSICAL,100.0,120.00038218551549,1.8080321074207371e-187,4.252096080077139e-94,5.530875231118313e+186,False
DIRECT_PHYSICAL,10000.0,0.0003821855154910736,2321758.8951659454,1523.7318974038528,4.307079439135845e-07,True
DIRECT_PHYSICAL,10000.0,4.000382185515491,2424500.21006401,1557.080669093291,4.124561407951367e-07,True
DIRECT_PHYSICAL,10000.0,8.000382185515491,2388883.845028721,1545.6014509014674,4.1860553499953754e-07,True
DIRECT_PHYSICAL,10000.0,12.000382185515491,2457266.9427544144,1567.5672051795466,4.0695619291531835e-07,True
DIRECT_PHYSICAL,10000.0,16.00038218551549,2585692.26377042,1608.0087884618106,3.867436252997153e-07,True
DIRECT_PHYSICAL,10000.0,20.00038218551549,2721206.3974705245,1649.6079526573956,3.674840691722399e-07,True
DIRECT_PHYSICAL,10000.0,24.00038218551549,2883856.9119455963,1698.1922482291563,3.4675784220006576e-07,True
DIRECT_PHYSICAL,10000.0,28.00038218551549,2997583.3237642366,1731.3530326782682,3.336020693977717e-07,True
DIRECT_PHYSICAL,10000.0,32.00038218551549,3049400.5592712117,1746.2532918426273,3.279333037962694e-07,True
DIRECT_PHYSICAL,10000.0,36.00038218551549,2920493.278443768,1708.9450776557355,3.4240791012293174e-07,True
DIRECT_PHYSICAL,10000.0,40.00038218551549,2452898.1557107205,1566.1730925126765,4.076810109999258e-07,True
DIRECT_PHYSICAL,10000.0,44.00038218551549,1896107.6274468312,1376.9922394286873,5.273962224109249e-07,True
DIRECT_PHYSICAL,10000.0,48.00038218551549,1356534.7071202167,1164.7036992815883,7.371724400055321e-07,True
DIRECT_PHYSICAL,10000.0,52.00038218551549,846781.951855018,920.20755911643,1.1809415609406083e-06,True
DIRECT_PHYSICAL,10000.0,56.00038218551549,353848.3720128297,594.8515546023476,2.8260692406513105e-06,True
DIRECT_PHYSICAL,10000.0,60.00038218551549,43024.85125049293,207.42432656391327,2.3242381343236908e-05,True
DIRECT_PHYSICAL,10000.0,64.00038218551549,422.90912221998644,20.564754368092668,0.0023645742015463685,True
DIRECT_PHYSICAL,10000.0,68.00038218551549,0.1825619538794876,0.42727269264427326,5.477592558305537,False
DIRECT_PHYSICAL,10000.0,72.00038218551549,2.777498025460755e-06,0.0016665827388583968,360036.25955201586,False
DIRECT_PHYSICAL,10000.0,76.00038218551549,1.3407735413326056e-12,1.1579177610403104e-06,745838107012.5325,False
DIRECT_PHYSICAL,10000.0,80.00038218551549,1.9506054072172662e-20,1.3966407581111422e-10,5.1266134929185915e+19,False
DIRECT_PHYSICAL,10000.0,84.00038218551549,8.342387493206055e-30,2.8883191467021186e-15,1.1986976160174634e+29,False
DIRECT_PHYSICAL,10000.0,88.00038218551549,1.0359585191858446e-40,1.0178204749295646e-20,9.652896148640157e+39,False
DIRECT_PHYSICAL,10000.0,92.00038218551549,3.711236391397622e-53,6.091991785448846e-27,2.694519816409237e+52,False
DIRECT_PHYSICAL,10000.0,96.00038218551549,3.8218883356936646e-67,6.182142295105851e-34,2.6165076322631547e+66,False
DIRECT_PHYSICAL,10000.0,100.00038218551549,1.1291025459723073e-82,1.0625923705599939e-41,8.856591490003834e+81,False
DIRECT_PHYSICAL,10000.0,104.00038218551549,9.557643495530305e-100,3.0915438692553444e-50,1.0462830094757736e+99,False
DIRECT_PHYSICAL,10000.0,108.00038218551549,2.316299219850338e-118,1.5219392957179133e-59,4.3172315192706944e+117,False
DIRECT_PHYSICAL,10000.0,112.00038218551549,1.6063669538531188e-138,1.2674253247639952e-69,6.225227664210508e+137,False
DIRECT_PHYSICAL,10000.0,116.00038218551549,3.1867704892718096e-160,1.7851527915760625e-80,3.1379730776548774e+159,False
DIRECT_PHYSICAL,10000.0,120.00038218551549,1.8080321074207376e-183,4.25209608007714e-92,5.530875231118311e+182,False
DIRECT_PHYSICAL,1000000.0,0.0003821855154910736,23217588951.659447,152373.18974038525,4.307079439135847e-11,True
DIRECT_PHYSICAL,1000000.0,4.000382185515491,24245002100.6401,155708.06690932906,4.124561407951368e-11,True
DIRECT_PHYSICAL,1000000.0,8.000382185515491,23888838450.2872,154560.14509014672,4.1860553499953766e-11,True
DIRECT_PHYSICAL,1000000.0,12.000382185515491,24572669427.544136,156756.7205179546,4.069561929153185e-11,True
DIRECT_PHYSICAL,1000000.0,16.00038218551549,25856922637.704193,160800.87884618103,3.867436252997154e-11,True
DIRECT_PHYSICAL,1000000.0,20.00038218551549,27212063974.70524,164960.79526573955,3.6748406917224e-11,True
DIRECT_PHYSICAL,1000000.0,24.00038218551549,28838569119.455956,169819.2248229156,3.4675784220006584e-11,True
DIRECT_PHYSICAL,1000000.0,28.00038218551549,29975833237.642365,173135.30326782682,3.336020693977717e-11,True
DIRECT_PHYSICAL,1000000.0,32.00038218551549,30494005592.712112,174625.3291842627,3.279333037962694e-11,True
DIRECT_PHYSICAL,1000000.0,36.00038218551549,29204932784.43768,170894.50776557357,3.424079101229318e-11,True
DIRECT_PHYSICAL,1000000.0,40.00038218551549,24528981557.1072,156617.30925126764,4.076810109999259e-11,True
DIRECT_PHYSICAL,1000000.0,44.00038218551549,18961076274.468307,137699.2239428687,5.2739622241092496e-11,True
DIRECT_PHYSICAL,1000000.0,48.00038218551549,13565347071.202164,116470.36992815882,7.371724400055323e-11,True
DIRECT_PHYSICAL,1000000.0,52.00038218551549,8467819518.550179,92020.75591164299,1.1809415609406085e-10,True
DIRECT_PHYSICAL,1000000.0,56.00038218551549,3538483720.128297,59485.15546023475,2.8260692406513104e-10,True
DIRECT_PHYSICAL,1000000.0,60.00038218551549,430248512.5049292,20742.432656391324,2.3242381343236912e-09,True
DIRECT_PHYSICAL,1000000.0,64.00038218551549,4229091.222199864,2056.4754368092667,2.3645742015463688e-07,True
DIRECT_PHYSICAL,1000000.0,68.00038218551549,1825.619538794876,42.72726926442733,0.0005477592558305538,True
DIRECT_PHYSICAL,1000000.0,72.00038218551549,0.027774980254607548,0.16665827388583968,36.00362595520159,False
DIRECT_PHYSICAL,1000000.0,76.00038218551549,1.3407735413326053e-08,0.00011579177610403103,74583810.70125327,False
DIRECT_PHYSICAL,1000000.0,80.00038218551549,1.950605407217266e-16,1.3966407581111422e-08,5126613492918591.0,False
DIRECT_PHYSICAL,1000000.0,84.00038218551549,8.342387493206053e-26,2.888319146702118e-13,1.1986976160174635e+25,False
DIRECT_PHYSICAL,1000000.0,88.00038218551549,1.0359585191858446e-36,1.0178204749295647e-18,9.652896148640158e+35,False
DIRECT_PHYSICAL,1000000.0,92.00038218551549,3.711236391397621e-49,6.091991785448845e-25,2.6945198164092377e+48,False
DIRECT_PHYSICAL,1000000.0,96.00038218551549,3.821888335693664e-63,6.182142295105851e-32,2.6165076322631554e+62,False
DIRECT_PHYSICAL,1000000.0,100.00038218551549,1.1291025459723071e-78,1.0625923705599938e-39,8.856591490003836e+77,False
DIRECT_PHYSICAL,1000000.0,104.00038218551549,9.557643495530303e-96,3.091543869255344e-48,1.0462830094757739e+95,False
DIRECT_PHYSICAL,1000000.0,108.00038218551549,2.3162992198503384e-114,1.5219392957179135e-57,4.317231519270694e+113,False
DIRECT_PHYSICAL,1000000.0,112.00038218551549,1.6063669538531186e-134,1.2674253247639951e-67,6.225227664210508e+133,False
DIRECT_PHYSICAL,1000000.0,116.00038218551549,3.186770489271809e-156,1.7851527915760626e-78,3.1379730776548776e+155,False
DIRECT_PHYSICAL,1000000.0,120.00038218551549,1.8080321074207377e-179,4.25209608007714e-90,5.530875231118311e+178,False
RESOLVED_PHYSICAL,1.0,0.0003821855154910736,0.02321758895165945,0.15237318974038527,43.07079439135846,False
RESOLVED_PHYSICAL,1.0,4.000382185515491,0.024245002100640102,0.1557080669093291,41.24561407951367,False
RESOLVED_PHYSICAL,1.0,8.000382185515491,0.023888838450287206,0.15456014509014673,41.86055349995376,False
RESOLVED_PHYSICAL,1.0,12.000382185515491,0.024572669427548852,0.15675672051796966,40.69561929152404,False
RESOLVED_PHYSICAL,1.0,16.00038218551549,0.025856923096817676,0.1608008802737649,38.67436184327262,False
RESOLVED_PHYSICAL,1.0,20.00038218551549,0.02721364193258331,0.16496557802336617,36.746276094809815,False
RESOLVED_PHYSICAL,1.0,24.00038218551549,0.029073464304485076,0.170509425852312,34.39562583691593,False
RESOLVED_PHYSICAL,1.0,28.00038218551549,0.03266998272811698,0.18074839619791092,30.60913770056461,False
RESOLVED_PHYSICAL,1.0,32.00038218551549,0.037746180102663895,0.19428376180901968,26.492747008575474,False
RESOLVED_PHYSICAL,1.0,36.00038218551549,0.04066193339551905,0.20164804337141248,24.593026363822634,False
RESOLVED_PHYSICAL,1.0,40.00038218551549,0.039836763663416916,0.1995914919614985,25.10244076173097,False
RESOLVED_PHYSICAL,1.0,44.00038218551549,0.03966224415545593,0.1991538203385914,25.212895066666068,False
RESOLVED_PHYSICAL,1.0,48.00038218551549,0.04066035871998165,0.2016441388188153,24.59397879115542,False
RESOLVED_PHYSICAL,1.0,52.00038218551549,0.03828992594619926,0.1956781182099809,26.116530008574284,False
RESOLVED_PHYSICAL,1.0,56.00038218551549,0.033628842652814024,0.1833816857071993,29.73637868909298,False
RESOLVED_PHYSICAL,1.0,60.00038218551549,0.03041918493692812,0.1744109656441593,32.873990610643396,False
RESOLVED_PHYSICAL,1.0,64.00038218551549,0.029085947146306648,0.17054602647469289,34.38086423556541,False
RESOLVED_PHYSICAL,1.0,68.00038218551549,0.025593005420610968,0.159978140446159,39.073175798050826,False
RESOLVED_PHYSICAL,1.0,72.00038218551549,0.021236942106117967,0.14572900228203708,47.08775844484308,False
RESOLVED_PHYSICAL,1.0,76.00038218551549,0.01713141330464419,0.13088702496674065,58.37230018429991,False
RESOLVED_PHYSICAL,1.0,80.00038218551549,0.013598543236323802,0.11661279190690789,73.53728870963516,False
RESOLVED_PHYSICAL,1.0,84.00038218551549,0.01062870237961299,0.10309559825527466,94.08486231754019,False
RESOLVED_PHYSICAL,1.0,88.00038218551549,0.008251753649395326,0.09083916363218744,121.18636140734499,False
RESOLVED_PHYSICAL,1.0,92.00038218551549,0.006074764219269705,0.07794077379183315,164.61544249370354,False
RESOLVED_PHYSICAL,1.0,96.00038218551549,0.003843673613335337,0.06199736779360344,260.1677719280261,False
RESOLVED_PHYSICAL,1.0,100.00038218551549,0.0025668331503749336,0.05066392355882965,389.5851196459464,False
RESOLVED_PHYSICAL,1.0,104.00038218551549,0.0015859001463543764,0.03982336181633058,630.5567234474204,False
RESOLVED_PHYSICAL,1.0,108.00038218551549,0.000980724634467142,0.03131652334578572,1019.6542075679898,False
RESOLVED_PHYSICAL,1.0,112.00038218551549,0.0004331842164898553,0.020813078015753828,2308.4866944209607,False
RESOLVED_PHYSICAL,1.0,116.00038218551549,0.00010301414311783559,0.010149588322579176,9707.404922604872,False
RESOLVED_PHYSICAL,1.0,120.00038218551549,3.386879673774043e-05,0.005819690433153677,29525.702012486538,False
RESOLVED_PHYSICAL,100.0,0.0003821855154910736,232.17588951659445,15.237318974038525,0.004307079439135847,True
RESOLVED_PHYSICAL,100.0,4.000382185515491,242.45002100640096,15.570806690932907,0.0041245614079513685,True
RESOLVED_PHYSICAL,100.0,8.000382185515491,238.88838450287201,15.45601450901467,0.004186055349995377,True
RESOLVED_PHYSICAL,100.0,12.000382185515491,245.72669427548846,15.675672051796964,0.0040695619291524045,True
RESOLVED_PHYSICAL,100.0,16.00038218551549,258.5692309681767,16.08008802737649,0.0038674361843272624,True
RESOLVED_PHYSICAL,100.0,20.00038218551549,272.13641932583306,16.496557802336614,0.003674627609480982,True
RESOLVED_PHYSICAL,100.0,24.00038218551549,290.7346430448507,17.050942585231198,0.003439562583691594,True
RESOLVED_PHYSICAL,100.0,28.00038218551549,326.69982728116975,18.074839619791092,0.003060913770056461,True
RESOLVED_PHYSICAL,100.0,32.00038218551549,377.4618010266389,19.428376180901967,0.002649274700857548,True
RESOLVED_PHYSICAL,100.0,36.00038218551549,406.61933395519054,20.16480433714125,0.0024593026363822633,True
RESOLVED_PHYSICAL,100.0,40.00038218551549,398.367636634169,19.959149196149845,0.0025102440761730982,True
RESOLVED_PHYSICAL,100.0,44.00038218551549,396.62244155455926,19.915382033859135,0.0025212895066666074,True
RESOLVED_PHYSICAL,100.0,48.00038218551549,406.6035871998164,20.164413881881526,0.0024593978791155424,True
RESOLVED_PHYSICAL,100.0,52.00038218551549,382.8992594619925,19.567811820998088,0.002611653000857429,True
RESOLVED_PHYSICAL,100.0,56.00038218551549,336.28842652814023,18.33816857071993,0.002973637868909298,True
RESOLVED_PHYSICAL,100.0,60.00038218551549,304.1918493692812,17.441096564415933,0.0032873990610643392,True
RESOLVED_PHYSICAL,100.0,64.00038218551549,290.85947146306637,17.054602647469284,0.003438086423556542,True
RESOLVED_PHYSICAL,100.0,68.00038218551549,255.93005420610956,15.997814044615895,0.003907317579805084,True
RESOLVED_PHYSICAL,100.0,72.00038218551549,212.36942106117965,14.572900228203707,0.004708775844484309,True
RESOLVED_PHYSICAL,100.0,76.00038218551549,171.31413304644187,13.088702496674063,0.0058372300184299925,True
RESOLVED_PHYSICAL,100.0,80.00038218551549,135.985432363238,11.661279190690788,0.007353728870963518,True
RESOLVED_PHYSICAL,100.0,84.00038218551549,106.2870237961299,10.309559825527465,0.00940848623175402,True
RESOLVED_PHYSICAL,100.0,88.00038218551549,82.51753649395324,9.083916363218744,0.012118636140734503,True
RESOLVED_PHYSICAL,100.0,92.00038218551549,60.74764219269704,7.794077379183315,0.016461544249370356,True
RESOLVED_PHYSICAL,100.0,96.00038218551549,38.43673613335336,6.199736779360343,0.026016777192802622,True
RESOLVED_PHYSICAL,100.0,100.00038218551549,25.668331503749332,5.066392355882964,0.03895851196459464,True
RESOLVED_PHYSICAL,100.0,104.00038218551549,15.859001463543763,3.9823361816330576,0.06305567234474205,True
RESOLVED_PHYSICAL,100.0,108.00038218551549,9.807246344671418,3.1316523345785714,0.10196542075679899,True
RESOLVED_PHYSICAL,100.0,112.00038218551549,4.331842164898552,2.0813078015753823,0.23084866944209617,True
RESOLVED_PHYSICAL,100.0,116.00038218551549,1.0301414311783554,1.0149588322579175,0.9707404922604876,True
RESOLVED_PHYSICAL,100.0,120.00038218551549,0.3386879673774043,0.5819690433153677,2.9525702012486534,False
RESOLVED_PHYSICAL,10000.0,0.0003821855154910736,2321758.895165945,1523.7318974038526,4.307079439135846e-07,True
RESOLVED_PHYSICAL,10000.0,4.000382185515491,2424500.2100640107,1557.080669093291,4.1245614079513667e-07,True
RESOLVED_PHYSICAL,10000.0,8.000382185515491,2388883.845028721,1545.6014509014674,4.1860553499953754e-07,True
RESOLVED_PHYSICAL,10000.0,12.000382185515491,2457266.942754885,1567.5672051796967,4.0695619291524037e-07,True
RESOLVED_PHYSICAL,10000.0,16.00038218551549,2585692.3096817676,1608.0088027376491,3.867436184327262e-07,True
RESOLVED_PHYSICAL,10000.0,20.00038218551549,2721364.1932583316,1649.6557802336617,3.6746276094809805e-07,True
RESOLVED_PHYSICAL,10000.0,24.00038218551549,2907346.430448508,1705.0942585231198,3.439562583691593e-07,True
RESOLVED_PHYSICAL,10000.0,28.00038218551549,3266998.272811698,1807.4839619791092,3.060913770056461e-07,True
RESOLVED_PHYSICAL,10000.0,32.00038218551549,3774618.01026639,1942.837618090197,2.649274700857547e-07,True
RESOLVED_PHYSICAL,10000.0,36.00038218551549,4066193.339551906,2016.4804337141252,2.459302636382263e-07,True
RESOLVED_PHYSICAL,10000.0,40.00038218551549,3983676.3663416915,1995.914919614985,2.510244076173097e-07,True
RESOLVED_PHYSICAL,10000.0,44.00038218551549,3966224.415545594,1991.538203385914,2.5212895066666064e-07,True
RESOLVED_PHYSICAL,10000.0,48.00038218551549,4066035.8719981653,2016.441388188153,2.4593978791155416e-07,True
RESOLVED_PHYSICAL,10000.0,52.00038218551549,3828992.594619926,1956.781182099809,2.611653000857428e-07,True
RESOLVED_PHYSICAL,10000.0,56.00038218551549,3362884.265281403,1833.8168570719931,2.973637868909298e-07,True
RESOLVED_PHYSICAL,10000.0,60.00038218551549,3041918.493692813,1744.1096564415934,3.2873990610643387e-07,True
RESOLVED_PHYSICAL,10000.0,64.00038218551549,2908594.7146306653,1705.460264746929,3.4380864235565405e-07,True
RESOLVED_PHYSICAL,10000.0,68.00038218551549,2559300.5420610965,1599.7814044615898,3.9073175798050827e-07,True
RESOLVED_PHYSICAL,10000.0,72.00038218551549,2123694.210611797,1457.2900228203707,4.708775844484308e-07,True
RESOLVED_PHYSICAL,10000.0,76.00038218551549,1713141.330464419,1308.8702496674064,5.837230018429991e-07,True
RESOLVED_PHYSICAL,10000.0,80.00038218551549,1359854.3236323805,1166.127919069079,7.353728870963516e-07,True
RESOLVED_PHYSICAL,10000.0,84.00038218551549,1062870.2379612993,1030.9559825527467,9.408486231754017e-07,True
RESOLVED_PHYSICAL,10000.0,88.00038218551549,825175.3649395327,908.3916363218746,1.2118636140734498e-06,True
RESOLVED_PHYSICAL,10000.0,92.00038218551549,607476.4219269706,779.4077379183316,1.6461544249370351e-06,True
RESOLVED_PHYSICAL,10000.0,96.00038218551549,384367.36133353366,619.9736779360344,2.6016777192802614e-06,True
RESOLVED_PHYSICAL,10000.0,100.00038218551549,256683.31503749336,506.63923558829646,3.8958511964594635e-06,True
RESOLVED_PHYSICAL,10000.0,104.00038218551549,158590.01463543766,398.23361816330583,6.305567234474203e-06,True
RESOLVED_PHYSICAL,10000.0,108.00038218551549,98072.46344671422,313.1652334578572,1.0196542075679895e-05,True
RESOLVED_PHYSICAL,10000.0,112.00038218551549,43318.421648985524,208.13078015753825,2.3084866944209612e-05,True
RESOLVED_PHYSICAL,10000.0,116.00038218551549,10301.41431178356,101.49588322579177,9.707404922604872e-05,True
RESOLVED_PHYSICAL,10000.0,120.00038218551549,3386.8796737740436,58.19690433153677,0.0002952570201248653,True
RESOLVED_PHYSICAL,1000000.0,0.0003821855154910736,23217588951.659447,152373.18974038525,4.307079439135847e-11,True
RESOLVED_PHYSICAL,1000000.0,4.000382185515491,24245002100.6401,155708.06690932906,4.124561407951368e-11,True
RESOLVED_PHYSICAL,1000000.0,8.000382185515491,23888838450.2872,154560.14509014672,4.1860553499953766e-11,True
RESOLVED_PHYSICAL,1000000.0,12.000382185515491,24572669427.54885,156756.72051796966,4.069561929152404e-11,True
RESOLVED_PHYSICAL,1000000.0,16.00038218551549,25856923096.81767,160800.8802737649,3.867436184327263e-11,True
RESOLVED_PHYSICAL,1000000.0,20.00038218551549,27213641932.583305,164965.57802336616,3.674627609480982e-11,True
RESOLVED_PHYSICAL,1000000.0,24.00038218551549,29073464304.485077,170509.42585231198,3.4395625836915934e-11,True
RESOLVED_PHYSICAL,1000000.0,28.00038218551549,32669982728.11697,180748.3961979109,3.0609137700564617e-11,True
RESOLVED_PHYSICAL,1000000.0,32.00038218551549,37746180102.663895,194283.7618090197,2.6492747008575475e-11,True
RESOLVED_PHYSICAL,1000000.0,36.00038218551549,40661933395.51905,201648.0433714125,2.4593026363822634e-11,True
RESOLVED_PHYSICAL,1000000.0,40.00038218551549,39836763663.41691,199591.49196149848,2.5102440761730976e-11,True
RESOLVED_PHYSICAL,1000000.0,44.00038218551549,39662244155.45593,199153.82033859138,2.521289506666607e-11,True
RESOLVED_PHYSICAL,1000000.0,48.00038218551549,40660358719.98164,201644.13881881526,2.4593978791155422e-11,True
RESOLVED_PHYSICAL,1000000.0,52.00038218551549,38289925946.19925,195678.11820998086,2.611653000857429e-11,True
RESOLVED_PHYSICAL,1000000.0,56.00038218551549,33628842652.814022,183381.6857071993,2.973637868909298e-11,True
RESOLVED_PHYSICAL,1000000.0,60.00038218551549,30419184936.92812,174410.96564415933,3.287399061064339e-11,True
RESOLVED_PHYSICAL,1000000.0,64.00038218551549,29085947146.30664,170546.02647469286,3.4380864235565415e-11,True
RESOLVED_PHYSICAL,1000000.0,68.00038218551549,25593005420.610962,159978.14044615897,3.907317579805083e-11,True
RESOLVED_PHYSICAL,1000000.0,72.00038218551549,21236942106.117966,145729.00228203708,4.708775844484309e-11,True
RESOLVED_PHYSICAL,1000000.0,76.00038218551549,17131413304.644186,130887.02496674063,5.837230018429992e-11,True
RESOLVED_PHYSICAL,1000000.0,80.00038218551549,13598543236.323803,116612.79190690789,7.353728870963517e-11,True
RESOLVED_PHYSICAL,1000000.0,84.00038218551549,10628702379.61299,103095.59825527464,9.40848623175402e-11,True
RESOLVED_PHYSICAL,1000000.0,88.00038218551549,8251753649.395325,90839.16363218744,1.2118636140734502e-10,True
RESOLVED_PHYSICAL,1000000.0,92.00038218551549,6074764219.269705,77940.77379183314,1.6461544249370354e-10,True
RESOLVED_PHYSICAL,1000000.0,96.00038218551549,3843673613.335336,61997.36779360344,2.6016777192802616e-10,True
RESOLVED_PHYSICAL,1000000.0,100.00038218551549,2566833150.374933,50663.923558829636,3.895851196459465e-10,True
RESOLVED_PHYSICAL,1000000.0,104.00038218551549,1585900146.3543766,39823.36181633058,6.305567234474203e-10,True
RESOLVED_PHYSICAL,1000000.0,108.00038218551549,980724634.467142,31316.523345785718,1.0196542075679898e-09,True
RESOLVED_PHYSICAL,1000000.0,112.00038218551549,433184216.48985523,20813.078015753825,2.308486694420961e-09,True
RESOLVED_PHYSICAL,1000000.0,116.00038218551549,103014143.11783555,10149.588322579175,9.707404922604876e-09,True
RESOLVED_PHYSICAL,1000000.0,120.00038218551549,33868796.73774043,5819.690433153676,2.9525702012486536e-08,True
RESOLVED_EQUALIZED,1.0,0.0003821855154910736,0.02321758895165945,0.15237318974038527,43.07079439135846,False
RESOLVED_EQUALIZED,1.0,4.000382185515491,0.024245002100640102,0.1557080669093291,41.24561407951367,False
RESOLVED_EQUALIZED,1.0,8.000382185515491,0.023888838450287206,0.15456014509014673,41.86055349995376,False
RESOLVED_EQUALIZED,1.0,12.000382185515491,0.024572669427553956,0.15675672051798595,40.695619291515584,False
RESOLVED_EQUALIZED,1.0,16.00038218551549,0.025856923594415968,0.1608008818210148,38.67436109901175,False
RESOLVED_EQUALIZED,1.0,20.00038218551549,0.027215352161509446,0.16497076153521703,36.7439669369517,False
RESOLVED_EQUALIZED,1.0,24.00038218551549,0.029328049389188877,0.17125434122727773,34.09705114478658,False
RESOLVED_EQUALIZED,1.0,28.00038218551549,0.035589967129469414,0.18865303371393055,28.097806226181483,False
RESOLVED_EQUALIZED,1.0,32.00038218551549,0.04560626258519828,0.21355622815829625,21.926813190005937,False
RESOLVED_EQUALIZED,1.0,36.00038218551549,0.053080374856701404,0.23039178556689344,18.839354520378823,False
RESOLVED_EQUALIZED,1.0,40.00038218551549,0.05660375538492176,0.23791543746659602,17.66667234708569,False
RESOLVED_EQUALIZED,1.0,44.00038218551549,0.06436018585562127,0.2536930938272094,15.537556125821213,False
RESOLVED_EQUALIZED,1.0,48.00038218551549,0.07646295187176562,0.276519351712978,13.078229070688751,False
RESOLVED_EQUALIZED,1.0,52.00038218551549,0.08047229372198372,0.2836763890809098,12.426637215720573,False
RESOLVED_EQUALIZED,1.0,56.00038218551549,0.07874580009976731,0.28061682077125616,12.699089967122639,False
RESOLVED_EQUALIZED,1.0,60.00038218551549,0.07748532241904604,0.2783618551796313,12.905669987303273,False
RESOLVED_EQUALIZED,1.0,64.00038218551549,0.07625611402192362,0.27614509595848996,13.11370259062113,False
RESOLVED_EQUALIZED,1.0,68.00038218551549,0.06732708531085087,0.2594746332704815,14.852863381549557,False
RESOLVED_EQUALIZED,1.0,72.00038218551549,0.05517838273241116,0.23490079338395423,18.12303932229263,False
RESOLVED_EQUALIZED,1.0,76.00038218551549,0.044363461440976706,0.21062635504840488,22.541072484401344,False
RESOLVED_EQUALIZED,1.0,80.00038218551549,0.03542844490483532,0.18822445352513398,28.22590725294631,False
RESOLVED_EQUALIZED,1.0,84.00038218551549,0.028000523611249016,0.16733356988736306,35.71361785528386,False
RESOLVED_EQUALIZED,1.0,88.00038218551549,0.022166582168287378,0.14888445912279555,45.11295392352593,False
RESOLVED_EQUALIZED,1.0,92.00038218551549,0.016806555139459757,0.12964009850142724,59.50059317344106,False
RESOLVED_EQUALIZED,1.0,96.00038218551549,0.011262277284687004,0.10612387707150076,88.79198893101943,False
RESOLVED_EQUALIZED,1.0,100.00038218551549,0.007774892975183211,0.08817535355859488,128.6191338185508,False
RESOLVED_EQUALIZED,1.0,104.00038218551549,0.0048559589435965035,0.06968471097447777,205.9325483628086,False
RESOLVED_EQUALIZED,1.0,108.00038218551549,0.0030101945567422043,0.05486523996796336,332.20444099209794,False
RESOLVED_EQUALIZED,1.0,112.00038218551549,0.001329634157768494,0.03646414893794306,752.0865752112489,False
RESOLVED_EQUALIZED,1.0,116.00038218551549,0.0003161960205363807,0.017781901488209316,3162.595146844812,False
RESOLVED_EQUALIZED,1.0,120.00038218551549,0.00010395833450348301,0.01019599600350466,9619.238368680253,False
RESOLVED_EQUALIZED,100.0,0.0003821855154910736,232.17588951659445,15.237318974038525,0.004307079439135847,True
RESOLVED_EQUALIZED,100.0,4.000382185515491,242.45002100640096,15.570806690932907,0.0041245614079513685,True
RESOLVED_EQUALIZED,100.0,8.000382185515491,238.88838450287201,15.45601450901467,0.004186055349995377,True
RESOLVED_EQUALIZED,100.0,12.000382185515491,245.7266942755395,15.675672051798593,0.00406956192915156,True
RESOLVED_EQUALIZED,100.0,16.00038218551549,258.56923594415963,16.080088182101477,0.003867436109901176,True
RESOLVED_EQUALIZED,100.0,20.00038218551549,272.15352161509446,16.497076153521704,0.00367439669369517,True
RESOLVED_EQUALIZED,100.0,24.00038218551549,293.28049389188874,17.12543412272777,0.0034097051144786586,True
RESOLVED_EQUALIZED,100.0,28.00038218551549,355.89967129469414,18.865303371393054,0.002809780622618148,True
RESOLVED_EQUALIZED,100.0,32.00038218551549,456.0626258519827,21.355622815829623,0.0021926813190005943,True
RESOLVED_EQUALIZED,100.0,36.00038218551549,530.8037485670139,23.03917855668934,0.0018839354520378826,True
RESOLVED_EQUALIZED,100.0,40.00038218551549,566.0375538492176,23.791543746659602,0.001766667234708569,True
RESOLVED_EQUALIZED,100.0,44.00038218551549,643.6018585562125,25.369309382720935,0.0015537556125821217,True
RESOLVED_EQUALIZED,100.0,48.00038218551549,764.6295187176561,27.651935171297797,0.0013078229070688752,True
RESOLVED_EQUALIZED,100.0,52.00038218551549,804.7229372198371,28.367638908090978,0.0012426637215720575,True
RESOLVED_EQUALIZED,100.0,56.00038218551549,787.4580009976728,28.061682077125614,0.0012699089967122645,True
RESOLVED_EQUALIZED,100.0,60.00038218551549,774.8532241904604,27.836185517963134,0.0012905669987303273,True
RESOLVED_EQUALIZED,100.0,64.00038218551549,762.5611402192361,27.614509595848993,0.0013113702590621132,True
RESOLVED_EQUALIZED,100.0,68.00038218551549,673.2708531085085,25.947463327048148,0.0014852863381549562,True
RESOLVED_EQUALIZED,100.0,72.00038218551549,551.7838273241115,23.49007933839542,0.001812303932229263,True
RESOLVED_EQUALIZED,100.0,76.00038218551549,443.6346144097669,21.062635504840483,0.002254107248440135,True
RESOLVED_EQUALIZED,100.0,80.00038218551549,354.28444904835317,18.822445352513398,0.0028225907252946315,True
RESOLVED_EQUALIZED,100.0,84.00038218551549,280.00523611249014,16.733356988736304,0.0035713617855283857,True
RESOLVED_EQUALIZED,100.0,88.00038218551549,221.66582168287374,14.888445912279554,0.004511295392352594,True
RESOLVED_EQUALIZED,100.0,92.00038218551549,168.06555139459758,12.964009850142725,0.005950059317344106,True
RESOLVED_EQUALIZED,100.0,96.00038218551549,112.62277284687002,10.612387707150075,0.008879198893101944,True
RESOLVED_EQUALIZED,100.0,100.00038218551549,77.74892975183211,8.817535355859489,0.012861913381855081,True
RESOLVED_EQUALIZED,100.0,104.00038218551549,48.55958943596503,6.968471097447777,0.020593254836280862,True
RESOLVED_EQUALIZED,100.0,108.00038218551549,30.101945567422035,5.486523996796335,0.0332204440992098,True
RESOLVED_EQUALIZED,100.0,112.00038218551549,13.296341577684936,3.6464148937943057,0.0752086575211249,True
RESOLVED_EQUALIZED,100.0,116.00038218551549,3.1619602053638065,1.7781901488209315,0.3162595146844812,True
RESOLVED_EQUALIZED,100.0,120.00038218551549,1.0395833450348297,1.019599600350466,0.9619238368680256,True
RESOLVED_EQUALIZED,10000.0,0.0003821855154910736,2321758.895165945,1523.7318974038526,4.307079439135846e-07,True
RESOLVED_EQUALIZED,10000.0,4.000382185515491,2424500.2100640107,1557.080669093291,4.1245614079513667e-07,True
RESOLVED_EQUALIZED,10000.0,8.000382185515491,2388883.845028721,1545.6014509014674,4.1860553499953754e-07,True
RESOLVED_EQUALIZED,10000.0,12.000382185515491,2457266.942755396,1567.5672051798597,4.0695619291515577e-07,True
RESOLVED_EQUALIZED,10000.0,16.00038218551549,2585692.359441597,1608.008818210148,3.8674361099011746e-07,True
RESOLVED_EQUALIZED,10000.0,20.00038218551549,2721535.216150945,1649.7076153521705,3.6743966936951694e-07,True
RESOLVED_EQUALIZED,10000.0,24.00038218551549,2932804.9389188886,1712.5434122727775,3.409705114478657e-07,True
RESOLVED_EQUALIZED,10000.0,28.00038218551549,3558996.7129469416,1886.5303371393054,2.809780622618148e-07,True
RESOLVED_EQUALIZED,10000.0,32.00038218551549,4560626.258519828,2135.5622815829624,2.1926813190005938e-07,True
RESOLVED_EQUALIZED,10000.0,36.00038218551549,5308037.485670141,2303.9178556689344,1.8839354520378822e-07,True
RESOLVED_EQUALIZED,10000.0,40.00038218551549,5660375.538492177,2379.1543746659604,1.7666672347085688e-07,True
RESOLVED_EQUALIZED,10000.0,44.00038218551549,6436018.585562128,2536.930938272094,1.5537556125821211e-07,True
RESOLVED_EQUALIZED,10000.0,48.00038218551549,7646295.187176563,2765.19351712978,1.307822907068875e-07,True
RESOLVED_EQUALIZED,10000.0,52.00038218551549,8047229.372198373,2836.763890809098,1.2426637215720572e-07,True
RESOLVED_EQUALIZED,10000.0,56.00038218551549,7874580.009976732,2806.168207712562,1.269908996712264e-07,True
RESOLVED_EQUALIZED,10000.0,60.00038218551549,7748532.241904605,2783.6185517963136,1.290566998730327e-07,True
RESOLVED_EQUALIZED,10000.0,64.00038218551549,7625611.402192363,2761.4509595848995,1.3113702590621128e-07,True
RESOLVED_EQUALIZED,10000.0,68.00038218551549,6732708.531085087,2594.746332704815,1.4852863381549557e-07,True
RESOLVED_EQUALIZED,10000.0,72.00038218551549,5517838.273241118,2349.0079338395426,1.8123039322292622e-07,True
RESOLVED_EQUALIZED,10000.0,76.00038218551549,4436346.144097671,2106.2635504840487,2.2541072484401342e-07,True
RESOLVED_EQUALIZED,10000.0,80.00038218551549,3542844.4904835327,1882.24453525134,2.8225907252946305e-07,True
RESOLVED_EQUALIZED,10000.0,84.00038218551549,2800052.361124902,1673.3356988736307,3.571361785528385e-07,True
RESOLVED_EQUALIZED,10000.0,88.00038218551549,2216658.216828738,1488.8445912279556,4.511295392352593e-07,True
RESOLVED_EQUALIZED,10000.0,92.00038218551549,1680655.513945976,1296.4009850142725,5.950059317344105e-07,True
RESOLVED_EQUALIZED,10000.0,96.00038218551549,1126227.7284687005,1061.2387707150076,8.879198893101942e-07,True
RESOLVED_EQUALIZED,10000.0,100.00038218551549,777489.2975183213,881.753535585949,1.2861913381855076e-06,True
RESOLVED_EQUALIZED,10000.0,104.00038218551549,485595.8943596504,696.8471097447778,2.059325483628086e-06,True
RESOLVED_EQUALIZED,10000.0,108.00038218551549,301019.45567422046,548.6523996796336,3.322044409920979e-06,True
RESOLVED_EQUALIZED,10000.0,112.00038218551549,132963.4157768494,364.6414893794306,7.520865752112488e-06,True
RESOLVED_EQUALIZED,10000.0,116.00038218551549,31619.602053638075,177.81901488209317,3.162595146844811e-05,True
RESOLVED_EQUALIZED,10000.0,120.00038218551549,10395.8334503483,101.9599600350466,9.619238368680253e-05,True
RESOLVED_EQUALIZED,1000000.0,0.0003821855154910736,23217588951.659447,152373.18974038525,4.307079439135847e-11,True
RESOLVED_EQUALIZED,1000000.0,4.000382185515491,24245002100.6401,155708.06690932906,4.124561407951368e-11,True
RESOLVED_EQUALIZED,1000000.0,8.000382185515491,23888838450.2872,154560.14509014672,4.1860553499953766e-11,True
RESOLVED_EQUALIZED,1000000.0,12.000382185515491,24572669427.553955,156756.72051798593,4.069561929151559e-11,True
RESOLVED_EQUALIZED,1000000.0,16.00038218551549,25856923594.415962,160800.88182101477,3.867436109901176e-11,True
RESOLVED_EQUALIZED,1000000.0,20.00038218551549,27215352161.509445,164970.76153521703,3.6743966936951696e-11,True
RESOLVED_EQUALIZED,1000000.0,24.00038218551549,29328049389.18888,171254.34122727774,3.4097051144786574e-11,True
RESOLVED_EQUALIZED,1000000.0,28.00038218551549,35589967129.46941,188653.03371393055,2.8097806226181483e-11,True
RESOLVED_EQUALIZED,1000000.0,32.00038218551549,45606262585.19827,213556.22815829623,2.1926813190005943e-11,True
RESOLVED_EQUALIZED,1000000.0,36.00038218551549,53080374856.7014,230391.78556689344,1.8839354520378824e-11,True
RESOLVED_EQUALIZED,1000000.0,40.00038218551549,56603755384.92175,237915.437466596,1.7666672347085693e-11,True
RESOLVED_EQUALIZED,1000000.0,44.00038218551549,64360185855.62126,253693.09382720938,1.5537556125821215e-11,True
RESOLVED_EQUALIZED,1000000.0,48.00038218551549,76462951871.76562,276519.351712978,1.307822907068875e-11,True
RESOLVED_EQUALIZED,1000000.0,52.00038218551549,80472293721.98372,283676.3890809098,1.2426637215720574e-11,True
RESOLVED_EQUALIZED,1000000.0,56.00038218551549,78745800099.7673,280616.82077125617,1.269908996712264e-11,True
RESOLVED_EQUALIZED,1000000.0,60.00038218551549,77485322419.04604,278361.8551796313,1.2905669987303275e-11,True
RESOLVED_EQUALIZED,1000000.0,64.00038218551549,76256114021.92361,276145.0959584899,1.3113702590621131e-11,True
RESOLVED_EQUALIZED,1000000.0,68.00038218551549,67327085310.85086,259474.63327048148,1.485286338154956e-11,True
RESOLVED_EQUALIZED,1000000.0,72.00038218551549,55178382732.411156,234900.79338395424,1.812303932229263e-11,True
RESOLVED_EQUALIZED,1000000.0,76.00038218551549,44363461440.9767,210626.35504840486,2.2541072484401347e-11,True
RESOLVED_EQUALIZED,1000000.0,80.00038218551549,35428444904.83531,188224.45352513395,2.8225907252946317e-11,True
RESOLVED_EQUALIZED,1000000.0,84.00038218551549,28000523611.249012,167333.56988736303,3.571361785528386e-11,True
RESOLVED_EQUALIZED,1000000.0,88.00038218551549,22166582168.287376,148884.45912279555,4.5112953923525936e-11,True
RESOLVED_EQUALIZED,1000000.0,92.00038218551549,16806555139.459757,129640.09850142724,5.950059317344106e-11,True
RESOLVED_EQUALIZED,1000000.0,96.00038218551549,11262277284.687002,106123.87707150074,8.879198893101945e-11,True
RESOLVED_EQUALIZED,1000000.0,100.00038218551549,7774892975.183211,88175.35355859488,1.286191338185508e-10,True
RESOLVED_EQUALIZED,1000000.0,104.00038218551549,4855958943.596503,69684.71097447777,2.0593254836280863e-10,True
RESOLVED_EQUALIZED,1000000.0,108.00038218551549,3010194556.7422037,54865.23996796335,3.32204440992098e-10,True
RESOLVED_EQUALIZED,1000000.0,112.00038218551549,1329634157.7684937,36464.14893794306,7.520865752112491e-10,True
RESOLVED_EQUALIZED,1000000.0,116.00038218551549,316196020.5363807,17781.901488209318,3.1625951468448117e-09,True
RESOLVED_EQUALIZED,1000000.0,120.00038218551549,103958334.503483,10195.99600350466,9.619238368680255e-09,True
DELAY_ONLY_PHYSICAL,1.0,0.0003821855154910736,0.02321758895165945,0.15237318974038527,43.07079439135846,False
DELAY_ONLY_PHYSICAL,1.0,4.000382185515491,0.024245002100640102,0.1557080669093291,41.24561407951367,False
DELAY_ONLY_PHYSICAL,1.0,8.000382185515491,0.023888838450287206,0.15456014509014673,41.86055349995376,False
DELAY_ONLY_PHYSICAL,1.0,12.000382185515491,0.024572669427548852,0.15675672051796966,40.69561929152404,False
DELAY_ONLY_PHYSICAL,1.0,16.00038218551549,0.025856923096817676,0.1608008802737649,38.67436184327262,False
DELAY_ONLY_PHYSICAL,1.0,20.00038218551549,0.02721364193258331,0.16496557802336617,36.746276094809815,False
DELAY_ONLY_PHYSICAL,1.0,24.00038218551549,0.029073464304485076,0.170509425852312,34.39562583691593,False
DELAY_ONLY_PHYSICAL,1.0,28.00038218551549,0.03266998272811698,0.18074839619791092,30.60913770056461,False
DELAY_ONLY_PHYSICAL,1.0,32.00038218551549,0.037746180102663895,0.19428376180901968,26.492747008575474,False
DELAY_ONLY_PHYSICAL,1.0,36.00038218551549,0.04066193339551905,0.20164804337141248,24.593026363822634,False
DELAY_ONLY_PHYSICAL,1.0,40.00038218551549,0.039836763663416916,0.1995914919614985,25.10244076173097,False
DELAY_ONLY_PHYSICAL,1.0,44.00038218551549,0.03966224415545593,0.1991538203385914,25.212895066666068,False
DELAY_ONLY_PHYSICAL,1.0,48.00038218551549,0.04066035871998165,0.2016441388188153,24.59397879115542,False
DELAY_ONLY_PHYSICAL,1.0,52.00038218551549,0.03828992594619926,0.1956781182099809,26.116530008574284,False
DELAY_ONLY_PHYSICAL,1.0,56.00038218551549,0.033628842652814024,0.1833816857071993,29.73637868909298,False
DELAY_ONLY_PHYSICAL,1.0,60.00038218551549,0.03041918493692812,0.1744109656441593,32.873990610643396,False
DELAY_ONLY_PHYSICAL,1.0,64.00038218551549,0.029085947146306648,0.17054602647469289,34.38086423556541,False
DELAY_ONLY_PHYSICAL,1.0,68.00038218551549,0.025593005420610968,0.159978140446159,39.073175798050826,False
DELAY_ONLY_PHYSICAL,1.0,72.00038218551549,0.021236942106117967,0.14572900228203708,47.08775844484308,False
DELAY_ONLY_PHYSICAL,1.0,76.00038218551549,0.01713141330464419,0.13088702496674065,58.37230018429991,False
DELAY_ONLY_PHYSICAL,1.0,80.00038218551549,0.013598543236323802,0.11661279190690789,73.53728870963516,False
DELAY_ONLY_PHYSICAL,1.0,84.00038218551549,0.01062870237961299,0.10309559825527466,94.08486231754019,False
DELAY_ONLY_PHYSICAL,1.0,88.00038218551549,0.008251753649395326,0.09083916363218744,121.18636140734499,False
DELAY_ONLY_PHYSICAL,1.0,92.00038218551549,0.006074764219269705,0.07794077379183315,164.61544249370354,False
DELAY_ONLY_PHYSICAL,1.0,96.00038218551549,0.003843673613335337,0.06199736779360344,260.1677719280261,False
DELAY_ONLY_PHYSICAL,1.0,100.00038218551549,0.0025668331503749336,0.05066392355882965,389.5851196459464,False
DELAY_ONLY_PHYSICAL,1.0,104.00038218551549,0.0015859001463543764,0.03982336181633058,630.5567234474204,False
DELAY_ONLY_PHYSICAL,1.0,108.00038218551549,0.000980724634467142,0.03131652334578572,1019.6542075679898,False
DELAY_ONLY_PHYSICAL,1.0,112.00038218551549,0.0004331842164898553,0.020813078015753828,2308.4866944209607,False
DELAY_ONLY_PHYSICAL,1.0,116.00038218551549,0.00010301414311783559,0.010149588322579176,9707.404922604872,False
DELAY_ONLY_PHYSICAL,1.0,120.00038218551549,3.386879673774043e-05,0.005819690433153677,29525.702012486538,False
DELAY_ONLY_PHYSICAL,100.0,0.0003821855154910736,232.17588951659445,15.237318974038525,0.004307079439135847,True
DELAY_ONLY_PHYSICAL,100.0,4.000382185515491,242.45002100640096,15.570806690932907,0.0041245614079513685,True
DELAY_ONLY_PHYSICAL,100.0,8.000382185515491,238.88838450287201,15.45601450901467,0.004186055349995377,True
DELAY_ONLY_PHYSICAL,100.0,12.000382185515491,245.72669427548846,15.675672051796964,0.0040695619291524045,True
DELAY_ONLY_PHYSICAL,100.0,16.00038218551549,258.5692309681767,16.08008802737649,0.0038674361843272624,True
DELAY_ONLY_PHYSICAL,100.0,20.00038218551549,272.13641932583306,16.496557802336614,0.003674627609480982,True
DELAY_ONLY_PHYSICAL,100.0,24.00038218551549,290.7346430448507,17.050942585231198,0.003439562583691594,True
DELAY_ONLY_PHYSICAL,100.0,28.00038218551549,326.69982728116975,18.074839619791092,0.003060913770056461,True
DELAY_ONLY_PHYSICAL,100.0,32.00038218551549,377.4618010266389,19.428376180901967,0.002649274700857548,True
DELAY_ONLY_PHYSICAL,100.0,36.00038218551549,406.61933395519054,20.16480433714125,0.0024593026363822633,True
DELAY_ONLY_PHYSICAL,100.0,40.00038218551549,398.367636634169,19.959149196149845,0.0025102440761730982,True
DELAY_ONLY_PHYSICAL,100.0,44.00038218551549,396.62244155455926,19.915382033859135,0.0025212895066666074,True
DELAY_ONLY_PHYSICAL,100.0,48.00038218551549,406.6035871998164,20.164413881881526,0.0024593978791155424,True
DELAY_ONLY_PHYSICAL,100.0,52.00038218551549,382.8992594619925,19.567811820998088,0.002611653000857429,True
DELAY_ONLY_PHYSICAL,100.0,56.00038218551549,336.28842652814023,18.33816857071993,0.002973637868909298,True
DELAY_ONLY_PHYSICAL,100.0,60.00038218551549,304.1918493692812,17.441096564415933,0.0032873990610643392,True
DELAY_ONLY_PHYSICAL,100.0,64.00038218551549,290.85947146306637,17.054602647469284,0.003438086423556542,True
DELAY_ONLY_PHYSICAL,100.0,68.00038218551549,255.93005420610956,15.997814044615895,0.003907317579805084,True
DELAY_ONLY_PHYSICAL,100.0,72.00038218551549,212.36942106117965,14.572900228203707,0.004708775844484309,True
DELAY_ONLY_PHYSICAL,100.0,76.00038218551549,171.31413304644187,13.088702496674063,0.0058372300184299925,True
DELAY_ONLY_PHYSICAL,100.0,80.00038218551549,135.985432363238,11.661279190690788,0.007353728870963518,True
DELAY_ONLY_PHYSICAL,100.0,84.00038218551549,106.2870237961299,10.309559825527465,0.00940848623175402,True
DELAY_ONLY_PHYSICAL,100.0,88.00038218551549,82.51753649395324,9.083916363218744,0.012118636140734503,True
DELAY_ONLY_PHYSICAL,100.0,92.00038218551549,60.74764219269704,7.794077379183315,0.016461544249370356,True
DELAY_ONLY_PHYSICAL,100.0,96.00038218551549,38.43673613335336,6.199736779360343,0.026016777192802622,True
DELAY_ONLY_PHYSICAL,100.0,100.00038218551549,25.668331503749332,5.066392355882964,0.03895851196459464,True
DELAY_ONLY_PHYSICAL,100.0,104.00038218551549,15.859001463543763,3.9823361816330576,0.06305567234474205,True
DELAY_ONLY_PHYSICAL,100.0,108.00038218551549,9.807246344671418,3.1316523345785714,0.10196542075679899,True
DELAY_ONLY_PHYSICAL,100.0,112.00038218551549,4.331842164898552,2.0813078015753823,0.23084866944209617,True
DELAY_ONLY_PHYSICAL,100.0,116.00038218551549,1.0301414311783554,1.0149588322579175,0.9707404922604876,True
DELAY_ONLY_PHYSICAL,100.0,120.00038218551549,0.3386879673774043,0.5819690433153677,2.9525702012486534,False
DELAY_ONLY_PHYSICAL,10000.0,0.0003821855154910736,2321758.895165945,1523.7318974038526,4.307079439135846e-07,True
DELAY_ONLY_PHYSICAL,10000.0,4.000382185515491,2424500.2100640107,1557.080669093291,4.1245614079513667e-07,True
DELAY_ONLY_PHYSICAL,10000.0,8.000382185515491,2388883.845028721,1545.6014509014674,4.1860553499953754e-07,True
DELAY_ONLY_PHYSICAL,10000.0,12.000382185515491,2457266.942754885,1567.5672051796967,4.0695619291524037e-07,True
DELAY_ONLY_PHYSICAL,10000.0,16.00038218551549,2585692.3096817676,1608.0088027376491,3.867436184327262e-07,True
DELAY_ONLY_PHYSICAL,10000.0,20.00038218551549,2721364.1932583316,1649.6557802336617,3.6746276094809805e-07,True
DELAY_ONLY_PHYSICAL,10000.0,24.00038218551549,2907346.430448508,1705.0942585231198,3.439562583691593e-07,True
DELAY_ONLY_PHYSICAL,10000.0,28.00038218551549,3266998.272811698,1807.4839619791092,3.060913770056461e-07,True
DELAY_ONLY_PHYSICAL,10000.0,32.00038218551549,3774618.01026639,1942.837618090197,2.649274700857547e-07,True
DELAY_ONLY_PHYSICAL,10000.0,36.00038218551549,4066193.339551906,2016.4804337141252,2.459302636382263e-07,True
DELAY_ONLY_PHYSICAL,10000.0,40.00038218551549,3983676.3663416915,1995.914919614985,2.510244076173097e-07,True
DELAY_ONLY_PHYSICAL,10000.0,44.00038218551549,3966224.415545594,1991.538203385914,2.5212895066666064e-07,True
DELAY_ONLY_PHYSICAL,10000.0,48.00038218551549,4066035.8719981653,2016.441388188153,2.4593978791155416e-07,True
DELAY_ONLY_PHYSICAL,10000.0,52.00038218551549,3828992.594619926,1956.781182099809,2.611653000857428e-07,True
DELAY_ONLY_PHYSICAL,10000.0,56.00038218551549,3362884.265281403,1833.8168570719931,2.973637868909298e-07,True
DELAY_ONLY_PHYSICAL,10000.0,60.00038218551549,3041918.493692813,1744.1096564415934,3.2873990610643387e-07,True
DELAY_ONLY_PHYSICAL,10000.0,64.00038218551549,2908594.7146306653,1705.460264746929,3.4380864235565405e-07,True
DELAY_ONLY_PHYSICAL,10000.0,68.00038218551549,2559300.5420610965,1599.7814044615898,3.9073175798050827e-07,True
DELAY_ONLY_PHYSICAL,10000.0,72.00038218551549,2123694.210611797,1457.2900228203707,4.708775844484308e-07,True
DELAY_ONLY_PHYSICAL,10000.0,76.00038218551549,1713141.330464419,1308.8702496674064,5.837230018429991e-07,True
DELAY_ONLY_PHYSICAL,10000.0,80.00038218551549,1359854.3236323805,1166.127919069079,7.353728870963516e-07,True
DELAY_ONLY_PHYSICAL,10000.0,84.00038218551549,1062870.2379612993,1030.9559825527467,9.408486231754017e-07,True
DELAY_ONLY_PHYSICAL,10000.0,88.00038218551549,825175.3649395327,908.3916363218746,1.2118636140734498e-06,True
DELAY_ONLY_PHYSICAL,10000.0,92.00038218551549,607476.4219269706,779.4077379183316,1.6461544249370351e-06,True
DELAY_ONLY_PHYSICAL,10000.0,96.00038218551549,384367.36133353366,619.9736779360344,2.6016777192802614e-06,True
DELAY_ONLY_PHYSICAL,10000.0,100.00038218551549,256683.31503749336,506.63923558829646,3.8958511964594635e-06,True
DELAY_ONLY_PHYSICAL,10000.0,104.00038218551549,158590.01463543766,398.23361816330583,6.305567234474203e-06,True
DELAY_ONLY_PHYSICAL,10000.0,108.00038218551549,98072.46344671422,313.1652334578572,1.0196542075679895e-05,True
DELAY_ONLY_PHYSICAL,10000.0,112.00038218551549,43318.421648985524,208.13078015753825,2.3084866944209612e-05,True
DELAY_ONLY_PHYSICAL,10000.0,116.00038218551549,10301.41431178356,101.49588322579177,9.707404922604872e-05,True
DELAY_ONLY_PHYSICAL,10000.0,120.00038218551549,3386.8796737740436,58.19690433153677,0.0002952570201248653,True
DELAY_ONLY_PHYSICAL,1000000.0,0.0003821855154910736,23217588951.659447,152373.18974038525,4.307079439135847e-11,True
DELAY_ONLY_PHYSICAL,1000000.0,4.000382185515491,24245002100.6401,155708.06690932906,4.124561407951368e-11,True
DELAY_ONLY_PHYSICAL,1000000.0,8.000382185515491,23888838450.2872,154560.14509014672,4.1860553499953766e-11,True
DELAY_ONLY_PHYSICAL,1000000.0,12.000382185515491,24572669427.54885,156756.72051796966,4.069561929152404e-11,True
DELAY_ONLY_PHYSICAL,1000000.0,16.00038218551549,25856923096.81767,160800.8802737649,3.867436184327263e-11,True
DELAY_ONLY_PHYSICAL,1000000.0,20.00038218551549,27213641932.583305,164965.57802336616,3.674627609480982e-11,True
DELAY_ONLY_PHYSICAL,1000000.0,24.00038218551549,29073464304.485077,170509.42585231198,3.4395625836915934e-11,True
DELAY_ONLY_PHYSICAL,1000000.0,28.00038218551549,32669982728.11697,180748.3961979109,3.0609137700564617e-11,True
DELAY_ONLY_PHYSICAL,1000000.0,32.00038218551549,37746180102.663895,194283.7618090197,2.6492747008575475e-11,True
DELAY_ONLY_PHYSICAL,1000000.0,36.00038218551549,40661933395.51905,201648.0433714125,2.4593026363822634e-11,True
DELAY_ONLY_PHYSICAL,1000000.0,40.00038218551549,39836763663.41691,199591.49196149848,2.5102440761730976e-11,True
DELAY_ONLY_PHYSICAL,1000000.0,44.00038218551549,39662244155.45593,199153.82033859138,2.521289506666607e-11,True
DELAY_ONLY_PHYSICAL,1000000.0,48.00038218551549,40660358719.98164,201644.13881881526,2.4593978791155422e-11,True
DELAY_ONLY_PHYSICAL,1000000.0,52.00038218551549,38289925946.19925,195678.11820998086,2.611653000857429e-11,True
DELAY_ONLY_PHYSICAL,1000000.0,56.00038218551549,33628842652.814022,183381.6857071993,2.973637868909298e-11,True
DELAY_ONLY_PHYSICAL,1000000.0,60.00038218551549,30419184936.92812,174410.96564415933,3.287399061064339e-11,True
DELAY_ONLY_PHYSICAL,1000000.0,64.00038218551549,29085947146.30664,170546.02647469286,3.4380864235565415e-11,True
DELAY_ONLY_PHYSICAL,1000000.0,68.00038218551549,25593005420.610962,159978.14044615897,3.907317579805083e-11,True
DELAY_ONLY_PHYSICAL,1000000.0,72.00038218551549,21236942106.117966,145729.00228203708,4.708775844484309e-11,True
DELAY_ONLY_PHYSICAL,1000000.0,76.00038218551549,17131413304.644186,130887.02496674063,5.837230018429992e-11,True
DELAY_ONLY_PHYSICAL,1000000.0,80.00038218551549,13598543236.323803,116612.79190690789,7.353728870963517e-11,True
DELAY_ONLY_PHYSICAL,1000000.0,84.00038218551549,10628702379.61299,103095.59825527464,9.40848623175402e-11,True
DELAY_ONLY_PHYSICAL,1000000.0,88.00038218551549,8251753649.395325,90839.16363218744,1.2118636140734502e-10,True
DELAY_ONLY_PHYSICAL,1000000.0,92.00038218551549,6074764219.269705,77940.77379183314,1.6461544249370354e-10,True
DELAY_ONLY_PHYSICAL,1000000.0,96.00038218551549,3843673613.335336,61997.36779360344,2.6016777192802616e-10,True
DELAY_ONLY_PHYSICAL,1000000.0,100.00038218551549,2566833150.374933,50663.923558829636,3.895851196459465e-10,True
DELAY_ONLY_PHYSICAL,1000000.0,104.00038218551549,1585900146.3543766,39823.36181633058,6.305567234474203e-10,True
DELAY_ONLY_PHYSICAL,1000000.0,108.00038218551549,980724634.467142,31316.523345785718,1.0196542075679898e-09,True
DELAY_ONLY_PHYSICAL,1000000.0,112.00038218551549,433184216.48985523,20813.078015753825,2.308486694420961e-09,True
DELAY_ONLY_PHYSICAL,1000000.0,116.00038218551549,103014143.11783555,10149.588322579175,9.707404922604876e-09,True
DELAY_ONLY_PHYSICAL,1000000.0,120.00038218551549,33868796.73774043,5819.690433153676,2.9525702012486536e-08,True
SPATIAL_ONLY_PHYSICAL,1.0,0.0003821855154910736,0.04208364045167912,0.20514297563328637,23.762202824354286,False
SPATIAL_ONLY_PHYSICAL,1.0,4.000382185515491,0.0439520325884962,0.20964740062422954,22.75207632289878,False
SPATIAL_ONLY_PHYSICAL,1.0,8.000382185515491,0.04287922268646531,0.20707298879010103,23.321318283030507,False
SPATIAL_ONLY_PHYSICAL,1.0,12.000382185515491,0.0433333821372924,0.20816671716989824,23.076897086678287,False
SPATIAL_ONLY_PHYSICAL,1.0,16.00038218551549,0.04556317819869503,0.2134553306869965,21.9475471100618,False
SPATIAL_ONLY_PHYSICAL,1.0,20.00038218551549,0.04880315786683043,0.22091436772385453,20.490477331993723,False
SPATIAL_ONLY_PHYSICAL,1.0,24.00038218551549,0.05194440713970814,0.22791315701316617,19.25135072406216,False
SPATIAL_ONLY_PHYSICAL,1.0,28.00038218551549,0.05406271881020659,0.23251391100363564,18.497034962496343,False
SPATIAL_ONLY_PHYSICAL,1.0,32.00038218551549,0.05518109502487232,0.23490656658525388,18.12214852839111,False
SPATIAL_ONLY_PHYSICAL,1.0,36.00038218551549,0.053780775674396014,0.23190682541571736,18.594004780709785,False
SPATIAL_ONLY_PHYSICAL,1.0,40.00038218551549,0.04535417076875435,0.2129651867530333,22.04868886477196,False
SPATIAL_ONLY_PHYSICAL,1.0,44.00038218551549,0.034473211714878424,0.18566963056697888,29.00803117129949,False
SPATIAL_ONLY_PHYSICAL,1.0,48.00038218551549,0.024374656858006147,0.15612385102221296,41.02621857716689,False
SPATIAL_ONLY_PHYSICAL,1.0,52.00038218551549,0.015227283150356156,0.12339887823783552,65.67159683877098,False
SPATIAL_ONLY_PHYSICAL,1.0,56.00038218551549,0.006622936924349108,0.08138142862071855,150.99041579627885,False
SPATIAL_ONLY_PHYSICAL,1.0,60.00038218551549,0.0008151283375080378,0.028550452492176685,1226.8006815431554,False
SPATIAL_ONLY_PHYSICAL,1.0,64.00038218551549,7.790482853346199e-06,0.0027911436461325666,128361.74840824866,False
SPATIAL_ONLY_PHYSICAL,1.0,68.00038218551549,3.2611252697407344e-09,5.7106262964238294e-05,306642620.96239614,False
SPATIAL_ONLY_PHYSICAL,1.0,72.00038218551549,4.855575950588789e-14,2.2035371452709366e-07,20594879169354.56,False
SPATIAL_ONLY_PHYSICAL,1.0,76.00038218551549,2.3122957781733157e-20,1.5206234833690146e-10,4.324706248393479e+19,False
SPATIAL_ONLY_PHYSICAL,1.0,80.00038218551549,3.335100064807931e-28,1.8262256335973197e-14,2.9984107839882463e+27,False
SPATIAL_ONLY_PHYSICAL,1.0,84.00038218551549,1.4180439259405938e-37,3.765692401060652e-19,7.051967726152745e+36,False
SPATIAL_ONLY_PHYSICAL,1.0,88.00038218551549,1.7533002736573195e-48,1.3241224541776035e-24,5.7035295951562075e+47,False
SPATIAL_ONLY_PHYSICAL,1.0,92.00038218551549,6.258839576743423e-61,7.911282814274449e-31,1.597740264370726e+60,False
SPATIAL_ONLY_PHYSICAL,1.0,96.00038218551549,6.425290153562912e-75,8.015790761717094e-38,1.5563499485630018e+74,False
SPATIAL_ONLY_PHYSICAL,1.0,100.00038218551549,1.89266843265028e-90,1.3757428657457323e-45,5.283545616068169e+89,False
SPATIAL_ONLY_PHYSICAL,1.0,104.00038218551549,1.5975547429864967e-107,3.9969422600113914e-54,6.2595664054089475e+106,False
SPATIAL_ONLY_PHYSICAL,1.0,108.00038218551549,3.86077092462507e-126,1.9648844557950654e-63,2.5901562654798346e+125,False
SPATIAL_ONLY_PHYSICAL,1.0,112.00038218551549,2.6698999288626516e-146,1.6339828422791508e-73,3.745458731204166e+145,False
SPATIAL_ONLY_PHYSICAL,1.0,116.00038218551549,5.281542024670584e-168,2.298160574170261e-84,1.893386430191988e+167,False
SPATIAL_ONLY_PHYSICAL,1.0,120.00038218551549,2.987864437119941e-191,5.466136146420011e-96,3.3468720587735865e+190,False
SPATIAL_ONLY_PHYSICAL,100.0,0.0003821855154910736,420.83640451679116,20.514297563328636,0.0023762202824354293,True
SPATIAL_ONLY_PHYSICAL,100.0,4.000382185515491,439.5203258849619,20.96474006242295,0.0022752076322898785,True
SPATIAL_ONLY_PHYSICAL,100.0,8.000382185515491,428.79222686465306,20.707298879010104,0.002332131828303051,True
SPATIAL_ONLY_PHYSICAL,100.0,12.000382185515491,433.333821372924,20.816671716989823,0.002307689708667829,True
SPATIAL_ONLY_PHYSICAL,100.0,16.00038218551549,455.6317819869503,21.34553306869965,0.0021947547110061803,True
SPATIAL_ONLY_PHYSICAL,100.0,20.00038218551549,488.03157866830423,22.091436772385453,0.0020490477331993723,True
SPATIAL_ONLY_PHYSICAL,100.0,24.00038218551549,519.4440713970813,22.791315701316616,0.0019251350724062166,True
SPATIAL_ONLY_PHYSICAL,100.0,28.00038218551549,540.6271881020659,23.251391100363563,0.0018497034962496341,True
SPATIAL_ONLY_PHYSICAL,100.0,32.00038218551549,551.810950248723,23.490656658525385,0.001812214852839112,True
SPATIAL_ONLY_PHYSICAL,100.0,36.00038218551549,537.8077567439602,23.19068254157174,0.0018594004780709782,True
SPATIAL_ONLY_PHYSICAL,100.0,40.00038218551549,453.5417076875434,21.29651867530333,0.0022048688864771964,True
SPATIAL_ONLY_PHYSICAL,100.0,44.00038218551549,344.73211714878414,18.566963056697887,0.00290080311712995,True
SPATIAL_ONLY_PHYSICAL,100.0,48.00038218551549,243.74656858006142,15.612385102221294,0.004102621857716689,True
SPATIAL_ONLY_PHYSICAL,100.0,52.00038218551549,152.27283150356155,12.33988782378355,0.0065671596838770985,True
SPATIAL_ONLY_PHYSICAL,100.0,56.00038218551549,66.22936924349108,8.138142862071854,0.015099041579627884,True
SPATIAL_ONLY_PHYSICAL,100.0,60.00038218551549,8.151283375080377,2.8550452492176683,0.12268006815431556,True
SPATIAL_ONLY_PHYSICAL,100.0,64.00038218551549,0.07790482853346198,0.27911436461325667,12.836174840824869,False
SPATIAL_ONLY_PHYSICAL,100.0,68.00038218551549,3.261125269740734e-05,0.005710626296423829,30664.26209623962,False
SPATIAL_ONLY_PHYSICAL,100.0,72.00038218551549,4.855575950588788e-10,2.2035371452709362e-05,2059487916.935456,False
SPATIAL_ONLY_PHYSICAL,100.0,76.00038218551549,2.312295778173315e-16,1.5206234833690143e-08,4324706248393480.0,False
SPATIAL_ONLY_PHYSICAL,100.0,80.00038218551549,3.335100064807931e-24,1.8262256335973194e-12,2.9984107839882464e+23,False
SPATIAL_ONLY_PHYSICAL,100.0,84.00038218551549,1.4180439259405935e-33,3.7656924010606515e-17,7.051967726152746e+32,False
SPATIAL_ONLY_PHYSICAL,100.0,88.00038218551549,1.753300273657319e-44,1.3241224541776033e-22,5.703529595156209e+43,False
SPATIAL_ONLY_PHYSICAL,100.0,92.00038218551549,6.258839576743423e-57,7.911282814274448e-29,1.597740264370726e+56,False
SPATIAL_ONLY_PHYSICAL,100.0,96.00038218551549,6.4252901535629096e-71,8.015790761717093e-36,1.5563499485630025e+70,False
SPATIAL_ONLY_PHYSICAL,100.0,100.00038218551549,1.8926684326502797e-86,1.3757428657457322e-43,5.28354561606817e+85,False
SPATIAL_ONLY_PHYSICAL,100.0,104.00038218551549,1.597554742986497e-103,3.9969422600113915e-52,6.259566405408947e+102,False
SPATIAL_ONLY_PHYSICAL,100.0,108.00038218551549,3.86077092462507e-122,1.9648844557950654e-61,2.590156265479835e+121,False
SPATIAL_ONLY_PHYSICAL,100.0,112.00038218551549,2.6698999288626513e-142,1.6339828422791505e-71,3.745458731204167e+141,False
SPATIAL_ONLY_PHYSICAL,100.0,116.00038218551549,5.281542024670583e-164,2.2981605741702607e-82,1.8933864301919883e+163,False
SPATIAL_ONLY_PHYSICAL,100.0,120.00038218551549,2.9878644371199403e-187,5.466136146420011e-94,3.3468720587735874e+186,False
SPATIAL_ONLY_PHYSICAL,10000.0,0.0003821855154910736,4208364.045167913,2051.4297563328637,2.3762202824354286e-07,True
SPATIAL_ONLY_PHYSICAL,10000.0,4.000382185515491,4395203.258849621,2096.4740062422957,2.2752076322898776e-07,True
SPATIAL_ONLY_PHYSICAL,10000.0,8.000382185515491,4287922.268646531,2070.7298879010104,2.332131828303051e-07,True
SPATIAL_ONLY_PHYSICAL,10000.0,12.000382185515491,4333338.21372924,2081.667171698982,2.307689708667829e-07,True
SPATIAL_ONLY_PHYSICAL,10000.0,16.00038218551549,4556317.819869503,2134.553306869965,2.19475471100618e-07,True
SPATIAL_ONLY_PHYSICAL,10000.0,20.00038218551549,4880315.786683043,2209.1436772385455,2.049047733199372e-07,True
SPATIAL_ONLY_PHYSICAL,10000.0,24.00038218551549,5194440.713970815,2279.131570131662,1.9251350724062158e-07,True
SPATIAL_ONLY_PHYSICAL,10000.0,28.00038218551549,5406271.88102066,2325.139110036356,1.8497034962496342e-07,True
SPATIAL_ONLY_PHYSICAL,10000.0,32.00038218551549,5518109.502487233,2349.065665852539,1.812214852839111e-07,True
SPATIAL_ONLY_PHYSICAL,10000.0,36.00038218551549,5378077.567439604,2319.068254157174,1.8594004780709777e-07,True
SPATIAL_ONLY_PHYSICAL,10000.0,40.00038218551549,4535417.076875435,2129.651867530333,2.204868886477196e-07,True
SPATIAL_ONLY_PHYSICAL,10000.0,44.00038218551549,3447321.1714878427,1856.6963056697891,2.9008031171299483e-07,True
SPATIAL_ONLY_PHYSICAL,10000.0,48.00038218551549,2437465.6858006148,1561.2385102221297,4.1026218577166883e-07,True
SPATIAL_ONLY_PHYSICAL,10000.0,52.00038218551549,1522728.315035616,1233.9887823783554,6.567159683877096e-07,True
SPATIAL_ONLY_PHYSICAL,10000.0,56.00038218551549,662293.6924349109,813.8142862071855,1.5099041579627881e-06,True
SPATIAL_ONLY_PHYSICAL,10000.0,60.00038218551549,81512.83375080378,285.50452492176686,1.2268006815431554e-05,True
SPATIAL_ONLY_PHYSICAL,10000.0,64.00038218551549,779.04828533462,27.91143646132567,0.0012836174840824865,True
SPATIAL_ONLY_PHYSICAL,10000.0,68.00038218551549,0.32611252697407345,0.571062629642383,3.0664262096239616,False
SPATIAL_ONLY_PHYSICAL,10000.0,72.00038218551549,4.855575950588789e-06,0.0022035371452709365,205948.7916935456,False
SPATIAL_ONLY_PHYSICAL,10000.0,76.00038218551549,2.3122957781733158e-12,1.5206234833690146e-06,432470624839.3479,False
SPATIAL_ONLY_PHYSICAL,10000.0,80.00038218551549,3.335100064807932e-20,1.8262256335973198e-10,2.9984107839882457e+19,False
SPATIAL_ONLY_PHYSICAL,10000.0,84.00038218551549,1.4180439259405938e-29,3.765692401060652e-15,7.051967726152744e+28,False
SPATIAL_ONLY_PHYSICAL,10000.0,88.00038218551549,1.7533002736573198e-40,1.3241224541776035e-20,5.703529595156207e+39,False
SPATIAL_ONLY_PHYSICAL,10000.0,92.00038218551549,6.258839576743423e-53,7.911282814274448e-27,1.597740264370726e+52,False
SPATIAL_ONLY_PHYSICAL,10000.0,96.00038218551549,6.425290153562912e-67,8.015790761717095e-34,1.5563499485630018e+66,False
SPATIAL_ONLY_PHYSICAL,10000.0,100.00038218551549,1.8926684326502803e-82,1.3757428657457324e-41,5.283545616068169e+81,False
SPATIAL_ONLY_PHYSICAL,10000.0,104.00038218551549,1.5975547429864974e-99,3.996942260011392e-50,6.259566405408945e+98,False
SPATIAL_ONLY_PHYSICAL,10000.0,108.00038218551549,3.860770924625071e-118,1.9648844557950656e-59,2.5901562654798343e+117,False
SPATIAL_ONLY_PHYSICAL,10000.0,112.00038218551549,2.669899928862652e-138,1.6339828422791508e-69,3.745458731204165e+137,False
SPATIAL_ONLY_PHYSICAL,10000.0,116.00038218551549,5.2815420246705846e-160,2.298160574170261e-80,1.8933864301919873e+159,False
SPATIAL_ONLY_PHYSICAL,10000.0,120.00038218551549,2.987864437119941e-183,5.466136146420011e-92,3.346872058773586e+182,False
SPATIAL_ONLY_PHYSICAL,1000000.0,0.0003821855154910736,42083640451.67912,205142.97563328638,2.3762202824354287e-11,True
SPATIAL_ONLY_PHYSICAL,1000000.0,4.000382185515491,43952032588.49619,209647.4006242295,2.2752076322898785e-11,True
SPATIAL_ONLY_PHYSICAL,1000000.0,8.000382185515491,42879222686.4653,207072.98879010102,2.3321318283030514e-11,True
SPATIAL_ONLY_PHYSICAL,1000000.0,12.000382185515491,43333382137.2924,208166.7171698982,2.307689708667829e-11,True
SPATIAL_ONLY_PHYSICAL,1000000.0,16.00038218551549,45563178198.69502,213455.3306869965,2.1947547110061804e-11,True
SPATIAL_ONLY_PHYSICAL,1000000.0,20.00038218551549,48803157866.83043,220914.36772385455,2.0490477331993723e-11,True
SPATIAL_ONLY_PHYSICAL,1000000.0,24.00038218551549,51944407139.70814,227913.15701316617,1.9251350724062163e-11,True
SPATIAL_ONLY_PHYSICAL,1000000.0,28.00038218551549,54062718810.20659,232513.9110036356,1.8497034962496344e-11,True
SPATIAL_ONLY_PHYSICAL,1000000.0,32.00038218551549,55181095024.872314,234906.56658525387,1.8122148528391114e-11,True
SPATIAL_ONLY_PHYSICAL,1000000.0,36.00038218551549,53780775674.39602,231906.82541571738,1.8594004780709782e-11,True
SPATIAL_ONLY_PHYSICAL,1000000.0,40.00038218551549,45354170768.75435,212965.1867530333,2.204868886477196e-11,True
SPATIAL_ONLY_PHYSICAL,1000000.0,44.00038218551549,34473211714.87842,185669.63056697889,2.9008031171299495e-11,True
SPATIAL_ONLY_PHYSICAL,1000000.0,48.00038218551549,24374656858.006145,156123.85102221297,4.102621857716689e-11,True
SPATIAL_ONLY_PHYSICAL,1000000.0,52.00038218551549,15227283150.356155,123398.87823783551,6.567159683877098e-11,True
SPATIAL_ONLY_PHYSICAL,1000000.0,56.00038218551549,6622936924.349108,81381.42862071855,1.5099041579627885e-10,True
SPATIAL_ONLY_PHYSICAL,1000000.0,60.00038218551549,815128337.5080377,28550.452492176682,1.2268006815431556e-09,True
SPATIAL_ONLY_PHYSICAL,1000000.0,64.00038218551549,7790482.853346198,2791.1436461325666,1.2836174840824869e-07,True
SPATIAL_ONLY_PHYSICAL,1000000.0,68.00038218551549,3261.1252697407344,57.1062629642383,0.0003066426209623962,True
SPATIAL_ONLY_PHYSICAL,1000000.0,72.00038218551549,0.04855575950588787,0.22035371452709362,20.594879169354567,False
SPATIAL_ONLY_PHYSICAL,1000000.0,76.00038218551549,2.312295778173315e-08,0.00015206234833690143,43247062.483934805,False
SPATIAL_ONLY_PHYSICAL,1000000.0,80.00038218551549,3.3351000648079316e-16,1.8262256335973197e-08,2998410783988246.0,False
SPATIAL_ONLY_PHYSICAL,1000000.0,84.00038218551549,1.4180439259405936e-25,3.765692401060652e-13,7.051967726152746e+24,False
SPATIAL_ONLY_PHYSICAL,1000000.0,88.00038218551549,1.7533002736573195e-36,1.3241224541776035e-18,5.703529595156208e+35,False
SPATIAL_ONLY_PHYSICAL,1000000.0,92.00038218551549,6.258839576743423e-49,7.911282814274448e-25,1.597740264370726e+48,False
SPATIAL_ONLY_PHYSICAL,1000000.0,96.00038218551549,6.425290153562912e-63,8.015790761717095e-32,1.556349948563002e+62,False
SPATIAL_ONLY_PHYSICAL,1000000.0,100.00038218551549,1.8926684326502797e-78,1.3757428657457322e-39,5.28354561606817e+77,False
SPATIAL_ONLY_PHYSICAL,1000000.0,104.00038218551549,1.5975547429864968e-95,3.996942260011391e-48,6.259566405408947e+94,False
SPATIAL_ONLY_PHYSICAL,1000000.0,108.00038218551549,3.86077092462507e-114,1.9648844557950652e-57,2.590156265479835e+113,False
SPATIAL_ONLY_PHYSICAL,1000000.0,112.00038218551549,2.669899928862652e-134,1.6339828422791508e-67,3.7454587312041654e+133,False
SPATIAL_ONLY_PHYSICAL,1000000.0,116.00038218551549,5.281542024670583e-156,2.298160574170261e-78,1.893386430191988e+155,False
SPATIAL_ONLY_PHYSICAL,1000000.0,120.00038218551549,2.9878644371199408e-179,5.466136146420011e-90,3.346872058773587e+178,False
PAIRING_DESTROYED,1.0,0.0003821855154910736,0.023276151753369487,0.15256523769643426,42.962428265455806,False
PAIRING_DESTROYED,1.0,4.000382185515491,0.024671543895559873,0.15707177943717285,40.532526226701584,False
PAIRING_DESTROYED,1.0,8.000382185515491,0.023667073893493602,0.15384106699283387,42.252794092763345,False
PAIRING_DESTROYED,1.0,12.000382185515491,0.02291601584838638,0.15138036810757985,43.63760291562264,False
PAIRING_DESTROYED,1.0,16.00038218551549,0.023327696066464097,0.15273406976331147,42.86749952292118,False
PAIRING_DESTROYED,1.0,20.00038218551549,0.025683371609096336,0.1602603245007832,38.935697976889756,False
PAIRING_DESTROYED,1.0,24.00038218551549,0.029043889185127604,0.17042267802475,34.430650579401956,False
PAIRING_DESTROYED,1.0,28.00038218551549,0.037165474683457836,0.19278349172960282,26.906692528942592,False
PAIRING_DESTROYED,1.0,32.00038218551549,0.04554827936779442,0.21342042865619593,21.95472614728592,False
PAIRING_DESTROYED,1.0,36.00038218551549,0.0512131774315545,0.22630328639141434,19.526224502209068,False
PAIRING_DESTROYED,1.0,40.00038218551549,0.051097438334952096,0.22604742496863817,19.570452699503953,False
PAIRING_DESTROYED,1.0,44.00038218551549,0.05176217918648662,0.2275130308059005,19.319124807269834,False
PAIRING_DESTROYED,1.0,48.00038218551549,0.05025939315003743,0.22418606814438188,19.896778240332875,False
PAIRING_DESTROYED,1.0,52.00038218551549,0.04305019639280832,0.20748541248195815,23.228697747986427,False
PAIRING_DESTROYED,1.0,56.00038218551549,0.03516172345392228,0.1875145953090646,28.44001663656934,False
PAIRING_DESTROYED,1.0,60.00038218551549,0.02916034578081632,0.1707640061043788,34.293146162137376,False
PAIRING_DESTROYED,1.0,64.00038218551549,0.025462208634779514,0.15956882099827496,39.27389074308633,False
PAIRING_DESTROYED,1.0,68.00038218551549,0.018980678403445052,0.13777038289648852,52.68515585926038,False
PAIRING_DESTROYED,1.0,72.00038218551549,0.013541577015394204,0.11636828182711217,73.84664274058994,False
PAIRING_DESTROYED,1.0,76.00038218551549,0.009215392676074413,0.09599683680244059,108.51409539999999,False
PAIRING_DESTROYED,1.0,80.00038218551549,0.006609545501528176,0.08129911132065452,151.2963334269796,False
PAIRING_DESTROYED,1.0,84.00038218551549,0.004822049575897638,0.06944097908222233,207.38069658146293,False
PAIRING_DESTROYED,1.0,88.00038218551549,0.003413370855936848,0.058424060590965846,292.9655294445103,False
PAIRING_DESTROYED,1.0,92.00038218551549,0.0021775369697486684,0.046664086509313224,459.2344533720684,False
PAIRING_DESTROYED,1.0,96.00038218551549,0.0012750533829055694,0.03570788964508501,784.2808884763848,False
PAIRING_DESTROYED,1.0,100.00038218551549,0.0008139567405910215,0.028529927104551486,1228.5665197316148,False
PAIRING_DESTROYED,1.0,104.00038218551549,0.0004889924976305279,0.022113174752407847,2045.0211503154355,False
PAIRING_DESTROYED,1.0,108.00038218551549,0.0003076813575174534,0.017540848255356793,3250.1156653382045,False
PAIRING_DESTROYED,1.0,112.00038218551549,0.00016061528829681998,0.01267340870866319,6226.057373517157,False
PAIRING_DESTROYED,1.0,116.00038218551549,6.207581990389581e-05,0.007878820971687059,16109.332128809161,False
PAIRING_DESTROYED,1.0,120.00038218551549,2.650908517979374e-05,0.005148697425543061,37722.91624617205,False
PAIRING_DESTROYED,100.0,0.0003821855154910736,232.7615175336948,15.256523769643424,0.004296242826545582,True
PAIRING_DESTROYED,100.0,4.000382185515491,246.71543895559867,15.707177943717282,0.00405325262267016,True
PAIRING_DESTROYED,100.0,8.000382185515491,236.67073893493597,15.384106699283386,0.004225279409276335,True
PAIRING_DESTROYED,100.0,12.000382185515491,229.1601584838638,15.138036810757985,0.004363760291562263,True
PAIRING_DESTROYED,100.0,16.00038218551549,233.2769606646409,15.273406976331145,0.00428674995229212,True
PAIRING_DESTROYED,100.0,20.00038218551549,256.83371609096326,16.02603245007832,0.003893569797688977,True
PAIRING_DESTROYED,100.0,24.00038218551549,290.438891851276,17.042267802475,0.003443065057940196,True
PAIRING_DESTROYED,100.0,28.00038218551549,371.6547468345783,19.27834917296028,0.0026906692528942595,True
PAIRING_DESTROYED,100.0,32.00038218551549,455.4827936779441,21.34204286561959,0.0021954726147285926,True
PAIRING_DESTROYED,100.0,36.00038218551549,512.1317743155449,22.630328639141432,0.0019526224502209072,True
PAIRING_DESTROYED,100.0,40.00038218551549,510.97438334952085,22.604742496863814,0.0019570452699503955,True
PAIRING_DESTROYED,100.0,44.00038218551549,517.6217918648662,22.75130308059005,0.0019319124807269837,True
PAIRING_DESTROYED,100.0,48.00038218551549,502.5939315003742,22.418606814438185,0.0019896778240332882,True
PAIRING_DESTROYED,100.0,52.00038218551549,430.5019639280831,20.748541248195814,0.002322869774798643,True
PAIRING_DESTROYED,100.0,56.00038218551549,351.61723453922275,18.751459530906462,0.0028440016636569346,True
PAIRING_DESTROYED,100.0,60.00038218551549,291.6034578081631,17.076400610437876,0.0034293146162137386,True
PAIRING_DESTROYED,100.0,64.00038218551549,254.6220863477951,15.956882099827494,0.003927389074308634,True
PAIRING_DESTROYED,100.0,68.00038218551549,189.80678403445046,13.777038289648848,0.005268515585926039,True
PAIRING_DESTROYED,100.0,72.00038218551549,135.415770153942,11.636828182711215,0.007384664274058997,True
PAIRING_DESTROYED,100.0,76.00038218551549,92.15392676074411,9.599683680244059,0.01085140954,True
PAIRING_DESTROYED,100.0,80.00038218551549,66.09545501528174,8.129911132065452,0.015129633342697964,True
PAIRING_DESTROYED,100.0,84.00038218551549,48.22049575897637,6.944097908222231,0.020738069658146296,True
PAIRING_DESTROYED,100.0,88.00038218551549,34.13370855936847,5.842406059096583,0.029296552944451038,True
PAIRING_DESTROYED,100.0,92.00038218551549,21.77536969748668,4.666408650931322,0.045923445337206846,True
PAIRING_DESTROYED,100.0,96.00038218551549,12.75053382905569,3.570788964508501,0.0784280888476385,True
PAIRING_DESTROYED,100.0,100.00038218551549,8.139567405910213,2.8529927104551485,0.1228566519731615,True
PAIRING_DESTROYED,100.0,104.00038218551549,4.889924976305278,2.2113174752407847,0.20450211503154359,True
PAIRING_DESTROYED,100.0,108.00038218551549,3.0768135751745334,1.754084825535679,0.3250115665338205,True
PAIRING_DESTROYED,100.0,112.00038218551549,1.6061528829681997,1.267340870866319,0.6226057373517158,True
PAIRING_DESTROYED,100.0,116.00038218551549,0.620758199038958,0.7878820971687058,1.6109332128809164,False
PAIRING_DESTROYED,100.0,120.00038218551549,0.26509085179793745,0.5148697425543061,3.7722916246172042,False
PAIRING_DESTROYED,10000.0,0.0003821855154910736,2327615.175336949,1525.6523769643427,4.29624282654558e-07,True
PAIRING_DESTROYED,10000.0,4.000382185515491,2467154.3895559874,1570.7177943717284,4.0532526226701587e-07,True
PAIRING_DESTROYED,10000.0,8.000382185515491,2366707.3893493605,1538.4106699283388,4.225279409276334e-07,True
PAIRING_DESTROYED,10000.0,12.000382185515491,2291601.5848386385,1513.8036810757987,4.363760291562262e-07,True
PAIRING_DESTROYED,10000.0,16.00038218551549,2332769.6066464097,1527.3406976331148,4.2867499522921183e-07,True
PAIRING_DESTROYED,10000.0,20.00038218551549,2568337.1609096336,1602.6032450078321,3.8935697976889753e-07,True
PAIRING_DESTROYED,10000.0,24.00038218551549,2904388.9185127607,1704.2267802475,3.4430650579401956e-07,True
PAIRING_DESTROYED,10000.0,28.00038218551549,3716547.4683457846,1927.8349172960284,2.6906692528942584e-07,True
PAIRING_DESTROYED,10000.0,32.00038218551549,4554827.936779442,2134.2042865619596,2.195472614728592e-07,True
PAIRING_DESTROYED,10000.0,36.00038218551549,5121317.74315545,2263.0328639141435,1.952622450220907e-07,True
PAIRING_DESTROYED,10000.0,40.00038218551549,5109743.83349521,2260.4742496863814,1.957045269950395e-07,True
PAIRING_DESTROYED,10000.0,44.00038218551549,5176217.918648662,2275.1303080590046,1.9319124807269835e-07,True
PAIRING_DESTROYED,10000.0,48.00038218551549,5025939.315003743,2241.860681443819,1.9896778240332876e-07,True
PAIRING_DESTROYED,10000.0,52.00038218551549,4305019.639280832,2074.8541248195816,2.3228697747986425e-07,True
PAIRING_DESTROYED,10000.0,56.00038218551549,3516172.345392228,1875.1459530906463,2.844001663656934e-07,True
PAIRING_DESTROYED,10000.0,60.00038218551549,2916034.5780816316,1707.640061043788,3.429314616213738e-07,True
PAIRING_DESTROYED,10000.0,64.00038218551549,2546220.8634779514,1595.6882099827496,3.9273890743086333e-07,True
PAIRING_DESTROYED,10000.0,68.00038218551549,1898067.8403445054,1377.7038289648851,5.268515585926038e-07,True
PAIRING_DESTROYED,10000.0,72.00038218551549,1354157.7015394205,1163.6828182711217,7.384664274058993e-07,True
PAIRING_DESTROYED,10000.0,76.00038218551549,921539.2676074414,959.968368024406,1.0851409539999997e-06,True
PAIRING_DESTROYED,10000.0,80.00038218551549,660954.5501528177,812.9911132065453,1.5129633342697956e-06,True
PAIRING_DESTROYED,10000.0,84.00038218551549,482204.95758976386,694.4097908222233,2.073806965814629e-06,True
PAIRING_DESTROYED,10000.0,88.00038218551549,341337.0855936848,584.2406059096585,2.929655294445103e-06,True
PAIRING_DESTROYED,10000.0,92.00038218551549,217753.69697486685,466.6408650931322,4.592344533720684e-06,True
PAIRING_DESTROYED,10000.0,96.00038218551549,127505.33829055695,357.07889645085015,7.842808884763848e-06,True
PAIRING_DESTROYED,10000.0,100.00038218551549,81395.67405910215,285.29927104551484,1.2285665197316146e-05,True
PAIRING_DESTROYED,10000.0,104.00038218551549,48899.24976305279,221.13174752407846,2.0450211503154355e-05,True
PAIRING_DESTROYED,10000.0,108.00038218551549,30768.135751745336,175.4084825535679,3.2501156653382045e-05,True
PAIRING_DESTROYED,10000.0,112.00038218551549,16061.528829682,126.7340870866319,6.226057373517156e-05,True
PAIRING_DESTROYED,10000.0,116.00038218551549,6207.581990389582,78.7882097168706,0.0001610933212880916,True
PAIRING_DESTROYED,10000.0,120.00038218551549,2650.9085179793756,51.486974255430624,0.00037722916246172027,True
PAIRING_DESTROYED,1000000.0,0.0003821855154910736,23276151753.369488,152565.23769643425,4.296242826545581e-11,True
PAIRING_DESTROYED,1000000.0,4.000382185515491,24671543895.559868,157071.77943717284,4.0532526226701596e-11,True
PAIRING_DESTROYED,1000000.0,8.000382185515491,23667073893.4936,153841.06699283386,4.225279409276335e-11,True
PAIRING_DESTROYED,1000000.0,12.000382185515491,22916015848.386383,151380.36810757985,4.363760291562263e-11,True
PAIRING_DESTROYED,1000000.0,16.00038218551549,23327696066.464096,152734.06976331148,4.2867499522921185e-11,True
PAIRING_DESTROYED,1000000.0,20.00038218551549,25683371609.096333,160260.3245007832,3.893569797688976e-11,True
PAIRING_DESTROYED,1000000.0,24.00038218551549,29043889185.1276,170422.67802475,3.443065057940196e-11,True
PAIRING_DESTROYED,1000000.0,28.00038218551549,37165474683.457825,192783.49172960277,2.69066925289426e-11,True
PAIRING_DESTROYED,1000000.0,32.00038218551549,45548279367.79442,213420.42865619593,2.1954726147285922e-11,True
PAIRING_DESTROYED,1000000.0,36.00038218551549,51213177431.55449,226303.28639141432,1.9526224502209074e-11,True
PAIRING_DESTROYED,1000000.0,40.00038218551549,51097438334.95209,226047.42496863814,1.9570452699503956e-11,True
PAIRING_DESTROYED,1000000.0,44.00038218551549,51762179186.48662,227513.03080590046,1.9319124807269835e-11,True
PAIRING_DESTROYED,1000000.0,48.00038218551549,50259393150.03743,224186.06814438186,1.9896778240332876e-11,True
PAIRING_DESTROYED,1000000.0,52.00038218551549,43050196392.80831,207485.41248195813,2.3228697747986432e-11,True
PAIRING_DESTROYED,1000000.0,56.00038218551549,35161723453.92228,187514.5953090646,2.8440016636569342e-11,True
PAIRING_DESTROYED,1000000.0,60.00038218551549,29160345780.816315,170764.0061043788,3.4293146162137383e-11,True
PAIRING_DESTROYED,1000000.0,64.00038218551549,25462208634.77951,159568.82099827495,3.9273890743086336e-11,True
PAIRING_DESTROYED,1000000.0,68.00038218551549,18980678403.44505,137770.3828964885,5.2685155859260385e-11,True
PAIRING_DESTROYED,1000000.0,72.00038218551549,13541577015.394201,116368.28182711215,7.384664274058996e-11,True
PAIRING_DESTROYED,1000000.0,76.00038218551549,9215392676.074411,95996.8368024406,1.085140954e-10,True
PAIRING_DESTROYED,1000000.0,80.00038218551549,6609545501.528175,81299.11132065451,1.512963334269796e-10,True
PAIRING_DESTROYED,1000000.0,84.00038218551549,4822049575.897637,69440.97908222231,2.0738069658146294e-10,True
PAIRING_DESTROYED,1000000.0,88.00038218551549,3413370855.9368477,58424.06059096584,2.9296552944451034e-10,True
PAIRING_DESTROYED,1000000.0,92.00038218551549,2177536969.748668,46664.08650931322,4.5923445337206846e-10,True
PAIRING_DESTROYED,1000000.0,96.00038218551549,1275053382.9055693,35707.88964508501,7.842808884763848e-10,True
PAIRING_DESTROYED,1000000.0,100.00038218551549,813956740.5910214,28529.927104551483,1.2285665197316149e-09,True
PAIRING_DESTROYED,1000000.0,104.00038218551549,488992497.6305279,22113.17475240785,2.0450211503154354e-09,True
PAIRING_DESTROYED,1000000.0,108.00038218551549,307681357.51745325,17540.84825535679,3.250115665338206e-09,True
PAIRING_DESTROYED,1000000.0,112.00038218551549,160615288.29681998,12673.40870866319,6.226057373517157e-09,True
PAIRING_DESTROYED,1000000.0,116.00038218551549,62075819.9038958,7878.820971687059,1.6109332128809163e-08,True
PAIRING_DESTROYED,1000000.0,120.00038218551549,26509085.179793738,5148.6974255430605,3.772291624617205e-08,True
UNRESOLVED_PHYSICAL,1.0,0.0003821855154910736,0.0077391963172198175,0.08797270211389337,129.21238317407537,False
UNRESOLVED_PHYSICAL,1.0,4.000382185515491,0.008081667366880044,0.08989809434509746,123.73684223854086,False
UNRESOLVED_PHYSICAL,1.0,8.000382185515491,0.007962946150180037,0.08923534137425618,125.58166049853178,False
UNRESOLVED_PHYSICAL,1.0,12.000382185515491,0.008190889969686163,0.09050353567505616,122.08685548223954,False
UNRESOLVED_PHYSICAL,1.0,16.00038218551549,0.008619067020338577,0.09283893052129898,116.02183828484927,False
UNRESOLVED_PHYSICAL,1.0,20.00038218551549,0.009078247893085402,0.09527983990900385,110.15341415843763,False
UNRESOLVED_PHYSICAL,1.0,24.00038218551549,0.009819375496865783,0.09909276208112167,101.83947037356775,False
UNRESOLVED_PHYSICAL,1.0,28.00038218551549,0.011592721236615268,0.10766950002955929,86.26102358448243,False
UNRESOLVED_PHYSICAL,1.0,32.00038218551549,0.014029321151393524,0.1184454353337161,71.27928637521215,False
UNRESOLVED_PHYSICAL,1.0,36.00038218551549,0.015495433090451014,0.12448065347856675,64.53514362346188,False
UNRESOLVED_PHYSICAL,1.0,40.00038218551549,0.015531861459222234,0.12462688898958456,64.38378314314912,False
UNRESOLVED_PHYSICAL,1.0,44.00038218551549,0.015853899145771323,0.12591226765399519,63.07596578011081,False
UNRESOLVED_PHYSICAL,1.0,48.00038218551549,0.016382587368056763,0.12799448178752382,61.040419167843325,False
UNRESOLVED_PHYSICAL,1.0,52.00038218551549,0.015219830559883327,0.12336867738564489,65.70375380103219,False
UNRESOLVED_PHYSICAL,1.0,56.00038218551549,0.013154248278976112,0.11469197129257179,76.02106777916443,False
UNRESOLVED_PHYSICAL,1.0,60.00038218551549,0.011802591392513332,0.10863973210807054,84.72715582057039,False
UNRESOLVED_PHYSICAL,1.0,64.00038218551549,0.011089646931206704,0.10530739257624179,90.17419636561743,False
UNRESOLVED_PHYSICAL,1.0,68.00038218551549,0.009547351967457415,0.09771055197601441,104.74108458644298,False
UNRESOLVED_PHYSICAL,1.0,72.00038218551549,0.007729529372072854,0.08791774207788126,129.37398279551743,False
UNRESOLVED_PHYSICAL,1.0,76.00038218551549,0.006099251183603291,0.07809770280618561,163.9545527635122,False
UNRESOLVED_PHYSICAL,1.0,80.00038218551549,0.004751702428711709,0.06893259336998507,210.45088891879996,False
UNRESOLVED_PHYSICAL,1.0,84.00038218551549,0.0036597509594056147,0.060495875556980036,273.2426362045169,False
UNRESOLVED_PHYSICAL,1.0,88.00038218551549,0.002822108369495584,0.053123519927576184,354.34500347650976,False
UNRESOLVED_PHYSICAL,1.0,92.00038218551549,0.002054444682669803,0.04532598242365854,486.7495379337616,False
UNRESOLVED_PHYSICAL,1.0,96.00038218551549,0.0012843262423382171,0.03583749771312469,778.6183658284683,False
UNRESOLVED_PHYSICAL,1.0,100.00038218551549,0.0008558049679075329,0.029254144456940336,1168.490529384315,False
UNRESOLVED_PHYSICAL,1.0,104.00038218551549,0.0005286356187038907,0.022992077302929605,1891.6621669417602,False
UNRESOLVED_PHYSICAL,1.0,108.00038218551549,0.0003269082126304254,0.01808060321533619,3058.9626120238063,False
UNRESOLVED_PHYSICAL,1.0,112.00038218551549,0.00014439473882997176,0.012016436195060987,6925.460083261924,False
UNRESOLVED_PHYSICAL,1.0,116.00038218551549,3.43380477059452e-05,0.0058598675502049705,29122.214767814614,False
UNRESOLVED_PHYSICAL,1.0,120.00038218551549,1.1289598912580149e-05,0.003359999838181566,88577.10603745957,False
UNRESOLVED_PHYSICAL,100.0,0.0003821855154910736,77.39196317219816,8.797270211389336,0.01292123831740754,True
UNRESOLVED_PHYSICAL,100.0,4.000382185515491,80.81667366880043,8.989809434509747,0.012373684223854087,True
UNRESOLVED_PHYSICAL,100.0,8.000382185515491,79.62946150180034,8.923534137425616,0.012558166049853183,True
UNRESOLVED_PHYSICAL,100.0,12.000382185515491,81.90889969686162,9.050353567505615,0.012208685548223954,True
UNRESOLVED_PHYSICAL,100.0,16.00038218551549,86.19067020338576,9.283893052129896,0.011602183828484927,True
UNRESOLVED_PHYSICAL,100.0,20.00038218551549,90.78247893085401,9.527983990900385,0.011015341415843764,True
UNRESOLVED_PHYSICAL,100.0,24.00038218551549,98.1937549686578,9.909276208112164,0.010183947037356778,True
UNRESOLVED_PHYSICAL,100.0,28.00038218551549,115.92721236615266,10.766950002955928,0.008626102358448245,True
UNRESOLVED_PHYSICAL,100.0,32.00038218551549,140.2932115139352,11.84454353337161,0.007127928637521217,True
UNRESOLVED_PHYSICAL,100.0,36.00038218551549,154.9543309045101,12.448065347856675,0.00645351436234619,True
UNRESOLVED_PHYSICAL,100.0,40.00038218551549,155.31861459222233,12.462688898958456,0.0064383783143149124,True
UNRESOLVED_PHYSICAL,100.0,44.00038218551549,158.5389914577132,12.591226765399517,0.006307596578011083,True
UNRESOLVED_PHYSICAL,100.0,48.00038218551549,163.82587368056758,12.799448178752378,0.006104041916784334,True
UNRESOLVED_PHYSICAL,100.0,52.00038218551549,152.19830559883323,12.336867738564486,0.00657037538010322,True
UNRESOLVED_PHYSICAL,100.0,56.00038218551549,131.5424827897611,11.469197129257179,0.007602106777916444,True
UNRESOLVED_PHYSICAL,100.0,60.00038218551549,118.02591392513328,10.863973210807051,0.008472715582057042,True
UNRESOLVED_PHYSICAL,100.0,64.00038218551549,110.89646931206701,10.530739257624177,0.009017419636561745,True
UNRESOLVED_PHYSICAL,100.0,68.00038218551549,95.47351967457413,9.771055197601441,0.0104741084586443,True
UNRESOLVED_PHYSICAL,100.0,72.00038218551549,77.29529372072852,8.791774207788126,0.012937398279551746,True
UNRESOLVED_PHYSICAL,100.0,76.00038218551549,60.99251183603289,7.809770280618559,0.016395455276351226,True
UNRESOLVED_PHYSICAL,100.0,80.00038218551549,47.51702428711708,6.893259336998506,0.021045088891880004,True
UNRESOLVED_PHYSICAL,100.0,84.00038218551549,36.597509594056135,6.049587555698003,0.0273242636204517,True
UNRESOLVED_PHYSICAL,100.0,88.00038218551549,28.221083694955833,5.312351992757618,0.035434500347650985,True
UNRESOLVED_PHYSICAL,100.0,92.00038218551549,20.544446826698028,4.532598242365854,0.04867495379337616,True
UNRESOLVED_PHYSICAL,100.0,96.00038218551549,12.843262423382168,3.583749771312468,0.07786183658284686,True
UNRESOLVED_PHYSICAL,100.0,100.00038218551549,8.558049679075328,2.925414445694033,0.11684905293843154,True
UNRESOLVED_PHYSICAL,100.0,104.00038218551549,5.286356187038906,2.2992077302929603,0.18916621669417608,True
UNRESOLVED_PHYSICAL,100.0,108.00038218551549,3.2690821263042538,1.808060321533619,0.30589626120238067,True
UNRESOLVED_PHYSICAL,100.0,112.00038218551549,1.443947388299717,1.2016436195060984,0.6925460083261927,True
UNRESOLVED_PHYSICAL,100.0,116.00038218551549,0.3433804770594519,0.5859867550204969,2.912221476781462,False
UNRESOLVED_PHYSICAL,100.0,120.00038218551549,0.11289598912580145,0.33599998381815654,8.857710603745959,False
UNRESOLVED_PHYSICAL,10000.0,0.0003821855154910736,773919.6317219817,879.7270211389335,1.2921238317407538e-06,True
UNRESOLVED_PHYSICAL,10000.0,4.000382185515491,808166.7366880043,898.9809434509746,1.2373684223854087e-06,True
UNRESOLVED_PHYSICAL,10000.0,8.000382185515491,796294.6150180035,892.3534137425617,1.255816604985318e-06,True
UNRESOLVED_PHYSICAL,10000.0,12.000382185515491,819088.9969686163,905.0353567505616,1.2208685548223954e-06,True
UNRESOLVED_PHYSICAL,10000.0,16.00038218551549,861906.7020338576,928.3893052129896,1.160218382848493e-06,True
UNRESOLVED_PHYSICAL,10000.0,20.00038218551549,907824.78930854,952.7983990900384,1.1015341415843763e-06,True
UNRESOLVED_PHYSICAL,10000.0,24.00038218551549,981937.5496865781,990.9276208112166,1.0183947037356778e-06,True
UNRESOLVED_PHYSICAL,10000.0,28.00038218551549,1159272.1236615267,1076.6950002955928,8.626102358448244e-07,True
UNRESOLVED_PHYSICAL,10000.0,32.00038218551549,1402932.115139352,1184.454353337161,7.127928637521217e-07,True
UNRESOLVED_PHYSICAL,10000.0,36.00038218551549,1549543.309045101,1244.8065347856675,6.453514362346189e-07,True
UNRESOLVED_PHYSICAL,10000.0,40.00038218551549,1553186.145922223,1246.2688898958454,6.438378314314914e-07,True
UNRESOLVED_PHYSICAL,10000.0,44.00038218551549,1585389.9145771319,1259.1226765399517,6.307596578011082e-07,True
UNRESOLVED_PHYSICAL,10000.0,48.00038218551549,1638258.736805676,1279.944817875238,6.104041916784333e-07,True
UNRESOLVED_PHYSICAL,10000.0,52.00038218551549,1521983.0559883325,1233.6867738564488,6.57037538010322e-07,True
UNRESOLVED_PHYSICAL,10000.0,56.00038218551549,1315424.8278976108,1146.9197129257177,7.602106777916444e-07,True
UNRESOLVED_PHYSICAL,10000.0,60.00038218551549,1180259.1392513327,1086.397321080705,8.472715582057043e-07,True
UNRESOLVED_PHYSICAL,10000.0,64.00038218551549,1108964.69312067,1053.0739257624177,9.017419636561746e-07,True
UNRESOLVED_PHYSICAL,10000.0,68.00038218551549,954735.1967457414,977.1055197601441,1.04741084586443e-06,True
UNRESOLVED_PHYSICAL,10000.0,72.00038218551549,772952.9372072852,879.1774207788126,1.2937398279551746e-06,True
UNRESOLVED_PHYSICAL,10000.0,76.00038218551549,609925.118360329,780.977028061856,1.6395455276351225e-06,True
UNRESOLVED_PHYSICAL,10000.0,80.00038218551549,475170.2428711708,689.3259336998506,2.104508889188e-06,True
UNRESOLVED_PHYSICAL,10000.0,84.00038218551549,365975.0959405614,604.9587555698002,2.7324263620451693e-06,True
UNRESOLVED_PHYSICAL,10000.0,88.00038218551549,282210.83694955835,531.2351992757618,3.5434500347650984e-06,True
UNRESOLVED_PHYSICAL,10000.0,92.00038218551549,205444.46826698026,453.25982423658536,4.867495379337617e-06,True
UNRESOLVED_PHYSICAL,10000.0,96.00038218551549,128432.62423382167,358.3749771312468,7.786183658284686e-06,True
UNRESOLVED_PHYSICAL,10000.0,100.00038218551549,85580.4967907533,292.5414445694034,1.168490529384315e-05,True
UNRESOLVED_PHYSICAL,10000.0,104.00038218551549,52863.56187038906,229.92077302929602,1.8916621669417608e-05,True
UNRESOLVED_PHYSICAL,10000.0,108.00038218551549,32690.821263042537,180.8060321533619,3.058962612023807e-05,True
UNRESOLVED_PHYSICAL,10000.0,112.00038218551549,14439.47388299717,120.16436195060984,6.925460083261926e-05,True
UNRESOLVED_PHYSICAL,10000.0,116.00038218551549,3433.804770594519,58.598675502049694,0.0002912221476781462,True
UNRESOLVED_PHYSICAL,10000.0,120.00038218551549,1128.9598912580145,33.59999838181565,0.0008857710603745959,True
UNRESOLVED_PHYSICAL,1000000.0,0.0003821855154910736,7739196317.219818,87972.70211389336,1.2921238317407535e-10,True
UNRESOLVED_PHYSICAL,1000000.0,4.000382185515491,8081667366.880043,89898.09434509746,1.2373684223854087e-10,True
UNRESOLVED_PHYSICAL,1000000.0,8.000382185515491,7962946150.180035,89235.34137425617,1.255816604985318e-10,True
UNRESOLVED_PHYSICAL,1000000.0,12.000382185515491,8190889969.686163,90503.53567505616,1.2208685548223954e-10,True
UNRESOLVED_PHYSICAL,1000000.0,16.00038218551549,8619067020.338577,92838.93052129897,1.1602183828484926e-10,True
UNRESOLVED_PHYSICAL,1000000.0,20.00038218551549,9078247893.0854,95279.83990900383,1.1015341415843765e-10,True
UNRESOLVED_PHYSICAL,1000000.0,24.00038218551549,9819375496.86578,99092.76208112165,1.0183947037356778e-10,True
UNRESOLVED_PHYSICAL,1000000.0,28.00038218551549,11592721236.615267,107669.50002955929,8.626102358448244e-11,True
UNRESOLVED_PHYSICAL,1000000.0,32.00038218551549,14029321151.39352,118445.43533371609,7.127928637521216e-11,True
UNRESOLVED_PHYSICAL,1000000.0,36.00038218551549,15495433090.451012,124480.65347856675,6.45351436234619e-11,True
UNRESOLVED_PHYSICAL,1000000.0,40.00038218551549,15531861459.222233,124626.88898958456,6.438378314314913e-11,True
UNRESOLVED_PHYSICAL,1000000.0,44.00038218551549,15853899145.77132,125912.26765399518,6.307596578011082e-11,True
UNRESOLVED_PHYSICAL,1000000.0,48.00038218551549,16382587368.056759,127994.4817875238,6.104041916784334e-11,True
UNRESOLVED_PHYSICAL,1000000.0,52.00038218551549,15219830559.883326,123368.67738564487,6.57037538010322e-11,True
UNRESOLVED_PHYSICAL,1000000.0,56.00038218551549,13154248278.976109,114691.97129257178,7.602106777916445e-11,True
UNRESOLVED_PHYSICAL,1000000.0,60.00038218551549,11802591392.513329,108639.73210807052,8.472715582057043e-11,True
UNRESOLVED_PHYSICAL,1000000.0,64.00038218551549,11089646931.206701,105307.39257624178,9.017419636561745e-11,True
UNRESOLVED_PHYSICAL,1000000.0,68.00038218551549,9547351967.457415,97710.55197601441,1.0474108458644299e-10,True
UNRESOLVED_PHYSICAL,1000000.0,72.00038218551549,7729529372.072851,87917.74207788125,1.2937398279551748e-10,True
UNRESOLVED_PHYSICAL,1000000.0,76.00038218551549,6099251183.60329,78097.7028061856,1.6395455276351224e-10,True
UNRESOLVED_PHYSICAL,1000000.0,80.00038218551549,4751702428.711708,68932.59336998506,2.1045088891880002e-10,True
UNRESOLVED_PHYSICAL,1000000.0,84.00038218551549,3659750959.405614,60495.87555698003,2.732426362045169e-10,True
UNRESOLVED_PHYSICAL,1000000.0,88.00038218551549,2822108369.4955835,53123.51992757618,3.543450034765098e-10,True
UNRESOLVED_PHYSICAL,1000000.0,92.00038218551549,2054444682.6698027,45325.98242365854,4.867495379337617e-10,True
UNRESOLVED_PHYSICAL,1000000.0,96.00038218551549,1284326242.3382168,35837.497713124685,7.786183658284685e-10,True
UNRESOLVED_PHYSICAL,1000000.0,100.00038218551549,855804967.9075329,29254.144456940336,1.1684905293843153e-09,True
UNRESOLVED_PHYSICAL,1000000.0,104.00038218551549,528635618.70389056,22992.077302929603,1.8916621669417607e-09,True
UNRESOLVED_PHYSICAL,1000000.0,108.00038218551549,326908212.6304254,18080.603215336192,3.0589626120238063e-09,True
UNRESOLVED_PHYSICAL,1000000.0,112.00038218551549,144394738.82997173,12016.436195060985,6.925460083261925e-09,True
UNRESOLVED_PHYSICAL,1000000.0,116.00038218551549,34338047.7059452,5859.86755020497,2.912221476781461e-08,True
UNRESOLVED_PHYSICAL,1000000.0,120.00038218551549,11289598.912580147,3359.999838181566,8.857710603745957e-08,True
TOTAL_FLUX,1.0,0.0003821855154910736,0.009092074471932648,0.09535237003836165,109.98590069703158,False
TOTAL_FLUX,1.0,4.000382185515491,0.009623826494140873,0.09810110342978244,103.9087727328433,False
TOTAL_FLUX,1.0,8.000382185515491,0.00904769573545243,0.09511937623561474,110.5253789737432,False
TOTAL_FLUX,1.0,12.000382185515491,0.008627330855167089,0.09288342615971425,115.91070480403323,False
TOTAL_FLUX,1.0,16.00038218551549,0.008885965013683775,0.09426539669297411,112.5370174719424,False
TOTAL_FLUX,1.0,20.00038218551549,0.00998183233399376,0.09990912037443708,100.18200732489134,False
TOTAL_FLUX,1.0,24.00038218551549,0.011445656671407033,0.10698437582846868,87.36938637152642,False
TOTAL_FLUX,1.0,28.00038218551549,0.01278917952976405,0.11308925470514009,78.19109878571305,False
TOTAL_FLUX,1.0,32.00038218551549,0.013787771126927025,0.11742134016833151,72.52803885372275,False
TOTAL_FLUX,1.0,36.00038218551549,0.013504759832421956,0.11620998163850624,74.0479662288566,False
TOTAL_FLUX,1.0,40.00038218551549,0.011470705965007788,0.10710138171381259,87.1785924118857,False
TOTAL_FLUX,1.0,44.00038218551549,0.008669170589593468,0.09310838087730593,115.35128876116556,False
TOTAL_FLUX,1.0,48.00038218551549,0.005848097228467304,0.07647285288563062,170.9957890460868,False
TOTAL_FLUX,1.0,52.00038218551549,0.0032059213949153205,0.05662085653639762,311.9228068367576,False
TOTAL_FLUX,1.0,56.00038218551549,0.0009836224132880418,0.031362755192872356,1016.6502780850748,False
TOTAL_FLUX,1.0,60.00038218551549,7.042244613070097e-05,0.008391808275377898,14200.017962228178,False
TOTAL_FLUX,1.0,64.00038218551549,2.263267778764835e-06,0.001504416092297884,441839.01232656796,False
TOTAL_FLUX,1.0,68.00038218551549,1.347163471840337e-06,0.0011606737146331596,742300.4118675494,False
TOTAL_FLUX,1.0,72.00038218551549,9.913438391877601e-07,0.000995662512695823,1008731.7441941558,False
TOTAL_FLUX,1.0,76.00038218551549,6.815737339757452e-07,0.0008255747900558406,1467192.6897282496,False
TOTAL_FLUX,1.0,80.00038218551549,4.5009259651475036e-07,0.0006708894070670294,2221765.049555149,False
TOTAL_FLUX,1.0,84.00038218551549,2.9209327435829667e-07,0.0005404565425252031,3423563.9358588876,False
TOTAL_FLUX,1.0,88.00038218551549,1.7940777855895008e-07,0.00042356555402788606,5573894.331852609,False
TOTAL_FLUX,1.0,92.00038218551549,8.5293461528472e-08,0.00029205044346563143,11724228.118777754,False
TOTAL_FLUX,1.0,96.00038218551549,1.545258707573855e-08,0.00012430843525577237,64714082.83277416,False
TOTAL_FLUX,1.0,100.00038218551549,9.424406529982145e-10,3.069919629238222e-05,1061074770.9350932,False
TOTAL_FLUX,1.0,104.00038218551549,6.872817739209481e-11,8.290245918674235e-06,14550073026.016562,False
TOTAL_FLUX,1.0,108.00038218551549,1.914985158586468e-11,4.376054339912232e-06,52219725856.15977,False
TOTAL_FLUX,1.0,112.00038218551549,5.897196245641195e-12,2.4284143480141923e-06,169572108226.70718,False
TOTAL_FLUX,1.0,116.00038218551549,6.198545085838875e-13,7.873083948389522e-07,1613281804281.1184,False
TOTAL_FLUX,1.0,120.00038218551549,4.879552929553972e-14,2.2089710114788678e-07,20493680762089.973,False
TOTAL_FLUX,100.0,0.0003821855154910736,90.92074471932648,9.535237003836164,0.010998590069703157,True
TOTAL_FLUX,100.0,4.000382185515491,96.23826494140873,9.810110342978245,0.010390877273284329,True
TOTAL_FLUX,100.0,8.000382185515491,90.47695735452432,9.511937623561474,0.011052537897374318,True
TOTAL_FLUX,100.0,12.000382185515491,86.2733085516709,9.288342615971425,0.011591070480403321,True
TOTAL_FLUX,100.0,16.00038218551549,88.85965013683779,9.426539669297414,0.011253701747194237,True
TOTAL_FLUX,100.0,20.00038218551549,99.81832333993758,9.990912037443708,0.010018200732489135,True
TOTAL_FLUX,100.0,24.00038218551549,114.45656671407036,10.69843758284687,0.00873693863715264,True
TOTAL_FLUX,100.0,28.00038218551549,127.89179529764051,11.30892547051401,0.007819109878571304,True
TOTAL_FLUX,100.0,32.00038218551549,137.87771126927026,11.742134016833152,0.007252803885372274,True
TOTAL_FLUX,100.0,36.00038218551549,135.04759832421956,11.620998163850624,0.007404796622885659,True
TOTAL_FLUX,100.0,40.00038218551549,114.70705965007788,10.710138171381258,0.00871785924118857,True
TOTAL_FLUX,100.0,44.00038218551549,86.69170589593466,9.310838087730591,0.011535128876116558,True
TOTAL_FLUX,100.0,48.00038218551549,58.48097228467304,7.6472852885630624,0.01709957890460868,True
TOTAL_FLUX,100.0,52.00038218551549,32.0592139491532,5.66208565363976,0.031192280683675768,True
TOTAL_FLUX,100.0,56.00038218551549,9.83622413288042,3.1362755192872354,0.10166502780850746,True
TOTAL_FLUX,100.0,60.00038218551549,0.7042244613070096,0.8391808275377897,1.420001796222818,False
TOTAL_FLUX,100.0,64.00038218551549,0.022632677787648353,0.1504416092297884,44.18390123265679,False
TOTAL_FLUX,100.0,68.00038218551549,0.013471634718403371,0.11606737146331596,74.23004118675493,False
TOTAL_FLUX,100.0,72.00038218551549,0.0099134383918776,0.09956625126958231,100.87317441941559,False
TOTAL_FLUX,100.0,76.00038218551549,0.0068157373397574545,0.08255747900558406,146.7192689728249,False
TOTAL_FLUX,100.0,80.00038218551549,0.004500925965147504,0.06708894070670295,222.17650495551487,False
TOTAL_FLUX,100.0,84.00038218551549,0.0029209327435829667,0.05404565425252031,342.3563935858887,False
TOTAL_FLUX,100.0,88.00038218551549,0.001794077785589501,0.04235655540278861,557.3894331852609,False
TOTAL_FLUX,100.0,92.00038218551549,0.00085293461528472,0.029205044346563146,1172.4228118777753,False
TOTAL_FLUX,100.0,96.00038218551549,0.0001545258707573855,0.012430843525577237,6471.408283277417,False
TOTAL_FLUX,100.0,100.00038218551549,9.424406529982146e-06,0.0030699196292382227,106107.4770935093,False
TOTAL_FLUX,100.0,104.00038218551549,6.87281773920948e-07,0.0008290245918674235,1455007.3026016564,False
TOTAL_FLUX,100.0,108.00038218551549,1.914985158586468e-07,0.0004376054339912232,5221972.585615977,False
TOTAL_FLUX,100.0,112.00038218551549,5.897196245641195e-08,0.00024284143480141925,16957210.822670717,False
TOTAL_FLUX,100.0,116.00038218551549,6.198545085838876e-09,7.873083948389523e-05,161328180.42811182,False
TOTAL_FLUX,100.0,120.00038218551549,4.879552929553972e-10,2.2089710114788675e-05,2049368076.2089972,False
TOTAL_FLUX,10000.0,0.0003821855154910736,909207.4471932648,953.5237003836165,1.0998590069703156e-06,True
TOTAL_FLUX,10000.0,4.000382185515491,962382.6494140872,981.0110342978244,1.039087727328433e-06,True
TOTAL_FLUX,10000.0,8.000382185515491,904769.5735452432,951.1937623561475,1.1052537897374318e-06,True
TOTAL_FLUX,10000.0,12.000382185515491,862733.0855167089,928.8342615971425,1.1591070480403323e-06,True
TOTAL_FLUX,10000.0,16.00038218551549,888596.5013683778,942.6539669297413,1.1253701747194237e-06,True
TOTAL_FLUX,10000.0,20.00038218551549,998183.2333993759,999.0912037443709,1.0018200732489133e-06,True
TOTAL_FLUX,10000.0,24.00038218551549,1144565.6671407034,1069.8437582846868,8.73693863715264e-07,True
TOTAL_FLUX,10000.0,28.00038218551549,1278917.9529764052,1130.892547051401,7.819109878571305e-07,True
TOTAL_FLUX,10000.0,32.00038218551549,1378777.112692703,1174.2134016833154,7.252803885372272e-07,True
TOTAL_FLUX,10000.0,36.00038218551549,1350475.9832421958,1162.0998163850625,7.404796622885658e-07,True
TOTAL_FLUX,10000.0,40.00038218551549,1147070.5965007788,1071.013817138126,8.71785924118857e-07,True
TOTAL_FLUX,10000.0,44.00038218551549,866917.058959347,931.0838087730593,1.1535128876116553e-06,True
TOTAL_FLUX,10000.0,48.00038218551549,584809.7228467305,764.7285288563063,1.7099578904608677e-06,True
TOTAL_FLUX,10000.0,52.00038218551549,320592.13949153206,566.2085653639762,3.1192280683675758e-06,True
TOTAL_FLUX,10000.0,56.00038218551549,98362.24132880417,313.6275519287235,1.0166502780850748e-05,True
TOTAL_FLUX,10000.0,60.00038218551549,7042.244613070097,83.91808275377898,0.00014200017962228177,True
TOTAL_FLUX,10000.0,64.00038218551549,226.3267778764835,15.044160922978838,0.004418390123265679,True
TOTAL_FLUX,10000.0,68.00038218551549,134.7163471840337,11.606737146331595,0.007423004118675494,True
TOTAL_FLUX,10000.0,72.00038218551549,99.134383918776,9.95662512695823,0.01008731744194156,True
TOTAL_FLUX,10000.0,76.00038218551549,68.15737339757455,8.255747900558408,0.01467192689728249,True
TOTAL_FLUX,10000.0,80.00038218551549,45.00925965147505,6.708894070670295,0.022217650495551484,True
TOTAL_FLUX,10000.0,84.00038218551549,29.20932743582967,5.404565425252032,0.03423563935858887,True
TOTAL_FLUX,10000.0,88.00038218551549,17.94077785589501,4.235655540278861,0.05573894331852609,True
TOTAL_FLUX,10000.0,92.00038218551549,8.529346152847198,2.9205044346563143,0.11724228118777756,True
TOTAL_FLUX,10000.0,96.00038218551549,1.5452587075738544,1.2430843525577233,0.6471408283277419,True
TOTAL_FLUX,10000.0,100.00038218551549,0.09424406529982146,0.30699196292382225,10.61074770935093,False
TOTAL_FLUX,10000.0,104.00038218551549,0.006872817739209479,0.08290245918674234,145.50073026016565,False
TOTAL_FLUX,10000.0,108.00038218551549,0.0019149851585864687,0.043760543399122324,522.1972585615976,False
TOTAL_FLUX,10000.0,112.00038218551549,0.0005897196245641197,0.024284143480141927,1695.7210822670713,False
TOTAL_FLUX,10000.0,116.00038218551549,6.198545085838876e-05,0.007873083948389523,16132.818042811181,False
TOTAL_FLUX,10000.0,120.00038218551549,4.879552929553974e-06,0.002208971011478868,204936.80762089966,False
TOTAL_FLUX,1000000.0,0.0003821855154910736,9092074471.932648,95352.37003836165,1.0998590069703157e-10,True
TOTAL_FLUX,1000000.0,4.000382185515491,9623826494.14087,98101.10342978242,1.0390877273284333e-10,True
TOTAL_FLUX,1000000.0,8.000382185515491,9047695735.45243,95119.37623561475,1.1052537897374319e-10,True
TOTAL_FLUX,1000000.0,12.000382185515491,8627330855.167088,92883.42615971425,1.1591070480403325e-10,True
TOTAL_FLUX,1000000.0,16.00038218551549,8885965013.683775,94265.39669297411,1.1253701747194242e-10,True
TOTAL_FLUX,1000000.0,20.00038218551549,9981832333.993755,99909.12037443706,1.0018200732489138e-10,True
TOTAL_FLUX,1000000.0,24.00038218551549,11445656671.407032,106984.37582846868,8.736938637152643e-11,True
TOTAL_FLUX,1000000.0,28.00038218551549,12789179529.764048,113089.25470514008,7.819109878571307e-11,True
TOTAL_FLUX,1000000.0,32.00038218551549,13787771126.927025,117421.34016833152,7.252803885372276e-11,True
TOTAL_FLUX,1000000.0,36.00038218551549,13504759832.421955,116209.98163850623,7.40479662288566e-11,True
TOTAL_FLUX,1000000.0,40.00038218551549,11470705965.007786,107101.38171381257,8.717859241188572e-11,True
TOTAL_FLUX,1000000.0,44.00038218551549,8669170589.593466,93108.38087730591,1.1535128876116559e-10,True
TOTAL_FLUX,1000000.0,48.00038218551549,5848097228.467303,76472.85288563062,1.7099578904608683e-10,True
TOTAL_FLUX,1000000.0,52.00038218551549,3205921394.915319,56620.8565363976,3.1192280683675773e-10,True
TOTAL_FLUX,1000000.0,56.00038218551549,983622413.2880416,31362.75519287235,1.016650278085075e-09,True
TOTAL_FLUX,1000000.0,60.00038218551549,70422446.13070095,8391.808275377896,1.4200017962228183e-08,True
TOTAL_FLUX,1000000.0,64.00038218551549,2263267.7787648346,1504.4160922978838,4.41839012326568e-07,True
TOTAL_FLUX,1000000.0,68.00038218551549,1347163.4718403367,1160.6737146331593,7.423004118675497e-07,True
TOTAL_FLUX,1000000.0,72.00038218551549,991343.8391877599,995.662512695823,1.008731744194156e-06,True
TOTAL_FLUX,1000000.0,76.00038218551549,681573.7339757453,825.5747900558406,1.4671926897282495e-06,True
TOTAL_FLUX,1000000.0,80.00038218551549,450092.5965147503,670.8894070670294,2.2217650495551494e-06,True
TOTAL_FLUX,1000000.0,84.00038218551549,292093.27435829665,540.4565425252031,3.423563935858888e-06,True
TOTAL_FLUX,1000000.0,88.00038218551549,179407.77855895009,423.5655540278861,5.57389433185261e-06,True
TOTAL_FLUX,1000000.0,92.00038218551549,85293.46152847198,292.0504434656314,1.1724228118777757e-05,True
TOTAL_FLUX,1000000.0,96.00038218551549,15452.587075738544,124.30843525577234,6.471408283277419e-05,True
TOTAL_FLUX,1000000.0,100.00038218551549,942.4406529982145,30.699196292382226,0.001061074770935093,True
TOTAL_FLUX,1000000.0,104.00038218551549,68.72817739209478,8.290245918674232,0.01455007302601657,True
TOTAL_FLUX,1000000.0,108.00038218551549,19.149851585864674,4.376054339912232,0.052219725856159784,True
TOTAL_FLUX,1000000.0,112.00038218551549,5.897196245641194,2.428414348014192,0.1695721082267072,True
TOTAL_FLUX,1000000.0,116.00038218551549,0.6198545085838875,0.7873083948389522,1.6132818042811186,False
TOTAL_FLUX,1000000.0,120.00038218551549,0.048795529295539715,0.22089710114788677,20.493680762089973,False
