geometry,source_class,arm,retarded_age,lambda_max_per_snr2,lambda_min_per_snr2,log_information_volume_at_reference_snr
a000_i020,C224,DIRECT_PHYSICAL,0.0,0.47158463263885325,4.626937269590814e-05,127.76589179819402
a000_i020,C224,DIRECT_PHYSICAL,4.0,0.47160589801119857,3.921665176212857e-05,124.29497927940143
a000_i020,C224,DIRECT_PHYSICAL,8.0,0.466385297318951,1.0427420867717579e-05,115.57905329943164
a000_i020,C224,DIRECT_PHYSICAL,12.0,0.4235239214290555,7.44385414289285e-07,100.98344369564833
a000_i020,C224,DIRECT_PHYSICAL,16.0,0.2556714821074694,2.0172924733194105e-08,73.26324868062756
a000_i020,C224,DIRECT_PHYSICAL,20.0,0.04517164363166297,1.537412345333768e-10,32.51391200665426
a000_i020,C224,DIRECT_PHYSICAL,24.0,0.0007418106705725369,1.5002963996458747e-13,4.875143248495894
a000_i020,C224,DIRECT_PHYSICAL,28.0,5.379717416915228e-07,1.7886932877235513e-17,0.008937422640900071
a000_i020,C224,DIRECT_PHYSICAL,32.0,1.3399900979560596e-11,1.418064023158407e-22,2.1323932975556149e-07
a000_i020,C224,DIRECT_PHYSICAL,36.0,1.0500507164001386e-17,3.5891036878546023e-29,1.6114803447223593e-13
a000_i020,C224,DIRECT_PHYSICAL,40.0,2.4883462554713825e-25,2.7303480078323603e-37,3.741075595316337e-21
a000_i020,C224,DIRECT_PHYSICAL,44.0,3.758815469766623e-33,1.3081408932906372e-46,4.0444885936970613e-29
a000_i020,C224,DIRECT_PHYSICAL,48.0,1.289318001091181e-40,2.1532284483129456e-57,1.290842252699697e-36
a000_i020,C224,DIRECT_PHYSICAL,52.0,1.2636794097781264e-49,2.4029528180053498e-70,1.2638691205372773e-45
a000_i020,C224,DIRECT_PHYSICAL,56.0,3.537984944235413e-60,0.0,3.538054703876084e-56
a000_i020,C224,DIRECT_PHYSICAL,60.0,2.829547068418431e-72,0.0,2.829554397107429e-68
a000_i020,C224,DIRECT_PHYSICAL,64.0,6.464273306839936e-86,0.0,6.46427550617048e-82
a000_i020,C224,DIRECT_PHYSICAL,68.0,4.2185610616582205e-101,0.0,4.218561250195207e-97
a000_i020,C224,DIRECT_PHYSICAL,72.0,7.86413230876437e-118,0.0,7.864132354932733e-114
a000_i020,C224,DIRECT_PHYSICAL,76.0,4.187734362849007e-136,0.0,4.1877343660784986e-132
a000_i020,C224,DIRECT_PHYSICAL,80.0,6.370144468127965e-156,0.0,6.370144468773272e-152
a000_i020,C224,DIRECT_PHYSICAL,84.0,2.7679693706281457e-177,0.0,2.767969370664979e-173
a000_i020,C224,DIRECT_PHYSICAL,88.0,3.435699094714939e-200,0.0,3.435699094720945e-196
a000_i020,C224,DIRECT_PHYSICAL,92.0,1.2181781430429657e-224,0.0,1.2181781430432454e-220
a000_i020,C224,DIRECT_PHYSICAL,96.0,1.2338101186165758e-250,0.0,1.233810118616613e-246
a000_i020,C224,DIRECT_PHYSICAL,100.0,3.569666917662834e-278,0.0,3.5696669176628486e-274
a000_i020,C224,DIRECT_PHYSICAL,104.0,2.95018264096464e-307,0.0,2.9501826409646425e-303
a000_i020,C224,DIRECT_PHYSICAL,108.0,0.0,0.0,0.0
a000_i020,C224,DIRECT_PHYSICAL,112.0,0.0,0.0,0.0
a000_i020,C224,DIRECT_PHYSICAL,116.0,0.0,0.0,0.0
a000_i020,C224,DIRECT_PHYSICAL,120.0,0.0,0.0,0.0
a000_i020,C224,DIRECT_PHYSICAL,124.0,0.0,0.0,0.0
a000_i020,C224,DIRECT_PHYSICAL,128.0,0.0,0.0,0.0
a000_i020,C224,DIRECT_PHYSICAL,132.0,0.0,0.0,0.0
a000_i020,C224,DIRECT_PHYSICAL,136.0,0.0,0.0,0.0
a000_i020,C224,DIRECT_PHYSICAL,140.0,0.0,0.0,0.0
a000_i020,C224,DIRECT_PHYSICAL,144.0,0.0,0.0,0.0
a000_i020,C224,DIRECT_PHYSICAL,148.0,0.0,0.0,0.0
a000_i020,C224,DIRECT_PHYSICAL,152.0,0.0,0.0,0.0
a000_i020,C224,DIRECT_PHYSICAL,156.0,0.0,0.0,0.0
a000_i020,C224,DIRECT_PHYSICAL,160.0,0.0,0.0,0.0
a000_i020,C224,DIRECT_PHYSICAL,164.0,0.0,0.0,0.0
a000_i020,C224,DIRECT_PHYSICAL,168.0,0.0,0.0,0.0
a000_i020,C224,DIRECT_PHYSICAL,172.0,0.0,0.0,0.0
a000_i020,C224,DIRECT_PHYSICAL,176.0,0.0,0.0,0.0
a000_i020,C224,DIRECT_PHYSICAL,180.0,0.0,0.0,0.0
a000_i020,C224,DIRECT_PHYSICAL,184.0,0.0,0.0,0.0
a000_i020,C224,DIRECT_PHYSICAL,188.0,0.0,0.0,0.0
a000_i020,C224,DIRECT_PHYSICAL,192.0,0.0,0.0,0.0
a000_i020,C224,DIRECT_PHYSICAL,196.0,0.0,0.0,0.0
a000_i020,C224,DIRECT_PHYSICAL,200.0,0.0,0.0,0.0
a000_i020,C224,DIRECT_PHYSICAL,204.0,0.0,0.0,0.0
a000_i020,C224,DIRECT_PHYSICAL,208.0,0.0,0.0,0.0
a000_i020,C224,DIRECT_PHYSICAL,212.0,0.0,0.0,0.0
a000_i020,C224,DIRECT_PHYSICAL,216.0,0.0,0.0,0.0
a000_i020,C224,DIRECT_PHYSICAL,220.0,0.0,0.0,0.0
a000_i020,C224,DIRECT_PHYSICAL,224.0,0.0,0.0,0.0
a000_i020,C224,DIRECT_PHYSICAL,228.0,0.0,0.0,0.0
a000_i020,C224,DIRECT_PHYSICAL,232.0,0.0,0.0,0.0
a000_i020,C224,DIRECT_PHYSICAL,236.0,0.0,0.0,0.0
a000_i020,C224,DIRECT_PHYSICAL,240.0,0.0,0.0,0.0
a000_i020,C224,DIRECT_PHYSICAL,244.0,0.0,0.0,0.0
a000_i020,C224,DIRECT_PHYSICAL,248.0,0.0,0.0,0.0
a000_i020,C224,DIRECT_PHYSICAL,252.0,0.0,0.0,0.0
a000_i020,C224,RESOLVED_PHYSICAL,0.0,0.47158463287980057,4.626940275333491e-05,127.7658951847496
a000_i020,C224,RESOLVED_PHYSICAL,4.0,0.47160638639413516,3.9245743107936616e-05,124.29853433194961
a000_i020,C224,RESOLVED_PHYSICAL,8.0,0.4664381123771797,1.0476911777930925e-05,115.74707860618996
a000_i020,C224,RESOLVED_PHYSICAL,12.0,0.42410683783869263,7.738873789726027e-07,101.80227590997639
a000_i020,C224,RESOLVED_PHYSICAL,16.0,0.25731806249071343,3.10757340291317e-08,77.4471960191681
a000_i020,C224,RESOLVED_PHYSICAL,20.0,0.04745171061168988,1.1294671323232983e-08,50.48712668615609
a000_i020,C224,RESOLVED_PHYSICAL,24.0,0.006054787517150716,3.5157856287425844e-08,36.226100072673454
a000_i020,C224,RESOLVED_PHYSICAL,28.0,0.006091672425614284,1.0270879159644895e-07,36.33469661284326
a000_i020,C224,RESOLVED_PHYSICAL,32.0,0.005301102820615492,2.685928959079108e-07,36.45144625433682
a000_i020,C224,RESOLVED_PHYSICAL,36.0,0.0032113028135883287,5.6115956103316e-07,31.831241163158797
a000_i020,C224,RESOLVED_PHYSICAL,40.0,0.0018741172338156283,5.566519573411356e-07,25.881067472561867
a000_i020,C224,RESOLVED_PHYSICAL,44.0,0.0012483827286606842,8.019998685730167e-07,21.772575142651295
a000_i020,C224,RESOLVED_PHYSICAL,48.0,0.0008576507925917691,8.807020612048339e-07,18.57868043286132
a000_i020,C224,RESOLVED_PHYSICAL,52.0,0.0006141676353714806,3.995742805152126e-07,15.302923852690428
a000_i020,C224,RESOLVED_PHYSICAL,56.0,0.0004436913465742168,1.0336232299618211e-07,12.205235992542386
a000_i020,C224,RESOLVED_PHYSICAL,60.0,0.00030226213850387246,3.106954820403627e-08,9.37606108584713
a000_i020,C224,RESOLVED_PHYSICAL,64.0,0.00018496564420725773,4.649109679790097e-09,7.144963617936553
a000_i020,C224,RESOLVED_PHYSICAL,68.0,0.00013426506702857516,9.206703148928892e-10,5.205075033512635
a000_i020,C224,RESOLVED_PHYSICAL,72.0,9.198197361159479e-05,1.2919172243509725e-10,3.477609098915625
a000_i020,C224,RESOLVED_PHYSICAL,76.0,4.4260519672289284e-05,1.593191460553112e-11,1.9683833935644715
a000_i020,C224,RESOLVED_PHYSICAL,80.0,2.4637283824842482e-05,2.0402446404304756e-12,0.7204403071157164
a000_i020,C224,RESOLVED_PHYSICAL,84.0,8.400506417647921e-06,1.440285683838478e-13,0.2594079624106346
a000_i020,C224,RESOLVED_PHYSICAL,88.0,2.5990366364149584e-06,1.3406189570443447e-14,0.13587161737659054
a000_i020,C224,RESOLVED_PHYSICAL,92.0,1.8367184088354667e-06,1.3569554733628284e-16,0.07720305429584969
a000_i020,C224,RESOLVED_PHYSICAL,96.0,8.217859642461817e-07,6.989317450456289e-19,0.02508146857255466
a000_i020,C224,RESOLVED_PHYSICAL,100.0,7.695631215559106e-08,1.4582858637313842e-22,0.00200596238355409
a000_i020,C224,RESOLVED_PHYSICAL,104.0,4.435006842217005e-10,3.394282923611093e-27,1.100323677768359e-05
a000_i020,C224,RESOLVED_PHYSICAL,108.0,8.670982479970005e-14,0.0,2.030705849110199e-09
a000_i020,C224,RESOLVED_PHYSICAL,112.0,5.019866487244219e-19,0.0,1.10295309945825e-14
a000_i020,C224,RESOLVED_PHYSICAL,116.0,8.377844438487978e-26,0.0,1.726760638133573e-21
a000_i020,C224,RESOLVED_PHYSICAL,120.0,4.006330945841623e-34,0.0,7.762877160525985e-30
a000_i020,C224,RESOLVED_PHYSICAL,124.0,5.480126811676662e-44,0.0,1.0013279045153718e-39
a000_i020,C224,RESOLVED_PHYSICAL,128.0,2.142888335604198e-55,0.0,3.705087741914659e-51
a000_i020,C224,RESOLVED_PHYSICAL,132.0,2.3947254193726625e-68,0.0,3.9322635125910123e-64
a000_i020,C224,RESOLVED_PHYSICAL,136.0,7.647078898049785e-83,0.0,1.1969150554316011e-78
a000_i020,C224,RESOLVED_PHYSICAL,140.0,6.977183877996092e-99,0.0,1.0447359645564728e-94
a000_i020,C224,RESOLVED_PHYSICAL,144.0,1.8187951583539055e-116,0.0,2.614617646781885e-112
a000_i020,C224,RESOLVED_PHYSICAL,148.0,1.3545298088154067e-135,0.0,1.8758380080535649e-131
a000_i020,C224,RESOLVED_PHYSICAL,152.0,2.881918258690336e-156,0.0,3.857340387518717e-152
a000_i020,C224,RESOLVED_PHYSICAL,156.0,1.7516752158166774e-178,0.0,2.273007788706108e-174
a000_i020,C224,RESOLVED_PHYSICAL,160.0,3.0415656629135444e-202,0.0,3.837477073092914e-198
a000_i020,C224,RESOLVED_PHYSICAL,164.0,1.5087142725062107e-227,0.0,1.8558064554857707e-223
a000_i020,C224,RESOLVED_PHYSICAL,168.0,2.1378572479306678e-254,0.0,2.5702288989075717e-250
a000_i020,C224,RESOLVED_PHYSICAL,172.0,8.653841019051317e-283,0.0,1.019236221661695e-278
a000_i020,C224,RESOLVED_PHYSICAL,176.0,1.000679281077e-312,0.0,1.1570606281562636e-308
a000_i020,C224,RESOLVED_PHYSICAL,180.0,0.0,0.0,0.0
a000_i020,C224,RESOLVED_PHYSICAL,184.0,0.0,0.0,0.0
a000_i020,C224,RESOLVED_PHYSICAL,188.0,0.0,0.0,0.0
a000_i020,C224,RESOLVED_PHYSICAL,192.0,0.0,0.0,0.0
a000_i020,C224,RESOLVED_PHYSICAL,196.0,0.0,0.0,0.0
a000_i020,C224,RESOLVED_PHYSICAL,200.0,0.0,0.0,0.0
a000_i020,C224,RESOLVED_PHYSICAL,204.0,0.0,0.0,0.0
a000_i020,C224,RESOLVED_PHYSICAL,208.0,0.0,0.0,0.0
a000_i020,C224,RESOLVED_PHYSICAL,212.0,0.0,0.0,0.0
a000_i020,C224,RESOLVED_PHYSICAL,216.0,0.0,0.0,0.0
a000_i020,C224,RESOLVED_PHYSICAL,220.0,0.0,0.0,0.0
a000_i020,C224,RESOLVED_PHYSICAL,224.0,0.0,0.0,0.0
a000_i020,C224,RESOLVED_PHYSICAL,228.0,0.0,0.0,0.0
a000_i020,C224,RESOLVED_PHYSICAL,232.0,0.0,0.0,0.0
a000_i020,C224,RESOLVED_PHYSICAL,236.0,0.0,0.0,0.0
a000_i020,C224,RESOLVED_PHYSICAL,240.0,0.0,0.0,0.0
a000_i020,C224,RESOLVED_PHYSICAL,244.0,0.0,0.0,0.0
a000_i020,C224,RESOLVED_PHYSICAL,248.0,0.0,0.0,0.0
a000_i020,C224,RESOLVED_PHYSICAL,252.0,0.0,0.0,0.0
a000_i020,C224,DELAY_ONLY,0.0,0.4715846329751633,4.6269376246884695e-05,127.76589286118556
a000_i020,C224,DELAY_ONLY,4.0,0.4716063903858725,3.922198280149148e-05,124.29619455325539
a000_i020,C224,DELAY_ONLY,8.0,0.4664240010944871,1.1043688856607556e-05,115.66415471228943
a000_i020,C224,DELAY_ONLY,12.0,0.4238096966321345,2.5017740657564086e-06,101.96990078363811
a000_i020,C224,DELAY_ONLY,16.0,0.25628947312044836,1.8608258079184511e-06,79.44714565914119
a000_i020,C224,DELAY_ONLY,20.0,0.04607985326955527,1.3261860899150748e-06,53.491442141974744
a000_i020,C224,DELAY_ONLY,24.0,0.003009578088812392,1.108422429511389e-06,40.27870106405846
a000_i020,C224,DELAY_ONLY,28.0,0.0034465837619975853,1.3187285889156374e-06,41.29233085696587
a000_i020,C224,DELAY_ONLY,32.0,0.003697095834543173,1.5211895335739525e-06,42.838433515213985
a000_i020,C224,DELAY_ONLY,36.0,0.0037383169959875765,1.4024450444348792e-06,42.15122354584583
a000_i020,C224,DELAY_ONLY,40.0,0.003269955577001386,1.0991205042561007e-06,39.488992923729036
a000_i020,C224,DELAY_ONLY,44.0,0.0027613178640507902,7.313668084876617e-07,36.51535003963802
a000_i020,C224,DELAY_ONLY,48.0,0.002299393850219483,5.237615489955582e-07,34.04508874471281
a000_i020,C224,DELAY_ONLY,52.0,0.002103892263659141,4.738556032856359e-07,31.61279541563296
a000_i020,C224,DELAY_ONLY,56.0,0.0017658875203779717,4.1804989547193373e-07,28.39756012993523
a000_i020,C224,DELAY_ONLY,60.0,0.0014889511963395111,3.118575352750548e-07,24.699128571592613
a000_i020,C224,DELAY_ONLY,64.0,0.0011456021897427418,1.6911025734907137e-07,21.176312577939928
a000_i020,C224,DELAY_ONLY,68.0,0.00081892205109865,5.844473947655717e-08,16.30855703701889
a000_i020,C224,DELAY_ONLY,72.0,0.000730493476164624,2.2270539846707346e-08,11.613267065476474
a000_i020,C224,DELAY_ONLY,76.0,0.0005586529905804224,5.068656920774793e-09,7.543974904950094
a000_i020,C224,DELAY_ONLY,80.0,0.000137503680200258,1.4857845572475378e-09,3.4259623289980667
a000_i020,C224,DELAY_ONLY,84.0,3.673204336560626e-05,3.032872695453069e-10,1.4158460302140654
a000_i020,C224,DELAY_ONLY,88.0,3.2761657865558165e-05,3.046055561454042e-11,0.8026337562144689
a000_i020,C224,DELAY_ONLY,92.0,2.3619142203301874e-05,2.128997556952007e-12,0.4787718077067496
a000_i020,C224,DELAY_ONLY,96.0,3.7450014100264736e-06,8.77153661285113e-15,0.10294667237490321
a000_i020,C224,DELAY_ONLY,100.0,3.150466409763583e-07,6.544818995341008e-19,0.004263587984977414
a000_i020,C224,DELAY_ONLY,104.0,2.0024735608420795e-09,4.408193652937235e-24,2.1976104850964903e-05
a000_i020,C224,DELAY_ONLY,108.0,3.8804998738507055e-13,0.0,4.165226613523233e-09
a000_i020,C224,DELAY_ONLY,112.0,2.1776496628201154e-18,0.0,2.3251139394360227e-14
a000_i020,C224,DELAY_ONLY,116.0,3.512097792186702e-25,0.0,3.736708519371559e-21
a000_i020,C224,DELAY_ONLY,120.0,1.625150454397211e-33,0.0,1.7230765577355078e-29
a000_i020,C224,DELAY_ONLY,124.0,2.1563061723680635e-43,0.0,2.2779883027534036e-39
a000_i020,C224,DELAY_ONLY,128.0,8.20092631115927e-55,0.0,8.631597475827712e-51
a000_i020,C224,DELAY_ONLY,132.0,8.937629364678653e-68,0.0,9.371821136746622e-64
a000_i020,C224,DELAY_ONLY,136.0,2.790412581871422e-82,0.0,2.9151280456969376e-78
a000_i020,C224,DELAY_ONLY,140.0,2.4950912364604433e-98,0.0,2.59717559143348e-94
a000_i020,C224,DELAY_ONLY,144.0,6.38803937092899e-116,0.0,6.626213569971033e-112
a000_i020,C224,DELAY_ONLY,148.0,4.68176711930623e-135,0.0,4.840190383832342e-131
a000_i020,C224,DELAY_ONLY,152.0,9.820154050695367e-156,0.0,1.0120635875206407e-151
a000_i020,C224,DELAY_ONLY,156.0,5.893941251591625e-178,0.0,6.056485782380574e-174
a000_i020,C224,DELAY_ONLY,160.0,1.0120281414488357e-201,0.0,1.037109713244513e-197
a000_i020,C224,DELAY_ONLY,164.0,4.970570942674247e-227,0.0,5.080986989339463e-223
a000_i020,C224,DELAY_ONLY,168.0,6.98202641686338e-254,0.0,7.120722830828278e-250
a000_i020,C224,DELAY_ONLY,172.0,2.8045257169857433e-282,0.0,2.854243121269139e-278
a000_i020,C224,DELAY_ONLY,176.0,3.220975403703e-312,0.0,3.2718394434943814e-308
a000_i020,C224,DELAY_ONLY,180.0,0.0,0.0,0.0
a000_i020,C224,DELAY_ONLY,184.0,0.0,0.0,0.0
a000_i020,C224,DELAY_ONLY,188.0,0.0,0.0,0.0
a000_i020,C224,DELAY_ONLY,192.0,0.0,0.0,0.0
a000_i020,C224,DELAY_ONLY,196.0,0.0,0.0,0.0
a000_i020,C224,DELAY_ONLY,200.0,0.0,0.0,0.0
a000_i020,C224,DELAY_ONLY,204.0,0.0,0.0,0.0
a000_i020,C224,DELAY_ONLY,208.0,0.0,0.0,0.0
a000_i020,C224,DELAY_ONLY,212.0,0.0,0.0,0.0
a000_i020,C224,DELAY_ONLY,216.0,0.0,0.0,0.0
a000_i020,C224,DELAY_ONLY,220.0,0.0,0.0,0.0
a000_i020,C224,DELAY_ONLY,224.0,0.0,0.0,0.0
a000_i020,C224,DELAY_ONLY,228.0,0.0,0.0,0.0
a000_i020,C224,DELAY_ONLY,232.0,0.0,0.0,0.0
a000_i020,C224,DELAY_ONLY,236.0,0.0,0.0,0.0
a000_i020,C224,DELAY_ONLY,240.0,0.0,0.0,0.0
a000_i020,C224,DELAY_ONLY,244.0,0.0,0.0,0.0
a000_i020,C224,DELAY_ONLY,248.0,0.0,0.0,0.0
a000_i020,C224,DELAY_ONLY,252.0,0.0,0.0,0.0
a000_i020,C224,SPATIAL_ONLY,0.0,0.4739883790499737,8.637853264185704e-05,129.62128437566534
a000_i020,C224,SPATIAL_ONLY,4.0,0.47380840754592646,7.177341895143671e-05,126.10563059923155
a000_i020,C224,SPATIAL_ONLY,8.0,0.46815762574547864,3.3770366608522874e-05,117.52343412470013
a000_i020,C224,SPATIAL_ONLY,12.0,0.4251008759925826,1.1923260401415362e-05,103.37420061364118
a000_i020,C224,SPATIAL_ONLY,16.0,0.2568175681851897,3.650304462472304e-06,77.60565631546001
a000_i020,C224,SPATIAL_ONLY,20.0,0.045362292566418626,5.164163791340645e-07,36.721986571649275
a000_i020,C224,SPATIAL_ONLY,24.0,0.0007461892129240668,6.876295795762894e-09,5.3256559242765
a000_i020,C224,SPATIAL_ONLY,28.0,4.782089201042509e-06,4.0686890511298055e-12,0.07910260648493983
a000_i020,C224,SPATIAL_ONLY,32.0,2.01660145409825e-07,9.506349435776305e-17,0.0022974066152505338
a000_i020,C224,SPATIAL_ONLY,36.0,2.922605014904245e-10,6.349205905047578e-23,3.1562255853375353e-06
a000_i020,C224,SPATIAL_ONLY,40.0,1.2272331056407079e-14,1.1484402579864235e-30,1.315449314779039e-10
a000_i020,C224,SPATIAL_ONLY,44.0,1.473890562135863e-20,0.0,1.5782747998230036e-16
a000_i020,C224,SPATIAL_ONLY,48.0,5.057025734720545e-28,0.0,5.4144714052714526e-24
a000_i020,C224,SPATIAL_ONLY,52.0,4.956462720031981e-37,0.0,5.306709625447422e-33
a000_i020,C224,SPATIAL_ONLY,56.0,1.3876849626358386e-47,0.0,1.4857419567513762e-43
a000_i020,C224,SPATIAL_ONLY,60.0,1.1098181423869706e-59,0.0,1.1882400809714172e-55
a000_i020,C224,SPATIAL_ONLY,64.0,2.5354474092045717e-73,0.0,2.7146070180960185e-69
a000_i020,C224,SPATIAL_ONLY,68.0,1.6546236838698229e-88,0.0,1.771542578790629e-84
a000_i020,C224,SPATIAL_ONLY,72.0,3.084506631689555e-105,0.0,3.3024638062526104e-101
a000_i020,C224,SPATIAL_ONLY,76.0,1.64253269232611e-123,0.0,1.7585972131777235e-119
a000_i020,C224,SPATIAL_ONLY,80.0,2.498527756812657e-143,0.0,2.6750785361262624e-139
a000_i020,C224,SPATIAL_ONLY,84.0,1.0856658490437236e-164,0.0,1.1623810871257512e-160
a000_i020,C224,SPATIAL_ONLY,88.0,1.347565913952276e-187,0.0,1.442787514604835e-183
a000_i020,C224,SPATIAL_ONLY,92.0,4.777995096286456e-212,0.0,5.115617424268853e-208
a000_i020,C224,SPATIAL_ONLY,96.0,4.839307559543596e-238,0.0,5.181262344165643e-234
a000_i020,C224,SPATIAL_ONLY,100.0,1.4001113979408697e-265,0.0,1.4990459636073044e-261
a000_i020,C224,SPATIAL_ONLY,104.0,1.1571343872963669e-294,0.0,1.2388997298207029e-290
a000_i020,C224,SPATIAL_ONLY,108.0,0.0,0.0,0.0
a000_i020,C224,SPATIAL_ONLY,112.0,0.0,0.0,0.0
a000_i020,C224,SPATIAL_ONLY,116.0,0.0,0.0,0.0
a000_i020,C224,SPATIAL_ONLY,120.0,0.0,0.0,0.0
a000_i020,C224,SPATIAL_ONLY,124.0,0.0,0.0,0.0
a000_i020,C224,SPATIAL_ONLY,128.0,0.0,0.0,0.0
a000_i020,C224,SPATIAL_ONLY,132.0,0.0,0.0,0.0
a000_i020,C224,SPATIAL_ONLY,136.0,0.0,0.0,0.0
a000_i020,C224,SPATIAL_ONLY,140.0,0.0,0.0,0.0
a000_i020,C224,SPATIAL_ONLY,144.0,0.0,0.0,0.0
a000_i020,C224,SPATIAL_ONLY,148.0,0.0,0.0,0.0
a000_i020,C224,SPATIAL_ONLY,152.0,0.0,0.0,0.0
a000_i020,C224,SPATIAL_ONLY,156.0,0.0,0.0,0.0
a000_i020,C224,SPATIAL_ONLY,160.0,0.0,0.0,0.0
a000_i020,C224,SPATIAL_ONLY,164.0,0.0,0.0,0.0
a000_i020,C224,SPATIAL_ONLY,168.0,0.0,0.0,0.0
a000_i020,C224,SPATIAL_ONLY,172.0,0.0,0.0,0.0
a000_i020,C224,SPATIAL_ONLY,176.0,0.0,0.0,0.0
a000_i020,C224,SPATIAL_ONLY,180.0,0.0,0.0,0.0
a000_i020,C224,SPATIAL_ONLY,184.0,0.0,0.0,0.0
a000_i020,C224,SPATIAL_ONLY,188.0,0.0,0.0,0.0
a000_i020,C224,SPATIAL_ONLY,192.0,0.0,0.0,0.0
a000_i020,C224,SPATIAL_ONLY,196.0,0.0,0.0,0.0
a000_i020,C224,SPATIAL_ONLY,200.0,0.0,0.0,0.0
a000_i020,C224,SPATIAL_ONLY,204.0,0.0,0.0,0.0
a000_i020,C224,SPATIAL_ONLY,208.0,0.0,0.0,0.0
a000_i020,C224,SPATIAL_ONLY,212.0,0.0,0.0,0.0
a000_i020,C224,SPATIAL_ONLY,216.0,0.0,0.0,0.0
a000_i020,C224,SPATIAL_ONLY,220.0,0.0,0.0,0.0
a000_i020,C224,SPATIAL_ONLY,224.0,0.0,0.0,0.0
a000_i020,C224,SPATIAL_ONLY,228.0,0.0,0.0,0.0
a000_i020,C224,SPATIAL_ONLY,232.0,0.0,0.0,0.0
a000_i020,C224,SPATIAL_ONLY,236.0,0.0,0.0,0.0
a000_i020,C224,SPATIAL_ONLY,240.0,0.0,0.0,0.0
a000_i020,C224,SPATIAL_ONLY,244.0,0.0,0.0,0.0
a000_i020,C224,SPATIAL_ONLY,248.0,0.0,0.0,0.0
a000_i020,C224,SPATIAL_ONLY,252.0,0.0,0.0,0.0
a000_i020,C224,UNRESOLVED_IMAGE,0.0,0.4644768565223554,4.557916948753396e-05,127.39331493120959
a000_i020,C224,UNRESOLVED_IMAGE,4.0,0.46447914625315084,3.86312060822324e-05,123.92864226145781
a000_i020,C224,UNRESOLVED_IMAGE,8.0,0.45930965464253515,1.0271377742713032e-05,115.2328256998391
a000_i020,C224,UNRESOLVED_IMAGE,12.0,0.4170736169417235,7.33463696230541e-07,100.67360050446236
a000_i020,C224,UNRESOLVED_IMAGE,16.0,0.2518157615226014,2.0174779998976913e-08,73.08944911557575
a000_i020,C224,UNRESOLVED_IMAGE,20.0,0.04452647377705127,4.891708601111325e-10,33.4659657425072
a000_i020,C224,UNRESOLVED_IMAGE,24.0,0.000772477960753493,5.543875982963278e-10,7.568728942038309
a000_i020,C224,UNRESOLVED_IMAGE,28.0,0.00010497798012749,1.5437691751941144e-09,3.474706123122129
a000_i020,C224,UNRESOLVED_IMAGE,32.0,9.194115761303582e-05,3.851165197463494e-09,3.302377277697691
a000_i020,C224,UNRESOLVED_IMAGE,36.0,5.760851601019925e-05,5.920508723299273e-09,2.4340869039531654
a000_i020,C224,UNRESOLVED_IMAGE,40.0,3.252997819879923e-05,4.038124960145825e-09,1.528278375382512
a000_i020,C224,UNRESOLVED_IMAGE,44.0,2.1198146958052535e-05,3.1718927967668475e-09,0.9524678017119514
a000_i020,C224,UNRESOLVED_IMAGE,48.0,1.4908076658793212e-05,2.5672766931161554e-09,0.6183310328000526
a000_i020,C224,UNRESOLVED_IMAGE,52.0,1.119425172294924e-05,1.1591576206041133e-09,0.4455139342858594
a000_i020,C224,UNRESOLVED_IMAGE,56.0,8.763404518166499e-06,2.99173751529911e-10,0.32884099027806146
a000_i020,C224,UNRESOLVED_IMAGE,60.0,6.769761968138947e-06,7.104519766776626e-11,0.23413759998587957
a000_i020,C224,UNRESOLVED_IMAGE,64.0,3.7118850915015682e-06,1.2701617333833532e-11,0.1587977885319718
a000_i020,C224,UNRESOLVED_IMAGE,68.0,1.866603065406225e-06,2.4143657741721585e-12,0.09821346532613334
a000_i020,C224,UNRESOLVED_IMAGE,72.0,1.3026008251778576e-06,2.31470051231271e-13,0.05752493445763118
a000_i020,C224,UNRESOLVED_IMAGE,76.0,6.138258323073929e-07,1.5026933608164382e-14,0.02754298184315951
a000_i020,C224,UNRESOLVED_IMAGE,80.0,2.869044501795986e-07,1.3293736006155658e-15,0.0070547274077121126
a000_i020,C224,UNRESOLVED_IMAGE,84.0,7.304708173383584e-08,9.455735834681579e-17,0.001003855224971021
a000_i020,C224,UNRESOLVED_IMAGE,88.0,1.914573242177375e-09,1.1096831698178378e-17,7.840987273097385e-05
a000_i020,C224,UNRESOLVED_IMAGE,92.0,9.213688245576007e-10,8.317816601848028e-20,3.844491086689795e-05
a000_i020,C224,UNRESOLVED_IMAGE,96.0,4.0617250580413303e-10,3.29214469760697e-22,1.2328745168810764e-05
a000_i020,C224,UNRESOLVED_IMAGE,100.0,3.745232609844446e-11,7.141430948140594e-26,9.636241535627298e-07
a000_i020,C224,UNRESOLVED_IMAGE,104.0,2.154020638081064e-13,0.0,5.26879804728449e-09
a000_i020,C224,UNRESOLVED_IMAGE,108.0,4.209970324305816e-17,0.0,9.727861566255985e-13
a000_i020,C224,UNRESOLVED_IMAGE,112.0,2.436740107226256e-22,0.0,5.287168740822963e-18
a000_i020,C224,UNRESOLVED_IMAGE,116.0,4.0662308144862274e-29,0.0,8.28333029840915e-25
a000_i020,C224,UNRESOLVED_IMAGE,120.0,1.944335174799372e-37,0.0,3.7265251983058175e-33
a000_i020,C224,UNRESOLVED_IMAGE,124.0,2.6594524740426086e-47,0.0,4.810222135756774e-43
a000_i020,C224,UNRESOLVED_IMAGE,128.0,1.0398867255843762e-58,0.0,1.7811120627643022e-54
a000_i020,C224,UNRESOLVED_IMAGE,132.0,1.1620684881778095e-71,0.0,1.891617709331179e-67
a000_i020,C224,UNRESOLVED_IMAGE,136.0,3.710770033016579e-86,0.0,5.761611253999978e-82
a000_i020,C224,UNRESOLVED_IMAGE,140.0,3.385657896640867e-102,0.0,5.0323044961291e-98
a000_i020,C224,UNRESOLVED_IMAGE,144.0,8.825564179493692e-120,0.0,1.260191356499052e-115
a000_i020,C224,UNRESOLVED_IMAGE,148.0,6.57270278393925e-139,0.0,9.046454957778439e-135
a000_i020,C224,UNRESOLVED_IMAGE,152.0,1.3984099937599453e-159,0.0,1.8612798209688162e-155
a000_i020,C224,UNRESOLVED_IMAGE,156.0,8.499715614423356e-182,0.0,1.097363164644448e-177
a000_i020,C224,UNRESOLVED_IMAGE,160.0,1.4758640284346086e-205,0.0,1.853556226077424e-201
a000_i020,C224,UNRESOLVED_IMAGE,164.0,7.320736799863642e-231,0.0,8.967839924156028e-227
a000_i020,C224,UNRESOLVED_IMAGE,168.0,1.0373501564664372e-257,0.0,1.2425303471535328e-253
a000_i020,C224,UNRESOLVED_IMAGE,172.0,4.199084891766306e-286,0.0,4.9291870313418165e-282
a000_i020,C224,UNRESOLVED_IMAGE,176.0,4.85556615e-316,0.0,5.597674390906e-312
a000_i020,C224,UNRESOLVED_IMAGE,180.0,0.0,0.0,0.0
a000_i020,C224,UNRESOLVED_IMAGE,184.0,0.0,0.0,0.0
a000_i020,C224,UNRESOLVED_IMAGE,188.0,0.0,0.0,0.0
a000_i020,C224,UNRESOLVED_IMAGE,192.0,0.0,0.0,0.0
a000_i020,C224,UNRESOLVED_IMAGE,196.0,0.0,0.0,0.0
a000_i020,C224,UNRESOLVED_IMAGE,200.0,0.0,0.0,0.0
a000_i020,C224,UNRESOLVED_IMAGE,204.0,0.0,0.0,0.0
a000_i020,C224,UNRESOLVED_IMAGE,208.0,0.0,0.0,0.0
a000_i020,C224,UNRESOLVED_IMAGE,212.0,0.0,0.0,0.0
a000_i020,C224,UNRESOLVED_IMAGE,216.0,0.0,0.0,0.0
a000_i020,C224,UNRESOLVED_IMAGE,220.0,0.0,0.0,0.0
a000_i020,C224,UNRESOLVED_IMAGE,224.0,0.0,0.0,0.0
a000_i020,C224,UNRESOLVED_IMAGE,228.0,0.0,0.0,0.0
a000_i020,C224,UNRESOLVED_IMAGE,232.0,0.0,0.0,0.0
a000_i020,C224,UNRESOLVED_IMAGE,236.0,0.0,0.0,0.0
a000_i020,C224,UNRESOLVED_IMAGE,240.0,0.0,0.0,0.0
a000_i020,C224,UNRESOLVED_IMAGE,244.0,0.0,0.0,0.0
a000_i020,C224,UNRESOLVED_IMAGE,248.0,0.0,0.0,0.0
a000_i020,C224,UNRESOLVED_IMAGE,252.0,0.0,0.0,0.0
a000_i020,C224,EQUALIZED_ORDER_SENSITIVITY,0.0,0.4715846649093847,4.6273397635989195e-05,127.76634532210863
a000_i020,C224,EQUALIZED_ORDER_SENSITIVITY,4.0,0.4716714381264529,4.241006170711753e-05,124.73317974049034
a000_i020,C224,EQUALIZED_ORDER_SENSITIVITY,8.0,0.4738619716625964,1.2520762782880093e-05,123.34534294790886
a000_i020,C224,EQUALIZED_ORDER_SENSITIVITY,12.0,0.5332333135938383,1.4765030182579435e-06,122.11590390708078
a000_i020,C224,EQUALIZED_ORDER_SENSITIVITY,16.0,0.7154628557704067,2.400228833692978e-07,120.16179444356372
a000_i020,C224,EQUALIZED_ORDER_SENSITIVITY,20.0,0.7511781071819639,1.300904967561889e-06,119.1998356881729
a000_i020,C224,EQUALIZED_ORDER_SENSITIVITY,24.0,0.7968424666329844,6.5378449363153265e-06,123.67430545893875
a000_i020,C224,EQUALIZED_ORDER_SENSITIVITY,28.0,0.8475847730826996,2.2445439866928417e-05,136.18807242862357
a000_i020,C224,EQUALIZED_ORDER_SENSITIVITY,32.0,0.9400355373234492,6.336129789922197e-05,145.0920445295529
a000_i020,C224,EQUALIZED_ORDER_SENSITIVITY,36.0,1.0120471178699555,0.00016153441221976856,148.95183855226577
a000_i020,C224,EQUALIZED_ORDER_SENSITIVITY,40.0,0.9948821325564218,0.0002712079723482853,152.49765155357665
a000_i020,C224,EQUALIZED_ORDER_SENSITIVITY,44.0,0.9688711054733596,0.00048782859973518945,156.77914376349833
a000_i020,C224,EQUALIZED_ORDER_SENSITIVITY,48.0,0.8347296113739987,0.0007337477382128745,158.34785616602093
a000_i020,C224,EQUALIZED_ORDER_SENSITIVITY,52.0,0.48511550922697455,0.00045520827882210334,149.32246225978363
a000_i020,C224,EQUALIZED_ORDER_SENSITIVITY,56.0,0.26217727991048684,0.0001499504840942737,130.73280805229902
a000_i020,C224,EQUALIZED_ORDER_SENSITIVITY,60.0,0.15894709901507995,4.3104106277667554e-05,112.6948245072809
a000_i020,C224,EQUALIZED_ORDER_SENSITIVITY,64.0,0.09893743454290546,8.254450200503744e-06,98.47671541381386
a000_i020,C224,EQUALIZED_ORDER_SENSITIVITY,68.0,0.06430097043912611,1.8437307850674162e-06,85.73771574959669
a000_i020,C224,EQUALIZED_ORDER_SENSITIVITY,72.0,0.042856466969947625,3.3704470064118156e-07,75.31503235698106
a000_i020,C224,EQUALIZED_ORDER_SENSITIVITY,76.0,0.032387000768860134,6.211646916924084e-08,65.17788896850355
a000_i020,C224,EQUALIZED_ORDER_SENSITIVITY,80.0,0.024594102560721254,9.25001764524879e-09,55.85137160281282
a000_i020,C224,EQUALIZED_ORDER_SENSITIVITY,84.0,0.01853437578214383,5.61740739198865e-10,48.191805068441965
a000_i020,C224,EQUALIZED_ORDER_SENSITIVITY,88.0,0.01356068746373285,4.4790645205329155e-11,40.046477596571535
a000_i020,C224,EQUALIZED_ORDER_SENSITIVITY,92.0,0.009633370701051544,7.025546847170312e-13,31.19993591386252
a000_i020,C224,EQUALIZED_ORDER_SENSITIVITY,96.0,0.004310174392375505,3.6656076388779065e-15,20.136893721620822
a000_i020,C224,EQUALIZED_ORDER_SENSITIVITY,100.0,0.00040362714918251144,7.773754373001606e-19,5.072863211617898
a000_i020,C224,EQUALIZED_ORDER_SENSITIVITY,104.0,2.326110903949972e-06,0.0,0.05716366281119069
a000_i020,C224,EQUALIZED_ORDER_SENSITIVITY,108.0,4.5478321933173885e-10,0.0,1.0650802769806973e-05
a000_i020,C224,EQUALIZED_ORDER_SENSITIVITY,112.0,2.6328631697250644e-15,0.0,5.7848642007648335e-11
a000_i020,C224,EQUALIZED_ORDER_SENSITIVITY,116.0,4.394084607594834e-22,0.0,9.056664153569264e-18
a000_i020,C224,EQUALIZED_ORDER_SENSITIVITY,120.0,2.1012752470289004e-30,0.0,4.0715412290315785e-26
a000_i020,C224,EQUALIZED_ORDER_SENSITIVITY,124.0,2.874264501765103e-40,0.0,5.25185155285633e-36
a000_i020,C224,EQUALIZED_ORDER_SENSITIVITY,128.0,1.1239206839429348e-51,0.0,1.9432765953188058e-47
a000_i020,C224,EQUALIZED_ORDER_SENSITIVITY,132.0,1.2560063846901183e-64,0.0,2.0624277164068939e-60
a000_i020,C224,EQUALIZED_ORDER_SENSITIVITY,136.0,4.0108063506904014e-79,0.0,6.277684027539328e-75
a000_i020,C224,EQUALIZED_ORDER_SENSITIVITY,140.0,3.6594539929407726e-95,0.0,5.479521915886586e-91
a000_i020,C224,EQUALIZED_ORDER_SENSITIVITY,144.0,9.539374797860633e-113,0.0,1.3713373697523088e-108
a000_i020,C224,EQUALIZED_ORDER_SENSITIVITY,148.0,7.104355573971895e-132,0.0,9.838558089790858e-128
a000_i020,C224,EQUALIZED_ORDER_SENSITIVITY,152.0,1.5115335160297138e-152,0.0,2.023131385107088e-148
a000_i020,C224,EQUALIZED_ORDER_SENSITIVITY,156.0,9.187338294281537e-175,0.0,1.1921668647143395e-170
a000_i020,C224,EQUALIZED_ORDER_SENSITIVITY,160.0,1.5952667730375594e-198,0.0,2.0127133014562052e-194
a000_i020,C224,EQUALIZED_ORDER_SENSITIVITY,164.0,7.913035639122755e-224,0.0,9.733494863264465e-220
a000_i020,C224,EQUALIZED_ORDER_SENSITIVITY,168.0,1.121281935387977e-250,0.0,1.348055973777841e-246
a000_i020,C224,EQUALIZED_ORDER_SENSITIVITY,172.0,4.538841691031565e-279,0.0,5.3457786498540674e-275
a000_i020,C224,EQUALIZED_ORDER_SENSITIVITY,176.0,5.248449596341577e-309,0.0,6.068652065670794e-305
a000_i020,C224,EQUALIZED_ORDER_SENSITIVITY,180.0,0.0,0.0,0.0
a000_i020,C224,EQUALIZED_ORDER_SENSITIVITY,184.0,0.0,0.0,0.0
a000_i020,C224,EQUALIZED_ORDER_SENSITIVITY,188.0,0.0,0.0,0.0
a000_i020,C224,EQUALIZED_ORDER_SENSITIVITY,192.0,0.0,0.0,0.0
a000_i020,C224,EQUALIZED_ORDER_SENSITIVITY,196.0,0.0,0.0,0.0
a000_i020,C224,EQUALIZED_ORDER_SENSITIVITY,200.0,0.0,0.0,0.0
a000_i020,C224,EQUALIZED_ORDER_SENSITIVITY,204.0,0.0,0.0,0.0
a000_i020,C224,EQUALIZED_ORDER_SENSITIVITY,208.0,0.0,0.0,0.0
a000_i020,C224,EQUALIZED_ORDER_SENSITIVITY,212.0,0.0,0.0,0.0
a000_i020,C224,EQUALIZED_ORDER_SENSITIVITY,216.0,0.0,0.0,0.0
a000_i020,C224,EQUALIZED_ORDER_SENSITIVITY,220.0,0.0,0.0,0.0
a000_i020,C224,EQUALIZED_ORDER_SENSITIVITY,224.0,0.0,0.0,0.0
a000_i020,C224,EQUALIZED_ORDER_SENSITIVITY,228.0,0.0,0.0,0.0
a000_i020,C224,EQUALIZED_ORDER_SENSITIVITY,232.0,0.0,0.0,0.0
a000_i020,C224,EQUALIZED_ORDER_SENSITIVITY,236.0,0.0,0.0,0.0
a000_i020,C224,EQUALIZED_ORDER_SENSITIVITY,240.0,0.0,0.0,0.0
a000_i020,C224,EQUALIZED_ORDER_SENSITIVITY,244.0,0.0,0.0,0.0
a000_i020,C224,EQUALIZED_ORDER_SENSITIVITY,248.0,0.0,0.0,0.0
a000_i020,C224,EQUALIZED_ORDER_SENSITIVITY,252.0,0.0,0.0,0.0
a000_i020,C224,PAIRING_DESTROYED,0.0,0.6352231077650842,0.0003178789160399112,162.97261416248523
a000_i020,C224,PAIRING_DESTROYED,4.0,0.5533838320549996,0.0002905315229021312,159.77034402661667
a000_i020,C224,PAIRING_DESTROYED,8.0,0.4230185582373477,0.00024413770938721272,154.25762457134195
a000_i020,C224,PAIRING_DESTROYED,12.0,0.333990484170263,0.00019428207678302224,146.66131832100703
a000_i020,C224,PAIRING_DESTROYED,16.0,0.20260669999309405,0.00011541839911774295,132.23895702956275
a000_i020,C224,PAIRING_DESTROYED,20.0,0.059657059678714194,3.436740800477501e-05,97.97097180873503
a000_i020,C224,PAIRING_DESTROYED,24.0,0.03012427098439215,8.162271105292488e-06,66.59308667208208
a000_i020,C224,PAIRING_DESTROYED,28.0,0.02554261138590445,6.902614963132319e-06,63.67498860457644
a000_i020,C224,PAIRING_DESTROYED,32.0,0.019947361040571748,5.888350336771374e-06,59.78221436134784
a000_i020,C224,PAIRING_DESTROYED,36.0,0.011496172293171797,3.632389628995625e-06,51.328552790164636
a000_i020,C224,PAIRING_DESTROYED,40.0,0.008253506306979585,1.8238792090701196e-06,44.86364195876079
a000_i020,C224,PAIRING_DESTROYED,44.0,0.006462984099922884,1.4513994402577537e-06,40.66148306678051
a000_i020,C224,PAIRING_DESTROYED,48.0,0.005620374819717245,1.3016195482531586e-06,37.451256423826074
a000_i020,C224,PAIRING_DESTROYED,52.0,0.005034824579951307,7.369588823817831e-07,34.84655033496902
a000_i020,C224,PAIRING_DESTROYED,56.0,0.004235066871951835,4.5169106411532664e-07,31.387476492032338
a000_i020,C224,PAIRING_DESTROYED,60.0,0.0033478495300523683,3.4463332441486903e-07,27.00660314014088
a000_i020,C224,PAIRING_DESTROYED,64.0,0.002472592722448169,1.806846349570541e-07,22.49852004482358
a000_i020,C224,PAIRING_DESTROYED,68.0,0.0019315325107869753,1.077740621752393e-07,18.229740084956404
a000_i020,C224,PAIRING_DESTROYED,72.0,0.0009557604389730921,3.1044758152153256e-08,14.395720201989246
a000_i020,C224,PAIRING_DESTROYED,76.0,0.0007834716437417955,1.3318835807641121e-08,9.841993240183134
a000_i020,C224,PAIRING_DESTROYED,80.0,0.0003315906434617516,2.2555858960256122e-09,5.0055823044431
a000_i020,C224,PAIRING_DESTROYED,84.0,9.120176264548611e-05,1.1503452051458894e-10,2.3955051401762155
a000_i020,C224,PAIRING_DESTROYED,88.0,4.65884609194608e-05,1.8953243506818254e-11,1.4518108394727984
a000_i020,C224,PAIRING_DESTROYED,92.0,2.6564222312476383e-05,2.5178047196956626e-13,0.9000876279657088
a000_i020,C224,PAIRING_DESTROYED,96.0,1.8188163188682906e-05,1.618096165159256e-15,0.3527533367601456
a000_i020,C224,PAIRING_DESTROYED,100.0,2.714874191848666e-06,3.1979832075782945e-19,0.03963426386768101
a000_i020,C224,PAIRING_DESTROYED,104.0,1.66010532695778e-08,4.215455319884725e-24,0.00023643649744613525
a000_i020,C224,PAIRING_DESTROYED,108.0,2.997109565481654e-12,1.599105024799843e-31,4.283877656569994e-08
a000_i020,C224,PAIRING_DESTROYED,112.0,1.549803950721e-17,0.0,2.2342204769013857e-13
a000_i020,C224,PAIRING_DESTROYED,116.0,2.2898258285198826e-24,0.0,3.33495692948834e-20
a000_i020,C224,PAIRING_DESTROYED,120.0,9.664937959444565e-33,0.0,1.424011484651283e-28
a000_i020,C224,PAIRING_DESTROYED,124.0,1.1653723317574213e-42,0.0,1.7395012865466965e-38
a000_i020,C224,PAIRING_DESTROYED,128.0,4.014256662886863e-54,0.0,6.079779495040558e-50
a000_i020,C224,PAIRING_DESTROYED,132.0,3.95028781435692e-67,0.0,6.081010186027062e-63
a000_i020,C224,PAIRING_DESTROYED,136.0,1.1105724264572536e-81,0.0,1.7408716775916152e-77
a000_i020,C224,PAIRING_DESTROYED,140.0,8.920215564166825e-98,0.0,1.4267354080382822e-93
a000_i020,C224,PAIRING_DESTROYED,144.0,2.047088458658568e-115,0.0,3.34804849085516e-111
a000_i020,C224,PAIRING_DESTROYED,148.0,1.3423439486326488e-134,0.0,2.2500913267461708e-130
a000_i020,C224,PAIRING_DESTROYED,152.0,2.5154043725361143e-155,0.0,4.331701377017285e-151
a000_i020,C224,PAIRING_DESTROYED,156.0,1.3472574039767367e-177,0.0,2.3892228486591877e-173
a000_i020,C224,PAIRING_DESTROYED,160.0,2.063157313952105e-201,0.0,3.776441809941359e-197
a000_i020,C224,PAIRING_DESTROYED,164.0,9.038814882113361e-227,0.0,1.710888485937521e-222
a000_i020,C224,PAIRING_DESTROYED,168.0,1.1342511355949738e-253,0.0,2.2220448314154372e-249
a000_i020,C224,PAIRING_DESTROYED,172.0,4.087787128386242e-282,0.0,8.274623723674446e-278
a000_i020,C224,PAIRING_DESTROYED,176.0,4.25801323419e-312,0.0,8.836308394741577e-308
a000_i020,C224,PAIRING_DESTROYED,180.0,0.0,0.0,0.0
a000_i020,C224,PAIRING_DESTROYED,184.0,0.0,0.0,0.0
a000_i020,C224,PAIRING_DESTROYED,188.0,0.0,0.0,0.0
a000_i020,C224,PAIRING_DESTROYED,192.0,0.0,0.0,0.0
a000_i020,C224,PAIRING_DESTROYED,196.0,0.0,0.0,0.0
a000_i020,C224,PAIRING_DESTROYED,200.0,0.0,0.0,0.0
a000_i020,C224,PAIRING_DESTROYED,204.0,0.0,0.0,0.0
a000_i020,C224,PAIRING_DESTROYED,208.0,0.0,0.0,0.0
a000_i020,C224,PAIRING_DESTROYED,212.0,0.0,0.0,0.0
a000_i020,C224,PAIRING_DESTROYED,216.0,0.0,0.0,0.0
a000_i020,C224,PAIRING_DESTROYED,220.0,0.0,0.0,0.0
a000_i020,C224,PAIRING_DESTROYED,224.0,0.0,0.0,0.0
a000_i020,C224,PAIRING_DESTROYED,228.0,0.0,0.0,0.0
a000_i020,C224,PAIRING_DESTROYED,232.0,0.0,0.0,0.0
a000_i020,C224,PAIRING_DESTROYED,236.0,0.0,0.0,0.0
a000_i020,C224,PAIRING_DESTROYED,240.0,0.0,0.0,0.0
a000_i020,C224,PAIRING_DESTROYED,244.0,0.0,0.0,0.0
a000_i020,C224,PAIRING_DESTROYED,248.0,0.0,0.0,0.0
a000_i020,C224,PAIRING_DESTROYED,252.0,0.0,0.0,0.0
a000_i020,C448_T,DIRECT_PHYSICAL,0.0,0.47158463263885325,4.626937269590814e-05,127.76589179819402
a000_i020,C448_T,DIRECT_PHYSICAL,4.0,0.47160589801119857,3.921665176212857e-05,124.29497927940143
a000_i020,C448_T,DIRECT_PHYSICAL,8.0,0.466385297318951,1.0427420867717579e-05,115.57905329943164
a000_i020,C448_T,DIRECT_PHYSICAL,12.0,0.4235239214290555,7.44385414289285e-07,100.98344369564833
a000_i020,C448_T,DIRECT_PHYSICAL,16.0,0.2556714821074694,2.0172924733194105e-08,73.26324868062756
a000_i020,C448_T,DIRECT_PHYSICAL,20.0,0.04517164363166297,1.537412345333768e-10,32.51391200665426
a000_i020,C448_T,DIRECT_PHYSICAL,24.0,0.0007418106705725369,1.5002963996458747e-13,4.875143248495894
a000_i020,C448_T,DIRECT_PHYSICAL,28.0,5.379717416915228e-07,1.7886932877235513e-17,0.008937422640900071
a000_i020,C448_T,DIRECT_PHYSICAL,32.0,1.3399900979560596e-11,1.418064023158407e-22,2.1323932975556149e-07
a000_i020,C448_T,DIRECT_PHYSICAL,36.0,1.0500507164001386e-17,3.5891036878546023e-29,1.6114803447223593e-13
a000_i020,C448_T,DIRECT_PHYSICAL,40.0,2.4883462554713825e-25,2.7303480078323603e-37,3.741075595316337e-21
a000_i020,C448_T,DIRECT_PHYSICAL,44.0,3.758815469766623e-33,1.3081408932906372e-46,4.0444885936970613e-29
a000_i020,C448_T,DIRECT_PHYSICAL,48.0,1.289318001091181e-40,2.1532284483129456e-57,1.290842252699697e-36
a000_i020,C448_T,DIRECT_PHYSICAL,52.0,1.2636794097781264e-49,2.4029528180053498e-70,1.2638691205372773e-45
a000_i020,C448_T,DIRECT_PHYSICAL,56.0,3.537984944235413e-60,0.0,3.538054703876084e-56
a000_i020,C448_T,DIRECT_PHYSICAL,60.0,2.829547068418431e-72,0.0,2.829554397107429e-68
a000_i020,C448_T,DIRECT_PHYSICAL,64.0,6.464273306839936e-86,0.0,6.46427550617048e-82
a000_i020,C448_T,DIRECT_PHYSICAL,68.0,4.2185610616582205e-101,0.0,4.218561250195207e-97
a000_i020,C448_T,DIRECT_PHYSICAL,72.0,7.86413230876437e-118,0.0,7.864132354932733e-114
a000_i020,C448_T,DIRECT_PHYSICAL,76.0,4.187734362849007e-136,0.0,4.1877343660784986e-132
a000_i020,C448_T,DIRECT_PHYSICAL,80.0,6.370144468127965e-156,0.0,6.370144468773272e-152
a000_i020,C448_T,DIRECT_PHYSICAL,84.0,2.7679693706281457e-177,0.0,2.767969370664979e-173
a000_i020,C448_T,DIRECT_PHYSICAL,88.0,3.435699094714939e-200,0.0,3.435699094720945e-196
a000_i020,C448_T,DIRECT_PHYSICAL,92.0,1.2181781430429657e-224,0.0,1.2181781430432454e-220
a000_i020,C448_T,DIRECT_PHYSICAL,96.0,1.2338101186165758e-250,0.0,1.233810118616613e-246
a000_i020,C448_T,DIRECT_PHYSICAL,100.0,3.569666917662834e-278,0.0,3.5696669176628486e-274
a000_i020,C448_T,DIRECT_PHYSICAL,104.0,2.95018264096464e-307,0.0,2.9501826409646425e-303
a000_i020,C448_T,DIRECT_PHYSICAL,108.0,0.0,0.0,0.0
a000_i020,C448_T,DIRECT_PHYSICAL,112.0,0.0,0.0,0.0
a000_i020,C448_T,DIRECT_PHYSICAL,116.0,0.0,0.0,0.0
a000_i020,C448_T,DIRECT_PHYSICAL,120.0,0.0,0.0,0.0
a000_i020,C448_T,DIRECT_PHYSICAL,124.0,0.0,0.0,0.0
a000_i020,C448_T,DIRECT_PHYSICAL,128.0,0.0,0.0,0.0
a000_i020,C448_T,DIRECT_PHYSICAL,132.0,0.0,0.0,0.0
a000_i020,C448_T,DIRECT_PHYSICAL,136.0,0.0,0.0,0.0
a000_i020,C448_T,DIRECT_PHYSICAL,140.0,0.0,0.0,0.0
a000_i020,C448_T,DIRECT_PHYSICAL,144.0,0.0,0.0,0.0
a000_i020,C448_T,DIRECT_PHYSICAL,148.0,0.0,0.0,0.0
a000_i020,C448_T,DIRECT_PHYSICAL,152.0,0.0,0.0,0.0
a000_i020,C448_T,DIRECT_PHYSICAL,156.0,0.0,0.0,0.0
a000_i020,C448_T,DIRECT_PHYSICAL,160.0,0.0,0.0,0.0
a000_i020,C448_T,DIRECT_PHYSICAL,164.0,0.0,0.0,0.0
a000_i020,C448_T,DIRECT_PHYSICAL,168.0,0.0,0.0,0.0
a000_i020,C448_T,DIRECT_PHYSICAL,172.0,0.0,0.0,0.0
a000_i020,C448_T,DIRECT_PHYSICAL,176.0,0.0,0.0,0.0
a000_i020,C448_T,DIRECT_PHYSICAL,180.0,0.0,0.0,0.0
a000_i020,C448_T,DIRECT_PHYSICAL,184.0,0.0,0.0,0.0
a000_i020,C448_T,DIRECT_PHYSICAL,188.0,0.0,0.0,0.0
a000_i020,C448_T,DIRECT_PHYSICAL,192.0,0.0,0.0,0.0
a000_i020,C448_T,DIRECT_PHYSICAL,196.0,0.0,0.0,0.0
a000_i020,C448_T,DIRECT_PHYSICAL,200.0,0.0,0.0,0.0
a000_i020,C448_T,DIRECT_PHYSICAL,204.0,0.0,0.0,0.0
a000_i020,C448_T,DIRECT_PHYSICAL,208.0,0.0,0.0,0.0
a000_i020,C448_T,DIRECT_PHYSICAL,212.0,0.0,0.0,0.0
a000_i020,C448_T,DIRECT_PHYSICAL,216.0,0.0,0.0,0.0
a000_i020,C448_T,DIRECT_PHYSICAL,220.0,0.0,0.0,0.0
a000_i020,C448_T,DIRECT_PHYSICAL,224.0,0.0,0.0,0.0
a000_i020,C448_T,DIRECT_PHYSICAL,228.0,0.0,0.0,0.0
a000_i020,C448_T,DIRECT_PHYSICAL,232.0,0.0,0.0,0.0
a000_i020,C448_T,DIRECT_PHYSICAL,236.0,0.0,0.0,0.0
a000_i020,C448_T,DIRECT_PHYSICAL,240.0,0.0,0.0,0.0
a000_i020,C448_T,DIRECT_PHYSICAL,244.0,0.0,0.0,0.0
a000_i020,C448_T,DIRECT_PHYSICAL,248.0,0.0,0.0,0.0
a000_i020,C448_T,DIRECT_PHYSICAL,252.0,0.0,0.0,0.0
a000_i020,C448_T,RESOLVED_PHYSICAL,0.0,0.47158463287980057,4.626940275333491e-05,127.7658951847496
a000_i020,C448_T,RESOLVED_PHYSICAL,4.0,0.47160638639413516,3.9245743107936616e-05,124.29853433194961
a000_i020,C448_T,RESOLVED_PHYSICAL,8.0,0.4664381123771797,1.0476911777930925e-05,115.74707860618996
a000_i020,C448_T,RESOLVED_PHYSICAL,12.0,0.42410683783869263,7.738873789726027e-07,101.80227590997639
a000_i020,C448_T,RESOLVED_PHYSICAL,16.0,0.25731806249071343,3.10757340291317e-08,77.4471960191681
a000_i020,C448_T,RESOLVED_PHYSICAL,20.0,0.04745171061168988,1.1294671323232983e-08,50.48712668615609
a000_i020,C448_T,RESOLVED_PHYSICAL,24.0,0.006054787517150716,3.5157856287425844e-08,36.226100072673454
a000_i020,C448_T,RESOLVED_PHYSICAL,28.0,0.006091672425614284,1.0270879159644895e-07,36.33469661284326
a000_i020,C448_T,RESOLVED_PHYSICAL,32.0,0.005301102820615492,2.685928959079108e-07,36.45144625433682
a000_i020,C448_T,RESOLVED_PHYSICAL,36.0,0.0032113028135883287,5.6115956103316e-07,31.831241163158797
a000_i020,C448_T,RESOLVED_PHYSICAL,40.0,0.0018741172338156283,5.566519573411356e-07,25.881067472561867
a000_i020,C448_T,RESOLVED_PHYSICAL,44.0,0.0012483827286606842,8.019998685730167e-07,21.772575142651295
a000_i020,C448_T,RESOLVED_PHYSICAL,48.0,0.0008576507925917691,8.807020612048339e-07,18.57868043286132
a000_i020,C448_T,RESOLVED_PHYSICAL,52.0,0.0006141676353714806,3.995742805152126e-07,15.302923852690428
a000_i020,C448_T,RESOLVED_PHYSICAL,56.0,0.0004436913465742168,1.0336232299618211e-07,12.205235992542386
a000_i020,C448_T,RESOLVED_PHYSICAL,60.0,0.00030226213850387246,3.106954820403627e-08,9.37606108584713
a000_i020,C448_T,RESOLVED_PHYSICAL,64.0,0.00018496564420725773,4.649109679790097e-09,7.144963617936553
a000_i020,C448_T,RESOLVED_PHYSICAL,68.0,0.00013426506702857516,9.206703148928892e-10,5.205075033512635
a000_i020,C448_T,RESOLVED_PHYSICAL,72.0,9.198197361159479e-05,1.2919172243509725e-10,3.477609098915625
a000_i020,C448_T,RESOLVED_PHYSICAL,76.0,4.4260519672289284e-05,1.593191460553112e-11,1.9683833935644715
a000_i020,C448_T,RESOLVED_PHYSICAL,80.0,2.4637283824842482e-05,2.0402446404304756e-12,0.7204403071157164
a000_i020,C448_T,RESOLVED_PHYSICAL,84.0,8.400506417647921e-06,1.440285683838478e-13,0.2594079624106346
a000_i020,C448_T,RESOLVED_PHYSICAL,88.0,2.5990366364149584e-06,1.3406189570443447e-14,0.13587161737659054
a000_i020,C448_T,RESOLVED_PHYSICAL,92.0,1.8367184088354667e-06,1.3569554733628284e-16,0.07720305429584969
a000_i020,C448_T,RESOLVED_PHYSICAL,96.0,8.217859642461817e-07,6.989317450456289e-19,0.02508146857255466
a000_i020,C448_T,RESOLVED_PHYSICAL,100.0,7.695631215559106e-08,1.4582858637313842e-22,0.00200596238355409
a000_i020,C448_T,RESOLVED_PHYSICAL,104.0,4.435006842217005e-10,3.394282923611093e-27,1.100323677768359e-05
a000_i020,C448_T,RESOLVED_PHYSICAL,108.0,8.670982479970005e-14,0.0,2.030705849110199e-09
a000_i020,C448_T,RESOLVED_PHYSICAL,112.0,5.019866487244219e-19,0.0,1.10295309945825e-14
a000_i020,C448_T,RESOLVED_PHYSICAL,116.0,8.377844438487978e-26,0.0,1.726760638133573e-21
a000_i020,C448_T,RESOLVED_PHYSICAL,120.0,4.006330945841623e-34,0.0,7.762877160525985e-30
a000_i020,C448_T,RESOLVED_PHYSICAL,124.0,5.480126811676662e-44,0.0,1.0013279045153718e-39
a000_i020,C448_T,RESOLVED_PHYSICAL,128.0,2.142888335604198e-55,0.0,3.705087741914659e-51
a000_i020,C448_T,RESOLVED_PHYSICAL,132.0,2.3947254193726625e-68,0.0,3.9322635125910123e-64
a000_i020,C448_T,RESOLVED_PHYSICAL,136.0,7.647078898049785e-83,0.0,1.1969150554316011e-78
a000_i020,C448_T,RESOLVED_PHYSICAL,140.0,6.977183877996092e-99,0.0,1.0447359645564728e-94
a000_i020,C448_T,RESOLVED_PHYSICAL,144.0,1.8187951583539055e-116,0.0,2.614617646781885e-112
a000_i020,C448_T,RESOLVED_PHYSICAL,148.0,1.3545298088154067e-135,0.0,1.8758380080535649e-131
a000_i020,C448_T,RESOLVED_PHYSICAL,152.0,2.881918258690336e-156,0.0,3.857340387518717e-152
a000_i020,C448_T,RESOLVED_PHYSICAL,156.0,1.7516752158166774e-178,0.0,2.273007788706108e-174
a000_i020,C448_T,RESOLVED_PHYSICAL,160.0,3.0415656629135444e-202,0.0,3.837477073092914e-198
a000_i020,C448_T,RESOLVED_PHYSICAL,164.0,1.5087142725062107e-227,0.0,1.8558064554857707e-223
a000_i020,C448_T,RESOLVED_PHYSICAL,168.0,2.1378572479306678e-254,0.0,2.5702288989075717e-250
a000_i020,C448_T,RESOLVED_PHYSICAL,172.0,8.653841019051317e-283,0.0,1.019236221661695e-278
a000_i020,C448_T,RESOLVED_PHYSICAL,176.0,1.000679281077e-312,0.0,1.1570606281562636e-308
a000_i020,C448_T,RESOLVED_PHYSICAL,180.0,0.0,0.0,0.0
a000_i020,C448_T,RESOLVED_PHYSICAL,184.0,0.0,0.0,0.0
a000_i020,C448_T,RESOLVED_PHYSICAL,188.0,0.0,0.0,0.0
a000_i020,C448_T,RESOLVED_PHYSICAL,192.0,0.0,0.0,0.0
a000_i020,C448_T,RESOLVED_PHYSICAL,196.0,0.0,0.0,0.0
a000_i020,C448_T,RESOLVED_PHYSICAL,200.0,0.0,0.0,0.0
a000_i020,C448_T,RESOLVED_PHYSICAL,204.0,0.0,0.0,0.0
a000_i020,C448_T,RESOLVED_PHYSICAL,208.0,0.0,0.0,0.0
a000_i020,C448_T,RESOLVED_PHYSICAL,212.0,0.0,0.0,0.0
a000_i020,C448_T,RESOLVED_PHYSICAL,216.0,0.0,0.0,0.0
a000_i020,C448_T,RESOLVED_PHYSICAL,220.0,0.0,0.0,0.0
a000_i020,C448_T,RESOLVED_PHYSICAL,224.0,0.0,0.0,0.0
a000_i020,C448_T,RESOLVED_PHYSICAL,228.0,0.0,0.0,0.0
a000_i020,C448_T,RESOLVED_PHYSICAL,232.0,0.0,0.0,0.0
a000_i020,C448_T,RESOLVED_PHYSICAL,236.0,0.0,0.0,0.0
a000_i020,C448_T,RESOLVED_PHYSICAL,240.0,0.0,0.0,0.0
a000_i020,C448_T,RESOLVED_PHYSICAL,244.0,0.0,0.0,0.0
a000_i020,C448_T,RESOLVED_PHYSICAL,248.0,0.0,0.0,0.0
a000_i020,C448_T,RESOLVED_PHYSICAL,252.0,0.0,0.0,0.0
a000_i020,C448_T,DELAY_ONLY,0.0,0.4715846329751633,4.6269376246884695e-05,127.76589286118556
a000_i020,C448_T,DELAY_ONLY,4.0,0.4716063903858725,3.922198280149148e-05,124.29619455325539
a000_i020,C448_T,DELAY_ONLY,8.0,0.4664240010944871,1.1043688856607556e-05,115.66415471228943
a000_i020,C448_T,DELAY_ONLY,12.0,0.4238096966321345,2.5017740657564086e-06,101.96990078363811
a000_i020,C448_T,DELAY_ONLY,16.0,0.25628947312044836,1.8608258079184511e-06,79.44714565914119
a000_i020,C448_T,DELAY_ONLY,20.0,0.04607985326955527,1.3261860899150748e-06,53.491442141974744
a000_i020,C448_T,DELAY_ONLY,24.0,0.003009578088812392,1.108422429511389e-06,40.27870106405846
a000_i020,C448_T,DELAY_ONLY,28.0,0.0034465837619975853,1.3187285889156374e-06,41.29233085696587
a000_i020,C448_T,DELAY_ONLY,32.0,0.003697095834543173,1.5211895335739525e-06,42.838433515213985
a000_i020,C448_T,DELAY_ONLY,36.0,0.0037383169959875765,1.4024450444348792e-06,42.15122354584583
a000_i020,C448_T,DELAY_ONLY,40.0,0.003269955577001386,1.0991205042561007e-06,39.488992923729036
a000_i020,C448_T,DELAY_ONLY,44.0,0.0027613178640507902,7.313668084876617e-07,36.51535003963802
a000_i020,C448_T,DELAY_ONLY,48.0,0.002299393850219483,5.237615489955582e-07,34.04508874471281
a000_i020,C448_T,DELAY_ONLY,52.0,0.002103892263659141,4.738556032856359e-07,31.61279541563296
a000_i020,C448_T,DELAY_ONLY,56.0,0.0017658875203779717,4.1804989547193373e-07,28.39756012993523
a000_i020,C448_T,DELAY_ONLY,60.0,0.0014889511963395111,3.118575352750548e-07,24.699128571592613
a000_i020,C448_T,DELAY_ONLY,64.0,0.0011456021897427418,1.6911025734907137e-07,21.176312577939928
a000_i020,C448_T,DELAY_ONLY,68.0,0.00081892205109865,5.844473947655717e-08,16.30855703701889
a000_i020,C448_T,DELAY_ONLY,72.0,0.000730493476164624,2.2270539846707346e-08,11.613267065476474
a000_i020,C448_T,DELAY_ONLY,76.0,0.0005586529905804224,5.068656920774793e-09,7.543974904950094
a000_i020,C448_T,DELAY_ONLY,80.0,0.000137503680200258,1.4857845572475378e-09,3.4259623289980667
a000_i020,C448_T,DELAY_ONLY,84.0,3.673204336560626e-05,3.032872695453069e-10,1.4158460302140654
a000_i020,C448_T,DELAY_ONLY,88.0,3.2761657865558165e-05,3.046055561454042e-11,0.8026337562144689
a000_i020,C448_T,DELAY_ONLY,92.0,2.3619142203301874e-05,2.128997556952007e-12,0.4787718077067496
a000_i020,C448_T,DELAY_ONLY,96.0,3.7450014100264736e-06,8.77153661285113e-15,0.10294667237490321
a000_i020,C448_T,DELAY_ONLY,100.0,3.150466409763583e-07,6.544818995341008e-19,0.004263587984977414
a000_i020,C448_T,DELAY_ONLY,104.0,2.0024735608420795e-09,4.408193652937235e-24,2.1976104850964903e-05
a000_i020,C448_T,DELAY_ONLY,108.0,3.8804998738507055e-13,0.0,4.165226613523233e-09
a000_i020,C448_T,DELAY_ONLY,112.0,2.1776496628201154e-18,0.0,2.3251139394360227e-14
a000_i020,C448_T,DELAY_ONLY,116.0,3.512097792186702e-25,0.0,3.736708519371559e-21
a000_i020,C448_T,DELAY_ONLY,120.0,1.625150454397211e-33,0.0,1.7230765577355078e-29
a000_i020,C448_T,DELAY_ONLY,124.0,2.1563061723680635e-43,0.0,2.2779883027534036e-39
a000_i020,C448_T,DELAY_ONLY,128.0,8.20092631115927e-55,0.0,8.631597475827712e-51
a000_i020,C448_T,DELAY_ONLY,132.0,8.937629364678653e-68,0.0,9.371821136746622e-64
a000_i020,C448_T,DELAY_ONLY,136.0,2.790412581871422e-82,0.0,2.9151280456969376e-78
a000_i020,C448_T,DELAY_ONLY,140.0,2.4950912364604433e-98,0.0,2.59717559143348e-94
a000_i020,C448_T,DELAY_ONLY,144.0,6.38803937092899e-116,0.0,6.626213569971033e-112
a000_i020,C448_T,DELAY_ONLY,148.0,4.68176711930623e-135,0.0,4.840190383832342e-131
a000_i020,C448_T,DELAY_ONLY,152.0,9.820154050695367e-156,0.0,1.0120635875206407e-151
a000_i020,C448_T,DELAY_ONLY,156.0,5.893941251591625e-178,0.0,6.056485782380574e-174
a000_i020,C448_T,DELAY_ONLY,160.0,1.0120281414488357e-201,0.0,1.037109713244513e-197
a000_i020,C448_T,DELAY_ONLY,164.0,4.970570942674247e-227,0.0,5.080986989339463e-223
a000_i020,C448_T,DELAY_ONLY,168.0,6.98202641686338e-254,0.0,7.120722830828278e-250
a000_i020,C448_T,DELAY_ONLY,172.0,2.8045257169857433e-282,0.0,2.854243121269139e-278
a000_i020,C448_T,DELAY_ONLY,176.0,3.220975403703e-312,0.0,3.2718394434943814e-308
a000_i020,C448_T,DELAY_ONLY,180.0,0.0,0.0,0.0
a000_i020,C448_T,DELAY_ONLY,184.0,0.0,0.0,0.0
a000_i020,C448_T,DELAY_ONLY,188.0,0.0,0.0,0.0
a000_i020,C448_T,DELAY_ONLY,192.0,0.0,0.0,0.0
a000_i020,C448_T,DELAY_ONLY,196.0,0.0,0.0,0.0
a000_i020,C448_T,DELAY_ONLY,200.0,0.0,0.0,0.0
a000_i020,C448_T,DELAY_ONLY,204.0,0.0,0.0,0.0
a000_i020,C448_T,DELAY_ONLY,208.0,0.0,0.0,0.0
a000_i020,C448_T,DELAY_ONLY,212.0,0.0,0.0,0.0
a000_i020,C448_T,DELAY_ONLY,216.0,0.0,0.0,0.0
a000_i020,C448_T,DELAY_ONLY,220.0,0.0,0.0,0.0
a000_i020,C448_T,DELAY_ONLY,224.0,0.0,0.0,0.0
a000_i020,C448_T,DELAY_ONLY,228.0,0.0,0.0,0.0
a000_i020,C448_T,DELAY_ONLY,232.0,0.0,0.0,0.0
a000_i020,C448_T,DELAY_ONLY,236.0,0.0,0.0,0.0
a000_i020,C448_T,DELAY_ONLY,240.0,0.0,0.0,0.0
a000_i020,C448_T,DELAY_ONLY,244.0,0.0,0.0,0.0
a000_i020,C448_T,DELAY_ONLY,248.0,0.0,0.0,0.0
a000_i020,C448_T,DELAY_ONLY,252.0,0.0,0.0,0.0
a000_i020,C448_T,SPATIAL_ONLY,0.0,0.4739883790499737,8.637853264185704e-05,129.62128437566534
a000_i020,C448_T,SPATIAL_ONLY,4.0,0.47380840754592646,7.177341895143671e-05,126.10563059923155
a000_i020,C448_T,SPATIAL_ONLY,8.0,0.46815762574547864,3.3770366608522874e-05,117.52343412470013
a000_i020,C448_T,SPATIAL_ONLY,12.0,0.4251008759925826,1.1923260401415362e-05,103.37420061364118
a000_i020,C448_T,SPATIAL_ONLY,16.0,0.2568175681851897,3.650304462472304e-06,77.60565631546001
a000_i020,C448_T,SPATIAL_ONLY,20.0,0.045362292566418626,5.164163791340645e-07,36.721986571649275
a000_i020,C448_T,SPATIAL_ONLY,24.0,0.0007461892129240668,6.876295795762894e-09,5.3256559242765
a000_i020,C448_T,SPATIAL_ONLY,28.0,4.782089201042509e-06,4.0686890511298055e-12,0.07910260648493983
a000_i020,C448_T,SPATIAL_ONLY,32.0,2.01660145409825e-07,9.506349435776305e-17,0.0022974066152505338
a000_i020,C448_T,SPATIAL_ONLY,36.0,2.922605014904245e-10,6.349205905047578e-23,3.1562255853375353e-06
a000_i020,C448_T,SPATIAL_ONLY,40.0,1.2272331056407079e-14,1.1484402579864235e-30,1.315449314779039e-10
a000_i020,C448_T,SPATIAL_ONLY,44.0,1.473890562135863e-20,0.0,1.5782747998230036e-16
a000_i020,C448_T,SPATIAL_ONLY,48.0,5.057025734720545e-28,0.0,5.4144714052714526e-24
a000_i020,C448_T,SPATIAL_ONLY,52.0,4.956462720031981e-37,0.0,5.306709625447422e-33
a000_i020,C448_T,SPATIAL_ONLY,56.0,1.3876849626358386e-47,0.0,1.4857419567513762e-43
a000_i020,C448_T,SPATIAL_ONLY,60.0,1.1098181423869706e-59,0.0,1.1882400809714172e-55
a000_i020,C448_T,SPATIAL_ONLY,64.0,2.5354474092045717e-73,0.0,2.7146070180960185e-69
a000_i020,C448_T,SPATIAL_ONLY,68.0,1.6546236838698229e-88,0.0,1.771542578790629e-84
a000_i020,C448_T,SPATIAL_ONLY,72.0,3.084506631689555e-105,0.0,3.3024638062526104e-101
a000_i020,C448_T,SPATIAL_ONLY,76.0,1.64253269232611e-123,0.0,1.7585972131777235e-119
a000_i020,C448_T,SPATIAL_ONLY,80.0,2.498527756812657e-143,0.0,2.6750785361262624e-139
a000_i020,C448_T,SPATIAL_ONLY,84.0,1.0856658490437236e-164,0.0,1.1623810871257512e-160
a000_i020,C448_T,SPATIAL_ONLY,88.0,1.347565913952276e-187,0.0,1.442787514604835e-183
a000_i020,C448_T,SPATIAL_ONLY,92.0,4.777995096286456e-212,0.0,5.115617424268853e-208
a000_i020,C448_T,SPATIAL_ONLY,96.0,4.839307559543596e-238,0.0,5.181262344165643e-234
a000_i020,C448_T,SPATIAL_ONLY,100.0,1.4001113979408697e-265,0.0,1.4990459636073044e-261
a000_i020,C448_T,SPATIAL_ONLY,104.0,1.1571343872963669e-294,0.0,1.2388997298207029e-290
a000_i020,C448_T,SPATIAL_ONLY,108.0,0.0,0.0,0.0
a000_i020,C448_T,SPATIAL_ONLY,112.0,0.0,0.0,0.0
a000_i020,C448_T,SPATIAL_ONLY,116.0,0.0,0.0,0.0
a000_i020,C448_T,SPATIAL_ONLY,120.0,0.0,0.0,0.0
a000_i020,C448_T,SPATIAL_ONLY,124.0,0.0,0.0,0.0
a000_i020,C448_T,SPATIAL_ONLY,128.0,0.0,0.0,0.0
a000_i020,C448_T,SPATIAL_ONLY,132.0,0.0,0.0,0.0
a000_i020,C448_T,SPATIAL_ONLY,136.0,0.0,0.0,0.0
a000_i020,C448_T,SPATIAL_ONLY,140.0,0.0,0.0,0.0
a000_i020,C448_T,SPATIAL_ONLY,144.0,0.0,0.0,0.0
a000_i020,C448_T,SPATIAL_ONLY,148.0,0.0,0.0,0.0
a000_i020,C448_T,SPATIAL_ONLY,152.0,0.0,0.0,0.0
a000_i020,C448_T,SPATIAL_ONLY,156.0,0.0,0.0,0.0
a000_i020,C448_T,SPATIAL_ONLY,160.0,0.0,0.0,0.0
a000_i020,C448_T,SPATIAL_ONLY,164.0,0.0,0.0,0.0
a000_i020,C448_T,SPATIAL_ONLY,168.0,0.0,0.0,0.0
a000_i020,C448_T,SPATIAL_ONLY,172.0,0.0,0.0,0.0
a000_i020,C448_T,SPATIAL_ONLY,176.0,0.0,0.0,0.0
a000_i020,C448_T,SPATIAL_ONLY,180.0,0.0,0.0,0.0
a000_i020,C448_T,SPATIAL_ONLY,184.0,0.0,0.0,0.0
a000_i020,C448_T,SPATIAL_ONLY,188.0,0.0,0.0,0.0
a000_i020,C448_T,SPATIAL_ONLY,192.0,0.0,0.0,0.0
a000_i020,C448_T,SPATIAL_ONLY,196.0,0.0,0.0,0.0
a000_i020,C448_T,SPATIAL_ONLY,200.0,0.0,0.0,0.0
a000_i020,C448_T,SPATIAL_ONLY,204.0,0.0,0.0,0.0
a000_i020,C448_T,SPATIAL_ONLY,208.0,0.0,0.0,0.0
a000_i020,C448_T,SPATIAL_ONLY,212.0,0.0,0.0,0.0
a000_i020,C448_T,SPATIAL_ONLY,216.0,0.0,0.0,0.0
a000_i020,C448_T,SPATIAL_ONLY,220.0,0.0,0.0,0.0
a000_i020,C448_T,SPATIAL_ONLY,224.0,0.0,0.0,0.0
a000_i020,C448_T,SPATIAL_ONLY,228.0,0.0,0.0,0.0
a000_i020,C448_T,SPATIAL_ONLY,232.0,0.0,0.0,0.0
a000_i020,C448_T,SPATIAL_ONLY,236.0,0.0,0.0,0.0
a000_i020,C448_T,SPATIAL_ONLY,240.0,0.0,0.0,0.0
a000_i020,C448_T,SPATIAL_ONLY,244.0,0.0,0.0,0.0
a000_i020,C448_T,SPATIAL_ONLY,248.0,0.0,0.0,0.0
a000_i020,C448_T,SPATIAL_ONLY,252.0,0.0,0.0,0.0
a000_i020,C448_T,UNRESOLVED_IMAGE,0.0,0.4644768565223554,4.557916948753396e-05,127.39331493120959
a000_i020,C448_T,UNRESOLVED_IMAGE,4.0,0.46447914625315084,3.86312060822324e-05,123.92864226145781
a000_i020,C448_T,UNRESOLVED_IMAGE,8.0,0.45930965464253515,1.0271377742713032e-05,115.2328256998391
a000_i020,C448_T,UNRESOLVED_IMAGE,12.0,0.4170736169417235,7.33463696230541e-07,100.67360050446236
a000_i020,C448_T,UNRESOLVED_IMAGE,16.0,0.2518157615226014,2.0174779998976913e-08,73.08944911557575
a000_i020,C448_T,UNRESOLVED_IMAGE,20.0,0.04452647377705127,4.891708601111325e-10,33.4659657425072
a000_i020,C448_T,UNRESOLVED_IMAGE,24.0,0.000772477960753493,5.543875982963278e-10,7.568728942038309
a000_i020,C448_T,UNRESOLVED_IMAGE,28.0,0.00010497798012749,1.5437691751941144e-09,3.474706123122129
a000_i020,C448_T,UNRESOLVED_IMAGE,32.0,9.194115761303582e-05,3.851165197463494e-09,3.302377277697691
a000_i020,C448_T,UNRESOLVED_IMAGE,36.0,5.760851601019925e-05,5.920508723299273e-09,2.4340869039531654
a000_i020,C448_T,UNRESOLVED_IMAGE,40.0,3.252997819879923e-05,4.038124960145825e-09,1.528278375382512
a000_i020,C448_T,UNRESOLVED_IMAGE,44.0,2.1198146958052535e-05,3.1718927967668475e-09,0.9524678017119514
a000_i020,C448_T,UNRESOLVED_IMAGE,48.0,1.4908076658793212e-05,2.5672766931161554e-09,0.6183310328000526
a000_i020,C448_T,UNRESOLVED_IMAGE,52.0,1.119425172294924e-05,1.1591576206041133e-09,0.4455139342858594
a000_i020,C448_T,UNRESOLVED_IMAGE,56.0,8.763404518166499e-06,2.99173751529911e-10,0.32884099027806146
a000_i020,C448_T,UNRESOLVED_IMAGE,60.0,6.769761968138947e-06,7.104519766776626e-11,0.23413759998587957
a000_i020,C448_T,UNRESOLVED_IMAGE,64.0,3.7118850915015682e-06,1.2701617333833532e-11,0.1587977885319718
a000_i020,C448_T,UNRESOLVED_IMAGE,68.0,1.866603065406225e-06,2.4143657741721585e-12,0.09821346532613334
a000_i020,C448_T,UNRESOLVED_IMAGE,72.0,1.3026008251778576e-06,2.31470051231271e-13,0.05752493445763118
a000_i020,C448_T,UNRESOLVED_IMAGE,76.0,6.138258323073929e-07,1.5026933608164382e-14,0.02754298184315951
a000_i020,C448_T,UNRESOLVED_IMAGE,80.0,2.869044501795986e-07,1.3293736006155658e-15,0.0070547274077121126
a000_i020,C448_T,UNRESOLVED_IMAGE,84.0,7.304708173383584e-08,9.455735834681579e-17,0.001003855224971021
a000_i020,C448_T,UNRESOLVED_IMAGE,88.0,1.914573242177375e-09,1.1096831698178378e-17,7.840987273097385e-05
a000_i020,C448_T,UNRESOLVED_IMAGE,92.0,9.213688245576007e-10,8.317816601848028e-20,3.844491086689795e-05
a000_i020,C448_T,UNRESOLVED_IMAGE,96.0,4.0617250580413303e-10,3.29214469760697e-22,1.2328745168810764e-05
a000_i020,C448_T,UNRESOLVED_IMAGE,100.0,3.745232609844446e-11,7.141430948140594e-26,9.636241535627298e-07
a000_i020,C448_T,UNRESOLVED_IMAGE,104.0,2.154020638081064e-13,0.0,5.26879804728449e-09
a000_i020,C448_T,UNRESOLVED_IMAGE,108.0,4.209970324305816e-17,0.0,9.727861566255985e-13
a000_i020,C448_T,UNRESOLVED_IMAGE,112.0,2.436740107226256e-22,0.0,5.287168740822963e-18
a000_i020,C448_T,UNRESOLVED_IMAGE,116.0,4.0662308144862274e-29,0.0,8.28333029840915e-25
a000_i020,C448_T,UNRESOLVED_IMAGE,120.0,1.944335174799372e-37,0.0,3.7265251983058175e-33
a000_i020,C448_T,UNRESOLVED_IMAGE,124.0,2.6594524740426086e-47,0.0,4.810222135756774e-43
a000_i020,C448_T,UNRESOLVED_IMAGE,128.0,1.0398867255843762e-58,0.0,1.7811120627643022e-54
a000_i020,C448_T,UNRESOLVED_IMAGE,132.0,1.1620684881778095e-71,0.0,1.891617709331179e-67
a000_i020,C448_T,UNRESOLVED_IMAGE,136.0,3.710770033016579e-86,0.0,5.761611253999978e-82
a000_i020,C448_T,UNRESOLVED_IMAGE,140.0,3.385657896640867e-102,0.0,5.0323044961291e-98
a000_i020,C448_T,UNRESOLVED_IMAGE,144.0,8.825564179493692e-120,0.0,1.260191356499052e-115
a000_i020,C448_T,UNRESOLVED_IMAGE,148.0,6.57270278393925e-139,0.0,9.046454957778439e-135
a000_i020,C448_T,UNRESOLVED_IMAGE,152.0,1.3984099937599453e-159,0.0,1.8612798209688162e-155
a000_i020,C448_T,UNRESOLVED_IMAGE,156.0,8.499715614423356e-182,0.0,1.097363164644448e-177
a000_i020,C448_T,UNRESOLVED_IMAGE,160.0,1.4758640284346086e-205,0.0,1.853556226077424e-201
a000_i020,C448_T,UNRESOLVED_IMAGE,164.0,7.320736799863642e-231,0.0,8.967839924156028e-227
a000_i020,C448_T,UNRESOLVED_IMAGE,168.0,1.0373501564664372e-257,0.0,1.2425303471535328e-253
a000_i020,C448_T,UNRESOLVED_IMAGE,172.0,4.199084891766306e-286,0.0,4.9291870313418165e-282
a000_i020,C448_T,UNRESOLVED_IMAGE,176.0,4.85556615e-316,0.0,5.597674390906e-312
a000_i020,C448_T,UNRESOLVED_IMAGE,180.0,0.0,0.0,0.0
a000_i020,C448_T,UNRESOLVED_IMAGE,184.0,0.0,0.0,0.0
a000_i020,C448_T,UNRESOLVED_IMAGE,188.0,0.0,0.0,0.0
a000_i020,C448_T,UNRESOLVED_IMAGE,192.0,0.0,0.0,0.0
a000_i020,C448_T,UNRESOLVED_IMAGE,196.0,0.0,0.0,0.0
a000_i020,C448_T,UNRESOLVED_IMAGE,200.0,0.0,0.0,0.0
a000_i020,C448_T,UNRESOLVED_IMAGE,204.0,0.0,0.0,0.0
a000_i020,C448_T,UNRESOLVED_IMAGE,208.0,0.0,0.0,0.0
a000_i020,C448_T,UNRESOLVED_IMAGE,212.0,0.0,0.0,0.0
a000_i020,C448_T,UNRESOLVED_IMAGE,216.0,0.0,0.0,0.0
a000_i020,C448_T,UNRESOLVED_IMAGE,220.0,0.0,0.0,0.0
a000_i020,C448_T,UNRESOLVED_IMAGE,224.0,0.0,0.0,0.0
a000_i020,C448_T,UNRESOLVED_IMAGE,228.0,0.0,0.0,0.0
a000_i020,C448_T,UNRESOLVED_IMAGE,232.0,0.0,0.0,0.0
a000_i020,C448_T,UNRESOLVED_IMAGE,236.0,0.0,0.0,0.0
a000_i020,C448_T,UNRESOLVED_IMAGE,240.0,0.0,0.0,0.0
a000_i020,C448_T,UNRESOLVED_IMAGE,244.0,0.0,0.0,0.0
a000_i020,C448_T,UNRESOLVED_IMAGE,248.0,0.0,0.0,0.0
a000_i020,C448_T,UNRESOLVED_IMAGE,252.0,0.0,0.0,0.0
a000_i020,C448_T,EQUALIZED_ORDER_SENSITIVITY,0.0,0.4715846649093847,4.6273397635989195e-05,127.76634532210863
a000_i020,C448_T,EQUALIZED_ORDER_SENSITIVITY,4.0,0.4716714381264529,4.241006170711753e-05,124.73317974049034
a000_i020,C448_T,EQUALIZED_ORDER_SENSITIVITY,8.0,0.4738619716625964,1.2520762782880093e-05,123.34534294790886
a000_i020,C448_T,EQUALIZED_ORDER_SENSITIVITY,12.0,0.5332333135938383,1.4765030182579435e-06,122.11590390708078
a000_i020,C448_T,EQUALIZED_ORDER_SENSITIVITY,16.0,0.7154628557704067,2.400228833692978e-07,120.16179444356372
a000_i020,C448_T,EQUALIZED_ORDER_SENSITIVITY,20.0,0.7511781071819639,1.300904967561889e-06,119.1998356881729
a000_i020,C448_T,EQUALIZED_ORDER_SENSITIVITY,24.0,0.7968424666329844,6.5378449363153265e-06,123.67430545893875
a000_i020,C448_T,EQUALIZED_ORDER_SENSITIVITY,28.0,0.8475847730826996,2.2445439866928417e-05,136.18807242862357
a000_i020,C448_T,EQUALIZED_ORDER_SENSITIVITY,32.0,0.9400355373234492,6.336129789922197e-05,145.0920445295529
a000_i020,C448_T,EQUALIZED_ORDER_SENSITIVITY,36.0,1.0120471178699555,0.00016153441221976856,148.95183855226577
a000_i020,C448_T,EQUALIZED_ORDER_SENSITIVITY,40.0,0.9948821325564218,0.0002712079723482853,152.49765155357665
a000_i020,C448_T,EQUALIZED_ORDER_SENSITIVITY,44.0,0.9688711054733596,0.00048782859973518945,156.77914376349833
a000_i020,C448_T,EQUALIZED_ORDER_SENSITIVITY,48.0,0.8347296113739987,0.0007337477382128745,158.34785616602093
a000_i020,C448_T,EQUALIZED_ORDER_SENSITIVITY,52.0,0.48511550922697455,0.00045520827882210334,149.32246225978363
a000_i020,C448_T,EQUALIZED_ORDER_SENSITIVITY,56.0,0.26217727991048684,0.0001499504840942737,130.73280805229902
a000_i020,C448_T,EQUALIZED_ORDER_SENSITIVITY,60.0,0.15894709901507995,4.3104106277667554e-05,112.6948245072809
a000_i020,C448_T,EQUALIZED_ORDER_SENSITIVITY,64.0,0.09893743454290546,8.254450200503744e-06,98.47671541381386
a000_i020,C448_T,EQUALIZED_ORDER_SENSITIVITY,68.0,0.06430097043912611,1.8437307850674162e-06,85.73771574959669
a000_i020,C448_T,EQUALIZED_ORDER_SENSITIVITY,72.0,0.042856466969947625,3.3704470064118156e-07,75.31503235698106
a000_i020,C448_T,EQUALIZED_ORDER_SENSITIVITY,76.0,0.032387000768860134,6.211646916924084e-08,65.17788896850355
a000_i020,C448_T,EQUALIZED_ORDER_SENSITIVITY,80.0,0.024594102560721254,9.25001764524879e-09,55.85137160281282
a000_i020,C448_T,EQUALIZED_ORDER_SENSITIVITY,84.0,0.01853437578214383,5.61740739198865e-10,48.191805068441965
a000_i020,C448_T,EQUALIZED_ORDER_SENSITIVITY,88.0,0.01356068746373285,4.4790645205329155e-11,40.046477596571535
a000_i020,C448_T,EQUALIZED_ORDER_SENSITIVITY,92.0,0.009633370701051544,7.025546847170312e-13,31.19993591386252
a000_i020,C448_T,EQUALIZED_ORDER_SENSITIVITY,96.0,0.004310174392375505,3.6656076388779065e-15,20.136893721620822
a000_i020,C448_T,EQUALIZED_ORDER_SENSITIVITY,100.0,0.00040362714918251144,7.773754373001606e-19,5.072863211617898
a000_i020,C448_T,EQUALIZED_ORDER_SENSITIVITY,104.0,2.326110903949972e-06,0.0,0.05716366281119069
a000_i020,C448_T,EQUALIZED_ORDER_SENSITIVITY,108.0,4.5478321933173885e-10,0.0,1.0650802769806973e-05
a000_i020,C448_T,EQUALIZED_ORDER_SENSITIVITY,112.0,2.6328631697250644e-15,0.0,5.7848642007648335e-11
a000_i020,C448_T,EQUALIZED_ORDER_SENSITIVITY,116.0,4.394084607594834e-22,0.0,9.056664153569264e-18
a000_i020,C448_T,EQUALIZED_ORDER_SENSITIVITY,120.0,2.1012752470289004e-30,0.0,4.0715412290315785e-26
a000_i020,C448_T,EQUALIZED_ORDER_SENSITIVITY,124.0,2.874264501765103e-40,0.0,5.25185155285633e-36
a000_i020,C448_T,EQUALIZED_ORDER_SENSITIVITY,128.0,1.1239206839429348e-51,0.0,1.9432765953188058e-47
a000_i020,C448_T,EQUALIZED_ORDER_SENSITIVITY,132.0,1.2560063846901183e-64,0.0,2.0624277164068939e-60
a000_i020,C448_T,EQUALIZED_ORDER_SENSITIVITY,136.0,4.0108063506904014e-79,0.0,6.277684027539328e-75
a000_i020,C448_T,EQUALIZED_ORDER_SENSITIVITY,140.0,3.6594539929407726e-95,0.0,5.479521915886586e-91
a000_i020,C448_T,EQUALIZED_ORDER_SENSITIVITY,144.0,9.539374797860633e-113,0.0,1.3713373697523088e-108
a000_i020,C448_T,EQUALIZED_ORDER_SENSITIVITY,148.0,7.104355573971895e-132,0.0,9.838558089790858e-128
a000_i020,C448_T,EQUALIZED_ORDER_SENSITIVITY,152.0,1.5115335160297138e-152,0.0,2.023131385107088e-148
a000_i020,C448_T,EQUALIZED_ORDER_SENSITIVITY,156.0,9.187338294281537e-175,0.0,1.1921668647143395e-170
a000_i020,C448_T,EQUALIZED_ORDER_SENSITIVITY,160.0,1.5952667730375594e-198,0.0,2.0127133014562052e-194
a000_i020,C448_T,EQUALIZED_ORDER_SENSITIVITY,164.0,7.913035639122755e-224,0.0,9.733494863264465e-220
a000_i020,C448_T,EQUALIZED_ORDER_SENSITIVITY,168.0,1.121281935387977e-250,0.0,1.348055973777841e-246
a000_i020,C448_T,EQUALIZED_ORDER_SENSITIVITY,172.0,4.538841691031565e-279,0.0,5.3457786498540674e-275
a000_i020,C448_T,EQUALIZED_ORDER_SENSITIVITY,176.0,5.248449596341577e-309,0.0,6.068652065670794e-305
a000_i020,C448_T,EQUALIZED_ORDER_SENSITIVITY,180.0,0.0,0.0,0.0
a000_i020,C448_T,EQUALIZED_ORDER_SENSITIVITY,184.0,0.0,0.0,0.0
a000_i020,C448_T,EQUALIZED_ORDER_SENSITIVITY,188.0,0.0,0.0,0.0
a000_i020,C448_T,EQUALIZED_ORDER_SENSITIVITY,192.0,0.0,0.0,0.0
a000_i020,C448_T,EQUALIZED_ORDER_SENSITIVITY,196.0,0.0,0.0,0.0
a000_i020,C448_T,EQUALIZED_ORDER_SENSITIVITY,200.0,0.0,0.0,0.0
a000_i020,C448_T,EQUALIZED_ORDER_SENSITIVITY,204.0,0.0,0.0,0.0
a000_i020,C448_T,EQUALIZED_ORDER_SENSITIVITY,208.0,0.0,0.0,0.0
a000_i020,C448_T,EQUALIZED_ORDER_SENSITIVITY,212.0,0.0,0.0,0.0
a000_i020,C448_T,EQUALIZED_ORDER_SENSITIVITY,216.0,0.0,0.0,0.0
a000_i020,C448_T,EQUALIZED_ORDER_SENSITIVITY,220.0,0.0,0.0,0.0
a000_i020,C448_T,EQUALIZED_ORDER_SENSITIVITY,224.0,0.0,0.0,0.0
a000_i020,C448_T,EQUALIZED_ORDER_SENSITIVITY,228.0,0.0,0.0,0.0
a000_i020,C448_T,EQUALIZED_ORDER_SENSITIVITY,232.0,0.0,0.0,0.0
a000_i020,C448_T,EQUALIZED_ORDER_SENSITIVITY,236.0,0.0,0.0,0.0
a000_i020,C448_T,EQUALIZED_ORDER_SENSITIVITY,240.0,0.0,0.0,0.0
a000_i020,C448_T,EQUALIZED_ORDER_SENSITIVITY,244.0,0.0,0.0,0.0
a000_i020,C448_T,EQUALIZED_ORDER_SENSITIVITY,248.0,0.0,0.0,0.0
a000_i020,C448_T,EQUALIZED_ORDER_SENSITIVITY,252.0,0.0,0.0,0.0
a000_i020,C448_T,PAIRING_DESTROYED,0.0,0.6352231077650842,0.0003178789160399112,162.97261416248523
a000_i020,C448_T,PAIRING_DESTROYED,4.0,0.5533838320549996,0.0002905315229021312,159.77034402661667
a000_i020,C448_T,PAIRING_DESTROYED,8.0,0.4230185582373477,0.00024413770938721272,154.25762457134195
a000_i020,C448_T,PAIRING_DESTROYED,12.0,0.333990484170263,0.00019428207678302224,146.66131832100703
a000_i020,C448_T,PAIRING_DESTROYED,16.0,0.20260669999309405,0.00011541839911774295,132.23895702956275
a000_i020,C448_T,PAIRING_DESTROYED,20.0,0.059657059678714194,3.436740800477501e-05,97.97097180873503
a000_i020,C448_T,PAIRING_DESTROYED,24.0,0.03012427098439215,8.162271105292488e-06,66.59308667208208
a000_i020,C448_T,PAIRING_DESTROYED,28.0,0.02554261138590445,6.902614963132319e-06,63.67498860457644
a000_i020,C448_T,PAIRING_DESTROYED,32.0,0.019947361040571748,5.888350336771374e-06,59.78221436134784
a000_i020,C448_T,PAIRING_DESTROYED,36.0,0.011496172293171797,3.632389628995625e-06,51.328552790164636
a000_i020,C448_T,PAIRING_DESTROYED,40.0,0.008253506306979585,1.8238792090701196e-06,44.86364195876079
a000_i020,C448_T,PAIRING_DESTROYED,44.0,0.006462984099922884,1.4513994402577537e-06,40.66148306678051
a000_i020,C448_T,PAIRING_DESTROYED,48.0,0.005620374819717245,1.3016195482531586e-06,37.451256423826074
a000_i020,C448_T,PAIRING_DESTROYED,52.0,0.005034824579951307,7.369588823817831e-07,34.84655033496902
a000_i020,C448_T,PAIRING_DESTROYED,56.0,0.004235066871951835,4.5169106411532664e-07,31.387476492032338
a000_i020,C448_T,PAIRING_DESTROYED,60.0,0.0033478495300523683,3.4463332441486903e-07,27.00660314014088
a000_i020,C448_T,PAIRING_DESTROYED,64.0,0.002472592722448169,1.806846349570541e-07,22.49852004482358
a000_i020,C448_T,PAIRING_DESTROYED,68.0,0.0019315325107869753,1.077740621752393e-07,18.229740084956404
a000_i020,C448_T,PAIRING_DESTROYED,72.0,0.0009557604389730921,3.1044758152153256e-08,14.395720201989246
a000_i020,C448_T,PAIRING_DESTROYED,76.0,0.0007834716437417955,1.3318835807641121e-08,9.841993240183134
a000_i020,C448_T,PAIRING_DESTROYED,80.0,0.0003315906434617516,2.2555858960256122e-09,5.0055823044431
a000_i020,C448_T,PAIRING_DESTROYED,84.0,9.120176264548611e-05,1.1503452051458894e-10,2.3955051401762155
a000_i020,C448_T,PAIRING_DESTROYED,88.0,4.65884609194608e-05,1.8953243506818254e-11,1.4518108394727984
a000_i020,C448_T,PAIRING_DESTROYED,92.0,2.6564222312476383e-05,2.5178047196956626e-13,0.9000876279657088
a000_i020,C448_T,PAIRING_DESTROYED,96.0,1.8188163188682906e-05,1.618096165159256e-15,0.3527533367601456
a000_i020,C448_T,PAIRING_DESTROYED,100.0,2.714874191848666e-06,3.1979832075782945e-19,0.03963426386768101
a000_i020,C448_T,PAIRING_DESTROYED,104.0,1.66010532695778e-08,4.215455319884725e-24,0.00023643649744613525
a000_i020,C448_T,PAIRING_DESTROYED,108.0,2.997109565481654e-12,1.599105024799843e-31,4.283877656569994e-08
a000_i020,C448_T,PAIRING_DESTROYED,112.0,1.549803950721e-17,0.0,2.2342204769013857e-13
a000_i020,C448_T,PAIRING_DESTROYED,116.0,2.2898258285198826e-24,0.0,3.33495692948834e-20
a000_i020,C448_T,PAIRING_DESTROYED,120.0,9.664937959444565e-33,0.0,1.424011484651283e-28
a000_i020,C448_T,PAIRING_DESTROYED,124.0,1.1653723317574213e-42,0.0,1.7395012865466965e-38
a000_i020,C448_T,PAIRING_DESTROYED,128.0,4.014256662886863e-54,0.0,6.079779495040558e-50
a000_i020,C448_T,PAIRING_DESTROYED,132.0,3.95028781435692e-67,0.0,6.081010186027062e-63
a000_i020,C448_T,PAIRING_DESTROYED,136.0,1.1105724264572536e-81,0.0,1.7408716775916152e-77
a000_i020,C448_T,PAIRING_DESTROYED,140.0,8.920215564166825e-98,0.0,1.4267354080382822e-93
a000_i020,C448_T,PAIRING_DESTROYED,144.0,2.047088458658568e-115,0.0,3.34804849085516e-111
a000_i020,C448_T,PAIRING_DESTROYED,148.0,1.3423439486326488e-134,0.0,2.2500913267461708e-130
a000_i020,C448_T,PAIRING_DESTROYED,152.0,2.5154043725361143e-155,0.0,4.331701377017285e-151
a000_i020,C448_T,PAIRING_DESTROYED,156.0,1.3472574039767367e-177,0.0,2.3892228486591877e-173
a000_i020,C448_T,PAIRING_DESTROYED,160.0,2.063157313952105e-201,0.0,3.776441809941359e-197
a000_i020,C448_T,PAIRING_DESTROYED,164.0,9.038814882113361e-227,0.0,1.710888485937521e-222
a000_i020,C448_T,PAIRING_DESTROYED,168.0,1.1342511355949738e-253,0.0,2.2220448314154372e-249
a000_i020,C448_T,PAIRING_DESTROYED,172.0,4.087787128386242e-282,0.0,8.274623723674446e-278
a000_i020,C448_T,PAIRING_DESTROYED,176.0,4.25801323419e-312,0.0,8.836308394741577e-308
a000_i020,C448_T,PAIRING_DESTROYED,180.0,0.0,0.0,0.0
a000_i020,C448_T,PAIRING_DESTROYED,184.0,0.0,0.0,0.0
a000_i020,C448_T,PAIRING_DESTROYED,188.0,0.0,0.0,0.0
a000_i020,C448_T,PAIRING_DESTROYED,192.0,0.0,0.0,0.0
a000_i020,C448_T,PAIRING_DESTROYED,196.0,0.0,0.0,0.0
a000_i020,C448_T,PAIRING_DESTROYED,200.0,0.0,0.0,0.0
a000_i020,C448_T,PAIRING_DESTROYED,204.0,0.0,0.0,0.0
a000_i020,C448_T,PAIRING_DESTROYED,208.0,0.0,0.0,0.0
a000_i020,C448_T,PAIRING_DESTROYED,212.0,0.0,0.0,0.0
a000_i020,C448_T,PAIRING_DESTROYED,216.0,0.0,0.0,0.0
a000_i020,C448_T,PAIRING_DESTROYED,220.0,0.0,0.0,0.0
a000_i020,C448_T,PAIRING_DESTROYED,224.0,0.0,0.0,0.0
a000_i020,C448_T,PAIRING_DESTROYED,228.0,0.0,0.0,0.0
a000_i020,C448_T,PAIRING_DESTROYED,232.0,0.0,0.0,0.0
a000_i020,C448_T,PAIRING_DESTROYED,236.0,0.0,0.0,0.0
a000_i020,C448_T,PAIRING_DESTROYED,240.0,0.0,0.0,0.0
a000_i020,C448_T,PAIRING_DESTROYED,244.0,0.0,0.0,0.0
a000_i020,C448_T,PAIRING_DESTROYED,248.0,0.0,0.0,0.0
a000_i020,C448_T,PAIRING_DESTROYED,252.0,0.0,0.0,0.0
a000_i020,C528_S,DIRECT_PHYSICAL,0.0,0.48483663957376527,6.508539115770431e-06,266.61963602279525
a000_i020,C528_S,DIRECT_PHYSICAL,4.0,0.48372503782291115,5.425438574950454e-06,260.0928268666309
a000_i020,C528_S,DIRECT_PHYSICAL,8.0,0.48211951765317124,4.1769456996963984e-07,241.9799260590619
a000_i020,C528_S,DIRECT_PHYSICAL,12.0,0.4569066515904333,2.2713967615747144e-09,209.78134589405525
a000_i020,C528_S,DIRECT_PHYSICAL,16.0,0.2887070016693839,5.9123777319843954e-12,148.4342794153324
a000_i020,C528_S,DIRECT_PHYSICAL,20.0,0.05331818507958517,7.361104694624853e-15,61.454890636787894
a000_i020,C528_S,DIRECT_PHYSICAL,24.0,0.0009041947337582407,2.9287757949416134e-18,8.190621253602863
a000_i020,C528_S,DIRECT_PHYSICAL,28.0,6.667282518127316e-07,1.4976875166325147e-22,0.016342569791497175
a000_i020,C528_S,DIRECT_PHYSICAL,32.0,1.6880304484372635e-11,7.457045656133894e-28,3.908983347529381e-07
a000_i020,C528_S,DIRECT_PHYSICAL,36.0,1.3443675821405378e-17,1.428657139629299e-35,2.955692550452809e-13
a000_i020,C528_S,DIRECT_PHYSICAL,40.0,3.2327598799841145e-25,1.5571263337145612e-42,7.164560616635399e-21
a000_i020,C528_S,DIRECT_PHYSICAL,44.0,4.1201526759848756e-32,2.0450774972072492e-52,4.2006545637569665e-28
a000_i020,C528_S,DIRECT_PHYSICAL,48.0,1.413251490171023e-39,0.0,1.4147907081155182e-35
a000_i020,C528_S,DIRECT_PHYSICAL,52.0,1.385096424777146e-48,0.0,1.3852934008299653e-44
a000_i020,C528_S,DIRECT_PHYSICAL,56.0,3.8779029019591386e-59,0.0,3.877975342891037e-55
a000_i020,C528_S,DIRECT_PHYSICAL,60.0,3.1013986294162147e-71,0.0,3.101406239801234e-67
a000_i020,C528_S,DIRECT_PHYSICAL,64.0,7.085334217031021e-85,0.0,7.085336500898395e-81
a000_i020,C528_S,DIRECT_PHYSICAL,68.0,4.623863082954946e-100,0.0,4.6238632787388335e-96
a000_i020,C528_S,DIRECT_PHYSICAL,72.0,8.619685830531241e-117,0.0,8.619685878474205e-113
a000_i020,C528_S,DIRECT_PHYSICAL,76.0,4.590074673879114e-135,0.0,4.590074677232742e-131
a000_i020,C528_S,DIRECT_PHYSICAL,80.0,6.982161774814653e-155,0.0,6.982161775484767e-151
a000_i020,C528_S,DIRECT_PHYSICAL,84.0,3.0339044946452606e-176,0.0,3.03390449468351e-172
a000_i020,C528_S,DIRECT_PHYSICAL,88.0,3.765786947033402e-199,0.0,3.76578694703964e-195
a000_i020,C528_S,DIRECT_PHYSICAL,92.0,1.3352156937401825e-223,0.0,1.3352156937404735e-219
a000_i020,C528_S,DIRECT_PHYSICAL,96.0,1.352349525297773e-249,0.0,1.3523495252978124e-245
a000_i020,C528_S,DIRECT_PHYSICAL,100.0,3.912625847958933e-277,0.0,3.912625847958949e-273
a000_i020,C528_S,DIRECT_PHYSICAL,104.0,3.2336240673108834e-306,0.0,3.2336240673108866e-302
a000_i020,C528_S,DIRECT_PHYSICAL,108.0,0.0,0.0,0.0
a000_i020,C528_S,DIRECT_PHYSICAL,112.0,0.0,0.0,0.0
a000_i020,C528_S,DIRECT_PHYSICAL,116.0,0.0,0.0,0.0
a000_i020,C528_S,DIRECT_PHYSICAL,120.0,0.0,0.0,0.0
a000_i020,C528_S,DIRECT_PHYSICAL,124.0,0.0,0.0,0.0
a000_i020,C528_S,DIRECT_PHYSICAL,128.0,0.0,0.0,0.0
a000_i020,C528_S,DIRECT_PHYSICAL,132.0,0.0,0.0,0.0
a000_i020,C528_S,DIRECT_PHYSICAL,136.0,0.0,0.0,0.0
a000_i020,C528_S,DIRECT_PHYSICAL,140.0,0.0,0.0,0.0
a000_i020,C528_S,DIRECT_PHYSICAL,144.0,0.0,0.0,0.0
a000_i020,C528_S,DIRECT_PHYSICAL,148.0,0.0,0.0,0.0
a000_i020,C528_S,DIRECT_PHYSICAL,152.0,0.0,0.0,0.0
a000_i020,C528_S,DIRECT_PHYSICAL,156.0,0.0,0.0,0.0
a000_i020,C528_S,DIRECT_PHYSICAL,160.0,0.0,0.0,0.0
a000_i020,C528_S,DIRECT_PHYSICAL,164.0,0.0,0.0,0.0
a000_i020,C528_S,DIRECT_PHYSICAL,168.0,0.0,0.0,0.0
a000_i020,C528_S,DIRECT_PHYSICAL,172.0,0.0,0.0,0.0
a000_i020,C528_S,DIRECT_PHYSICAL,176.0,0.0,0.0,0.0
a000_i020,C528_S,DIRECT_PHYSICAL,180.0,0.0,0.0,0.0
a000_i020,C528_S,DIRECT_PHYSICAL,184.0,0.0,0.0,0.0
a000_i020,C528_S,DIRECT_PHYSICAL,188.0,0.0,0.0,0.0
a000_i020,C528_S,DIRECT_PHYSICAL,192.0,0.0,0.0,0.0
a000_i020,C528_S,DIRECT_PHYSICAL,196.0,0.0,0.0,0.0
a000_i020,C528_S,DIRECT_PHYSICAL,200.0,0.0,0.0,0.0
a000_i020,C528_S,DIRECT_PHYSICAL,204.0,0.0,0.0,0.0
a000_i020,C528_S,DIRECT_PHYSICAL,208.0,0.0,0.0,0.0
a000_i020,C528_S,DIRECT_PHYSICAL,212.0,0.0,0.0,0.0
a000_i020,C528_S,DIRECT_PHYSICAL,216.0,0.0,0.0,0.0
a000_i020,C528_S,DIRECT_PHYSICAL,220.0,0.0,0.0,0.0
a000_i020,C528_S,DIRECT_PHYSICAL,224.0,0.0,0.0,0.0
a000_i020,C528_S,DIRECT_PHYSICAL,228.0,0.0,0.0,0.0
a000_i020,C528_S,DIRECT_PHYSICAL,232.0,0.0,0.0,0.0
a000_i020,C528_S,DIRECT_PHYSICAL,236.0,0.0,0.0,0.0
a000_i020,C528_S,DIRECT_PHYSICAL,240.0,0.0,0.0,0.0
a000_i020,C528_S,DIRECT_PHYSICAL,244.0,0.0,0.0,0.0
a000_i020,C528_S,DIRECT_PHYSICAL,248.0,0.0,0.0,0.0
a000_i020,C528_S,DIRECT_PHYSICAL,252.0,0.0,0.0,0.0
a000_i020,C528_S,RESOLVED_PHYSICAL,0.0,0.48483663962701884,6.508541327938547e-06,266.6196741412501
a000_i020,C528_S,RESOLVED_PHYSICAL,4.0,0.4837252960842475,5.427389580017956e-06,260.1261220273854
a000_i020,C528_S,RESOLVED_PHYSICAL,8.0,0.4821496497103153,4.180576946027474e-07,243.16560951127806
a000_i020,C528_S,RESOLVED_PHYSICAL,12.0,0.45728126589129914,2.2828753425879473e-09,213.7765929110872
a000_i020,C528_S,RESOLVED_PHYSICAL,16.0,0.2897709866179029,6.475169874271178e-12,160.6693181586402
a000_i020,C528_S,RESOLVED_PHYSICAL,20.0,0.05461238692479732,2.2527340685037737e-14,104.84565974699846
a000_i020,C528_S,RESOLVED_PHYSICAL,24.0,0.006759078601878006,7.159803493509296e-12,78.81225137456588
a000_i020,C528_S,RESOLVED_PHYSICAL,28.0,0.00679287001090703,5.085790458265307e-10,79.11550190791091
a000_i020,C528_S,RESOLVED_PHYSICAL,32.0,0.005693349378244453,1.4428390983410229e-08,78.29512830035077
a000_i020,C528_S,RESOLVED_PHYSICAL,36.0,0.0034126187255186613,6.860977188429813e-08,64.99262506576105
a000_i020,C528_S,RESOLVED_PHYSICAL,40.0,0.0019988258111884568,1.700390905353579e-07,51.06124154425671
a000_i020,C528_S,RESOLVED_PHYSICAL,44.0,0.0013544153896129208,2.841584718590463e-07,42.79481971338542
a000_i020,C528_S,RESOLVED_PHYSICAL,48.0,0.0009707818505175535,2.0359149694168384e-07,36.39295118293606
a000_i020,C528_S,RESOLVED_PHYSICAL,52.0,0.0007383518915744267,8.284831611970966e-09,29.554631084860542
a000_i020,C528_S,RESOLVED_PHYSICAL,56.0,0.0005547331244550842,6.757397711398767e-12,23.99571961383823
a000_i020,C528_S,RESOLVED_PHYSICAL,60.0,0.00039064189751529315,1.5292619638210792e-16,18.98965956417394
a000_i020,C528_S,RESOLVED_PHYSICAL,64.0,0.0002653632565814537,0.0,14.800760183401117
a000_i020,C528_S,RESOLVED_PHYSICAL,68.0,0.00021826046591578234,0.0,11.035384501386753
a000_i020,C528_S,RESOLVED_PHYSICAL,72.0,0.00015944340049355647,0.0,7.758107926328657
a000_i020,C528_S,RESOLVED_PHYSICAL,76.0,7.92458353261867e-05,0.0,4.760210615122954
a000_i020,C528_S,RESOLVED_PHYSICAL,80.0,5.4648776954856215e-05,0.0,1.84498833423368
a000_i020,C528_S,RESOLVED_PHYSICAL,84.0,1.810900750100482e-05,0.0,0.6443428049840306
a000_i020,C528_S,RESOLVED_PHYSICAL,88.0,4.690310340955714e-06,0.0,0.3272778442888502
a000_i020,C528_S,RESOLVED_PHYSICAL,92.0,3.58396578262849e-06,0.0,0.19988692243500086
a000_i020,C528_S,RESOLVED_PHYSICAL,96.0,1.571121285991886e-06,0.0,0.07057561385313997
a000_i020,C528_S,RESOLVED_PHYSICAL,100.0,2.125518214219431e-07,0.0,0.005986541589136811
a000_i020,C528_S,RESOLVED_PHYSICAL,104.0,1.3731954608475808e-09,0.0,3.3259624185482124e-05
a000_i020,C528_S,RESOLVED_PHYSICAL,108.0,2.697657595857921e-13,0.0,6.1410188495665545e-09
a000_i020,C528_S,RESOLVED_PHYSICAL,112.0,1.5423116682982888e-18,0.0,3.3301257975323145e-14
a000_i020,C528_S,RESOLVED_PHYSICAL,116.0,2.5436055148624185e-25,0.0,5.203032396463658e-21
a000_i020,C528_S,RESOLVED_PHYSICAL,120.0,1.2053340066073304e-33,0.0,2.334100807037588e-29
a000_i020,C528_S,RESOLVED_PHYSICAL,124.0,1.6375806938573563e-43,0.0,3.0042482516279244e-39
a000_i020,C528_S,RESOLVED_PHYSICAL,128.0,6.3707442314049005e-55,0.0,1.1092413294892363e-50
a000_i020,C528_S,RESOLVED_PHYSICAL,132.0,7.091529436615788e-68,0.0,1.1747706876772931e-63
a000_i020,C528_S,RESOLVED_PHYSICAL,136.0,2.2575816545956166e-82,0.0,3.568446418334649e-78
a000_i020,C528_S,RESOLVED_PHYSICAL,140.0,2.0547724165020054e-98,0.0,3.108541215470728e-94
a000_i020,C528_S,RESOLVED_PHYSICAL,144.0,5.345733420857926e-116,0.0,7.764739200353283e-112
a000_i020,C528_S,RESOLVED_PHYSICAL,148.0,3.974738982924322e-135,0.0,5.56059778155316e-131
a000_i020,C528_S,RESOLVED_PHYSICAL,152.0,8.44540383457885e-156,0.0,1.1414684551995412e-151
a000_i020,C528_S,RESOLVED_PHYSICAL,156.0,5.127525963752126e-178,0.0,6.7153932172582435e-174
a000_i020,C528_S,RESOLVED_PHYSICAL,160.0,8.894974989669837e-202,0.0,1.1320278911986198e-197
a000_i020,C528_S,RESOLVED_PHYSICAL,164.0,4.408703830309866e-227,0.0,5.466780250524531e-223
a000_i020,C528_S,RESOLVED_PHYSICAL,168.0,6.24296386055273e-254,0.0,7.561446627601719e-250
a000_i020,C528_S,RESOLVED_PHYSICAL,172.0,2.5256437540100785e-282,0.0,2.99493719329973e-278
a000_i020,C528_S,RESOLVED_PHYSICAL,176.0,2.9190725919e-312,0.0,3.39619733890666e-308
a000_i020,C528_S,RESOLVED_PHYSICAL,180.0,0.0,0.0,0.0
a000_i020,C528_S,RESOLVED_PHYSICAL,184.0,0.0,0.0,0.0
a000_i020,C528_S,RESOLVED_PHYSICAL,188.0,0.0,0.0,0.0
a000_i020,C528_S,RESOLVED_PHYSICAL,192.0,0.0,0.0,0.0
a000_i020,C528_S,RESOLVED_PHYSICAL,196.0,0.0,0.0,0.0
a000_i020,C528_S,RESOLVED_PHYSICAL,200.0,0.0,0.0,0.0
a000_i020,C528_S,RESOLVED_PHYSICAL,204.0,0.0,0.0,0.0
a000_i020,C528_S,RESOLVED_PHYSICAL,208.0,0.0,0.0,0.0
a000_i020,C528_S,RESOLVED_PHYSICAL,212.0,0.0,0.0,0.0
a000_i020,C528_S,RESOLVED_PHYSICAL,216.0,0.0,0.0,0.0
a000_i020,C528_S,RESOLVED_PHYSICAL,220.0,0.0,0.0,0.0
a000_i020,C528_S,RESOLVED_PHYSICAL,224.0,0.0,0.0,0.0
a000_i020,C528_S,RESOLVED_PHYSICAL,228.0,0.0,0.0,0.0
a000_i020,C528_S,RESOLVED_PHYSICAL,232.0,0.0,0.0,0.0
a000_i020,C528_S,RESOLVED_PHYSICAL,236.0,0.0,0.0,0.0
a000_i020,C528_S,RESOLVED_PHYSICAL,240.0,0.0,0.0,0.0
a000_i020,C528_S,RESOLVED_PHYSICAL,244.0,0.0,0.0,0.0
a000_i020,C528_S,RESOLVED_PHYSICAL,248.0,0.0,0.0,0.0
a000_i020,C528_S,RESOLVED_PHYSICAL,252.0,0.0,0.0,0.0
a000_i020,C528_S,DELAY_ONLY,0.0,0.48483663985963915,6.508544790385462e-06,266.6197204243522
a000_i020,C528_S,DELAY_ONLY,4.0,0.48372555566518183,5.4277833898079175e-06,260.1786328809438
a000_i020,C528_S,DELAY_ONLY,8.0,0.4821582449942448,4.3363399496606303e-07,245.30337502364202
a000_i020,C528_S,DELAY_ONLY,12.0,0.4571704799060662,6.624556559027601e-08,222.9691533933646
a000_i020,C528_S,DELAY_ONLY,16.0,0.28925523212384274,8.358372586869238e-08,177.78507422651356
a000_i020,C528_S,DELAY_ONLY,20.0,0.05411071233667146,5.454716928976221e-08,123.50060763252124
a000_i020,C528_S,DELAY_ONLY,24.0,0.012282578460483817,3.762074281861083e-08,98.84362108716992
a000_i020,C528_S,DELAY_ONLY,28.0,0.01296487889000644,4.2178761346059496e-08,102.45027666956304
a000_i020,C528_S,DELAY_ONLY,32.0,0.01291067492817436,4.9184190246623714e-08,106.71069984275172
a000_i020,C528_S,DELAY_ONLY,36.0,0.012564168728793245,4.341572082037227e-08,103.20060252413802
a000_i020,C528_S,DELAY_ONLY,40.0,0.011674463321610887,3.539890849027387e-08,95.55889641963668
a000_i020,C528_S,DELAY_ONLY,44.0,0.011117376685358525,2.7136022549149756e-08,87.0479728252084
a000_i020,C528_S,DELAY_ONLY,48.0,0.010440774423100214,2.1802774443468696e-08,77.46716354399908
a000_i020,C528_S,DELAY_ONLY,52.0,0.009864167173009277,2.0091154406057123e-08,70.72305852669211
a000_i020,C528_S,DELAY_ONLY,56.0,0.005275275070470452,1.4813706750768933e-08,62.796664583480094
a000_i020,C528_S,DELAY_ONLY,60.0,0.0026478397031186205,6.664528865525613e-09,53.02936569894565
a000_i020,C528_S,DELAY_ONLY,64.0,0.0021772640350273195,3.795037911691178e-09,43.794681543852974
a000_i020,C528_S,DELAY_ONLY,68.0,0.0016118537335806952,1.874601279404489e-10,33.07904852720814
a000_i020,C528_S,DELAY_ONLY,72.0,0.0015900789531835633,5.2573717350921e-12,21.75014526459357
a000_i020,C528_S,DELAY_ONLY,76.0,0.0013732864978930402,3.157992336160841e-16,13.84593359411565
a000_i020,C528_S,DELAY_ONLY,80.0,0.00032807759255636213,0.0,6.523813173210249
a000_i020,C528_S,DELAY_ONLY,84.0,9.180675764958158e-05,0.0,2.9008075902431103
a000_i020,C528_S,DELAY_ONLY,88.0,9.117693579524931e-05,0.0,1.8036515234385866
a000_i020,C528_S,DELAY_ONLY,92.0,7.55471107189612e-05,0.0,1.1526804828987702
a000_i020,C528_S,DELAY_ONLY,96.0,1.2343416157625894e-05,0.0,0.2542241856326261
a000_i020,C528_S,DELAY_ONLY,100.0,5.145465014312274e-07,0.0,0.00816573440061403
a000_i020,C528_S,DELAY_ONLY,104.0,3.2804115677682274e-09,0.0,3.9345965533447333e-05
a000_i020,C528_S,DELAY_ONLY,108.0,6.359098987742859e-13,0.0,7.410922446093078e-09
a000_i020,C528_S,DELAY_ONLY,112.0,3.57068839538539e-18,0.0,4.12378873864725e-14
a000_i020,C528_S,DELAY_ONLY,116.0,5.765190652314518e-25,0.0,6.608412674010787e-21
a000_i020,C528_S,DELAY_ONLY,120.0,2.672020510205362e-33,0.0,3.039042486833439e-29
a000_i020,C528_S,DELAY_ONLY,124.0,3.5524558555251206e-43,0.0,4.007460317989971e-39
a000_i020,C528_S,DELAY_ONLY,128.0,1.3541803879811187e-54,0.0,1.5148056165881378e-50
a000_i020,C528_S,DELAY_ONLY,132.0,1.4794757203115736e-67,0.0,1.6409764768655038e-63
a000_i020,C528_S,DELAY_ONLY,136.0,4.6308637918734644e-82,0.0,5.09348217467943e-78
a000_i020,C528_S,DELAY_ONLY,140.0,4.1513697296012866e-98,0.0,4.5290158952287913e-94
a000_i020,C528_S,DELAY_ONLY,144.0,1.0655204107324594e-115,0.0,1.1533983074467235e-111
a000_i020,C528_S,DELAY_ONLY,148.0,7.828024936415941e-135,0.0,8.411086822433e-131
a000_i020,C528_S,DELAY_ONLY,152.0,1.6457158112953744e-155,0.0,1.7560441672550368e-151
a000_i020,C528_S,DELAY_ONLY,156.0,9.898607946532277e-178,0.0,1.0494110397390958e-173
a000_i020,C528_S,DELAY_ONLY,160.0,1.703043661604045e-201,0.0,1.794745983636597e-197
a000_i020,C528_S,DELAY_ONLY,164.0,8.379841336864885e-227,0.0,8.782785473038861e-223
a000_i020,C528_S,DELAY_ONLY,168.0,1.1790692250520788e-253,0.0,1.2295977044014173e-249
a000_i020,C528_S,DELAY_ONLY,172.0,4.743288836516206e-282,0.0,4.924133767121077e-278
a000_i020,C528_S,DELAY_ONLY,176.0,5.455154086114e-312,0.0,5.639910934241406e-308
a000_i020,C528_S,DELAY_ONLY,180.0,0.0,0.0,0.0
a000_i020,C528_S,DELAY_ONLY,184.0,0.0,0.0,0.0
a000_i020,C528_S,DELAY_ONLY,188.0,0.0,0.0,0.0
a000_i020,C528_S,DELAY_ONLY,192.0,0.0,0.0,0.0
a000_i020,C528_S,DELAY_ONLY,196.0,0.0,0.0,0.0
a000_i020,C528_S,DELAY_ONLY,200.0,0.0,0.0,0.0
a000_i020,C528_S,DELAY_ONLY,204.0,0.0,0.0,0.0
a000_i020,C528_S,DELAY_ONLY,208.0,0.0,0.0,0.0
a000_i020,C528_S,DELAY_ONLY,212.0,0.0,0.0,0.0
a000_i020,C528_S,DELAY_ONLY,216.0,0.0,0.0,0.0
a000_i020,C528_S,DELAY_ONLY,220.0,0.0,0.0,0.0
a000_i020,C528_S,DELAY_ONLY,224.0,0.0,0.0,0.0
a000_i020,C528_S,DELAY_ONLY,228.0,0.0,0.0,0.0
a000_i020,C528_S,DELAY_ONLY,232.0,0.0,0.0,0.0
a000_i020,C528_S,DELAY_ONLY,236.0,0.0,0.0,0.0
a000_i020,C528_S,DELAY_ONLY,240.0,0.0,0.0,0.0
a000_i020,C528_S,DELAY_ONLY,244.0,0.0,0.0,0.0
a000_i020,C528_S,DELAY_ONLY,248.0,0.0,0.0,0.0
a000_i020,C528_S,DELAY_ONLY,252.0,0.0,0.0,0.0
a000_i020,C528_S,SPATIAL_ONLY,0.0,0.48695436115891894,7.783926968284426e-05,276.05462706965324
a000_i020,C528_S,SPATIAL_ONLY,4.0,0.485994991832683,7.025630967150568e-05,269.2040955290202
a000_i020,C528_S,SPATIAL_ONLY,8.0,0.4838385718892099,4.08681166226202e-05,251.03903345253173
a000_i020,C528_S,SPATIAL_ONLY,12.0,0.458303067797423,1.2621765168895916e-05,219.15594951250915
a000_i020,C528_S,SPATIAL_ONLY,16.0,0.2895878847971515,2.512942825511889e-06,161.0925540811657
a000_i020,C528_S,SPATIAL_ONLY,20.0,0.053459401649710685,3.2777927759255245e-07,71.48525103728
a000_i020,C528_S,SPATIAL_ONLY,24.0,0.0009074348283960791,2.680909566779855e-09,9.202716890777907
a000_i020,C528_S,SPATIAL_ONLY,28.0,1.3508888531342822e-05,5.504700025303069e-13,0.19141345909507643
a000_i020,C528_S,SPATIAL_ONLY,32.0,5.957972021773988e-07,6.215370416032225e-18,0.006475002469663492
a000_i020,C528_S,SPATIAL_ONLY,36.0,8.656653766823613e-10,3.403650775973698e-24,9.078235796979766e-06
a000_i020,C528_S,SPATIAL_ONLY,40.0,3.636155324671816e-14,5.048517970818495e-32,3.793438860505823e-10
a000_i020,C528_S,SPATIAL_ONLY,44.0,4.367151307213409e-20,0.0,4.552925197589954e-16
a000_i020,C528_S,SPATIAL_ONLY,48.0,1.4984093655025675e-27,0.0,1.562009030497596e-23
a000_i020,C528_S,SPATIAL_ONLY,52.0,1.4686133206179742e-36,0.0,1.5309301391802532e-32
a000_i020,C528_S,SPATIAL_ONLY,56.0,4.111748485564298e-47,0.0,4.286213249289795e-43
a000_i020,C528_S,SPATIAL_ONLY,60.0,3.2884215396015066e-59,0.0,3.427951183499349e-55
a000_i020,C528_S,SPATIAL_ONLY,64.0,7.512600098830199e-73,0.0,7.831363892189233e-69
a000_i020,C528_S,SPATIAL_ONLY,68.0,4.9026952830612824e-88,0.0,5.110719347958807e-84
a000_i020,C528_S,SPATIAL_ONLY,72.0,9.139477611490093e-105,0.0,9.527270682921747e-101
a000_i020,C528_S,SPATIAL_ONLY,76.0,4.8668693441862266e-123,0.0,5.073373292074887e-119
a000_i020,C528_S,SPATIAL_ONLY,80.0,7.403206159638114e-143,0.0,7.717328276050483e-139
a000_i020,C528_S,SPATIAL_ONLY,84.0,3.2168576390774093e-164,0.0,3.353350681141712e-160
a000_i020,C528_S,SPATIAL_ONLY,88.0,3.992874702907932e-187,0.0,4.1622945765632556e-183
a000_i020,C528_S,SPATIAL_ONLY,92.0,1.4157330304257008e-211,0.0,1.4758033629531905e-207
a000_i020,C528_S,SPATIAL_ONLY,96.0,1.4339000811782997e-237,0.0,1.4947412516789762e-233
a000_i020,C528_S,SPATIAL_ONLY,100.0,4.14856841079846e-265,0.0,4.3245944542642625e-261
a000_i020,C528_S,SPATIAL_ONLY,104.0,3.428620874914891e-294,0.0,3.574099147753441e-290
a000_i020,C528_S,SPATIAL_ONLY,108.0,0.0,0.0,0.0
a000_i020,C528_S,SPATIAL_ONLY,112.0,0.0,0.0,0.0
a000_i020,C528_S,SPATIAL_ONLY,116.0,0.0,0.0,0.0
a000_i020,C528_S,SPATIAL_ONLY,120.0,0.0,0.0,0.0
a000_i020,C528_S,SPATIAL_ONLY,124.0,0.0,0.0,0.0
a000_i020,C528_S,SPATIAL_ONLY,128.0,0.0,0.0,0.0
a000_i020,C528_S,SPATIAL_ONLY,132.0,0.0,0.0,0.0
a000_i020,C528_S,SPATIAL_ONLY,136.0,0.0,0.0,0.0
a000_i020,C528_S,SPATIAL_ONLY,140.0,0.0,0.0,0.0
a000_i020,C528_S,SPATIAL_ONLY,144.0,0.0,0.0,0.0
a000_i020,C528_S,SPATIAL_ONLY,148.0,0.0,0.0,0.0
a000_i020,C528_S,SPATIAL_ONLY,152.0,0.0,0.0,0.0
a000_i020,C528_S,SPATIAL_ONLY,156.0,0.0,0.0,0.0
a000_i020,C528_S,SPATIAL_ONLY,160.0,0.0,0.0,0.0
a000_i020,C528_S,SPATIAL_ONLY,164.0,0.0,0.0,0.0
a000_i020,C528_S,SPATIAL_ONLY,168.0,0.0,0.0,0.0
a000_i020,C528_S,SPATIAL_ONLY,172.0,0.0,0.0,0.0
a000_i020,C528_S,SPATIAL_ONLY,176.0,0.0,0.0,0.0
a000_i020,C528_S,SPATIAL_ONLY,180.0,0.0,0.0,0.0
a000_i020,C528_S,SPATIAL_ONLY,184.0,0.0,0.0,0.0
a000_i020,C528_S,SPATIAL_ONLY,188.0,0.0,0.0,0.0
a000_i020,C528_S,SPATIAL_ONLY,192.0,0.0,0.0,0.0
a000_i020,C528_S,SPATIAL_ONLY,196.0,0.0,0.0,0.0
a000_i020,C528_S,SPATIAL_ONLY,200.0,0.0,0.0,0.0
a000_i020,C528_S,SPATIAL_ONLY,204.0,0.0,0.0,0.0
a000_i020,C528_S,SPATIAL_ONLY,208.0,0.0,0.0,0.0
a000_i020,C528_S,SPATIAL_ONLY,212.0,0.0,0.0,0.0
a000_i020,C528_S,SPATIAL_ONLY,216.0,0.0,0.0,0.0
a000_i020,C528_S,SPATIAL_ONLY,220.0,0.0,0.0,0.0
a000_i020,C528_S,SPATIAL_ONLY,224.0,0.0,0.0,0.0
a000_i020,C528_S,SPATIAL_ONLY,228.0,0.0,0.0,0.0
a000_i020,C528_S,SPATIAL_ONLY,232.0,0.0,0.0,0.0
a000_i020,C528_S,SPATIAL_ONLY,236.0,0.0,0.0,0.0
a000_i020,C528_S,SPATIAL_ONLY,240.0,0.0,0.0,0.0
a000_i020,C528_S,SPATIAL_ONLY,244.0,0.0,0.0,0.0
a000_i020,C528_S,SPATIAL_ONLY,248.0,0.0,0.0,0.0
a000_i020,C528_S,SPATIAL_ONLY,252.0,0.0,0.0,0.0
a000_i020,C528_S,UNRESOLVED_IMAGE,0.0,0.47755178370234663,6.4054577870414786e-06,265.810527758662
a000_i020,C528_S,UNRESOLVED_IMAGE,4.0,0.4763469382487936,5.340485204873816e-06,259.29652153670884
a000_i020,C528_S,UNRESOLVED_IMAGE,8.0,0.47475510010072286,4.114377758837462e-07,241.23693472738924
a000_i020,C528_S,UNRESOLVED_IMAGE,12.0,0.4498937507871832,2.2370309168764085e-09,209.15146754292502
a000_i020,C528_S,UNRESOLVED_IMAGE,16.0,0.2843274064110177,5.840860579143867e-12,148.15930881037593
a000_i020,C528_S,UNRESOLVED_IMAGE,20.0,0.052536617890782206,1.1221006820259013e-14,63.8522403371289
a000_i020,C528_S,UNRESOLVED_IMAGE,24.0,0.0009144896879193424,1.1594635117758237e-13,14.185820138336936
a000_i020,C528_S,UNRESOLVED_IMAGE,28.0,0.000119702863866876,7.897647352360317e-12,7.0247677012029035
a000_i020,C528_S,UNRESOLVED_IMAGE,32.0,0.00010301768976206727,2.2070655658423584e-10,6.469816456339814
a000_i020,C528_S,UNRESOLVED_IMAGE,36.0,6.54166401280408e-05,9.968515971989938e-10,4.440567231706819
a000_i020,C528_S,UNRESOLVED_IMAGE,40.0,3.486203325125746e-05,2.1500015541876215e-10,2.707477499700422
a000_i020,C528_S,UNRESOLVED_IMAGE,44.0,2.4167768611569967e-05,1.5305577540720063e-10,1.69937725942951
a000_i020,C528_S,UNRESOLVED_IMAGE,48.0,1.8578761323424846e-05,1.1575607136511036e-10,1.1338280812552297
a000_i020,C528_S,UNRESOLVED_IMAGE,52.0,1.4788173214719811e-05,4.527566400748942e-12,0.8489634916511855
a000_i020,C528_S,UNRESOLVED_IMAGE,56.0,1.2127638930774422e-05,3.5400054403906934e-15,0.6586722283919921
a000_i020,C528_S,UNRESOLVED_IMAGE,60.0,1.0082465812636204e-05,7.991436402106602e-20,0.4901976203802491
a000_i020,C528_S,UNRESOLVED_IMAGE,64.0,5.435656793616826e-06,0.0,0.34567793701777627
a000_i020,C528_S,UNRESOLVED_IMAGE,68.0,3.0411548222065642e-06,0.0,0.22547339384016793
a000_i020,C528_S,UNRESOLVED_IMAGE,72.0,2.249512119754614e-06,0.0,0.1427234277330991
a000_i020,C528_S,UNRESOLVED_IMAGE,76.0,1.1527980278855487e-06,0.0,0.07439074254055657
a000_i020,C528_S,UNRESOLVED_IMAGE,80.0,6.732659439884288e-07,0.0,0.020610197208367095
a000_i020,C528_S,UNRESOLVED_IMAGE,84.0,1.812607051962653e-07,0.0,0.0031104791432190453
a000_i020,C528_S,UNRESOLVED_IMAGE,88.0,4.07444999913629e-09,0.0,0.00019879645519297172
a000_i020,C528_S,UNRESOLVED_IMAGE,92.0,1.8101592819566068e-09,0.0,9.959690388412704e-05
a000_i020,C528_S,UNRESOLVED_IMAGE,96.0,7.876873568709517e-10,0.0,3.463161512070648e-05
a000_i020,C528_S,UNRESOLVED_IMAGE,100.0,1.029138923011535e-10,0.0,2.87430681211024e-06
a000_i020,C528_S,UNRESOLVED_IMAGE,104.0,6.657651607233514e-13,0.0,1.5919871717486198e-08
a000_i020,C528_S,UNRESOLVED_IMAGE,108.0,1.3091028418908115e-16,0.0,2.9407310836027845e-12
a000_i020,C528_S,UNRESOLVED_IMAGE,112.0,7.486399838086627e-22,0.0,1.5957652247301476e-17
a000_i020,C528_S,UNRESOLVED_IMAGE,116.0,1.2346911050928108e-28,0.0,2.4949949928397778e-24
a000_i020,C528_S,UNRESOLVED_IMAGE,120.0,5.850526396309734e-37,0.0,1.1200584889398384e-32
a000_i020,C528_S,UNRESOLVED_IMAGE,124.0,7.948136527628578e-47,0.0,1.4426639443376343e-42
a000_i020,C528_S,UNRESOLVED_IMAGE,128.0,3.091937099370382e-58,0.0,5.33042035150858e-54
a000_i020,C528_S,UNRESOLVED_IMAGE,132.0,3.4416144823478824e-71,0.0,5.649238226651455e-67
a000_i020,C528_S,UNRESOLVED_IMAGE,136.0,1.0955979373478813e-85,0.0,1.7171582715876031e-81
a000_i020,C528_S,UNRESOLVED_IMAGE,140.0,9.971484696678253e-102,0.0,1.4968318229385298e-97
a000_i020,C528_S,UNRESOLVED_IMAGE,144.0,2.594143925142676e-119,0.0,3.741256770628514e-115
a000_i020,C528_S,UNRESOLVED_IMAGE,148.0,1.9288029127529683e-138,0.0,2.680858519527051e-134
a000_i020,C528_S,UNRESOLVED_IMAGE,152.0,4.098203634786482e-159,0.0,5.506357564144812e-155
a000_i020,C528_S,UNRESOLVED_IMAGE,156.0,2.488146563378385e-181,0.0,3.241197391185243e-177
a000_i020,C528_S,UNRESOLVED_IMAGE,160.0,4.31627068975505e-205,0.0,5.466503374007573e-201
a000_i020,C528_S,UNRESOLVED_IMAGE,164.0,2.1392986424525903e-230,0.0,2.6411146949797212e-226
a000_i020,C528_S,UNRESOLVED_IMAGE,168.0,3.0293428182292415e-257,0.0,3.65467207863337e-253
a000_i020,C528_S,UNRESOLVED_IMAGE,172.0,1.2255393599080061e-285,0.0,1.448118551149505e-281
a000_i020,C528_S,UNRESOLVED_IMAGE,176.0,1.416439433e-315,0.0,1.6427356937335e-311
a000_i020,C528_S,UNRESOLVED_IMAGE,180.0,0.0,0.0,0.0
a000_i020,C528_S,UNRESOLVED_IMAGE,184.0,0.0,0.0,0.0
a000_i020,C528_S,UNRESOLVED_IMAGE,188.0,0.0,0.0,0.0
a000_i020,C528_S,UNRESOLVED_IMAGE,192.0,0.0,0.0,0.0
a000_i020,C528_S,UNRESOLVED_IMAGE,196.0,0.0,0.0,0.0
a000_i020,C528_S,UNRESOLVED_IMAGE,200.0,0.0,0.0,0.0
a000_i020,C528_S,UNRESOLVED_IMAGE,204.0,0.0,0.0,0.0
a000_i020,C528_S,UNRESOLVED_IMAGE,208.0,0.0,0.0,0.0
a000_i020,C528_S,UNRESOLVED_IMAGE,212.0,0.0,0.0,0.0
a000_i020,C528_S,UNRESOLVED_IMAGE,216.0,0.0,0.0,0.0
a000_i020,C528_S,UNRESOLVED_IMAGE,220.0,0.0,0.0,0.0
a000_i020,C528_S,UNRESOLVED_IMAGE,224.0,0.0,0.0,0.0
a000_i020,C528_S,UNRESOLVED_IMAGE,228.0,0.0,0.0,0.0
a000_i020,C528_S,UNRESOLVED_IMAGE,232.0,0.0,0.0,0.0
a000_i020,C528_S,UNRESOLVED_IMAGE,236.0,0.0,0.0,0.0
a000_i020,C528_S,UNRESOLVED_IMAGE,240.0,0.0,0.0,0.0
a000_i020,C528_S,UNRESOLVED_IMAGE,244.0,0.0,0.0,0.0
a000_i020,C528_S,UNRESOLVED_IMAGE,248.0,0.0,0.0,0.0
a000_i020,C528_S,UNRESOLVED_IMAGE,252.0,0.0,0.0,0.0
a000_i020,C528_S,EQUALIZED_ORDER_SENSITIVITY,0.0,0.48483664670619464,6.508834800431756e-06,266.6247378271661
a000_i020,C528_S,EQUALIZED_ORDER_SENSITIVITY,4.0,0.48375967045926344,5.546207701803558e-06,263.35415467400384
a000_i020,C528_S,EQUALIZED_ORDER_SENSITIVITY,8.0,0.48641488064020566,4.265827763672443e-07,273.8331657045696
a000_i020,C528_S,EQUALIZED_ORDER_SENSITIVITY,12.0,0.6191316615329863,2.4187811153846066e-09,277.72253754511775
a000_i020,C528_S,EQUALIZED_ORDER_SENSITIVITY,16.0,0.8251928786844523,7.61391595441344e-12,273.1408086334891
a000_i020,C528_S,EQUALIZED_ORDER_SENSITIVITY,20.0,0.8703278685762394,1.2688899592688811e-12,272.41148853232716
a000_i020,C528_S,EQUALIZED_ORDER_SENSITIVITY,24.0,0.9028606239999917,8.659745075926443e-10,286.0762799116321
a000_i020,C528_S,EQUALIZED_ORDER_SENSITIVITY,28.0,0.9492619435798136,7.162114274774197e-08,318.7178282972711
a000_i020,C528_S,EQUALIZED_ORDER_SENSITIVITY,32.0,1.1287336852370087,2.248746072916129e-06,337.04000079060114
a000_i020,C528_S,EQUALIZED_ORDER_SENSITIVITY,36.0,1.1643584768923518,1.2127676856680622e-05,341.4870528458311
a000_i020,C528_S,EQUALIZED_ORDER_SENSITIVITY,40.0,1.1205893459481666,3.6695535434610203e-05,349.8932291212094
a000_i020,C528_S,EQUALIZED_ORDER_SENSITIVITY,44.0,1.0926337450833747,0.00018410116486277533,361.56777040476123
a000_i020,C528_S,EQUALIZED_ORDER_SENSITIVITY,48.0,0.9237713289348629,0.0005260002921599057,363.53292695135224
a000_i020,C528_S,EQUALIZED_ORDER_SENSITIVITY,52.0,0.5042379974821191,4.269754906296781e-05,328.0454515640029
a000_i020,C528_S,EQUALIZED_ORDER_SENSITIVITY,56.0,0.27780968308795506,3.541132133142104e-08,269.7502643955971
a000_i020,C528_S,EQUALIZED_ORDER_SENSITIVITY,60.0,0.18159991146159885,8.020903185092679e-13,223.59589562105234
a000_i020,C528_S,EQUALIZED_ORDER_SENSITIVITY,64.0,0.11618735616404859,0.0,191.4298582201536
a000_i020,C528_S,EQUALIZED_ORDER_SENSITIVITY,68.0,0.07570992832226915,0.0,163.9293625566827
a000_i020,C528_S,EQUALIZED_ORDER_SENSITIVITY,72.0,0.05326570318097014,0.0,144.6243899686643
a000_i020,C528_S,EQUALIZED_ORDER_SENSITIVITY,76.0,0.04302201397975048,0.0,125.94047174102262
a000_i020,C528_S,EQUALIZED_ORDER_SENSITIVITY,80.0,0.03671096839662046,0.0,106.33151667618839
a000_i020,C528_S,EQUALIZED_ORDER_SENSITIVITY,84.0,0.0298137172898516,0.0,91.68062040177621
a000_i020,C528_S,EQUALIZED_ORDER_SENSITIVITY,88.0,0.02451617293869554,0.0,77.08309302014169
a000_i020,C528_S,EQUALIZED_ORDER_SENSITIVITY,92.0,0.018797486543578615,0.0,58.82940737598483
a000_i020,C528_S,EQUALIZED_ORDER_SENSITIVITY,96.0,0.008240353363102231,0.0,35.9523244058097
a000_i020,C528_S,EQUALIZED_ORDER_SENSITIVITY,100.0,0.0011148102518300858,0.0,9.745070958186524
a000_i020,C528_S,EQUALIZED_ORDER_SENSITIVITY,104.0,7.202254806748891e-06,0.0,0.16961411117697045
a000_i020,C528_S,EQUALIZED_ORDER_SENSITIVITY,108.0,1.4148908833952923e-09,0.0,3.220876790745336e-05
a000_i020,C528_S,EQUALIZED_ORDER_SENSITIVITY,112.0,8.089250178303062e-15,0.0,1.746613298357276e-10
a000_i020,C528_S,EQUALIZED_ORDER_SENSITIVITY,116.0,1.3340923101058986e-21,0.0,2.7289316164772847e-17
a000_i020,C528_S,EQUALIZED_ORDER_SENSITIVITY,120.0,6.321840473800632e-30,0.0,1.2242094615246377e-25
a000_i020,C528_S,EQUALIZED_ORDER_SENSITIVITY,124.0,8.588925437092212e-40,0.0,1.575694213087401e-35
a000_i020,C528_S,EQUALIZED_ORDER_SENSITIVITY,128.0,3.34138326053618e-51,0.0,5.817845255785573e-47
a000_i020,C528_S,EQUALIZED_ORDER_SENSITIVITY,132.0,3.71942694454744e-64,0.0,6.16153932443753e-60
a000_i020,C528_S,EQUALIZED_ORDER_SENSITIVITY,136.0,1.1840760319294524e-78,0.0,1.8716097672805573e-74
a000_i020,C528_S,EQUALIZED_ORDER_SENSITIVITY,140.0,1.0777048814589137e-94,0.0,1.630394692484797e-90
a000_i020,C528_S,EQUALIZED_ORDER_SENSITIVITY,144.0,2.8037766890234187e-112,0.0,4.0725178478508865e-108
a000_i020,C528_S,EQUALIZED_ORDER_SENSITIVITY,148.0,2.0847056199609999e-131,0.0,2.9164706148874827e-127
a000_i020,C528_S,EQUALIZED_ORDER_SENSITIVITY,152.0,4.429518746368947e-152,0.0,5.986872883441349e-148
a000_i020,C528_S,EQUALIZED_ORDER_SENSITIVITY,156.0,2.6893293469211764e-174,0.0,3.522147753703908e-170
a000_i020,C528_S,EQUALIZED_ORDER_SENSITIVITY,160.0,4.665313730043826e-198,0.0,5.937358193513604e-194
a000_i020,C528_S,EQUALIZED_ORDER_SENSITIVITY,164.0,2.3123152718392134e-223,0.0,2.8672643814652456e-219
a000_i020,C528_S,EQUALIZED_ORDER_SENSITIVITY,168.0,3.274363901936629e-250,0.0,3.965893193821478e-246
a000_i020,C528_S,EQUALIZED_ORDER_SENSITIVITY,172.0,1.3246715697870668e-278,0.0,1.5708106683545338e-274
a000_i020,C528_S,EQUALIZED_ORDER_SENSITIVITY,176.0,1.531020543372785e-308,0.0,1.7812670740911748e-304
a000_i020,C528_S,EQUALIZED_ORDER_SENSITIVITY,180.0,0.0,0.0,0.0
a000_i020,C528_S,EQUALIZED_ORDER_SENSITIVITY,184.0,0.0,0.0,0.0
a000_i020,C528_S,EQUALIZED_ORDER_SENSITIVITY,188.0,0.0,0.0,0.0
a000_i020,C528_S,EQUALIZED_ORDER_SENSITIVITY,192.0,0.0,0.0,0.0
a000_i020,C528_S,EQUALIZED_ORDER_SENSITIVITY,196.0,0.0,0.0,0.0
a000_i020,C528_S,EQUALIZED_ORDER_SENSITIVITY,200.0,0.0,0.0,0.0
a000_i020,C528_S,EQUALIZED_ORDER_SENSITIVITY,204.0,0.0,0.0,0.0
a000_i020,C528_S,EQUALIZED_ORDER_SENSITIVITY,208.0,0.0,0.0,0.0
a000_i020,C528_S,EQUALIZED_ORDER_SENSITIVITY,212.0,0.0,0.0,0.0
a000_i020,C528_S,EQUALIZED_ORDER_SENSITIVITY,216.0,0.0,0.0,0.0
a000_i020,C528_S,EQUALIZED_ORDER_SENSITIVITY,220.0,0.0,0.0,0.0
a000_i020,C528_S,EQUALIZED_ORDER_SENSITIVITY,224.0,0.0,0.0,0.0
a000_i020,C528_S,EQUALIZED_ORDER_SENSITIVITY,228.0,0.0,0.0,0.0
a000_i020,C528_S,EQUALIZED_ORDER_SENSITIVITY,232.0,0.0,0.0,0.0
a000_i020,C528_S,EQUALIZED_ORDER_SENSITIVITY,236.0,0.0,0.0,0.0
a000_i020,C528_S,EQUALIZED_ORDER_SENSITIVITY,240.0,0.0,0.0,0.0
a000_i020,C528_S,EQUALIZED_ORDER_SENSITIVITY,244.0,0.0,0.0,0.0
a000_i020,C528_S,EQUALIZED_ORDER_SENSITIVITY,248.0,0.0,0.0,0.0
a000_i020,C528_S,EQUALIZED_ORDER_SENSITIVITY,252.0,0.0,0.0,0.0
a000_i020,C528_S,PAIRING_DESTROYED,0.0,1.909130028208228,9.80135252567775e-06,389.8079955703618
a000_i020,C528_S,PAIRING_DESTROYED,4.0,1.6293929769507818,8.984446509969643e-06,381.8005702107881
a000_i020,C528_S,PAIRING_DESTROYED,8.0,1.2376028755449817,1.0778316757254286e-05,368.15852140314945
a000_i020,C528_S,PAIRING_DESTROYED,12.0,1.0283163077414068,1.533289415035085e-05,351.5306859290708
a000_i020,C528_S,PAIRING_DESTROYED,16.0,0.9093994400719991,1.4201400076586818e-05,319.5510798409832
a000_i020,C528_S,PAIRING_DESTROYED,20.0,0.31708648277336016,9.77611012014562e-06,246.0578501576384
a000_i020,C528_S,PAIRING_DESTROYED,24.0,0.07104170387227769,1.4631792033514838e-06,177.33064189627598
a000_i020,C528_S,PAIRING_DESTROYED,28.0,0.07285504208247023,1.3698659820320797e-06,171.89783858042153
a000_i020,C528_S,PAIRING_DESTROYED,32.0,0.06370304151723016,1.5310915951881169e-06,163.09866899412572
a000_i020,C528_S,PAIRING_DESTROYED,36.0,0.03775093392661581,1.320100585339354e-06,142.08298305897475
a000_i020,C528_S,PAIRING_DESTROYED,40.0,0.026253921828062715,5.021607432969598e-07,124.40558648882109
a000_i020,C528_S,PAIRING_DESTROYED,44.0,0.018539064388559793,4.118402006348068e-07,112.7564086998676
a000_i020,C528_S,PAIRING_DESTROYED,48.0,0.01902436305579497,3.1826586250236325e-07,104.02878904728634
a000_i020,C528_S,PAIRING_DESTROYED,52.0,0.017981468580262384,1.6492370262840306e-07,96.05107352931142
a000_i020,C528_S,PAIRING_DESTROYED,56.0,0.015608276710480467,7.242274261707718e-08,86.12502056632404
a000_i020,C528_S,PAIRING_DESTROYED,60.0,0.015143375679355652,2.125093440750675e-08,73.68817175692492
a000_i020,C528_S,PAIRING_DESTROYED,64.0,0.013287140116325796,8.180366003383675e-09,60.59301242808064
a000_i020,C528_S,PAIRING_DESTROYED,68.0,0.011110811247791345,1.8804116189301807e-09,48.21937415387913
a000_i020,C528_S,PAIRING_DESTROYED,72.0,0.0031225268594117462,2.407643754944225e-10,36.98001581788112
a000_i020,C528_S,PAIRING_DESTROYED,76.0,0.0026358346098195465,7.230694375869927e-11,24.980862057195033
a000_i020,C528_S,PAIRING_DESTROYED,80.0,0.0011318942539075433,4.125250308627471e-12,13.12902947507544
a000_i020,C528_S,PAIRING_DESTROYED,84.0,0.0002686783765683944,2.570123431543043e-14,7.628159973481907
a000_i020,C528_S,PAIRING_DESTROYED,88.0,0.00021889411486530273,6.975317905802326e-17,5.244140362332866
a000_i020,C528_S,PAIRING_DESTROYED,92.0,0.0001489476010708963,3.4953092307837365e-21,3.3413382924612147
a000_i020,C528_S,PAIRING_DESTROYED,96.0,0.00011577148274683941,0.0,1.4146476225458093
a000_i020,C528_S,PAIRING_DESTROYED,100.0,1.742450450879225e-05,0.0,0.20258344434511205
a000_i020,C528_S,PAIRING_DESTROYED,104.0,1.0660815578914847e-07,0.0,0.0012942266878759093
a000_i020,C528_S,PAIRING_DESTROYED,108.0,1.924565001494112e-11,0.0,2.3436073828012125e-07
a000_i020,C528_S,PAIRING_DESTROYED,112.0,9.95056735664993e-17,0.0,1.218740566330439e-12
a000_i020,C528_S,PAIRING_DESTROYED,116.0,1.4699427486184688e-23,0.0,1.8127865712752178e-19
a000_i020,C528_S,PAIRING_DESTROYED,120.0,6.203108754841996e-32,0.0,7.709813524691655e-28
a000_i020,C528_S,PAIRING_DESTROYED,124.0,7.477727703200813e-42,0.0,9.376241112052449e-38
a000_i020,C528_S,PAIRING_DESTROYED,128.0,2.5750303715514912e-53,0.0,3.260998102786656e-49
a000_i020,C528_S,PAIRING_DESTROYED,132.0,2.5330840197680264e-66,0.0,3.243886956206011e-62
a000_i020,C528_S,PAIRING_DESTROYED,136.0,7.11826280817324e-81,0.0,9.230731651982268e-77
a000_i020,C528_S,PAIRING_DESTROYED,140.0,5.71424699197264e-97,0.0,7.514995807944361e-93
a000_i020,C528_S,PAIRING_DESTROYED,144.0,1.3104152524279577e-114,0.0,1.7507150823919038e-110
a000_i020,C528_S,PAIRING_DESTROYED,148.0,8.584787779132863e-134,0.0,1.1672743719922919e-129
a000_i020,C528_S,PAIRING_DESTROYED,152.0,1.6066770786753422e-154,0.0,2.2278304237732163e-150
a000_i020,C528_S,PAIRING_DESTROYED,156.0,8.590464272162937e-177,0.0,1.217384297119032e-172
a000_i020,C528_S,PAIRING_DESTROYED,160.0,1.3122259377903257e-200,0.0,1.9050099066287794e-196
a000_i020,C528_S,PAIRING_DESTROYED,164.0,5.72698832451444e-226,0.0,8.538473031230406e-222
a000_i020,C528_S,PAIRING_DESTROYED,168.0,7.141716150391788e-253,0.0,1.096393957091439e-248
a000_i020,C528_S,PAIRING_DESTROYED,172.0,2.5450108320704454e-281,0.0,4.0340899073845443e-277
a000_i020,C528_S,PAIRING_DESTROYED,176.0,2.59223873059e-311,0.0,4.254058175312321e-307
a000_i020,C528_S,PAIRING_DESTROYED,180.0,0.0,0.0,0.0
a000_i020,C528_S,PAIRING_DESTROYED,184.0,0.0,0.0,0.0
a000_i020,C528_S,PAIRING_DESTROYED,188.0,0.0,0.0,0.0
a000_i020,C528_S,PAIRING_DESTROYED,192.0,0.0,0.0,0.0
a000_i020,C528_S,PAIRING_DESTROYED,196.0,0.0,0.0,0.0
a000_i020,C528_S,PAIRING_DESTROYED,200.0,0.0,0.0,0.0
a000_i020,C528_S,PAIRING_DESTROYED,204.0,0.0,0.0,0.0
a000_i020,C528_S,PAIRING_DESTROYED,208.0,0.0,0.0,0.0
a000_i020,C528_S,PAIRING_DESTROYED,212.0,0.0,0.0,0.0
a000_i020,C528_S,PAIRING_DESTROYED,216.0,0.0,0.0,0.0
a000_i020,C528_S,PAIRING_DESTROYED,220.0,0.0,0.0,0.0
a000_i020,C528_S,PAIRING_DESTROYED,224.0,0.0,0.0,0.0
a000_i020,C528_S,PAIRING_DESTROYED,228.0,0.0,0.0,0.0
a000_i020,C528_S,PAIRING_DESTROYED,232.0,0.0,0.0,0.0
a000_i020,C528_S,PAIRING_DESTROYED,236.0,0.0,0.0,0.0
a000_i020,C528_S,PAIRING_DESTROYED,240.0,0.0,0.0,0.0
a000_i020,C528_S,PAIRING_DESTROYED,244.0,0.0,0.0,0.0
a000_i020,C528_S,PAIRING_DESTROYED,248.0,0.0,0.0,0.0
a000_i020,C528_S,PAIRING_DESTROYED,252.0,0.0,0.0,0.0
a000_i020,C1056_ST,DIRECT_PHYSICAL,0.0,0.48483663957376527,6.508539115770431e-06,266.61963602279525
a000_i020,C1056_ST,DIRECT_PHYSICAL,4.0,0.48372503782291115,5.425438574950454e-06,260.0928268666309
a000_i020,C1056_ST,DIRECT_PHYSICAL,8.0,0.48211951765317124,4.1769456996963984e-07,241.9799260590619
a000_i020,C1056_ST,DIRECT_PHYSICAL,12.0,0.4569066515904333,2.2713967615747144e-09,209.78134589405525
a000_i020,C1056_ST,DIRECT_PHYSICAL,16.0,0.2887070016693839,5.9123777319843954e-12,148.4342794153324
a000_i020,C1056_ST,DIRECT_PHYSICAL,20.0,0.05331818507958517,7.361104694624853e-15,61.454890636787894
a000_i020,C1056_ST,DIRECT_PHYSICAL,24.0,0.0009041947337582407,2.9287757949416134e-18,8.190621253602863
a000_i020,C1056_ST,DIRECT_PHYSICAL,28.0,6.667282518127316e-07,1.4976875166325147e-22,0.016342569791497175
a000_i020,C1056_ST,DIRECT_PHYSICAL,32.0,1.6880304484372635e-11,7.457045656133894e-28,3.908983347529381e-07
a000_i020,C1056_ST,DIRECT_PHYSICAL,36.0,1.3443675821405378e-17,1.428657139629299e-35,2.955692550452809e-13
a000_i020,C1056_ST,DIRECT_PHYSICAL,40.0,3.2327598799841145e-25,1.5571263337145612e-42,7.164560616635399e-21
a000_i020,C1056_ST,DIRECT_PHYSICAL,44.0,4.1201526759848756e-32,2.0450774972072492e-52,4.2006545637569665e-28
a000_i020,C1056_ST,DIRECT_PHYSICAL,48.0,1.413251490171023e-39,0.0,1.4147907081155182e-35
a000_i020,C1056_ST,DIRECT_PHYSICAL,52.0,1.385096424777146e-48,0.0,1.3852934008299653e-44
a000_i020,C1056_ST,DIRECT_PHYSICAL,56.0,3.8779029019591386e-59,0.0,3.877975342891037e-55
a000_i020,C1056_ST,DIRECT_PHYSICAL,60.0,3.1013986294162147e-71,0.0,3.101406239801234e-67
a000_i020,C1056_ST,DIRECT_PHYSICAL,64.0,7.085334217031021e-85,0.0,7.085336500898395e-81
a000_i020,C1056_ST,DIRECT_PHYSICAL,68.0,4.623863082954946e-100,0.0,4.6238632787388335e-96
a000_i020,C1056_ST,DIRECT_PHYSICAL,72.0,8.619685830531241e-117,0.0,8.619685878474205e-113
a000_i020,C1056_ST,DIRECT_PHYSICAL,76.0,4.590074673879114e-135,0.0,4.590074677232742e-131
a000_i020,C1056_ST,DIRECT_PHYSICAL,80.0,6.982161774814653e-155,0.0,6.982161775484767e-151
a000_i020,C1056_ST,DIRECT_PHYSICAL,84.0,3.0339044946452606e-176,0.0,3.03390449468351e-172
a000_i020,C1056_ST,DIRECT_PHYSICAL,88.0,3.765786947033402e-199,0.0,3.76578694703964e-195
a000_i020,C1056_ST,DIRECT_PHYSICAL,92.0,1.3352156937401825e-223,0.0,1.3352156937404735e-219
a000_i020,C1056_ST,DIRECT_PHYSICAL,96.0,1.352349525297773e-249,0.0,1.3523495252978124e-245
a000_i020,C1056_ST,DIRECT_PHYSICAL,100.0,3.912625847958933e-277,0.0,3.912625847958949e-273
a000_i020,C1056_ST,DIRECT_PHYSICAL,104.0,3.2336240673108834e-306,0.0,3.2336240673108866e-302
a000_i020,C1056_ST,DIRECT_PHYSICAL,108.0,0.0,0.0,0.0
a000_i020,C1056_ST,DIRECT_PHYSICAL,112.0,0.0,0.0,0.0
a000_i020,C1056_ST,DIRECT_PHYSICAL,116.0,0.0,0.0,0.0
a000_i020,C1056_ST,DIRECT_PHYSICAL,120.0,0.0,0.0,0.0
a000_i020,C1056_ST,DIRECT_PHYSICAL,124.0,0.0,0.0,0.0
a000_i020,C1056_ST,DIRECT_PHYSICAL,128.0,0.0,0.0,0.0
a000_i020,C1056_ST,DIRECT_PHYSICAL,132.0,0.0,0.0,0.0
a000_i020,C1056_ST,DIRECT_PHYSICAL,136.0,0.0,0.0,0.0
a000_i020,C1056_ST,DIRECT_PHYSICAL,140.0,0.0,0.0,0.0
a000_i020,C1056_ST,DIRECT_PHYSICAL,144.0,0.0,0.0,0.0
a000_i020,C1056_ST,DIRECT_PHYSICAL,148.0,0.0,0.0,0.0
a000_i020,C1056_ST,DIRECT_PHYSICAL,152.0,0.0,0.0,0.0
a000_i020,C1056_ST,DIRECT_PHYSICAL,156.0,0.0,0.0,0.0
a000_i020,C1056_ST,DIRECT_PHYSICAL,160.0,0.0,0.0,0.0
a000_i020,C1056_ST,DIRECT_PHYSICAL,164.0,0.0,0.0,0.0
a000_i020,C1056_ST,DIRECT_PHYSICAL,168.0,0.0,0.0,0.0
a000_i020,C1056_ST,DIRECT_PHYSICAL,172.0,0.0,0.0,0.0
a000_i020,C1056_ST,DIRECT_PHYSICAL,176.0,0.0,0.0,0.0
a000_i020,C1056_ST,DIRECT_PHYSICAL,180.0,0.0,0.0,0.0
a000_i020,C1056_ST,DIRECT_PHYSICAL,184.0,0.0,0.0,0.0
a000_i020,C1056_ST,DIRECT_PHYSICAL,188.0,0.0,0.0,0.0
a000_i020,C1056_ST,DIRECT_PHYSICAL,192.0,0.0,0.0,0.0
a000_i020,C1056_ST,DIRECT_PHYSICAL,196.0,0.0,0.0,0.0
a000_i020,C1056_ST,DIRECT_PHYSICAL,200.0,0.0,0.0,0.0
a000_i020,C1056_ST,DIRECT_PHYSICAL,204.0,0.0,0.0,0.0
a000_i020,C1056_ST,DIRECT_PHYSICAL,208.0,0.0,0.0,0.0
a000_i020,C1056_ST,DIRECT_PHYSICAL,212.0,0.0,0.0,0.0
a000_i020,C1056_ST,DIRECT_PHYSICAL,216.0,0.0,0.0,0.0
a000_i020,C1056_ST,DIRECT_PHYSICAL,220.0,0.0,0.0,0.0
a000_i020,C1056_ST,DIRECT_PHYSICAL,224.0,0.0,0.0,0.0
a000_i020,C1056_ST,DIRECT_PHYSICAL,228.0,0.0,0.0,0.0
a000_i020,C1056_ST,DIRECT_PHYSICAL,232.0,0.0,0.0,0.0
a000_i020,C1056_ST,DIRECT_PHYSICAL,236.0,0.0,0.0,0.0
a000_i020,C1056_ST,DIRECT_PHYSICAL,240.0,0.0,0.0,0.0
a000_i020,C1056_ST,DIRECT_PHYSICAL,244.0,0.0,0.0,0.0
a000_i020,C1056_ST,DIRECT_PHYSICAL,248.0,0.0,0.0,0.0
a000_i020,C1056_ST,DIRECT_PHYSICAL,252.0,0.0,0.0,0.0
a000_i020,C1056_ST,RESOLVED_PHYSICAL,0.0,0.48483663962701884,6.508541327938547e-06,266.6196741412501
a000_i020,C1056_ST,RESOLVED_PHYSICAL,4.0,0.4837252960842475,5.427389580017956e-06,260.1261220273854
a000_i020,C1056_ST,RESOLVED_PHYSICAL,8.0,0.4821496497103153,4.180576946027474e-07,243.16560951127806
a000_i020,C1056_ST,RESOLVED_PHYSICAL,12.0,0.45728126589129914,2.2828753425879473e-09,213.7765929110872
a000_i020,C1056_ST,RESOLVED_PHYSICAL,16.0,0.2897709866179029,6.475169874271178e-12,160.6693181586402
a000_i020,C1056_ST,RESOLVED_PHYSICAL,20.0,0.05461238692479732,2.2527340685037737e-14,104.84565974699846
a000_i020,C1056_ST,RESOLVED_PHYSICAL,24.0,0.006759078601878006,7.159803493509296e-12,78.81225137456588
a000_i020,C1056_ST,RESOLVED_PHYSICAL,28.0,0.00679287001090703,5.085790458265307e-10,79.11550190791091
a000_i020,C1056_ST,RESOLVED_PHYSICAL,32.0,0.005693349378244453,1.4428390983410229e-08,78.29512830035077
a000_i020,C1056_ST,RESOLVED_PHYSICAL,36.0,0.0034126187255186613,6.860977188429813e-08,64.99262506576105
a000_i020,C1056_ST,RESOLVED_PHYSICAL,40.0,0.0019988258111884568,1.700390905353579e-07,51.06124154425671
a000_i020,C1056_ST,RESOLVED_PHYSICAL,44.0,0.0013544153896129208,2.841584718590463e-07,42.79481971338542
a000_i020,C1056_ST,RESOLVED_PHYSICAL,48.0,0.0009707818505175535,2.0359149694168384e-07,36.39295118293606
a000_i020,C1056_ST,RESOLVED_PHYSICAL,52.0,0.0007383518915744267,8.284831611970966e-09,29.554631084860542
a000_i020,C1056_ST,RESOLVED_PHYSICAL,56.0,0.0005547331244550842,6.757397711398767e-12,23.99571961383823
a000_i020,C1056_ST,RESOLVED_PHYSICAL,60.0,0.00039064189751529315,1.5292619638210792e-16,18.98965956417394
a000_i020,C1056_ST,RESOLVED_PHYSICAL,64.0,0.0002653632565814537,0.0,14.800760183401117
a000_i020,C1056_ST,RESOLVED_PHYSICAL,68.0,0.00021826046591578234,0.0,11.035384501386753
a000_i020,C1056_ST,RESOLVED_PHYSICAL,72.0,0.00015944340049355647,0.0,7.758107926328657
a000_i020,C1056_ST,RESOLVED_PHYSICAL,76.0,7.92458353261867e-05,0.0,4.760210615122954
a000_i020,C1056_ST,RESOLVED_PHYSICAL,80.0,5.4648776954856215e-05,0.0,1.84498833423368
a000_i020,C1056_ST,RESOLVED_PHYSICAL,84.0,1.810900750100482e-05,0.0,0.6443428049840306
a000_i020,C1056_ST,RESOLVED_PHYSICAL,88.0,4.690310340955714e-06,0.0,0.3272778442888502
a000_i020,C1056_ST,RESOLVED_PHYSICAL,92.0,3.58396578262849e-06,0.0,0.19988692243500086
a000_i020,C1056_ST,RESOLVED_PHYSICAL,96.0,1.571121285991886e-06,0.0,0.07057561385313997
a000_i020,C1056_ST,RESOLVED_PHYSICAL,100.0,2.125518214219431e-07,0.0,0.005986541589136811
a000_i020,C1056_ST,RESOLVED_PHYSICAL,104.0,1.3731954608475808e-09,0.0,3.3259624185482124e-05
a000_i020,C1056_ST,RESOLVED_PHYSICAL,108.0,2.697657595857921e-13,0.0,6.1410188495665545e-09
a000_i020,C1056_ST,RESOLVED_PHYSICAL,112.0,1.5423116682982888e-18,0.0,3.3301257975323145e-14
a000_i020,C1056_ST,RESOLVED_PHYSICAL,116.0,2.5436055148624185e-25,0.0,5.203032396463658e-21
a000_i020,C1056_ST,RESOLVED_PHYSICAL,120.0,1.2053340066073304e-33,0.0,2.334100807037588e-29
a000_i020,C1056_ST,RESOLVED_PHYSICAL,124.0,1.6375806938573563e-43,0.0,3.0042482516279244e-39
a000_i020,C1056_ST,RESOLVED_PHYSICAL,128.0,6.3707442314049005e-55,0.0,1.1092413294892363e-50
a000_i020,C1056_ST,RESOLVED_PHYSICAL,132.0,7.091529436615788e-68,0.0,1.1747706876772931e-63
a000_i020,C1056_ST,RESOLVED_PHYSICAL,136.0,2.2575816545956166e-82,0.0,3.568446418334649e-78
a000_i020,C1056_ST,RESOLVED_PHYSICAL,140.0,2.0547724165020054e-98,0.0,3.108541215470728e-94
a000_i020,C1056_ST,RESOLVED_PHYSICAL,144.0,5.345733420857926e-116,0.0,7.764739200353283e-112
a000_i020,C1056_ST,RESOLVED_PHYSICAL,148.0,3.974738982924322e-135,0.0,5.56059778155316e-131
a000_i020,C1056_ST,RESOLVED_PHYSICAL,152.0,8.44540383457885e-156,0.0,1.1414684551995412e-151
a000_i020,C1056_ST,RESOLVED_PHYSICAL,156.0,5.127525963752126e-178,0.0,6.7153932172582435e-174
a000_i020,C1056_ST,RESOLVED_PHYSICAL,160.0,8.894974989669837e-202,0.0,1.1320278911986198e-197
a000_i020,C1056_ST,RESOLVED_PHYSICAL,164.0,4.408703830309866e-227,0.0,5.466780250524531e-223
a000_i020,C1056_ST,RESOLVED_PHYSICAL,168.0,6.24296386055273e-254,0.0,7.561446627601719e-250
a000_i020,C1056_ST,RESOLVED_PHYSICAL,172.0,2.5256437540100785e-282,0.0,2.99493719329973e-278
a000_i020,C1056_ST,RESOLVED_PHYSICAL,176.0,2.9190725919e-312,0.0,3.39619733890666e-308
a000_i020,C1056_ST,RESOLVED_PHYSICAL,180.0,0.0,0.0,0.0
a000_i020,C1056_ST,RESOLVED_PHYSICAL,184.0,0.0,0.0,0.0
a000_i020,C1056_ST,RESOLVED_PHYSICAL,188.0,0.0,0.0,0.0
a000_i020,C1056_ST,RESOLVED_PHYSICAL,192.0,0.0,0.0,0.0
a000_i020,C1056_ST,RESOLVED_PHYSICAL,196.0,0.0,0.0,0.0
a000_i020,C1056_ST,RESOLVED_PHYSICAL,200.0,0.0,0.0,0.0
a000_i020,C1056_ST,RESOLVED_PHYSICAL,204.0,0.0,0.0,0.0
a000_i020,C1056_ST,RESOLVED_PHYSICAL,208.0,0.0,0.0,0.0
a000_i020,C1056_ST,RESOLVED_PHYSICAL,212.0,0.0,0.0,0.0
a000_i020,C1056_ST,RESOLVED_PHYSICAL,216.0,0.0,0.0,0.0
a000_i020,C1056_ST,RESOLVED_PHYSICAL,220.0,0.0,0.0,0.0
a000_i020,C1056_ST,RESOLVED_PHYSICAL,224.0,0.0,0.0,0.0
a000_i020,C1056_ST,RESOLVED_PHYSICAL,228.0,0.0,0.0,0.0
a000_i020,C1056_ST,RESOLVED_PHYSICAL,232.0,0.0,0.0,0.0
a000_i020,C1056_ST,RESOLVED_PHYSICAL,236.0,0.0,0.0,0.0
a000_i020,C1056_ST,RESOLVED_PHYSICAL,240.0,0.0,0.0,0.0
a000_i020,C1056_ST,RESOLVED_PHYSICAL,244.0,0.0,0.0,0.0
a000_i020,C1056_ST,RESOLVED_PHYSICAL,248.0,0.0,0.0,0.0
a000_i020,C1056_ST,RESOLVED_PHYSICAL,252.0,0.0,0.0,0.0
a000_i020,C1056_ST,DELAY_ONLY,0.0,0.48483663985963915,6.508544790385462e-06,266.6197204243522
a000_i020,C1056_ST,DELAY_ONLY,4.0,0.48372555566518183,5.4277833898079175e-06,260.1786328809438
a000_i020,C1056_ST,DELAY_ONLY,8.0,0.4821582449942448,4.3363399496606303e-07,245.30337502364202
a000_i020,C1056_ST,DELAY_ONLY,12.0,0.4571704799060662,6.624556559027601e-08,222.9691533933646
a000_i020,C1056_ST,DELAY_ONLY,16.0,0.28925523212384274,8.358372586869238e-08,177.78507422651356
a000_i020,C1056_ST,DELAY_ONLY,20.0,0.05411071233667146,5.454716928976221e-08,123.50060763252124
a000_i020,C1056_ST,DELAY_ONLY,24.0,0.012282578460483817,3.762074281861083e-08,98.84362108716992
a000_i020,C1056_ST,DELAY_ONLY,28.0,0.01296487889000644,4.2178761346059496e-08,102.45027666956304
a000_i020,C1056_ST,DELAY_ONLY,32.0,0.01291067492817436,4.9184190246623714e-08,106.71069984275172
a000_i020,C1056_ST,DELAY_ONLY,36.0,0.012564168728793245,4.341572082037227e-08,103.20060252413802
a000_i020,C1056_ST,DELAY_ONLY,40.0,0.011674463321610887,3.539890849027387e-08,95.55889641963668
a000_i020,C1056_ST,DELAY_ONLY,44.0,0.011117376685358525,2.7136022549149756e-08,87.0479728252084
a000_i020,C1056_ST,DELAY_ONLY,48.0,0.010440774423100214,2.1802774443468696e-08,77.46716354399908
a000_i020,C1056_ST,DELAY_ONLY,52.0,0.009864167173009277,2.0091154406057123e-08,70.72305852669211
a000_i020,C1056_ST,DELAY_ONLY,56.0,0.005275275070470452,1.4813706750768933e-08,62.796664583480094
a000_i020,C1056_ST,DELAY_ONLY,60.0,0.0026478397031186205,6.664528865525613e-09,53.02936569894565
a000_i020,C1056_ST,DELAY_ONLY,64.0,0.0021772640350273195,3.795037911691178e-09,43.794681543852974
a000_i020,C1056_ST,DELAY_ONLY,68.0,0.0016118537335806952,1.874601279404489e-10,33.07904852720814
a000_i020,C1056_ST,DELAY_ONLY,72.0,0.0015900789531835633,5.2573717350921e-12,21.75014526459357
a000_i020,C1056_ST,DELAY_ONLY,76.0,0.0013732864978930402,3.157992336160841e-16,13.84593359411565
a000_i020,C1056_ST,DELAY_ONLY,80.0,0.00032807759255636213,0.0,6.523813173210249
a000_i020,C1056_ST,DELAY_ONLY,84.0,9.180675764958158e-05,0.0,2.9008075902431103
a000_i020,C1056_ST,DELAY_ONLY,88.0,9.117693579524931e-05,0.0,1.8036515234385866
a000_i020,C1056_ST,DELAY_ONLY,92.0,7.55471107189612e-05,0.0,1.1526804828987702
a000_i020,C1056_ST,DELAY_ONLY,96.0,1.2343416157625894e-05,0.0,0.2542241856326261
a000_i020,C1056_ST,DELAY_ONLY,100.0,5.145465014312274e-07,0.0,0.00816573440061403
a000_i020,C1056_ST,DELAY_ONLY,104.0,3.2804115677682274e-09,0.0,3.9345965533447333e-05
a000_i020,C1056_ST,DELAY_ONLY,108.0,6.359098987742859e-13,0.0,7.410922446093078e-09
a000_i020,C1056_ST,DELAY_ONLY,112.0,3.57068839538539e-18,0.0,4.12378873864725e-14
a000_i020,C1056_ST,DELAY_ONLY,116.0,5.765190652314518e-25,0.0,6.608412674010787e-21
a000_i020,C1056_ST,DELAY_ONLY,120.0,2.672020510205362e-33,0.0,3.039042486833439e-29
a000_i020,C1056_ST,DELAY_ONLY,124.0,3.5524558555251206e-43,0.0,4.007460317989971e-39
a000_i020,C1056_ST,DELAY_ONLY,128.0,1.3541803879811187e-54,0.0,1.5148056165881378e-50
a000_i020,C1056_ST,DELAY_ONLY,132.0,1.4794757203115736e-67,0.0,1.6409764768655038e-63
a000_i020,C1056_ST,DELAY_ONLY,136.0,4.6308637918734644e-82,0.0,5.09348217467943e-78
a000_i020,C1056_ST,DELAY_ONLY,140.0,4.1513697296012866e-98,0.0,4.5290158952287913e-94
a000_i020,C1056_ST,DELAY_ONLY,144.0,1.0655204107324594e-115,0.0,1.1533983074467235e-111
a000_i020,C1056_ST,DELAY_ONLY,148.0,7.828024936415941e-135,0.0,8.411086822433e-131
a000_i020,C1056_ST,DELAY_ONLY,152.0,1.6457158112953744e-155,0.0,1.7560441672550368e-151
a000_i020,C1056_ST,DELAY_ONLY,156.0,9.898607946532277e-178,0.0,1.0494110397390958e-173
a000_i020,C1056_ST,DELAY_ONLY,160.0,1.703043661604045e-201,0.0,1.794745983636597e-197
a000_i020,C1056_ST,DELAY_ONLY,164.0,8.379841336864885e-227,0.0,8.782785473038861e-223
a000_i020,C1056_ST,DELAY_ONLY,168.0,1.1790692250520788e-253,0.0,1.2295977044014173e-249
a000_i020,C1056_ST,DELAY_ONLY,172.0,4.743288836516206e-282,0.0,4.924133767121077e-278
a000_i020,C1056_ST,DELAY_ONLY,176.0,5.455154086114e-312,0.0,5.639910934241406e-308
a000_i020,C1056_ST,DELAY_ONLY,180.0,0.0,0.0,0.0
a000_i020,C1056_ST,DELAY_ONLY,184.0,0.0,0.0,0.0
a000_i020,C1056_ST,DELAY_ONLY,188.0,0.0,0.0,0.0
a000_i020,C1056_ST,DELAY_ONLY,192.0,0.0,0.0,0.0
a000_i020,C1056_ST,DELAY_ONLY,196.0,0.0,0.0,0.0
a000_i020,C1056_ST,DELAY_ONLY,200.0,0.0,0.0,0.0
a000_i020,C1056_ST,DELAY_ONLY,204.0,0.0,0.0,0.0
a000_i020,C1056_ST,DELAY_ONLY,208.0,0.0,0.0,0.0
a000_i020,C1056_ST,DELAY_ONLY,212.0,0.0,0.0,0.0
a000_i020,C1056_ST,DELAY_ONLY,216.0,0.0,0.0,0.0
a000_i020,C1056_ST,DELAY_ONLY,220.0,0.0,0.0,0.0
a000_i020,C1056_ST,DELAY_ONLY,224.0,0.0,0.0,0.0
a000_i020,C1056_ST,DELAY_ONLY,228.0,0.0,0.0,0.0
a000_i020,C1056_ST,DELAY_ONLY,232.0,0.0,0.0,0.0
a000_i020,C1056_ST,DELAY_ONLY,236.0,0.0,0.0,0.0
a000_i020,C1056_ST,DELAY_ONLY,240.0,0.0,0.0,0.0
a000_i020,C1056_ST,DELAY_ONLY,244.0,0.0,0.0,0.0
a000_i020,C1056_ST,DELAY_ONLY,248.0,0.0,0.0,0.0
a000_i020,C1056_ST,DELAY_ONLY,252.0,0.0,0.0,0.0
a000_i020,C1056_ST,SPATIAL_ONLY,0.0,0.48695436115891894,7.783926968284426e-05,276.05462706965324
a000_i020,C1056_ST,SPATIAL_ONLY,4.0,0.485994991832683,7.025630967150568e-05,269.2040955290202
a000_i020,C1056_ST,SPATIAL_ONLY,8.0,0.4838385718892099,4.08681166226202e-05,251.03903345253173
a000_i020,C1056_ST,SPATIAL_ONLY,12.0,0.458303067797423,1.2621765168895916e-05,219.15594951250915
a000_i020,C1056_ST,SPATIAL_ONLY,16.0,0.2895878847971515,2.512942825511889e-06,161.0925540811657
a000_i020,C1056_ST,SPATIAL_ONLY,20.0,0.053459401649710685,3.2777927759255245e-07,71.48525103728
a000_i020,C1056_ST,SPATIAL_ONLY,24.0,0.0009074348283960791,2.680909566779855e-09,9.202716890777907
a000_i020,C1056_ST,SPATIAL_ONLY,28.0,1.3508888531342822e-05,5.504700025303069e-13,0.19141345909507643
a000_i020,C1056_ST,SPATIAL_ONLY,32.0,5.957972021773988e-07,6.215370416032225e-18,0.006475002469663492
a000_i020,C1056_ST,SPATIAL_ONLY,36.0,8.656653766823613e-10,3.403650775973698e-24,9.078235796979766e-06
a000_i020,C1056_ST,SPATIAL_ONLY,40.0,3.636155324671816e-14,5.048517970818495e-32,3.793438860505823e-10
a000_i020,C1056_ST,SPATIAL_ONLY,44.0,4.367151307213409e-20,0.0,4.552925197589954e-16
a000_i020,C1056_ST,SPATIAL_ONLY,48.0,1.4984093655025675e-27,0.0,1.562009030497596e-23
a000_i020,C1056_ST,SPATIAL_ONLY,52.0,1.4686133206179742e-36,0.0,1.5309301391802532e-32
a000_i020,C1056_ST,SPATIAL_ONLY,56.0,4.111748485564298e-47,0.0,4.286213249289795e-43
a000_i020,C1056_ST,SPATIAL_ONLY,60.0,3.2884215396015066e-59,0.0,3.427951183499349e-55
a000_i020,C1056_ST,SPATIAL_ONLY,64.0,7.512600098830199e-73,0.0,7.831363892189233e-69
a000_i020,C1056_ST,SPATIAL_ONLY,68.0,4.9026952830612824e-88,0.0,5.110719347958807e-84
a000_i020,C1056_ST,SPATIAL_ONLY,72.0,9.139477611490093e-105,0.0,9.527270682921747e-101
a000_i020,C1056_ST,SPATIAL_ONLY,76.0,4.8668693441862266e-123,0.0,5.073373292074887e-119
a000_i020,C1056_ST,SPATIAL_ONLY,80.0,7.403206159638114e-143,0.0,7.717328276050483e-139
a000_i020,C1056_ST,SPATIAL_ONLY,84.0,3.2168576390774093e-164,0.0,3.353350681141712e-160
a000_i020,C1056_ST,SPATIAL_ONLY,88.0,3.992874702907932e-187,0.0,4.1622945765632556e-183
a000_i020,C1056_ST,SPATIAL_ONLY,92.0,1.4157330304257008e-211,0.0,1.4758033629531905e-207
a000_i020,C1056_ST,SPATIAL_ONLY,96.0,1.4339000811782997e-237,0.0,1.4947412516789762e-233
a000_i020,C1056_ST,SPATIAL_ONLY,100.0,4.14856841079846e-265,0.0,4.3245944542642625e-261
a000_i020,C1056_ST,SPATIAL_ONLY,104.0,3.428620874914891e-294,0.0,3.574099147753441e-290
a000_i020,C1056_ST,SPATIAL_ONLY,108.0,0.0,0.0,0.0
a000_i020,C1056_ST,SPATIAL_ONLY,112.0,0.0,0.0,0.0
a000_i020,C1056_ST,SPATIAL_ONLY,116.0,0.0,0.0,0.0
a000_i020,C1056_ST,SPATIAL_ONLY,120.0,0.0,0.0,0.0
a000_i020,C1056_ST,SPATIAL_ONLY,124.0,0.0,0.0,0.0
a000_i020,C1056_ST,SPATIAL_ONLY,128.0,0.0,0.0,0.0
a000_i020,C1056_ST,SPATIAL_ONLY,132.0,0.0,0.0,0.0
a000_i020,C1056_ST,SPATIAL_ONLY,136.0,0.0,0.0,0.0
a000_i020,C1056_ST,SPATIAL_ONLY,140.0,0.0,0.0,0.0
a000_i020,C1056_ST,SPATIAL_ONLY,144.0,0.0,0.0,0.0
a000_i020,C1056_ST,SPATIAL_ONLY,148.0,0.0,0.0,0.0
a000_i020,C1056_ST,SPATIAL_ONLY,152.0,0.0,0.0,0.0
a000_i020,C1056_ST,SPATIAL_ONLY,156.0,0.0,0.0,0.0
a000_i020,C1056_ST,SPATIAL_ONLY,160.0,0.0,0.0,0.0
a000_i020,C1056_ST,SPATIAL_ONLY,164.0,0.0,0.0,0.0
a000_i020,C1056_ST,SPATIAL_ONLY,168.0,0.0,0.0,0.0
a000_i020,C1056_ST,SPATIAL_ONLY,172.0,0.0,0.0,0.0
a000_i020,C1056_ST,SPATIAL_ONLY,176.0,0.0,0.0,0.0
a000_i020,C1056_ST,SPATIAL_ONLY,180.0,0.0,0.0,0.0
a000_i020,C1056_ST,SPATIAL_ONLY,184.0,0.0,0.0,0.0
a000_i020,C1056_ST,SPATIAL_ONLY,188.0,0.0,0.0,0.0
a000_i020,C1056_ST,SPATIAL_ONLY,192.0,0.0,0.0,0.0
a000_i020,C1056_ST,SPATIAL_ONLY,196.0,0.0,0.0,0.0
a000_i020,C1056_ST,SPATIAL_ONLY,200.0,0.0,0.0,0.0
a000_i020,C1056_ST,SPATIAL_ONLY,204.0,0.0,0.0,0.0
a000_i020,C1056_ST,SPATIAL_ONLY,208.0,0.0,0.0,0.0
a000_i020,C1056_ST,SPATIAL_ONLY,212.0,0.0,0.0,0.0
a000_i020,C1056_ST,SPATIAL_ONLY,216.0,0.0,0.0,0.0
a000_i020,C1056_ST,SPATIAL_ONLY,220.0,0.0,0.0,0.0
a000_i020,C1056_ST,SPATIAL_ONLY,224.0,0.0,0.0,0.0
a000_i020,C1056_ST,SPATIAL_ONLY,228.0,0.0,0.0,0.0
a000_i020,C1056_ST,SPATIAL_ONLY,232.0,0.0,0.0,0.0
a000_i020,C1056_ST,SPATIAL_ONLY,236.0,0.0,0.0,0.0
a000_i020,C1056_ST,SPATIAL_ONLY,240.0,0.0,0.0,0.0
a000_i020,C1056_ST,SPATIAL_ONLY,244.0,0.0,0.0,0.0
a000_i020,C1056_ST,SPATIAL_ONLY,248.0,0.0,0.0,0.0
a000_i020,C1056_ST,SPATIAL_ONLY,252.0,0.0,0.0,0.0
a000_i020,C1056_ST,UNRESOLVED_IMAGE,0.0,0.47755178370234663,6.4054577870414786e-06,265.810527758662
a000_i020,C1056_ST,UNRESOLVED_IMAGE,4.0,0.4763469382487936,5.340485204873816e-06,259.29652153670884
a000_i020,C1056_ST,UNRESOLVED_IMAGE,8.0,0.47475510010072286,4.114377758837462e-07,241.23693472738924
a000_i020,C1056_ST,UNRESOLVED_IMAGE,12.0,0.4498937507871832,2.2370309168764085e-09,209.15146754292502
a000_i020,C1056_ST,UNRESOLVED_IMAGE,16.0,0.2843274064110177,5.840860579143867e-12,148.15930881037593
a000_i020,C1056_ST,UNRESOLVED_IMAGE,20.0,0.052536617890782206,1.1221006820259013e-14,63.8522403371289
a000_i020,C1056_ST,UNRESOLVED_IMAGE,24.0,0.0009144896879193424,1.1594635117758237e-13,14.185820138336936
a000_i020,C1056_ST,UNRESOLVED_IMAGE,28.0,0.000119702863866876,7.897647352360317e-12,7.0247677012029035
a000_i020,C1056_ST,UNRESOLVED_IMAGE,32.0,0.00010301768976206727,2.2070655658423584e-10,6.469816456339814
a000_i020,C1056_ST,UNRESOLVED_IMAGE,36.0,6.54166401280408e-05,9.968515971989938e-10,4.440567231706819
a000_i020,C1056_ST,UNRESOLVED_IMAGE,40.0,3.486203325125746e-05,2.1500015541876215e-10,2.707477499700422
a000_i020,C1056_ST,UNRESOLVED_IMAGE,44.0,2.4167768611569967e-05,1.5305577540720063e-10,1.69937725942951
a000_i020,C1056_ST,UNRESOLVED_IMAGE,48.0,1.8578761323424846e-05,1.1575607136511036e-10,1.1338280812552297
a000_i020,C1056_ST,UNRESOLVED_IMAGE,52.0,1.4788173214719811e-05,4.527566400748942e-12,0.8489634916511855
a000_i020,C1056_ST,UNRESOLVED_IMAGE,56.0,1.2127638930774422e-05,3.5400054403906934e-15,0.6586722283919921
a000_i020,C1056_ST,UNRESOLVED_IMAGE,60.0,1.0082465812636204e-05,7.991436402106602e-20,0.4901976203802491
a000_i020,C1056_ST,UNRESOLVED_IMAGE,64.0,5.435656793616826e-06,0.0,0.34567793701777627
a000_i020,C1056_ST,UNRESOLVED_IMAGE,68.0,3.0411548222065642e-06,0.0,0.22547339384016793
a000_i020,C1056_ST,UNRESOLVED_IMAGE,72.0,2.249512119754614e-06,0.0,0.1427234277330991
a000_i020,C1056_ST,UNRESOLVED_IMAGE,76.0,1.1527980278855487e-06,0.0,0.07439074254055657
a000_i020,C1056_ST,UNRESOLVED_IMAGE,80.0,6.732659439884288e-07,0.0,0.020610197208367095
a000_i020,C1056_ST,UNRESOLVED_IMAGE,84.0,1.812607051962653e-07,0.0,0.0031104791432190453
a000_i020,C1056_ST,UNRESOLVED_IMAGE,88.0,4.07444999913629e-09,0.0,0.00019879645519297172
a000_i020,C1056_ST,UNRESOLVED_IMAGE,92.0,1.8101592819566068e-09,0.0,9.959690388412704e-05
a000_i020,C1056_ST,UNRESOLVED_IMAGE,96.0,7.876873568709517e-10,0.0,3.463161512070648e-05
a000_i020,C1056_ST,UNRESOLVED_IMAGE,100.0,1.029138923011535e-10,0.0,2.87430681211024e-06
a000_i020,C1056_ST,UNRESOLVED_IMAGE,104.0,6.657651607233514e-13,0.0,1.5919871717486198e-08
a000_i020,C1056_ST,UNRESOLVED_IMAGE,108.0,1.3091028418908115e-16,0.0,2.9407310836027845e-12
a000_i020,C1056_ST,UNRESOLVED_IMAGE,112.0,7.486399838086627e-22,0.0,1.5957652247301476e-17
a000_i020,C1056_ST,UNRESOLVED_IMAGE,116.0,1.2346911050928108e-28,0.0,2.4949949928397778e-24
a000_i020,C1056_ST,UNRESOLVED_IMAGE,120.0,5.850526396309734e-37,0.0,1.1200584889398384e-32
a000_i020,C1056_ST,UNRESOLVED_IMAGE,124.0,7.948136527628578e-47,0.0,1.4426639443376343e-42
a000_i020,C1056_ST,UNRESOLVED_IMAGE,128.0,3.091937099370382e-58,0.0,5.33042035150858e-54
a000_i020,C1056_ST,UNRESOLVED_IMAGE,132.0,3.4416144823478824e-71,0.0,5.649238226651455e-67
a000_i020,C1056_ST,UNRESOLVED_IMAGE,136.0,1.0955979373478813e-85,0.0,1.7171582715876031e-81
a000_i020,C1056_ST,UNRESOLVED_IMAGE,140.0,9.971484696678253e-102,0.0,1.4968318229385298e-97
a000_i020,C1056_ST,UNRESOLVED_IMAGE,144.0,2.594143925142676e-119,0.0,3.741256770628514e-115
a000_i020,C1056_ST,UNRESOLVED_IMAGE,148.0,1.9288029127529683e-138,0.0,2.680858519527051e-134
a000_i020,C1056_ST,UNRESOLVED_IMAGE,152.0,4.098203634786482e-159,0.0,5.506357564144812e-155
a000_i020,C1056_ST,UNRESOLVED_IMAGE,156.0,2.488146563378385e-181,0.0,3.241197391185243e-177
a000_i020,C1056_ST,UNRESOLVED_IMAGE,160.0,4.31627068975505e-205,0.0,5.466503374007573e-201
a000_i020,C1056_ST,UNRESOLVED_IMAGE,164.0,2.1392986424525903e-230,0.0,2.6411146949797212e-226
a000_i020,C1056_ST,UNRESOLVED_IMAGE,168.0,3.0293428182292415e-257,0.0,3.65467207863337e-253
a000_i020,C1056_ST,UNRESOLVED_IMAGE,172.0,1.2255393599080061e-285,0.0,1.448118551149505e-281
a000_i020,C1056_ST,UNRESOLVED_IMAGE,176.0,1.416439433e-315,0.0,1.6427356937335e-311
a000_i020,C1056_ST,UNRESOLVED_IMAGE,180.0,0.0,0.0,0.0
a000_i020,C1056_ST,UNRESOLVED_IMAGE,184.0,0.0,0.0,0.0
a000_i020,C1056_ST,UNRESOLVED_IMAGE,188.0,0.0,0.0,0.0
a000_i020,C1056_ST,UNRESOLVED_IMAGE,192.0,0.0,0.0,0.0
a000_i020,C1056_ST,UNRESOLVED_IMAGE,196.0,0.0,0.0,0.0
a000_i020,C1056_ST,UNRESOLVED_IMAGE,200.0,0.0,0.0,0.0
a000_i020,C1056_ST,UNRESOLVED_IMAGE,204.0,0.0,0.0,0.0
a000_i020,C1056_ST,UNRESOLVED_IMAGE,208.0,0.0,0.0,0.0
a000_i020,C1056_ST,UNRESOLVED_IMAGE,212.0,0.0,0.0,0.0
a000_i020,C1056_ST,UNRESOLVED_IMAGE,216.0,0.0,0.0,0.0
a000_i020,C1056_ST,UNRESOLVED_IMAGE,220.0,0.0,0.0,0.0
a000_i020,C1056_ST,UNRESOLVED_IMAGE,224.0,0.0,0.0,0.0
a000_i020,C1056_ST,UNRESOLVED_IMAGE,228.0,0.0,0.0,0.0
a000_i020,C1056_ST,UNRESOLVED_IMAGE,232.0,0.0,0.0,0.0
a000_i020,C1056_ST,UNRESOLVED_IMAGE,236.0,0.0,0.0,0.0
a000_i020,C1056_ST,UNRESOLVED_IMAGE,240.0,0.0,0.0,0.0
a000_i020,C1056_ST,UNRESOLVED_IMAGE,244.0,0.0,0.0,0.0
a000_i020,C1056_ST,UNRESOLVED_IMAGE,248.0,0.0,0.0,0.0
a000_i020,C1056_ST,UNRESOLVED_IMAGE,252.0,0.0,0.0,0.0
a000_i020,C1056_ST,EQUALIZED_ORDER_SENSITIVITY,0.0,0.48483664670619464,6.508834800431756e-06,266.6247378271661
a000_i020,C1056_ST,EQUALIZED_ORDER_SENSITIVITY,4.0,0.48375967045926344,5.546207701803558e-06,263.35415467400384
a000_i020,C1056_ST,EQUALIZED_ORDER_SENSITIVITY,8.0,0.48641488064020566,4.265827763672443e-07,273.8331657045696
a000_i020,C1056_ST,EQUALIZED_ORDER_SENSITIVITY,12.0,0.6191316615329863,2.4187811153846066e-09,277.72253754511775
a000_i020,C1056_ST,EQUALIZED_ORDER_SENSITIVITY,16.0,0.8251928786844523,7.61391595441344e-12,273.1408086334891
a000_i020,C1056_ST,EQUALIZED_ORDER_SENSITIVITY,20.0,0.8703278685762394,1.2688899592688811e-12,272.41148853232716
a000_i020,C1056_ST,EQUALIZED_ORDER_SENSITIVITY,24.0,0.9028606239999917,8.659745075926443e-10,286.0762799116321
a000_i020,C1056_ST,EQUALIZED_ORDER_SENSITIVITY,28.0,0.9492619435798136,7.162114274774197e-08,318.7178282972711
a000_i020,C1056_ST,EQUALIZED_ORDER_SENSITIVITY,32.0,1.1287336852370087,2.248746072916129e-06,337.04000079060114
a000_i020,C1056_ST,EQUALIZED_ORDER_SENSITIVITY,36.0,1.1643584768923518,1.2127676856680622e-05,341.4870528458311
a000_i020,C1056_ST,EQUALIZED_ORDER_SENSITIVITY,40.0,1.1205893459481666,3.6695535434610203e-05,349.8932291212094
a000_i020,C1056_ST,EQUALIZED_ORDER_SENSITIVITY,44.0,1.0926337450833747,0.00018410116486277533,361.56777040476123
a000_i020,C1056_ST,EQUALIZED_ORDER_SENSITIVITY,48.0,0.9237713289348629,0.0005260002921599057,363.53292695135224
a000_i020,C1056_ST,EQUALIZED_ORDER_SENSITIVITY,52.0,0.5042379974821191,4.269754906296781e-05,328.0454515640029
a000_i020,C1056_ST,EQUALIZED_ORDER_SENSITIVITY,56.0,0.27780968308795506,3.541132133142104e-08,269.7502643955971
a000_i020,C1056_ST,EQUALIZED_ORDER_SENSITIVITY,60.0,0.18159991146159885,8.020903185092679e-13,223.59589562105234
a000_i020,C1056_ST,EQUALIZED_ORDER_SENSITIVITY,64.0,0.11618735616404859,0.0,191.4298582201536
a000_i020,C1056_ST,EQUALIZED_ORDER_SENSITIVITY,68.0,0.07570992832226915,0.0,163.9293625566827
a000_i020,C1056_ST,EQUALIZED_ORDER_SENSITIVITY,72.0,0.05326570318097014,0.0,144.6243899686643
a000_i020,C1056_ST,EQUALIZED_ORDER_SENSITIVITY,76.0,0.04302201397975048,0.0,125.94047174102262
a000_i020,C1056_ST,EQUALIZED_ORDER_SENSITIVITY,80.0,0.03671096839662046,0.0,106.33151667618839
a000_i020,C1056_ST,EQUALIZED_ORDER_SENSITIVITY,84.0,0.0298137172898516,0.0,91.68062040177621
a000_i020,C1056_ST,EQUALIZED_ORDER_SENSITIVITY,88.0,0.02451617293869554,0.0,77.08309302014169
a000_i020,C1056_ST,EQUALIZED_ORDER_SENSITIVITY,92.0,0.018797486543578615,0.0,58.82940737598483
a000_i020,C1056_ST,EQUALIZED_ORDER_SENSITIVITY,96.0,0.008240353363102231,0.0,35.9523244058097
a000_i020,C1056_ST,EQUALIZED_ORDER_SENSITIVITY,100.0,0.0011148102518300858,0.0,9.745070958186524
a000_i020,C1056_ST,EQUALIZED_ORDER_SENSITIVITY,104.0,7.202254806748891e-06,0.0,0.16961411117697045
a000_i020,C1056_ST,EQUALIZED_ORDER_SENSITIVITY,108.0,1.4148908833952923e-09,0.0,3.220876790745336e-05
a000_i020,C1056_ST,EQUALIZED_ORDER_SENSITIVITY,112.0,8.089250178303062e-15,0.0,1.746613298357276e-10
a000_i020,C1056_ST,EQUALIZED_ORDER_SENSITIVITY,116.0,1.3340923101058986e-21,0.0,2.7289316164772847e-17
a000_i020,C1056_ST,EQUALIZED_ORDER_SENSITIVITY,120.0,6.321840473800632e-30,0.0,1.2242094615246377e-25
a000_i020,C1056_ST,EQUALIZED_ORDER_SENSITIVITY,124.0,8.588925437092212e-40,0.0,1.575694213087401e-35
a000_i020,C1056_ST,EQUALIZED_ORDER_SENSITIVITY,128.0,3.34138326053618e-51,0.0,5.817845255785573e-47
a000_i020,C1056_ST,EQUALIZED_ORDER_SENSITIVITY,132.0,3.71942694454744e-64,0.0,6.16153932443753e-60
a000_i020,C1056_ST,EQUALIZED_ORDER_SENSITIVITY,136.0,1.1840760319294524e-78,0.0,1.8716097672805573e-74
a000_i020,C1056_ST,EQUALIZED_ORDER_SENSITIVITY,140.0,1.0777048814589137e-94,0.0,1.630394692484797e-90
a000_i020,C1056_ST,EQUALIZED_ORDER_SENSITIVITY,144.0,2.8037766890234187e-112,0.0,4.0725178478508865e-108
a000_i020,C1056_ST,EQUALIZED_ORDER_SENSITIVITY,148.0,2.0847056199609999e-131,0.0,2.9164706148874827e-127
a000_i020,C1056_ST,EQUALIZED_ORDER_SENSITIVITY,152.0,4.429518746368947e-152,0.0,5.986872883441349e-148
a000_i020,C1056_ST,EQUALIZED_ORDER_SENSITIVITY,156.0,2.6893293469211764e-174,0.0,3.522147753703908e-170
a000_i020,C1056_ST,EQUALIZED_ORDER_SENSITIVITY,160.0,4.665313730043826e-198,0.0,5.937358193513604e-194
a000_i020,C1056_ST,EQUALIZED_ORDER_SENSITIVITY,164.0,2.3123152718392134e-223,0.0,2.8672643814652456e-219
a000_i020,C1056_ST,EQUALIZED_ORDER_SENSITIVITY,168.0,3.274363901936629e-250,0.0,3.965893193821478e-246
a000_i020,C1056_ST,EQUALIZED_ORDER_SENSITIVITY,172.0,1.3246715697870668e-278,0.0,1.5708106683545338e-274
a000_i020,C1056_ST,EQUALIZED_ORDER_SENSITIVITY,176.0,1.531020543372785e-308,0.0,1.7812670740911748e-304
a000_i020,C1056_ST,EQUALIZED_ORDER_SENSITIVITY,180.0,0.0,0.0,0.0
a000_i020,C1056_ST,EQUALIZED_ORDER_SENSITIVITY,184.0,0.0,0.0,0.0
a000_i020,C1056_ST,EQUALIZED_ORDER_SENSITIVITY,188.0,0.0,0.0,0.0
a000_i020,C1056_ST,EQUALIZED_ORDER_SENSITIVITY,192.0,0.0,0.0,0.0
a000_i020,C1056_ST,EQUALIZED_ORDER_SENSITIVITY,196.0,0.0,0.0,0.0
a000_i020,C1056_ST,EQUALIZED_ORDER_SENSITIVITY,200.0,0.0,0.0,0.0
a000_i020,C1056_ST,EQUALIZED_ORDER_SENSITIVITY,204.0,0.0,0.0,0.0
a000_i020,C1056_ST,EQUALIZED_ORDER_SENSITIVITY,208.0,0.0,0.0,0.0
a000_i020,C1056_ST,EQUALIZED_ORDER_SENSITIVITY,212.0,0.0,0.0,0.0
a000_i020,C1056_ST,EQUALIZED_ORDER_SENSITIVITY,216.0,0.0,0.0,0.0
a000_i020,C1056_ST,EQUALIZED_ORDER_SENSITIVITY,220.0,0.0,0.0,0.0
a000_i020,C1056_ST,EQUALIZED_ORDER_SENSITIVITY,224.0,0.0,0.0,0.0
a000_i020,C1056_ST,EQUALIZED_ORDER_SENSITIVITY,228.0,0.0,0.0,0.0
a000_i020,C1056_ST,EQUALIZED_ORDER_SENSITIVITY,232.0,0.0,0.0,0.0
a000_i020,C1056_ST,EQUALIZED_ORDER_SENSITIVITY,236.0,0.0,0.0,0.0
a000_i020,C1056_ST,EQUALIZED_ORDER_SENSITIVITY,240.0,0.0,0.0,0.0
a000_i020,C1056_ST,EQUALIZED_ORDER_SENSITIVITY,244.0,0.0,0.0,0.0
a000_i020,C1056_ST,EQUALIZED_ORDER_SENSITIVITY,248.0,0.0,0.0,0.0
a000_i020,C1056_ST,EQUALIZED_ORDER_SENSITIVITY,252.0,0.0,0.0,0.0
a000_i020,C1056_ST,PAIRING_DESTROYED,0.0,1.909130028208228,9.80135252567775e-06,389.8079955703618
a000_i020,C1056_ST,PAIRING_DESTROYED,4.0,1.6293929769507818,8.984446509969643e-06,381.8005702107881
a000_i020,C1056_ST,PAIRING_DESTROYED,8.0,1.2376028755449817,1.0778316757254286e-05,368.15852140314945
a000_i020,C1056_ST,PAIRING_DESTROYED,12.0,1.0283163077414068,1.533289415035085e-05,351.5306859290708
a000_i020,C1056_ST,PAIRING_DESTROYED,16.0,0.9093994400719991,1.4201400076586818e-05,319.5510798409832
a000_i020,C1056_ST,PAIRING_DESTROYED,20.0,0.31708648277336016,9.77611012014562e-06,246.0578501576384
a000_i020,C1056_ST,PAIRING_DESTROYED,24.0,0.07104170387227769,1.4631792033514838e-06,177.33064189627598
a000_i020,C1056_ST,PAIRING_DESTROYED,28.0,0.07285504208247023,1.3698659820320797e-06,171.89783858042153
a000_i020,C1056_ST,PAIRING_DESTROYED,32.0,0.06370304151723016,1.5310915951881169e-06,163.09866899412572
a000_i020,C1056_ST,PAIRING_DESTROYED,36.0,0.03775093392661581,1.320100585339354e-06,142.08298305897475
a000_i020,C1056_ST,PAIRING_DESTROYED,40.0,0.026253921828062715,5.021607432969598e-07,124.40558648882109
a000_i020,C1056_ST,PAIRING_DESTROYED,44.0,0.018539064388559793,4.118402006348068e-07,112.7564086998676
a000_i020,C1056_ST,PAIRING_DESTROYED,48.0,0.01902436305579497,3.1826586250236325e-07,104.02878904728634
a000_i020,C1056_ST,PAIRING_DESTROYED,52.0,0.017981468580262384,1.6492370262840306e-07,96.05107352931142
a000_i020,C1056_ST,PAIRING_DESTROYED,56.0,0.015608276710480467,7.242274261707718e-08,86.12502056632404
a000_i020,C1056_ST,PAIRING_DESTROYED,60.0,0.015143375679355652,2.125093440750675e-08,73.68817175692492
a000_i020,C1056_ST,PAIRING_DESTROYED,64.0,0.013287140116325796,8.180366003383675e-09,60.59301242808064
a000_i020,C1056_ST,PAIRING_DESTROYED,68.0,0.011110811247791345,1.8804116189301807e-09,48.21937415387913
a000_i020,C1056_ST,PAIRING_DESTROYED,72.0,0.0031225268594117462,2.407643754944225e-10,36.98001581788112
a000_i020,C1056_ST,PAIRING_DESTROYED,76.0,0.0026358346098195465,7.230694375869927e-11,24.980862057195033
a000_i020,C1056_ST,PAIRING_DESTROYED,80.0,0.0011318942539075433,4.125250308627471e-12,13.12902947507544
a000_i020,C1056_ST,PAIRING_DESTROYED,84.0,0.0002686783765683944,2.570123431543043e-14,7.628159973481907
a000_i020,C1056_ST,PAIRING_DESTROYED,88.0,0.00021889411486530273,6.975317905802326e-17,5.244140362332866
a000_i020,C1056_ST,PAIRING_DESTROYED,92.0,0.0001489476010708963,3.4953092307837365e-21,3.3413382924612147
a000_i020,C1056_ST,PAIRING_DESTROYED,96.0,0.00011577148274683941,0.0,1.4146476225458093
a000_i020,C1056_ST,PAIRING_DESTROYED,100.0,1.742450450879225e-05,0.0,0.20258344434511205
a000_i020,C1056_ST,PAIRING_DESTROYED,104.0,1.0660815578914847e-07,0.0,0.0012942266878759093
a000_i020,C1056_ST,PAIRING_DESTROYED,108.0,1.924565001494112e-11,0.0,2.3436073828012125e-07
a000_i020,C1056_ST,PAIRING_DESTROYED,112.0,9.95056735664993e-17,0.0,1.218740566330439e-12
a000_i020,C1056_ST,PAIRING_DESTROYED,116.0,1.4699427486184688e-23,0.0,1.8127865712752178e-19
a000_i020,C1056_ST,PAIRING_DESTROYED,120.0,6.203108754841996e-32,0.0,7.709813524691655e-28
a000_i020,C1056_ST,PAIRING_DESTROYED,124.0,7.477727703200813e-42,0.0,9.376241112052449e-38
a000_i020,C1056_ST,PAIRING_DESTROYED,128.0,2.5750303715514912e-53,0.0,3.260998102786656e-49
a000_i020,C1056_ST,PAIRING_DESTROYED,132.0,2.5330840197680264e-66,0.0,3.243886956206011e-62
a000_i020,C1056_ST,PAIRING_DESTROYED,136.0,7.11826280817324e-81,0.0,9.230731651982268e-77
a000_i020,C1056_ST,PAIRING_DESTROYED,140.0,5.71424699197264e-97,0.0,7.514995807944361e-93
a000_i020,C1056_ST,PAIRING_DESTROYED,144.0,1.3104152524279577e-114,0.0,1.7507150823919038e-110
a000_i020,C1056_ST,PAIRING_DESTROYED,148.0,8.584787779132863e-134,0.0,1.1672743719922919e-129
a000_i020,C1056_ST,PAIRING_DESTROYED,152.0,1.6066770786753422e-154,0.0,2.2278304237732163e-150
a000_i020,C1056_ST,PAIRING_DESTROYED,156.0,8.590464272162937e-177,0.0,1.217384297119032e-172
a000_i020,C1056_ST,PAIRING_DESTROYED,160.0,1.3122259377903257e-200,0.0,1.9050099066287794e-196
a000_i020,C1056_ST,PAIRING_DESTROYED,164.0,5.72698832451444e-226,0.0,8.538473031230406e-222
a000_i020,C1056_ST,PAIRING_DESTROYED,168.0,7.141716150391788e-253,0.0,1.096393957091439e-248
a000_i020,C1056_ST,PAIRING_DESTROYED,172.0,2.5450108320704454e-281,0.0,4.0340899073845443e-277
a000_i020,C1056_ST,PAIRING_DESTROYED,176.0,2.59223873059e-311,0.0,4.254058175312321e-307
a000_i020,C1056_ST,PAIRING_DESTROYED,180.0,0.0,0.0,0.0
a000_i020,C1056_ST,PAIRING_DESTROYED,184.0,0.0,0.0,0.0
a000_i020,C1056_ST,PAIRING_DESTROYED,188.0,0.0,0.0,0.0
a000_i020,C1056_ST,PAIRING_DESTROYED,192.0,0.0,0.0,0.0
a000_i020,C1056_ST,PAIRING_DESTROYED,196.0,0.0,0.0,0.0
a000_i020,C1056_ST,PAIRING_DESTROYED,200.0,0.0,0.0,0.0
a000_i020,C1056_ST,PAIRING_DESTROYED,204.0,0.0,0.0,0.0
a000_i020,C1056_ST,PAIRING_DESTROYED,208.0,0.0,0.0,0.0
a000_i020,C1056_ST,PAIRING_DESTROYED,212.0,0.0,0.0,0.0
a000_i020,C1056_ST,PAIRING_DESTROYED,216.0,0.0,0.0,0.0
a000_i020,C1056_ST,PAIRING_DESTROYED,220.0,0.0,0.0,0.0
a000_i020,C1056_ST,PAIRING_DESTROYED,224.0,0.0,0.0,0.0
a000_i020,C1056_ST,PAIRING_DESTROYED,228.0,0.0,0.0,0.0
a000_i020,C1056_ST,PAIRING_DESTROYED,232.0,0.0,0.0,0.0
a000_i020,C1056_ST,PAIRING_DESTROYED,236.0,0.0,0.0,0.0
a000_i020,C1056_ST,PAIRING_DESTROYED,240.0,0.0,0.0,0.0
a000_i020,C1056_ST,PAIRING_DESTROYED,244.0,0.0,0.0,0.0
a000_i020,C1056_ST,PAIRING_DESTROYED,248.0,0.0,0.0,0.0
a000_i020,C1056_ST,PAIRING_DESTROYED,252.0,0.0,0.0,0.0
a050_i050,C224,DIRECT_PHYSICAL,0.0,0.23192103389177826,1.1635842608620449e-11,51.81909874046939
a050_i050,C224,DIRECT_PHYSICAL,4.0,0.2833236523331404,4.322078712143099e-10,62.1146970956193
a050_i050,C224,DIRECT_PHYSICAL,8.0,0.3474318518169943,9.892306971814938e-09,73.59403923942824
a050_i050,C224,DIRECT_PHYSICAL,12.0,0.4344573611377538,1.784926028207035e-07,86.60292064556066
a050_i050,C224,DIRECT_PHYSICAL,16.0,0.5587123712980441,1.6066851110428426e-06,98.59681850185687
a050_i050,C224,DIRECT_PHYSICAL,20.0,0.62697746732044,5.1068904131222896e-06,103.66266477119423
a050_i050,C224,DIRECT_PHYSICAL,24.0,0.6501657986323167,1.732397827088717e-06,104.0250532737362
a050_i050,C224,DIRECT_PHYSICAL,28.0,0.6508297472070723,5.229894735354052e-07,101.65050128664062
a050_i050,C224,DIRECT_PHYSICAL,32.0,0.6123717669222539,9.695959876697854e-08,95.18213961443408
a050_i050,C224,DIRECT_PHYSICAL,36.0,0.5036734643506435,1.2396034282589332e-08,83.1702995926639
a050_i050,C224,DIRECT_PHYSICAL,40.0,0.3462222022167185,1.010683779565668e-09,66.08969201925177
a050_i050,C224,DIRECT_PHYSICAL,44.0,0.2242368190610639,2.892539264592807e-11,47.234467582592785
a050_i050,C224,DIRECT_PHYSICAL,48.0,0.14461079734001953,1.2683519750568427e-13,34.545895249358246
a050_i050,C224,DIRECT_PHYSICAL,52.0,0.08346183029468404,2.8541011150826243e-16,25.736890814301045
a050_i050,C224,DIRECT_PHYSICAL,56.0,0.032016192911436994,2.9089032454307635e-18,17.690305996574608
a050_i050,C224,DIRECT_PHYSICAL,60.0,0.0038021251317684373,2.5054316194838557e-21,8.182999031097204
a050_i050,C224,DIRECT_PHYSICAL,64.0,4.0641559731376136e-05,0.0,0.46532871475772963
a050_i050,C224,DIRECT_PHYSICAL,68.0,1.935761530128895e-08,0.0,0.00022639167897757912
a050_i050,C224,DIRECT_PHYSICAL,72.0,3.1367900498823984e-13,0.0,3.4087753239641846e-09
a050_i050,C224,DIRECT_PHYSICAL,76.0,1.5669802076666346e-19,0.0,1.638505489311815e-15
a050_i050,C224,DIRECT_PHYSICAL,80.0,2.321495965718102e-27,0.0,2.38001067547485e-23
a050_i050,C224,DIRECT_PHYSICAL,84.0,1.0027222582899217e-36,0.0,1.0173912175934636e-32
a050_i050,C224,DIRECT_PHYSICAL,88.0,1.252178824332708e-47,0.0,1.2633307056383706e-43
a050_i050,C224,DIRECT_PHYSICAL,92.0,4.5008186418982935e-60,0.0,4.526359001155935e-56
a050_i050,C224,DIRECT_PHYSICAL,96.0,4.6447426678058574e-74,0.0,4.662289583344485e-70
a050_i050,C224,DIRECT_PHYSICAL,100.0,1.3741211285800513e-89,0.0,1.3777265025884228e-85
a050_i050,C224,DIRECT_PHYSICAL,104.0,1.1643281780537923e-106,0.0,1.1665376206042648e-102
a050_i050,C224,DIRECT_PHYSICAL,108.0,2.823894722809897e-125,0.0,2.827921045453757e-121
a050_i050,C224,DIRECT_PHYSICAL,112.0,1.9595889733139293e-145,0.0,1.9617635246422544e-141
a050_i050,C224,DIRECT_PHYSICAL,116.0,3.889541502604089e-167,0.0,3.8930094653115847e-163
a050_i050,C224,DIRECT_PHYSICAL,120.0,2.20778331248556e-190,0.0,2.2094103106108675e-186
a050_i050,C224,DIRECT_PHYSICAL,124.0,3.5831885903232674e-215,0.0,3.5854258783503625e-211
a050_i050,C224,DIRECT_PHYSICAL,128.0,1.662587745742663e-241,0.0,1.6634864429925264e-237
a050_i050,C224,DIRECT_PHYSICAL,132.0,2.2052566928376662e-269,0.0,2.2063080558054702e-265
a050_i050,C224,DIRECT_PHYSICAL,136.0,8.361031643004523e-299,0.0,8.364604331559684e-295
a050_i050,C224,DIRECT_PHYSICAL,140.0,0.0,0.0,0.0
a050_i050,C224,DIRECT_PHYSICAL,144.0,0.0,0.0,0.0
a050_i050,C224,DIRECT_PHYSICAL,148.0,0.0,0.0,0.0
a050_i050,C224,DIRECT_PHYSICAL,152.0,0.0,0.0,0.0
a050_i050,C224,DIRECT_PHYSICAL,156.0,0.0,0.0,0.0
a050_i050,C224,DIRECT_PHYSICAL,160.0,0.0,0.0,0.0
a050_i050,C224,DIRECT_PHYSICAL,164.0,0.0,0.0,0.0
a050_i050,C224,DIRECT_PHYSICAL,168.0,0.0,0.0,0.0
a050_i050,C224,DIRECT_PHYSICAL,172.0,0.0,0.0,0.0
a050_i050,C224,DIRECT_PHYSICAL,176.0,0.0,0.0,0.0
a050_i050,C224,DIRECT_PHYSICAL,180.0,0.0,0.0,0.0
a050_i050,C224,DIRECT_PHYSICAL,184.0,0.0,0.0,0.0
a050_i050,C224,DIRECT_PHYSICAL,188.0,0.0,0.0,0.0
a050_i050,C224,DIRECT_PHYSICAL,192.0,0.0,0.0,0.0
a050_i050,C224,DIRECT_PHYSICAL,196.0,0.0,0.0,0.0
a050_i050,C224,DIRECT_PHYSICAL,200.0,0.0,0.0,0.0
a050_i050,C224,DIRECT_PHYSICAL,204.0,0.0,0.0,0.0
a050_i050,C224,DIRECT_PHYSICAL,208.0,0.0,0.0,0.0
a050_i050,C224,DIRECT_PHYSICAL,212.0,0.0,0.0,0.0
a050_i050,C224,DIRECT_PHYSICAL,216.0,0.0,0.0,0.0
a050_i050,C224,DIRECT_PHYSICAL,220.0,0.0,0.0,0.0
a050_i050,C224,DIRECT_PHYSICAL,224.0,0.0,0.0,0.0
a050_i050,C224,DIRECT_PHYSICAL,228.0,0.0,0.0,0.0
a050_i050,C224,DIRECT_PHYSICAL,232.0,0.0,0.0,0.0
a050_i050,C224,DIRECT_PHYSICAL,236.0,0.0,0.0,0.0
a050_i050,C224,DIRECT_PHYSICAL,240.0,0.0,0.0,0.0
a050_i050,C224,DIRECT_PHYSICAL,244.0,0.0,0.0,0.0
a050_i050,C224,DIRECT_PHYSICAL,248.0,0.0,0.0,0.0
a050_i050,C224,DIRECT_PHYSICAL,252.0,0.0,0.0,0.0
a050_i050,C224,RESOLVED_PHYSICAL,0.0,0.23192103389177826,1.1635842608620449e-11,51.81909874046939
a050_i050,C224,RESOLVED_PHYSICAL,4.0,0.2833236523331404,4.322078712143099e-10,62.1146970956193
a050_i050,C224,RESOLVED_PHYSICAL,8.0,0.3474318518169943,9.892306971814938e-09,73.59403923942824
a050_i050,C224,RESOLVED_PHYSICAL,12.0,0.4344573611377538,1.7849260285174708e-07,86.6029206457073
a050_i050,C224,RESOLVED_PHYSICAL,16.0,0.5587123713087547,1.6066876572574705e-06,98.5968212238573
a050_i050,C224,RESOLVED_PHYSICAL,20.0,0.6269775054744458,5.108512046333956e-06,103.66811430981096
a050_i050,C224,RESOLVED_PHYSICAL,24.0,0.6501715808237296,1.7416478272302707e-06,104.6614283400273
a050_i050,C224,RESOLVED_PHYSICAL,28.0,0.6509222889962896,6.511998485559542e-07,105.30192920643232
a050_i050,C224,RESOLVED_PHYSICAL,32.0,0.6129129508475228,1.6662673249698232e-07,102.12589989429509
a050_i050,C224,RESOLVED_PHYSICAL,36.0,0.5054127447485119,4.6785936556251525e-08,95.3069277929311
a050_i050,C224,RESOLVED_PHYSICAL,40.0,0.34942064027855313,1.9126444895728505e-08,84.75323411329589
a050_i050,C224,RESOLVED_PHYSICAL,44.0,0.228184626052225,4.517496231206445e-08,73.79587102130493
a050_i050,C224,RESOLVED_PHYSICAL,48.0,0.14865464789905203,1.0480896403114163e-07,67.73893518931065
a050_i050,C224,RESOLVED_PHYSICAL,52.0,0.0869822290509,2.248203094954606e-07,59.35185935193647
a050_i050,C224,RESOLVED_PHYSICAL,56.0,0.034821968603572666,3.742041572534331e-07,46.6840018326344
a050_i050,C224,RESOLVED_PHYSICAL,60.0,0.0061245303125427655,3.606189085197527e-07,33.09328703982186
a050_i050,C224,RESOLVED_PHYSICAL,64.0,0.0024100911615759467,2.477958964938725e-07,25.123290335966786
a050_i050,C224,RESOLVED_PHYSICAL,68.0,0.0017263133233939775,2.426824441935577e-07,20.526216888257647
a050_i050,C224,RESOLVED_PHYSICAL,72.0,0.001355919716994087,1.38089084541011e-07,15.714365122158377
a050_i050,C224,RESOLVED_PHYSICAL,76.0,0.0010407165574875662,3.461674075184717e-08,11.93262701489154
a050_i050,C224,RESOLVED_PHYSICAL,80.0,0.0007670826195346763,6.439932234376406e-09,9.27437581894769
a050_i050,C224,RESOLVED_PHYSICAL,84.0,0.0005526774464785433,1.2811038865794297e-09,7.225862936380363
a050_i050,C224,RESOLVED_PHYSICAL,88.0,0.00037243945734056084,2.785648716286207e-10,5.5849872898521475
a050_i050,C224,RESOLVED_PHYSICAL,92.0,0.00020288422704903947,3.9098516679048826e-11,3.9524768533652095
a050_i050,C224,RESOLVED_PHYSICAL,96.0,4.256394582432866e-05,8.382662446933974e-12,1.6440283952059376
a050_i050,C224,RESOLVED_PHYSICAL,100.0,1.617713162411888e-05,7.014626650436015e-13,0.4993907381624592
a050_i050,C224,RESOLVED_PHYSICAL,104.0,4.536564003389341e-06,1.9194277724691452e-14,0.16816029508001326
a050_i050,C224,RESOLVED_PHYSICAL,108.0,2.465662533212275e-06,7.254675991052435e-16,0.08385251310507569
a050_i050,C224,RESOLVED_PHYSICAL,112.0,1.1772798475678397e-06,1.1924081092822554e-18,0.03783630536214337
a050_i050,C224,RESOLVED_PHYSICAL,116.0,4.817648721576048e-07,9.77433766910656e-23,0.009363052061627604
a050_i050,C224,RESOLVED_PHYSICAL,120.0,3.137881069311882e-07,0.0,0.003220131593004374
a050_i050,C224,RESOLVED_PHYSICAL,124.0,3.3647185625179824e-08,0.0,0.0003364958267799959
a050_i050,C224,RESOLVED_PHYSICAL,128.0,1.3516336576096555e-10,0.0,1.3516352094013475e-06
a050_i050,C224,RESOLVED_PHYSICAL,132.0,1.5884921445366963e-14,0.0,1.5884921668012714e-10
a050_i050,C224,RESOLVED_PHYSICAL,136.0,5.3429290172306585e-20,0.0,5.34292901781813e-16
a050_i050,C224,RESOLVED_PHYSICAL,140.0,5.1342951029049325e-27,0.0,5.1342951029093525e-23
a050_i050,C224,RESOLVED_PHYSICAL,144.0,1.4093836832185022e-35,0.0,1.4093836832185118e-31
a050_i050,C224,RESOLVED_PHYSICAL,148.0,1.1051466201690885e-45,0.0,1.1051466201690888e-41
a050_i050,C224,RESOLVED_PHYSICAL,152.0,2.4754401724940063e-57,0.0,2.4754401724940067e-53
a050_i050,C224,RESOLVED_PHYSICAL,156.0,1.583896554116847e-70,0.0,1.5838965541168474e-66
a050_i050,C224,RESOLVED_PHYSICAL,160.0,2.894963121458943e-85,0.0,2.894963121458943e-81
a050_i050,C224,RESOLVED_PHYSICAL,164.0,1.5114754567744166e-101,0.0,1.511475456774417e-97
a050_i050,C224,RESOLVED_PHYSICAL,168.0,2.254244431295061e-119,0.0,2.254244431295062e-115
a050_i050,C224,RESOLVED_PHYSICAL,172.0,9.603792179292663e-139,0.0,9.603792179292666e-135
a050_i050,C224,RESOLVED_PHYSICAL,176.0,1.1687627020958152e-159,0.0,1.1687627020958153e-155
a050_i050,C224,RESOLVED_PHYSICAL,180.0,4.063046345281668e-182,0.0,4.063046345281669e-178
a050_i050,C224,RESOLVED_PHYSICAL,184.0,4.0347724859320427e-206,0.0,4.034772485932043e-202
a050_i050,C224,RESOLVED_PHYSICAL,188.0,1.1445325997072539e-231,0.0,1.1445325997072542e-227
a050_i050,C224,RESOLVED_PHYSICAL,192.0,9.274256986826974e-259,0.0,9.274256986826976e-255
a050_i050,C224,RESOLVED_PHYSICAL,196.0,2.1467028196032835e-287,0.0,2.1467028196032836e-283
a050_i050,C224,RESOLVED_PHYSICAL,200.0,1.419406e-317,0.0,1.41940662866e-313
a050_i050,C224,RESOLVED_PHYSICAL,204.0,0.0,0.0,0.0
a050_i050,C224,RESOLVED_PHYSICAL,208.0,0.0,0.0,0.0
a050_i050,C224,RESOLVED_PHYSICAL,212.0,0.0,0.0,0.0
a050_i050,C224,RESOLVED_PHYSICAL,216.0,0.0,0.0,0.0
a050_i050,C224,RESOLVED_PHYSICAL,220.0,0.0,0.0,0.0
a050_i050,C224,RESOLVED_PHYSICAL,224.0,0.0,0.0,0.0
a050_i050,C224,RESOLVED_PHYSICAL,228.0,0.0,0.0,0.0
a050_i050,C224,RESOLVED_PHYSICAL,232.0,0.0,0.0,0.0
a050_i050,C224,RESOLVED_PHYSICAL,236.0,0.0,0.0,0.0
a050_i050,C224,RESOLVED_PHYSICAL,240.0,0.0,0.0,0.0
a050_i050,C224,RESOLVED_PHYSICAL,244.0,0.0,0.0,0.0
a050_i050,C224,RESOLVED_PHYSICAL,248.0,0.0,0.0,0.0
a050_i050,C224,RESOLVED_PHYSICAL,252.0,0.0,0.0,0.0
a050_i050,C224,DELAY_ONLY,0.0,0.23192103389177826,1.1635842608620449e-11,51.81909874046939
a050_i050,C224,DELAY_ONLY,4.0,0.2833236523331404,4.322078712143099e-10,62.1146970956193
a050_i050,C224,DELAY_ONLY,8.0,0.3474318518169943,9.892306971814938e-09,73.59403923942824
a050_i050,C224,DELAY_ONLY,12.0,0.43445736113775396,1.784926028289335e-07,86.60292064556475
a050_i050,C224,DELAY_ONLY,16.0,0.5587123713153941,1.6066860466189422e-06,98.59681863600204
a050_i050,C224,DELAY_ONLY,20.0,0.6269775534727617,5.111427764499469e-06,103.66301784074362
a050_i050,C224,DELAY_ONLY,24.0,0.6501814207870626,2.5319873024098597e-06,104.0900115866296
a050_i050,C224,DELAY_ONLY,28.0,0.6510169776386465,4.991946804113933e-06,102.72636420509437
a050_i050,C224,DELAY_ONLY,32.0,0.6129178722961155,6.3913181455557495e-06,99.2144488096459
a050_i050,C224,DELAY_ONLY,36.0,0.5047435696428486,7.689346455746594e-06,93.41097552697445
a050_i050,C224,DELAY_ONLY,40.0,0.3478545675824003,6.124389266589054e-06,84.29292278445861
a050_i050,C224,DELAY_ONLY,44.0,0.22609970001749213,5.8071667712099624e-06,73.28637678469612
a050_i050,C224,DELAY_ONLY,48.0,0.14651186498400043,6.345213361340344e-06,67.68741813186723
a050_i050,C224,DELAY_ONLY,52.0,0.08504436475708291,5.692950821515859e-06,62.40075670064798
a050_i050,C224,DELAY_ONLY,56.0,0.03319384650578426,4.302354523238105e-06,55.39539937113192
a050_i050,C224,DELAY_ONLY,60.0,0.004781823148010214,2.0881734095705764e-06,47.25847530692204
a050_i050,C224,DELAY_ONLY,64.0,0.003105827975025217,1.2454354222508398e-06,41.593305402413286
a050_i050,C224,DELAY_ONLY,68.0,0.00355397930522668,9.55324476467246e-07,39.706636886100995
a050_i050,C224,DELAY_ONLY,72.0,0.003427051772723719,7.357484853218046e-07,38.1958270617517
a050_i050,C224,DELAY_ONLY,76.0,0.0033972454779758097,4.793046111332017e-07,35.29531789903645
a050_i050,C224,DELAY_ONLY,80.0,0.0031294361884412585,3.656283175714558e-07,30.90720247724195
a050_i050,C224,DELAY_ONLY,84.0,0.0024321893092015745,2.1296184030838945e-07,24.031386288795613
a050_i050,C224,DELAY_ONLY,88.0,0.001715726777454703,5.7042271317611474e-08,18.61479804832563
a050_i050,C224,DELAY_ONLY,92.0,0.0014188770932474608,2.3188422543023205e-08,13.881939424566315
a050_i050,C224,DELAY_ONLY,96.0,0.00026967812537341583,6.737881362327053e-09,6.557041962897038
a050_i050,C224,DELAY_ONLY,100.0,5.908781865722042e-05,1.6231325621557975e-09,1.5895500071268407
a050_i050,C224,DELAY_ONLY,104.0,2.7769827510621137e-05,3.4424524089980383e-10,0.7775393981485268
a050_i050,C224,DELAY_ONLY,108.0,2.052724665638711e-05,1.0951552879131031e-11,0.4554366314472472
a050_i050,C224,DELAY_ONLY,112.0,1.1720349102861351e-05,3.0374559246368115e-14,0.19652345362102633
a050_i050,C224,DELAY_ONLY,116.0,3.3653609375860452e-06,2.0470127903528075e-18,0.0451899841852856
a050_i050,C224,DELAY_ONLY,120.0,2.2568961043428385e-06,1.1128005090946855e-22,0.022472601085555422
a050_i050,C224,DELAY_ONLY,124.0,2.423128257333866e-07,0.0,0.0024203296396839353
a050_i050,C224,DELAY_ONLY,128.0,9.734000102206775e-10,0.0,9.733956769875874e-06
a050_i050,C224,DELAY_ONLY,132.0,1.1439774290715764e-13,0.0,1.1439774320987027e-09
a050_i050,C224,DELAY_ONLY,136.0,3.847793787181187e-19,0.0,3.847793787277907e-15
a050_i050,C224,DELAY_ONLY,140.0,3.697542814980248e-26,0.0,3.6975428149809765e-22
a050_i050,C224,DELAY_ONLY,144.0,1.0149896737502872e-34,0.0,1.014989673750289e-30
a050_i050,C224,DELAY_ONLY,148.0,7.958886006755002e-45,0.0,7.958886006755003e-41
a050_i050,C224,DELAY_ONLY,152.0,1.7827269060830465e-56,0.0,1.782726906083047e-52
a050_i050,C224,DELAY_ONLY,156.0,1.1406678435825387e-69,0.0,1.140667843582539e-65
a050_i050,C224,DELAY_ONLY,160.0,2.0848529106414982e-84,0.0,2.0848529106414987e-80
a050_i050,C224,DELAY_ONLY,164.0,1.0885126591288836e-100,0.0,1.0885126591288838e-96
a050_i050,C224,DELAY_ONLY,168.0,1.6234293380270768e-118,0.0,1.623429338027077e-114
a050_i050,C224,DELAY_ONLY,172.0,6.916320947157292e-138,0.0,6.916320947157293e-134
a050_i050,C224,DELAY_ONLY,176.0,8.41702715745023e-159,0.0,8.417027157450232e-155
a050_i050,C224,DELAY_ONLY,180.0,2.9260662894948444e-181,0.0,2.9260662894948446e-177
a050_i050,C224,DELAY_ONLY,184.0,2.905704428052399e-205,0.0,2.9057044280523997e-201
a050_i050,C224,DELAY_ONLY,188.0,8.242530290407325e-231,0.0,8.242530290407326e-227
a050_i050,C224,DELAY_ONLY,192.0,6.679001031031849e-258,0.0,6.67900103103185e-254
a050_i050,C224,DELAY_ONLY,196.0,1.5459815665895996e-286,0.0,1.5459815665895999e-282
a050_i050,C224,DELAY_ONLY,200.0,1.0222073e-316,0.0,1.022208036814e-312
a050_i050,C224,DELAY_ONLY,204.0,0.0,0.0,0.0
a050_i050,C224,DELAY_ONLY,208.0,0.0,0.0,0.0
a050_i050,C224,DELAY_ONLY,212.0,0.0,0.0,0.0
a050_i050,C224,DELAY_ONLY,216.0,0.0,0.0,0.0
a050_i050,C224,DELAY_ONLY,220.0,0.0,0.0,0.0
a050_i050,C224,DELAY_ONLY,224.0,0.0,0.0,0.0
a050_i050,C224,DELAY_ONLY,228.0,0.0,0.0,0.0
a050_i050,C224,DELAY_ONLY,232.0,0.0,0.0,0.0
a050_i050,C224,DELAY_ONLY,236.0,0.0,0.0,0.0
a050_i050,C224,DELAY_ONLY,240.0,0.0,0.0,0.0
a050_i050,C224,DELAY_ONLY,244.0,0.0,0.0,0.0
a050_i050,C224,DELAY_ONLY,248.0,0.0,0.0,0.0
a050_i050,C224,DELAY_ONLY,252.0,0.0,0.0,0.0
a050_i050,C224,SPATIAL_ONLY,0.0,0.23227887589220092,9.724669847943088e-06,75.72607696154466
a050_i050,C224,SPATIAL_ONLY,4.0,0.28382253667076507,1.2957775198454209e-05,83.06905630334543
a050_i050,C224,SPATIAL_ONLY,8.0,0.34793201352620173,1.9411953339101497e-05,90.18144424424547
a050_i050,C224,SPATIAL_ONLY,12.0,0.4348489728240351,3.035060032843402e-05,97.83021227326746
a050_i050,C224,SPATIAL_ONLY,16.0,0.5592397242055474,2.5347075312279396e-05,105.70831195826216
a050_i050,C224,SPATIAL_ONLY,20.0,0.6276065071790138,1.208320858061971e-05,109.56559706103894
a050_i050,C224,SPATIAL_ONLY,24.0,0.6508749814183268,7.64454640409215e-06,109.7636334317158
a050_i050,C224,SPATIAL_ONLY,28.0,0.6516465339486972,5.5068259103599455e-06,107.2737070651108
a050_i050,C224,SPATIAL_ONLY,32.0,0.6134079010006619,4.129730069449754e-06,102.31942933127776
a050_i050,C224,SPATIAL_ONLY,36.0,0.5052253455819982,3.599434913119872e-06,94.73622023621489
a050_i050,C224,SPATIAL_ONLY,40.0,0.3481441898980042,3.15114745873267e-06,81.41315566000841
a050_i050,C224,SPATIAL_ONLY,44.0,0.22584822711596816,1.7837613173365348e-06,65.92088880159287
a050_i050,C224,SPATIAL_ONLY,48.0,0.14568932939114942,6.384433765758339e-07,54.15897543184001
a050_i050,C224,SPATIAL_ONLY,52.0,0.08407205726231448,3.352886138836294e-07,43.1697416581723
a050_i050,C224,SPATIAL_ONLY,56.0,0.032262642760105036,1.6667511102581993e-07,29.374987024339195
a050_i050,C224,SPATIAL_ONLY,60.0,0.00382577791590925,1.9150043552223004e-08,10.516136394979872
a050_i050,C224,SPATIAL_ONLY,64.0,4.0795116811118576e-05,8.847749355543372e-11,0.49038992854664754
a050_i050,C224,SPATIAL_ONLY,68.0,1.94101458872886e-08,1.5353707927050558e-14,0.00023497938105061843
a050_i050,C224,SPATIAL_ONLY,72.0,3.144152750001869e-13,8.043058939114779e-20,3.517555995924819e-09
a050_i050,C224,SPATIAL_ONLY,76.0,1.5704414596977618e-19,1.2886261693826749e-26,1.685794735003937e-15
a050_i050,C224,SPATIAL_ONLY,80.0,2.3264720449319636e-27,6.639107820084634e-35,2.4454564283826656e-23
a050_i050,C224,SPATIAL_ONLY,84.0,1.0048288141555115e-36,9.421154259121816e-45,1.0448848011690083e-32
a050_i050,C224,SPATIAL_ONLY,88.0,1.2547635327179373e-47,3.524859613401313e-56,1.2974388304206464e-43
a050_i050,C224,SPATIAL_ONLY,92.0,4.509945917555278e-60,3.954336544563756e-69,4.649438767835589e-56
a050_i050,C224,SPATIAL_ONLY,96.0,4.653987718928724e-74,1.4709211819810788e-83,4.790426343777278e-70
a050_i050,C224,SPATIAL_ONLY,100.0,1.3768026865034794e-89,1.7708278504481802e-99,1.4160456145859416e-85
a050_i050,C224,SPATIAL_ONLY,104.0,1.166553490047025e-106,6.540908054198892e-117,1.199376240914892e-102
a050_i050,C224,SPATIAL_ONLY,108.0,2.829175638409328e-125,7.161430831477654e-136,2.9084633151258072e-121
a050_i050,C224,SPATIAL_ONLY,112.0,1.963171758683705e-145,2.2822677158691226e-156,2.0182605810263077e-141
a050_i050,C224,SPATIAL_ONLY,116.0,3.8964893916762024e-167,2.0961492140836183e-178,4.0063070286968364e-163
a050_i050,C224,SPATIAL_ONLY,120.0,2.2116341928454953e-190,5.514990275972528e-202,2.274350310948699e-186
a050_i050,C224,SPATIAL_ONLY,124.0,3.589288350005415e-215,4.1409506058570713e-227,3.691802467387273e-211
a050_i050,C224,SPATIAL_ONLY,128.0,1.665348903325885e-241,8.856069259568015e-254,1.7132818933049946e-237
a050_i050,C224,SPATIAL_ONLY,132.0,2.2088284497942025e-269,5.3931398548235386e-282,2.2729156183833574e-265
a050_i050,C224,SPATIAL_ONLY,136.0,8.374234731331797e-299,9.36132387274e-312,8.619190773849561e-295
a050_i050,C224,SPATIAL_ONLY,140.0,0.0,0.0,0.0
a050_i050,C224,SPATIAL_ONLY,144.0,0.0,0.0,0.0
a050_i050,C224,SPATIAL_ONLY,148.0,0.0,0.0,0.0
a050_i050,C224,SPATIAL_ONLY,152.0,0.0,0.0,0.0
a050_i050,C224,SPATIAL_ONLY,156.0,0.0,0.0,0.0
a050_i050,C224,SPATIAL_ONLY,160.0,0.0,0.0,0.0
a050_i050,C224,SPATIAL_ONLY,164.0,0.0,0.0,0.0
a050_i050,C224,SPATIAL_ONLY,168.0,0.0,0.0,0.0
a050_i050,C224,SPATIAL_ONLY,172.0,0.0,0.0,0.0
a050_i050,C224,SPATIAL_ONLY,176.0,0.0,0.0,0.0
a050_i050,C224,SPATIAL_ONLY,180.0,0.0,0.0,0.0
a050_i050,C224,SPATIAL_ONLY,184.0,0.0,0.0,0.0
a050_i050,C224,SPATIAL_ONLY,188.0,0.0,0.0,0.0
a050_i050,C224,SPATIAL_ONLY,192.0,0.0,0.0,0.0
a050_i050,C224,SPATIAL_ONLY,196.0,0.0,0.0,0.0
a050_i050,C224,SPATIAL_ONLY,200.0,0.0,0.0,0.0
a050_i050,C224,SPATIAL_ONLY,204.0,0.0,0.0,0.0
a050_i050,C224,SPATIAL_ONLY,208.0,0.0,0.0,0.0
a050_i050,C224,SPATIAL_ONLY,212.0,0.0,0.0,0.0
a050_i050,C224,SPATIAL_ONLY,216.0,0.0,0.0,0.0
a050_i050,C224,SPATIAL_ONLY,220.0,0.0,0.0,0.0
a050_i050,C224,SPATIAL_ONLY,224.0,0.0,0.0,0.0
a050_i050,C224,SPATIAL_ONLY,228.0,0.0,0.0,0.0
a050_i050,C224,SPATIAL_ONLY,232.0,0.0,0.0,0.0
a050_i050,C224,SPATIAL_ONLY,236.0,0.0,0.0,0.0
a050_i050,C224,SPATIAL_ONLY,240.0,0.0,0.0,0.0
a050_i050,C224,SPATIAL_ONLY,244.0,0.0,0.0,0.0
a050_i050,C224,SPATIAL_ONLY,248.0,0.0,0.0,0.0
a050_i050,C224,SPATIAL_ONLY,252.0,0.0,0.0,0.0
a050_i050,C224,UNRESOLVED_IMAGE,0.0,0.22676274294856508,1.138710988799408e-11,51.54286128525791
a050_i050,C224,UNRESOLVED_IMAGE,4.0,0.27700449194159227,4.229026476986351e-10,61.7836848013869
a050_i050,C224,UNRESOLVED_IMAGE,8.0,0.33969032987930436,9.682947485875007e-09,73.21189529388229
a050_i050,C224,UNRESOLVED_IMAGE,12.0,0.4250383053056046,1.7469143690648802e-07,86.16766002546736
a050_i050,C224,UNRESOLVED_IMAGE,16.0,0.5466490136270001,1.5725974737224003e-06,98.13062219132152
a050_i050,C224,UNRESOLVED_IMAGE,20.0,0.6133719102046518,4.991628931226719e-06,103.19085267671078
a050_i050,C224,UNRESOLVED_IMAGE,24.0,0.6360059901452344,1.6941041504465363e-06,103.5740154917901
a050_i050,C224,UNRESOLVED_IMAGE,28.0,0.6366285438236174,5.241788535528053e-07,101.38227759102021
a050_i050,C224,UNRESOLVED_IMAGE,32.0,0.5990379984272554,1.1369005762881797e-07,95.26157313023523
a050_i050,C224,UNRESOLVED_IMAGE,36.0,0.4929004792623969,1.6839717174897282e-08,84.2052038289997
a050_i050,C224,UNRESOLVED_IMAGE,40.0,0.3392173900461267,5.246089464015405e-09,68.53264010825299
a050_i050,C224,UNRESOLVED_IMAGE,44.0,0.22009988131440467,1.8858882096349376e-09,51.012511654304966
a050_i050,C224,UNRESOLVED_IMAGE,48.0,0.14215198286729003,3.3890439079556194e-09,39.24181215912899
a050_i050,C224,UNRESOLVED_IMAGE,52.0,0.0820796056698129,5.993079325207207e-09,29.50768351465167
a050_i050,C224,UNRESOLVED_IMAGE,56.0,0.03153894806563444,7.765240246028006e-09,19.690273293425065
a050_i050,C224,UNRESOLVED_IMAGE,60.0,0.0037947325335671795,6.471372645220864e-09,9.429697092445595
a050_i050,C224,UNRESOLVED_IMAGE,64.0,8.301467178117573e-05,1.5531594225474941e-09,1.7269228699420378
a050_i050,C224,UNRESOLVED_IMAGE,68.0,4.108117963423908e-05,1.0963122024854904e-09,0.9346003760903463
a050_i050,C224,UNRESOLVED_IMAGE,72.0,3.323144224465441e-05,5.46679584401454e-10,0.7296062091262657
a050_i050,C224,UNRESOLVED_IMAGE,76.0,2.628194871821867e-05,1.1598478220979666e-10,0.5743558872713459
a050_i050,C224,UNRESOLVED_IMAGE,80.0,1.9917513434254137e-05,2.6532641853418333e-11,0.4391384979820541
a050_i050,C224,UNRESOLVED_IMAGE,84.0,1.5417448584315633e-05,5.1158307841394455e-12,0.3349178330955205
a050_i050,C224,UNRESOLVED_IMAGE,88.0,1.0672230370988831e-05,6.173181775253053e-13,0.24200288311721346
a050_i050,C224,UNRESOLVED_IMAGE,92.0,6.612752163912606e-06,7.060708567638999e-14,0.1607615187652779
a050_i050,C224,UNRESOLVED_IMAGE,96.0,3.044353870769818e-06,1.0231835355843467e-14,0.06446878292251629
a050_i050,C224,UNRESOLVED_IMAGE,100.0,5.957551591276135e-07,8.88536032350032e-16,0.012313962040095057
a050_i050,C224,UNRESOLVED_IMAGE,104.0,5.665695739531722e-08,3.3607423563292895e-17,0.0009581421984076315
a050_i050,C224,UNRESOLVED_IMAGE,108.0,1.6506858704431505e-09,7.095414270672717e-19,6.241022293309255e-05
a050_i050,C224,UNRESOLVED_IMAGE,112.0,8.290280269964141e-10,8.240685711651017e-22,2.5495172335300387e-05
a050_i050,C224,UNRESOLVED_IMAGE,116.0,3.0574232731258036e-10,4.366709159109903e-26,5.970473848563388e-06
a050_i050,C224,UNRESOLVED_IMAGE,120.0,1.9678370081525436e-10,0.0,2.020676783546945e-06
a050_i050,C224,UNRESOLVED_IMAGE,124.0,2.1100925458831303e-11,0.0,2.1105696383623572e-07
a050_i050,C224,UNRESOLVED_IMAGE,128.0,8.476411279884145e-14,0.0,8.476425781873761e-10
a050_i050,C224,UNRESOLVED_IMAGE,132.0,9.961806389425403e-18,0.0,9.961806520896429e-14
a050_i050,C224,UNRESOLVED_IMAGE,136.0,3.3506759606910404e-23,0.0,3.35067596103575e-19
a050_i050,C224,UNRESOLVED_IMAGE,140.0,3.219836745149222e-30,0.0,3.2198367451518155e-26
a050_i050,C224,UNRESOLVED_IMAGE,144.0,8.838575267465928e-39,0.0,8.838575267465983e-35
a050_i050,C224,UNRESOLVED_IMAGE,148.0,6.930633368511696e-49,0.0,6.930633368511697e-45
a050_i050,C224,UNRESOLVED_IMAGE,152.0,1.5524065267119376e-60,0.0,1.552406526711938e-56
a050_i050,C224,UNRESOLVED_IMAGE,156.0,9.932986365694505e-74,0.0,9.932986365694506e-70
a050_i050,C224,UNRESOLVED_IMAGE,160.0,1.815499196579396e-88,0.0,1.8154991965793963e-84
a050_i050,C224,UNRESOLVED_IMAGE,164.0,9.478816697466322e-105,0.0,9.478816697466325e-101
a050_i050,C224,UNRESOLVED_IMAGE,168.0,1.4136894952386346e-122,0.0,1.413689495238635e-118
a050_i050,C224,UNRESOLVED_IMAGE,172.0,6.022763073000538e-142,0.0,6.02276307300054e-138
a050_i050,C224,UNRESOLVED_IMAGE,176.0,7.32958472223152e-163,0.0,7.329584722231521e-159
a050_i050,C224,UNRESOLVED_IMAGE,180.0,2.548031552058695e-185,0.0,2.5480315520586954e-181
a050_i050,C224,UNRESOLVED_IMAGE,184.0,2.530300352461383e-209,0.0,2.5303003524613836e-205
a050_i050,C224,UNRESOLVED_IMAGE,188.0,7.177632073531458e-235,0.0,7.17763207353146e-231
a050_i050,C224,UNRESOLVED_IMAGE,192.0,5.816103833464322e-262,0.0,5.816103833464323e-258
a050_i050,C224,UNRESOLVED_IMAGE,196.0,1.3462476310649445e-290,0.0,1.3462476310649445e-286
a050_i050,C224,UNRESOLVED_IMAGE,200.0,8.903e-321,0.0,8.9080036e-317
a050_i050,C224,UNRESOLVED_IMAGE,204.0,0.0,0.0,0.0
a050_i050,C224,UNRESOLVED_IMAGE,208.0,0.0,0.0,0.0
a050_i050,C224,UNRESOLVED_IMAGE,212.0,0.0,0.0,0.0
a050_i050,C224,UNRESOLVED_IMAGE,216.0,0.0,0.0,0.0
a050_i050,C224,UNRESOLVED_IMAGE,220.0,0.0,0.0,0.0
a050_i050,C224,UNRESOLVED_IMAGE,224.0,0.0,0.0,0.0
a050_i050,C224,UNRESOLVED_IMAGE,228.0,0.0,0.0,0.0
a050_i050,C224,UNRESOLVED_IMAGE,232.0,0.0,0.0,0.0
a050_i050,C224,UNRESOLVED_IMAGE,236.0,0.0,0.0,0.0
a050_i050,C224,UNRESOLVED_IMAGE,240.0,0.0,0.0,0.0
a050_i050,C224,UNRESOLVED_IMAGE,244.0,0.0,0.0,0.0
a050_i050,C224,UNRESOLVED_IMAGE,248.0,0.0,0.0,0.0
a050_i050,C224,UNRESOLVED_IMAGE,252.0,0.0,0.0,0.0
a050_i050,C224,EQUALIZED_ORDER_SENSITIVITY,0.0,0.23192103389177826,1.1635842608620449e-11,51.81909874046939
a050_i050,C224,EQUALIZED_ORDER_SENSITIVITY,4.0,0.2833236523331404,4.322078712143099e-10,62.1146970956193
a050_i050,C224,EQUALIZED_ORDER_SENSITIVITY,8.0,0.3474318518169943,9.892306971814938e-09,73.59403923942824
a050_i050,C224,EQUALIZED_ORDER_SENSITIVITY,12.0,0.43445736113775946,1.7849260649995726e-07,86.60292065947117
a050_i050,C224,EQUALIZED_ORDER_SENSITIVITY,16.0,0.5587123723111204,1.6069258078967287e-06,98.59707592396951
a050_i050,C224,EQUALIZED_ORDER_SENSITIVITY,20.0,0.6269810777119673,5.196537619310139e-06,104.10500663790164
a050_i050,C224,EQUALIZED_ORDER_SENSITIVITY,24.0,0.6507474112517444,2.0405641255484502e-06,112.82879152513546
a050_i050,C224,EQUALIZED_ORDER_SENSITIVITY,28.0,0.9250602182981164,1.1088471185372579e-06,124.64221829585411
a050_i050,C224,EQUALIZED_ORDER_SENSITIVITY,32.0,1.5112589517848667,4.1155896404503543e-07,131.70641719493992
a050_i050,C224,EQUALIZED_ORDER_SENSITIVITY,36.0,1.6613188148912088,2.6986789680973937e-07,135.8843153446077
a050_i050,C224,EQUALIZED_ORDER_SENSITIVITY,40.0,1.7053560449602434,7.920162831434326e-07,141.88128290828706
a050_i050,C224,EQUALIZED_ORDER_SENSITIVITY,44.0,1.7251422214685508,3.8071864403441174e-06,153.36732256812726
a050_i050,C224,EQUALIZED_ORDER_SENSITIVITY,48.0,2.696244321674859,1.4816206984921289e-05,161.56489618286008
a050_i050,C224,EQUALIZED_ORDER_SENSITIVITY,52.0,3.0096296491071577,4.1876957574597405e-05,164.2049526486955
a050_i050,C224,EQUALIZED_ORDER_SENSITIVITY,56.0,2.928749238404429,6.59713067125717e-05,162.25037436216988
a050_i050,C224,EQUALIZED_ORDER_SENSITIVITY,60.0,2.8874609564498868,7.522646992741736e-05,161.04417017349974
a050_i050,C224,EQUALIZED_ORDER_SENSITIVITY,64.0,2.794745286511832,0.00011740500522633914,162.87171659930573
a050_i050,C224,EQUALIZED_ORDER_SENSITIVITY,68.0,1.901696492944268,0.00016185713113360726,158.62525748849725
a050_i050,C224,EQUALIZED_ORDER_SENSITIVITY,72.0,0.6513761506303406,0.00012012946169015739,145.01217642830707
a050_i050,C224,EQUALIZED_ORDER_SENSITIVITY,76.0,0.26904174381480644,3.9857566992034115e-05,123.71306316406356
a050_i050,C224,EQUALIZED_ORDER_SENSITIVITY,80.0,0.14712373234349857,9.74757568234517e-06,105.62751427483789
a050_i050,C224,EQUALIZED_ORDER_SENSITIVITY,84.0,0.09191697944562907,2.20259204188892e-06,91.83298921467737
a050_i050,C224,EQUALIZED_ORDER_SENSITIVITY,88.0,0.06986807312656719,4.959893040680679e-07,80.9465852188776
a050_i050,C224,EQUALIZED_ORDER_SENSITIVITY,92.0,0.05420806887644071,1.0269554136076202e-07,70.65055395998806
a050_i050,C224,EQUALIZED_ORDER_SENSITIVITY,96.0,0.0372388902324773,1.8882801367694366e-08,58.84310969589021
a050_i050,C224,EQUALIZED_ORDER_SENSITIVITY,100.0,0.025653204849973778,1.5637338405028076e-09,49.234483165402274
a050_i050,C224,EQUALIZED_ORDER_SENSITIVITY,104.0,0.017318704237709516,6.50662365294336e-11,39.59321768028908
a050_i050,C224,EQUALIZED_ORDER_SENSITIVITY,108.0,0.011250204380168383,3.0797199820014693e-12,30.280981382613582
a050_i050,C224,EQUALIZED_ORDER_SENSITIVITY,112.0,0.005371667560386255,5.440101751956737e-15,22.227242042312156
a050_i050,C224,EQUALIZED_ORDER_SENSITIVITY,116.0,0.002198188109578709,3.876814970706334e-19,10.78292605666243
a050_i050,C224,EQUALIZED_ORDER_SENSITIVITY,120.0,0.0014317467408848344,0.0,3.0860764163171472
a050_i050,C224,EQUALIZED_ORDER_SENSITIVITY,124.0,0.0001535247745044798,0.0,0.9306589022520233
a050_i050,C224,EQUALIZED_ORDER_SENSITIVITY,128.0,6.167209787135916e-07,0.0,0.006148281626229474
a050_i050,C224,EQUALIZED_ORDER_SENSITIVITY,132.0,7.247943438979095e-11,0.0,7.247940914510227e-07
a050_i050,C224,EQUALIZED_ORDER_SENSITIVITY,136.0,2.437862059850644e-16,0.0,2.4378620601157236e-12
a050_i050,C224,EQUALIZED_ORDER_SENSITIVITY,140.0,2.3426669519814327e-23,0.0,2.3426669519834496e-19
a050_i050,C224,EQUALIZED_ORDER_SENSITIVITY,144.0,6.430710567200891e-32,0.0,6.430710567200936e-28
a050_i050,C224,EQUALIZED_ORDER_SENSITIVITY,148.0,5.0425431578704444e-42,0.0,5.042543157870446e-38
a050_i050,C224,EQUALIZED_ORDER_SENSITIVITY,152.0,1.1294893977613074e-53,0.0,1.1294893977613079e-49
a050_i050,C224,EQUALIZED_ORDER_SENSITIVITY,156.0,7.226974761515792e-67,0.0,7.226974761515792e-63
a050_i050,C224,EQUALIZED_ORDER_SENSITIVITY,160.0,1.3209085757477657e-81,0.0,1.3209085757477659e-77
a050_i050,C224,EQUALIZED_ORDER_SENSITIVITY,164.0,6.896533078733765e-98,0.0,6.896533078733766e-94
a050_i050,C224,EQUALIZED_ORDER_SENSITIVITY,168.0,1.0285626020785621e-115,0.0,1.0285626020785624e-111
a050_i050,C224,EQUALIZED_ORDER_SENSITIVITY,172.0,4.382001053931873e-135,0.0,4.3820010539318736e-131
a050_i050,C224,EQUALIZED_ORDER_SENSITIVITY,176.0,5.33280947438966e-156,0.0,5.332809474389661e-152
a050_i050,C224,EQUALIZED_ORDER_SENSITIVITY,180.0,1.8538794920601484e-178,0.0,1.8538794920601485e-174
a050_i050,C224,EQUALIZED_ORDER_SENSITIVITY,184.0,1.8409787462760073e-202,0.0,1.8409787462760076e-198
a050_i050,C224,EQUALIZED_ORDER_SENSITIVITY,188.0,5.2222527982128405e-228,0.0,5.222252798212841e-224
a050_i050,C224,EQUALIZED_ORDER_SENSITIVITY,192.0,4.2316413279263634e-255,0.0,4.231641327926365e-251
a050_i050,C224,EQUALIZED_ORDER_SENSITIVITY,196.0,9.794937085647074e-284,0.0,9.794937085647073e-280
a050_i050,C224,EQUALIZED_ORDER_SENSITIVITY,200.0,6.4764392144e-314,0.0,6.47643921488226e-310
a050_i050,C224,EQUALIZED_ORDER_SENSITIVITY,204.0,0.0,0.0,0.0
a050_i050,C224,EQUALIZED_ORDER_SENSITIVITY,208.0,0.0,0.0,0.0
a050_i050,C224,EQUALIZED_ORDER_SENSITIVITY,212.0,0.0,0.0,0.0
a050_i050,C224,EQUALIZED_ORDER_SENSITIVITY,216.0,0.0,0.0,0.0
a050_i050,C224,EQUALIZED_ORDER_SENSITIVITY,220.0,0.0,0.0,0.0
a050_i050,C224,EQUALIZED_ORDER_SENSITIVITY,224.0,0.0,0.0,0.0
a050_i050,C224,EQUALIZED_ORDER_SENSITIVITY,228.0,0.0,0.0,0.0
a050_i050,C224,EQUALIZED_ORDER_SENSITIVITY,232.0,0.0,0.0,0.0
a050_i050,C224,EQUALIZED_ORDER_SENSITIVITY,236.0,0.0,0.0,0.0
a050_i050,C224,EQUALIZED_ORDER_SENSITIVITY,240.0,0.0,0.0,0.0
a050_i050,C224,EQUALIZED_ORDER_SENSITIVITY,244.0,0.0,0.0,0.0
a050_i050,C224,EQUALIZED_ORDER_SENSITIVITY,248.0,0.0,0.0,0.0
a050_i050,C224,EQUALIZED_ORDER_SENSITIVITY,252.0,0.0,0.0,0.0
a050_i050,C224,PAIRING_DESTROYED,0.0,0.25324895675557074,4.138175057714776e-05,133.64731880213688
a050_i050,C224,PAIRING_DESTROYED,4.0,0.2686170227224608,4.759672704954887e-05,135.57073844452339
a050_i050,C224,PAIRING_DESTROYED,8.0,0.27296654750152927,6.191161491344152e-05,135.8927681938754
a050_i050,C224,PAIRING_DESTROYED,12.0,0.2688243790877084,6.983003872327352e-05,136.2704289149196
a050_i050,C224,PAIRING_DESTROYED,16.0,0.23397638476257016,7.604036977574951e-05,136.65612925666537
a050_i050,C224,PAIRING_DESTROYED,20.0,0.20512191516322179,8.569901499144876e-05,136.65870901683246
a050_i050,C224,PAIRING_DESTROYED,24.0,0.23576019428601244,0.00012184981611640199,138.55020076448722
a050_i050,C224,PAIRING_DESTROYED,28.0,0.27085005171145476,0.0001469934513252911,141.87640886460704
a050_i050,C224,PAIRING_DESTROYED,32.0,0.316544185389823,0.00016434618535850773,145.77054958359406
a050_i050,C224,PAIRING_DESTROYED,36.0,0.4621617256776501,0.0001646069012673696,147.55837327500979
a050_i050,C224,PAIRING_DESTROYED,40.0,0.46001864733478903,0.00014325707660915523,144.53775326675165
a050_i050,C224,PAIRING_DESTROYED,44.0,0.35338448506878867,0.0001152553400116077,138.55053670926108
a050_i050,C224,PAIRING_DESTROYED,48.0,0.3092730408994758,7.631727484755586e-05,129.09758198481563
a050_i050,C224,PAIRING_DESTROYED,52.0,0.28653794059026716,4.3131422360289935e-05,117.4676560249799
a050_i050,C224,PAIRING_DESTROYED,56.0,0.16061591101203476,1.87045072130385e-05,98.25499718249678
a050_i050,C224,PAIRING_DESTROYED,60.0,0.020700701382838103,5.7816708805852425e-06,64.0173649027231
a050_i050,C224,PAIRING_DESTROYED,64.0,0.014878924242785588,1.7605110279768649e-06,44.446109563165166
a050_i050,C224,PAIRING_DESTROYED,68.0,0.011903790836269211,1.119035387135664e-06,39.945658849088545
a050_i050,C224,PAIRING_DESTROYED,72.0,0.009487339313156578,7.697556618688491e-07,37.582179325755625
a050_i050,C224,PAIRING_DESTROYED,76.0,0.00770905975978846,2.584619573704089e-07,34.774439966198244
a050_i050,C224,PAIRING_DESTROYED,80.0,0.00632116619243,1.164879627570568e-07,31.673472786447977
a050_i050,C224,PAIRING_DESTROYED,84.0,0.004289606610500944,1.9669631539104126e-08,27.827801369038667
a050_i050,C224,PAIRING_DESTROYED,88.0,0.0026277209787430545,9.354250429768036e-09,22.49643108753369
a050_i050,C224,PAIRING_DESTROYED,92.0,0.0018435893152021366,5.772337393849953e-09,17.13830761956315
a050_i050,C224,PAIRING_DESTROYED,96.0,0.0008563164548937017,2.4765287773526377e-09,9.190004285124978
a050_i050,C224,PAIRING_DESTROYED,100.0,8.899460772701962e-05,3.8825468487404956e-10,2.721800241130749
a050_i050,C224,PAIRING_DESTROYED,104.0,3.6487769293629685e-05,1.0094748738664049e-11,1.14356424258131
a050_i050,C224,PAIRING_DESTROYED,108.0,2.1706672132900096e-05,1.2926467369336967e-13,0.6203488370891747
a050_i050,C224,PAIRING_DESTROYED,112.0,1.1662274087560729e-05,9.631794938150815e-16,0.3260320603063497
a050_i050,C224,PAIRING_DESTROYED,116.0,5.4581550696957495e-06,1.005935084646724e-19,0.10256175141205404
a050_i050,C224,PAIRING_DESTROYED,120.0,3.588317538782796e-06,0.0,0.03596579218326761
a050_i050,C224,PAIRING_DESTROYED,124.0,3.843414266432716e-07,0.0,0.0038365131450645625
a050_i050,C224,PAIRING_DESTROYED,128.0,1.5439119444885193e-09,0.0,1.5439012064251886e-05
a050_i050,C224,PAIRING_DESTROYED,132.0,1.8144648668933333e-13,0.0,1.8144648751511646e-09
a050_i050,C224,PAIRING_DESTROYED,136.0,6.102993341848345e-19,0.0,6.1029933421005405e-15
a050_i050,C224,PAIRING_DESTROYED,140.0,5.864679977387099e-26,0.0,5.864679977388977e-22
a050_i050,C224,PAIRING_DESTROYED,144.0,1.6098771305043837e-34,0.0,1.6098771305043882e-30
a050_i050,C224,PAIRING_DESTROYED,148.0,1.262360484833711e-44,0.0,1.2623604848337113e-40
a050_i050,C224,PAIRING_DESTROYED,152.0,2.8275866742896677e-56,0.0,2.827586674289668e-52
a050_i050,C224,PAIRING_DESTROYED,156.0,1.8092155244301158e-69,0.0,1.8092155244301162e-65
a050_i050,C224,PAIRING_DESTROYED,160.0,3.306789328117826e-84,0.0,3.3067893281178263e-80
a050_i050,C224,PAIRING_DESTROYED,164.0,1.7264920831374186e-100,0.0,1.726492083137419e-96
a050_i050,C224,PAIRING_DESTROYED,168.0,2.5749244862984198e-118,0.0,2.57492448629842e-114
a050_i050,C224,PAIRING_DESTROYED,172.0,1.0969990343760164e-137,0.0,1.0969990343760166e-133
a050_i050,C224,PAIRING_DESTROYED,176.0,1.3350263434253583e-158,0.0,1.3350263434253587e-154
a050_i050,C224,PAIRING_DESTROYED,180.0,4.6410395333307495e-181,0.0,4.64103953333075e-177
a050_i050,C224,PAIRING_DESTROYED,184.0,4.6087435445946545e-205,0.0,4.608743544594655e-201
a050_i050,C224,PAIRING_DESTROYED,188.0,1.3073493608055177e-230,0.0,1.3073493608055178e-226
a050_i050,C224,PAIRING_DESTROYED,192.0,1.0593576755066288e-257,0.0,1.0593576755066289e-253
a050_i050,C224,PAIRING_DESTROYED,196.0,2.4520844227290643e-286,0.0,2.452084422729065e-282
a050_i050,C224,PAIRING_DESTROYED,200.0,1.62132493e-316,0.0,1.62132572458e-312
a050_i050,C224,PAIRING_DESTROYED,204.0,0.0,0.0,0.0
a050_i050,C224,PAIRING_DESTROYED,208.0,0.0,0.0,0.0
a050_i050,C224,PAIRING_DESTROYED,212.0,0.0,0.0,0.0
a050_i050,C224,PAIRING_DESTROYED,216.0,0.0,0.0,0.0
a050_i050,C224,PAIRING_DESTROYED,220.0,0.0,0.0,0.0
a050_i050,C224,PAIRING_DESTROYED,224.0,0.0,0.0,0.0
a050_i050,C224,PAIRING_DESTROYED,228.0,0.0,0.0,0.0
a050_i050,C224,PAIRING_DESTROYED,232.0,0.0,0.0,0.0
a050_i050,C224,PAIRING_DESTROYED,236.0,0.0,0.0,0.0
a050_i050,C224,PAIRING_DESTROYED,240.0,0.0,0.0,0.0
a050_i050,C224,PAIRING_DESTROYED,244.0,0.0,0.0,0.0
a050_i050,C224,PAIRING_DESTROYED,248.0,0.0,0.0,0.0
a050_i050,C224,PAIRING_DESTROYED,252.0,0.0,0.0,0.0
a050_i050,C448_T,DIRECT_PHYSICAL,0.0,0.23192103389177826,1.1635842608620449e-11,51.81909874046939
a050_i050,C448_T,DIRECT_PHYSICAL,4.0,0.2833236523331404,4.322078712143099e-10,62.1146970956193
a050_i050,C448_T,DIRECT_PHYSICAL,8.0,0.3474318518169943,9.892306971814938e-09,73.59403923942824
a050_i050,C448_T,DIRECT_PHYSICAL,12.0,0.4344573611377538,1.784926028207035e-07,86.60292064556066
a050_i050,C448_T,DIRECT_PHYSICAL,16.0,0.5587123712980441,1.6066851110428426e-06,98.59681850185687
a050_i050,C448_T,DIRECT_PHYSICAL,20.0,0.62697746732044,5.1068904131222896e-06,103.66266477119423
a050_i050,C448_T,DIRECT_PHYSICAL,24.0,0.6501657986323167,1.732397827088717e-06,104.0250532737362
a050_i050,C448_T,DIRECT_PHYSICAL,28.0,0.6508297472070723,5.229894735354052e-07,101.65050128664062
a050_i050,C448_T,DIRECT_PHYSICAL,32.0,0.6123717669222539,9.695959876697854e-08,95.18213961443408
a050_i050,C448_T,DIRECT_PHYSICAL,36.0,0.5036734643506435,1.2396034282589332e-08,83.1702995926639
a050_i050,C448_T,DIRECT_PHYSICAL,40.0,0.3462222022167185,1.010683779565668e-09,66.08969201925177
a050_i050,C448_T,DIRECT_PHYSICAL,44.0,0.2242368190610639,2.892539264592807e-11,47.234467582592785
a050_i050,C448_T,DIRECT_PHYSICAL,48.0,0.14461079734001953,1.2683519750568427e-13,34.545895249358246
a050_i050,C448_T,DIRECT_PHYSICAL,52.0,0.08346183029468404,2.8541011150826243e-16,25.736890814301045
a050_i050,C448_T,DIRECT_PHYSICAL,56.0,0.032016192911436994,2.9089032454307635e-18,17.690305996574608
a050_i050,C448_T,DIRECT_PHYSICAL,60.0,0.0038021251317684373,2.5054316194838557e-21,8.182999031097204
a050_i050,C448_T,DIRECT_PHYSICAL,64.0,4.0641559731376136e-05,0.0,0.46532871475772963
a050_i050,C448_T,DIRECT_PHYSICAL,68.0,1.935761530128895e-08,0.0,0.00022639167897757912
a050_i050,C448_T,DIRECT_PHYSICAL,72.0,3.1367900498823984e-13,0.0,3.4087753239641846e-09
a050_i050,C448_T,DIRECT_PHYSICAL,76.0,1.5669802076666346e-19,0.0,1.638505489311815e-15
a050_i050,C448_T,DIRECT_PHYSICAL,80.0,2.321495965718102e-27,0.0,2.38001067547485e-23
a050_i050,C448_T,DIRECT_PHYSICAL,84.0,1.0027222582899217e-36,0.0,1.0173912175934636e-32
a050_i050,C448_T,DIRECT_PHYSICAL,88.0,1.252178824332708e-47,0.0,1.2633307056383706e-43
a050_i050,C448_T,DIRECT_PHYSICAL,92.0,4.5008186418982935e-60,0.0,4.526359001155935e-56
a050_i050,C448_T,DIRECT_PHYSICAL,96.0,4.6447426678058574e-74,0.0,4.662289583344485e-70
a050_i050,C448_T,DIRECT_PHYSICAL,100.0,1.3741211285800513e-89,0.0,1.3777265025884228e-85
a050_i050,C448_T,DIRECT_PHYSICAL,104.0,1.1643281780537923e-106,0.0,1.1665376206042648e-102
a050_i050,C448_T,DIRECT_PHYSICAL,108.0,2.823894722809897e-125,0.0,2.827921045453757e-121
a050_i050,C448_T,DIRECT_PHYSICAL,112.0,1.9595889733139293e-145,0.0,1.9617635246422544e-141
a050_i050,C448_T,DIRECT_PHYSICAL,116.0,3.889541502604089e-167,0.0,3.8930094653115847e-163
a050_i050,C448_T,DIRECT_PHYSICAL,120.0,2.20778331248556e-190,0.0,2.2094103106108675e-186
a050_i050,C448_T,DIRECT_PHYSICAL,124.0,3.5831885903232674e-215,0.0,3.5854258783503625e-211
a050_i050,C448_T,DIRECT_PHYSICAL,128.0,1.662587745742663e-241,0.0,1.6634864429925264e-237
a050_i050,C448_T,DIRECT_PHYSICAL,132.0,2.2052566928376662e-269,0.0,2.2063080558054702e-265
a050_i050,C448_T,DIRECT_PHYSICAL,136.0,8.361031643004523e-299,0.0,8.364604331559684e-295
a050_i050,C448_T,DIRECT_PHYSICAL,140.0,0.0,0.0,0.0
a050_i050,C448_T,DIRECT_PHYSICAL,144.0,0.0,0.0,0.0
a050_i050,C448_T,DIRECT_PHYSICAL,148.0,0.0,0.0,0.0
a050_i050,C448_T,DIRECT_PHYSICAL,152.0,0.0,0.0,0.0
a050_i050,C448_T,DIRECT_PHYSICAL,156.0,0.0,0.0,0.0
a050_i050,C448_T,DIRECT_PHYSICAL,160.0,0.0,0.0,0.0
a050_i050,C448_T,DIRECT_PHYSICAL,164.0,0.0,0.0,0.0
a050_i050,C448_T,DIRECT_PHYSICAL,168.0,0.0,0.0,0.0
a050_i050,C448_T,DIRECT_PHYSICAL,172.0,0.0,0.0,0.0
a050_i050,C448_T,DIRECT_PHYSICAL,176.0,0.0,0.0,0.0
a050_i050,C448_T,DIRECT_PHYSICAL,180.0,0.0,0.0,0.0
a050_i050,C448_T,DIRECT_PHYSICAL,184.0,0.0,0.0,0.0
a050_i050,C448_T,DIRECT_PHYSICAL,188.0,0.0,0.0,0.0
a050_i050,C448_T,DIRECT_PHYSICAL,192.0,0.0,0.0,0.0
a050_i050,C448_T,DIRECT_PHYSICAL,196.0,0.0,0.0,0.0
a050_i050,C448_T,DIRECT_PHYSICAL,200.0,0.0,0.0,0.0
a050_i050,C448_T,DIRECT_PHYSICAL,204.0,0.0,0.0,0.0
a050_i050,C448_T,DIRECT_PHYSICAL,208.0,0.0,0.0,0.0
a050_i050,C448_T,DIRECT_PHYSICAL,212.0,0.0,0.0,0.0
a050_i050,C448_T,DIRECT_PHYSICAL,216.0,0.0,0.0,0.0
a050_i050,C448_T,DIRECT_PHYSICAL,220.0,0.0,0.0,0.0
a050_i050,C448_T,DIRECT_PHYSICAL,224.0,0.0,0.0,0.0
a050_i050,C448_T,DIRECT_PHYSICAL,228.0,0.0,0.0,0.0
a050_i050,C448_T,DIRECT_PHYSICAL,232.0,0.0,0.0,0.0
a050_i050,C448_T,DIRECT_PHYSICAL,236.0,0.0,0.0,0.0
a050_i050,C448_T,DIRECT_PHYSICAL,240.0,0.0,0.0,0.0
a050_i050,C448_T,DIRECT_PHYSICAL,244.0,0.0,0.0,0.0
a050_i050,C448_T,DIRECT_PHYSICAL,248.0,0.0,0.0,0.0
a050_i050,C448_T,DIRECT_PHYSICAL,252.0,0.0,0.0,0.0
a050_i050,C448_T,RESOLVED_PHYSICAL,0.0,0.23192103389177826,1.1635842608620449e-11,51.81909874046939
a050_i050,C448_T,RESOLVED_PHYSICAL,4.0,0.2833236523331404,4.322078712143099e-10,62.1146970956193
a050_i050,C448_T,RESOLVED_PHYSICAL,8.0,0.3474318518169943,9.892306971814938e-09,73.59403923942824
a050_i050,C448_T,RESOLVED_PHYSICAL,12.0,0.4344573611377538,1.7849260285174708e-07,86.6029206457073
a050_i050,C448_T,RESOLVED_PHYSICAL,16.0,0.5587123713087547,1.6066876572574705e-06,98.5968212238573
a050_i050,C448_T,RESOLVED_PHYSICAL,20.0,0.6269775054744458,5.108512046333956e-06,103.66811430981096
a050_i050,C448_T,RESOLVED_PHYSICAL,24.0,0.6501715808237296,1.7416478272302707e-06,104.6614283400273
a050_i050,C448_T,RESOLVED_PHYSICAL,28.0,0.6509222889962896,6.511998485559542e-07,105.30192920643232
a050_i050,C448_T,RESOLVED_PHYSICAL,32.0,0.6129129508475228,1.6662673249698232e-07,102.12589989429509
a050_i050,C448_T,RESOLVED_PHYSICAL,36.0,0.5054127447485119,4.6785936556251525e-08,95.3069277929311
a050_i050,C448_T,RESOLVED_PHYSICAL,40.0,0.34942064027855313,1.9126444895728505e-08,84.75323411329589
a050_i050,C448_T,RESOLVED_PHYSICAL,44.0,0.228184626052225,4.517496231206445e-08,73.79587102130493
a050_i050,C448_T,RESOLVED_PHYSICAL,48.0,0.14865464789905203,1.0480896403114163e-07,67.73893518931065
a050_i050,C448_T,RESOLVED_PHYSICAL,52.0,0.0869822290509,2.248203094954606e-07,59.35185935193647
a050_i050,C448_T,RESOLVED_PHYSICAL,56.0,0.034821968603572666,3.742041572534331e-07,46.6840018326344
a050_i050,C448_T,RESOLVED_PHYSICAL,60.0,0.0061245303125427655,3.606189085197527e-07,33.09328703982186
a050_i050,C448_T,RESOLVED_PHYSICAL,64.0,0.0024100911615759467,2.477958964938725e-07,25.123290335966786
a050_i050,C448_T,RESOLVED_PHYSICAL,68.0,0.0017263133233939775,2.426824441935577e-07,20.526216888257647
a050_i050,C448_T,RESOLVED_PHYSICAL,72.0,0.001355919716994087,1.38089084541011e-07,15.714365122158377
a050_i050,C448_T,RESOLVED_PHYSICAL,76.0,0.0010407165574875662,3.461674075184717e-08,11.93262701489154
a050_i050,C448_T,RESOLVED_PHYSICAL,80.0,0.0007670826195346763,6.439932234376406e-09,9.27437581894769
a050_i050,C448_T,RESOLVED_PHYSICAL,84.0,0.0005526774464785433,1.2811038865794297e-09,7.225862936380363
a050_i050,C448_T,RESOLVED_PHYSICAL,88.0,0.00037243945734056084,2.785648716286207e-10,5.5849872898521475
a050_i050,C448_T,RESOLVED_PHYSICAL,92.0,0.00020288422704903947,3.9098516679048826e-11,3.9524768533652095
a050_i050,C448_T,RESOLVED_PHYSICAL,96.0,4.256394582432866e-05,8.382662446933974e-12,1.6440283952059376
a050_i050,C448_T,RESOLVED_PHYSICAL,100.0,1.617713162411888e-05,7.014626650436015e-13,0.4993907381624592
a050_i050,C448_T,RESOLVED_PHYSICAL,104.0,4.536564003389341e-06,1.9194277724691452e-14,0.16816029508001326
a050_i050,C448_T,RESOLVED_PHYSICAL,108.0,2.465662533212275e-06,7.254675991052435e-16,0.08385251310507569
a050_i050,C448_T,RESOLVED_PHYSICAL,112.0,1.1772798475678397e-06,1.1924081092822554e-18,0.03783630536214337
a050_i050,C448_T,RESOLVED_PHYSICAL,116.0,4.817648721576048e-07,9.77433766910656e-23,0.009363052061627604
a050_i050,C448_T,RESOLVED_PHYSICAL,120.0,3.137881069311882e-07,0.0,0.003220131593004374
a050_i050,C448_T,RESOLVED_PHYSICAL,124.0,3.3647185625179824e-08,0.0,0.0003364958267799959
a050_i050,C448_T,RESOLVED_PHYSICAL,128.0,1.3516336576096555e-10,0.0,1.3516352094013475e-06
a050_i050,C448_T,RESOLVED_PHYSICAL,132.0,1.5884921445366963e-14,0.0,1.5884921668012714e-10
a050_i050,C448_T,RESOLVED_PHYSICAL,136.0,5.3429290172306585e-20,0.0,5.34292901781813e-16
a050_i050,C448_T,RESOLVED_PHYSICAL,140.0,5.1342951029049325e-27,0.0,5.1342951029093525e-23
a050_i050,C448_T,RESOLVED_PHYSICAL,144.0,1.4093836832185022e-35,0.0,1.4093836832185118e-31
a050_i050,C448_T,RESOLVED_PHYSICAL,148.0,1.1051466201690885e-45,0.0,1.1051466201690888e-41
a050_i050,C448_T,RESOLVED_PHYSICAL,152.0,2.4754401724940063e-57,0.0,2.4754401724940067e-53
a050_i050,C448_T,RESOLVED_PHYSICAL,156.0,1.583896554116847e-70,0.0,1.5838965541168474e-66
a050_i050,C448_T,RESOLVED_PHYSICAL,160.0,2.894963121458943e-85,0.0,2.894963121458943e-81
a050_i050,C448_T,RESOLVED_PHYSICAL,164.0,1.5114754567744166e-101,0.0,1.511475456774417e-97
a050_i050,C448_T,RESOLVED_PHYSICAL,168.0,2.254244431295061e-119,0.0,2.254244431295062e-115
a050_i050,C448_T,RESOLVED_PHYSICAL,172.0,9.603792179292663e-139,0.0,9.603792179292666e-135
a050_i050,C448_T,RESOLVED_PHYSICAL,176.0,1.1687627020958152e-159,0.0,1.1687627020958153e-155
a050_i050,C448_T,RESOLVED_PHYSICAL,180.0,4.063046345281668e-182,0.0,4.063046345281669e-178
a050_i050,C448_T,RESOLVED_PHYSICAL,184.0,4.0347724859320427e-206,0.0,4.034772485932043e-202
a050_i050,C448_T,RESOLVED_PHYSICAL,188.0,1.1445325997072539e-231,0.0,1.1445325997072542e-227
a050_i050,C448_T,RESOLVED_PHYSICAL,192.0,9.274256986826974e-259,0.0,9.274256986826976e-255
a050_i050,C448_T,RESOLVED_PHYSICAL,196.0,2.1467028196032835e-287,0.0,2.1467028196032836e-283
a050_i050,C448_T,RESOLVED_PHYSICAL,200.0,1.419406e-317,0.0,1.41940662866e-313
a050_i050,C448_T,RESOLVED_PHYSICAL,204.0,0.0,0.0,0.0
a050_i050,C448_T,RESOLVED_PHYSICAL,208.0,0.0,0.0,0.0
a050_i050,C448_T,RESOLVED_PHYSICAL,212.0,0.0,0.0,0.0
a050_i050,C448_T,RESOLVED_PHYSICAL,216.0,0.0,0.0,0.0
a050_i050,C448_T,RESOLVED_PHYSICAL,220.0,0.0,0.0,0.0
a050_i050,C448_T,RESOLVED_PHYSICAL,224.0,0.0,0.0,0.0
a050_i050,C448_T,RESOLVED_PHYSICAL,228.0,0.0,0.0,0.0
a050_i050,C448_T,RESOLVED_PHYSICAL,232.0,0.0,0.0,0.0
a050_i050,C448_T,RESOLVED_PHYSICAL,236.0,0.0,0.0,0.0
a050_i050,C448_T,RESOLVED_PHYSICAL,240.0,0.0,0.0,0.0
a050_i050,C448_T,RESOLVED_PHYSICAL,244.0,0.0,0.0,0.0
a050_i050,C448_T,RESOLVED_PHYSICAL,248.0,0.0,0.0,0.0
a050_i050,C448_T,RESOLVED_PHYSICAL,252.0,0.0,0.0,0.0
a050_i050,C448_T,DELAY_ONLY,0.0,0.23192103389177826,1.1635842608620449e-11,51.81909874046939
a050_i050,C448_T,DELAY_ONLY,4.0,0.2833236523331404,4.322078712143099e-10,62.1146970956193
a050_i050,C448_T,DELAY_ONLY,8.0,0.3474318518169943,9.892306971814938e-09,73.59403923942824
a050_i050,C448_T,DELAY_ONLY,12.0,0.43445736113775396,1.784926028289335e-07,86.60292064556475
a050_i050,C448_T,DELAY_ONLY,16.0,0.5587123713153941,1.6066860466189422e-06,98.59681863600204
a050_i050,C448_T,DELAY_ONLY,20.0,0.6269775534727617,5.111427764499469e-06,103.66301784074362
a050_i050,C448_T,DELAY_ONLY,24.0,0.6501814207870626,2.5319873024098597e-06,104.0900115866296
a050_i050,C448_T,DELAY_ONLY,28.0,0.6510169776386465,4.991946804113933e-06,102.72636420509437
a050_i050,C448_T,DELAY_ONLY,32.0,0.6129178722961155,6.3913181455557495e-06,99.2144488096459
a050_i050,C448_T,DELAY_ONLY,36.0,0.5047435696428486,7.689346455746594e-06,93.41097552697445
a050_i050,C448_T,DELAY_ONLY,40.0,0.3478545675824003,6.124389266589054e-06,84.29292278445861
a050_i050,C448_T,DELAY_ONLY,44.0,0.22609970001749213,5.8071667712099624e-06,73.28637678469612
a050_i050,C448_T,DELAY_ONLY,48.0,0.14651186498400043,6.345213361340344e-06,67.68741813186723
a050_i050,C448_T,DELAY_ONLY,52.0,0.08504436475708291,5.692950821515859e-06,62.40075670064798
a050_i050,C448_T,DELAY_ONLY,56.0,0.03319384650578426,4.302354523238105e-06,55.39539937113192
a050_i050,C448_T,DELAY_ONLY,60.0,0.004781823148010214,2.0881734095705764e-06,47.25847530692204
a050_i050,C448_T,DELAY_ONLY,64.0,0.003105827975025217,1.2454354222508398e-06,41.593305402413286
a050_i050,C448_T,DELAY_ONLY,68.0,0.00355397930522668,9.55324476467246e-07,39.706636886100995
a050_i050,C448_T,DELAY_ONLY,72.0,0.003427051772723719,7.357484853218046e-07,38.1958270617517
a050_i050,C448_T,DELAY_ONLY,76.0,0.0033972454779758097,4.793046111332017e-07,35.29531789903645
a050_i050,C448_T,DELAY_ONLY,80.0,0.0031294361884412585,3.656283175714558e-07,30.90720247724195
a050_i050,C448_T,DELAY_ONLY,84.0,0.0024321893092015745,2.1296184030838945e-07,24.031386288795613
a050_i050,C448_T,DELAY_ONLY,88.0,0.001715726777454703,5.7042271317611474e-08,18.61479804832563
a050_i050,C448_T,DELAY_ONLY,92.0,0.0014188770932474608,2.3188422543023205e-08,13.881939424566315
a050_i050,C448_T,DELAY_ONLY,96.0,0.00026967812537341583,6.737881362327053e-09,6.557041962897038
a050_i050,C448_T,DELAY_ONLY,100.0,5.908781865722042e-05,1.6231325621557975e-09,1.5895500071268407
a050_i050,C448_T,DELAY_ONLY,104.0,2.7769827510621137e-05,3.4424524089980383e-10,0.7775393981485268
a050_i050,C448_T,DELAY_ONLY,108.0,2.052724665638711e-05,1.0951552879131031e-11,0.4554366314472472
a050_i050,C448_T,DELAY_ONLY,112.0,1.1720349102861351e-05,3.0374559246368115e-14,0.19652345362102633
a050_i050,C448_T,DELAY_ONLY,116.0,3.3653609375860452e-06,2.0470127903528075e-18,0.0451899841852856
a050_i050,C448_T,DELAY_ONLY,120.0,2.2568961043428385e-06,1.1128005090946855e-22,0.022472601085555422
a050_i050,C448_T,DELAY_ONLY,124.0,2.423128257333866e-07,0.0,0.0024203296396839353
a050_i050,C448_T,DELAY_ONLY,128.0,9.734000102206775e-10,0.0,9.733956769875874e-06
a050_i050,C448_T,DELAY_ONLY,132.0,1.1439774290715764e-13,0.0,1.1439774320987027e-09
a050_i050,C448_T,DELAY_ONLY,136.0,3.847793787181187e-19,0.0,3.847793787277907e-15
a050_i050,C448_T,DELAY_ONLY,140.0,3.697542814980248e-26,0.0,3.6975428149809765e-22
a050_i050,C448_T,DELAY_ONLY,144.0,1.0149896737502872e-34,0.0,1.014989673750289e-30
a050_i050,C448_T,DELAY_ONLY,148.0,7.958886006755002e-45,0.0,7.958886006755003e-41
a050_i050,C448_T,DELAY_ONLY,152.0,1.7827269060830465e-56,0.0,1.782726906083047e-52
a050_i050,C448_T,DELAY_ONLY,156.0,1.1406678435825387e-69,0.0,1.140667843582539e-65
a050_i050,C448_T,DELAY_ONLY,160.0,2.0848529106414982e-84,0.0,2.0848529106414987e-80
a050_i050,C448_T,DELAY_ONLY,164.0,1.0885126591288836e-100,0.0,1.0885126591288838e-96
a050_i050,C448_T,DELAY_ONLY,168.0,1.6234293380270768e-118,0.0,1.623429338027077e-114
a050_i050,C448_T,DELAY_ONLY,172.0,6.916320947157292e-138,0.0,6.916320947157293e-134
a050_i050,C448_T,DELAY_ONLY,176.0,8.41702715745023e-159,0.0,8.417027157450232e-155
a050_i050,C448_T,DELAY_ONLY,180.0,2.9260662894948444e-181,0.0,2.9260662894948446e-177
a050_i050,C448_T,DELAY_ONLY,184.0,2.905704428052399e-205,0.0,2.9057044280523997e-201
a050_i050,C448_T,DELAY_ONLY,188.0,8.242530290407325e-231,0.0,8.242530290407326e-227
a050_i050,C448_T,DELAY_ONLY,192.0,6.679001031031849e-258,0.0,6.67900103103185e-254
a050_i050,C448_T,DELAY_ONLY,196.0,1.5459815665895996e-286,0.0,1.5459815665895999e-282
a050_i050,C448_T,DELAY_ONLY,200.0,1.0222073e-316,0.0,1.022208036814e-312
a050_i050,C448_T,DELAY_ONLY,204.0,0.0,0.0,0.0
a050_i050,C448_T,DELAY_ONLY,208.0,0.0,0.0,0.0
a050_i050,C448_T,DELAY_ONLY,212.0,0.0,0.0,0.0
a050_i050,C448_T,DELAY_ONLY,216.0,0.0,0.0,0.0
a050_i050,C448_T,DELAY_ONLY,220.0,0.0,0.0,0.0
a050_i050,C448_T,DELAY_ONLY,224.0,0.0,0.0,0.0
a050_i050,C448_T,DELAY_ONLY,228.0,0.0,0.0,0.0
a050_i050,C448_T,DELAY_ONLY,232.0,0.0,0.0,0.0
a050_i050,C448_T,DELAY_ONLY,236.0,0.0,0.0,0.0
a050_i050,C448_T,DELAY_ONLY,240.0,0.0,0.0,0.0
a050_i050,C448_T,DELAY_ONLY,244.0,0.0,0.0,0.0
a050_i050,C448_T,DELAY_ONLY,248.0,0.0,0.0,0.0
a050_i050,C448_T,DELAY_ONLY,252.0,0.0,0.0,0.0
a050_i050,C448_T,SPATIAL_ONLY,0.0,0.23227887589220092,9.724669847943088e-06,75.72607696154466
a050_i050,C448_T,SPATIAL_ONLY,4.0,0.28382253667076507,1.2957775198454209e-05,83.06905630334543
a050_i050,C448_T,SPATIAL_ONLY,8.0,0.34793201352620173,1.9411953339101497e-05,90.18144424424547
a050_i050,C448_T,SPATIAL_ONLY,12.0,0.4348489728240351,3.035060032843402e-05,97.83021227326746
a050_i050,C448_T,SPATIAL_ONLY,16.0,0.5592397242055474,2.5347075312279396e-05,105.70831195826216
a050_i050,C448_T,SPATIAL_ONLY,20.0,0.6276065071790138,1.208320858061971e-05,109.56559706103894
a050_i050,C448_T,SPATIAL_ONLY,24.0,0.6508749814183268,7.64454640409215e-06,109.7636334317158
a050_i050,C448_T,SPATIAL_ONLY,28.0,0.6516465339486972,5.5068259103599455e-06,107.2737070651108
a050_i050,C448_T,SPATIAL_ONLY,32.0,0.6134079010006619,4.129730069449754e-06,102.31942933127776
a050_i050,C448_T,SPATIAL_ONLY,36.0,0.5052253455819982,3.599434913119872e-06,94.73622023621489
a050_i050,C448_T,SPATIAL_ONLY,40.0,0.3481441898980042,3.15114745873267e-06,81.41315566000841
a050_i050,C448_T,SPATIAL_ONLY,44.0,0.22584822711596816,1.7837613173365348e-06,65.92088880159287
a050_i050,C448_T,SPATIAL_ONLY,48.0,0.14568932939114942,6.384433765758339e-07,54.15897543184001
a050_i050,C448_T,SPATIAL_ONLY,52.0,0.08407205726231448,3.352886138836294e-07,43.1697416581723
a050_i050,C448_T,SPATIAL_ONLY,56.0,0.032262642760105036,1.6667511102581993e-07,29.374987024339195
a050_i050,C448_T,SPATIAL_ONLY,60.0,0.00382577791590925,1.9150043552223004e-08,10.516136394979872
a050_i050,C448_T,SPATIAL_ONLY,64.0,4.0795116811118576e-05,8.847749355543372e-11,0.49038992854664754
a050_i050,C448_T,SPATIAL_ONLY,68.0,1.94101458872886e-08,1.5353707927050558e-14,0.00023497938105061843
a050_i050,C448_T,SPATIAL_ONLY,72.0,3.144152750001869e-13,8.043058939114779e-20,3.517555995924819e-09
a050_i050,C448_T,SPATIAL_ONLY,76.0,1.5704414596977618e-19,1.2886261693826749e-26,1.685794735003937e-15
a050_i050,C448_T,SPATIAL_ONLY,80.0,2.3264720449319636e-27,6.639107820084634e-35,2.4454564283826656e-23
a050_i050,C448_T,SPATIAL_ONLY,84.0,1.0048288141555115e-36,9.421154259121816e-45,1.0448848011690083e-32
a050_i050,C448_T,SPATIAL_ONLY,88.0,1.2547635327179373e-47,3.524859613401313e-56,1.2974388304206464e-43
a050_i050,C448_T,SPATIAL_ONLY,92.0,4.509945917555278e-60,3.954336544563756e-69,4.649438767835589e-56
a050_i050,C448_T,SPATIAL_ONLY,96.0,4.653987718928724e-74,1.4709211819810788e-83,4.790426343777278e-70
a050_i050,C448_T,SPATIAL_ONLY,100.0,1.3768026865034794e-89,1.7708278504481802e-99,1.4160456145859416e-85
a050_i050,C448_T,SPATIAL_ONLY,104.0,1.166553490047025e-106,6.540908054198892e-117,1.199376240914892e-102
a050_i050,C448_T,SPATIAL_ONLY,108.0,2.829175638409328e-125,7.161430831477654e-136,2.9084633151258072e-121
a050_i050,C448_T,SPATIAL_ONLY,112.0,1.963171758683705e-145,2.2822677158691226e-156,2.0182605810263077e-141
a050_i050,C448_T,SPATIAL_ONLY,116.0,3.8964893916762024e-167,2.0961492140836183e-178,4.0063070286968364e-163
a050_i050,C448_T,SPATIAL_ONLY,120.0,2.2116341928454953e-190,5.514990275972528e-202,2.274350310948699e-186
a050_i050,C448_T,SPATIAL_ONLY,124.0,3.589288350005415e-215,4.1409506058570713e-227,3.691802467387273e-211
a050_i050,C448_T,SPATIAL_ONLY,128.0,1.665348903325885e-241,8.856069259568015e-254,1.7132818933049946e-237
a050_i050,C448_T,SPATIAL_ONLY,132.0,2.2088284497942025e-269,5.3931398548235386e-282,2.2729156183833574e-265
a050_i050,C448_T,SPATIAL_ONLY,136.0,8.374234731331797e-299,9.36132387274e-312,8.619190773849561e-295
a050_i050,C448_T,SPATIAL_ONLY,140.0,0.0,0.0,0.0
a050_i050,C448_T,SPATIAL_ONLY,144.0,0.0,0.0,0.0
a050_i050,C448_T,SPATIAL_ONLY,148.0,0.0,0.0,0.0
a050_i050,C448_T,SPATIAL_ONLY,152.0,0.0,0.0,0.0
a050_i050,C448_T,SPATIAL_ONLY,156.0,0.0,0.0,0.0
a050_i050,C448_T,SPATIAL_ONLY,160.0,0.0,0.0,0.0
a050_i050,C448_T,SPATIAL_ONLY,164.0,0.0,0.0,0.0
a050_i050,C448_T,SPATIAL_ONLY,168.0,0.0,0.0,0.0
a050_i050,C448_T,SPATIAL_ONLY,172.0,0.0,0.0,0.0
a050_i050,C448_T,SPATIAL_ONLY,176.0,0.0,0.0,0.0
a050_i050,C448_T,SPATIAL_ONLY,180.0,0.0,0.0,0.0
a050_i050,C448_T,SPATIAL_ONLY,184.0,0.0,0.0,0.0
a050_i050,C448_T,SPATIAL_ONLY,188.0,0.0,0.0,0.0
a050_i050,C448_T,SPATIAL_ONLY,192.0,0.0,0.0,0.0
a050_i050,C448_T,SPATIAL_ONLY,196.0,0.0,0.0,0.0
a050_i050,C448_T,SPATIAL_ONLY,200.0,0.0,0.0,0.0
a050_i050,C448_T,SPATIAL_ONLY,204.0,0.0,0.0,0.0
a050_i050,C448_T,SPATIAL_ONLY,208.0,0.0,0.0,0.0
a050_i050,C448_T,SPATIAL_ONLY,212.0,0.0,0.0,0.0
a050_i050,C448_T,SPATIAL_ONLY,216.0,0.0,0.0,0.0
a050_i050,C448_T,SPATIAL_ONLY,220.0,0.0,0.0,0.0
a050_i050,C448_T,SPATIAL_ONLY,224.0,0.0,0.0,0.0
a050_i050,C448_T,SPATIAL_ONLY,228.0,0.0,0.0,0.0
a050_i050,C448_T,SPATIAL_ONLY,232.0,0.0,0.0,0.0
a050_i050,C448_T,SPATIAL_ONLY,236.0,0.0,0.0,0.0
a050_i050,C448_T,SPATIAL_ONLY,240.0,0.0,0.0,0.0
a050_i050,C448_T,SPATIAL_ONLY,244.0,0.0,0.0,0.0
a050_i050,C448_T,SPATIAL_ONLY,248.0,0.0,0.0,0.0
a050_i050,C448_T,SPATIAL_ONLY,252.0,0.0,0.0,0.0
a050_i050,C448_T,UNRESOLVED_IMAGE,0.0,0.22676274294856508,1.138710988799408e-11,51.54286128525791
a050_i050,C448_T,UNRESOLVED_IMAGE,4.0,0.27700449194159227,4.229026476986351e-10,61.7836848013869
a050_i050,C448_T,UNRESOLVED_IMAGE,8.0,0.33969032987930436,9.682947485875007e-09,73.21189529388229
a050_i050,C448_T,UNRESOLVED_IMAGE,12.0,0.4250383053056046,1.7469143690648802e-07,86.16766002546736
a050_i050,C448_T,UNRESOLVED_IMAGE,16.0,0.5466490136270001,1.5725974737224003e-06,98.13062219132152
a050_i050,C448_T,UNRESOLVED_IMAGE,20.0,0.6133719102046518,4.991628931226719e-06,103.19085267671078
a050_i050,C448_T,UNRESOLVED_IMAGE,24.0,0.6360059901452344,1.6941041504465363e-06,103.5740154917901
a050_i050,C448_T,UNRESOLVED_IMAGE,28.0,0.6366285438236174,5.241788535528053e-07,101.38227759102021
a050_i050,C448_T,UNRESOLVED_IMAGE,32.0,0.5990379984272554,1.1369005762881797e-07,95.26157313023523
a050_i050,C448_T,UNRESOLVED_IMAGE,36.0,0.4929004792623969,1.6839717174897282e-08,84.2052038289997
a050_i050,C448_T,UNRESOLVED_IMAGE,40.0,0.3392173900461267,5.246089464015405e-09,68.53264010825299
a050_i050,C448_T,UNRESOLVED_IMAGE,44.0,0.22009988131440467,1.8858882096349376e-09,51.012511654304966
a050_i050,C448_T,UNRESOLVED_IMAGE,48.0,0.14215198286729003,3.3890439079556194e-09,39.24181215912899
a050_i050,C448_T,UNRESOLVED_IMAGE,52.0,0.0820796056698129,5.993079325207207e-09,29.50768351465167
a050_i050,C448_T,UNRESOLVED_IMAGE,56.0,0.03153894806563444,7.765240246028006e-09,19.690273293425065
a050_i050,C448_T,UNRESOLVED_IMAGE,60.0,0.0037947325335671795,6.471372645220864e-09,9.429697092445595
a050_i050,C448_T,UNRESOLVED_IMAGE,64.0,8.301467178117573e-05,1.5531594225474941e-09,1.7269228699420378
a050_i050,C448_T,UNRESOLVED_IMAGE,68.0,4.108117963423908e-05,1.0963122024854904e-09,0.9346003760903463
a050_i050,C448_T,UNRESOLVED_IMAGE,72.0,3.323144224465441e-05,5.46679584401454e-10,0.7296062091262657
a050_i050,C448_T,UNRESOLVED_IMAGE,76.0,2.628194871821867e-05,1.1598478220979666e-10,0.5743558872713459
a050_i050,C448_T,UNRESOLVED_IMAGE,80.0,1.9917513434254137e-05,2.6532641853418333e-11,0.4391384979820541
a050_i050,C448_T,UNRESOLVED_IMAGE,84.0,1.5417448584315633e-05,5.1158307841394455e-12,0.3349178330955205
a050_i050,C448_T,UNRESOLVED_IMAGE,88.0,1.0672230370988831e-05,6.173181775253053e-13,0.24200288311721346
a050_i050,C448_T,UNRESOLVED_IMAGE,92.0,6.612752163912606e-06,7.060708567638999e-14,0.1607615187652779
a050_i050,C448_T,UNRESOLVED_IMAGE,96.0,3.044353870769818e-06,1.0231835355843467e-14,0.06446878292251629
a050_i050,C448_T,UNRESOLVED_IMAGE,100.0,5.957551591276135e-07,8.88536032350032e-16,0.012313962040095057
a050_i050,C448_T,UNRESOLVED_IMAGE,104.0,5.665695739531722e-08,3.3607423563292895e-17,0.0009581421984076315
a050_i050,C448_T,UNRESOLVED_IMAGE,108.0,1.6506858704431505e-09,7.095414270672717e-19,6.241022293309255e-05
a050_i050,C448_T,UNRESOLVED_IMAGE,112.0,8.290280269964141e-10,8.240685711651017e-22,2.5495172335300387e-05
a050_i050,C448_T,UNRESOLVED_IMAGE,116.0,3.0574232731258036e-10,4.366709159109903e-26,5.970473848563388e-06
a050_i050,C448_T,UNRESOLVED_IMAGE,120.0,1.9678370081525436e-10,0.0,2.020676783546945e-06
a050_i050,C448_T,UNRESOLVED_IMAGE,124.0,2.1100925458831303e-11,0.0,2.1105696383623572e-07
a050_i050,C448_T,UNRESOLVED_IMAGE,128.0,8.476411279884145e-14,0.0,8.476425781873761e-10
a050_i050,C448_T,UNRESOLVED_IMAGE,132.0,9.961806389425403e-18,0.0,9.961806520896429e-14
a050_i050,C448_T,UNRESOLVED_IMAGE,136.0,3.3506759606910404e-23,0.0,3.35067596103575e-19
a050_i050,C448_T,UNRESOLVED_IMAGE,140.0,3.219836745149222e-30,0.0,3.2198367451518155e-26
a050_i050,C448_T,UNRESOLVED_IMAGE,144.0,8.838575267465928e-39,0.0,8.838575267465983e-35
a050_i050,C448_T,UNRESOLVED_IMAGE,148.0,6.930633368511696e-49,0.0,6.930633368511697e-45
a050_i050,C448_T,UNRESOLVED_IMAGE,152.0,1.5524065267119376e-60,0.0,1.552406526711938e-56
a050_i050,C448_T,UNRESOLVED_IMAGE,156.0,9.932986365694505e-74,0.0,9.932986365694506e-70
a050_i050,C448_T,UNRESOLVED_IMAGE,160.0,1.815499196579396e-88,0.0,1.8154991965793963e-84
a050_i050,C448_T,UNRESOLVED_IMAGE,164.0,9.478816697466322e-105,0.0,9.478816697466325e-101
a050_i050,C448_T,UNRESOLVED_IMAGE,168.0,1.4136894952386346e-122,0.0,1.413689495238635e-118
a050_i050,C448_T,UNRESOLVED_IMAGE,172.0,6.022763073000538e-142,0.0,6.02276307300054e-138
a050_i050,C448_T,UNRESOLVED_IMAGE,176.0,7.32958472223152e-163,0.0,7.329584722231521e-159
a050_i050,C448_T,UNRESOLVED_IMAGE,180.0,2.548031552058695e-185,0.0,2.5480315520586954e-181
a050_i050,C448_T,UNRESOLVED_IMAGE,184.0,2.530300352461383e-209,0.0,2.5303003524613836e-205
a050_i050,C448_T,UNRESOLVED_IMAGE,188.0,7.177632073531458e-235,0.0,7.17763207353146e-231
a050_i050,C448_T,UNRESOLVED_IMAGE,192.0,5.816103833464322e-262,0.0,5.816103833464323e-258
a050_i050,C448_T,UNRESOLVED_IMAGE,196.0,1.3462476310649445e-290,0.0,1.3462476310649445e-286
a050_i050,C448_T,UNRESOLVED_IMAGE,200.0,8.903e-321,0.0,8.9080036e-317
a050_i050,C448_T,UNRESOLVED_IMAGE,204.0,0.0,0.0,0.0
a050_i050,C448_T,UNRESOLVED_IMAGE,208.0,0.0,0.0,0.0
a050_i050,C448_T,UNRESOLVED_IMAGE,212.0,0.0,0.0,0.0
a050_i050,C448_T,UNRESOLVED_IMAGE,216.0,0.0,0.0,0.0
a050_i050,C448_T,UNRESOLVED_IMAGE,220.0,0.0,0.0,0.0
a050_i050,C448_T,UNRESOLVED_IMAGE,224.0,0.0,0.0,0.0
a050_i050,C448_T,UNRESOLVED_IMAGE,228.0,0.0,0.0,0.0
a050_i050,C448_T,UNRESOLVED_IMAGE,232.0,0.0,0.0,0.0
a050_i050,C448_T,UNRESOLVED_IMAGE,236.0,0.0,0.0,0.0
a050_i050,C448_T,UNRESOLVED_IMAGE,240.0,0.0,0.0,0.0
a050_i050,C448_T,UNRESOLVED_IMAGE,244.0,0.0,0.0,0.0
a050_i050,C448_T,UNRESOLVED_IMAGE,248.0,0.0,0.0,0.0
a050_i050,C448_T,UNRESOLVED_IMAGE,252.0,0.0,0.0,0.0
a050_i050,C448_T,EQUALIZED_ORDER_SENSITIVITY,0.0,0.23192103389177826,1.1635842608620449e-11,51.81909874046939
a050_i050,C448_T,EQUALIZED_ORDER_SENSITIVITY,4.0,0.2833236523331404,4.322078712143099e-10,62.1146970956193
a050_i050,C448_T,EQUALIZED_ORDER_SENSITIVITY,8.0,0.3474318518169943,9.892306971814938e-09,73.59403923942824
a050_i050,C448_T,EQUALIZED_ORDER_SENSITIVITY,12.0,0.43445736113775946,1.7849260649995726e-07,86.60292065947117
a050_i050,C448_T,EQUALIZED_ORDER_SENSITIVITY,16.0,0.5587123723111204,1.6069258078967287e-06,98.59707592396951
a050_i050,C448_T,EQUALIZED_ORDER_SENSITIVITY,20.0,0.6269810777119673,5.196537619310139e-06,104.10500663790164
a050_i050,C448_T,EQUALIZED_ORDER_SENSITIVITY,24.0,0.6507474112517444,2.0405641255484502e-06,112.82879152513546
a050_i050,C448_T,EQUALIZED_ORDER_SENSITIVITY,28.0,0.9250602182981164,1.1088471185372579e-06,124.64221829585411
a050_i050,C448_T,EQUALIZED_ORDER_SENSITIVITY,32.0,1.5112589517848667,4.1155896404503543e-07,131.70641719493992
a050_i050,C448_T,EQUALIZED_ORDER_SENSITIVITY,36.0,1.6613188148912088,2.6986789680973937e-07,135.8843153446077
a050_i050,C448_T,EQUALIZED_ORDER_SENSITIVITY,40.0,1.7053560449602434,7.920162831434326e-07,141.88128290828706
a050_i050,C448_T,EQUALIZED_ORDER_SENSITIVITY,44.0,1.7251422214685508,3.8071864403441174e-06,153.36732256812726
a050_i050,C448_T,EQUALIZED_ORDER_SENSITIVITY,48.0,2.696244321674859,1.4816206984921289e-05,161.56489618286008
a050_i050,C448_T,EQUALIZED_ORDER_SENSITIVITY,52.0,3.0096296491071577,4.1876957574597405e-05,164.2049526486955
a050_i050,C448_T,EQUALIZED_ORDER_SENSITIVITY,56.0,2.928749238404429,6.59713067125717e-05,162.25037436216988
a050_i050,C448_T,EQUALIZED_ORDER_SENSITIVITY,60.0,2.8874609564498868,7.522646992741736e-05,161.04417017349974
a050_i050,C448_T,EQUALIZED_ORDER_SENSITIVITY,64.0,2.794745286511832,0.00011740500522633914,162.87171659930573
a050_i050,C448_T,EQUALIZED_ORDER_SENSITIVITY,68.0,1.901696492944268,0.00016185713113360726,158.62525748849725
a050_i050,C448_T,EQUALIZED_ORDER_SENSITIVITY,72.0,0.6513761506303406,0.00012012946169015739,145.01217642830707
a050_i050,C448_T,EQUALIZED_ORDER_SENSITIVITY,76.0,0.26904174381480644,3.9857566992034115e-05,123.71306316406356
a050_i050,C448_T,EQUALIZED_ORDER_SENSITIVITY,80.0,0.14712373234349857,9.74757568234517e-06,105.62751427483789
a050_i050,C448_T,EQUALIZED_ORDER_SENSITIVITY,84.0,0.09191697944562907,2.20259204188892e-06,91.83298921467737
a050_i050,C448_T,EQUALIZED_ORDER_SENSITIVITY,88.0,0.06986807312656719,4.959893040680679e-07,80.9465852188776
a050_i050,C448_T,EQUALIZED_ORDER_SENSITIVITY,92.0,0.05420806887644071,1.0269554136076202e-07,70.65055395998806
a050_i050,C448_T,EQUALIZED_ORDER_SENSITIVITY,96.0,0.0372388902324773,1.8882801367694366e-08,58.84310969589021
a050_i050,C448_T,EQUALIZED_ORDER_SENSITIVITY,100.0,0.025653204849973778,1.5637338405028076e-09,49.234483165402274
a050_i050,C448_T,EQUALIZED_ORDER_SENSITIVITY,104.0,0.017318704237709516,6.50662365294336e-11,39.59321768028908
a050_i050,C448_T,EQUALIZED_ORDER_SENSITIVITY,108.0,0.011250204380168383,3.0797199820014693e-12,30.280981382613582
a050_i050,C448_T,EQUALIZED_ORDER_SENSITIVITY,112.0,0.005371667560386255,5.440101751956737e-15,22.227242042312156
a050_i050,C448_T,EQUALIZED_ORDER_SENSITIVITY,116.0,0.002198188109578709,3.876814970706334e-19,10.78292605666243
a050_i050,C448_T,EQUALIZED_ORDER_SENSITIVITY,120.0,0.0014317467408848344,0.0,3.0860764163171472
a050_i050,C448_T,EQUALIZED_ORDER_SENSITIVITY,124.0,0.0001535247745044798,0.0,0.9306589022520233
a050_i050,C448_T,EQUALIZED_ORDER_SENSITIVITY,128.0,6.167209787135916e-07,0.0,0.006148281626229474
a050_i050,C448_T,EQUALIZED_ORDER_SENSITIVITY,132.0,7.247943438979095e-11,0.0,7.247940914510227e-07
a050_i050,C448_T,EQUALIZED_ORDER_SENSITIVITY,136.0,2.437862059850644e-16,0.0,2.4378620601157236e-12
a050_i050,C448_T,EQUALIZED_ORDER_SENSITIVITY,140.0,2.3426669519814327e-23,0.0,2.3426669519834496e-19
a050_i050,C448_T,EQUALIZED_ORDER_SENSITIVITY,144.0,6.430710567200891e-32,0.0,6.430710567200936e-28
a050_i050,C448_T,EQUALIZED_ORDER_SENSITIVITY,148.0,5.0425431578704444e-42,0.0,5.042543157870446e-38
a050_i050,C448_T,EQUALIZED_ORDER_SENSITIVITY,152.0,1.1294893977613074e-53,0.0,1.1294893977613079e-49
a050_i050,C448_T,EQUALIZED_ORDER_SENSITIVITY,156.0,7.226974761515792e-67,0.0,7.226974761515792e-63
a050_i050,C448_T,EQUALIZED_ORDER_SENSITIVITY,160.0,1.3209085757477657e-81,0.0,1.3209085757477659e-77
a050_i050,C448_T,EQUALIZED_ORDER_SENSITIVITY,164.0,6.896533078733765e-98,0.0,6.896533078733766e-94
a050_i050,C448_T,EQUALIZED_ORDER_SENSITIVITY,168.0,1.0285626020785621e-115,0.0,1.0285626020785624e-111
a050_i050,C448_T,EQUALIZED_ORDER_SENSITIVITY,172.0,4.382001053931873e-135,0.0,4.3820010539318736e-131
a050_i050,C448_T,EQUALIZED_ORDER_SENSITIVITY,176.0,5.33280947438966e-156,0.0,5.332809474389661e-152
a050_i050,C448_T,EQUALIZED_ORDER_SENSITIVITY,180.0,1.8538794920601484e-178,0.0,1.8538794920601485e-174
a050_i050,C448_T,EQUALIZED_ORDER_SENSITIVITY,184.0,1.8409787462760073e-202,0.0,1.8409787462760076e-198
a050_i050,C448_T,EQUALIZED_ORDER_SENSITIVITY,188.0,5.2222527982128405e-228,0.0,5.222252798212841e-224
a050_i050,C448_T,EQUALIZED_ORDER_SENSITIVITY,192.0,4.2316413279263634e-255,0.0,4.231641327926365e-251
a050_i050,C448_T,EQUALIZED_ORDER_SENSITIVITY,196.0,9.794937085647074e-284,0.0,9.794937085647073e-280
a050_i050,C448_T,EQUALIZED_ORDER_SENSITIVITY,200.0,6.4764392144e-314,0.0,6.47643921488226e-310
a050_i050,C448_T,EQUALIZED_ORDER_SENSITIVITY,204.0,0.0,0.0,0.0
a050_i050,C448_T,EQUALIZED_ORDER_SENSITIVITY,208.0,0.0,0.0,0.0
a050_i050,C448_T,EQUALIZED_ORDER_SENSITIVITY,212.0,0.0,0.0,0.0
a050_i050,C448_T,EQUALIZED_ORDER_SENSITIVITY,216.0,0.0,0.0,0.0
a050_i050,C448_T,EQUALIZED_ORDER_SENSITIVITY,220.0,0.0,0.0,0.0
a050_i050,C448_T,EQUALIZED_ORDER_SENSITIVITY,224.0,0.0,0.0,0.0
a050_i050,C448_T,EQUALIZED_ORDER_SENSITIVITY,228.0,0.0,0.0,0.0
a050_i050,C448_T,EQUALIZED_ORDER_SENSITIVITY,232.0,0.0,0.0,0.0
a050_i050,C448_T,EQUALIZED_ORDER_SENSITIVITY,236.0,0.0,0.0,0.0
a050_i050,C448_T,EQUALIZED_ORDER_SENSITIVITY,240.0,0.0,0.0,0.0
a050_i050,C448_T,EQUALIZED_ORDER_SENSITIVITY,244.0,0.0,0.0,0.0
a050_i050,C448_T,EQUALIZED_ORDER_SENSITIVITY,248.0,0.0,0.0,0.0
a050_i050,C448_T,EQUALIZED_ORDER_SENSITIVITY,252.0,0.0,0.0,0.0
a050_i050,C448_T,PAIRING_DESTROYED,0.0,0.25324895675557074,4.138175057714776e-05,133.64731880213688
a050_i050,C448_T,PAIRING_DESTROYED,4.0,0.2686170227224608,4.759672704954887e-05,135.57073844452339
a050_i050,C448_T,PAIRING_DESTROYED,8.0,0.27296654750152927,6.191161491344152e-05,135.8927681938754
a050_i050,C448_T,PAIRING_DESTROYED,12.0,0.2688243790877084,6.983003872327352e-05,136.2704289149196
a050_i050,C448_T,PAIRING_DESTROYED,16.0,0.23397638476257016,7.604036977574951e-05,136.65612925666537
a050_i050,C448_T,PAIRING_DESTROYED,20.0,0.20512191516322179,8.569901499144876e-05,136.65870901683246
a050_i050,C448_T,PAIRING_DESTROYED,24.0,0.23576019428601244,0.00012184981611640199,138.55020076448722
a050_i050,C448_T,PAIRING_DESTROYED,28.0,0.27085005171145476,0.0001469934513252911,141.87640886460704
a050_i050,C448_T,PAIRING_DESTROYED,32.0,0.316544185389823,0.00016434618535850773,145.77054958359406
a050_i050,C448_T,PAIRING_DESTROYED,36.0,0.4621617256776501,0.0001646069012673696,147.55837327500979
a050_i050,C448_T,PAIRING_DESTROYED,40.0,0.46001864733478903,0.00014325707660915523,144.53775326675165
a050_i050,C448_T,PAIRING_DESTROYED,44.0,0.35338448506878867,0.0001152553400116077,138.55053670926108
a050_i050,C448_T,PAIRING_DESTROYED,48.0,0.3092730408994758,7.631727484755586e-05,129.09758198481563
a050_i050,C448_T,PAIRING_DESTROYED,52.0,0.28653794059026716,4.3131422360289935e-05,117.4676560249799
a050_i050,C448_T,PAIRING_DESTROYED,56.0,0.16061591101203476,1.87045072130385e-05,98.25499718249678
a050_i050,C448_T,PAIRING_DESTROYED,60.0,0.020700701382838103,5.7816708805852425e-06,64.0173649027231
a050_i050,C448_T,PAIRING_DESTROYED,64.0,0.014878924242785588,1.7605110279768649e-06,44.446109563165166
a050_i050,C448_T,PAIRING_DESTROYED,68.0,0.011903790836269211,1.119035387135664e-06,39.945658849088545
a050_i050,C448_T,PAIRING_DESTROYED,72.0,0.009487339313156578,7.697556618688491e-07,37.582179325755625
a050_i050,C448_T,PAIRING_DESTROYED,76.0,0.00770905975978846,2.584619573704089e-07,34.774439966198244
a050_i050,C448_T,PAIRING_DESTROYED,80.0,0.00632116619243,1.164879627570568e-07,31.673472786447977
a050_i050,C448_T,PAIRING_DESTROYED,84.0,0.004289606610500944,1.9669631539104126e-08,27.827801369038667
a050_i050,C448_T,PAIRING_DESTROYED,88.0,0.0026277209787430545,9.354250429768036e-09,22.49643108753369
a050_i050,C448_T,PAIRING_DESTROYED,92.0,0.0018435893152021366,5.772337393849953e-09,17.13830761956315
a050_i050,C448_T,PAIRING_DESTROYED,96.0,0.0008563164548937017,2.4765287773526377e-09,9.190004285124978
a050_i050,C448_T,PAIRING_DESTROYED,100.0,8.899460772701962e-05,3.8825468487404956e-10,2.721800241130749
a050_i050,C448_T,PAIRING_DESTROYED,104.0,3.6487769293629685e-05,1.0094748738664049e-11,1.14356424258131
a050_i050,C448_T,PAIRING_DESTROYED,108.0,2.1706672132900096e-05,1.2926467369336967e-13,0.6203488370891747
a050_i050,C448_T,PAIRING_DESTROYED,112.0,1.1662274087560729e-05,9.631794938150815e-16,0.3260320603063497
a050_i050,C448_T,PAIRING_DESTROYED,116.0,5.4581550696957495e-06,1.005935084646724e-19,0.10256175141205404
a050_i050,C448_T,PAIRING_DESTROYED,120.0,3.588317538782796e-06,0.0,0.03596579218326761
a050_i050,C448_T,PAIRING_DESTROYED,124.0,3.843414266432716e-07,0.0,0.0038365131450645625
a050_i050,C448_T,PAIRING_DESTROYED,128.0,1.5439119444885193e-09,0.0,1.5439012064251886e-05
a050_i050,C448_T,PAIRING_DESTROYED,132.0,1.8144648668933333e-13,0.0,1.8144648751511646e-09
a050_i050,C448_T,PAIRING_DESTROYED,136.0,6.102993341848345e-19,0.0,6.1029933421005405e-15
a050_i050,C448_T,PAIRING_DESTROYED,140.0,5.864679977387099e-26,0.0,5.864679977388977e-22
a050_i050,C448_T,PAIRING_DESTROYED,144.0,1.6098771305043837e-34,0.0,1.6098771305043882e-30
a050_i050,C448_T,PAIRING_DESTROYED,148.0,1.262360484833711e-44,0.0,1.2623604848337113e-40
a050_i050,C448_T,PAIRING_DESTROYED,152.0,2.8275866742896677e-56,0.0,2.827586674289668e-52
a050_i050,C448_T,PAIRING_DESTROYED,156.0,1.8092155244301158e-69,0.0,1.8092155244301162e-65
a050_i050,C448_T,PAIRING_DESTROYED,160.0,3.306789328117826e-84,0.0,3.3067893281178263e-80
a050_i050,C448_T,PAIRING_DESTROYED,164.0,1.7264920831374186e-100,0.0,1.726492083137419e-96
a050_i050,C448_T,PAIRING_DESTROYED,168.0,2.5749244862984198e-118,0.0,2.57492448629842e-114
a050_i050,C448_T,PAIRING_DESTROYED,172.0,1.0969990343760164e-137,0.0,1.0969990343760166e-133
a050_i050,C448_T,PAIRING_DESTROYED,176.0,1.3350263434253583e-158,0.0,1.3350263434253587e-154
a050_i050,C448_T,PAIRING_DESTROYED,180.0,4.6410395333307495e-181,0.0,4.64103953333075e-177
a050_i050,C448_T,PAIRING_DESTROYED,184.0,4.6087435445946545e-205,0.0,4.608743544594655e-201
a050_i050,C448_T,PAIRING_DESTROYED,188.0,1.3073493608055177e-230,0.0,1.3073493608055178e-226
a050_i050,C448_T,PAIRING_DESTROYED,192.0,1.0593576755066288e-257,0.0,1.0593576755066289e-253
a050_i050,C448_T,PAIRING_DESTROYED,196.0,2.4520844227290643e-286,0.0,2.452084422729065e-282
a050_i050,C448_T,PAIRING_DESTROYED,200.0,1.62132493e-316,0.0,1.62132572458e-312
a050_i050,C448_T,PAIRING_DESTROYED,204.0,0.0,0.0,0.0
a050_i050,C448_T,PAIRING_DESTROYED,208.0,0.0,0.0,0.0
a050_i050,C448_T,PAIRING_DESTROYED,212.0,0.0,0.0,0.0
a050_i050,C448_T,PAIRING_DESTROYED,216.0,0.0,0.0,0.0
a050_i050,C448_T,PAIRING_DESTROYED,220.0,0.0,0.0,0.0
a050_i050,C448_T,PAIRING_DESTROYED,224.0,0.0,0.0,0.0
a050_i050,C448_T,PAIRING_DESTROYED,228.0,0.0,0.0,0.0
a050_i050,C448_T,PAIRING_DESTROYED,232.0,0.0,0.0,0.0
a050_i050,C448_T,PAIRING_DESTROYED,236.0,0.0,0.0,0.0
a050_i050,C448_T,PAIRING_DESTROYED,240.0,0.0,0.0,0.0
a050_i050,C448_T,PAIRING_DESTROYED,244.0,0.0,0.0,0.0
a050_i050,C448_T,PAIRING_DESTROYED,248.0,0.0,0.0,0.0
a050_i050,C448_T,PAIRING_DESTROYED,252.0,0.0,0.0,0.0
a050_i050,C528_S,DIRECT_PHYSICAL,0.0,0.2809343214534784,0.0,90.9607295423676
a050_i050,C528_S,DIRECT_PHYSICAL,4.0,0.3319054106558039,1.50018257350758e-14,114.17325233270873
a050_i050,C528_S,DIRECT_PHYSICAL,8.0,0.3912122084993739,1.553392709121559e-11,140.7546111498103
a050_i050,C528_S,DIRECT_PHYSICAL,12.0,0.4685081712080317,2.5826234130255353e-10,173.02257607460118
a050_i050,C528_S,DIRECT_PHYSICAL,16.0,0.650073801922433,4.25771653144638e-09,205.91260710032415
a050_i050,C528_S,DIRECT_PHYSICAL,20.0,0.6937436722158459,6.041851678449892e-08,219.68418027814238
a050_i050,C528_S,DIRECT_PHYSICAL,24.0,0.6991624530225973,4.449120573775739e-09,220.42339345910176
a050_i050,C528_S,DIRECT_PHYSICAL,28.0,0.6937601915385782,3.47759446165205e-10,214.3410068360505
a050_i050,C528_S,DIRECT_PHYSICAL,32.0,0.6517441875055074,2.5302967393750796e-11,198.89946953278172
a050_i050,C528_S,DIRECT_PHYSICAL,36.0,0.5528564249993217,1.3887338825957533e-12,170.50355174129177
a050_i050,C528_S,DIRECT_PHYSICAL,40.0,0.3995486167265222,7.169929643777828e-14,130.8595009950268
a050_i050,C528_S,DIRECT_PHYSICAL,44.0,0.2811162354007838,2.4451781206898908e-15,85.93775254652196
a050_i050,C528_S,DIRECT_PHYSICAL,48.0,0.1982057761100179,3.544815097348998e-17,57.50495736565773
a050_i050,C528_S,DIRECT_PHYSICAL,52.0,0.1220807882515814,0.0,41.664819050791536
a050_i050,C528_S,DIRECT_PHYSICAL,56.0,0.04861621988909037,0.0,27.927797775134767
a050_i050,C528_S,DIRECT_PHYSICAL,60.0,0.00643078687712896,0.0,12.842603059049825
a050_i050,C528_S,DIRECT_PHYSICAL,64.0,7.585766032447894e-05,0.0,0.8737796277319049
a050_i050,C528_S,DIRECT_PHYSICAL,68.0,3.809296538124871e-08,0.0,0.0004641770022482559
a050_i050,C528_S,DIRECT_PHYSICAL,72.0,6.336053797964476e-13,0.0,7.0357392435292255e-09
a050_i050,C528_S,DIRECT_PHYSICAL,76.0,3.206960140377916e-19,0.0,3.3955109996227143e-15
a050_i050,C528_S,DIRECT_PHYSICAL,80.0,4.784616963619586e-27,0.0,4.9442826508626854e-23
a050_i050,C528_S,DIRECT_PHYSICAL,84.0,2.075025204280175e-36,0.0,2.1168705748252737e-32
a050_i050,C528_S,DIRECT_PHYSICAL,88.0,2.5978216930743924e-47,0.0,2.6313895006836666e-43
a050_i050,C528_S,DIRECT_PHYSICAL,92.0,9.353407106690979e-60,0.0,9.435137228850626e-56
a050_i050,C528_S,DIRECT_PHYSICAL,96.0,9.664105707208806e-74,0.0,9.724075618158207e-70
a050_i050,C528_S,DIRECT_PHYSICAL,100.0,2.8616339653860014e-89,0.0,2.8748075456444095e-85
a050_i050,C528_S,DIRECT_PHYSICAL,104.0,2.4264230556680916e-106,0.0,2.4350320559693488e-102
a050_i050,C528_S,DIRECT_PHYSICAL,108.0,5.888188078297237e-125,0.0,5.904827364596482e-121
a050_i050,C528_S,DIRECT_PHYSICAL,112.0,4.087869257480529e-145,0.0,4.097331475823394e-141
a050_i050,C528_S,DIRECT_PHYSICAL,116.0,8.117026943105249e-167,0.0,8.132789060075404e-163
a050_i050,C528_S,DIRECT_PHYSICAL,120.0,4.608894898200807e-190,0.0,4.616558469290158e-186
a050_i050,C528_S,DIRECT_PHYSICAL,124.0,7.482252459219341e-215,0.0,7.493096216194643e-211
a050_i050,C528_S,DIRECT_PHYSICAL,128.0,3.472594721398664e-241,0.0,3.477049676197741e-237
a050_i050,C528_S,DIRECT_PHYSICAL,132.0,4.607050959065583e-269,0.0,4.612354791494913e-265
a050_i050,C528_S,DIRECT_PHYSICAL,136.0,1.7470604051038672e-298,0.0,1.7488873246326643e-294
a050_i050,C528_S,DIRECT_PHYSICAL,140.0,0.0,0.0,0.0
a050_i050,C528_S,DIRECT_PHYSICAL,144.0,0.0,0.0,0.0
a050_i050,C528_S,DIRECT_PHYSICAL,148.0,0.0,0.0,0.0
a050_i050,C528_S,DIRECT_PHYSICAL,152.0,0.0,0.0,0.0
a050_i050,C528_S,DIRECT_PHYSICAL,156.0,0.0,0.0,0.0
a050_i050,C528_S,DIRECT_PHYSICAL,160.0,0.0,0.0,0.0
a050_i050,C528_S,DIRECT_PHYSICAL,164.0,0.0,0.0,0.0
a050_i050,C528_S,DIRECT_PHYSICAL,168.0,0.0,0.0,0.0
a050_i050,C528_S,DIRECT_PHYSICAL,172.0,0.0,0.0,0.0
a050_i050,C528_S,DIRECT_PHYSICAL,176.0,0.0,0.0,0.0
a050_i050,C528_S,DIRECT_PHYSICAL,180.0,0.0,0.0,0.0
a050_i050,C528_S,DIRECT_PHYSICAL,184.0,0.0,0.0,0.0
a050_i050,C528_S,DIRECT_PHYSICAL,188.0,0.0,0.0,0.0
a050_i050,C528_S,DIRECT_PHYSICAL,192.0,0.0,0.0,0.0
a050_i050,C528_S,DIRECT_PHYSICAL,196.0,0.0,0.0,0.0
a050_i050,C528_S,DIRECT_PHYSICAL,200.0,0.0,0.0,0.0
a050_i050,C528_S,DIRECT_PHYSICAL,204.0,0.0,0.0,0.0
a050_i050,C528_S,DIRECT_PHYSICAL,208.0,0.0,0.0,0.0
a050_i050,C528_S,DIRECT_PHYSICAL,212.0,0.0,0.0,0.0
a050_i050,C528_S,DIRECT_PHYSICAL,216.0,0.0,0.0,0.0
a050_i050,C528_S,DIRECT_PHYSICAL,220.0,0.0,0.0,0.0
a050_i050,C528_S,DIRECT_PHYSICAL,224.0,0.0,0.0,0.0
a050_i050,C528_S,DIRECT_PHYSICAL,228.0,0.0,0.0,0.0
a050_i050,C528_S,DIRECT_PHYSICAL,232.0,0.0,0.0,0.0
a050_i050,C528_S,DIRECT_PHYSICAL,236.0,0.0,0.0,0.0
a050_i050,C528_S,DIRECT_PHYSICAL,240.0,0.0,0.0,0.0
a050_i050,C528_S,DIRECT_PHYSICAL,244.0,0.0,0.0,0.0
a050_i050,C528_S,DIRECT_PHYSICAL,248.0,0.0,0.0,0.0
a050_i050,C528_S,DIRECT_PHYSICAL,252.0,0.0,0.0,0.0
a050_i050,C528_S,RESOLVED_PHYSICAL,0.0,0.2809343214534784,0.0,90.9607295423676
a050_i050,C528_S,RESOLVED_PHYSICAL,4.0,0.3319054106558039,1.50018257350758e-14,114.17325233270873
a050_i050,C528_S,RESOLVED_PHYSICAL,8.0,0.3912122084993739,1.5533927216818484e-11,140.75461114980868
a050_i050,C528_S,RESOLVED_PHYSICAL,12.0,0.4685081712080318,2.5826234130807227e-10,173.02257607537572
a050_i050,C528_S,RESOLVED_PHYSICAL,16.0,0.6500738019295311,4.257716873201776e-09,205.91262488912574
a050_i050,C528_S,RESOLVED_PHYSICAL,20.0,0.6937436890174149,6.041941176587879e-08,219.72540909527729
a050_i050,C528_S,RESOLVED_PHYSICAL,24.0,0.6991644814110938,4.459309244138327e-09,224.06779489540935
a050_i050,C528_S,RESOLVED_PHYSICAL,28.0,0.6937888089585998,3.531129999218795e-10,229.65499598239674
a050_i050,C528_S,RESOLVED_PHYSICAL,32.0,0.6520244168059527,2.6906014024469085e-11,223.93493380051137
a050_i050,C528_S,RESOLVED_PHYSICAL,36.0,0.5541057548708213,1.973304700564398e-12,208.72702494192842
a050_i050,C528_S,RESOLVED_PHYSICAL,40.0,0.4015678704457587,1.9599371813616997e-13,184.20549034270653
a050_i050,C528_S,RESOLVED_PHYSICAL,44.0,0.2832626209677529,8.433222255619958e-13,158.96021726728475
a050_i050,C528_S,RESOLVED_PHYSICAL,48.0,0.20037770634770968,7.819625899942356e-11,147.35837761566756
a050_i050,C528_S,RESOLVED_PHYSICAL,52.0,0.12415984171771033,1.7020830458519044e-09,128.45481388299137
a050_i050,C528_S,RESOLVED_PHYSICAL,56.0,0.050432896796467376,8.696959585953517e-09,98.20368051261599
a050_i050,C528_S,RESOLVED_PHYSICAL,60.0,0.007987905867112887,8.121017580356184e-08,67.89935826123275
a050_i050,C528_S,RESOLVED_PHYSICAL,64.0,0.002985852333738227,7.893157517888142e-08,52.22250387935682
a050_i050,C528_S,RESOLVED_PHYSICAL,68.0,0.0022462597505091605,3.5505695339479826e-08,42.027085484844704
a050_i050,C528_S,RESOLVED_PHYSICAL,72.0,0.0018247490712195173,1.926790091272566e-10,31.45717684011737
a050_i050,C528_S,RESOLVED_PHYSICAL,76.0,0.0014700231606578447,4.0818028438803214e-14,23.718491527745947
a050_i050,C528_S,RESOLVED_PHYSICAL,80.0,0.0011693507344022898,1.133134726864322e-18,18.818208066090758
a050_i050,C528_S,RESOLVED_PHYSICAL,84.0,0.000932065416275141,0.0,14.831781406113963
a050_i050,C528_S,RESOLVED_PHYSICAL,88.0,0.0007028709620308026,0.0,11.627891474619524
a050_i050,C528_S,RESOLVED_PHYSICAL,92.0,0.00041397736520765974,0.0,8.601251266725793
a050_i050,C528_S,RESOLVED_PHYSICAL,96.0,9.095182173159873e-05,0.0,3.9237800859033136
a050_i050,C528_S,RESOLVED_PHYSICAL,100.0,4.210554966775654e-05,0.0,1.2012304223446686
a050_i050,C528_S,RESOLVED_PHYSICAL,104.0,1.0601449362979892e-05,0.0,0.4035447640820868
a050_i050,C528_S,RESOLVED_PHYSICAL,108.0,4.754604251015606e-06,0.0,0.20302429894607205
a050_i050,C528_S,RESOLVED_PHYSICAL,112.0,2.0429051637523035e-06,0.0,0.09610937119033502
a050_i050,C528_S,RESOLVED_PHYSICAL,116.0,1.4019611396527833e-06,0.0,0.026396303882545304
a050_i050,C528_S,RESOLVED_PHYSICAL,120.0,1.011773893141294e-06,0.0,0.010292423322557729
a050_i050,C528_S,RESOLVED_PHYSICAL,124.0,1.0863381398137963e-07,0.0,0.0010859531305287967
a050_i050,C528_S,RESOLVED_PHYSICAL,128.0,4.363943355219729e-10,0.0,4.363940060183707e-06
a050_i050,C528_S,RESOLVED_PHYSICAL,132.0,5.1286753253369917e-14,0.0,5.128675380477146e-10
a050_i050,C528_S,RESOLVED_PHYSICAL,136.0,1.7250414692754089e-19,0.0,1.7250414694234427e-15
a050_i050,C528_S,RESOLVED_PHYSICAL,140.0,1.657681009700945e-26,0.0,1.6576810097020615e-22
a050_i050,C528_S,RESOLVED_PHYSICAL,144.0,4.550397903174469e-35,0.0,4.550397903174504e-31
a050_i050,C528_S,RESOLVED_PHYSICAL,148.0,3.568124793125004e-45,0.0,3.5681247931250105e-41
a050_i050,C528_S,RESOLVED_PHYSICAL,152.0,7.992314587201188e-57,0.0,7.992314587201205e-53
a050_i050,C528_S,RESOLVED_PHYSICAL,156.0,5.1138378033720874e-70,0.0,5.113837803372097e-66
a050_i050,C528_S,RESOLVED_PHYSICAL,160.0,9.346804759064251e-85,0.0,9.34680475906426e-81
a050_i050,C528_S,RESOLVED_PHYSICAL,164.0,4.880015875804409e-101,0.0,4.880015875804415e-97
a050_i050,C528_S,RESOLVED_PHYSICAL,168.0,7.278152326826304e-119,0.0,7.27815232682631e-115
a050_i050,C528_S,RESOLVED_PHYSICAL,172.0,3.100722416154264e-138,0.0,3.100722416154266e-134
a050_i050,C528_S,RESOLVED_PHYSICAL,176.0,3.773518462183589e-159,0.0,3.773518462183592e-155
a050_i050,C528_S,RESOLVED_PHYSICAL,180.0,1.3118129427928148e-181,0.0,1.3118129427928156e-177
a050_i050,C528_S,RESOLVED_PHYSICAL,184.0,1.302684320698554e-205,0.0,1.3026843206985548e-201
a050_i050,C528_S,RESOLVED_PHYSICAL,188.0,3.6952880921179816e-231,0.0,3.6952880921179845e-227
a050_i050,C528_S,RESOLVED_PHYSICAL,192.0,2.9943272402576807e-258,0.0,2.9943272402576824e-254
a050_i050,C528_S,RESOLVED_PHYSICAL,196.0,6.930938768039562e-287,0.0,6.930938768039564e-283
a050_i050,C528_S,RESOLVED_PHYSICAL,200.0,4.582756e-317,0.0,4.58275728083e-313
a050_i050,C528_S,RESOLVED_PHYSICAL,204.0,0.0,0.0,0.0
a050_i050,C528_S,RESOLVED_PHYSICAL,208.0,0.0,0.0,0.0
a050_i050,C528_S,RESOLVED_PHYSICAL,212.0,0.0,0.0,0.0
a050_i050,C528_S,RESOLVED_PHYSICAL,216.0,0.0,0.0,0.0
a050_i050,C528_S,RESOLVED_PHYSICAL,220.0,0.0,0.0,0.0
a050_i050,C528_S,RESOLVED_PHYSICAL,224.0,0.0,0.0,0.0
a050_i050,C528_S,RESOLVED_PHYSICAL,228.0,0.0,0.0,0.0
a050_i050,C528_S,RESOLVED_PHYSICAL,232.0,0.0,0.0,0.0
a050_i050,C528_S,RESOLVED_PHYSICAL,236.0,0.0,0.0,0.0
a050_i050,C528_S,RESOLVED_PHYSICAL,240.0,0.0,0.0,0.0
a050_i050,C528_S,RESOLVED_PHYSICAL,244.0,0.0,0.0,0.0
a050_i050,C528_S,RESOLVED_PHYSICAL,248.0,0.0,0.0,0.0
a050_i050,C528_S,RESOLVED_PHYSICAL,252.0,0.0,0.0,0.0
a050_i050,C528_S,DELAY_ONLY,0.0,0.2809343214534784,0.0,90.9607295423676
a050_i050,C528_S,DELAY_ONLY,4.0,0.3319054106558039,1.50018257350758e-14,114.17325233270873
a050_i050,C528_S,DELAY_ONLY,8.0,0.3912122084993739,1.553392709121559e-11,140.7546111498103
a050_i050,C528_S,DELAY_ONLY,12.0,0.46850817120803173,2.582623492901434e-10,173.02257607462363
a050_i050,C528_S,DELAY_ONLY,16.0,0.6500738019341483,4.2585893720522936e-09,205.9126080985357
a050_i050,C528_S,DELAY_ONLY,20.0,0.6937437491049157,6.532839876206432e-08,219.6869851759674
a050_i050,C528_S,DELAY_ONLY,24.0,0.6991777700042829,3.672805604658669e-07,221.22178333710687
a050_i050,C528_S,DELAY_ONLY,28.0,0.6939430064769275,5.628101973411514e-07,223.01764139562795
a050_i050,C528_S,DELAY_ONLY,32.0,0.6522125811532069,5.997519251359517e-07,218.5800367622361
a050_i050,C528_S,DELAY_ONLY,36.0,0.5537457275504554,4.781308743046524e-07,208.33502367533617
a050_i050,C528_S,DELAY_ONLY,40.0,0.4010254075096137,3.534810206762501e-07,186.56865585163402
a050_i050,C528_S,DELAY_ONLY,44.0,0.28273264397723274,3.2163238137275586e-07,159.25101404525046
a050_i050,C528_S,DELAY_ONLY,48.0,0.19980610156163042,3.313246798611886e-07,149.02839172771485
a050_i050,C528_S,DELAY_ONLY,52.0,0.12340382241951658,2.8383784402369786e-07,138.83211470203804
a050_i050,C528_S,DELAY_ONLY,56.0,0.04958818032325757,1.5717437386430213e-07,124.27120737554047
a050_i050,C528_S,DELAY_ONLY,60.0,0.020002205677517683,7.499245429094043e-08,107.4988426471451
a050_i050,C528_S,DELAY_ONLY,64.0,0.017295728261194965,4.7314175003589655e-08,95.93322793124456
a050_i050,C528_S,DELAY_ONLY,68.0,0.01843749393314774,3.480271491074662e-08,91.79073150035234
a050_i050,C528_S,DELAY_ONLY,72.0,0.018704873123678453,2.7167748079629823e-08,88.31953449325957
a050_i050,C528_S,DELAY_ONLY,76.0,0.01872206947369613,2.0380962367031347e-08,78.68176078178702
a050_i050,C528_S,DELAY_ONLY,80.0,0.016157474212498326,1.2769646765118848e-08,67.87832642460316
a050_i050,C528_S,DELAY_ONLY,84.0,0.015329844070901747,1.0476662481800247e-10,51.3241420988789
a050_i050,C528_S,DELAY_ONLY,88.0,0.014457032368453367,3.0912509818197507e-12,37.182281687807
a050_i050,C528_S,DELAY_ONLY,92.0,0.012092936438773082,2.0128391284719873e-14,26.89142327095609
a050_i050,C528_S,DELAY_ONLY,96.0,0.0021043937078235927,4.679804018585472e-18,13.553819966630911
a050_i050,C528_S,DELAY_ONLY,100.0,8.504382827355327e-05,3.535291965903041e-22,3.3426236261152034
a050_i050,C528_S,DELAY_ONLY,104.0,8.028450857756065e-05,0.0,1.749220330458832
a050_i050,C528_S,DELAY_ONLY,108.0,4.8841500228982614e-05,0.0,1.0753443929463733
a050_i050,C528_S,DELAY_ONLY,112.0,2.7066401648540796e-05,0.0,0.4465538000769519
a050_i050,C528_S,DELAY_ONLY,116.0,5.603316947513977e-06,0.0,0.086728042594927
a050_i050,C528_S,DELAY_ONLY,120.0,4.070405001207118e-06,0.0,0.040207908149243486
a050_i050,C528_S,DELAY_ONLY,124.0,4.3718027002048885e-07,0.0,0.004362525495173118
a050_i050,C528_S,DELAY_ONLY,128.0,1.756208176711014e-09,0.0,1.7561935185619316e-05
a050_i050,C528_S,DELAY_ONLY,132.0,2.063963949601998e-13,0.0,2.0639639544141943e-09
a050_i050,C528_S,DELAY_ONLY,136.0,6.942189120929566e-19,0.0,6.942189121111911e-15
a050_i050,C528_S,DELAY_ONLY,140.0,6.671106333674652e-26,0.0,6.671106333676042e-22
a050_i050,C528_S,DELAY_ONLY,144.0,1.8312442559792522e-34,0.0,1.831244255979259e-30
a050_i050,C528_S,DELAY_ONLY,148.0,1.4359421244170682e-44,0.0,1.4359421244170719e-40
a050_i050,C528_S,DELAY_ONLY,152.0,3.2163956847775923e-56,0.0,3.2163956847775986e-52
a050_i050,C528_S,DELAY_ONLY,156.0,2.0579927959490447e-69,0.0,2.057992795949049e-65
a050_i050,C528_S,DELAY_ONLY,160.0,3.761491388446538e-84,0.0,3.761491388446547e-80
a050_i050,C528_S,DELAY_ONLY,164.0,1.9638944179848668e-100,0.0,1.963894417984873e-96
a050_i050,C528_S,DELAY_ONLY,168.0,2.9289910302887378e-118,0.0,2.9289910302887446e-114
a050_i050,C528_S,DELAY_ONLY,172.0,1.2478425480126405e-137,0.0,1.2478425480126438e-133
a050_i050,C528_S,DELAY_ONLY,176.0,1.5185999457068597e-158,0.0,1.5185999457068633e-154
a050_i050,C528_S,DELAY_ONLY,180.0,5.279208472588104e-181,0.0,5.2792084725881165e-177
a050_i050,C528_S,DELAY_ONLY,184.0,5.2424716044486e-205,0.0,5.242471604448612e-201
a050_i050,C528_S,DELAY_ONLY,188.0,1.4871172229045666e-230,0.0,1.4871172229045705e-226
a050_i050,C528_S,DELAY_ONLY,192.0,1.2050252913967744e-257,0.0,1.2050252913967761e-253
a050_i050,C528_S,DELAY_ONLY,196.0,2.789259769714193e-286,0.0,2.789259769714196e-282
a050_i050,C528_S,DELAY_ONLY,200.0,1.84426613e-316,0.0,1.844267807796e-312
a050_i050,C528_S,DELAY_ONLY,204.0,0.0,0.0,0.0
a050_i050,C528_S,DELAY_ONLY,208.0,0.0,0.0,0.0
a050_i050,C528_S,DELAY_ONLY,212.0,0.0,0.0,0.0
a050_i050,C528_S,DELAY_ONLY,216.0,0.0,0.0,0.0
a050_i050,C528_S,DELAY_ONLY,220.0,0.0,0.0,0.0
a050_i050,C528_S,DELAY_ONLY,224.0,0.0,0.0,0.0
a050_i050,C528_S,DELAY_ONLY,228.0,0.0,0.0,0.0
a050_i050,C528_S,DELAY_ONLY,232.0,0.0,0.0,0.0
a050_i050,C528_S,DELAY_ONLY,236.0,0.0,0.0,0.0
a050_i050,C528_S,DELAY_ONLY,240.0,0.0,0.0,0.0
a050_i050,C528_S,DELAY_ONLY,244.0,0.0,0.0,0.0
a050_i050,C528_S,DELAY_ONLY,248.0,0.0,0.0,0.0
a050_i050,C528_S,DELAY_ONLY,252.0,0.0,0.0,0.0
a050_i050,C528_S,SPATIAL_ONLY,0.0,0.2811612305172473,5.114118426550565e-06,157.16061192701255
a050_i050,C528_S,SPATIAL_ONLY,4.0,0.3322407904214888,7.872183556000866e-06,175.82767830366603
a050_i050,C528_S,SPATIAL_ONLY,8.0,0.3915929701339814,1.1324688049564303e-05,193.38069647732095
a050_i050,C528_S,SPATIAL_ONLY,12.0,0.468885735251435,1.2601174356353818e-05,212.30999657528736
a050_i050,C528_S,SPATIAL_ONLY,16.0,0.65053006114588,5.388351630312054e-06,233.6837140768934
a050_i050,C528_S,SPATIAL_ONLY,20.0,0.6942456488681701,2.065117146873021e-06,244.1150042474452
a050_i050,C528_S,SPATIAL_ONLY,24.0,0.6997097715861775,1.7523887052948343e-06,244.64781675844705
a050_i050,C528_S,SPATIAL_ONLY,28.0,0.6943615108842229,1.347512001603392e-06,238.1932129378713
a050_i050,C528_S,SPATIAL_ONLY,32.0,0.6524499495228278,1.2726904147975542e-06,225.9750167155225
a050_i050,C528_S,SPATIAL_ONLY,36.0,0.5539094463926522,1.4134061998782536e-06,207.52083288137655
a050_i050,C528_S,SPATIAL_ONLY,40.0,0.400890180938794,1.3081553979315142e-06,175.3995777174733
a050_i050,C528_S,SPATIAL_ONLY,44.0,0.282279890673805,1.0131073355863288e-06,137.92494694731016
a050_i050,C528_S,SPATIAL_ONLY,48.0,0.19898896661542556,4.2271888638857943e-07,110.52737912113245
a050_i050,C528_S,SPATIAL_ONLY,52.0,0.12250716735011996,1.7587221378926523e-07,85.43083042762136
a050_i050,C528_S,SPATIAL_ONLY,56.0,0.04877395463731485,3.5910141156511284e-08,55.12606637433363
a050_i050,C528_S,SPATIAL_ONLY,60.0,0.006443860952366562,6.631163691552247e-10,18.16317673466638
a050_i050,C528_S,SPATIAL_ONLY,64.0,7.595264202787027e-05,1.605590792611716e-12,0.9245857686458334
a050_i050,C528_S,SPATIAL_ONLY,68.0,3.812931237651368e-08,2.0032591340636392e-16,0.00048087526848098513
a050_i050,C528_S,SPATIAL_ONLY,72.0,6.341338293423289e-13,4.0043370731005903e-22,7.244234658668828e-09
a050_i050,C528_S,SPATIAL_ONLY,76.0,3.2094502494689446e-19,1.633466757044619e-29,3.4855468018921967e-15
a050_i050,C528_S,SPATIAL_ONLY,80.0,4.7881704052583984e-27,2.5649815318600733e-38,5.06840325544743e-23
a050_i050,C528_S,SPATIAL_ONLY,84.0,2.07651648044729e-36,2.2126936403331765e-48,2.1688751318317214e-32
a050_i050,C528_S,SPATIAL_ONLY,88.0,2.599637527066554e-47,8.217022445160019e-60,2.6957800398685487e-43
a050_i050,C528_S,SPATIAL_ONLY,92.0,9.359779543946875e-60,9.81134905817587e-73,9.667142539652591e-56
a050_i050,C528_S,SPATIAL_ONLY,96.0,9.67052855015726e-74,3.301626894615789e-87,9.96531940722285e-70
a050_i050,C528_S,SPATIAL_ONLY,100.0,2.8634896479486223e-89,2.867315138453199e-103,2.9468766673693917e-85
a050_i050,C528_S,SPATIAL_ONLY,104.0,2.427958206267774e-106,6.230320776935689e-121,2.49673734935316e-102
a050_i050,C528_S,SPATIAL_ONLY,108.0,5.891822010470072e-125,3.40676798450714e-140,6.056044084250152e-121
a050_i050,C528_S,SPATIAL_ONLY,112.0,4.090329602593432e-145,5.61816845205844e-161,4.2033212168292286e-141
a050_i050,C528_S,SPATIAL_ONLY,116.0,8.121790000332815e-167,3.3428297424660973e-183,8.345180658223083e-163
a050_i050,C528_S,SPATIAL_ONLY,120.0,4.611530992683135e-190,9.069288149711064e-207,4.7382107178232855e-186
a050_i050,C528_S,SPATIAL_ONLY,124.0,7.486422690702047e-215,0.0,7.692234430422818e-211
a050_i050,C528_S,SPATIAL_ONLY,128.0,3.474480269740738e-241,0.0,3.57020480798228e-237
a050_i050,C528_S,SPATIAL_ONLY,132.0,4.609487415310362e-269,0.0,4.736879640612291e-265
a050_i050,C528_S,SPATIAL_ONLY,136.0,1.7479601012972538e-298,0.0,1.7964525124223133e-294
a050_i050,C528_S,SPATIAL_ONLY,140.0,0.0,0.0,0.0
a050_i050,C528_S,SPATIAL_ONLY,144.0,0.0,0.0,0.0
a050_i050,C528_S,SPATIAL_ONLY,148.0,0.0,0.0,0.0
a050_i050,C528_S,SPATIAL_ONLY,152.0,0.0,0.0,0.0
a050_i050,C528_S,SPATIAL_ONLY,156.0,0.0,0.0,0.0
a050_i050,C528_S,SPATIAL_ONLY,160.0,0.0,0.0,0.0
a050_i050,C528_S,SPATIAL_ONLY,164.0,0.0,0.0,0.0
a050_i050,C528_S,SPATIAL_ONLY,168.0,0.0,0.0,0.0
a050_i050,C528_S,SPATIAL_ONLY,172.0,0.0,0.0,0.0
a050_i050,C528_S,SPATIAL_ONLY,176.0,0.0,0.0,0.0
a050_i050,C528_S,SPATIAL_ONLY,180.0,0.0,0.0,0.0
a050_i050,C528_S,SPATIAL_ONLY,184.0,0.0,0.0,0.0
a050_i050,C528_S,SPATIAL_ONLY,188.0,0.0,0.0,0.0
a050_i050,C528_S,SPATIAL_ONLY,192.0,0.0,0.0,0.0
a050_i050,C528_S,SPATIAL_ONLY,196.0,0.0,0.0,0.0
a050_i050,C528_S,SPATIAL_ONLY,200.0,0.0,0.0,0.0
a050_i050,C528_S,SPATIAL_ONLY,204.0,0.0,0.0,0.0
a050_i050,C528_S,SPATIAL_ONLY,208.0,0.0,0.0,0.0
a050_i050,C528_S,SPATIAL_ONLY,212.0,0.0,0.0,0.0
a050_i050,C528_S,SPATIAL_ONLY,216.0,0.0,0.0,0.0
a050_i050,C528_S,SPATIAL_ONLY,220.0,0.0,0.0,0.0
a050_i050,C528_S,SPATIAL_ONLY,224.0,0.0,0.0,0.0
a050_i050,C528_S,SPATIAL_ONLY,228.0,0.0,0.0,0.0
a050_i050,C528_S,SPATIAL_ONLY,232.0,0.0,0.0,0.0
a050_i050,C528_S,SPATIAL_ONLY,236.0,0.0,0.0,0.0
a050_i050,C528_S,SPATIAL_ONLY,240.0,0.0,0.0,0.0
a050_i050,C528_S,SPATIAL_ONLY,244.0,0.0,0.0,0.0
a050_i050,C528_S,SPATIAL_ONLY,248.0,0.0,0.0,0.0
a050_i050,C528_S,SPATIAL_ONLY,252.0,0.0,0.0,0.0
a050_i050,C528_S,UNRESOLVED_IMAGE,0.0,0.2746071476502078,0.0,90.48659195202178
a050_i050,C528_S,UNRESOLVED_IMAGE,4.0,0.3243986534579345,1.4705073006350146e-14,113.56762838082348
a050_i050,C528_S,UNRESOLVED_IMAGE,8.0,0.38238208341639734,1.519773701421601e-11,140.02434528912175
a050_i050,C528_S,UNRESOLVED_IMAGE,12.0,0.45848168171485143,2.5276671320843887e-10,172.13416477674298
a050_i050,C528_S,UNRESOLVED_IMAGE,16.0,0.6359278267903952,4.166019313632214e-09,204.90757368480365
a050_i050,C528_S,UNRESOLVED_IMAGE,20.0,0.6786394987941662,5.908051093405471e-08,218.65283359667376
a050_i050,C528_S,UNRESOLVED_IMAGE,24.0,0.6839305125198911,4.352949439636212e-09,219.54300691852444
a050_i050,C528_S,UNRESOLVED_IMAGE,28.0,0.678628930924212,3.416864700029346e-10,214.7665296112185
a050_i050,C528_S,UNRESOLVED_IMAGE,32.0,0.6374910320057735,2.5052102316866467e-11,201.02610877530648
a050_i050,C528_S,UNRESOLVED_IMAGE,36.0,0.5407573284673921,1.4443984310728685e-12,175.01285233499692
a050_i050,C528_S,UNRESOLVED_IMAGE,40.0,0.3909348149379992,1.4080637249446824e-13,138.85808285619413
a050_i050,C528_S,UNRESOLVED_IMAGE,44.0,0.2752259781112951,5.2126310156435235e-14,97.21257730348886
a050_i050,C528_S,UNRESOLVED_IMAGE,48.0,0.19414700223900638,1.8612642320767015e-12,70.78184050857783
a050_i050,C528_S,UNRESOLVED_IMAGE,52.0,0.11961522327615988,3.799660333908861e-11,51.53644905253089
a050_i050,C528_S,UNRESOLVED_IMAGE,56.0,0.04767056964286471,1.6981460523378093e-10,32.65709216933821
a050_i050,C528_S,UNRESOLVED_IMAGE,60.0,0.0063337902035694015,1.7285799011052827e-09,15.379927329562488
a050_i050,C528_S,UNRESOLVED_IMAGE,64.0,0.00010597630685933645,7.166060442859003e-11,3.145327601138367
a050_i050,C528_S,UNRESOLVED_IMAGE,68.0,5.578947169558927e-05,2.549414646389753e-11,1.7542236925269301
a050_i050,C528_S,UNRESOLVED_IMAGE,72.0,4.6388012870657004e-05,1.3211629020508884e-13,1.4658229653532135
a050_i050,C528_S,UNRESOLVED_IMAGE,76.0,3.95558157588699e-05,2.8532392884060055e-17,1.2412950088948778
a050_i050,C528_S,UNRESOLVED_IMAGE,80.0,3.346476884334721e-05,9.71377409946875e-22,0.9988485152273971
a050_i050,C528_S,UNRESOLVED_IMAGE,84.0,2.8866226681576482e-05,0.0,0.7970995968245291
a050_i050,C528_S,UNRESOLVED_IMAGE,88.0,2.2499994049156386e-05,0.0,0.6129472536605967
a050_i050,C528_S,UNRESOLVED_IMAGE,92.0,1.553756635228473e-05,0.0,0.432481518921119
a050_i050,C528_S,UNRESOLVED_IMAGE,96.0,8.477132851647195e-06,0.0,0.1813437572968863
a050_i050,C528_S,UNRESOLVED_IMAGE,100.0,1.7574940978962589e-06,0.0,0.03513933075090726
a050_i050,C528_S,UNRESOLVED_IMAGE,104.0,1.6655225105396903e-07,0.0,0.0027012548039428027
a050_i050,C528_S,UNRESOLVED_IMAGE,108.0,3.497714911727206e-09,0.0,0.00015409239758436757
a050_i050,C528_S,UNRESOLVED_IMAGE,112.0,1.3999705098253225e-09,0.0,6.452381757660768e-05
a050_i050,C528_S,UNRESOLVED_IMAGE,116.0,8.813602328965261e-10,0.0,1.6834710907625108e-05
a050_i050,C528_S,UNRESOLVED_IMAGE,120.0,6.345018997649849e-10,0.0,6.482081787790605e-06
a050_i050,C528_S,UNRESOLVED_IMAGE,124.0,6.812679741983562e-11,0.0,6.813890948268949e-07
a050_i050,C528_S,UNRESOLVED_IMAGE,128.0,2.736731112145966e-13,0.0,2.7367347735593535e-09
a050_i050,C528_S,UNRESOLVED_IMAGE,132.0,3.216312450936682e-17,0.0,3.2163124840888026e-13
a050_i050,C528_S,UNRESOLVED_IMAGE,136.0,1.0818139196042803e-22,0.0,1.0818139196911468e-18
a050_i050,C528_S,UNRESOLVED_IMAGE,140.0,1.0395705972863333e-29,0.0,1.0395705972869882e-25
a050_i050,C528_S,UNRESOLVED_IMAGE,144.0,2.8536611316715074e-38,0.0,2.8536611316715272e-34
a050_i050,C528_S,UNRESOLVED_IMAGE,148.0,2.237654651693404e-48,0.0,2.2376546516934088e-44
a050_i050,C528_S,UNRESOLVED_IMAGE,152.0,5.01216772134944e-60,0.0,5.01216772134945e-56
a050_i050,C528_S,UNRESOLVED_IMAGE,156.0,3.207007493339163e-73,0.0,3.2070074933391697e-69
a050_i050,C528_S,UNRESOLVED_IMAGE,160.0,5.861600241081438e-88,0.0,5.86160024108145e-84
a050_i050,C528_S,UNRESOLVED_IMAGE,164.0,3.060372284588093e-104,0.0,3.0603722845880994e-100
a050_i050,C528_S,UNRESOLVED_IMAGE,168.0,4.564299836495516e-122,0.0,4.56429983649552e-118
a050_i050,C528_S,UNRESOLVED_IMAGE,172.0,1.9445356708056506e-141,0.0,1.9445356708056513e-137
a050_i050,C528_S,UNRESOLVED_IMAGE,176.0,2.3664618335169957e-162,0.0,2.3664618335169977e-158
a050_i050,C528_S,UNRESOLVED_IMAGE,180.0,8.226686295411523e-185,0.0,8.226686295411528e-181
a050_i050,C528_S,UNRESOLVED_IMAGE,184.0,8.169438567607468e-209,0.0,8.169438567607473e-205
a050_i050,C528_S,UNRESOLVED_IMAGE,188.0,2.3174017356700011e-234,0.0,2.317401735670003e-230
a050_i050,C528_S,UNRESOLVED_IMAGE,192.0,1.8778127633777917e-261,0.0,1.877812763377793e-257
a050_i050,C528_S,UNRESOLVED_IMAGE,196.0,4.346554079271112e-290,0.0,4.346554079271114e-286
a050_i050,C528_S,UNRESOLVED_IMAGE,200.0,2.874e-320,0.0,2.87546206e-316
a050_i050,C528_S,UNRESOLVED_IMAGE,204.0,0.0,0.0,0.0
a050_i050,C528_S,UNRESOLVED_IMAGE,208.0,0.0,0.0,0.0
a050_i050,C528_S,UNRESOLVED_IMAGE,212.0,0.0,0.0,0.0
a050_i050,C528_S,UNRESOLVED_IMAGE,216.0,0.0,0.0,0.0
a050_i050,C528_S,UNRESOLVED_IMAGE,220.0,0.0,0.0,0.0
a050_i050,C528_S,UNRESOLVED_IMAGE,224.0,0.0,0.0,0.0
a050_i050,C528_S,UNRESOLVED_IMAGE,228.0,0.0,0.0,0.0
a050_i050,C528_S,UNRESOLVED_IMAGE,232.0,0.0,0.0,0.0
a050_i050,C528_S,UNRESOLVED_IMAGE,236.0,0.0,0.0,0.0
a050_i050,C528_S,UNRESOLVED_IMAGE,240.0,0.0,0.0,0.0
a050_i050,C528_S,UNRESOLVED_IMAGE,244.0,0.0,0.0,0.0
a050_i050,C528_S,UNRESOLVED_IMAGE,248.0,0.0,0.0,0.0
a050_i050,C528_S,UNRESOLVED_IMAGE,252.0,0.0,0.0,0.0
a050_i050,C528_S,EQUALIZED_ORDER_SENSITIVITY,0.0,0.2809343214534784,0.0,90.9607295423676
a050_i050,C528_S,EQUALIZED_ORDER_SENSITIVITY,4.0,0.3319054106558039,1.50018257350758e-14,114.17325233270873
a050_i050,C528_S,EQUALIZED_ORDER_SENSITIVITY,8.0,0.39121220849937366,1.5533927074803716e-11,140.75461114980882
a050_i050,C528_S,EQUALIZED_ORDER_SENSITIVITY,12.0,0.46850817120803334,2.582623441969285e-10,173.02257614824916
a050_i050,C528_S,EQUALIZED_ORDER_SENSITIVITY,16.0,0.6500738025937693,4.25774878085062e-09,205.91428897076906
a050_i050,C528_S,EQUALIZED_ORDER_SENSITIVITY,20.0,0.6937452633075079,6.046064449425506e-08,222.18712507676787
a050_i050,C528_S,EQUALIZED_ORDER_SENSITIVITY,24.0,0.6993825145398512,4.497109687391231e-09,250.65304947429985
a050_i050,C528_S,EQUALIZED_ORDER_SENSITIVITY,28.0,1.690122034800218,3.6511470686122484e-10,282.3464464638018
a050_i050,C528_S,EQUALIZED_ORDER_SENSITIVITY,32.0,2.574847916185444,3.128379862894914e-11,300.25805728983005
a050_i050,C528_S,EQUALIZED_ORDER_SENSITIVITY,36.0,2.6647271766187552,2.5212916233356554e-12,311.75707199683865
a050_i050,C528_S,EQUALIZED_ORDER_SENSITIVITY,40.0,2.6704012164480435,4.276958279660507e-13,330.6764770662495
a050_i050,C528_S,EQUALIZED_ORDER_SENSITIVITY,44.0,2.6801359257116464,3.391610983976849e-11,361.0723548224349
a050_i050,C528_S,EQUALIZED_ORDER_SENSITIVITY,48.0,4.803024546989449,6.625637046797288e-09,383.010893299856
a050_i050,C528_S,EQUALIZED_ORDER_SENSITIVITY,52.0,5.635966158483096,1.5796771865630501e-07,390.42243172622744
a050_i050,C528_S,EQUALIZED_ORDER_SENSITIVITY,56.0,5.6154403991738455,1.01063524492642e-06,383.865117778924
a050_i050,C528_S,EQUALIZED_ORDER_SENSITIVITY,60.0,5.6094768232608825,1.11309401675779e-05,376.266210576828
a050_i050,C528_S,EQUALIZED_ORDER_SENSITIVITY,64.0,5.549615571527665,3.381480963460208e-05,380.2205344787007
a050_i050,C528_S,EQUALIZED_ORDER_SENSITIVITY,68.0,3.9108352473502355,8.782186895593821e-05,367.6160071735003
a050_i050,C528_S,EQUALIZED_ORDER_SENSITIVITY,72.0,0.9197155384624364,8.754166762206317e-07,326.51952656167106
a050_i050,C528_S,EQUALIZED_ORDER_SENSITIVITY,76.0,0.316981474445058,1.862160477328035e-10,260.8127163748645
a050_i050,C528_S,EQUALIZED_ORDER_SENSITIVITY,80.0,0.17534632509427467,5.377569082213991e-15,208.38518696273525
a050_i050,C528_S,EQUALIZED_ORDER_SENSITIVITY,84.0,0.11267938056277246,1.7038705013622569e-18,177.07539249811597
a050_i050,C528_S,EQUALIZED_ORDER_SENSITIVITY,88.0,0.08849455342407576,0.0,154.25086795083885
a050_i050,C528_S,EQUALIZED_ORDER_SENSITIVITY,92.0,0.07053560833655385,0.0,134.82403643066743
a050_i050,C528_S,EQUALIZED_ORDER_SENSITIVITY,96.0,0.050761812043981586,0.0,111.8625526175106
a050_i050,C528_S,EQUALIZED_ORDER_SENSITIVITY,100.0,0.038068937032807185,0.0,91.1174157642028
a050_i050,C528_S,EQUALIZED_ORDER_SENSITIVITY,104.0,0.02973629563750127,0.0,73.32896211852072
a050_i050,C528_S,EQUALIZED_ORDER_SENSITIVITY,108.0,0.021678145743481182,0.0,54.768843204381476
a050_i050,C528_S,EQUALIZED_ORDER_SENSITIVITY,112.0,0.009321326818762994,0.0,38.06125563425378
a050_i050,C528_S,EQUALIZED_ORDER_SENSITIVITY,116.0,0.006396843118660532,0.0,17.850188267813998
a050_i050,C528_S,EQUALIZED_ORDER_SENSITIVITY,120.0,0.004616503755303508,0.0,4.672440109110422
a050_i050,C528_S,EQUALIZED_ORDER_SENSITIVITY,124.0,0.0004956724161372941,0.0,1.7854540020722063
a050_i050,C528_S,EQUALIZED_ORDER_SENSITIVITY,128.0,1.9911722395559224e-06,0.0,0.019716105291936428
a050_i050,C528_S,EQUALIZED_ORDER_SENSITIVITY,132.0,2.3401027699618853e-10,0.0,2.3401000576850023e-06
a050_i050,C528_S,EQUALIZED_ORDER_SENSITIVITY,136.0,7.870988246434318e-16,0.0,7.870988247078798e-12
a050_i050,C528_S,EQUALIZED_ORDER_SENSITIVITY,140.0,7.563637150806606e-23,0.0,7.563637150811701e-19
a050_i050,C528_S,EQUALIZED_ORDER_SENSITIVITY,144.0,2.0762473859558767e-31,0.0,2.0762473859558913e-27
a050_i050,C528_S,EQUALIZED_ORDER_SENSITIVITY,148.0,1.6280575747720714e-41,0.0,1.6280575747720743e-37
a050_i050,C528_S,EQUALIZED_ORDER_SENSITIVITY,152.0,3.6467189512893175e-53,0.0,3.646718951289327e-49
a050_i050,C528_S,EQUALIZED_ORDER_SENSITIVITY,156.0,2.3333327320774643e-66,0.0,2.333332732077469e-62
a050_i050,C528_S,EQUALIZED_ORDER_SENSITIVITY,160.0,4.264743295198167e-81,0.0,4.264743295198173e-77
a050_i050,C528_S,EQUALIZED_ORDER_SENSITIVITY,164.0,2.2266448827461151e-97,0.0,2.226644882746118e-93
a050_i050,C528_S,EQUALIZED_ORDER_SENSITIVITY,168.0,3.3208622772570807e-115,0.0,3.320862277257083e-111
a050_i050,C528_S,EQUALIZED_ORDER_SENSITIVITY,172.0,1.414792057332804e-134,0.0,1.4147920573328049e-130
a050_i050,C528_S,EQUALIZED_ORDER_SENSITIVITY,176.0,1.7217742293479876e-155,0.0,1.721774229347989e-151
a050_i050,C528_S,EQUALIZED_ORDER_SENSITIVITY,180.0,5.985516544468753e-178,0.0,5.985516544468758e-174
a050_i050,C528_S,EQUALIZED_ORDER_SENSITIVITY,184.0,5.943864631462712e-202,0.0,5.9438646314627146e-198
a050_i050,C528_S,EQUALIZED_ORDER_SENSITIVITY,188.0,1.68607941654101e-227,0.0,1.686079416541011e-223
a050_i050,C528_S,EQUALIZED_ORDER_SENSITIVITY,192.0,1.3662462574853906e-254,0.0,1.3662462574853916e-250
a050_i050,C528_S,EQUALIZED_ORDER_SENSITIVITY,196.0,3.1624362980044763e-283,0.0,3.162436298004477e-279
a050_i050,C528_S,EQUALIZED_ORDER_SENSITIVITY,200.0,2.09101153734e-313,0.0,2.091011537492174e-309
a050_i050,C528_S,EQUALIZED_ORDER_SENSITIVITY,204.0,0.0,0.0,0.0
a050_i050,C528_S,EQUALIZED_ORDER_SENSITIVITY,208.0,0.0,0.0,0.0
a050_i050,C528_S,EQUALIZED_ORDER_SENSITIVITY,212.0,0.0,0.0,0.0
a050_i050,C528_S,EQUALIZED_ORDER_SENSITIVITY,216.0,0.0,0.0,0.0
a050_i050,C528_S,EQUALIZED_ORDER_SENSITIVITY,220.0,0.0,0.0,0.0
a050_i050,C528_S,EQUALIZED_ORDER_SENSITIVITY,224.0,0.0,0.0,0.0
a050_i050,C528_S,EQUALIZED_ORDER_SENSITIVITY,228.0,0.0,0.0,0.0
a050_i050,C528_S,EQUALIZED_ORDER_SENSITIVITY,232.0,0.0,0.0,0.0
a050_i050,C528_S,EQUALIZED_ORDER_SENSITIVITY,236.0,0.0,0.0,0.0
a050_i050,C528_S,EQUALIZED_ORDER_SENSITIVITY,240.0,0.0,0.0,0.0
a050_i050,C528_S,EQUALIZED_ORDER_SENSITIVITY,244.0,0.0,0.0,0.0
a050_i050,C528_S,EQUALIZED_ORDER_SENSITIVITY,248.0,0.0,0.0,0.0
a050_i050,C528_S,EQUALIZED_ORDER_SENSITIVITY,252.0,0.0,0.0,0.0
a050_i050,C528_S,PAIRING_DESTROYED,0.0,1.3265356914124786,1.1417825268762445e-07,304.64358222893713
a050_i050,C528_S,PAIRING_DESTROYED,4.0,1.3456673653631763,1.2550994588165243e-06,310.2217327507505
a050_i050,C528_S,PAIRING_DESTROYED,8.0,1.3539517031676125,3.4153430525905925e-06,314.3239678952206
a050_i050,C528_S,PAIRING_DESTROYED,12.0,1.37572006499419,3.7281168472161515e-06,315.95730170372656
a050_i050,C528_S,PAIRING_DESTROYED,16.0,1.06380191621507,3.978927221966375e-06,315.60430654614623
a050_i050,C528_S,PAIRING_DESTROYED,20.0,0.9533856741400549,4.470784377567643e-06,316.29101044393605
a050_i050,C528_S,PAIRING_DESTROYED,24.0,1.4429577277334253,6.008800764488283e-06,319.92065718713667
a050_i050,C528_S,PAIRING_DESTROYED,28.0,1.466282289953456,9.274240776679146e-06,334.0927125065741
a050_i050,C528_S,PAIRING_DESTROYED,32.0,1.9438062407321937,1.061701385954199e-05,348.7599349725187
a050_i050,C528_S,PAIRING_DESTROYED,36.0,3.4780784385013908,1.2965198150981346e-05,352.58224981921126
a050_i050,C528_S,PAIRING_DESTROYED,40.0,3.566023068579719,1.4050182469751278e-05,345.8931671867208
a050_i050,C528_S,PAIRING_DESTROYED,44.0,2.6074497955456977,1.3101586558005653e-05,332.9280096525668
a050_i050,C528_S,PAIRING_DESTROYED,48.0,2.3455807568989844,1.063331473333988e-05,311.98336165210117
a050_i050,C528_S,PAIRING_DESTROYED,52.0,2.2899441990347,8.427761586091626e-06,282.8542621217671
a050_i050,C528_S,PAIRING_DESTROYED,56.0,1.381327194846401,6.269807852407544e-06,239.1924502898102
a050_i050,C528_S,PAIRING_DESTROYED,60.0,0.11828543462528324,1.455500200412301e-06,166.06027378815523
a050_i050,C528_S,PAIRING_DESTROYED,64.0,0.03351278950851055,2.7203297216400333e-07,123.02370226870963
a050_i050,C528_S,PAIRING_DESTROYED,68.0,0.02860545083545525,2.120098354476871e-07,111.00077812257747
a050_i050,C528_S,PAIRING_DESTROYED,72.0,0.026149183945713535,1.3439710699626593e-07,104.47530902119831
a050_i050,C528_S,PAIRING_DESTROYED,76.0,0.02275630804968644,4.2174934637369434e-08,94.50183799826291
a050_i050,C528_S,PAIRING_DESTROYED,80.0,0.020324658399117332,1.0587931059317055e-08,84.6048347070993
a050_i050,C528_S,PAIRING_DESTROYED,84.0,0.015176930722875908,1.6925765623290684e-09,72.84073828111993
a050_i050,C528_S,PAIRING_DESTROYED,88.0,0.012089402186298585,7.024376996179914e-11,56.86674065647108
a050_i050,C528_S,PAIRING_DESTROYED,92.0,0.010982070060026508,3.940387767952773e-12,40.836587287103185
a050_i050,C528_S,PAIRING_DESTROYED,96.0,0.004892007137550809,4.836204010483253e-13,24.18924904533369
a050_i050,C528_S,PAIRING_DESTROYED,100.0,0.000347118212484481,9.6066209281844e-15,8.133094309711849
a050_i050,C528_S,PAIRING_DESTROYED,104.0,0.0002454144519826564,4.8847511533117223e-17,3.6842506894551468
a050_i050,C528_S,PAIRING_DESTROYED,108.0,0.0001526098729045704,7.529253223135986e-21,2.089278088451975
a050_i050,C528_S,PAIRING_DESTROYED,112.0,3.892679510215431e-05,2.4609699616770384e-26,0.9297286076119539
a050_i050,C528_S,PAIRING_DESTROYED,116.0,9.621387104796466e-06,0.0,0.2499973630776023
a050_i050,C528_S,PAIRING_DESTROYED,120.0,6.904608290417613e-06,0.0,0.06886076460954883
a050_i050,C528_S,PAIRING_DESTROYED,124.0,7.415781740673606e-07,0.0,0.007389638978742949
a050_i050,C528_S,PAIRING_DESTROYED,128.0,2.9790122006721524e-09,0.0,2.9789706855993784e-05
a050_i050,C528_S,PAIRING_DESTROYED,132.0,3.501050652334914e-13,0.0,3.5010506693239642e-09
a050_i050,C528_S,PAIRING_DESTROYED,136.0,1.1775862536304519e-18,0.0,1.1775862536884795e-14
a050_i050,C528_S,PAIRING_DESTROYED,140.0,1.1316031554597509e-25,0.0,1.131603155460183e-21
a050_i050,C528_S,PAIRING_DESTROYED,144.0,3.1062940310564797e-34,0.0,3.1062940310564945e-30
a050_i050,C528_S,PAIRING_DESTROYED,148.0,2.435752868824199e-44,0.0,2.4357528688242043e-40
a050_i050,C528_S,PAIRING_DESTROYED,152.0,5.45589190765694e-56,0.0,5.455891907656954e-52
a050_i050,C528_S,PAIRING_DESTROYED,156.0,3.4909219330739993e-69,0.0,3.4909219330740065e-65
a050_i050,C528_S,PAIRING_DESTROYED,160.0,6.380524176199363e-84,0.0,6.380524176199374e-80
a050_i050,C528_S,PAIRING_DESTROYED,164.0,3.3313051977052293e-100,0.0,3.3313051977052367e-96
a050_i050,C528_S,PAIRING_DESTROYED,168.0,4.968374548996789e-118,0.0,4.968374548996798e-114
a050_i050,C528_S,PAIRING_DESTROYED,172.0,2.1166842412932e-137,0.0,2.116684241293204e-133
a050_i050,C528_S,PAIRING_DESTROYED,176.0,2.575963272790935e-158,0.0,2.5759632727909405e-154
a050_i050,C528_S,PAIRING_DESTROYED,180.0,8.954989872901491e-181,0.0,8.954989872901509e-177
a050_i050,C528_S,PAIRING_DESTROYED,184.0,8.892674038272194e-205,0.0,8.892674038272212e-201
a050_i050,C528_S,PAIRING_DESTROYED,188.0,2.522559914062106e-230,0.0,2.522559914062111e-226
a050_i050,C528_S,PAIRING_DESTROYED,192.0,2.0440543951010227e-257,0.0,2.0440543951010265e-253
a050_i050,C528_S,PAIRING_DESTROYED,196.0,4.731351891174112e-286,0.0,4.731351891174118e-282
a050_i050,C528_S,PAIRING_DESTROYED,200.0,3.12838286e-316,0.0,3.128384292435e-312
a050_i050,C528_S,PAIRING_DESTROYED,204.0,0.0,0.0,0.0
a050_i050,C528_S,PAIRING_DESTROYED,208.0,0.0,0.0,0.0
a050_i050,C528_S,PAIRING_DESTROYED,212.0,0.0,0.0,0.0
a050_i050,C528_S,PAIRING_DESTROYED,216.0,0.0,0.0,0.0
a050_i050,C528_S,PAIRING_DESTROYED,220.0,0.0,0.0,0.0
a050_i050,C528_S,PAIRING_DESTROYED,224.0,0.0,0.0,0.0
a050_i050,C528_S,PAIRING_DESTROYED,228.0,0.0,0.0,0.0
a050_i050,C528_S,PAIRING_DESTROYED,232.0,0.0,0.0,0.0
a050_i050,C528_S,PAIRING_DESTROYED,236.0,0.0,0.0,0.0
a050_i050,C528_S,PAIRING_DESTROYED,240.0,0.0,0.0,0.0
a050_i050,C528_S,PAIRING_DESTROYED,244.0,0.0,0.0,0.0
a050_i050,C528_S,PAIRING_DESTROYED,248.0,0.0,0.0,0.0
a050_i050,C528_S,PAIRING_DESTROYED,252.0,0.0,0.0,0.0
a050_i050,C1056_ST,DIRECT_PHYSICAL,0.0,0.2809343214534784,0.0,90.9607295423676
a050_i050,C1056_ST,DIRECT_PHYSICAL,4.0,0.3319054106558039,1.50018257350758e-14,114.17325233270873
a050_i050,C1056_ST,DIRECT_PHYSICAL,8.0,0.3912122084993739,1.553392709121559e-11,140.7546111498103
a050_i050,C1056_ST,DIRECT_PHYSICAL,12.0,0.4685081712080317,2.5826234130255353e-10,173.02257607460118
a050_i050,C1056_ST,DIRECT_PHYSICAL,16.0,0.650073801922433,4.25771653144638e-09,205.91260710032415
a050_i050,C1056_ST,DIRECT_PHYSICAL,20.0,0.6937436722158459,6.041851678449892e-08,219.68418027814238
a050_i050,C1056_ST,DIRECT_PHYSICAL,24.0,0.6991624530225973,4.449120573775739e-09,220.42339345910176
a050_i050,C1056_ST,DIRECT_PHYSICAL,28.0,0.6937601915385782,3.47759446165205e-10,214.3410068360505
a050_i050,C1056_ST,DIRECT_PHYSICAL,32.0,0.6517441875055074,2.5302967393750796e-11,198.89946953278172
a050_i050,C1056_ST,DIRECT_PHYSICAL,36.0,0.5528564249993217,1.3887338825957533e-12,170.50355174129177
a050_i050,C1056_ST,DIRECT_PHYSICAL,40.0,0.3995486167265222,7.169929643777828e-14,130.8595009950268
a050_i050,C1056_ST,DIRECT_PHYSICAL,44.0,0.2811162354007838,2.4451781206898908e-15,85.93775254652196
a050_i050,C1056_ST,DIRECT_PHYSICAL,48.0,0.1982057761100179,3.544815097348998e-17,57.50495736565773
a050_i050,C1056_ST,DIRECT_PHYSICAL,52.0,0.1220807882515814,0.0,41.664819050791536
a050_i050,C1056_ST,DIRECT_PHYSICAL,56.0,0.04861621988909037,0.0,27.927797775134767
a050_i050,C1056_ST,DIRECT_PHYSICAL,60.0,0.00643078687712896,0.0,12.842603059049825
a050_i050,C1056_ST,DIRECT_PHYSICAL,64.0,7.585766032447894e-05,0.0,0.8737796277319049
a050_i050,C1056_ST,DIRECT_PHYSICAL,68.0,3.809296538124871e-08,0.0,0.0004641770022482559
a050_i050,C1056_ST,DIRECT_PHYSICAL,72.0,6.336053797964476e-13,0.0,7.0357392435292255e-09
a050_i050,C1056_ST,DIRECT_PHYSICAL,76.0,3.206960140377916e-19,0.0,3.3955109996227143e-15
a050_i050,C1056_ST,DIRECT_PHYSICAL,80.0,4.784616963619586e-27,0.0,4.9442826508626854e-23
a050_i050,C1056_ST,DIRECT_PHYSICAL,84.0,2.075025204280175e-36,0.0,2.1168705748252737e-32
a050_i050,C1056_ST,DIRECT_PHYSICAL,88.0,2.5978216930743924e-47,0.0,2.6313895006836666e-43
a050_i050,C1056_ST,DIRECT_PHYSICAL,92.0,9.353407106690979e-60,0.0,9.435137228850626e-56
a050_i050,C1056_ST,DIRECT_PHYSICAL,96.0,9.664105707208806e-74,0.0,9.724075618158207e-70
a050_i050,C1056_ST,DIRECT_PHYSICAL,100.0,2.8616339653860014e-89,0.0,2.8748075456444095e-85
a050_i050,C1056_ST,DIRECT_PHYSICAL,104.0,2.4264230556680916e-106,0.0,2.4350320559693488e-102
a050_i050,C1056_ST,DIRECT_PHYSICAL,108.0,5.888188078297237e-125,0.0,5.904827364596482e-121
a050_i050,C1056_ST,DIRECT_PHYSICAL,112.0,4.087869257480529e-145,0.0,4.097331475823394e-141
a050_i050,C1056_ST,DIRECT_PHYSICAL,116.0,8.117026943105249e-167,0.0,8.132789060075404e-163
a050_i050,C1056_ST,DIRECT_PHYSICAL,120.0,4.608894898200807e-190,0.0,4.616558469290158e-186
a050_i050,C1056_ST,DIRECT_PHYSICAL,124.0,7.482252459219341e-215,0.0,7.493096216194643e-211
a050_i050,C1056_ST,DIRECT_PHYSICAL,128.0,3.472594721398664e-241,0.0,3.477049676197741e-237
a050_i050,C1056_ST,DIRECT_PHYSICAL,132.0,4.607050959065583e-269,0.0,4.612354791494913e-265
a050_i050,C1056_ST,DIRECT_PHYSICAL,136.0,1.7470604051038672e-298,0.0,1.7488873246326643e-294
a050_i050,C1056_ST,DIRECT_PHYSICAL,140.0,0.0,0.0,0.0
a050_i050,C1056_ST,DIRECT_PHYSICAL,144.0,0.0,0.0,0.0
a050_i050,C1056_ST,DIRECT_PHYSICAL,148.0,0.0,0.0,0.0
a050_i050,C1056_ST,DIRECT_PHYSICAL,152.0,0.0,0.0,0.0
a050_i050,C1056_ST,DIRECT_PHYSICAL,156.0,0.0,0.0,0.0
a050_i050,C1056_ST,DIRECT_PHYSICAL,160.0,0.0,0.0,0.0
a050_i050,C1056_ST,DIRECT_PHYSICAL,164.0,0.0,0.0,0.0
a050_i050,C1056_ST,DIRECT_PHYSICAL,168.0,0.0,0.0,0.0
a050_i050,C1056_ST,DIRECT_PHYSICAL,172.0,0.0,0.0,0.0
a050_i050,C1056_ST,DIRECT_PHYSICAL,176.0,0.0,0.0,0.0
a050_i050,C1056_ST,DIRECT_PHYSICAL,180.0,0.0,0.0,0.0
a050_i050,C1056_ST,DIRECT_PHYSICAL,184.0,0.0,0.0,0.0
a050_i050,C1056_ST,DIRECT_PHYSICAL,188.0,0.0,0.0,0.0
a050_i050,C1056_ST,DIRECT_PHYSICAL,192.0,0.0,0.0,0.0
a050_i050,C1056_ST,DIRECT_PHYSICAL,196.0,0.0,0.0,0.0
a050_i050,C1056_ST,DIRECT_PHYSICAL,200.0,0.0,0.0,0.0
a050_i050,C1056_ST,DIRECT_PHYSICAL,204.0,0.0,0.0,0.0
a050_i050,C1056_ST,DIRECT_PHYSICAL,208.0,0.0,0.0,0.0
a050_i050,C1056_ST,DIRECT_PHYSICAL,212.0,0.0,0.0,0.0
a050_i050,C1056_ST,DIRECT_PHYSICAL,216.0,0.0,0.0,0.0
a050_i050,C1056_ST,DIRECT_PHYSICAL,220.0,0.0,0.0,0.0
a050_i050,C1056_ST,DIRECT_PHYSICAL,224.0,0.0,0.0,0.0
a050_i050,C1056_ST,DIRECT_PHYSICAL,228.0,0.0,0.0,0.0
a050_i050,C1056_ST,DIRECT_PHYSICAL,232.0,0.0,0.0,0.0
a050_i050,C1056_ST,DIRECT_PHYSICAL,236.0,0.0,0.0,0.0
a050_i050,C1056_ST,DIRECT_PHYSICAL,240.0,0.0,0.0,0.0
a050_i050,C1056_ST,DIRECT_PHYSICAL,244.0,0.0,0.0,0.0
a050_i050,C1056_ST,DIRECT_PHYSICAL,248.0,0.0,0.0,0.0
a050_i050,C1056_ST,DIRECT_PHYSICAL,252.0,0.0,0.0,0.0
a050_i050,C1056_ST,RESOLVED_PHYSICAL,0.0,0.2809343214534784,0.0,90.9607295423676
a050_i050,C1056_ST,RESOLVED_PHYSICAL,4.0,0.3319054106558039,1.50018257350758e-14,114.17325233270873
a050_i050,C1056_ST,RESOLVED_PHYSICAL,8.0,0.3912122084993739,1.5533927216818484e-11,140.75461114980868
a050_i050,C1056_ST,RESOLVED_PHYSICAL,12.0,0.4685081712080318,2.5826234130807227e-10,173.02257607537572
a050_i050,C1056_ST,RESOLVED_PHYSICAL,16.0,0.6500738019295311,4.257716873201776e-09,205.91262488912574
a050_i050,C1056_ST,RESOLVED_PHYSICAL,20.0,0.6937436890174149,6.041941176587879e-08,219.72540909527729
a050_i050,C1056_ST,RESOLVED_PHYSICAL,24.0,0.6991644814110938,4.459309244138327e-09,224.06779489540935
a050_i050,C1056_ST,RESOLVED_PHYSICAL,28.0,0.6937888089585998,3.531129999218795e-10,229.65499598239674
a050_i050,C1056_ST,RESOLVED_PHYSICAL,32.0,0.6520244168059527,2.6906014024469085e-11,223.93493380051137
a050_i050,C1056_ST,RESOLVED_PHYSICAL,36.0,0.5541057548708213,1.973304700564398e-12,208.72702494192842
a050_i050,C1056_ST,RESOLVED_PHYSICAL,40.0,0.4015678704457587,1.9599371813616997e-13,184.20549034270653
a050_i050,C1056_ST,RESOLVED_PHYSICAL,44.0,0.2832626209677529,8.433222255619958e-13,158.96021726728475
a050_i050,C1056_ST,RESOLVED_PHYSICAL,48.0,0.20037770634770968,7.819625899942356e-11,147.35837761566756
a050_i050,C1056_ST,RESOLVED_PHYSICAL,52.0,0.12415984171771033,1.7020830458519044e-09,128.45481388299137
a050_i050,C1056_ST,RESOLVED_PHYSICAL,56.0,0.050432896796467376,8.696959585953517e-09,98.20368051261599
a050_i050,C1056_ST,RESOLVED_PHYSICAL,60.0,0.007987905867112887,8.121017580356184e-08,67.89935826123275
a050_i050,C1056_ST,RESOLVED_PHYSICAL,64.0,0.002985852333738227,7.893157517888142e-08,52.22250387935682
a050_i050,C1056_ST,RESOLVED_PHYSICAL,68.0,0.0022462597505091605,3.5505695339479826e-08,42.027085484844704
a050_i050,C1056_ST,RESOLVED_PHYSICAL,72.0,0.0018247490712195173,1.926790091272566e-10,31.45717684011737
a050_i050,C1056_ST,RESOLVED_PHYSICAL,76.0,0.0014700231606578447,4.0818028438803214e-14,23.718491527745947
a050_i050,C1056_ST,RESOLVED_PHYSICAL,80.0,0.0011693507344022898,1.133134726864322e-18,18.818208066090758
a050_i050,C1056_ST,RESOLVED_PHYSICAL,84.0,0.000932065416275141,0.0,14.831781406113963
a050_i050,C1056_ST,RESOLVED_PHYSICAL,88.0,0.0007028709620308026,0.0,11.627891474619524
a050_i050,C1056_ST,RESOLVED_PHYSICAL,92.0,0.00041397736520765974,0.0,8.601251266725793
a050_i050,C1056_ST,RESOLVED_PHYSICAL,96.0,9.095182173159873e-05,0.0,3.9237800859033136
a050_i050,C1056_ST,RESOLVED_PHYSICAL,100.0,4.210554966775654e-05,0.0,1.2012304223446686
a050_i050,C1056_ST,RESOLVED_PHYSICAL,104.0,1.0601449362979892e-05,0.0,0.4035447640820868
a050_i050,C1056_ST,RESOLVED_PHYSICAL,108.0,4.754604251015606e-06,0.0,0.20302429894607205
a050_i050,C1056_ST,RESOLVED_PHYSICAL,112.0,2.0429051637523035e-06,0.0,0.09610937119033502
a050_i050,C1056_ST,RESOLVED_PHYSICAL,116.0,1.4019611396527833e-06,0.0,0.026396303882545304
a050_i050,C1056_ST,RESOLVED_PHYSICAL,120.0,1.011773893141294e-06,0.0,0.010292423322557729
a050_i050,C1056_ST,RESOLVED_PHYSICAL,124.0,1.0863381398137963e-07,0.0,0.0010859531305287967
a050_i050,C1056_ST,RESOLVED_PHYSICAL,128.0,4.363943355219729e-10,0.0,4.363940060183707e-06
a050_i050,C1056_ST,RESOLVED_PHYSICAL,132.0,5.1286753253369917e-14,0.0,5.128675380477146e-10
a050_i050,C1056_ST,RESOLVED_PHYSICAL,136.0,1.7250414692754089e-19,0.0,1.7250414694234427e-15
a050_i050,C1056_ST,RESOLVED_PHYSICAL,140.0,1.657681009700945e-26,0.0,1.6576810097020615e-22
a050_i050,C1056_ST,RESOLVED_PHYSICAL,144.0,4.550397903174469e-35,0.0,4.550397903174504e-31
a050_i050,C1056_ST,RESOLVED_PHYSICAL,148.0,3.568124793125004e-45,0.0,3.5681247931250105e-41
a050_i050,C1056_ST,RESOLVED_PHYSICAL,152.0,7.992314587201188e-57,0.0,7.992314587201205e-53
a050_i050,C1056_ST,RESOLVED_PHYSICAL,156.0,5.1138378033720874e-70,0.0,5.113837803372097e-66
a050_i050,C1056_ST,RESOLVED_PHYSICAL,160.0,9.346804759064251e-85,0.0,9.34680475906426e-81
a050_i050,C1056_ST,RESOLVED_PHYSICAL,164.0,4.880015875804409e-101,0.0,4.880015875804415e-97
a050_i050,C1056_ST,RESOLVED_PHYSICAL,168.0,7.278152326826304e-119,0.0,7.27815232682631e-115
a050_i050,C1056_ST,RESOLVED_PHYSICAL,172.0,3.100722416154264e-138,0.0,3.100722416154266e-134
a050_i050,C1056_ST,RESOLVED_PHYSICAL,176.0,3.773518462183589e-159,0.0,3.773518462183592e-155
a050_i050,C1056_ST,RESOLVED_PHYSICAL,180.0,1.3118129427928148e-181,0.0,1.3118129427928156e-177
a050_i050,C1056_ST,RESOLVED_PHYSICAL,184.0,1.302684320698554e-205,0.0,1.3026843206985548e-201
a050_i050,C1056_ST,RESOLVED_PHYSICAL,188.0,3.6952880921179816e-231,0.0,3.6952880921179845e-227
a050_i050,C1056_ST,RESOLVED_PHYSICAL,192.0,2.9943272402576807e-258,0.0,2.9943272402576824e-254
a050_i050,C1056_ST,RESOLVED_PHYSICAL,196.0,6.930938768039562e-287,0.0,6.930938768039564e-283
a050_i050,C1056_ST,RESOLVED_PHYSICAL,200.0,4.582756e-317,0.0,4.58275728083e-313
a050_i050,C1056_ST,RESOLVED_PHYSICAL,204.0,0.0,0.0,0.0
a050_i050,C1056_ST,RESOLVED_PHYSICAL,208.0,0.0,0.0,0.0
a050_i050,C1056_ST,RESOLVED_PHYSICAL,212.0,0.0,0.0,0.0
a050_i050,C1056_ST,RESOLVED_PHYSICAL,216.0,0.0,0.0,0.0
a050_i050,C1056_ST,RESOLVED_PHYSICAL,220.0,0.0,0.0,0.0
a050_i050,C1056_ST,RESOLVED_PHYSICAL,224.0,0.0,0.0,0.0
a050_i050,C1056_ST,RESOLVED_PHYSICAL,228.0,0.0,0.0,0.0
a050_i050,C1056_ST,RESOLVED_PHYSICAL,232.0,0.0,0.0,0.0
a050_i050,C1056_ST,RESOLVED_PHYSICAL,236.0,0.0,0.0,0.0
a050_i050,C1056_ST,RESOLVED_PHYSICAL,240.0,0.0,0.0,0.0
a050_i050,C1056_ST,RESOLVED_PHYSICAL,244.0,0.0,0.0,0.0
a050_i050,C1056_ST,RESOLVED_PHYSICAL,248.0,0.0,0.0,0.0
a050_i050,C1056_ST,RESOLVED_PHYSICAL,252.0,0.0,0.0,0.0
a050_i050,C1056_ST,DELAY_ONLY,0.0,0.2809343214534784,0.0,90.9607295423676
a050_i050,C1056_ST,DELAY_ONLY,4.0,0.3319054106558039,1.50018257350758e-14,114.17325233270873
a050_i050,C1056_ST,DELAY_ONLY,8.0,0.3912122084993739,1.553392709121559e-11,140.7546111498103
a050_i050,C1056_ST,DELAY_ONLY,12.0,0.46850817120803173,2.582623492901434e-10,173.02257607462363
a050_i050,C1056_ST,DELAY_ONLY,16.0,0.6500738019341483,4.2585893720522936e-09,205.9126080985357
a050_i050,C1056_ST,DELAY_ONLY,20.0,0.6937437491049157,6.532839876206432e-08,219.6869851759674
a050_i050,C1056_ST,DELAY_ONLY,24.0,0.6991777700042829,3.672805604658669e-07,221.22178333710687
a050_i050,C1056_ST,DELAY_ONLY,28.0,0.6939430064769275,5.628101973411514e-07,223.01764139562795
a050_i050,C1056_ST,DELAY_ONLY,32.0,0.6522125811532069,5.997519251359517e-07,218.5800367622361
a050_i050,C1056_ST,DELAY_ONLY,36.0,0.5537457275504554,4.781308743046524e-07,208.33502367533617
a050_i050,C1056_ST,DELAY_ONLY,40.0,0.4010254075096137,3.534810206762501e-07,186.56865585163402
a050_i050,C1056_ST,DELAY_ONLY,44.0,0.28273264397723274,3.2163238137275586e-07,159.25101404525046
a050_i050,C1056_ST,DELAY_ONLY,48.0,0.19980610156163042,3.313246798611886e-07,149.02839172771485
a050_i050,C1056_ST,DELAY_ONLY,52.0,0.12340382241951658,2.8383784402369786e-07,138.83211470203804
a050_i050,C1056_ST,DELAY_ONLY,56.0,0.04958818032325757,1.5717437386430213e-07,124.27120737554047
a050_i050,C1056_ST,DELAY_ONLY,60.0,0.020002205677517683,7.499245429094043e-08,107.4988426471451
a050_i050,C1056_ST,DELAY_ONLY,64.0,0.017295728261194965,4.7314175003589655e-08,95.93322793124456
a050_i050,C1056_ST,DELAY_ONLY,68.0,0.01843749393314774,3.480271491074662e-08,91.79073150035234
a050_i050,C1056_ST,DELAY_ONLY,72.0,0.018704873123678453,2.7167748079629823e-08,88.31953449325957
a050_i050,C1056_ST,DELAY_ONLY,76.0,0.01872206947369613,2.0380962367031347e-08,78.68176078178702
a050_i050,C1056_ST,DELAY_ONLY,80.0,0.016157474212498326,1.2769646765118848e-08,67.87832642460316
a050_i050,C1056_ST,DELAY_ONLY,84.0,0.015329844070901747,1.0476662481800247e-10,51.3241420988789
a050_i050,C1056_ST,DELAY_ONLY,88.0,0.014457032368453367,3.0912509818197507e-12,37.182281687807
a050_i050,C1056_ST,DELAY_ONLY,92.0,0.012092936438773082,2.0128391284719873e-14,26.89142327095609
a050_i050,C1056_ST,DELAY_ONLY,96.0,0.0021043937078235927,4.679804018585472e-18,13.553819966630911
a050_i050,C1056_ST,DELAY_ONLY,100.0,8.504382827355327e-05,3.535291965903041e-22,3.3426236261152034
a050_i050,C1056_ST,DELAY_ONLY,104.0,8.028450857756065e-05,0.0,1.749220330458832
a050_i050,C1056_ST,DELAY_ONLY,108.0,4.8841500228982614e-05,0.0,1.0753443929463733
a050_i050,C1056_ST,DELAY_ONLY,112.0,2.7066401648540796e-05,0.0,0.4465538000769519
a050_i050,C1056_ST,DELAY_ONLY,116.0,5.603316947513977e-06,0.0,0.086728042594927
a050_i050,C1056_ST,DELAY_ONLY,120.0,4.070405001207118e-06,0.0,0.040207908149243486
a050_i050,C1056_ST,DELAY_ONLY,124.0,4.3718027002048885e-07,0.0,0.004362525495173118
a050_i050,C1056_ST,DELAY_ONLY,128.0,1.756208176711014e-09,0.0,1.7561935185619316e-05
a050_i050,C1056_ST,DELAY_ONLY,132.0,2.063963949601998e-13,0.0,2.0639639544141943e-09
a050_i050,C1056_ST,DELAY_ONLY,136.0,6.942189120929566e-19,0.0,6.942189121111911e-15
a050_i050,C1056_ST,DELAY_ONLY,140.0,6.671106333674652e-26,0.0,6.671106333676042e-22
a050_i050,C1056_ST,DELAY_ONLY,144.0,1.8312442559792522e-34,0.0,1.831244255979259e-30
a050_i050,C1056_ST,DELAY_ONLY,148.0,1.4359421244170682e-44,0.0,1.4359421244170719e-40
a050_i050,C1056_ST,DELAY_ONLY,152.0,3.2163956847775923e-56,0.0,3.2163956847775986e-52
a050_i050,C1056_ST,DELAY_ONLY,156.0,2.0579927959490447e-69,0.0,2.057992795949049e-65
a050_i050,C1056_ST,DELAY_ONLY,160.0,3.761491388446538e-84,0.0,3.761491388446547e-80
a050_i050,C1056_ST,DELAY_ONLY,164.0,1.9638944179848668e-100,0.0,1.963894417984873e-96
a050_i050,C1056_ST,DELAY_ONLY,168.0,2.9289910302887378e-118,0.0,2.9289910302887446e-114
a050_i050,C1056_ST,DELAY_ONLY,172.0,1.2478425480126405e-137,0.0,1.2478425480126438e-133
a050_i050,C1056_ST,DELAY_ONLY,176.0,1.5185999457068597e-158,0.0,1.5185999457068633e-154
a050_i050,C1056_ST,DELAY_ONLY,180.0,5.279208472588104e-181,0.0,5.2792084725881165e-177
a050_i050,C1056_ST,DELAY_ONLY,184.0,5.2424716044486e-205,0.0,5.242471604448612e-201
a050_i050,C1056_ST,DELAY_ONLY,188.0,1.4871172229045666e-230,0.0,1.4871172229045705e-226
a050_i050,C1056_ST,DELAY_ONLY,192.0,1.2050252913967744e-257,0.0,1.2050252913967761e-253
a050_i050,C1056_ST,DELAY_ONLY,196.0,2.789259769714193e-286,0.0,2.789259769714196e-282
a050_i050,C1056_ST,DELAY_ONLY,200.0,1.84426613e-316,0.0,1.844267807796e-312
a050_i050,C1056_ST,DELAY_ONLY,204.0,0.0,0.0,0.0
a050_i050,C1056_ST,DELAY_ONLY,208.0,0.0,0.0,0.0
a050_i050,C1056_ST,DELAY_ONLY,212.0,0.0,0.0,0.0
a050_i050,C1056_ST,DELAY_ONLY,216.0,0.0,0.0,0.0
a050_i050,C1056_ST,DELAY_ONLY,220.0,0.0,0.0,0.0
a050_i050,C1056_ST,DELAY_ONLY,224.0,0.0,0.0,0.0
a050_i050,C1056_ST,DELAY_ONLY,228.0,0.0,0.0,0.0
a050_i050,C1056_ST,DELAY_ONLY,232.0,0.0,0.0,0.0
a050_i050,C1056_ST,DELAY_ONLY,236.0,0.0,0.0,0.0
a050_i050,C1056_ST,DELAY_ONLY,240.0,0.0,0.0,0.0
a050_i050,C1056_ST,DELAY_ONLY,244.0,0.0,0.0,0.0
a050_i050,C1056_ST,DELAY_ONLY,248.0,0.0,0.0,0.0
a050_i050,C1056_ST,DELAY_ONLY,252.0,0.0,0.0,0.0
a050_i050,C1056_ST,SPATIAL_ONLY,0.0,0.2811612305172473,5.114118426550565e-06,157.16061192701255
a050_i050,C1056_ST,SPATIAL_ONLY,4.0,0.3322407904214888,7.872183556000866e-06,175.82767830366603
a050_i050,C1056_ST,SPATIAL_ONLY,8.0,0.3915929701339814,1.1324688049564303e-05,193.38069647732095
a050_i050,C1056_ST,SPATIAL_ONLY,12.0,0.468885735251435,1.2601174356353818e-05,212.30999657528736
a050_i050,C1056_ST,SPATIAL_ONLY,16.0,0.65053006114588,5.388351630312054e-06,233.6837140768934
a050_i050,C1056_ST,SPATIAL_ONLY,20.0,0.6942456488681701,2.065117146873021e-06,244.1150042474452
a050_i050,C1056_ST,SPATIAL_ONLY,24.0,0.6997097715861775,1.7523887052948343e-06,244.64781675844705
a050_i050,C1056_ST,SPATIAL_ONLY,28.0,0.6943615108842229,1.347512001603392e-06,238.1932129378713
a050_i050,C1056_ST,SPATIAL_ONLY,32.0,0.6524499495228278,1.2726904147975542e-06,225.9750167155225
a050_i050,C1056_ST,SPATIAL_ONLY,36.0,0.5539094463926522,1.4134061998782536e-06,207.52083288137655
a050_i050,C1056_ST,SPATIAL_ONLY,40.0,0.400890180938794,1.3081553979315142e-06,175.3995777174733
a050_i050,C1056_ST,SPATIAL_ONLY,44.0,0.282279890673805,1.0131073355863288e-06,137.92494694731016
a050_i050,C1056_ST,SPATIAL_ONLY,48.0,0.19898896661542556,4.2271888638857943e-07,110.52737912113245
a050_i050,C1056_ST,SPATIAL_ONLY,52.0,0.12250716735011996,1.7587221378926523e-07,85.43083042762136
a050_i050,C1056_ST,SPATIAL_ONLY,56.0,0.04877395463731485,3.5910141156511284e-08,55.12606637433363
a050_i050,C1056_ST,SPATIAL_ONLY,60.0,0.006443860952366562,6.631163691552247e-10,18.16317673466638
a050_i050,C1056_ST,SPATIAL_ONLY,64.0,7.595264202787027e-05,1.605590792611716e-12,0.9245857686458334
a050_i050,C1056_ST,SPATIAL_ONLY,68.0,3.812931237651368e-08,2.0032591340636392e-16,0.00048087526848098513
a050_i050,C1056_ST,SPATIAL_ONLY,72.0,6.341338293423289e-13,4.0043370731005903e-22,7.244234658668828e-09
a050_i050,C1056_ST,SPATIAL_ONLY,76.0,3.2094502494689446e-19,1.633466757044619e-29,3.4855468018921967e-15
a050_i050,C1056_ST,SPATIAL_ONLY,80.0,4.7881704052583984e-27,2.5649815318600733e-38,5.06840325544743e-23
a050_i050,C1056_ST,SPATIAL_ONLY,84.0,2.07651648044729e-36,2.2126936403331765e-48,2.1688751318317214e-32
a050_i050,C1056_ST,SPATIAL_ONLY,88.0,2.599637527066554e-47,8.217022445160019e-60,2.6957800398685487e-43
a050_i050,C1056_ST,SPATIAL_ONLY,92.0,9.359779543946875e-60,9.81134905817587e-73,9.667142539652591e-56
a050_i050,C1056_ST,SPATIAL_ONLY,96.0,9.67052855015726e-74,3.301626894615789e-87,9.96531940722285e-70
a050_i050,C1056_ST,SPATIAL_ONLY,100.0,2.8634896479486223e-89,2.867315138453199e-103,2.9468766673693917e-85
a050_i050,C1056_ST,SPATIAL_ONLY,104.0,2.427958206267774e-106,6.230320776935689e-121,2.49673734935316e-102
a050_i050,C1056_ST,SPATIAL_ONLY,108.0,5.891822010470072e-125,3.40676798450714e-140,6.056044084250152e-121
a050_i050,C1056_ST,SPATIAL_ONLY,112.0,4.090329602593432e-145,5.61816845205844e-161,4.2033212168292286e-141
a050_i050,C1056_ST,SPATIAL_ONLY,116.0,8.121790000332815e-167,3.3428297424660973e-183,8.345180658223083e-163
a050_i050,C1056_ST,SPATIAL_ONLY,120.0,4.611530992683135e-190,9.069288149711064e-207,4.7382107178232855e-186
a050_i050,C1056_ST,SPATIAL_ONLY,124.0,7.486422690702047e-215,0.0,7.692234430422818e-211
a050_i050,C1056_ST,SPATIAL_ONLY,128.0,3.474480269740738e-241,0.0,3.57020480798228e-237
a050_i050,C1056_ST,SPATIAL_ONLY,132.0,4.609487415310362e-269,0.0,4.736879640612291e-265
a050_i050,C1056_ST,SPATIAL_ONLY,136.0,1.7479601012972538e-298,0.0,1.7964525124223133e-294
a050_i050,C1056_ST,SPATIAL_ONLY,140.0,0.0,0.0,0.0
a050_i050,C1056_ST,SPATIAL_ONLY,144.0,0.0,0.0,0.0
a050_i050,C1056_ST,SPATIAL_ONLY,148.0,0.0,0.0,0.0
a050_i050,C1056_ST,SPATIAL_ONLY,152.0,0.0,0.0,0.0
a050_i050,C1056_ST,SPATIAL_ONLY,156.0,0.0,0.0,0.0
a050_i050,C1056_ST,SPATIAL_ONLY,160.0,0.0,0.0,0.0
a050_i050,C1056_ST,SPATIAL_ONLY,164.0,0.0,0.0,0.0
a050_i050,C1056_ST,SPATIAL_ONLY,168.0,0.0,0.0,0.0
a050_i050,C1056_ST,SPATIAL_ONLY,172.0,0.0,0.0,0.0
a050_i050,C1056_ST,SPATIAL_ONLY,176.0,0.0,0.0,0.0
a050_i050,C1056_ST,SPATIAL_ONLY,180.0,0.0,0.0,0.0
a050_i050,C1056_ST,SPATIAL_ONLY,184.0,0.0,0.0,0.0
a050_i050,C1056_ST,SPATIAL_ONLY,188.0,0.0,0.0,0.0
a050_i050,C1056_ST,SPATIAL_ONLY,192.0,0.0,0.0,0.0
a050_i050,C1056_ST,SPATIAL_ONLY,196.0,0.0,0.0,0.0
a050_i050,C1056_ST,SPATIAL_ONLY,200.0,0.0,0.0,0.0
a050_i050,C1056_ST,SPATIAL_ONLY,204.0,0.0,0.0,0.0
a050_i050,C1056_ST,SPATIAL_ONLY,208.0,0.0,0.0,0.0
a050_i050,C1056_ST,SPATIAL_ONLY,212.0,0.0,0.0,0.0
a050_i050,C1056_ST,SPATIAL_ONLY,216.0,0.0,0.0,0.0
a050_i050,C1056_ST,SPATIAL_ONLY,220.0,0.0,0.0,0.0
a050_i050,C1056_ST,SPATIAL_ONLY,224.0,0.0,0.0,0.0
a050_i050,C1056_ST,SPATIAL_ONLY,228.0,0.0,0.0,0.0
a050_i050,C1056_ST,SPATIAL_ONLY,232.0,0.0,0.0,0.0
a050_i050,C1056_ST,SPATIAL_ONLY,236.0,0.0,0.0,0.0
a050_i050,C1056_ST,SPATIAL_ONLY,240.0,0.0,0.0,0.0
a050_i050,C1056_ST,SPATIAL_ONLY,244.0,0.0,0.0,0.0
a050_i050,C1056_ST,SPATIAL_ONLY,248.0,0.0,0.0,0.0
a050_i050,C1056_ST,SPATIAL_ONLY,252.0,0.0,0.0,0.0
a050_i050,C1056_ST,UNRESOLVED_IMAGE,0.0,0.2746071476502078,0.0,90.48659195202178
a050_i050,C1056_ST,UNRESOLVED_IMAGE,4.0,0.3243986534579345,1.4705073006350146e-14,113.56762838082348
a050_i050,C1056_ST,UNRESOLVED_IMAGE,8.0,0.38238208341639734,1.519773701421601e-11,140.02434528912175
a050_i050,C1056_ST,UNRESOLVED_IMAGE,12.0,0.45848168171485143,2.5276671320843887e-10,172.13416477674298
a050_i050,C1056_ST,UNRESOLVED_IMAGE,16.0,0.6359278267903952,4.166019313632214e-09,204.90757368480365
a050_i050,C1056_ST,UNRESOLVED_IMAGE,20.0,0.6786394987941662,5.908051093405471e-08,218.65283359667376
a050_i050,C1056_ST,UNRESOLVED_IMAGE,24.0,0.6839305125198911,4.352949439636212e-09,219.54300691852444
a050_i050,C1056_ST,UNRESOLVED_IMAGE,28.0,0.678628930924212,3.416864700029346e-10,214.7665296112185
a050_i050,C1056_ST,UNRESOLVED_IMAGE,32.0,0.6374910320057735,2.5052102316866467e-11,201.02610877530648
a050_i050,C1056_ST,UNRESOLVED_IMAGE,36.0,0.5407573284673921,1.4443984310728685e-12,175.01285233499692
a050_i050,C1056_ST,UNRESOLVED_IMAGE,40.0,0.3909348149379992,1.4080637249446824e-13,138.85808285619413
a050_i050,C1056_ST,UNRESOLVED_IMAGE,44.0,0.2752259781112951,5.2126310156435235e-14,97.21257730348886
a050_i050,C1056_ST,UNRESOLVED_IMAGE,48.0,0.19414700223900638,1.8612642320767015e-12,70.78184050857783
a050_i050,C1056_ST,UNRESOLVED_IMAGE,52.0,0.11961522327615988,3.799660333908861e-11,51.53644905253089
a050_i050,C1056_ST,UNRESOLVED_IMAGE,56.0,0.04767056964286471,1.6981460523378093e-10,32.65709216933821
a050_i050,C1056_ST,UNRESOLVED_IMAGE,60.0,0.0063337902035694015,1.7285799011052827e-09,15.379927329562488
a050_i050,C1056_ST,UNRESOLVED_IMAGE,64.0,0.00010597630685933645,7.166060442859003e-11,3.145327601138367
a050_i050,C1056_ST,UNRESOLVED_IMAGE,68.0,5.578947169558927e-05,2.549414646389753e-11,1.7542236925269301
a050_i050,C1056_ST,UNRESOLVED_IMAGE,72.0,4.6388012870657004e-05,1.3211629020508884e-13,1.4658229653532135
a050_i050,C1056_ST,UNRESOLVED_IMAGE,76.0,3.95558157588699e-05,2.8532392884060055e-17,1.2412950088948778
a050_i050,C1056_ST,UNRESOLVED_IMAGE,80.0,3.346476884334721e-05,9.71377409946875e-22,0.9988485152273971
a050_i050,C1056_ST,UNRESOLVED_IMAGE,84.0,2.8866226681576482e-05,0.0,0.7970995968245291
a050_i050,C1056_ST,UNRESOLVED_IMAGE,88.0,2.2499994049156386e-05,0.0,0.6129472536605967
a050_i050,C1056_ST,UNRESOLVED_IMAGE,92.0,1.553756635228473e-05,0.0,0.432481518921119
a050_i050,C1056_ST,UNRESOLVED_IMAGE,96.0,8.477132851647195e-06,0.0,0.1813437572968863
a050_i050,C1056_ST,UNRESOLVED_IMAGE,100.0,1.7574940978962589e-06,0.0,0.03513933075090726
a050_i050,C1056_ST,UNRESOLVED_IMAGE,104.0,1.6655225105396903e-07,0.0,0.0027012548039428027
a050_i050,C1056_ST,UNRESOLVED_IMAGE,108.0,3.497714911727206e-09,0.0,0.00015409239758436757
a050_i050,C1056_ST,UNRESOLVED_IMAGE,112.0,1.3999705098253225e-09,0.0,6.452381757660768e-05
a050_i050,C1056_ST,UNRESOLVED_IMAGE,116.0,8.813602328965261e-10,0.0,1.6834710907625108e-05
a050_i050,C1056_ST,UNRESOLVED_IMAGE,120.0,6.345018997649849e-10,0.0,6.482081787790605e-06
a050_i050,C1056_ST,UNRESOLVED_IMAGE,124.0,6.812679741983562e-11,0.0,6.813890948268949e-07
a050_i050,C1056_ST,UNRESOLVED_IMAGE,128.0,2.736731112145966e-13,0.0,2.7367347735593535e-09
a050_i050,C1056_ST,UNRESOLVED_IMAGE,132.0,3.216312450936682e-17,0.0,3.2163124840888026e-13
a050_i050,C1056_ST,UNRESOLVED_IMAGE,136.0,1.0818139196042803e-22,0.0,1.0818139196911468e-18
a050_i050,C1056_ST,UNRESOLVED_IMAGE,140.0,1.0395705972863333e-29,0.0,1.0395705972869882e-25
a050_i050,C1056_ST,UNRESOLVED_IMAGE,144.0,2.8536611316715074e-38,0.0,2.8536611316715272e-34
a050_i050,C1056_ST,UNRESOLVED_IMAGE,148.0,2.237654651693404e-48,0.0,2.2376546516934088e-44
a050_i050,C1056_ST,UNRESOLVED_IMAGE,152.0,5.01216772134944e-60,0.0,5.01216772134945e-56
a050_i050,C1056_ST,UNRESOLVED_IMAGE,156.0,3.207007493339163e-73,0.0,3.2070074933391697e-69
a050_i050,C1056_ST,UNRESOLVED_IMAGE,160.0,5.861600241081438e-88,0.0,5.86160024108145e-84
a050_i050,C1056_ST,UNRESOLVED_IMAGE,164.0,3.060372284588093e-104,0.0,3.0603722845880994e-100
a050_i050,C1056_ST,UNRESOLVED_IMAGE,168.0,4.564299836495516e-122,0.0,4.56429983649552e-118
a050_i050,C1056_ST,UNRESOLVED_IMAGE,172.0,1.9445356708056506e-141,0.0,1.9445356708056513e-137
a050_i050,C1056_ST,UNRESOLVED_IMAGE,176.0,2.3664618335169957e-162,0.0,2.3664618335169977e-158
a050_i050,C1056_ST,UNRESOLVED_IMAGE,180.0,8.226686295411523e-185,0.0,8.226686295411528e-181
a050_i050,C1056_ST,UNRESOLVED_IMAGE,184.0,8.169438567607468e-209,0.0,8.169438567607473e-205
a050_i050,C1056_ST,UNRESOLVED_IMAGE,188.0,2.3174017356700011e-234,0.0,2.317401735670003e-230
a050_i050,C1056_ST,UNRESOLVED_IMAGE,192.0,1.8778127633777917e-261,0.0,1.877812763377793e-257
a050_i050,C1056_ST,UNRESOLVED_IMAGE,196.0,4.346554079271112e-290,0.0,4.346554079271114e-286
a050_i050,C1056_ST,UNRESOLVED_IMAGE,200.0,2.874e-320,0.0,2.87546206e-316
a050_i050,C1056_ST,UNRESOLVED_IMAGE,204.0,0.0,0.0,0.0
a050_i050,C1056_ST,UNRESOLVED_IMAGE,208.0,0.0,0.0,0.0
a050_i050,C1056_ST,UNRESOLVED_IMAGE,212.0,0.0,0.0,0.0
a050_i050,C1056_ST,UNRESOLVED_IMAGE,216.0,0.0,0.0,0.0
a050_i050,C1056_ST,UNRESOLVED_IMAGE,220.0,0.0,0.0,0.0
a050_i050,C1056_ST,UNRESOLVED_IMAGE,224.0,0.0,0.0,0.0
a050_i050,C1056_ST,UNRESOLVED_IMAGE,228.0,0.0,0.0,0.0
a050_i050,C1056_ST,UNRESOLVED_IMAGE,232.0,0.0,0.0,0.0
a050_i050,C1056_ST,UNRESOLVED_IMAGE,236.0,0.0,0.0,0.0
a050_i050,C1056_ST,UNRESOLVED_IMAGE,240.0,0.0,0.0,0.0
a050_i050,C1056_ST,UNRESOLVED_IMAGE,244.0,0.0,0.0,0.0
a050_i050,C1056_ST,UNRESOLVED_IMAGE,248.0,0.0,0.0,0.0
a050_i050,C1056_ST,UNRESOLVED_IMAGE,252.0,0.0,0.0,0.0
a050_i050,C1056_ST,EQUALIZED_ORDER_SENSITIVITY,0.0,0.2809343214534784,0.0,90.9607295423676
a050_i050,C1056_ST,EQUALIZED_ORDER_SENSITIVITY,4.0,0.3319054106558039,1.50018257350758e-14,114.17325233270873
a050_i050,C1056_ST,EQUALIZED_ORDER_SENSITIVITY,8.0,0.39121220849937366,1.5533927074803716e-11,140.75461114980882
a050_i050,C1056_ST,EQUALIZED_ORDER_SENSITIVITY,12.0,0.46850817120803334,2.582623441969285e-10,173.02257614824916
a050_i050,C1056_ST,EQUALIZED_ORDER_SENSITIVITY,16.0,0.6500738025937693,4.25774878085062e-09,205.91428897076906
a050_i050,C1056_ST,EQUALIZED_ORDER_SENSITIVITY,20.0,0.6937452633075079,6.046064449425506e-08,222.18712507676787
a050_i050,C1056_ST,EQUALIZED_ORDER_SENSITIVITY,24.0,0.6993825145398512,4.497109687391231e-09,250.65304947429985
a050_i050,C1056_ST,EQUALIZED_ORDER_SENSITIVITY,28.0,1.690122034800218,3.6511470686122484e-10,282.3464464638018
a050_i050,C1056_ST,EQUALIZED_ORDER_SENSITIVITY,32.0,2.574847916185444,3.128379862894914e-11,300.25805728983005
a050_i050,C1056_ST,EQUALIZED_ORDER_SENSITIVITY,36.0,2.6647271766187552,2.5212916233356554e-12,311.75707199683865
a050_i050,C1056_ST,EQUALIZED_ORDER_SENSITIVITY,40.0,2.6704012164480435,4.276958279660507e-13,330.6764770662495
a050_i050,C1056_ST,EQUALIZED_ORDER_SENSITIVITY,44.0,2.6801359257116464,3.391610983976849e-11,361.0723548224349
a050_i050,C1056_ST,EQUALIZED_ORDER_SENSITIVITY,48.0,4.803024546989449,6.625637046797288e-09,383.010893299856
a050_i050,C1056_ST,EQUALIZED_ORDER_SENSITIVITY,52.0,5.635966158483096,1.5796771865630501e-07,390.42243172622744
a050_i050,C1056_ST,EQUALIZED_ORDER_SENSITIVITY,56.0,5.6154403991738455,1.01063524492642e-06,383.865117778924
a050_i050,C1056_ST,EQUALIZED_ORDER_SENSITIVITY,60.0,5.6094768232608825,1.11309401675779e-05,376.266210576828
a050_i050,C1056_ST,EQUALIZED_ORDER_SENSITIVITY,64.0,5.549615571527665,3.381480963460208e-05,380.2205344787007
a050_i050,C1056_ST,EQUALIZED_ORDER_SENSITIVITY,68.0,3.9108352473502355,8.782186895593821e-05,367.6160071735003
a050_i050,C1056_ST,EQUALIZED_ORDER_SENSITIVITY,72.0,0.9197155384624364,8.754166762206317e-07,326.51952656167106
a050_i050,C1056_ST,EQUALIZED_ORDER_SENSITIVITY,76.0,0.316981474445058,1.862160477328035e-10,260.8127163748645
a050_i050,C1056_ST,EQUALIZED_ORDER_SENSITIVITY,80.0,0.17534632509427467,5.377569082213991e-15,208.38518696273525
a050_i050,C1056_ST,EQUALIZED_ORDER_SENSITIVITY,84.0,0.11267938056277246,1.7038705013622569e-18,177.07539249811597
a050_i050,C1056_ST,EQUALIZED_ORDER_SENSITIVITY,88.0,0.08849455342407576,0.0,154.25086795083885
a050_i050,C1056_ST,EQUALIZED_ORDER_SENSITIVITY,92.0,0.07053560833655385,0.0,134.82403643066743
a050_i050,C1056_ST,EQUALIZED_ORDER_SENSITIVITY,96.0,0.050761812043981586,0.0,111.8625526175106
a050_i050,C1056_ST,EQUALIZED_ORDER_SENSITIVITY,100.0,0.038068937032807185,0.0,91.1174157642028
a050_i050,C1056_ST,EQUALIZED_ORDER_SENSITIVITY,104.0,0.02973629563750127,0.0,73.32896211852072
a050_i050,C1056_ST,EQUALIZED_ORDER_SENSITIVITY,108.0,0.021678145743481182,0.0,54.768843204381476
a050_i050,C1056_ST,EQUALIZED_ORDER_SENSITIVITY,112.0,0.009321326818762994,0.0,38.06125563425378
a050_i050,C1056_ST,EQUALIZED_ORDER_SENSITIVITY,116.0,0.006396843118660532,0.0,17.850188267813998
a050_i050,C1056_ST,EQUALIZED_ORDER_SENSITIVITY,120.0,0.004616503755303508,0.0,4.672440109110422
a050_i050,C1056_ST,EQUALIZED_ORDER_SENSITIVITY,124.0,0.0004956724161372941,0.0,1.7854540020722063
a050_i050,C1056_ST,EQUALIZED_ORDER_SENSITIVITY,128.0,1.9911722395559224e-06,0.0,0.019716105291936428
a050_i050,C1056_ST,EQUALIZED_ORDER_SENSITIVITY,132.0,2.3401027699618853e-10,0.0,2.3401000576850023e-06
a050_i050,C1056_ST,EQUALIZED_ORDER_SENSITIVITY,136.0,7.870988246434318e-16,0.0,7.870988247078798e-12
a050_i050,C1056_ST,EQUALIZED_ORDER_SENSITIVITY,140.0,7.563637150806606e-23,0.0,7.563637150811701e-19
a050_i050,C1056_ST,EQUALIZED_ORDER_SENSITIVITY,144.0,2.0762473859558767e-31,0.0,2.0762473859558913e-27
a050_i050,C1056_ST,EQUALIZED_ORDER_SENSITIVITY,148.0,1.6280575747720714e-41,0.0,1.6280575747720743e-37
a050_i050,C1056_ST,EQUALIZED_ORDER_SENSITIVITY,152.0,3.6467189512893175e-53,0.0,3.646718951289327e-49
a050_i050,C1056_ST,EQUALIZED_ORDER_SENSITIVITY,156.0,2.3333327320774643e-66,0.0,2.333332732077469e-62
a050_i050,C1056_ST,EQUALIZED_ORDER_SENSITIVITY,160.0,4.264743295198167e-81,0.0,4.264743295198173e-77
a050_i050,C1056_ST,EQUALIZED_ORDER_SENSITIVITY,164.0,2.2266448827461151e-97,0.0,2.226644882746118e-93
a050_i050,C1056_ST,EQUALIZED_ORDER_SENSITIVITY,168.0,3.3208622772570807e-115,0.0,3.320862277257083e-111
a050_i050,C1056_ST,EQUALIZED_ORDER_SENSITIVITY,172.0,1.414792057332804e-134,0.0,1.4147920573328049e-130
a050_i050,C1056_ST,EQUALIZED_ORDER_SENSITIVITY,176.0,1.7217742293479876e-155,0.0,1.721774229347989e-151
a050_i050,C1056_ST,EQUALIZED_ORDER_SENSITIVITY,180.0,5.985516544468753e-178,0.0,5.985516544468758e-174
a050_i050,C1056_ST,EQUALIZED_ORDER_SENSITIVITY,184.0,5.943864631462712e-202,0.0,5.9438646314627146e-198
a050_i050,C1056_ST,EQUALIZED_ORDER_SENSITIVITY,188.0,1.68607941654101e-227,0.0,1.686079416541011e-223
a050_i050,C1056_ST,EQUALIZED_ORDER_SENSITIVITY,192.0,1.3662462574853906e-254,0.0,1.3662462574853916e-250
a050_i050,C1056_ST,EQUALIZED_ORDER_SENSITIVITY,196.0,3.1624362980044763e-283,0.0,3.162436298004477e-279
a050_i050,C1056_ST,EQUALIZED_ORDER_SENSITIVITY,200.0,2.09101153734e-313,0.0,2.091011537492174e-309
a050_i050,C1056_ST,EQUALIZED_ORDER_SENSITIVITY,204.0,0.0,0.0,0.0
a050_i050,C1056_ST,EQUALIZED_ORDER_SENSITIVITY,208.0,0.0,0.0,0.0
a050_i050,C1056_ST,EQUALIZED_ORDER_SENSITIVITY,212.0,0.0,0.0,0.0
a050_i050,C1056_ST,EQUALIZED_ORDER_SENSITIVITY,216.0,0.0,0.0,0.0
a050_i050,C1056_ST,EQUALIZED_ORDER_SENSITIVITY,220.0,0.0,0.0,0.0
a050_i050,C1056_ST,EQUALIZED_ORDER_SENSITIVITY,224.0,0.0,0.0,0.0
a050_i050,C1056_ST,EQUALIZED_ORDER_SENSITIVITY,228.0,0.0,0.0,0.0
a050_i050,C1056_ST,EQUALIZED_ORDER_SENSITIVITY,232.0,0.0,0.0,0.0
a050_i050,C1056_ST,EQUALIZED_ORDER_SENSITIVITY,236.0,0.0,0.0,0.0
a050_i050,C1056_ST,EQUALIZED_ORDER_SENSITIVITY,240.0,0.0,0.0,0.0
a050_i050,C1056_ST,EQUALIZED_ORDER_SENSITIVITY,244.0,0.0,0.0,0.0
a050_i050,C1056_ST,EQUALIZED_ORDER_SENSITIVITY,248.0,0.0,0.0,0.0
a050_i050,C1056_ST,EQUALIZED_ORDER_SENSITIVITY,252.0,0.0,0.0,0.0
a050_i050,C1056_ST,PAIRING_DESTROYED,0.0,1.3265356914124786,1.1417825268762445e-07,304.64358222893713
a050_i050,C1056_ST,PAIRING_DESTROYED,4.0,1.3456673653631763,1.2550994588165243e-06,310.2217327507505
a050_i050,C1056_ST,PAIRING_DESTROYED,8.0,1.3539517031676125,3.4153430525905925e-06,314.3239678952206
a050_i050,C1056_ST,PAIRING_DESTROYED,12.0,1.37572006499419,3.7281168472161515e-06,315.95730170372656
a050_i050,C1056_ST,PAIRING_DESTROYED,16.0,1.06380191621507,3.978927221966375e-06,315.60430654614623
a050_i050,C1056_ST,PAIRING_DESTROYED,20.0,0.9533856741400549,4.470784377567643e-06,316.29101044393605
a050_i050,C1056_ST,PAIRING_DESTROYED,24.0,1.4429577277334253,6.008800764488283e-06,319.92065718713667
a050_i050,C1056_ST,PAIRING_DESTROYED,28.0,1.466282289953456,9.274240776679146e-06,334.0927125065741
a050_i050,C1056_ST,PAIRING_DESTROYED,32.0,1.9438062407321937,1.061701385954199e-05,348.7599349725187
a050_i050,C1056_ST,PAIRING_DESTROYED,36.0,3.4780784385013908,1.2965198150981346e-05,352.58224981921126
a050_i050,C1056_ST,PAIRING_DESTROYED,40.0,3.566023068579719,1.4050182469751278e-05,345.8931671867208
a050_i050,C1056_ST,PAIRING_DESTROYED,44.0,2.6074497955456977,1.3101586558005653e-05,332.9280096525668
a050_i050,C1056_ST,PAIRING_DESTROYED,48.0,2.3455807568989844,1.063331473333988e-05,311.98336165210117
a050_i050,C1056_ST,PAIRING_DESTROYED,52.0,2.2899441990347,8.427761586091626e-06,282.8542621217671
a050_i050,C1056_ST,PAIRING_DESTROYED,56.0,1.381327194846401,6.269807852407544e-06,239.1924502898102
a050_i050,C1056_ST,PAIRING_DESTROYED,60.0,0.11828543462528324,1.455500200412301e-06,166.06027378815523
a050_i050,C1056_ST,PAIRING_DESTROYED,64.0,0.03351278950851055,2.7203297216400333e-07,123.02370226870963
a050_i050,C1056_ST,PAIRING_DESTROYED,68.0,0.02860545083545525,2.120098354476871e-07,111.00077812257747
a050_i050,C1056_ST,PAIRING_DESTROYED,72.0,0.026149183945713535,1.3439710699626593e-07,104.47530902119831
a050_i050,C1056_ST,PAIRING_DESTROYED,76.0,0.02275630804968644,4.2174934637369434e-08,94.50183799826291
a050_i050,C1056_ST,PAIRING_DESTROYED,80.0,0.020324658399117332,1.0587931059317055e-08,84.6048347070993
a050_i050,C1056_ST,PAIRING_DESTROYED,84.0,0.015176930722875908,1.6925765623290684e-09,72.84073828111993
a050_i050,C1056_ST,PAIRING_DESTROYED,88.0,0.012089402186298585,7.024376996179914e-11,56.86674065647108
a050_i050,C1056_ST,PAIRING_DESTROYED,92.0,0.010982070060026508,3.940387767952773e-12,40.836587287103185
a050_i050,C1056_ST,PAIRING_DESTROYED,96.0,0.004892007137550809,4.836204010483253e-13,24.18924904533369
a050_i050,C1056_ST,PAIRING_DESTROYED,100.0,0.000347118212484481,9.6066209281844e-15,8.133094309711849
a050_i050,C1056_ST,PAIRING_DESTROYED,104.0,0.0002454144519826564,4.8847511533117223e-17,3.6842506894551468
a050_i050,C1056_ST,PAIRING_DESTROYED,108.0,0.0001526098729045704,7.529253223135986e-21,2.089278088451975
a050_i050,C1056_ST,PAIRING_DESTROYED,112.0,3.892679510215431e-05,2.4609699616770384e-26,0.9297286076119539
a050_i050,C1056_ST,PAIRING_DESTROYED,116.0,9.621387104796466e-06,0.0,0.2499973630776023
a050_i050,C1056_ST,PAIRING_DESTROYED,120.0,6.904608290417613e-06,0.0,0.06886076460954883
a050_i050,C1056_ST,PAIRING_DESTROYED,124.0,7.415781740673606e-07,0.0,0.007389638978742949
a050_i050,C1056_ST,PAIRING_DESTROYED,128.0,2.9790122006721524e-09,0.0,2.9789706855993784e-05
a050_i050,C1056_ST,PAIRING_DESTROYED,132.0,3.501050652334914e-13,0.0,3.5010506693239642e-09
a050_i050,C1056_ST,PAIRING_DESTROYED,136.0,1.1775862536304519e-18,0.0,1.1775862536884795e-14
a050_i050,C1056_ST,PAIRING_DESTROYED,140.0,1.1316031554597509e-25,0.0,1.131603155460183e-21
a050_i050,C1056_ST,PAIRING_DESTROYED,144.0,3.1062940310564797e-34,0.0,3.1062940310564945e-30
a050_i050,C1056_ST,PAIRING_DESTROYED,148.0,2.435752868824199e-44,0.0,2.4357528688242043e-40
a050_i050,C1056_ST,PAIRING_DESTROYED,152.0,5.45589190765694e-56,0.0,5.455891907656954e-52
a050_i050,C1056_ST,PAIRING_DESTROYED,156.0,3.4909219330739993e-69,0.0,3.4909219330740065e-65
a050_i050,C1056_ST,PAIRING_DESTROYED,160.0,6.380524176199363e-84,0.0,6.380524176199374e-80
a050_i050,C1056_ST,PAIRING_DESTROYED,164.0,3.3313051977052293e-100,0.0,3.3313051977052367e-96
a050_i050,C1056_ST,PAIRING_DESTROYED,168.0,4.968374548996789e-118,0.0,4.968374548996798e-114
a050_i050,C1056_ST,PAIRING_DESTROYED,172.0,2.1166842412932e-137,0.0,2.116684241293204e-133
a050_i050,C1056_ST,PAIRING_DESTROYED,176.0,2.575963272790935e-158,0.0,2.5759632727909405e-154
a050_i050,C1056_ST,PAIRING_DESTROYED,180.0,8.954989872901491e-181,0.0,8.954989872901509e-177
a050_i050,C1056_ST,PAIRING_DESTROYED,184.0,8.892674038272194e-205,0.0,8.892674038272212e-201
a050_i050,C1056_ST,PAIRING_DESTROYED,188.0,2.522559914062106e-230,0.0,2.522559914062111e-226
a050_i050,C1056_ST,PAIRING_DESTROYED,192.0,2.0440543951010227e-257,0.0,2.0440543951010265e-253
a050_i050,C1056_ST,PAIRING_DESTROYED,196.0,4.731351891174112e-286,0.0,4.731351891174118e-282
a050_i050,C1056_ST,PAIRING_DESTROYED,200.0,3.12838286e-316,0.0,3.128384292435e-312
a050_i050,C1056_ST,PAIRING_DESTROYED,204.0,0.0,0.0,0.0
a050_i050,C1056_ST,PAIRING_DESTROYED,208.0,0.0,0.0,0.0
a050_i050,C1056_ST,PAIRING_DESTROYED,212.0,0.0,0.0,0.0
a050_i050,C1056_ST,PAIRING_DESTROYED,216.0,0.0,0.0,0.0
a050_i050,C1056_ST,PAIRING_DESTROYED,220.0,0.0,0.0,0.0
a050_i050,C1056_ST,PAIRING_DESTROYED,224.0,0.0,0.0,0.0
a050_i050,C1056_ST,PAIRING_DESTROYED,228.0,0.0,0.0,0.0
a050_i050,C1056_ST,PAIRING_DESTROYED,232.0,0.0,0.0,0.0
a050_i050,C1056_ST,PAIRING_DESTROYED,236.0,0.0,0.0,0.0
a050_i050,C1056_ST,PAIRING_DESTROYED,240.0,0.0,0.0,0.0
a050_i050,C1056_ST,PAIRING_DESTROYED,244.0,0.0,0.0,0.0
a050_i050,C1056_ST,PAIRING_DESTROYED,248.0,0.0,0.0,0.0
a050_i050,C1056_ST,PAIRING_DESTROYED,252.0,0.0,0.0,0.0
a098_i075,C224,DIRECT_PHYSICAL,0.0,2.2139292372312434e-18,0.0,2.310097125026013e-14
a098_i075,C224,DIRECT_PHYSICAL,4.0,2.10893087141207e-12,0.0,2.2047931881053643e-08
a098_i075,C224,DIRECT_PHYSICAL,8.0,6.020411969617873e-08,0.0,0.0006331589861092248
a098_i075,C224,DIRECT_PHYSICAL,12.0,5.8079160896825266e-05,0.0,0.49870326153689665
a098_i075,C224,DIRECT_PHYSICAL,16.0,0.0027821621033603423,0.0,4.9231692626135
a098_i075,C224,DIRECT_PHYSICAL,20.0,0.015935606482087757,3.5416184233554385e-20,10.06891519011528
a098_i075,C224,DIRECT_PHYSICAL,24.0,0.034194883656563896,6.170713544779173e-20,14.706253547137852
a098_i075,C224,DIRECT_PHYSICAL,28.0,0.05140937565847452,0.0,18.503115661114357
a098_i075,C224,DIRECT_PHYSICAL,32.0,0.06614177456095299,1.2742070536216725e-18,22.06493449845582
a098_i075,C224,DIRECT_PHYSICAL,36.0,0.08012513296187358,1.975915144141987e-17,25.687294540370697
a098_i075,C224,DIRECT_PHYSICAL,40.0,0.09043513831187744,2.654805964989719e-16,29.164668437324544
a098_i075,C224,DIRECT_PHYSICAL,44.0,0.09507686746491203,2.1939061433043203e-15,32.06343984763517
a098_i075,C224,DIRECT_PHYSICAL,48.0,0.10040694525342919,2.025140278899112e-14,34.97112460079265
a098_i075,C224,DIRECT_PHYSICAL,52.0,0.1185175666767922,1.7505847087695758e-13,38.35491712207855
a098_i075,C224,DIRECT_PHYSICAL,56.0,0.14085613449385004,2.2714830354807306e-12,42.13252972972994
a098_i075,C224,DIRECT_PHYSICAL,60.0,0.16600805770010257,3.798377339755253e-11,48.25344019309993
a098_i075,C224,DIRECT_PHYSICAL,64.0,0.23067868576515582,9.339851832790656e-10,57.19262160467282
a098_i075,C224,DIRECT_PHYSICAL,68.0,0.3533071720915829,3.0202205505196606e-08,68.07157910667527
a098_i075,C224,DIRECT_PHYSICAL,72.0,0.47398438886057337,3.2682108045864733e-07,82.59031011140067
a098_i075,C224,DIRECT_PHYSICAL,76.0,0.695689287565223,1.384214617039315e-06,96.01243560165813
a098_i075,C224,DIRECT_PHYSICAL,80.0,0.7853490500642627,7.008970279570646e-07,102.86097269476403
a098_i075,C224,DIRECT_PHYSICAL,84.0,0.832628220467136,4.0343485325961426e-07,103.74705200367298
a098_i075,C224,DIRECT_PHYSICAL,88.0,0.8542984620334465,1.0919205433413594e-07,100.1807182503735
a098_i075,C224,DIRECT_PHYSICAL,92.0,0.852559824520126,2.1752290556101504e-08,93.3658557785752
a098_i075,C224,DIRECT_PHYSICAL,96.0,0.7687988665128118,3.4423878138997303e-09,84.5542305449952
a098_i075,C224,DIRECT_PHYSICAL,100.0,0.42392065125468015,5.211542743910084e-10,72.2063563763331
a098_i075,C224,DIRECT_PHYSICAL,104.0,0.2532218068802261,1.0324306382215911e-10,55.34038209602831
a098_i075,C224,DIRECT_PHYSICAL,108.0,0.19395322046805047,1.9885121743989413e-11,39.93280814444546
a098_i075,C224,DIRECT_PHYSICAL,112.0,0.16321973985828653,1.2726140850776209e-12,34.070428635126014
a098_i075,C224,DIRECT_PHYSICAL,116.0,0.14182491850659107,2.717721219168965e-14,30.18880380841644
a098_i075,C224,DIRECT_PHYSICAL,120.0,0.11960401750008087,9.8439181128788e-16,26.134217043398923
a098_i075,C224,DIRECT_PHYSICAL,124.0,0.09400731689159486,8.289776175374954e-18,22.21474262426535
a098_i075,C224,DIRECT_PHYSICAL,128.0,0.06984989120610859,1.7889115397503989e-19,18.613363820258865
a098_i075,C224,DIRECT_PHYSICAL,132.0,0.04490916047474434,0.0,14.792833626861999
a098_i075,C224,DIRECT_PHYSICAL,136.0,0.019922342145603844,0.0,9.993661635358631
a098_i075,C224,DIRECT_PHYSICAL,140.0,0.003476072704208506,0.0,4.723237183648942
a098_i075,C224,DIRECT_PHYSICAL,144.0,6.12855664858046e-05,0.0,0.5002304031346436
a098_i075,C224,DIRECT_PHYSICAL,148.0,4.757762173693815e-08,0.0,0.0004888452481149036
a098_i075,C224,DIRECT_PHYSICAL,152.0,1.31059846825251e-12,0.0,1.3386766007355077e-08
a098_i075,C224,DIRECT_PHYSICAL,156.0,1.1700524062329442e-18,0.0,1.1896596046205219e-14
a098_i075,C224,DIRECT_PHYSICAL,160.0,3.2187013982933216e-26,0.0,3.261379648177765e-22
a098_i075,C224,DIRECT_PHYSICAL,164.0,2.651848567967735e-35,0.0,2.6799301500647045e-31
a098_i075,C224,DIRECT_PHYSICAL,168.0,6.436336428199419e-46,0.0,6.491077447547414e-42
a098_i075,C224,DIRECT_PHYSICAL,172.0,4.555933124836621e-58,0.0,4.5871304665920663e-54
a098_i075,C224,DIRECT_PHYSICAL,176.0,9.345077746914677e-72,0.0,9.396615585469414e-68
a098_i075,C224,DIRECT_PHYSICAL,180.0,5.531337268209611e-87,0.0,5.555883993431393e-83
a098_i075,C224,DIRECT_PHYSICAL,184.0,9.420871243780975e-104,0.0,9.454464054871666e-100
a098_i075,C224,DIRECT_PHYSICAL,188.0,4.6080925336976297e-122,0.0,4.62127378757154e-118
a098_i075,C224,DIRECT_PHYSICAL,192.0,6.464388439505353e-142,0.0,6.479197803816409e-138
a098_i075,C224,DIRECT_PHYSICAL,196.0,2.5982744359907405e-163,0.0,2.6030344641810737e-159
a098_i075,C224,DIRECT_PHYSICAL,200.0,2.990088300051996e-186,0.0,2.9944628587800763e-182
a098_i075,C224,DIRECT_PHYSICAL,204.0,9.846788847222598e-211,0.0,9.85827975693744e-207
a098_i075,C224,DIRECT_PHYSICAL,208.0,9.275643362808924e-237,0.0,9.284268560322357e-233
a098_i075,C224,DIRECT_PHYSICAL,212.0,2.4986232356411692e-264,0.0,2.5004729860405037e-260
a098_i075,C224,DIRECT_PHYSICAL,216.0,1.924260276549654e-293,0.0,1.9253935771935227e-289
a098_i075,C224,DIRECT_PHYSICAL,220.0,0.0,0.0,0.0
a098_i075,C224,DIRECT_PHYSICAL,224.0,0.0,0.0,0.0
a098_i075,C224,DIRECT_PHYSICAL,228.0,0.0,0.0,0.0
a098_i075,C224,DIRECT_PHYSICAL,232.0,0.0,0.0,0.0
a098_i075,C224,DIRECT_PHYSICAL,236.0,0.0,0.0,0.0
a098_i075,C224,DIRECT_PHYSICAL,240.0,0.0,0.0,0.0
a098_i075,C224,DIRECT_PHYSICAL,244.0,0.0,0.0,0.0
a098_i075,C224,DIRECT_PHYSICAL,248.0,0.0,0.0,0.0
a098_i075,C224,DIRECT_PHYSICAL,252.0,0.0,0.0,0.0
a098_i075,C224,RESOLVED_PHYSICAL,0.0,2.2139292372312434e-18,0.0,2.310097125026013e-14
a098_i075,C224,RESOLVED_PHYSICAL,4.0,2.10893087141207e-12,0.0,2.2047931881053643e-08
a098_i075,C224,RESOLVED_PHYSICAL,8.0,6.020411969617873e-08,0.0,0.0006331589861092248
a098_i075,C224,RESOLVED_PHYSICAL,12.0,5.8079160896825266e-05,0.0,0.49870326153689665
a098_i075,C224,RESOLVED_PHYSICAL,16.0,0.0027821621033603423,0.0,4.9231692626135
a098_i075,C224,RESOLVED_PHYSICAL,20.0,0.015935606482087757,3.5416184233554385e-20,10.06891519011528
a098_i075,C224,RESOLVED_PHYSICAL,24.0,0.034194883656563896,6.170713544779173e-20,14.706253547137852
a098_i075,C224,RESOLVED_PHYSICAL,28.0,0.05140937565847452,0.0,18.503115661114357
a098_i075,C224,RESOLVED_PHYSICAL,32.0,0.06614177456095299,1.2742070536216725e-18,22.06493449845582
a098_i075,C224,RESOLVED_PHYSICAL,36.0,0.08012513296187358,1.975915144141987e-17,25.687294540370697
a098_i075,C224,RESOLVED_PHYSICAL,40.0,0.09043513831187744,2.654805964989719e-16,29.164668437324544
a098_i075,C224,RESOLVED_PHYSICAL,44.0,0.09507686746491203,2.1939061433043203e-15,32.06343984763517
a098_i075,C224,RESOLVED_PHYSICAL,48.0,0.10040694525342919,2.025140278899112e-14,34.97112460079265
a098_i075,C224,RESOLVED_PHYSICAL,52.0,0.1185175666767922,1.7505847087695758e-13,38.35491712207855
a098_i075,C224,RESOLVED_PHYSICAL,56.0,0.14085613449385004,2.2714830354807306e-12,42.13252972972994
a098_i075,C224,RESOLVED_PHYSICAL,60.0,0.16600805770010257,3.798377339755253e-11,48.25344019309993
a098_i075,C224,RESOLVED_PHYSICAL,64.0,0.23067868576515582,9.339851834902479e-10,57.19262160467289
a098_i075,C224,RESOLVED_PHYSICAL,68.0,0.35330717209160145,3.020220632130248e-08,68.07157916947284
a098_i075,C224,RESOLVED_PHYSICAL,72.0,0.4739843895668379,3.2684068066287264e-07,82.59086016696821
a098_i075,C224,RESOLVED_PHYSICAL,76.0,0.6956913948831054,1.407815436538556e-06,96.1805425490206
a098_i075,C224,RESOLVED_PHYSICAL,80.0,0.7853793493165355,1.2835521035675443e-06,105.72091236944212
a098_i075,C224,RESOLVED_PHYSICAL,84.0,0.8335134086977692,6.045071443073793e-07,112.19036275499116
a098_i075,C224,RESOLVED_PHYSICAL,88.0,0.860321863371135,2.6885637540114736e-07,113.80051740491665
a098_i075,C224,RESOLVED_PHYSICAL,92.0,0.8753671679276905,8.931413899185973e-08,112.3919754418134
a098_i075,C224,RESOLVED_PHYSICAL,96.0,0.7973801825322637,4.9449355140152545e-08,109.29413630107024
a098_i075,C224,RESOLVED_PHYSICAL,100.0,0.45785487875287645,6.762827948789849e-08,105.436109129681
a098_i075,C224,RESOLVED_PHYSICAL,104.0,0.28226378183872036,8.421871268233083e-08,99.13940494084515
a098_i075,C224,RESOLVED_PHYSICAL,108.0,0.21816705636748068,1.3426622623717771e-07,91.89618050840068
a098_i075,C224,RESOLVED_PHYSICAL,112.0,0.18154170173018724,1.247646050236999e-07,83.29375002174774
a098_i075,C224,RESOLVED_PHYSICAL,116.0,0.15591163574837308,1.8743664494958745e-07,73.57762837305569
a098_i075,C224,RESOLVED_PHYSICAL,120.0,0.13123736653941848,3.958821329839717e-07,64.15218857759032
a098_i075,C224,RESOLVED_PHYSICAL,124.0,0.10411061333370943,5.4828168318959e-07,54.84354114873584
a098_i075,C224,RESOLVED_PHYSICAL,128.0,0.07843783436254184,5.216045465597083e-07,47.64236223998919
a098_i075,C224,RESOLVED_PHYSICAL,132.0,0.05179006135396451,5.016033809885227e-07,42.14374595527015
a098_i075,C224,RESOLVED_PHYSICAL,136.0,0.02525196665547949,5.187010337521848e-07,35.65499878324244
a098_i075,C224,RESOLVED_PHYSICAL,140.0,0.007182963976986027,4.831842579421049e-07,28.931316501542838
a098_i075,C224,RESOLVED_PHYSICAL,144.0,0.0026000656707161115,3.261043982859957e-07,21.744096738496637
a098_i075,C224,RESOLVED_PHYSICAL,148.0,0.0022337576317078963,1.1241930088681398e-07,13.8945816197269
a098_i075,C224,RESOLVED_PHYSICAL,152.0,0.0008253573726221877,1.3871061844110474e-08,5.868281291684057
a098_i075,C224,RESOLVED_PHYSICAL,156.0,7.156172364617948e-05,3.6018598119977223e-11,1.2148476323796236
a098_i075,C224,RESOLVED_PHYSICAL,160.0,4.1937799239103815e-05,9.59135590172724e-13,0.5988731233855399
a098_i075,C224,RESOLVED_PHYSICAL,164.0,6.146280149398847e-06,1.7705183547407718e-15,0.17976360285082138
a098_i075,C224,RESOLVED_PHYSICAL,168.0,2.979465609017574e-06,2.2204952393442343e-18,0.07758183216739686
a098_i075,C224,RESOLVED_PHYSICAL,172.0,2.5713180106474374e-06,1.5967232072194336e-22,0.045471436651986524
a098_i075,C224,RESOLVED_PHYSICAL,176.0,2.0983765214089847e-06,0.0,0.02957008459252758
a098_i075,C224,RESOLVED_PHYSICAL,180.0,8.418856263975905e-07,0.0,0.0094231460999942
a098_i075,C224,RESOLVED_PHYSICAL,184.0,5.73186095458806e-08,0.0,0.0005770673402785089
a098_i075,C224,RESOLVED_PHYSICAL,188.0,1.49968243367622e-10,0.0,1.5001297470977403e-06
a098_i075,C224,RESOLVED_PHYSICAL,192.0,1.1465276228634072e-14,0.0,1.1465423719197105e-10
a098_i075,C224,RESOLVED_PHYSICAL,196.0,2.5079396157003395e-20,0.0,2.5079416007077366e-16
a098_i075,C224,RESOLVED_PHYSICAL,200.0,1.5672696638119618e-27,0.0,1.5672699241509348e-23
a098_i075,C224,RESOLVED_PHYSICAL,204.0,2.7977969589095783e-36,0.0,2.797797169398087e-32
a098_i075,C224,RESOLVED_PHYSICAL,208.0,1.42669391541831e-46,0.0,1.4266939698428679e-42
a098_i075,C224,RESOLVED_PHYSICAL,212.0,2.0781997602578147e-58,0.0,2.0781998008517195e-54
a098_i075,C224,RESOLVED_PHYSICAL,216.0,8.647401338949031e-72,0.0,8.64740142550849e-68
a098_i075,C224,RESOLVED_PHYSICAL,220.0,1.0278406351449062e-86,0.0,1.027840640417667e-82
a098_i075,C224,RESOLVED_PHYSICAL,224.0,3.4898582961346013e-103,0.0,3.4898583053095936e-99
a098_i075,C224,RESOLVED_PHYSICAL,228.0,3.3847893423173115e-121,0.0,3.384789346877842e-117
a098_i075,C224,RESOLVED_PHYSICAL,232.0,9.377721671294355e-141,0.0,9.37772167776976e-137
a098_i075,C224,RESOLVED_PHYSICAL,236.0,7.421725285158294e-162,0.0,7.42172528778469e-158
a098_i075,C224,RESOLVED_PHYSICAL,240.0,1.6778543304137988e-184,0.0,1.6778543307180943e-180
a098_i075,C224,RESOLVED_PHYSICAL,244.0,1.0835413100453863e-208,0.0,1.0835413101460965e-204
a098_i075,C224,RESOLVED_PHYSICAL,248.0,1.9988423202503256e-234,0.0,1.9988423203455376e-230
a098_i075,C224,RESOLVED_PHYSICAL,252.0,1.0533032894736853e-261,0.0,1.0533032894993984e-257
a098_i075,C224,DELAY_ONLY,0.0,2.2139292372312434e-18,0.0,2.310097125026013e-14
a098_i075,C224,DELAY_ONLY,4.0,2.10893087141207e-12,0.0,2.2047931881053643e-08
a098_i075,C224,DELAY_ONLY,8.0,6.020411969617873e-08,0.0,0.0006331589861092248
a098_i075,C224,DELAY_ONLY,12.0,5.8079160896825266e-05,0.0,0.49870326153689665
a098_i075,C224,DELAY_ONLY,16.0,0.0027821621033603423,0.0,4.9231692626135
a098_i075,C224,DELAY_ONLY,20.0,0.015935606482087757,3.5416184233554385e-20,10.06891519011528
a098_i075,C224,DELAY_ONLY,24.0,0.034194883656563896,6.170713544779173e-20,14.706253547137852
a098_i075,C224,DELAY_ONLY,28.0,0.05140937565847452,0.0,18.503115661114357
a098_i075,C224,DELAY_ONLY,32.0,0.06614177456095299,1.2742070536216725e-18,22.06493449845582
a098_i075,C224,DELAY_ONLY,36.0,0.08012513296187358,1.975915144141987e-17,25.687294540370697
a098_i075,C224,DELAY_ONLY,40.0,0.09043513831187744,2.654805964989719e-16,29.164668437324544
a098_i075,C224,DELAY_ONLY,44.0,0.09507686746491203,2.1939061433043203e-15,32.06343984763517
a098_i075,C224,DELAY_ONLY,48.0,0.10040694525342919,2.025140278899112e-14,34.97112460079265
a098_i075,C224,DELAY_ONLY,52.0,0.1185175666767922,1.7505847087695758e-13,38.35491712207855
a098_i075,C224,DELAY_ONLY,56.0,0.14085613449385004,2.2714830354807306e-12,42.13252972972994
a098_i075,C224,DELAY_ONLY,60.0,0.16600805770010257,3.798377339755253e-11,48.25344019309993
a098_i075,C224,DELAY_ONLY,64.0,0.23067868576515582,9.339851832790656e-10,57.19262160467282
a098_i075,C224,DELAY_ONLY,68.0,0.35330717209166296,3.0202216264678523e-08,68.07157910966384
a098_i075,C224,DELAY_ONLY,72.0,0.47398439265513365,3.274050450868067e-07,82.59035467966389
a098_i075,C224,DELAY_ONLY,76.0,0.6956979162679475,1.797953943299501e-06,96.04980633127036
a098_i075,C224,DELAY_ONLY,80.0,0.7858941391986489,9.374016790510482e-06,104.83141766145567
a098_i075,C224,DELAY_ONLY,84.0,0.8353190557933218,1.2397959124467346e-05,111.62342558437948
a098_i075,C224,DELAY_ONLY,88.0,0.8595210168228581,1.4363144987844589e-05,112.69141352302634
a098_i075,C224,DELAY_ONLY,92.0,0.8608588029934375,1.52341907348625e-05,111.07466958437327
a098_i075,C224,DELAY_ONLY,96.0,0.7818083537493705,1.5813775540586035e-05,108.42630203042218
a098_i075,C224,DELAY_ONLY,100.0,0.4384492397908931,1.6683791316022466e-05,103.52713006256035
a098_i075,C224,DELAY_ONLY,104.0,0.2652406027824109,1.6423137078056722e-05,96.00183797658356
a098_i075,C224,DELAY_ONLY,108.0,0.2035707140291217,1.5182995192209228e-05,89.19335974404203
a098_i075,C224,DELAY_ONLY,112.0,0.17063000250930394,1.2014016459634271e-05,85.65421474491896
a098_i075,C224,DELAY_ONLY,116.0,0.14749750651482835,1.1520546861549998e-05,83.63664452680895
a098_i075,C224,DELAY_ONLY,120.0,0.12413698741468909,1.0724222671648902e-05,80.772388103634
a098_i075,C224,DELAY_ONLY,124.0,0.0977312487132701,9.318013092675601e-06,77.24370544579341
a098_i075,C224,DELAY_ONLY,128.0,0.07277732123038887,6.3606753894499205e-06,71.04791419972813
a098_i075,C224,DELAY_ONLY,132.0,0.04701610062158493,3.9493891229378315e-06,63.82614331573213
a098_i075,C224,DELAY_ONLY,136.0,0.021407150856785767,2.233397616633074e-06,53.61275540304366
a098_i075,C224,DELAY_ONLY,140.0,0.009458726119415253,1.0040899534321703e-06,41.772582046865956
a098_i075,C224,DELAY_ONLY,144.0,0.009078965376983215,2.440288410278074e-07,29.406177832094613
a098_i075,C224,DELAY_ONLY,148.0,0.005040073487967728,5.79044583150342e-08,17.1339798997793
a098_i075,C224,DELAY_ONLY,152.0,0.0030874601288348336,5.950152520769255e-09,6.997113843697727
a098_i075,C224,DELAY_ONLY,156.0,0.0029021437097805744,4.502976740868717e-10,5.259018911534492
a098_i075,C224,DELAY_ONLY,160.0,0.00106762161963957,6.937722822536368e-11,3.786604276839143
a098_i075,C224,DELAY_ONLY,164.0,2.457226948039911e-05,4.616302755541456e-12,0.5412154466269486
a098_i075,C224,DELAY_ONLY,168.0,3.824666512204482e-06,3.7170520004527906e-14,0.11244681324519495
a098_i075,C224,DELAY_ONLY,172.0,2.949410678031564e-06,9.30931550874128e-18,0.07673275251101623
a098_i075,C224,DELAY_ONLY,176.0,2.127776782689224e-06,0.0,0.054399170241503585
a098_i075,C224,DELAY_ONLY,180.0,1.0119845685468971e-06,0.0,0.01414501859302392
a098_i075,C224,DELAY_ONLY,184.0,7.589488306875715e-08,0.0,0.0007744806910107626
a098_i075,C224,DELAY_ONLY,188.0,1.99616577211214e-10,0.0,1.997959054594576e-06
a098_i075,C224,DELAY_ONLY,192.0,1.5264525763849343e-14,0.0,1.5265109854384187e-10
a098_i075,C224,DELAY_ONLY,196.0,3.339029926532584e-20,0.0,3.339035393336437e-16
a098_i075,C224,DELAY_ONLY,200.0,2.08663821796403e-27,0.0,2.086638374060438e-23
a098_i075,C224,DELAY_ONLY,204.0,3.724943007250819e-36,0.0,3.724943028858047e-32
a098_i075,C224,DELAY_ONLY,208.0,1.8994779129128577e-46,0.0,1.8994779159250333e-42
a098_i075,C224,DELAY_ONLY,212.0,2.7668825812710243e-58,0.0,2.766882583355879e-54
a098_i075,C224,DELAY_ONLY,216.0,1.1513014579052287e-71,0.0,1.1513014583469067e-67
a098_i075,C224,DELAY_ONLY,220.0,1.3684509083746612e-86,0.0,1.3684509086435623e-82
a098_i075,C224,DELAY_ONLY,224.0,4.646342625645143e-103,0.0,4.64634262611303e-99
a098_i075,C224,DELAY_ONLY,228.0,4.506455467678173e-121,0.0,4.5064554679107405e-117
a098_i075,C224,DELAY_ONLY,232.0,1.2485351620445412e-140,0.0,1.2485351620775632e-136
a098_i075,C224,DELAY_ONLY,236.0,9.881168695718091e-162,0.0,9.88116869585203e-158
a098_i075,C224,DELAY_ONLY,240.0,2.233868952117408e-184,0.0,2.2338689521329263e-180
a098_i075,C224,DELAY_ONLY,244.0,1.4426099137283585e-208,0.0,1.4426099137334947e-204
a098_i075,C224,DELAY_ONLY,248.0,2.661227329719556e-234,0.0,2.661227329724412e-230
a098_i075,C224,DELAY_ONLY,252.0,1.4023514871747514e-261,0.0,1.4023514871760631e-257
a098_i075,C224,SPATIAL_ONLY,0.0,2.2143621417510204e-18,2.3815231678412004e-26,2.8114697208884303e-14
a098_i075,C224,SPATIAL_ONLY,4.0,2.109342537982654e-12,9.263941460882591e-20,2.68795197456896e-08
a098_i075,C224,SPATIAL_ONLY,8.0,6.021574645407268e-08,1.6378135291077062e-14,0.0007778391803495916
a098_i075,C224,SPATIAL_ONLY,12.0,5.8090177167337205e-05,1.1156509552708095e-10,0.6690145312864482
a098_i075,C224,SPATIAL_ONLY,16.0,0.0027827310357717606,2.7756314253917305e-08,11.892312802200799
a098_i075,C224,SPATIAL_ONLY,20.0,0.015939593302878703,3.828375733335805e-07,30.136091295757602
a098_i075,C224,SPATIAL_ONLY,24.0,0.03420461374712419,9.643090004950336e-07,42.521288989385596
a098_i075,C224,SPATIAL_ONLY,28.0,0.05142572970153829,2.145273544782038e-06,52.3436900376005
a098_i075,C224,SPATIAL_ONLY,32.0,0.06616728415856049,4.045958746780176e-06,62.11130687957467
a098_i075,C224,SPATIAL_ONLY,36.0,0.0801671372652531,6.106126715030274e-06,69.0127338743878
a098_i075,C224,SPATIAL_ONLY,40.0,0.090505831838259,7.755130880699024e-06,76.50691666346695
a098_i075,C224,SPATIAL_ONLY,44.0,0.09527371205535393,8.299321384853114e-06,80.64672542943131
a098_i075,C224,SPATIAL_ONLY,48.0,0.10086398518008602,8.169267064383975e-06,82.38490722876564
a098_i075,C224,SPATIAL_ONLY,52.0,0.1194444602769466,6.517589592092431e-06,84.39636620115228
a098_i075,C224,SPATIAL_ONLY,56.0,0.14220838681226455,5.960119405923784e-06,84.79110245105942
a098_i075,C224,SPATIAL_ONLY,60.0,0.16783432637579854,5.69481971748588e-06,85.70205409156358
a098_i075,C224,SPATIAL_ONLY,64.0,0.23163881532026576,7.4839517562732034e-06,88.48798010145335
a098_i075,C224,SPATIAL_ONLY,68.0,0.3539006105080067,9.830764636624795e-06,89.76453072397116
a098_i075,C224,SPATIAL_ONLY,72.0,0.4746453843966977,9.469750005334097e-06,97.3623161101952
a098_i075,C224,SPATIAL_ONLY,76.0,0.6964684604598799,6.33674803525645e-06,106.61562665436348
a098_i075,C224,SPATIAL_ONLY,80.0,0.7860630248479615,4.127129292079743e-06,111.5587653792102
a098_i075,C224,SPATIAL_ONLY,84.0,0.8343674407881595,2.9614527781983467e-06,113.63769236638184
a098_i075,C224,SPATIAL_ONLY,88.0,0.8600218293037274,2.0036491656531125e-06,112.96447116904557
a098_i075,C224,SPATIAL_ONLY,92.0,0.862707456430946,1.8585819988427912e-06,109.70087082039512
a098_i075,C224,SPATIAL_ONLY,96.0,0.780896957382488,1.7614667088809699e-06,104.90356557514266
a098_i075,C224,SPATIAL_ONLY,100.0,0.43664457684427627,1.767049220768218e-06,97.88810146903363
a098_i075,C224,SPATIAL_ONLY,104.0,0.26353293258768884,1.6062289469203853e-06,88.5432287584841
a098_i075,C224,SPATIAL_ONLY,108.0,0.20325359654366915,1.5495125565541838e-06,83.90009675266147
a098_i075,C224,SPATIAL_ONLY,112.0,0.17119728698059555,1.2985818640465244e-06,79.566879454842
a098_i075,C224,SPATIAL_ONLY,116.0,0.14817460078757666,7.411800785848897e-07,74.42909189386874
a098_i075,C224,SPATIAL_ONLY,120.0,0.12431275516777528,5.461248613207504e-07,68.15885221067984
a098_i075,C224,SPATIAL_ONLY,124.0,0.09712080694252137,3.758702669269974e-07,60.75513212867495
a098_i075,C224,SPATIAL_ONLY,128.0,0.0718896019945548,2.540100791350845e-07,50.06656172638619
a098_i075,C224,SPATIAL_ONLY,132.0,0.06986272996444771,1.2480463963079504e-07,40.04964686893027
a098_i075,C224,SPATIAL_ONLY,136.0,0.034529340820900034,1.866439118686517e-08,29.348141303491534
a098_i075,C224,SPATIAL_ONLY,140.0,0.003519887090259629,3.08373920134308e-10,13.636106217288951
a098_i075,C224,SPATIAL_ONLY,144.0,6.183062100368955e-05,7.895507930849811e-13,0.9577326332905998
a098_i075,C224,SPATIAL_ONLY,148.0,4.786386089946438e-08,7.557269013394345e-17,0.0009868790968371888
a098_i075,C224,SPATIAL_ONLY,152.0,1.3626648706042737e-12,1.437526545167323e-22,2.8246235418133956e-08
a098_i075,C224,SPATIAL_ONLY,156.0,1.2125292360663328e-18,1.2959201734498435e-29,2.490806742002621e-14
a098_i075,C224,SPATIAL_ONLY,160.0,3.223551880880917e-26,6.569618431312137e-38,6.557163646378865e-22
a098_i075,C224,SPATIAL_ONLY,164.0,2.6542764222826125e-35,1.1203504591251207e-47,5.082595592018163e-31
a098_i075,C224,SPATIAL_ONLY,168.0,6.4399580624058784e-46,6.571037123834915e-59,1.152262451562333e-41
a098_i075,C224,SPATIAL_ONLY,172.0,4.557534794267447e-58,1.2323609097287913e-71,7.612238979637578e-54
a098_i075,C224,SPATIAL_ONLY,176.0,9.347195156593317e-72,6.77982214363292e-86,1.4618893239206712e-67
a098_i075,C224,SPATIAL_ONLY,180.0,5.532185024120164e-87,1.0615323680050521e-101,8.145741104221948e-83
a098_i075,C224,SPATIAL_ONLY,184.0,9.421912723415898e-104,5.090256142945931e-119,1.3146943267734191e-99
a098_i075,C224,SPATIAL_ONLY,188.0,4.608487900872192e-122,6.707032205910849e-138,6.136216867634006e-118
a098_i075,C224,SPATIAL_ONLY,192.0,6.46485076399226e-142,2.27416655596818e-158,8.269699365167522e-138
a098_i075,C224,SPATIAL_ONLY,196.0,2.5984389410827286e-163,0.0,3.2133370487550535e-159
a098_i075,C224,SPATIAL_ONLY,200.0,2.9902635701530365e-186,7.061834379717958e-203,3.5950782769449154e-182
a098_i075,C224,SPATIAL_ONLY,204.0,9.847339689746339e-211,0.0,1.1566634246793604e-206
a098_i075,C224,SPATIAL_ONLY,208.0,9.276148191530705e-237,0.0,1.0689870088412939e-232
a098_i075,C224,SPATIAL_ONLY,212.0,2.4987570926050383e-264,0.0,2.835214350034448e-260
a098_i075,C224,SPATIAL_ONLY,216.0,1.9243624494671937e-293,0.0,2.156196124633579e-289
a098_i075,C224,SPATIAL_ONLY,220.0,0.0,0.0,0.0
a098_i075,C224,SPATIAL_ONLY,224.0,0.0,0.0,0.0
a098_i075,C224,SPATIAL_ONLY,228.0,0.0,0.0,0.0
a098_i075,C224,SPATIAL_ONLY,232.0,0.0,0.0,0.0
a098_i075,C224,SPATIAL_ONLY,236.0,0.0,0.0,0.0
a098_i075,C224,SPATIAL_ONLY,240.0,0.0,0.0,0.0
a098_i075,C224,SPATIAL_ONLY,244.0,0.0,0.0,0.0
a098_i075,C224,SPATIAL_ONLY,248.0,0.0,0.0,0.0
a098_i075,C224,SPATIAL_ONLY,252.0,0.0,0.0,0.0
a098_i075,C224,UNRESOLVED_IMAGE,0.0,2.0375508460737684e-18,0.0,2.125943784699586e-14
a098_i075,C224,UNRESOLVED_IMAGE,4.0,1.9411421436354886e-12,0.0,2.0292812582901887e-08
a098_i075,C224,UNRESOLVED_IMAGE,8.0,5.5435884446204466e-08,0.0,0.0005830079059475281
a098_i075,C224,UNRESOLVED_IMAGE,12.0,5.3538658158533744e-05,0.0,0.4664329802818532
a098_i075,C224,UNRESOLVED_IMAGE,16.0,0.0025693131887344397,0.0,4.7764062397445475
a098_i075,C224,UNRESOLVED_IMAGE,20.0,0.01472524570643842,0.0,9.825238385066042
a098_i075,C224,UNRESOLVED_IMAGE,24.0,0.03159905343648575,1.035194935850603e-19,14.37416683148924
a098_i075,C224,UNRESOLVED_IMAGE,28.0,0.047530790650653965,0.0,18.1093109073638
a098_i075,C224,UNRESOLVED_IMAGE,32.0,0.061137991217675755,1.4519656951483637e-18,21.606552008022113
a098_i075,C224,UNRESOLVED_IMAGE,36.0,0.07408002343481579,1.6835268460857824e-17,25.168054470156623
a098_i075,C224,UNRESOLVED_IMAGE,40.0,0.08362827878508897,2.463195516004068e-16,28.578156354295697
a098_i075,C224,UNRESOLVED_IMAGE,44.0,0.08790194677504927,2.0297487652986652e-15,31.416620546441603
a098_i075,C224,UNRESOLVED_IMAGE,48.0,0.09286583548782557,1.8762238116943755e-14,34.27113367620368
a098_i075,C224,UNRESOLVED_IMAGE,52.0,0.1096178238067588,1.615745676472184e-13,37.5833118579091
a098_i075,C224,UNRESOLVED_IMAGE,56.0,0.1302286249981659,2.100993945877324e-12,41.2854418719021
a098_i075,C224,UNRESOLVED_IMAGE,60.0,0.15334399609801458,3.5150267031615226e-11,47.28558952915117
a098_i075,C224,UNRESOLVED_IMAGE,64.0,0.213381551380998,8.628783121040971e-10,56.063395378115565
a098_i075,C224,UNRESOLVED_IMAGE,68.0,0.3265728165079659,2.783570819081516e-08,66.74560990269836
a098_i075,C224,UNRESOLVED_IMAGE,72.0,0.4364966134801023,3.007408320415248e-07,81.05232759793623
a098_i075,C224,UNRESOLVED_IMAGE,76.0,0.6411678632353002,1.2678586361431143e-06,94.35250803549977
a098_i075,C224,UNRESOLVED_IMAGE,80.0,0.72459034601301,7.961705123560461e-07,101.64908201739294
a098_i075,C224,UNRESOLVED_IMAGE,84.0,0.7692055559768592,4.563004220785865e-07,104.23046243902753
a098_i075,C224,UNRESOLVED_IMAGE,88.0,0.7907379637198836,1.5100404862289883e-07,102.45670651448228
a098_i075,C224,UNRESOLVED_IMAGE,92.0,0.7921598689550018,4.502648102035661e-08,97.5892858581895
a098_i075,C224,UNRESOLVED_IMAGE,96.0,0.7172546696575886,1.5795482009189128e-08,91.53933996660128
a098_i075,C224,UNRESOLVED_IMAGE,100.0,0.40161605371915277,8.197799552624465e-09,83.47800668503253
a098_i075,C224,UNRESOLVED_IMAGE,104.0,0.24285037082131689,6.611685624784191e-09,72.01560131989666
a098_i075,C224,UNRESOLVED_IMAGE,108.0,0.18648176814252965,7.412070757035141e-09,61.33393920556745
a098_i075,C224,UNRESOLVED_IMAGE,112.0,0.15619914515759603,6.041633953088422e-09,52.77903619480104
a098_i075,C224,UNRESOLVED_IMAGE,116.0,0.13518942607887402,3.983436555215198e-09,43.62762708376812
a098_i075,C224,UNRESOLVED_IMAGE,120.0,0.11382888277221598,7.52619196699479e-09,34.37921223574386
a098_i075,C224,UNRESOLVED_IMAGE,124.0,0.08941141083997808,1.0217901430416813e-08,26.01685096979464
a098_i075,C224,UNRESOLVED_IMAGE,128.0,0.06631460756495652,7.145494345340771e-09,19.60661068925949
a098_i075,C224,UNRESOLVED_IMAGE,132.0,0.042673203348495066,4.030551116279318e-09,15.47101729573251
a098_i075,C224,UNRESOLVED_IMAGE,136.0,0.019091995654202592,2.6911200120526515e-09,10.695742318109145
a098_i075,C224,UNRESOLVED_IMAGE,140.0,0.0035380814092742276,1.7423387736798727e-09,5.572960149954737
a098_i075,C224,UNRESOLVED_IMAGE,144.0,0.00022914406288688095,1.0426012603771453e-09,1.9148017801685053
a098_i075,C224,UNRESOLVED_IMAGE,148.0,5.306983808701025e-05,5.13624759445327e-10,0.7945263921623229
a098_i075,C224,UNRESOLVED_IMAGE,152.0,7.962195685403909e-06,3.6885412518887376e-11,0.1596295567316951
a098_i075,C224,UNRESOLVED_IMAGE,156.0,7.563972084346023e-06,9.86268454435113e-14,0.07580644290603536
a098_i075,C224,UNRESOLVED_IMAGE,160.0,3.64214090514062e-06,2.5520077224411926e-15,0.036464243702462776
a098_i075,C224,UNRESOLVED_IMAGE,164.0,2.571016552610927e-07,4.477138148180674e-18,0.0028464188627944503
a098_i075,C224,UNRESOLVED_IMAGE,168.0,6.740067329064868e-09,1.4539806528467212e-20,0.00018485756712109918
a098_i075,C224,UNRESOLVED_IMAGE,172.0,5.832330168793324e-09,8.489642104187672e-25,0.00010242364882291723
a098_i075,C224,UNRESOLVED_IMAGE,176.0,4.739699179567997e-09,0.0,6.702012409869545e-05
a098_i075,C224,UNRESOLVED_IMAGE,180.0,1.838382938890749e-09,0.0,2.0723173388462907e-05
a098_i075,C224,UNRESOLVED_IMAGE,184.0,1.2401526021444216e-10,0.0,1.2492881137307216e-06
a098_i075,C224,UNRESOLVED_IMAGE,188.0,3.243054252506264e-13,0.0,3.244067733668472e-09
a098_i075,C224,UNRESOLVED_IMAGE,192.0,2.4793018257525406e-17,0.0,2.4793351424279906e-13
a098_i075,C224,UNRESOLVED_IMAGE,196.0,5.423273582248278e-23,0.0,5.423278025936369e-19
a098_i075,C224,UNRESOLVED_IMAGE,200.0,3.3891293608460504e-30,0.0,3.389129934412941e-26
a098_i075,C224,UNRESOLVED_IMAGE,204.0,6.05007295147374e-39,0.0,6.050073413503738e-35
a098_i075,C224,UNRESOLVED_IMAGE,208.0,3.085142486656215e-49,0.0,3.085142606078347e-45
a098_i075,C224,UNRESOLVED_IMAGE,212.0,4.4939859256541006e-61,0.0,4.4939860147254475e-57
a098_i075,C224,UNRESOLVED_IMAGE,216.0,1.869950168115311e-74,0.0,1.8699501871081843e-70
a098_i075,C224,UNRESOLVED_IMAGE,220.0,2.222645501403947e-89,0.0,2.2226455129734344e-85
a098_i075,C224,UNRESOLVED_IMAGE,224.0,7.54661527985538e-106,0.0,7.54661529998714e-102
a098_i075,C224,UNRESOLVED_IMAGE,228.0,7.319409787530896e-124,0.0,7.319409797537608e-120
a098_i075,C224,UNRESOLVED_IMAGE,232.0,2.027877685842043e-143,0.0,2.027877687262876e-139
a098_i075,C224,UNRESOLVED_IMAGE,236.0,1.604904861091368e-164,0.0,1.604904861667652e-160
a098_i075,C224,UNRESOLVED_IMAGE,240.0,3.628262253884916e-187,0.0,3.628262254552601e-183
a098_i075,C224,UNRESOLVED_IMAGE,244.0,2.343094966291334e-211,0.0,2.343094966512312e-207
a098_i075,C224,UNRESOLVED_IMAGE,248.0,4.322380084237353e-237,0.0,4.322380084446268e-233
a098_i075,C224,UNRESOLVED_IMAGE,252.0,2.2777070081809045e-264,0.0,2.2777070082373245e-260
a098_i075,C224,EQUALIZED_ORDER_SENSITIVITY,0.0,2.2139292372312434e-18,0.0,2.310097125026013e-14
a098_i075,C224,EQUALIZED_ORDER_SENSITIVITY,4.0,2.10893087141207e-12,0.0,2.2047931881053643e-08
a098_i075,C224,EQUALIZED_ORDER_SENSITIVITY,8.0,6.020411969617873e-08,0.0,0.0006331589861092248
a098_i075,C224,EQUALIZED_ORDER_SENSITIVITY,12.0,5.8079160896825266e-05,0.0,0.49870326153689665
a098_i075,C224,EQUALIZED_ORDER_SENSITIVITY,16.0,0.0027821621033603423,0.0,4.9231692626135
a098_i075,C224,EQUALIZED_ORDER_SENSITIVITY,20.0,0.015935606482087757,3.5416184233554385e-20,10.06891519011528
a098_i075,C224,EQUALIZED_ORDER_SENSITIVITY,24.0,0.034194883656563896,6.170713544779173e-20,14.706253547137852
a098_i075,C224,EQUALIZED_ORDER_SENSITIVITY,28.0,0.05140937565847452,0.0,18.503115661114357
a098_i075,C224,EQUALIZED_ORDER_SENSITIVITY,32.0,0.06614177456095299,1.2742070536216725e-18,22.06493449845582
a098_i075,C224,EQUALIZED_ORDER_SENSITIVITY,36.0,0.08012513296187358,1.975915144141987e-17,25.687294540370697
a098_i075,C224,EQUALIZED_ORDER_SENSITIVITY,40.0,0.09043513831187744,2.654805964989719e-16,29.164668437324544
a098_i075,C224,EQUALIZED_ORDER_SENSITIVITY,44.0,0.09507686746491203,2.1939061433043203e-15,32.06343984763517
a098_i075,C224,EQUALIZED_ORDER_SENSITIVITY,48.0,0.10040694525342919,2.025140278899112e-14,34.97112460079265
a098_i075,C224,EQUALIZED_ORDER_SENSITIVITY,52.0,0.1185175666767922,1.7505847087695758e-13,38.35491712207855
a098_i075,C224,EQUALIZED_ORDER_SENSITIVITY,56.0,0.14085613449385004,2.2714830354807306e-12,42.13252972972994
a098_i075,C224,EQUALIZED_ORDER_SENSITIVITY,60.0,0.16600805770010257,3.798377339755253e-11,48.25344019309993
a098_i075,C224,EQUALIZED_ORDER_SENSITIVITY,64.0,0.230678685765156,9.339851821083612e-10,57.192621604674784
a098_i075,C224,EQUALIZED_ORDER_SENSITIVITY,68.0,0.35330717209201434,3.020222421755312e-08,68.07158054885308
a098_i075,C224,EQUALIZED_ORDER_SENSITIVITY,72.0,0.47398440508024386,3.272686308724151e-07,82.60288640380503
a098_i075,C224,EQUALIZED_ORDER_SENSITIVITY,76.0,0.6957378296786945,1.7600728544186806e-06,98.13985383263032
a098_i075,C224,EQUALIZED_ORDER_SENSITIVITY,80.0,0.7862756755783938,1.617989023174059e-06,115.75012795505918
a098_i075,C224,EQUALIZED_ORDER_SENSITIVITY,84.0,1.2609905877396614,1.156918178805757e-06,130.4867168047672
a098_i075,C224,EQUALIZED_ORDER_SENSITIVITY,88.0,1.6701593369662848,5.126134329408991e-07,140.18673361318415
a098_i075,C224,EQUALIZED_ORDER_SENSITIVITY,92.0,2.1240136925891018,3.1205304867235647e-07,144.49479292744405
a098_i075,C224,EQUALIZED_ORDER_SENSITIVITY,96.0,2.761463643242759,5.915235018830859e-07,149.76815713205087
a098_i075,C224,EQUALIZED_ORDER_SENSITIVITY,100.0,3.25282884554059,1.8370932507955795e-06,159.21312686458117
a098_i075,C224,EQUALIZED_ORDER_SENSITIVITY,104.0,3.2619809726102575,4.687293812150811e-06,166.61391649019114
a098_i075,C224,EQUALIZED_ORDER_SENSITIVITY,108.0,3.877417069342564,1.173161409997056e-05,171.652574438054
a098_i075,C224,EQUALIZED_ORDER_SENSITIVITY,112.0,3.8517150042041903,2.1515726643773367e-05,176.62383988287655
a098_i075,C224,EQUALIZED_ORDER_SENSITIVITY,116.0,3.1386066720657553,4.06951855761512e-05,180.98790792031227
a098_i075,C224,EQUALIZED_ORDER_SENSITIVITY,120.0,5.043305538076934,9.334473262617754e-05,183.8805335331013
a098_i075,C224,EQUALIZED_ORDER_SENSITIVITY,124.0,5.391438595803672,0.00016472672125078167,184.2101098181411
a098_i075,C224,EQUALIZED_ORDER_SENSITIVITY,128.0,5.1339227367167775,0.00024371109986472386,182.82545861814776
a098_i075,C224,EQUALIZED_ORDER_SENSITIVITY,132.0,5.636669019402701,0.00033202675216066667,178.8394971989243
a098_i075,C224,EQUALIZED_ORDER_SENSITIVITY,136.0,5.1806658109825845,0.00044945337607056016,172.6157423086814
a098_i075,C224,EQUALIZED_ORDER_SENSITIVITY,140.0,4.787537722650817,0.0004968687082020201,166.2768610117085
a098_i075,C224,EQUALIZED_ORDER_SENSITIVITY,144.0,4.627038019981365,0.0003129785559175554,154.0096354324026
a098_i075,C224,EQUALIZED_ORDER_SENSITIVITY,148.0,3.9751660446605417,0.00014539494185748103,129.64508448484008
a098_i075,C224,EQUALIZED_ORDER_SENSITIVITY,152.0,1.468795381785414,1.9472577170283754e-05,91.31121911579552
a098_i075,C224,EQUALIZED_ORDER_SENSITIVITY,156.0,0.04051887820954732,5.658374333502027e-08,60.16421800217203
a098_i075,C224,EQUALIZED_ORDER_SENSITIVITY,160.0,0.015056385126195641,1.4270453294228896e-09,41.58912866118855
a098_i075,C224,EQUALIZED_ORDER_SENSITIVITY,164.0,0.006472625037042141,2.629277382554017e-12,29.747411137672024
a098_i075,C224,EQUALIZED_ORDER_SENSITIVITY,168.0,0.005301976386142814,2.4096716756470313e-15,19.85537646663402
a098_i075,C224,EQUALIZED_ORDER_SENSITIVITY,172.0,0.004575884541998532,2.0096559240997405e-19,11.83650850928326
a098_i075,C224,EQUALIZED_ORDER_SENSITIVITY,176.0,0.00373424394642335,0.0,7.275380101153948
a098_i075,C224,EQUALIZED_ORDER_SENSITIVITY,180.0,0.0014982088637958825,0.0,3.8724918050611183
a098_i075,C224,EQUALIZED_ORDER_SENSITIVITY,184.0,0.00010200346245315035,0.0,0.7102906620704044
a098_i075,C224,EQUALIZED_ORDER_SENSITIVITY,188.0,2.668815625973876e-07,0.0,0.0026660586953079343
a098_i075,C224,EQUALIZED_ORDER_SENSITIVITY,192.0,2.0403458537603745e-11,0.0,2.040371892958253e-07
a098_i075,C224,EQUALIZED_ORDER_SENSITIVITY,196.0,4.463097176495329e-17,0.0,4.4631007089880423e-13
a098_i075,C224,EQUALIZED_ORDER_SENSITIVITY,200.0,2.789092993936634e-24,0.0,2.789093457232531e-20
a098_i075,C224,EQUALIZED_ORDER_SENSITIVITY,204.0,4.9789235871333455e-33,0.0,4.978923961715996e-29
a098_i075,C224,EQUALIZED_ORDER_SENSITIVITY,208.0,2.538926194938876e-43,0.0,2.5389262917921216e-39
a098_i075,C224,EQUALIZED_ORDER_SENSITIVITY,212.0,3.698337641039987e-55,0.0,3.698337713280378e-51
a098_i075,C224,EQUALIZED_ORDER_SENSITIVITY,216.0,1.5388804522356086e-68,0.0,1.5388804676396194e-64
a098_i075,C224,EQUALIZED_ORDER_SENSITIVITY,220.0,1.829132012543047e-83,0.0,1.829132021926385e-79
a098_i075,C224,EQUALIZED_ORDER_SENSITIVITY,224.0,6.210507067371192e-100,0.0,6.210507083698891e-96
a098_i075,C224,EQUALIZED_ORDER_SENSITIVITY,228.0,6.023527704637083e-118,0.0,6.023527712752945e-114
a098_i075,C224,EQUALIZED_ORDER_SENSITIVITY,232.0,1.6688473219649395e-137,0.0,1.6688473231172942e-133
a098_i075,C224,EQUALIZED_ORDER_SENSITIVITY,236.0,1.3207607135973316e-158,0.0,1.3207607140647219e-154
a098_i075,C224,EQUALIZED_ORDER_SENSITIVITY,240.0,2.985888048404688e-181,0.0,2.9858880489462087e-177
a098_i075,C224,EQUALIZED_ORDER_SENSITIVITY,244.0,1.9282562192507894e-205,0.0,1.928256219430012e-201
a098_i075,C224,EQUALIZED_ORDER_SENSITIVITY,248.0,3.5571141585390285e-231,0.0,3.557114158708467e-227
a098_i075,C224,EQUALIZED_ORDER_SENSITIVITY,252.0,1.8744450256353166e-258,0.0,1.874445025681075e-254
a098_i075,C224,PAIRING_DESTROYED,0.0,2.9341608449204415e-18,1.6738918836868475e-28,4.258810007349175e-14
a098_i075,C224,PAIRING_DESTROYED,4.0,2.739603200568778e-12,2.45167546515039e-21,4.0882020424314876e-08
a098_i075,C224,PAIRING_DESTROYED,8.0,7.374458288066301e-08,1.5356207839884197e-15,0.0012046531040185659
a098_i075,C224,PAIRING_DESTROYED,12.0,5.924940060103699e-05,3.8620542394067804e-11,1.105373586366145
a098_i075,C224,PAIRING_DESTROYED,16.0,0.00208185251161504,3.7528302108366425e-08,21.728317075415617
a098_i075,C224,PAIRING_DESTROYED,20.0,0.01488607737034983,1.640721143863927e-06,57.8341840699369
a098_i075,C224,PAIRING_DESTROYED,24.0,0.05784616631214548,7.795903109056731e-06,84.0525318785861
a098_i075,C224,PAIRING_DESTROYED,28.0,0.1447966612204448,1.5122957020879653e-05,101.49959273235469
a098_i075,C224,PAIRING_DESTROYED,32.0,0.2651429354054977,1.996901667729361e-05,109.57618931836376
a098_i075,C224,PAIRING_DESTROYED,36.0,0.2802868017653397,2.8880929076254042e-05,117.8189129421065
a098_i075,C224,PAIRING_DESTROYED,40.0,0.28337774344171585,3.6723426901863205e-05,123.58696512954901
a098_i075,C224,PAIRING_DESTROYED,44.0,0.27814893568101084,3.801449589031511e-05,123.83857955761886
a098_i075,C224,PAIRING_DESTROYED,48.0,0.25828809881780607,3.794937986812268e-05,121.36332366140698
a098_i075,C224,PAIRING_DESTROYED,52.0,0.19415370226311968,3.1848551871957134e-05,115.37618261692428
a098_i075,C224,PAIRING_DESTROYED,56.0,0.19795718954675004,2.1331868675715025e-05,111.84694735802267
a098_i075,C224,PAIRING_DESTROYED,60.0,0.18763287758625619,1.673010762028249e-05,111.02317151457731
a098_i075,C224,PAIRING_DESTROYED,64.0,0.1556154084487955,2.61010426376193e-05,113.06943961355006
a098_i075,C224,PAIRING_DESTROYED,68.0,0.17202032418057053,2.897459712480756e-05,115.38876081598741
a098_i075,C224,PAIRING_DESTROYED,72.0,0.17744199329658658,3.065748626317464e-05,118.03866955362552
a098_i075,C224,PAIRING_DESTROYED,76.0,0.20675320979436182,3.221251144379938e-05,122.08934069926339
a098_i075,C224,PAIRING_DESTROYED,80.0,0.2556380342318028,4.561517510264546e-05,127.78339855544753
a098_i075,C224,PAIRING_DESTROYED,84.0,0.2842923552568263,6.403759572229219e-05,134.6003609155798
a098_i075,C224,PAIRING_DESTROYED,88.0,0.2999480491872735,8.574158080140226e-05,137.92245414152126
a098_i075,C224,PAIRING_DESTROYED,92.0,0.33268075786534407,9.383085013132958e-05,139.7896855555283
a098_i075,C224,PAIRING_DESTROYED,96.0,0.3703591524799537,9.967343041994761e-05,141.93182966228133
a098_i075,C224,PAIRING_DESTROYED,100.0,0.3819838437629537,0.0001071978514788558,143.56621113594736
a098_i075,C224,PAIRING_DESTROYED,104.0,0.38281619659265137,0.00011029567944224891,143.0707139981197
a098_i075,C224,PAIRING_DESTROYED,108.0,0.3839945349139074,0.0001055729410294755,141.2757967739924
a098_i075,C224,PAIRING_DESTROYED,112.0,0.3805077154203957,9.235431095245532e-05,138.96862987143516
a098_i075,C224,PAIRING_DESTROYED,116.0,0.36789737048367227,8.259535747956035e-05,136.33918442592244
a098_i075,C224,PAIRING_DESTROYED,120.0,0.32065906852118653,6.784751063643841e-05,131.6557277497459
a098_i075,C224,PAIRING_DESTROYED,124.0,0.2709147632902311,5.042738295621832e-05,124.0029033390321
a098_i075,C224,PAIRING_DESTROYED,128.0,0.23483853021042367,3.089128132158511e-05,114.94361806956819
a098_i075,C224,PAIRING_DESTROYED,132.0,0.16456541599444285,1.189727779692468e-05,101.37524681013309
a098_i075,C224,PAIRING_DESTROYED,136.0,0.08458680263385121,4.004041018077037e-06,83.7592543577405
a098_i075,C224,PAIRING_DESTROYED,140.0,0.02590908205191915,1.0656544227995244e-06,57.31408862840749
a098_i075,C224,PAIRING_DESTROYED,144.0,0.013189370073967302,1.944221095856309e-07,33.562466016968514
a098_i075,C224,PAIRING_DESTROYED,148.0,0.006189855913298093,1.6995689799476103e-08,22.70463390650338
a098_i075,C224,PAIRING_DESTROYED,152.0,0.0006780977637023252,3.399459683149557e-09,10.37680701262227
a098_i075,C224,PAIRING_DESTROYED,156.0,0.0006006332621976735,7.521955381968216e-11,6.812106895793717
a098_i075,C224,PAIRING_DESTROYED,160.0,0.0002818725184547658,8.251993152095154e-12,5.440573793753938
a098_i075,C224,PAIRING_DESTROYED,164.0,0.00023346973043416198,5.381278895777833e-14,2.6640806742316925
a098_i075,C224,PAIRING_DESTROYED,168.0,0.00017119908046099765,2.487909816276922e-16,1.47412096091341
a098_i075,C224,PAIRING_DESTROYED,172.0,0.00016230856178678436,5.509951187896115e-21,1.3070113410370532
a098_i075,C224,PAIRING_DESTROYED,176.0,0.00012736720820860718,0.0,1.1296778900206033
a098_i075,C224,PAIRING_DESTROYED,180.0,3.2857816054657836e-05,0.0,0.35970094931012575
a098_i075,C224,PAIRING_DESTROYED,184.0,1.212717950220073e-06,0.0,0.012792098587255354
a098_i075,C224,PAIRING_DESTROYED,188.0,1.631530224717405e-09,0.0,1.7431454271172978e-05
a098_i075,C224,PAIRING_DESTROYED,192.0,6.397583375660146e-14,0.0,7.222133671795766e-10
a098_i075,C224,PAIRING_DESTROYED,196.0,7.185773486367921e-20,0.0,8.983201225713337e-16
a098_i075,C224,PAIRING_DESTROYED,200.0,2.316131414689378e-27,0.0,3.4321498040363574e-23
a098_i075,C224,PAIRING_DESTROYED,204.0,2.2772483993619932e-36,0.0,4.131008563067864e-32
a098_i075,C224,PAIRING_DESTROYED,208.0,1.048303455445944e-46,0.0,1.584954427677646e-42
a098_i075,C224,PAIRING_DESTROYED,212.0,1.5157543673328904e-58,0.0,1.91935226016682e-54
a098_i075,C224,PAIRING_DESTROYED,216.0,6.293590882815222e-72,0.0,7.156096006591528e-68
a098_i075,C224,PAIRING_DESTROYED,220.0,7.474167069397304e-87,0.0,8.000019091969963e-83
a098_i075,C224,PAIRING_DESTROYED,224.0,2.5367184790336007e-103,0.0,2.6282570061193263e-99
a098_i075,C224,PAIRING_DESTROYED,228.0,2.45987109840052e-121,0.0,2.5053801064744915e-117
a098_i075,C224,PAIRING_DESTROYED,232.0,6.814535488500973e-141,0.0,6.879159017872979e-137
a098_i075,C224,PAIRING_DESTROYED,236.0,5.39290376690877e-162,0.0,5.419116068448736e-158
a098_i075,C224,PAIRING_DESTROYED,240.0,1.219161666732083e-184,0.0,1.2221987108904775e-180
a098_i075,C224,PAIRING_DESTROYED,244.0,7.873122880438493e-209,0.0,7.883174444377946e-205
a098_i075,C224,PAIRING_DESTROYED,248.0,1.4523700483378148e-234,0.0,1.4533203365309994e-230
a098_i075,C224,PAIRING_DESTROYED,252.0,7.653335479646951e-262,0.0,7.655901839182313e-258
a098_i075,C448_T,DIRECT_PHYSICAL,0.0,2.2139292372312434e-18,0.0,2.310097125026013e-14
a098_i075,C448_T,DIRECT_PHYSICAL,4.0,2.10893087141207e-12,0.0,2.2047931881053643e-08
a098_i075,C448_T,DIRECT_PHYSICAL,8.0,6.020411969617873e-08,0.0,0.0006331589861092248
a098_i075,C448_T,DIRECT_PHYSICAL,12.0,5.8079160896825266e-05,0.0,0.49870326153689665
a098_i075,C448_T,DIRECT_PHYSICAL,16.0,0.0027821621033603423,0.0,4.9231692626135
a098_i075,C448_T,DIRECT_PHYSICAL,20.0,0.015935606482087757,3.5416184233554385e-20,10.06891519011528
a098_i075,C448_T,DIRECT_PHYSICAL,24.0,0.034194883656563896,6.170713544779173e-20,14.706253547137852
a098_i075,C448_T,DIRECT_PHYSICAL,28.0,0.05140937565847452,0.0,18.503115661114357
a098_i075,C448_T,DIRECT_PHYSICAL,32.0,0.06614177456095299,1.2742070536216725e-18,22.06493449845582
a098_i075,C448_T,DIRECT_PHYSICAL,36.0,0.08012513296187358,1.975915144141987e-17,25.687294540370697
a098_i075,C448_T,DIRECT_PHYSICAL,40.0,0.09043513831187744,2.654805964989719e-16,29.164668437324544
a098_i075,C448_T,DIRECT_PHYSICAL,44.0,0.09507686746491203,2.1939061433043203e-15,32.06343984763517
a098_i075,C448_T,DIRECT_PHYSICAL,48.0,0.10040694525342919,2.025140278899112e-14,34.97112460079265
a098_i075,C448_T,DIRECT_PHYSICAL,52.0,0.1185175666767922,1.7505847087695758e-13,38.35491712207855
a098_i075,C448_T,DIRECT_PHYSICAL,56.0,0.14085613449385004,2.2714830354807306e-12,42.13252972972994
a098_i075,C448_T,DIRECT_PHYSICAL,60.0,0.16600805770010257,3.798377339755253e-11,48.25344019309993
a098_i075,C448_T,DIRECT_PHYSICAL,64.0,0.23067868576515582,9.339851832790656e-10,57.19262160467282
a098_i075,C448_T,DIRECT_PHYSICAL,68.0,0.3533071720915829,3.0202205505196606e-08,68.07157910667527
a098_i075,C448_T,DIRECT_PHYSICAL,72.0,0.47398438886057337,3.2682108045864733e-07,82.59031011140067
a098_i075,C448_T,DIRECT_PHYSICAL,76.0,0.695689287565223,1.384214617039315e-06,96.01243560165813
a098_i075,C448_T,DIRECT_PHYSICAL,80.0,0.7853490500642627,7.008970279570646e-07,102.86097269476403
a098_i075,C448_T,DIRECT_PHYSICAL,84.0,0.832628220467136,4.0343485325961426e-07,103.74705200367298
a098_i075,C448_T,DIRECT_PHYSICAL,88.0,0.8542984620334465,1.0919205433413594e-07,100.1807182503735
a098_i075,C448_T,DIRECT_PHYSICAL,92.0,0.852559824520126,2.1752290556101504e-08,93.3658557785752
a098_i075,C448_T,DIRECT_PHYSICAL,96.0,0.7687988665128118,3.4423878138997303e-09,84.5542305449952
a098_i075,C448_T,DIRECT_PHYSICAL,100.0,0.42392065125468015,5.211542743910084e-10,72.2063563763331
a098_i075,C448_T,DIRECT_PHYSICAL,104.0,0.2532218068802261,1.0324306382215911e-10,55.34038209602831
a098_i075,C448_T,DIRECT_PHYSICAL,108.0,0.19395322046805047,1.9885121743989413e-11,39.93280814444546
a098_i075,C448_T,DIRECT_PHYSICAL,112.0,0.16321973985828653,1.2726140850776209e-12,34.070428635126014
a098_i075,C448_T,DIRECT_PHYSICAL,116.0,0.14182491850659107,2.717721219168965e-14,30.18880380841644
a098_i075,C448_T,DIRECT_PHYSICAL,120.0,0.11960401750008087,9.8439181128788e-16,26.134217043398923
a098_i075,C448_T,DIRECT_PHYSICAL,124.0,0.09400731689159486,8.289776175374954e-18,22.21474262426535
a098_i075,C448_T,DIRECT_PHYSICAL,128.0,0.06984989120610859,1.7889115397503989e-19,18.613363820258865
a098_i075,C448_T,DIRECT_PHYSICAL,132.0,0.04490916047474434,0.0,14.792833626861999
a098_i075,C448_T,DIRECT_PHYSICAL,136.0,0.019922342145603844,0.0,9.993661635358631
a098_i075,C448_T,DIRECT_PHYSICAL,140.0,0.003476072704208506,0.0,4.723237183648942
a098_i075,C448_T,DIRECT_PHYSICAL,144.0,6.12855664858046e-05,0.0,0.5002304031346436
a098_i075,C448_T,DIRECT_PHYSICAL,148.0,4.757762173693815e-08,0.0,0.0004888452481149036
a098_i075,C448_T,DIRECT_PHYSICAL,152.0,1.31059846825251e-12,0.0,1.3386766007355077e-08
a098_i075,C448_T,DIRECT_PHYSICAL,156.0,1.1700524062329442e-18,0.0,1.1896596046205219e-14
a098_i075,C448_T,DIRECT_PHYSICAL,160.0,3.2187013982933216e-26,0.0,3.261379648177765e-22
a098_i075,C448_T,DIRECT_PHYSICAL,164.0,2.651848567967735e-35,0.0,2.6799301500647045e-31
a098_i075,C448_T,DIRECT_PHYSICAL,168.0,6.436336428199419e-46,0.0,6.491077447547414e-42
a098_i075,C448_T,DIRECT_PHYSICAL,172.0,4.555933124836621e-58,0.0,4.5871304665920663e-54
a098_i075,C448_T,DIRECT_PHYSICAL,176.0,9.345077746914677e-72,0.0,9.396615585469414e-68
a098_i075,C448_T,DIRECT_PHYSICAL,180.0,5.531337268209611e-87,0.0,5.555883993431393e-83
a098_i075,C448_T,DIRECT_PHYSICAL,184.0,9.420871243780975e-104,0.0,9.454464054871666e-100
a098_i075,C448_T,DIRECT_PHYSICAL,188.0,4.6080925336976297e-122,0.0,4.62127378757154e-118
a098_i075,C448_T,DIRECT_PHYSICAL,192.0,6.464388439505353e-142,0.0,6.479197803816409e-138
a098_i075,C448_T,DIRECT_PHYSICAL,196.0,2.5982744359907405e-163,0.0,2.6030344641810737e-159
a098_i075,C448_T,DIRECT_PHYSICAL,200.0,2.990088300051996e-186,0.0,2.9944628587800763e-182
a098_i075,C448_T,DIRECT_PHYSICAL,204.0,9.846788847222598e-211,0.0,9.85827975693744e-207
a098_i075,C448_T,DIRECT_PHYSICAL,208.0,9.275643362808924e-237,0.0,9.284268560322357e-233
a098_i075,C448_T,DIRECT_PHYSICAL,212.0,2.4986232356411692e-264,0.0,2.5004729860405037e-260
a098_i075,C448_T,DIRECT_PHYSICAL,216.0,1.924260276549654e-293,0.0,1.9253935771935227e-289
a098_i075,C448_T,DIRECT_PHYSICAL,220.0,0.0,0.0,0.0
a098_i075,C448_T,DIRECT_PHYSICAL,224.0,0.0,0.0,0.0
a098_i075,C448_T,DIRECT_PHYSICAL,228.0,0.0,0.0,0.0
a098_i075,C448_T,DIRECT_PHYSICAL,232.0,0.0,0.0,0.0
a098_i075,C448_T,DIRECT_PHYSICAL,236.0,0.0,0.0,0.0
a098_i075,C448_T,DIRECT_PHYSICAL,240.0,0.0,0.0,0.0
a098_i075,C448_T,DIRECT_PHYSICAL,244.0,0.0,0.0,0.0
a098_i075,C448_T,DIRECT_PHYSICAL,248.0,0.0,0.0,0.0
a098_i075,C448_T,DIRECT_PHYSICAL,252.0,0.0,0.0,0.0
a098_i075,C448_T,RESOLVED_PHYSICAL,0.0,2.2139292372312434e-18,0.0,2.310097125026013e-14
a098_i075,C448_T,RESOLVED_PHYSICAL,4.0,2.10893087141207e-12,0.0,2.2047931881053643e-08
a098_i075,C448_T,RESOLVED_PHYSICAL,8.0,6.020411969617873e-08,0.0,0.0006331589861092248
a098_i075,C448_T,RESOLVED_PHYSICAL,12.0,5.8079160896825266e-05,0.0,0.49870326153689665
a098_i075,C448_T,RESOLVED_PHYSICAL,16.0,0.0027821621033603423,0.0,4.9231692626135
a098_i075,C448_T,RESOLVED_PHYSICAL,20.0,0.015935606482087757,3.5416184233554385e-20,10.06891519011528
a098_i075,C448_T,RESOLVED_PHYSICAL,24.0,0.034194883656563896,6.170713544779173e-20,14.706253547137852
a098_i075,C448_T,RESOLVED_PHYSICAL,28.0,0.05140937565847452,0.0,18.503115661114357
a098_i075,C448_T,RESOLVED_PHYSICAL,32.0,0.06614177456095299,1.2742070536216725e-18,22.06493449845582
a098_i075,C448_T,RESOLVED_PHYSICAL,36.0,0.08012513296187358,1.975915144141987e-17,25.687294540370697
a098_i075,C448_T,RESOLVED_PHYSICAL,40.0,0.09043513831187744,2.654805964989719e-16,29.164668437324544
a098_i075,C448_T,RESOLVED_PHYSICAL,44.0,0.09507686746491203,2.1939061433043203e-15,32.06343984763517
a098_i075,C448_T,RESOLVED_PHYSICAL,48.0,0.10040694525342919,2.025140278899112e-14,34.97112460079265
a098_i075,C448_T,RESOLVED_PHYSICAL,52.0,0.1185175666767922,1.7505847087695758e-13,38.35491712207855
a098_i075,C448_T,RESOLVED_PHYSICAL,56.0,0.14085613449385004,2.2714830354807306e-12,42.13252972972994
a098_i075,C448_T,RESOLVED_PHYSICAL,60.0,0.16600805770010257,3.798377339755253e-11,48.25344019309993
a098_i075,C448_T,RESOLVED_PHYSICAL,64.0,0.23067868576515582,9.339851834902479e-10,57.19262160467289
a098_i075,C448_T,RESOLVED_PHYSICAL,68.0,0.35330717209160145,3.020220632130248e-08,68.07157916947284
a098_i075,C448_T,RESOLVED_PHYSICAL,72.0,0.4739843895668379,3.2684068066287264e-07,82.59086016696821
a098_i075,C448_T,RESOLVED_PHYSICAL,76.0,0.6956913948831054,1.407815436538556e-06,96.1805425490206
a098_i075,C448_T,RESOLVED_PHYSICAL,80.0,0.7853793493165355,1.2835521035675443e-06,105.72091236944212
a098_i075,C448_T,RESOLVED_PHYSICAL,84.0,0.8335134086977692,6.045071443073793e-07,112.19036275499116
a098_i075,C448_T,RESOLVED_PHYSICAL,88.0,0.860321863371135,2.6885637540114736e-07,113.80051740491665
a098_i075,C448_T,RESOLVED_PHYSICAL,92.0,0.8753671679276905,8.931413899185973e-08,112.3919754418134
a098_i075,C448_T,RESOLVED_PHYSICAL,96.0,0.7973801825322637,4.9449355140152545e-08,109.29413630107024
a098_i075,C448_T,RESOLVED_PHYSICAL,100.0,0.45785487875287645,6.762827948789849e-08,105.436109129681
a098_i075,C448_T,RESOLVED_PHYSICAL,104.0,0.28226378183872036,8.421871268233083e-08,99.13940494084515
a098_i075,C448_T,RESOLVED_PHYSICAL,108.0,0.21816705636748068,1.3426622623717771e-07,91.89618050840068
a098_i075,C448_T,RESOLVED_PHYSICAL,112.0,0.18154170173018724,1.247646050236999e-07,83.29375002174774
a098_i075,C448_T,RESOLVED_PHYSICAL,116.0,0.15591163574837308,1.8743664494958745e-07,73.57762837305569
a098_i075,C448_T,RESOLVED_PHYSICAL,120.0,0.13123736653941848,3.958821329839717e-07,64.15218857759032
a098_i075,C448_T,RESOLVED_PHYSICAL,124.0,0.10411061333370943,5.4828168318959e-07,54.84354114873584
a098_i075,C448_T,RESOLVED_PHYSICAL,128.0,0.07843783436254184,5.216045465597083e-07,47.64236223998919
a098_i075,C448_T,RESOLVED_PHYSICAL,132.0,0.05179006135396451,5.016033809885227e-07,42.14374595527015
a098_i075,C448_T,RESOLVED_PHYSICAL,136.0,0.02525196665547949,5.187010337521848e-07,35.65499878324244
a098_i075,C448_T,RESOLVED_PHYSICAL,140.0,0.007182963976986027,4.831842579421049e-07,28.931316501542838
a098_i075,C448_T,RESOLVED_PHYSICAL,144.0,0.0026000656707161115,3.261043982859957e-07,21.744096738496637
a098_i075,C448_T,RESOLVED_PHYSICAL,148.0,0.0022337576317078963,1.1241930088681398e-07,13.8945816197269
a098_i075,C448_T,RESOLVED_PHYSICAL,152.0,0.0008253573726221877,1.3871061844110474e-08,5.868281291684057
a098_i075,C448_T,RESOLVED_PHYSICAL,156.0,7.156172364617948e-05,3.6018598119977223e-11,1.2148476323796236
a098_i075,C448_T,RESOLVED_PHYSICAL,160.0,4.1937799239103815e-05,9.59135590172724e-13,0.5988731233855399
a098_i075,C448_T,RESOLVED_PHYSICAL,164.0,6.146280149398847e-06,1.7705183547407718e-15,0.17976360285082138
a098_i075,C448_T,RESOLVED_PHYSICAL,168.0,2.979465609017574e-06,2.2204952393442343e-18,0.07758183216739686
a098_i075,C448_T,RESOLVED_PHYSICAL,172.0,2.5713180106474374e-06,1.5967232072194336e-22,0.045471436651986524
a098_i075,C448_T,RESOLVED_PHYSICAL,176.0,2.0983765214089847e-06,0.0,0.02957008459252758
a098_i075,C448_T,RESOLVED_PHYSICAL,180.0,8.418856263975905e-07,0.0,0.0094231460999942
a098_i075,C448_T,RESOLVED_PHYSICAL,184.0,5.73186095458806e-08,0.0,0.0005770673402785089
a098_i075,C448_T,RESOLVED_PHYSICAL,188.0,1.49968243367622e-10,0.0,1.5001297470977403e-06
a098_i075,C448_T,RESOLVED_PHYSICAL,192.0,1.1465276228634072e-14,0.0,1.1465423719197105e-10
a098_i075,C448_T,RESOLVED_PHYSICAL,196.0,2.5079396157003395e-20,0.0,2.5079416007077366e-16
a098_i075,C448_T,RESOLVED_PHYSICAL,200.0,1.5672696638119618e-27,0.0,1.5672699241509348e-23
a098_i075,C448_T,RESOLVED_PHYSICAL,204.0,2.7977969589095783e-36,0.0,2.797797169398087e-32
a098_i075,C448_T,RESOLVED_PHYSICAL,208.0,1.42669391541831e-46,0.0,1.4266939698428679e-42
a098_i075,C448_T,RESOLVED_PHYSICAL,212.0,2.0781997602578147e-58,0.0,2.0781998008517195e-54
a098_i075,C448_T,RESOLVED_PHYSICAL,216.0,8.647401338949031e-72,0.0,8.64740142550849e-68
a098_i075,C448_T,RESOLVED_PHYSICAL,220.0,1.0278406351449062e-86,0.0,1.027840640417667e-82
a098_i075,C448_T,RESOLVED_PHYSICAL,224.0,3.4898582961346013e-103,0.0,3.4898583053095936e-99
a098_i075,C448_T,RESOLVED_PHYSICAL,228.0,3.3847893423173115e-121,0.0,3.384789346877842e-117
a098_i075,C448_T,RESOLVED_PHYSICAL,232.0,9.377721671294355e-141,0.0,9.37772167776976e-137
a098_i075,C448_T,RESOLVED_PHYSICAL,236.0,7.421725285158294e-162,0.0,7.42172528778469e-158
a098_i075,C448_T,RESOLVED_PHYSICAL,240.0,1.6778543304137988e-184,0.0,1.6778543307180943e-180
a098_i075,C448_T,RESOLVED_PHYSICAL,244.0,1.0835413100453863e-208,0.0,1.0835413101460965e-204
a098_i075,C448_T,RESOLVED_PHYSICAL,248.0,1.9988423202503256e-234,0.0,1.9988423203455376e-230
a098_i075,C448_T,RESOLVED_PHYSICAL,252.0,1.0533032894736853e-261,0.0,1.0533032894993984e-257
a098_i075,C448_T,DELAY_ONLY,0.0,2.2139292372312434e-18,0.0,2.310097125026013e-14
a098_i075,C448_T,DELAY_ONLY,4.0,2.10893087141207e-12,0.0,2.2047931881053643e-08
a098_i075,C448_T,DELAY_ONLY,8.0,6.020411969617873e-08,0.0,0.0006331589861092248
a098_i075,C448_T,DELAY_ONLY,12.0,5.8079160896825266e-05,0.0,0.49870326153689665
a098_i075,C448_T,DELAY_ONLY,16.0,0.0027821621033603423,0.0,4.9231692626135
a098_i075,C448_T,DELAY_ONLY,20.0,0.015935606482087757,3.5416184233554385e-20,10.06891519011528
a098_i075,C448_T,DELAY_ONLY,24.0,0.034194883656563896,6.170713544779173e-20,14.706253547137852
a098_i075,C448_T,DELAY_ONLY,28.0,0.05140937565847452,0.0,18.503115661114357
a098_i075,C448_T,DELAY_ONLY,32.0,0.06614177456095299,1.2742070536216725e-18,22.06493449845582
a098_i075,C448_T,DELAY_ONLY,36.0,0.08012513296187358,1.975915144141987e-17,25.687294540370697
a098_i075,C448_T,DELAY_ONLY,40.0,0.09043513831187744,2.654805964989719e-16,29.164668437324544
a098_i075,C448_T,DELAY_ONLY,44.0,0.09507686746491203,2.1939061433043203e-15,32.06343984763517
a098_i075,C448_T,DELAY_ONLY,48.0,0.10040694525342919,2.025140278899112e-14,34.97112460079265
a098_i075,C448_T,DELAY_ONLY,52.0,0.1185175666767922,1.7505847087695758e-13,38.35491712207855
a098_i075,C448_T,DELAY_ONLY,56.0,0.14085613449385004,2.2714830354807306e-12,42.13252972972994
a098_i075,C448_T,DELAY_ONLY,60.0,0.16600805770010257,3.798377339755253e-11,48.25344019309993
a098_i075,C448_T,DELAY_ONLY,64.0,0.23067868576515582,9.339851832790656e-10,57.19262160467282
a098_i075,C448_T,DELAY_ONLY,68.0,0.35330717209166296,3.0202216264678523e-08,68.07157910966384
a098_i075,C448_T,DELAY_ONLY,72.0,0.47398439265513365,3.274050450868067e-07,82.59035467966389
a098_i075,C448_T,DELAY_ONLY,76.0,0.6956979162679475,1.797953943299501e-06,96.04980633127036
a098_i075,C448_T,DELAY_ONLY,80.0,0.7858941391986489,9.374016790510482e-06,104.83141766145567
a098_i075,C448_T,DELAY_ONLY,84.0,0.8353190557933218,1.2397959124467346e-05,111.62342558437948
a098_i075,C448_T,DELAY_ONLY,88.0,0.8595210168228581,1.4363144987844589e-05,112.69141352302634
a098_i075,C448_T,DELAY_ONLY,92.0,0.8608588029934375,1.52341907348625e-05,111.07466958437327
a098_i075,C448_T,DELAY_ONLY,96.0,0.7818083537493705,1.5813775540586035e-05,108.42630203042218
a098_i075,C448_T,DELAY_ONLY,100.0,0.4384492397908931,1.6683791316022466e-05,103.52713006256035
a098_i075,C448_T,DELAY_ONLY,104.0,0.2652406027824109,1.6423137078056722e-05,96.00183797658356
a098_i075,C448_T,DELAY_ONLY,108.0,0.2035707140291217,1.5182995192209228e-05,89.19335974404203
a098_i075,C448_T,DELAY_ONLY,112.0,0.17063000250930394,1.2014016459634271e-05,85.65421474491896
a098_i075,C448_T,DELAY_ONLY,116.0,0.14749750651482835,1.1520546861549998e-05,83.63664452680895
a098_i075,C448_T,DELAY_ONLY,120.0,0.12413698741468909,1.0724222671648902e-05,80.772388103634
a098_i075,C448_T,DELAY_ONLY,124.0,0.0977312487132701,9.318013092675601e-06,77.24370544579341
a098_i075,C448_T,DELAY_ONLY,128.0,0.07277732123038887,6.3606753894499205e-06,71.04791419972813
a098_i075,C448_T,DELAY_ONLY,132.0,0.04701610062158493,3.9493891229378315e-06,63.82614331573213
a098_i075,C448_T,DELAY_ONLY,136.0,0.021407150856785767,2.233397616633074e-06,53.61275540304366
a098_i075,C448_T,DELAY_ONLY,140.0,0.009458726119415253,1.0040899534321703e-06,41.772582046865956
a098_i075,C448_T,DELAY_ONLY,144.0,0.009078965376983215,2.440288410278074e-07,29.406177832094613
a098_i075,C448_T,DELAY_ONLY,148.0,0.005040073487967728,5.79044583150342e-08,17.1339798997793
a098_i075,C448_T,DELAY_ONLY,152.0,0.0030874601288348336,5.950152520769255e-09,6.997113843697727
a098_i075,C448_T,DELAY_ONLY,156.0,0.0029021437097805744,4.502976740868717e-10,5.259018911534492
a098_i075,C448_T,DELAY_ONLY,160.0,0.00106762161963957,6.937722822536368e-11,3.786604276839143
a098_i075,C448_T,DELAY_ONLY,164.0,2.457226948039911e-05,4.616302755541456e-12,0.5412154466269486
a098_i075,C448_T,DELAY_ONLY,168.0,3.824666512204482e-06,3.7170520004527906e-14,0.11244681324519495
a098_i075,C448_T,DELAY_ONLY,172.0,2.949410678031564e-06,9.30931550874128e-18,0.07673275251101623
a098_i075,C448_T,DELAY_ONLY,176.0,2.127776782689224e-06,0.0,0.054399170241503585
a098_i075,C448_T,DELAY_ONLY,180.0,1.0119845685468971e-06,0.0,0.01414501859302392
a098_i075,C448_T,DELAY_ONLY,184.0,7.589488306875715e-08,0.0,0.0007744806910107626
a098_i075,C448_T,DELAY_ONLY,188.0,1.99616577211214e-10,0.0,1.997959054594576e-06
a098_i075,C448_T,DELAY_ONLY,192.0,1.5264525763849343e-14,0.0,1.5265109854384187e-10
a098_i075,C448_T,DELAY_ONLY,196.0,3.339029926532584e-20,0.0,3.339035393336437e-16
a098_i075,C448_T,DELAY_ONLY,200.0,2.08663821796403e-27,0.0,2.086638374060438e-23
a098_i075,C448_T,DELAY_ONLY,204.0,3.724943007250819e-36,0.0,3.724943028858047e-32
a098_i075,C448_T,DELAY_ONLY,208.0,1.8994779129128577e-46,0.0,1.8994779159250333e-42
a098_i075,C448_T,DELAY_ONLY,212.0,2.7668825812710243e-58,0.0,2.766882583355879e-54
a098_i075,C448_T,DELAY_ONLY,216.0,1.1513014579052287e-71,0.0,1.1513014583469067e-67
a098_i075,C448_T,DELAY_ONLY,220.0,1.3684509083746612e-86,0.0,1.3684509086435623e-82
a098_i075,C448_T,DELAY_ONLY,224.0,4.646342625645143e-103,0.0,4.64634262611303e-99
a098_i075,C448_T,DELAY_ONLY,228.0,4.506455467678173e-121,0.0,4.5064554679107405e-117
a098_i075,C448_T,DELAY_ONLY,232.0,1.2485351620445412e-140,0.0,1.2485351620775632e-136
a098_i075,C448_T,DELAY_ONLY,236.0,9.881168695718091e-162,0.0,9.88116869585203e-158
a098_i075,C448_T,DELAY_ONLY,240.0,2.233868952117408e-184,0.0,2.2338689521329263e-180
a098_i075,C448_T,DELAY_ONLY,244.0,1.4426099137283585e-208,0.0,1.4426099137334947e-204
a098_i075,C448_T,DELAY_ONLY,248.0,2.661227329719556e-234,0.0,2.661227329724412e-230
a098_i075,C448_T,DELAY_ONLY,252.0,1.4023514871747514e-261,0.0,1.4023514871760631e-257
a098_i075,C448_T,SPATIAL_ONLY,0.0,2.2143621417510204e-18,2.3815231678412004e-26,2.8114697208884303e-14
a098_i075,C448_T,SPATIAL_ONLY,4.0,2.109342537982654e-12,9.263941460882591e-20,2.68795197456896e-08
a098_i075,C448_T,SPATIAL_ONLY,8.0,6.021574645407268e-08,1.6378135291077062e-14,0.0007778391803495916
a098_i075,C448_T,SPATIAL_ONLY,12.0,5.8090177167337205e-05,1.1156509552708095e-10,0.6690145312864482
a098_i075,C448_T,SPATIAL_ONLY,16.0,0.0027827310357717606,2.7756314253917305e-08,11.892312802200799
a098_i075,C448_T,SPATIAL_ONLY,20.0,0.015939593302878703,3.828375733335805e-07,30.136091295757602
a098_i075,C448_T,SPATIAL_ONLY,24.0,0.03420461374712419,9.643090004950336e-07,42.521288989385596
a098_i075,C448_T,SPATIAL_ONLY,28.0,0.05142572970153829,2.145273544782038e-06,52.3436900376005
a098_i075,C448_T,SPATIAL_ONLY,32.0,0.06616728415856049,4.045958746780176e-06,62.11130687957467
a098_i075,C448_T,SPATIAL_ONLY,36.0,0.0801671372652531,6.106126715030274e-06,69.0127338743878
a098_i075,C448_T,SPATIAL_ONLY,40.0,0.090505831838259,7.755130880699024e-06,76.50691666346695
a098_i075,C448_T,SPATIAL_ONLY,44.0,0.09527371205535393,8.299321384853114e-06,80.64672542943131
a098_i075,C448_T,SPATIAL_ONLY,48.0,0.10086398518008602,8.169267064383975e-06,82.38490722876564
a098_i075,C448_T,SPATIAL_ONLY,52.0,0.1194444602769466,6.517589592092431e-06,84.39636620115228
a098_i075,C448_T,SPATIAL_ONLY,56.0,0.14220838681226455,5.960119405923784e-06,84.79110245105942
a098_i075,C448_T,SPATIAL_ONLY,60.0,0.16783432637579854,5.69481971748588e-06,85.70205409156358
a098_i075,C448_T,SPATIAL_ONLY,64.0,0.23163881532026576,7.4839517562732034e-06,88.48798010145335
a098_i075,C448_T,SPATIAL_ONLY,68.0,0.3539006105080067,9.830764636624795e-06,89.76453072397116
a098_i075,C448_T,SPATIAL_ONLY,72.0,0.4746453843966977,9.469750005334097e-06,97.3623161101952
a098_i075,C448_T,SPATIAL_ONLY,76.0,0.6964684604598799,6.33674803525645e-06,106.61562665436348
a098_i075,C448_T,SPATIAL_ONLY,80.0,0.7860630248479615,4.127129292079743e-06,111.5587653792102
a098_i075,C448_T,SPATIAL_ONLY,84.0,0.8343674407881595,2.9614527781983467e-06,113.63769236638184
a098_i075,C448_T,SPATIAL_ONLY,88.0,0.8600218293037274,2.0036491656531125e-06,112.96447116904557
a098_i075,C448_T,SPATIAL_ONLY,92.0,0.862707456430946,1.8585819988427912e-06,109.70087082039512
a098_i075,C448_T,SPATIAL_ONLY,96.0,0.780896957382488,1.7614667088809699e-06,104.90356557514266
a098_i075,C448_T,SPATIAL_ONLY,100.0,0.43664457684427627,1.767049220768218e-06,97.88810146903363
a098_i075,C448_T,SPATIAL_ONLY,104.0,0.26353293258768884,1.6062289469203853e-06,88.5432287584841
a098_i075,C448_T,SPATIAL_ONLY,108.0,0.20325359654366915,1.5495125565541838e-06,83.90009675266147
a098_i075,C448_T,SPATIAL_ONLY,112.0,0.17119728698059555,1.2985818640465244e-06,79.566879454842
a098_i075,C448_T,SPATIAL_ONLY,116.0,0.14817460078757666,7.411800785848897e-07,74.42909189386874
a098_i075,C448_T,SPATIAL_ONLY,120.0,0.12431275516777528,5.461248613207504e-07,68.15885221067984
a098_i075,C448_T,SPATIAL_ONLY,124.0,0.09712080694252137,3.758702669269974e-07,60.75513212867495
a098_i075,C448_T,SPATIAL_ONLY,128.0,0.0718896019945548,2.540100791350845e-07,50.06656172638619
a098_i075,C448_T,SPATIAL_ONLY,132.0,0.06986272996444771,1.2480463963079504e-07,40.04964686893027
a098_i075,C448_T,SPATIAL_ONLY,136.0,0.034529340820900034,1.866439118686517e-08,29.348141303491534
a098_i075,C448_T,SPATIAL_ONLY,140.0,0.003519887090259629,3.08373920134308e-10,13.636106217288951
a098_i075,C448_T,SPATIAL_ONLY,144.0,6.183062100368955e-05,7.895507930849811e-13,0.9577326332905998
a098_i075,C448_T,SPATIAL_ONLY,148.0,4.786386089946438e-08,7.557269013394345e-17,0.0009868790968371888
a098_i075,C448_T,SPATIAL_ONLY,152.0,1.3626648706042737e-12,1.437526545167323e-22,2.8246235418133956e-08
a098_i075,C448_T,SPATIAL_ONLY,156.0,1.2125292360663328e-18,1.2959201734498435e-29,2.490806742002621e-14
a098_i075,C448_T,SPATIAL_ONLY,160.0,3.223551880880917e-26,6.569618431312137e-38,6.557163646378865e-22
a098_i075,C448_T,SPATIAL_ONLY,164.0,2.6542764222826125e-35,1.1203504591251207e-47,5.082595592018163e-31
a098_i075,C448_T,SPATIAL_ONLY,168.0,6.4399580624058784e-46,6.571037123834915e-59,1.152262451562333e-41
a098_i075,C448_T,SPATIAL_ONLY,172.0,4.557534794267447e-58,1.2323609097287913e-71,7.612238979637578e-54
a098_i075,C448_T,SPATIAL_ONLY,176.0,9.347195156593317e-72,6.77982214363292e-86,1.4618893239206712e-67
a098_i075,C448_T,SPATIAL_ONLY,180.0,5.532185024120164e-87,1.0615323680050521e-101,8.145741104221948e-83
a098_i075,C448_T,SPATIAL_ONLY,184.0,9.421912723415898e-104,5.090256142945931e-119,1.3146943267734191e-99
a098_i075,C448_T,SPATIAL_ONLY,188.0,4.608487900872192e-122,6.707032205910849e-138,6.136216867634006e-118
a098_i075,C448_T,SPATIAL_ONLY,192.0,6.46485076399226e-142,2.27416655596818e-158,8.269699365167522e-138
a098_i075,C448_T,SPATIAL_ONLY,196.0,2.5984389410827286e-163,0.0,3.2133370487550535e-159
a098_i075,C448_T,SPATIAL_ONLY,200.0,2.9902635701530365e-186,7.061834379717958e-203,3.5950782769449154e-182
a098_i075,C448_T,SPATIAL_ONLY,204.0,9.847339689746339e-211,0.0,1.1566634246793604e-206
a098_i075,C448_T,SPATIAL_ONLY,208.0,9.276148191530705e-237,0.0,1.0689870088412939e-232
a098_i075,C448_T,SPATIAL_ONLY,212.0,2.4987570926050383e-264,0.0,2.835214350034448e-260
a098_i075,C448_T,SPATIAL_ONLY,216.0,1.9243624494671937e-293,0.0,2.156196124633579e-289
a098_i075,C448_T,SPATIAL_ONLY,220.0,0.0,0.0,0.0
a098_i075,C448_T,SPATIAL_ONLY,224.0,0.0,0.0,0.0
a098_i075,C448_T,SPATIAL_ONLY,228.0,0.0,0.0,0.0
a098_i075,C448_T,SPATIAL_ONLY,232.0,0.0,0.0,0.0
a098_i075,C448_T,SPATIAL_ONLY,236.0,0.0,0.0,0.0
a098_i075,C448_T,SPATIAL_ONLY,240.0,0.0,0.0,0.0
a098_i075,C448_T,SPATIAL_ONLY,244.0,0.0,0.0,0.0
a098_i075,C448_T,SPATIAL_ONLY,248.0,0.0,0.0,0.0
a098_i075,C448_T,SPATIAL_ONLY,252.0,0.0,0.0,0.0
a098_i075,C448_T,UNRESOLVED_IMAGE,0.0,2.0375508460737684e-18,0.0,2.125943784699586e-14
a098_i075,C448_T,UNRESOLVED_IMAGE,4.0,1.9411421436354886e-12,0.0,2.0292812582901887e-08
a098_i075,C448_T,UNRESOLVED_IMAGE,8.0,5.5435884446204466e-08,0.0,0.0005830079059475281
a098_i075,C448_T,UNRESOLVED_IMAGE,12.0,5.3538658158533744e-05,0.0,0.4664329802818532
a098_i075,C448_T,UNRESOLVED_IMAGE,16.0,0.0025693131887344397,0.0,4.7764062397445475
a098_i075,C448_T,UNRESOLVED_IMAGE,20.0,0.01472524570643842,0.0,9.825238385066042
a098_i075,C448_T,UNRESOLVED_IMAGE,24.0,0.03159905343648575,1.035194935850603e-19,14.37416683148924
a098_i075,C448_T,UNRESOLVED_IMAGE,28.0,0.047530790650653965,0.0,18.1093109073638
a098_i075,C448_T,UNRESOLVED_IMAGE,32.0,0.061137991217675755,1.4519656951483637e-18,21.606552008022113
a098_i075,C448_T,UNRESOLVED_IMAGE,36.0,0.07408002343481579,1.6835268460857824e-17,25.168054470156623
a098_i075,C448_T,UNRESOLVED_IMAGE,40.0,0.08362827878508897,2.463195516004068e-16,28.578156354295697
a098_i075,C448_T,UNRESOLVED_IMAGE,44.0,0.08790194677504927,2.0297487652986652e-15,31.416620546441603
a098_i075,C448_T,UNRESOLVED_IMAGE,48.0,0.09286583548782557,1.8762238116943755e-14,34.27113367620368
a098_i075,C448_T,UNRESOLVED_IMAGE,52.0,0.1096178238067588,1.615745676472184e-13,37.5833118579091
a098_i075,C448_T,UNRESOLVED_IMAGE,56.0,0.1302286249981659,2.100993945877324e-12,41.2854418719021
a098_i075,C448_T,UNRESOLVED_IMAGE,60.0,0.15334399609801458,3.5150267031615226e-11,47.28558952915117
a098_i075,C448_T,UNRESOLVED_IMAGE,64.0,0.213381551380998,8.628783121040971e-10,56.063395378115565
a098_i075,C448_T,UNRESOLVED_IMAGE,68.0,0.3265728165079659,2.783570819081516e-08,66.74560990269836
a098_i075,C448_T,UNRESOLVED_IMAGE,72.0,0.4364966134801023,3.007408320415248e-07,81.05232759793623
a098_i075,C448_T,UNRESOLVED_IMAGE,76.0,0.6411678632353002,1.2678586361431143e-06,94.35250803549977
a098_i075,C448_T,UNRESOLVED_IMAGE,80.0,0.72459034601301,7.961705123560461e-07,101.64908201739294
a098_i075,C448_T,UNRESOLVED_IMAGE,84.0,0.7692055559768592,4.563004220785865e-07,104.23046243902753
a098_i075,C448_T,UNRESOLVED_IMAGE,88.0,0.7907379637198836,1.5100404862289883e-07,102.45670651448228
a098_i075,C448_T,UNRESOLVED_IMAGE,92.0,0.7921598689550018,4.502648102035661e-08,97.5892858581895
a098_i075,C448_T,UNRESOLVED_IMAGE,96.0,0.7172546696575886,1.5795482009189128e-08,91.53933996660128
a098_i075,C448_T,UNRESOLVED_IMAGE,100.0,0.40161605371915277,8.197799552624465e-09,83.47800668503253
a098_i075,C448_T,UNRESOLVED_IMAGE,104.0,0.24285037082131689,6.611685624784191e-09,72.01560131989666
a098_i075,C448_T,UNRESOLVED_IMAGE,108.0,0.18648176814252965,7.412070757035141e-09,61.33393920556745
a098_i075,C448_T,UNRESOLVED_IMAGE,112.0,0.15619914515759603,6.041633953088422e-09,52.77903619480104
a098_i075,C448_T,UNRESOLVED_IMAGE,116.0,0.13518942607887402,3.983436555215198e-09,43.62762708376812
a098_i075,C448_T,UNRESOLVED_IMAGE,120.0,0.11382888277221598,7.52619196699479e-09,34.37921223574386
a098_i075,C448_T,UNRESOLVED_IMAGE,124.0,0.08941141083997808,1.0217901430416813e-08,26.01685096979464
a098_i075,C448_T,UNRESOLVED_IMAGE,128.0,0.06631460756495652,7.145494345340771e-09,19.60661068925949
a098_i075,C448_T,UNRESOLVED_IMAGE,132.0,0.042673203348495066,4.030551116279318e-09,15.47101729573251
a098_i075,C448_T,UNRESOLVED_IMAGE,136.0,0.019091995654202592,2.6911200120526515e-09,10.695742318109145
a098_i075,C448_T,UNRESOLVED_IMAGE,140.0,0.0035380814092742276,1.7423387736798727e-09,5.572960149954737
a098_i075,C448_T,UNRESOLVED_IMAGE,144.0,0.00022914406288688095,1.0426012603771453e-09,1.9148017801685053
a098_i075,C448_T,UNRESOLVED_IMAGE,148.0,5.306983808701025e-05,5.13624759445327e-10,0.7945263921623229
a098_i075,C448_T,UNRESOLVED_IMAGE,152.0,7.962195685403909e-06,3.6885412518887376e-11,0.1596295567316951
a098_i075,C448_T,UNRESOLVED_IMAGE,156.0,7.563972084346023e-06,9.86268454435113e-14,0.07580644290603536
a098_i075,C448_T,UNRESOLVED_IMAGE,160.0,3.64214090514062e-06,2.5520077224411926e-15,0.036464243702462776
a098_i075,C448_T,UNRESOLVED_IMAGE,164.0,2.571016552610927e-07,4.477138148180674e-18,0.0028464188627944503
a098_i075,C448_T,UNRESOLVED_IMAGE,168.0,6.740067329064868e-09,1.4539806528467212e-20,0.00018485756712109918
a098_i075,C448_T,UNRESOLVED_IMAGE,172.0,5.832330168793324e-09,8.489642104187672e-25,0.00010242364882291723
a098_i075,C448_T,UNRESOLVED_IMAGE,176.0,4.739699179567997e-09,0.0,6.702012409869545e-05
a098_i075,C448_T,UNRESOLVED_IMAGE,180.0,1.838382938890749e-09,0.0,2.0723173388462907e-05
a098_i075,C448_T,UNRESOLVED_IMAGE,184.0,1.2401526021444216e-10,0.0,1.2492881137307216e-06
a098_i075,C448_T,UNRESOLVED_IMAGE,188.0,3.243054252506264e-13,0.0,3.244067733668472e-09
a098_i075,C448_T,UNRESOLVED_IMAGE,192.0,2.4793018257525406e-17,0.0,2.4793351424279906e-13
a098_i075,C448_T,UNRESOLVED_IMAGE,196.0,5.423273582248278e-23,0.0,5.423278025936369e-19
a098_i075,C448_T,UNRESOLVED_IMAGE,200.0,3.3891293608460504e-30,0.0,3.389129934412941e-26
a098_i075,C448_T,UNRESOLVED_IMAGE,204.0,6.05007295147374e-39,0.0,6.050073413503738e-35
a098_i075,C448_T,UNRESOLVED_IMAGE,208.0,3.085142486656215e-49,0.0,3.085142606078347e-45
a098_i075,C448_T,UNRESOLVED_IMAGE,212.0,4.4939859256541006e-61,0.0,4.4939860147254475e-57
a098_i075,C448_T,UNRESOLVED_IMAGE,216.0,1.869950168115311e-74,0.0,1.8699501871081843e-70
a098_i075,C448_T,UNRESOLVED_IMAGE,220.0,2.222645501403947e-89,0.0,2.2226455129734344e-85
a098_i075,C448_T,UNRESOLVED_IMAGE,224.0,7.54661527985538e-106,0.0,7.54661529998714e-102
a098_i075,C448_T,UNRESOLVED_IMAGE,228.0,7.319409787530896e-124,0.0,7.319409797537608e-120
a098_i075,C448_T,UNRESOLVED_IMAGE,232.0,2.027877685842043e-143,0.0,2.027877687262876e-139
a098_i075,C448_T,UNRESOLVED_IMAGE,236.0,1.604904861091368e-164,0.0,1.604904861667652e-160
a098_i075,C448_T,UNRESOLVED_IMAGE,240.0,3.628262253884916e-187,0.0,3.628262254552601e-183
a098_i075,C448_T,UNRESOLVED_IMAGE,244.0,2.343094966291334e-211,0.0,2.343094966512312e-207
a098_i075,C448_T,UNRESOLVED_IMAGE,248.0,4.322380084237353e-237,0.0,4.322380084446268e-233
a098_i075,C448_T,UNRESOLVED_IMAGE,252.0,2.2777070081809045e-264,0.0,2.2777070082373245e-260
a098_i075,C448_T,EQUALIZED_ORDER_SENSITIVITY,0.0,2.2139292372312434e-18,0.0,2.310097125026013e-14
a098_i075,C448_T,EQUALIZED_ORDER_SENSITIVITY,4.0,2.10893087141207e-12,0.0,2.2047931881053643e-08
a098_i075,C448_T,EQUALIZED_ORDER_SENSITIVITY,8.0,6.020411969617873e-08,0.0,0.0006331589861092248
a098_i075,C448_T,EQUALIZED_ORDER_SENSITIVITY,12.0,5.8079160896825266e-05,0.0,0.49870326153689665
a098_i075,C448_T,EQUALIZED_ORDER_SENSITIVITY,16.0,0.0027821621033603423,0.0,4.9231692626135
a098_i075,C448_T,EQUALIZED_ORDER_SENSITIVITY,20.0,0.015935606482087757,3.5416184233554385e-20,10.06891519011528
a098_i075,C448_T,EQUALIZED_ORDER_SENSITIVITY,24.0,0.034194883656563896,6.170713544779173e-20,14.706253547137852
a098_i075,C448_T,EQUALIZED_ORDER_SENSITIVITY,28.0,0.05140937565847452,0.0,18.503115661114357
a098_i075,C448_T,EQUALIZED_ORDER_SENSITIVITY,32.0,0.06614177456095299,1.2742070536216725e-18,22.06493449845582
a098_i075,C448_T,EQUALIZED_ORDER_SENSITIVITY,36.0,0.08012513296187358,1.975915144141987e-17,25.687294540370697
a098_i075,C448_T,EQUALIZED_ORDER_SENSITIVITY,40.0,0.09043513831187744,2.654805964989719e-16,29.164668437324544
a098_i075,C448_T,EQUALIZED_ORDER_SENSITIVITY,44.0,0.09507686746491203,2.1939061433043203e-15,32.06343984763517
a098_i075,C448_T,EQUALIZED_ORDER_SENSITIVITY,48.0,0.10040694525342919,2.025140278899112e-14,34.97112460079265
a098_i075,C448_T,EQUALIZED_ORDER_SENSITIVITY,52.0,0.1185175666767922,1.7505847087695758e-13,38.35491712207855
a098_i075,C448_T,EQUALIZED_ORDER_SENSITIVITY,56.0,0.14085613449385004,2.2714830354807306e-12,42.13252972972994
a098_i075,C448_T,EQUALIZED_ORDER_SENSITIVITY,60.0,0.16600805770010257,3.798377339755253e-11,48.25344019309993
a098_i075,C448_T,EQUALIZED_ORDER_SENSITIVITY,64.0,0.230678685765156,9.339851821083612e-10,57.192621604674784
a098_i075,C448_T,EQUALIZED_ORDER_SENSITIVITY,68.0,0.35330717209201434,3.020222421755312e-08,68.07158054885308
a098_i075,C448_T,EQUALIZED_ORDER_SENSITIVITY,72.0,0.47398440508024386,3.272686308724151e-07,82.60288640380503
a098_i075,C448_T,EQUALIZED_ORDER_SENSITIVITY,76.0,0.6957378296786945,1.7600728544186806e-06,98.13985383263032
a098_i075,C448_T,EQUALIZED_ORDER_SENSITIVITY,80.0,0.7862756755783938,1.617989023174059e-06,115.75012795505918
a098_i075,C448_T,EQUALIZED_ORDER_SENSITIVITY,84.0,1.2609905877396614,1.156918178805757e-06,130.4867168047672
a098_i075,C448_T,EQUALIZED_ORDER_SENSITIVITY,88.0,1.6701593369662848,5.126134329408991e-07,140.18673361318415
a098_i075,C448_T,EQUALIZED_ORDER_SENSITIVITY,92.0,2.1240136925891018,3.1205304867235647e-07,144.49479292744405
a098_i075,C448_T,EQUALIZED_ORDER_SENSITIVITY,96.0,2.761463643242759,5.915235018830859e-07,149.76815713205087
a098_i075,C448_T,EQUALIZED_ORDER_SENSITIVITY,100.0,3.25282884554059,1.8370932507955795e-06,159.21312686458117
a098_i075,C448_T,EQUALIZED_ORDER_SENSITIVITY,104.0,3.2619809726102575,4.687293812150811e-06,166.61391649019114
a098_i075,C448_T,EQUALIZED_ORDER_SENSITIVITY,108.0,3.877417069342564,1.173161409997056e-05,171.652574438054
a098_i075,C448_T,EQUALIZED_ORDER_SENSITIVITY,112.0,3.8517150042041903,2.1515726643773367e-05,176.62383988287655
a098_i075,C448_T,EQUALIZED_ORDER_SENSITIVITY,116.0,3.1386066720657553,4.06951855761512e-05,180.98790792031227
a098_i075,C448_T,EQUALIZED_ORDER_SENSITIVITY,120.0,5.043305538076934,9.334473262617754e-05,183.8805335331013
a098_i075,C448_T,EQUALIZED_ORDER_SENSITIVITY,124.0,5.391438595803672,0.00016472672125078167,184.2101098181411
a098_i075,C448_T,EQUALIZED_ORDER_SENSITIVITY,128.0,5.1339227367167775,0.00024371109986472386,182.82545861814776
a098_i075,C448_T,EQUALIZED_ORDER_SENSITIVITY,132.0,5.636669019402701,0.00033202675216066667,178.8394971989243
a098_i075,C448_T,EQUALIZED_ORDER_SENSITIVITY,136.0,5.1806658109825845,0.00044945337607056016,172.6157423086814
a098_i075,C448_T,EQUALIZED_ORDER_SENSITIVITY,140.0,4.787537722650817,0.0004968687082020201,166.2768610117085
a098_i075,C448_T,EQUALIZED_ORDER_SENSITIVITY,144.0,4.627038019981365,0.0003129785559175554,154.0096354324026
a098_i075,C448_T,EQUALIZED_ORDER_SENSITIVITY,148.0,3.9751660446605417,0.00014539494185748103,129.64508448484008
a098_i075,C448_T,EQUALIZED_ORDER_SENSITIVITY,152.0,1.468795381785414,1.9472577170283754e-05,91.31121911579552
a098_i075,C448_T,EQUALIZED_ORDER_SENSITIVITY,156.0,0.04051887820954732,5.658374333502027e-08,60.16421800217203
a098_i075,C448_T,EQUALIZED_ORDER_SENSITIVITY,160.0,0.015056385126195641,1.4270453294228896e-09,41.58912866118855
a098_i075,C448_T,EQUALIZED_ORDER_SENSITIVITY,164.0,0.006472625037042141,2.629277382554017e-12,29.747411137672024
a098_i075,C448_T,EQUALIZED_ORDER_SENSITIVITY,168.0,0.005301976386142814,2.4096716756470313e-15,19.85537646663402
a098_i075,C448_T,EQUALIZED_ORDER_SENSITIVITY,172.0,0.004575884541998532,2.0096559240997405e-19,11.83650850928326
a098_i075,C448_T,EQUALIZED_ORDER_SENSITIVITY,176.0,0.00373424394642335,0.0,7.275380101153948
a098_i075,C448_T,EQUALIZED_ORDER_SENSITIVITY,180.0,0.0014982088637958825,0.0,3.8724918050611183
a098_i075,C448_T,EQUALIZED_ORDER_SENSITIVITY,184.0,0.00010200346245315035,0.0,0.7102906620704044
a098_i075,C448_T,EQUALIZED_ORDER_SENSITIVITY,188.0,2.668815625973876e-07,0.0,0.0026660586953079343
a098_i075,C448_T,EQUALIZED_ORDER_SENSITIVITY,192.0,2.0403458537603745e-11,0.0,2.040371892958253e-07
a098_i075,C448_T,EQUALIZED_ORDER_SENSITIVITY,196.0,4.463097176495329e-17,0.0,4.4631007089880423e-13
a098_i075,C448_T,EQUALIZED_ORDER_SENSITIVITY,200.0,2.789092993936634e-24,0.0,2.789093457232531e-20
a098_i075,C448_T,EQUALIZED_ORDER_SENSITIVITY,204.0,4.9789235871333455e-33,0.0,4.978923961715996e-29
a098_i075,C448_T,EQUALIZED_ORDER_SENSITIVITY,208.0,2.538926194938876e-43,0.0,2.5389262917921216e-39
a098_i075,C448_T,EQUALIZED_ORDER_SENSITIVITY,212.0,3.698337641039987e-55,0.0,3.698337713280378e-51
a098_i075,C448_T,EQUALIZED_ORDER_SENSITIVITY,216.0,1.5388804522356086e-68,0.0,1.5388804676396194e-64
a098_i075,C448_T,EQUALIZED_ORDER_SENSITIVITY,220.0,1.829132012543047e-83,0.0,1.829132021926385e-79
a098_i075,C448_T,EQUALIZED_ORDER_SENSITIVITY,224.0,6.210507067371192e-100,0.0,6.210507083698891e-96
a098_i075,C448_T,EQUALIZED_ORDER_SENSITIVITY,228.0,6.023527704637083e-118,0.0,6.023527712752945e-114
a098_i075,C448_T,EQUALIZED_ORDER_SENSITIVITY,232.0,1.6688473219649395e-137,0.0,1.6688473231172942e-133
a098_i075,C448_T,EQUALIZED_ORDER_SENSITIVITY,236.0,1.3207607135973316e-158,0.0,1.3207607140647219e-154
a098_i075,C448_T,EQUALIZED_ORDER_SENSITIVITY,240.0,2.985888048404688e-181,0.0,2.9858880489462087e-177
a098_i075,C448_T,EQUALIZED_ORDER_SENSITIVITY,244.0,1.9282562192507894e-205,0.0,1.928256219430012e-201
a098_i075,C448_T,EQUALIZED_ORDER_SENSITIVITY,248.0,3.5571141585390285e-231,0.0,3.557114158708467e-227
a098_i075,C448_T,EQUALIZED_ORDER_SENSITIVITY,252.0,1.8744450256353166e-258,0.0,1.874445025681075e-254
a098_i075,C448_T,PAIRING_DESTROYED,0.0,2.9341608449204415e-18,1.6738918836868475e-28,4.258810007349175e-14
a098_i075,C448_T,PAIRING_DESTROYED,4.0,2.739603200568778e-12,2.45167546515039e-21,4.0882020424314876e-08
a098_i075,C448_T,PAIRING_DESTROYED,8.0,7.374458288066301e-08,1.5356207839884197e-15,0.0012046531040185659
a098_i075,C448_T,PAIRING_DESTROYED,12.0,5.924940060103699e-05,3.8620542394067804e-11,1.105373586366145
a098_i075,C448_T,PAIRING_DESTROYED,16.0,0.00208185251161504,3.7528302108366425e-08,21.728317075415617
a098_i075,C448_T,PAIRING_DESTROYED,20.0,0.01488607737034983,1.640721143863927e-06,57.8341840699369
a098_i075,C448_T,PAIRING_DESTROYED,24.0,0.05784616631214548,7.795903109056731e-06,84.0525318785861
a098_i075,C448_T,PAIRING_DESTROYED,28.0,0.1447966612204448,1.5122957020879653e-05,101.49959273235469
a098_i075,C448_T,PAIRING_DESTROYED,32.0,0.2651429354054977,1.996901667729361e-05,109.57618931836376
a098_i075,C448_T,PAIRING_DESTROYED,36.0,0.2802868017653397,2.8880929076254042e-05,117.8189129421065
a098_i075,C448_T,PAIRING_DESTROYED,40.0,0.28337774344171585,3.6723426901863205e-05,123.58696512954901
a098_i075,C448_T,PAIRING_DESTROYED,44.0,0.27814893568101084,3.801449589031511e-05,123.83857955761886
a098_i075,C448_T,PAIRING_DESTROYED,48.0,0.25828809881780607,3.794937986812268e-05,121.36332366140698
a098_i075,C448_T,PAIRING_DESTROYED,52.0,0.19415370226311968,3.1848551871957134e-05,115.37618261692428
a098_i075,C448_T,PAIRING_DESTROYED,56.0,0.19795718954675004,2.1331868675715025e-05,111.84694735802267
a098_i075,C448_T,PAIRING_DESTROYED,60.0,0.18763287758625619,1.673010762028249e-05,111.02317151457731
a098_i075,C448_T,PAIRING_DESTROYED,64.0,0.1556154084487955,2.61010426376193e-05,113.06943961355006
a098_i075,C448_T,PAIRING_DESTROYED,68.0,0.17202032418057053,2.897459712480756e-05,115.38876081598741
a098_i075,C448_T,PAIRING_DESTROYED,72.0,0.17744199329658658,3.065748626317464e-05,118.03866955362552
a098_i075,C448_T,PAIRING_DESTROYED,76.0,0.20675320979436182,3.221251144379938e-05,122.08934069926339
a098_i075,C448_T,PAIRING_DESTROYED,80.0,0.2556380342318028,4.561517510264546e-05,127.78339855544753
a098_i075,C448_T,PAIRING_DESTROYED,84.0,0.2842923552568263,6.403759572229219e-05,134.6003609155798
a098_i075,C448_T,PAIRING_DESTROYED,88.0,0.2999480491872735,8.574158080140226e-05,137.92245414152126
a098_i075,C448_T,PAIRING_DESTROYED,92.0,0.33268075786534407,9.383085013132958e-05,139.7896855555283
a098_i075,C448_T,PAIRING_DESTROYED,96.0,0.3703591524799537,9.967343041994761e-05,141.93182966228133
a098_i075,C448_T,PAIRING_DESTROYED,100.0,0.3819838437629537,0.0001071978514788558,143.56621113594736
a098_i075,C448_T,PAIRING_DESTROYED,104.0,0.38281619659265137,0.00011029567944224891,143.0707139981197
a098_i075,C448_T,PAIRING_DESTROYED,108.0,0.3839945349139074,0.0001055729410294755,141.2757967739924
a098_i075,C448_T,PAIRING_DESTROYED,112.0,0.3805077154203957,9.235431095245532e-05,138.96862987143516
a098_i075,C448_T,PAIRING_DESTROYED,116.0,0.36789737048367227,8.259535747956035e-05,136.33918442592244
a098_i075,C448_T,PAIRING_DESTROYED,120.0,0.32065906852118653,6.784751063643841e-05,131.6557277497459
a098_i075,C448_T,PAIRING_DESTROYED,124.0,0.2709147632902311,5.042738295621832e-05,124.0029033390321
a098_i075,C448_T,PAIRING_DESTROYED,128.0,0.23483853021042367,3.089128132158511e-05,114.94361806956819
a098_i075,C448_T,PAIRING_DESTROYED,132.0,0.16456541599444285,1.189727779692468e-05,101.37524681013309
a098_i075,C448_T,PAIRING_DESTROYED,136.0,0.08458680263385121,4.004041018077037e-06,83.7592543577405
a098_i075,C448_T,PAIRING_DESTROYED,140.0,0.02590908205191915,1.0656544227995244e-06,57.31408862840749
a098_i075,C448_T,PAIRING_DESTROYED,144.0,0.013189370073967302,1.944221095856309e-07,33.562466016968514
a098_i075,C448_T,PAIRING_DESTROYED,148.0,0.006189855913298093,1.6995689799476103e-08,22.70463390650338
a098_i075,C448_T,PAIRING_DESTROYED,152.0,0.0006780977637023252,3.399459683149557e-09,10.37680701262227
a098_i075,C448_T,PAIRING_DESTROYED,156.0,0.0006006332621976735,7.521955381968216e-11,6.812106895793717
a098_i075,C448_T,PAIRING_DESTROYED,160.0,0.0002818725184547658,8.251993152095154e-12,5.440573793753938
a098_i075,C448_T,PAIRING_DESTROYED,164.0,0.00023346973043416198,5.381278895777833e-14,2.6640806742316925
a098_i075,C448_T,PAIRING_DESTROYED,168.0,0.00017119908046099765,2.487909816276922e-16,1.47412096091341
a098_i075,C448_T,PAIRING_DESTROYED,172.0,0.00016230856178678436,5.509951187896115e-21,1.3070113410370532
a098_i075,C448_T,PAIRING_DESTROYED,176.0,0.00012736720820860718,0.0,1.1296778900206033
a098_i075,C448_T,PAIRING_DESTROYED,180.0,3.2857816054657836e-05,0.0,0.35970094931012575
a098_i075,C448_T,PAIRING_DESTROYED,184.0,1.212717950220073e-06,0.0,0.012792098587255354
a098_i075,C448_T,PAIRING_DESTROYED,188.0,1.631530224717405e-09,0.0,1.7431454271172978e-05
a098_i075,C448_T,PAIRING_DESTROYED,192.0,6.397583375660146e-14,0.0,7.222133671795766e-10
a098_i075,C448_T,PAIRING_DESTROYED,196.0,7.185773486367921e-20,0.0,8.983201225713337e-16
a098_i075,C448_T,PAIRING_DESTROYED,200.0,2.316131414689378e-27,0.0,3.4321498040363574e-23
a098_i075,C448_T,PAIRING_DESTROYED,204.0,2.2772483993619932e-36,0.0,4.131008563067864e-32
a098_i075,C448_T,PAIRING_DESTROYED,208.0,1.048303455445944e-46,0.0,1.584954427677646e-42
a098_i075,C448_T,PAIRING_DESTROYED,212.0,1.5157543673328904e-58,0.0,1.91935226016682e-54
a098_i075,C448_T,PAIRING_DESTROYED,216.0,6.293590882815222e-72,0.0,7.156096006591528e-68
a098_i075,C448_T,PAIRING_DESTROYED,220.0,7.474167069397304e-87,0.0,8.000019091969963e-83
a098_i075,C448_T,PAIRING_DESTROYED,224.0,2.5367184790336007e-103,0.0,2.6282570061193263e-99
a098_i075,C448_T,PAIRING_DESTROYED,228.0,2.45987109840052e-121,0.0,2.5053801064744915e-117
a098_i075,C448_T,PAIRING_DESTROYED,232.0,6.814535488500973e-141,0.0,6.879159017872979e-137
a098_i075,C448_T,PAIRING_DESTROYED,236.0,5.39290376690877e-162,0.0,5.419116068448736e-158
a098_i075,C448_T,PAIRING_DESTROYED,240.0,1.219161666732083e-184,0.0,1.2221987108904775e-180
a098_i075,C448_T,PAIRING_DESTROYED,244.0,7.873122880438493e-209,0.0,7.883174444377946e-205
a098_i075,C448_T,PAIRING_DESTROYED,248.0,1.4523700483378148e-234,0.0,1.4533203365309994e-230
a098_i075,C448_T,PAIRING_DESTROYED,252.0,7.653335479646951e-262,0.0,7.655901839182313e-258
a098_i075,C528_S,DIRECT_PHYSICAL,0.0,6.372281487298327e-18,0.0,7.054999988645405e-14
a098_i075,C528_S,DIRECT_PHYSICAL,4.0,6.049473745150769e-12,0.0,6.725763563385564e-08
a098_i075,C528_S,DIRECT_PHYSICAL,8.0,1.7074709377236816e-07,0.0,0.00192276291976709
a098_i075,C528_S,DIRECT_PHYSICAL,12.0,0.00015897651743113002,0.0,1.1986317371683812
a098_i075,C528_S,DIRECT_PHYSICAL,16.0,0.006986679556923345,0.0,8.490261908444143
a098_i075,C528_S,DIRECT_PHYSICAL,20.0,0.035015308859204154,0.0,17.166057275210285
a098_i075,C528_S,DIRECT_PHYSICAL,24.0,0.06556493361653408,0.0,24.823876293632996
a098_i075,C528_S,DIRECT_PHYSICAL,28.0,0.08987472946461351,0.0,30.952558254504005
a098_i075,C528_S,DIRECT_PHYSICAL,32.0,0.10678014029310601,0.0,36.895604668598885
a098_i075,C528_S,DIRECT_PHYSICAL,36.0,0.12072163440227546,0.0,43.12058555811078
a098_i075,C528_S,DIRECT_PHYSICAL,40.0,0.1284640626487411,0.0,49.04055971714836
a098_i075,C528_S,DIRECT_PHYSICAL,44.0,0.13026603715123358,0.0,53.78820205867606
a098_i075,C528_S,DIRECT_PHYSICAL,48.0,0.13289093597254303,0.0,58.654428781510894
a098_i075,C528_S,DIRECT_PHYSICAL,52.0,0.15365397349961712,0.0,64.41799100066918
a098_i075,C528_S,DIRECT_PHYSICAL,56.0,0.17918514434643662,0.0,71.98717303728415
a098_i075,C528_S,DIRECT_PHYSICAL,60.0,0.20377328797493705,2.2602015147061204e-18,84.7484054485586
a098_i075,C528_S,DIRECT_PHYSICAL,64.0,0.26933453515974926,5.77535916760721e-14,104.46683251366171
a098_i075,C528_S,DIRECT_PHYSICAL,68.0,0.4125811161941485,3.040967477707357e-11,128.69656037198342
a098_i075,C528_S,DIRECT_PHYSICAL,72.0,0.537283420548083,2.659759755283379e-10,165.78504673423603
a098_i075,C528_S,DIRECT_PHYSICAL,76.0,0.9001137540400657,2.9305673597239905e-09,202.9070931671606
a098_i075,C528_S,DIRECT_PHYSICAL,80.0,1.3660658263254017,1.789979528952431e-09,221.86501506033204
a098_i075,C528_S,DIRECT_PHYSICAL,84.0,1.4127187000003354,2.2762405457068585e-10,224.51864154449265
a098_i075,C528_S,DIRECT_PHYSICAL,88.0,1.4163028339084014,3.494240875095521e-11,215.92591103726525
a098_i075,C528_S,DIRECT_PHYSICAL,92.0,1.4151942447033865,3.2020617284647433e-12,199.13984725605016
a098_i075,C528_S,DIRECT_PHYSICAL,96.0,1.3014411388533054,3.158554854826014e-13,178.0903417658729
a098_i075,C528_S,DIRECT_PHYSICAL,100.0,0.4912712557780702,1.672409237831113e-14,147.59576705599198
a098_i075,C528_S,DIRECT_PHYSICAL,104.0,0.30497396785376296,1.1429190891154493e-15,105.1762250439406
a098_i075,C528_S,DIRECT_PHYSICAL,108.0,0.2504995931926406,4.690065004368918e-17,70.00006010946508
a098_i075,C528_S,DIRECT_PHYSICAL,112.0,0.22235967511572957,0.0,56.47468250498083
a098_i075,C528_S,DIRECT_PHYSICAL,116.0,0.20525055166946118,0.0,49.98280965853766
a098_i075,C528_S,DIRECT_PHYSICAL,120.0,0.186336704128524,0.0,43.35797438522333
a098_i075,C528_S,DIRECT_PHYSICAL,124.0,0.15830576820332082,0.0,36.77710537669851
a098_i075,C528_S,DIRECT_PHYSICAL,128.0,0.12878052448704633,0.0,30.740306127533724
a098_i075,C528_S,DIRECT_PHYSICAL,132.0,0.09253565238562864,0.0,24.674368514992867
a098_i075,C528_S,DIRECT_PHYSICAL,136.0,0.04756854779664249,0.0,17.00711335506859
a098_i075,C528_S,DIRECT_PHYSICAL,140.0,0.009385731232316119,0.0,7.90305589010322
a098_i075,C528_S,DIRECT_PHYSICAL,144.0,0.00017375328010534171,0.0,1.1547932441240023
a098_i075,C528_S,DIRECT_PHYSICAL,148.0,1.385249511295324e-07,0.0,0.001479605483873574
a098_i075,C528_S,DIRECT_PHYSICAL,152.0,3.8811831765818424e-12,0.0,4.0873635351352964e-08
a098_i075,C528_S,DIRECT_PHYSICAL,156.0,3.502542839860735e-18,0.0,3.648075892500633e-14
a098_i075,C528_S,DIRECT_PHYSICAL,160.0,9.702714798267357e-26,0.0,1.002190731111143e-21
a098_i075,C528_S,DIRECT_PHYSICAL,164.0,8.031815681169747e-35,0.0,8.242898954910362e-31
a098_i075,C528_S,DIRECT_PHYSICAL,168.0,1.95596263922339e-45,0.0,1.9972351831223156e-41
a098_i075,C528_S,DIRECT_PHYSICAL,172.0,1.3879590634699062e-57,0.0,1.4115189141095047e-53
a098_i075,C528_S,DIRECT_PHYSICAL,176.0,2.8523544253718607e-71,0.0,2.8913037979287955e-67
a098_i075,C528_S,DIRECT_PHYSICAL,180.0,1.6907881032209016e-86,0.0,1.7093430850071112e-82
a098_i075,C528_S,DIRECT_PHYSICAL,184.0,2.88305267795513e-103,0.0,2.9084439245261466e-99
a098_i075,C528_S,DIRECT_PHYSICAL,188.0,1.411500206656318e-121,0.0,1.4214612911931521e-117
a098_i075,C528_S,DIRECT_PHYSICAL,192.0,1.9815455533288098e-141,0.0,1.9927341738022138e-137
a098_i075,C528_S,DIRECT_PHYSICAL,196.0,7.969190667049778e-163,0.0,8.005143873875796e-159
a098_i075,C528_S,DIRECT_PHYSICAL,200.0,9.175182108891923e-186,0.0,9.208215865610854e-182
a098_i075,C528_S,DIRECT_PHYSICAL,204.0,3.0226372301066836e-210,0.0,3.031312551630008e-206
a098_i075,C528_S,DIRECT_PHYSICAL,208.0,2.848154920828006e-236,0.0,2.8546655153630032e-232
a098_i075,C528_S,DIRECT_PHYSICAL,212.0,7.67401222036875e-264,0.0,7.68797261473912e-260
a098_i075,C528_S,DIRECT_PHYSICAL,216.0,5.911080682331717e-293,0.0,5.919632806103682e-289
a098_i075,C528_S,DIRECT_PHYSICAL,220.0,0.0,0.0,0.0
a098_i075,C528_S,DIRECT_PHYSICAL,224.0,0.0,0.0,0.0
a098_i075,C528_S,DIRECT_PHYSICAL,228.0,0.0,0.0,0.0
a098_i075,C528_S,DIRECT_PHYSICAL,232.0,0.0,0.0,0.0
a098_i075,C528_S,DIRECT_PHYSICAL,236.0,0.0,0.0,0.0
a098_i075,C528_S,DIRECT_PHYSICAL,240.0,0.0,0.0,0.0
a098_i075,C528_S,DIRECT_PHYSICAL,244.0,0.0,0.0,0.0
a098_i075,C528_S,DIRECT_PHYSICAL,248.0,0.0,0.0,0.0
a098_i075,C528_S,DIRECT_PHYSICAL,252.0,0.0,0.0,0.0
a098_i075,C528_S,RESOLVED_PHYSICAL,0.0,6.372281487298327e-18,0.0,7.054999988645405e-14
a098_i075,C528_S,RESOLVED_PHYSICAL,4.0,6.049473745150769e-12,0.0,6.725763563385564e-08
a098_i075,C528_S,RESOLVED_PHYSICAL,8.0,1.7074709377236816e-07,0.0,0.00192276291976709
a098_i075,C528_S,RESOLVED_PHYSICAL,12.0,0.00015897651743113002,0.0,1.1986317371683812
a098_i075,C528_S,RESOLVED_PHYSICAL,16.0,0.006986679556923345,0.0,8.490261908444143
a098_i075,C528_S,RESOLVED_PHYSICAL,20.0,0.035015308859204154,0.0,17.166057275210285
a098_i075,C528_S,RESOLVED_PHYSICAL,24.0,0.06556493361653408,0.0,24.823876293632996
a098_i075,C528_S,RESOLVED_PHYSICAL,28.0,0.08987472946461351,0.0,30.952558254504005
a098_i075,C528_S,RESOLVED_PHYSICAL,32.0,0.10678014029310601,0.0,36.895604668598885
a098_i075,C528_S,RESOLVED_PHYSICAL,36.0,0.12072163440227546,0.0,43.12058555811078
a098_i075,C528_S,RESOLVED_PHYSICAL,40.0,0.1284640626487411,0.0,49.04055971714836
a098_i075,C528_S,RESOLVED_PHYSICAL,44.0,0.13026603715123358,0.0,53.78820205867606
a098_i075,C528_S,RESOLVED_PHYSICAL,48.0,0.13289093597254303,0.0,58.654428781510894
a098_i075,C528_S,RESOLVED_PHYSICAL,52.0,0.15365397349961712,0.0,64.41799100066918
a098_i075,C528_S,RESOLVED_PHYSICAL,56.0,0.17918514434643662,0.0,71.98717303728415
a098_i075,C528_S,RESOLVED_PHYSICAL,60.0,0.20377328797493705,2.2602015147061204e-18,84.7484054485586
a098_i075,C528_S,RESOLVED_PHYSICAL,64.0,0.26933453515974914,5.776447649961329e-14,104.46683251366194
a098_i075,C528_S,RESOLVED_PHYSICAL,68.0,0.4125811161941598,3.040971480339578e-11,128.69656063467292
a098_i075,C528_S,RESOLVED_PHYSICAL,72.0,0.5372834228273132,2.660854422052938e-10,165.78905926835736
a098_i075,C528_S,RESOLVED_PHYSICAL,76.0,0.9001149344937285,2.942240291587839e-09,204.24287039544623
a098_i075,C528_S,RESOLVED_PHYSICAL,80.0,1.3670598225149213,1.865959915988685e-09,236.551527032246
a098_i075,C528_S,RESOLVED_PHYSICAL,84.0,1.4170854043043941,2.5145816941479086e-10,260.1190375350466
a098_i075,C528_S,RESOLVED_PHYSICAL,88.0,1.4234523221511601,3.940917634013498e-11,267.4602201692484
a098_i075,C528_S,RESOLVED_PHYSICAL,92.0,1.4297172166103236,5.9444115925044324e-12,262.555079839246
a098_i075,C528_S,RESOLVED_PHYSICAL,96.0,1.3229698056070656,7.958966968145265e-13,255.49101150664532
a098_i075,C528_S,RESOLVED_PHYSICAL,100.0,0.6563925337113368,1.4983888218354386e-12,245.71676222464586
a098_i075,C528_S,RESOLVED_PHYSICAL,104.0,0.6933587703114168,6.051665696832154e-12,226.50964374985182
a098_i075,C528_S,RESOLVED_PHYSICAL,108.0,0.63511139109306,4.9658157393821125e-11,204.04437112488327
a098_i075,C528_S,RESOLVED_PHYSICAL,112.0,0.5931606369452973,2.222910704474702e-10,180.56340093429128
a098_i075,C528_S,RESOLVED_PHYSICAL,116.0,0.5897734805708446,1.8086511893245564e-09,161.27620570959198
a098_i075,C528_S,RESOLVED_PHYSICAL,120.0,0.5388881382669293,1.1829657051875574e-08,143.1064847908027
a098_i075,C528_S,RESOLVED_PHYSICAL,124.0,0.17179412475416503,3.061117470037822e-08,125.16510721362647
a098_i075,C528_S,RESOLVED_PHYSICAL,128.0,0.14155444869001632,5.438177539044812e-08,108.88603005752869
a098_i075,C528_S,RESOLVED_PHYSICAL,132.0,0.10370902457175463,6.47179043228755e-08,94.3878242162805
a098_i075,C528_S,RESOLVED_PHYSICAL,136.0,0.05696340280531731,8.193561978465144e-08,79.77365483989158
a098_i075,C528_S,RESOLVED_PHYSICAL,140.0,0.019910073716358192,8.629623656407829e-08,65.81877668767449
a098_i075,C528_S,RESOLVED_PHYSICAL,144.0,0.019652153115773455,6.671866194932012e-08,50.93248379645084
a098_i075,C528_S,RESOLVED_PHYSICAL,148.0,0.016619136482309012,1.1283931551054152e-09,32.95870989229279
a098_i075,C528_S,RESOLVED_PHYSICAL,152.0,0.006241734321542472,5.1478064699591893e-11,15.195511766093382
a098_i075,C528_S,RESOLVED_PHYSICAL,156.0,0.0001585767018894991,9.144347022673914e-15,3.6023602229867455
a098_i075,C528_S,RESOLVED_PHYSICAL,160.0,9.511449073276832e-05,1.1482986648327544e-19,1.2631230671758065
a098_i075,C528_S,RESOLVED_PHYSICAL,164.0,1.3824522423678633e-05,0.0,0.42525493264004444
a098_i075,C528_S,RESOLVED_PHYSICAL,168.0,6.21561659156862e-06,0.0,0.1899042031397036
a098_i075,C528_S,RESOLVED_PHYSICAL,172.0,5.812731455625663e-06,0.0,0.11995383936600024
a098_i075,C528_S,RESOLVED_PHYSICAL,176.0,5.132703804510902e-06,0.0,0.08371437013506394
a098_i075,C528_S,RESOLVED_PHYSICAL,180.0,2.4560151207023954e-06,0.0,0.027852026587710448
a098_i075,C528_S,RESOLVED_PHYSICAL,184.0,1.7316635866530074e-07,0.0,0.0017439831350761722
a098_i075,C528_S,RESOLVED_PHYSICAL,188.0,4.539418610410112e-10,0.0,4.5409647688302425e-06
a098_i075,C528_S,RESOLVED_PHYSICAL,192.0,3.4707446253294354e-14,0.0,3.4708021264324625e-10
a098_i075,C528_S,RESOLVED_PHYSICAL,196.0,7.592011301643124e-20,0.0,7.59202546007873e-16
a098_i075,C528_S,RESOLVED_PHYSICAL,200.0,4.7444248205741654e-27,0.0,4.7444280469552675e-23
a098_i075,C528_S,RESOLVED_PHYSICAL,204.0,8.469466191516063e-36,0.0,8.469469045960148e-32
a098_i075,C528_S,RESOLVED_PHYSICAL,208.0,4.31887519486442e-46,0.0,4.318875938767088e-42
a098_i075,C528_S,RESOLVED_PHYSICAL,212.0,6.291107922783514e-58,0.0,6.291108477997045e-54
a098_i075,C528_S,RESOLVED_PHYSICAL,216.0,2.617733680627274e-71,0.0,2.6177337990230404e-67
a098_i075,C528_S,RESOLVED_PHYSICAL,220.0,3.1114700746192383e-86,0.0,3.1114701467402034e-82
a098_i075,C528_S,RESOLVED_PHYSICAL,224.0,1.0564468149825237e-102,0.0,1.056446827532108e-98
a098_i075,C528_S,RESOLVED_PHYSICAL,228.0,1.02464043426593e-120,0.0,1.0246404405038398e-116
a098_i075,C528_S,RESOLVED_PHYSICAL,232.0,2.8388156053226196e-140,0.0,2.838815614179703e-136
a098_i075,C528_S,RESOLVED_PHYSICAL,236.0,2.246698110311564e-161,0.0,2.2466981139039618e-157
a098_i075,C528_S,RESOLVED_PHYSICAL,240.0,5.079185780504617e-184,0.0,5.079185784666788e-180
a098_i075,C528_S,RESOLVED_PHYSICAL,244.0,3.2800866647431637e-208,0.0,3.280086666120684e-204
a098_i075,C528_S,RESOLVED_PHYSICAL,248.0,6.050877782687164e-234,0.0,6.050877783989489e-230
a098_i075,C528_S,RESOLVED_PHYSICAL,252.0,3.1885503964662147e-261,0.0,3.1885503968179235e-257
a098_i075,C528_S,DELAY_ONLY,0.0,6.372281487298327e-18,0.0,7.054999988645405e-14
a098_i075,C528_S,DELAY_ONLY,4.0,6.049473745150769e-12,0.0,6.725763563385564e-08
a098_i075,C528_S,DELAY_ONLY,8.0,1.7074709377236816e-07,0.0,0.00192276291976709
a098_i075,C528_S,DELAY_ONLY,12.0,0.00015897651743113002,0.0,1.1986317371683812
a098_i075,C528_S,DELAY_ONLY,16.0,0.006986679556923345,0.0,8.490261908444143
a098_i075,C528_S,DELAY_ONLY,20.0,0.035015308859204154,0.0,17.166057275210285
a098_i075,C528_S,DELAY_ONLY,24.0,0.06556493361653408,0.0,24.823876293632996
a098_i075,C528_S,DELAY_ONLY,28.0,0.08987472946461351,0.0,30.952558254504005
a098_i075,C528_S,DELAY_ONLY,32.0,0.10678014029310601,0.0,36.895604668598885
a098_i075,C528_S,DELAY_ONLY,36.0,0.12072163440227546,0.0,43.12058555811078
a098_i075,C528_S,DELAY_ONLY,40.0,0.1284640626487411,0.0,49.04055971714836
a098_i075,C528_S,DELAY_ONLY,44.0,0.13026603715123358,0.0,53.78820205867606
a098_i075,C528_S,DELAY_ONLY,48.0,0.13289093597254303,0.0,58.654428781510894
a098_i075,C528_S,DELAY_ONLY,52.0,0.15365397349961712,0.0,64.41799100066918
a098_i075,C528_S,DELAY_ONLY,56.0,0.17918514434643662,0.0,71.98717303728415
a098_i075,C528_S,DELAY_ONLY,60.0,0.20377328797493705,2.2602015147061204e-18,84.7484054485586
a098_i075,C528_S,DELAY_ONLY,64.0,0.26933453515974914,5.77596919007756e-14,104.4668325136622
a098_i075,C528_S,DELAY_ONLY,68.0,0.41258111619423254,3.044161199555906e-11,128.69656038366125
a098_i075,C528_S,DELAY_ONLY,72.0,0.5372834224321218,1.4768527169288066e-09,165.78532428147403
a098_i075,C528_S,DELAY_ONLY,76.0,0.9001165683807151,3.0686073655256465e-07,203.27426867411248
a098_i075,C528_S,DELAY_ONLY,80.0,1.3665133948225017,8.134746721681223e-07,233.32772090858197
a098_i075,C528_S,DELAY_ONLY,84.0,1.4185904738574404,9.433725545285091e-07,252.69759612061816
a098_i075,C528_S,DELAY_ONLY,88.0,1.428404899228426,8.933298423039643e-07,255.94197282301894
a098_i075,C528_S,DELAY_ONLY,92.0,1.4320167472316165,8.212884549056067e-07,250.63345062190743
a098_i075,C528_S,DELAY_ONLY,96.0,1.3206925055806624,9.320282740142186e-07,242.8804739588096
a098_i075,C528_S,DELAY_ONLY,100.0,0.5106547858011239,1.1457850867365722e-06,229.3234073062138
a098_i075,C528_S,DELAY_ONLY,104.0,0.3156699692659687,1.1575702067699177e-06,210.34428806641696
a098_i075,C528_S,DELAY_ONLY,108.0,0.2590913691832625,9.984413901559617e-07,194.4340214988046
a098_i075,C528_S,DELAY_ONLY,112.0,0.22925155172563097,7.98275890515862e-07,181.0855271806927
a098_i075,C528_S,DELAY_ONLY,116.0,0.21087066075448913,6.36955655991654e-07,175.9201687954038
a098_i075,C528_S,DELAY_ONLY,120.0,0.19085998768111634,4.7038366040936726e-07,169.89471320476483
a098_i075,C528_S,DELAY_ONLY,124.0,0.1620898914001478,3.663596469257592e-07,159.33423433481858
a098_i075,C528_S,DELAY_ONLY,128.0,0.13192651118379722,2.5731354815782185e-07,142.32651013574335
a098_i075,C528_S,DELAY_ONLY,132.0,0.09483760743748205,3.6490931936455566e-08,125.00576749157862
a098_i075,C528_S,DELAY_ONLY,136.0,0.0685131929002073,5.39169627542848e-10,106.62245838352047
a098_i075,C528_S,DELAY_ONLY,140.0,0.07020639980418722,4.509650315187032e-12,81.31210511473377
a098_i075,C528_S,DELAY_ONLY,144.0,0.06684891147070665,2.0426932183788815e-14,56.16305486167044
a098_i075,C528_S,DELAY_ONLY,148.0,0.026643969090040444,8.269246237610568e-18,31.795761237811337
a098_i075,C528_S,DELAY_ONLY,152.0,0.011060416103171272,0.0,12.666273735132995
a098_i075,C528_S,DELAY_ONLY,156.0,0.01040731897042767,0.0,8.21377967948321
a098_i075,C528_S,DELAY_ONLY,160.0,0.0038150323431880157,0.0,6.2539950244932285
a098_i075,C528_S,DELAY_ONLY,164.0,8.471595480436994e-05,0.0,1.2435126816033824
a098_i075,C528_S,DELAY_ONLY,168.0,6.301633316015357e-06,0.0,0.20822920983183874
a098_i075,C528_S,DELAY_ONLY,172.0,5.441427089735616e-06,0.0,0.13724882078592696
a098_i075,C528_S,DELAY_ONLY,176.0,3.946803156953507e-06,0.0,0.09614964440404242
a098_i075,C528_S,DELAY_ONLY,180.0,1.9220915434088176e-06,0.0,0.02606311272376158
a098_i075,C528_S,DELAY_ONLY,184.0,1.4394761979929418e-07,0.0,0.0014657341954373037
a098_i075,C528_S,DELAY_ONLY,188.0,3.785826142491464e-10,0.0,3.7889157593946614e-06
a098_i075,C528_S,DELAY_ONLY,192.0,2.8949840176665825e-14,0.0,2.8950847526667486e-10
a098_i075,C528_S,DELAY_ONLY,196.0,6.332615418348357e-20,0.0,6.332624846505508e-16
a098_i075,C528_S,DELAY_ONLY,200.0,3.957400075709272e-27,0.0,3.957400345398409e-23
a098_i075,C528_S,DELAY_ONLY,204.0,7.064516315625752e-36,0.0,7.064516353408056e-32
a098_i075,C528_S,DELAY_ONLY,208.0,3.602442421445447e-46,0.0,3.6024424267782254e-42
a098_i075,C528_S,DELAY_ONLY,212.0,5.247513076173799e-58,0.0,5.247513079872557e-54
a098_i075,C528_S,DELAY_ONLY,216.0,2.183493255502244e-71,0.0,2.1834932562859798e-67
a098_i075,C528_S,DELAY_ONLY,220.0,2.595326626579358e-86,0.0,2.5953266270565197e-82
a098_i075,C528_S,DELAY_ONLY,224.0,8.811990739856396e-103,0.0,8.811990740686663e-99
a098_i075,C528_S,DELAY_ONLY,228.0,8.546688664665201e-121,0.0,8.546688665077904e-117
a098_i075,C528_S,DELAY_ONLY,232.0,2.3679012016021175e-140,0.0,2.36790120166072e-136
a098_i075,C528_S,DELAY_ONLY,236.0,1.874006591012523e-161,0.0,1.8740065910362928e-157
a098_i075,C528_S,DELAY_ONLY,240.0,4.2366295613800206e-184,0.0,4.236629561407567e-180
a098_i075,C528_S,DELAY_ONLY,244.0,2.735972403505697e-208,0.0,2.735972403514815e-204
a098_i075,C528_S,DELAY_ONLY,248.0,5.047133299361785e-234,0.0,5.047133299370409e-230
a098_i075,C528_S,DELAY_ONLY,252.0,2.659620547739933e-261,0.0,2.6596205477422642e-257
a098_i075,C528_S,SPATIAL_ONLY,0.0,6.3723224246646604e-18,4.233323831540445e-31,8.449597488829017e-14
a098_i075,C528_S,SPATIAL_ONLY,4.0,6.049512347499414e-12,5.20658505324211e-24,8.104004294701048e-08
a098_i075,C528_S,SPATIAL_ONLY,8.0,1.7074816788737065e-07,4.055714207549656e-18,0.002368388222861372
a098_i075,C528_S,SPATIAL_ONLY,12.0,0.00015897760137367227,1.5871819882592186e-13,1.7932689534800885
a098_i075,C528_S,SPATIAL_ONLY,16.0,0.006986768099092027,7.394920650189413e-11,23.38151787647272
a098_i075,C528_S,SPATIAL_ONLY,20.0,0.03501620391501338,2.563672544462969e-09,55.90891709652841
a098_i075,C528_S,SPATIAL_ONLY,24.0,0.06556702755244083,2.0302790737041867e-08,82.46229045875572
a098_i075,C528_S,SPATIAL_ONLY,28.0,0.08987785403856069,6.22128185073887e-08,106.8850675400974
a098_i075,C528_S,SPATIAL_ONLY,32.0,0.10678455918805421,1.101845252076695e-07,128.4122238206942
a098_i075,C528_S,SPATIAL_ONLY,36.0,0.12072816338137102,1.8446937326041277e-07,145.98094791970246
a098_i075,C528_S,SPATIAL_ONLY,40.0,0.12847633655473706,5.506128289706562e-07,163.28342403058113
a098_i075,C528_S,SPATIAL_ONLY,44.0,0.24689478623819594,1.1632778747647176e-06,170.245187865657
a098_i075,C528_S,SPATIAL_ONLY,48.0,0.3177055096507936,1.2212920766127446e-06,172.9762275383381
a098_i075,C528_S,SPATIAL_ONLY,52.0,0.3182995333716915,1.2078875039658842e-06,175.16020332708288
a098_i075,C528_S,SPATIAL_ONLY,56.0,0.31747110431975023,1.5105797020850383e-06,175.74089344456846
a098_i075,C528_S,SPATIAL_ONLY,60.0,0.31582951339634,2.1205046021089427e-06,176.8015068205644
a098_i075,C528_S,SPATIAL_ONLY,64.0,0.26954173105534596,1.802472257013976e-06,187.77038184026094
a098_i075,C528_S,SPATIAL_ONLY,68.0,0.4130839298287765,1.5252939003352278e-06,197.76550862169074
a098_i075,C528_S,SPATIAL_ONLY,72.0,0.5382089499347651,1.1744798965008132e-06,216.13723695591182
a098_i075,C528_S,SPATIAL_ONLY,76.0,0.900728070461337,4.772040006720981e-07,241.65855610095457
a098_i075,C528_S,SPATIAL_ONLY,80.0,1.3678709733979089,4.1811872018004586e-07,256.84294271891633
a098_i075,C528_S,SPATIAL_ONLY,84.0,1.415006569453281,2.894803461116763e-07,262.90764104396396
a098_i075,C528_S,SPATIAL_ONLY,88.0,1.4197811222958125,3.0914512883074646e-07,262.3999397950824
a098_i075,C528_S,SPATIAL_ONLY,92.0,1.4197019312929835,5.850032144315237e-07,252.67266105573918
a098_i075,C528_S,SPATIAL_ONLY,96.0,1.307468913320616,5.538803280250543e-07,240.47567671752367
a098_i075,C528_S,SPATIAL_ONLY,100.0,0.6212558310234255,3.868979103818351e-07,223.39242650243722
a098_i075,C528_S,SPATIAL_ONLY,104.0,0.641160540134057,2.200556549789483e-07,199.57798861984043
a098_i075,C528_S,SPATIAL_ONLY,108.0,0.4181063511434413,1.50832243323271e-07,186.69697927588078
a098_i075,C528_S,SPATIAL_ONLY,112.0,0.22953290587463823,9.619050602100534e-08,177.11304458434012
a098_i075,C528_S,SPATIAL_ONLY,116.0,0.5177257610896704,8.90001472712552e-08,161.93203682041306
a098_i075,C528_S,SPATIAL_ONLY,120.0,0.5527343194847572,4.411003020336548e-08,144.80903206762844
a098_i075,C528_S,SPATIAL_ONLY,124.0,0.5521092436133108,2.965099758596104e-08,125.94870191116756
a098_i075,C528_S,SPATIAL_ONLY,128.0,0.5517692515195229,1.1968677339606654e-08,101.46082927312524
a098_i075,C528_S,SPATIAL_ONLY,132.0,0.5387671341950229,4.361266102551713e-10,75.44792230037412
a098_i075,C528_S,SPATIAL_ONLY,136.0,0.2660978018477308,1.1685933502353992e-11,52.793722488130555
a098_i075,C528_S,SPATIAL_ONLY,140.0,0.010263674102359063,5.425710473699669e-14,25.01901098277465
a098_i075,C528_S,SPATIAL_ONLY,144.0,0.00017400973501506087,2.5566731790813854e-17,2.373467961569521
a098_i075,C528_S,SPATIAL_ONLY,148.0,1.3864787729284233e-07,4.591552442687646e-22,0.002935111978308932
a098_i075,C528_S,SPATIAL_ONLY,152.0,3.941672966442721e-12,5.473385221248657e-28,8.36776547948723e-08
a098_i075,C528_S,SPATIAL_ONLY,156.0,3.508423892829398e-18,0.0,7.365822442799418e-14
a098_i075,C528_S,SPATIAL_ONLY,160.0,9.70494683970332e-26,0.0,1.9387099519208695e-21
a098_i075,C528_S,SPATIAL_ONLY,164.0,8.03294479699057e-35,0.0,1.50377362891023e-30
a098_i075,C528_S,SPATIAL_ONLY,168.0,1.9561273651001398e-45,0.0,3.412907716836349e-41
a098_i075,C528_S,SPATIAL_ONLY,172.0,1.3880281139805203e-57,0.0,2.2574669937876285e-53
a098_i075,C528_S,SPATIAL_ONLY,176.0,2.8524374623506456e-71,0.0,4.3406982557301494e-67
a098_i075,C528_S,SPATIAL_ONLY,180.0,1.690816725113903e-86,0.0,2.4214905401751013e-82
a098_i075,C528_S,SPATIAL_ONLY,184.0,2.8830809383906647e-103,0.0,3.912378455094072e-99
a098_i075,C528_S,SPATIAL_ONLY,188.0,1.4115081957140356e-121,0.0,1.8278108870418824e-117
a098_i075,C528_S,SPATIAL_ONLY,192.0,1.9815520167983183e-141,0.0,2.465379001600365e-137
a098_i075,C528_S,SPATIAL_ONLY,196.0,7.969205627195954e-163,0.0,9.586582240588346e-159
a098_i075,C528_S,SPATIAL_ONLY,200.0,9.175192012160949e-186,0.0,1.0732049379794471e-181
a098_i075,C528_S,SPATIAL_ONLY,204.0,3.022639104624039e-210,0.0,3.4546622973957366e-206
a098_i075,C528_S,SPATIAL_ONLY,208.0,2.8481559351685106e-236,0.0,3.1941671644435255e-232
a098_i075,C528_S,SPATIAL_ONLY,212.0,7.674013789262183e-264,0.0,8.47471361258402e-260
a098_i075,C528_S,SPATIAL_ONLY,216.0,5.911081375860571e-293,0.0,6.44693684808251e-289
a098_i075,C528_S,SPATIAL_ONLY,220.0,0.0,0.0,0.0
a098_i075,C528_S,SPATIAL_ONLY,224.0,0.0,0.0,0.0
a098_i075,C528_S,SPATIAL_ONLY,228.0,0.0,0.0,0.0
a098_i075,C528_S,SPATIAL_ONLY,232.0,0.0,0.0,0.0
a098_i075,C528_S,SPATIAL_ONLY,236.0,0.0,0.0,0.0
a098_i075,C528_S,SPATIAL_ONLY,240.0,0.0,0.0,0.0
a098_i075,C528_S,SPATIAL_ONLY,244.0,0.0,0.0,0.0
a098_i075,C528_S,SPATIAL_ONLY,248.0,0.0,0.0,0.0
a098_i075,C528_S,SPATIAL_ONLY,252.0,0.0,0.0,0.0
a098_i075,C528_S,UNRESOLVED_IMAGE,0.0,5.8649594604996966e-18,0.0,6.492472426847521e-14
a098_i075,C528_S,UNRESOLVED_IMAGE,4.0,5.568376431874869e-12,0.0,6.19016420189295e-08
a098_i075,C528_S,UNRESOLVED_IMAGE,8.0,1.5721896784760836e-07,0.0,0.0017704085480131646
a098_i075,C528_S,UNRESOLVED_IMAGE,12.0,0.00014652069792875898,0.0,1.131867090181
a098_i075,C528_S,UNRESOLVED_IMAGE,16.0,0.006450051180141412,0.0,8.264129341938137
a098_i075,C528_S,UNRESOLVED_IMAGE,20.0,0.0323459192022877,0.0,16.777737217782818
a098_i075,C528_S,UNRESOLVED_IMAGE,24.0,0.06056341545498724,0.0,24.319761997091852
a098_i075,C528_S,UNRESOLVED_IMAGE,28.0,0.08304472860834028,0.0,30.354946570218996
a098_i075,C528_S,UNRESOLVED_IMAGE,32.0,0.09865396657100611,0.0,36.18330860133558
a098_i075,C528_S,UNRESOLVED_IMAGE,36.0,0.11153122996391063,0.0,42.30991801149058
a098_i075,C528_S,UNRESOLVED_IMAGE,40.0,0.11869187388593937,0.0,48.129305414297015
a098_i075,C528_S,UNRESOLVED_IMAGE,44.0,0.12034605054989556,0.0,52.782424613107764
a098_i075,C528_S,UNRESOLVED_IMAGE,48.0,0.12279074628960321,0.0,57.543359749162924
a098_i075,C528_S,UNRESOLVED_IMAGE,52.0,0.14206348940582517,0.0,63.166513163756264
a098_i075,C528_S,UNRESOLVED_IMAGE,56.0,0.1656953253869659,0.0,70.55806035924972
a098_i075,C528_S,UNRESOLVED_IMAGE,60.0,0.18828961790181536,0.0,83.03772341128689
a098_i075,C528_S,UNRESOLVED_IMAGE,64.0,0.24934221064963336,5.068597810584798e-14,102.37494175132707
a098_i075,C528_S,UNRESOLVED_IMAGE,68.0,0.38181021727750786,2.801559717029075e-11,126.15196494953341
a098_i075,C528_S,UNRESOLVED_IMAGE,72.0,0.4952575247696702,2.4595245156305307e-10,162.53244714731906
a098_i075,C528_S,UNRESOLVED_IMAGE,76.0,0.830562198480532,2.702778824845368e-09,199.41923326242835
a098_i075,C528_S,UNRESOLVED_IMAGE,80.0,1.2591037503686233,1.669771395690919e-09,222.5756534491665
a098_i075,C528_S,UNRESOLVED_IMAGE,84.0,1.302732209130971,2.2706962388465068e-10,234.98969644719398
a098_i075,C528_S,UNRESOLVED_IMAGE,88.0,1.3064596596794047,3.413094900513301e-11,235.25844719447073
a098_i075,C528_S,UNRESOLVED_IMAGE,92.0,1.305848425096448,4.405757220948025e-12,224.4065915434348
a098_i075,C528_S,UNRESOLVED_IMAGE,96.0,1.2013404125290346,6.323101287952769e-13,209.802550312543
a098_i075,C528_S,UNRESOLVED_IMAGE,100.0,0.45936813103966423,1.2549320000229717e-13,190.18007371139552
a098_i075,C528_S,UNRESOLVED_IMAGE,104.0,0.2891416670104521,4.571942679230689e-13,158.99155045260989
a098_i075,C528_S,UNRESOLVED_IMAGE,108.0,0.23797381657634215,2.128520495180791e-12,125.97859152510692
a098_i075,C528_S,UNRESOLVED_IMAGE,112.0,0.210832909287616,3.6611649762043255e-12,99.80168315239005
a098_i075,C528_S,UNRESOLVED_IMAGE,116.0,0.19418754844599606,4.0612184996772183e-11,79.53729911476688
a098_i075,C528_S,UNRESOLVED_IMAGE,120.0,0.17597904920811558,2.2388952971447833e-10,60.91544861684593
a098_i075,C528_S,UNRESOLVED_IMAGE,124.0,0.14935102743604112,2.61863091302429e-10,46.096363054013835
a098_i075,C528_S,UNRESOLVED_IMAGE,128.0,0.12134086532572441,2.2023179669432504e-10,34.8722909581095
a098_i075,C528_S,UNRESOLVED_IMAGE,132.0,0.08723625906785595,2.2108367550358813e-10,27.560173261165566
a098_i075,C528_S,UNRESOLVED_IMAGE,136.0,0.045045390505790206,2.910508942660277e-10,19.816099700115892
a098_i075,C528_S,UNRESOLVED_IMAGE,140.0,0.009298370665906906,3.003504029012592e-10,10.970426640633413
a098_i075,C528_S,UNRESOLVED_IMAGE,144.0,0.0005481745672935346,1.944549845453577e-10,4.74428708861008
a098_i075,C528_S,UNRESOLVED_IMAGE,148.0,0.00012653893987463975,3.514070646825546e-12,2.3880673257373344
a098_i075,C528_S,UNRESOLVED_IMAGE,152.0,1.8195909042924436e-05,1.9186662817764907e-13,0.5337429938636811
a098_i075,C528_S,UNRESOLVED_IMAGE,156.0,1.7421342536798023e-05,1.7713678413722576e-17,0.1735215001781299
a098_i075,C528_S,UNRESOLVED_IMAGE,160.0,8.534880672990271e-06,2.433193542916673e-22,0.08392994414956381
a098_i075,C528_S,UNRESOLVED_IMAGE,164.0,6.244861305821349e-07,0.0,0.006935276232954858
a098_i075,C528_S,UNRESOLVED_IMAGE,168.0,1.407897826428795e-08,0.0,0.00045741309979759634
a098_i075,C528_S,UNRESOLVED_IMAGE,172.0,1.30869561754031e-08,0.0,0.00027350729910092825
a098_i075,C528_S,UNRESOLVED_IMAGE,176.0,1.1471394258328279e-08,0.0,0.00019141040055649177
a098_i075,C528_S,UNRESOLVED_IMAGE,180.0,5.344598567538933e-09,0.0,6.158982521424059e-05
a098_i075,C528_S,UNRESOLVED_IMAGE,184.0,3.745893868394616e-10,0.0,3.777287302846406e-06
a098_i075,C528_S,UNRESOLVED_IMAGE,188.0,9.816376800945013e-13,0.0,9.819915791334275e-09
a098_i075,C528_S,UNRESOLVED_IMAGE,192.0,7.505288055821243e-17,0.0,7.505418271784243e-13
a098_i075,C528_S,UNRESOLVED_IMAGE,196.0,1.6417282678840246e-22,0.0,1.6417314123257148e-18
a098_i075,C528_S,UNRESOLVED_IMAGE,200.0,1.025954232302897e-29,0.0,1.0259549412451903e-25
a098_i075,C528_S,UNRESOLVED_IMAGE,204.0,1.8314727290636277e-38,0.0,1.8314733554626931e-34
a098_i075,C528_S,UNRESOLVED_IMAGE,208.0,9.339316032840587e-49,0.0,9.339317665128057e-45
a098_i075,C528_S,UNRESOLVED_IMAGE,212.0,1.3604154423658946e-60,0.0,1.3604155641909058e-56
a098_i075,C528_S,UNRESOLVED_IMAGE,216.0,5.660696600402031e-74,0.0,5.660696860185938e-70
a098_i075,C528_S,UNRESOLVED_IMAGE,220.0,6.728372792082176e-89,0.0,6.728372950329937e-85
a098_i075,C528_S,UNRESOLVED_IMAGE,224.0,2.2845046989822454e-105,0.0,2.2845047265185336e-101
a098_i075,C528_S,UNRESOLVED_IMAGE,228.0,2.2157252534160438e-123,0.0,2.2157252671032595e-119
a098_i075,C528_S,UNRESOLVED_IMAGE,232.0,6.138773384451856e-143,0.0,6.1387734038860604e-139
a098_i075,C528_S,UNRESOLVED_IMAGE,236.0,4.858353792553391e-164,0.0,4.858353800435828e-160
a098_i075,C528_S,UNRESOLVED_IMAGE,240.0,1.0983443385892122e-186,0.0,1.0983443395024758e-182
a098_i075,C528_S,UNRESOLVED_IMAGE,244.0,7.092996346246467e-211,0.0,7.092996349269027e-207
a098_i075,C528_S,UNRESOLVED_IMAGE,248.0,1.3084670739193593e-236,0.0,1.3084670742051153e-232
a098_i075,C528_S,UNRESOLVED_IMAGE,252.0,6.895054498119028e-264,0.0,6.895054498890747e-260
a098_i075,C528_S,EQUALIZED_ORDER_SENSITIVITY,0.0,6.372281487298327e-18,0.0,7.054999988645405e-14
a098_i075,C528_S,EQUALIZED_ORDER_SENSITIVITY,4.0,6.049473745150769e-12,0.0,6.725763563385564e-08
a098_i075,C528_S,EQUALIZED_ORDER_SENSITIVITY,8.0,1.7074709377236816e-07,0.0,0.00192276291976709
a098_i075,C528_S,EQUALIZED_ORDER_SENSITIVITY,12.0,0.00015897651743113002,0.0,1.1986317371683812
a098_i075,C528_S,EQUALIZED_ORDER_SENSITIVITY,16.0,0.006986679556923345,0.0,8.490261908444143
a098_i075,C528_S,EQUALIZED_ORDER_SENSITIVITY,20.0,0.035015308859204154,0.0,17.166057275210285
a098_i075,C528_S,EQUALIZED_ORDER_SENSITIVITY,24.0,0.06556493361653408,0.0,24.823876293632996
a098_i075,C528_S,EQUALIZED_ORDER_SENSITIVITY,28.0,0.08987472946461351,0.0,30.952558254504005
a098_i075,C528_S,EQUALIZED_ORDER_SENSITIVITY,32.0,0.10678014029310601,0.0,36.895604668598885
a098_i075,C528_S,EQUALIZED_ORDER_SENSITIVITY,36.0,0.12072163440227546,0.0,43.12058555811078
a098_i075,C528_S,EQUALIZED_ORDER_SENSITIVITY,40.0,0.1284640626487411,0.0,49.04055971714836
a098_i075,C528_S,EQUALIZED_ORDER_SENSITIVITY,44.0,0.13026603715123358,0.0,53.78820205867606
a098_i075,C528_S,EQUALIZED_ORDER_SENSITIVITY,48.0,0.13289093597254303,0.0,58.654428781510894
a098_i075,C528_S,EQUALIZED_ORDER_SENSITIVITY,52.0,0.15365397349961712,0.0,64.41799100066918
a098_i075,C528_S,EQUALIZED_ORDER_SENSITIVITY,56.0,0.17918514434643662,0.0,71.98717303728415
a098_i075,C528_S,EQUALIZED_ORDER_SENSITIVITY,60.0,0.20377328797493705,5.080638010746554e-19,84.7484054485588
a098_i075,C528_S,EQUALIZED_ORDER_SENSITIVITY,64.0,0.26933453515974903,5.778211348133324e-14,104.46683251366807
a098_i075,C528_S,EQUALIZED_ORDER_SENSITIVITY,68.0,0.4125811161944033,3.041059061081535e-11,128.69656640468926
a098_i075,C528_S,EQUALIZED_ORDER_SENSITIVITY,72.0,0.5372834728920403,2.6707352539789076e-10,165.87520218430532
a098_i075,C528_S,EQUALIZED_ORDER_SENSITIVITY,76.0,0.9001409899154147,2.9937502031834683e-09,212.32307847695543
a098_i075,C528_S,EQUALIZED_ORDER_SENSITIVITY,80.0,1.3959817454813592,1.9824507933897224e-09,264.935120470283
a098_i075,C528_S,EQUALIZED_ORDER_SENSITIVITY,84.0,2.7367792970776916,2.58426664763843e-10,306.3323357630072
a098_i075,C528_S,EQUALIZED_ORDER_SENSITIVITY,88.0,4.944929783724644,4.396286718680113e-11,326.2180648400119
a098_i075,C528_S,EQUALIZED_ORDER_SENSITIVITY,92.0,11.271544881303797,6.395018620467092e-12,334.56511694997164
a098_i075,C528_S,EQUALIZED_ORDER_SENSITIVITY,96.0,14.31497797370718,1.06659725699522e-12,351.23648233781324
a098_i075,C528_S,EQUALIZED_ORDER_SENSITIVITY,100.0,14.474723199871772,7.428450023269874e-12,375.93910600234597
a098_i075,C528_S,EQUALIZED_ORDER_SENSITIVITY,104.0,17.157947378395406,8.332436646387747e-11,397.6467107914737
a098_i075,C528_S,EQUALIZED_ORDER_SENSITIVITY,108.0,18.532197006112284,2.3805840840889643e-09,414.52376403345824
a098_i075,C528_S,EQUALIZED_ORDER_SENSITIVITY,112.0,16.2888972453322,2.5499979796172384e-08,429.4336539973759
a098_i075,C528_S,EQUALIZED_ORDER_SENSITIVITY,116.0,17.15564403424061,4.5202027782757606e-07,440.23269282064615
a098_i075,C528_S,EQUALIZED_ORDER_SENSITIVITY,120.0,34.196932608816226,2.687303079064126e-06,447.23570784358753
a098_i075,C528_S,EQUALIZED_ORDER_SENSITIVITY,124.0,37.472994299558636,1.0540171741699147e-05,447.4061925671724
a098_i075,C528_S,EQUALIZED_ORDER_SENSITIVITY,128.0,38.11060577566438,1.9104721275581744e-05,440.6409369264975
a098_i075,C528_S,EQUALIZED_ORDER_SENSITIVITY,132.0,41.31526281090553,3.690698408999165e-05,426.15159343197826
a098_i075,C528_S,EQUALIZED_ORDER_SENSITIVITY,136.0,37.29724008506657,7.675096806269536e-05,404.8425439991047
a098_i075,C528_S,EQUALIZED_ORDER_SENSITIVITY,140.0,35.43171184406451,0.0001101222964224386,380.60511121745674
a098_i075,C528_S,EQUALIZED_ORDER_SENSITIVITY,144.0,34.97271965150821,7.153042276468036e-05,337.19058899345106
a098_i075,C528_S,EQUALIZED_ORDER_SENSITIVITY,148.0,29.575202148258292,1.7508743156292082e-06,266.87035492339857
a098_i075,C528_S,EQUALIZED_ORDER_SENSITIVITY,152.0,11.107710350167434,6.850665975674379e-08,176.54470938764783
a098_i075,C528_S,EQUALIZED_ORDER_SENSITIVITY,156.0,0.2799282266527885,1.5727145357380986e-11,106.22389280502125
a098_i075,C528_S,EQUALIZED_ORDER_SENSITIVITY,160.0,0.025280701635511688,2.0291160214312816e-16,73.4296817669932
a098_i075,C528_S,EQUALIZED_ORDER_SENSITIVITY,164.0,0.01271105172847083,0.0,51.20330855892253
a098_i075,C528_S,EQUALIZED_ORDER_SENSITIVITY,168.0,0.011060159016879664,0.0,31.231973852561474
a098_i075,C528_S,EQUALIZED_ORDER_SENSITIVITY,172.0,0.01034426226996311,0.0,18.019855379807677
a098_i075,C528_S,EQUALIZED_ORDER_SENSITIVITY,176.0,0.009134093865055766,0.0,11.515879048878716
a098_i075,C528_S,EQUALIZED_ORDER_SENSITIVITY,180.0,0.0043706930111137195,0.0,6.408680479713069
a098_i075,C528_S,EQUALIZED_ORDER_SENSITIVITY,184.0,0.0003081646310719731,0.0,1.430888226822565
a098_i075,C528_S,EQUALIZED_ORDER_SENSITIVITY,188.0,8.078291142346414e-07,0.0,0.00804860627365156
a098_i075,C528_S,EQUALIZED_ORDER_SENSITIVITY,192.0,6.17649262393365e-11,0.0,6.176593045778743e-07
a098_i075,C528_S,EQUALIZED_ORDER_SENSITIVITY,196.0,1.3510645947040485e-16,0.0,1.3510671143201788e-12
a098_i075,C528_S,EQUALIZED_ORDER_SENSITIVITY,200.0,8.44311756480862e-24,0.0,8.443123306435053e-20
a098_i075,C528_S,EQUALIZED_ORDER_SENSITIVITY,204.0,1.5072153415951515e-32,0.0,1.5072158495683599e-28
a098_i075,C528_S,EQUALIZED_ORDER_SENSITIVITY,208.0,7.685814908447236e-43,0.0,7.685816232286888e-39
a098_i075,C528_S,EQUALIZED_ORDER_SENSITIVITY,212.0,1.1195574977733982e-54,0.0,1.1195575965784858e-50
a098_i075,C528_S,EQUALIZED_ORDER_SENSITIVITY,216.0,4.6584852863619646e-68,0.0,4.6584854970575525e-64
a098_i075,C528_S,EQUALIZED_ORDER_SENSITIVITY,220.0,5.537132241082673e-83,0.0,5.537132369428218e-79
a098_i075,C528_S,EQUALIZED_ORDER_SENSITIVITY,224.0,1.880039203316034e-99,0.0,1.8800392256491133e-95
a098_i075,C528_S,EQUALIZED_ORDER_SENSITIVITY,228.0,1.823436976100478e-117,0.0,1.8234369872013823e-113
a098_i075,C528_S,EQUALIZED_ORDER_SENSITIVITY,232.0,5.05191984423764e-137,0.0,5.051919859999591e-133
a098_i075,C528_S,EQUALIZED_ORDER_SENSITIVITY,236.0,3.99819514385271e-158,0.0,3.998195150245693e-154
a098_i075,C528_S,EQUALIZED_ORDER_SENSITIVITY,240.0,9.038853875887727e-181,0.0,9.038853883294675e-177
a098_i075,C528_S,EQUALIZED_ORDER_SENSITIVITY,244.0,5.837200162407889e-205,0.0,5.8372001648593066e-201
a098_i075,C528_S,EQUALIZED_ORDER_SENSITIVITY,248.0,1.0768064501301048e-230,0.0,1.0768064503618653e-226
a098_i075,C528_S,EQUALIZED_ORDER_SENSITIVITY,252.0,5.674303393308571e-258,0.0,5.674303393934471e-254
a098_i075,C528_S,PAIRING_DESTROYED,0.0,5.608585207075987e-18,0.0,8.90863562266639e-14
a098_i075,C528_S,PAIRING_DESTROYED,4.0,5.227381404273047e-12,0.0,8.520077916661703e-08
a098_i075,C528_S,PAIRING_DESTROYED,8.0,1.3981793116995335e-07,0.0,0.0024805999235251153
a098_i075,C528_S,PAIRING_DESTROYED,12.0,0.00010970390408493385,0.0,2.0620111501083214
a098_i075,C528_S,PAIRING_DESTROYED,16.0,0.0031014153774819382,0.0,38.741293614465974
a098_i075,C528_S,PAIRING_DESTROYED,20.0,0.049143667936128566,0.0,101.9681613092536
a098_i075,C528_S,PAIRING_DESTROYED,24.0,0.4874436215178025,0.0,154.7931140622236
a098_i075,C528_S,PAIRING_DESTROYED,28.0,1.2611444152040554,2.6161406097805547e-16,186.42187208718445
a098_i075,C528_S,PAIRING_DESTROYED,32.0,2.6164826832617876,7.1409611216332914e-12,208.83491564375234
a098_i075,C528_S,PAIRING_DESTROYED,36.0,2.786040776367386,2.4554911942849675e-09,231.05650360313595
a098_i075,C528_S,PAIRING_DESTROYED,40.0,2.8364183363898086,2.9610082458344276e-08,246.99334698537268
a098_i075,C528_S,PAIRING_DESTROYED,44.0,2.852887378473244,4.769232644512532e-07,252.21294832957554
a098_i075,C528_S,PAIRING_DESTROYED,48.0,2.7722058683413264,5.590375704070997e-07,247.95521121263067
a098_i075,C528_S,PAIRING_DESTROYED,52.0,1.60946235854872,1.203626543414555e-07,237.25799852894352
a098_i075,C528_S,PAIRING_DESTROYED,56.0,1.4365028963722803,9.930385198570978e-08,228.3779428499064
a098_i075,C528_S,PAIRING_DESTROYED,60.0,1.0091137279225162,5.049570975542229e-10,227.38177829666992
a098_i075,C528_S,PAIRING_DESTROYED,64.0,1.0955479727488613,8.52882748900184e-08,232.58378683777525
a098_i075,C528_S,PAIRING_DESTROYED,68.0,1.5240862218605633,2.8777455046045548e-08,232.3359129670787
a098_i075,C528_S,PAIRING_DESTROYED,72.0,1.5422866308404175,1.7560055465970056e-07,235.19863917817108
a098_i075,C528_S,PAIRING_DESTROYED,76.0,2.2433851019548006,2.4028205188788697e-06,249.36012511507244
a098_i075,C528_S,PAIRING_DESTROYED,80.0,2.6246680147826456,3.1370350375760228e-06,290.0022297951929
a098_i075,C528_S,PAIRING_DESTROYED,84.0,2.766034666521594,5.936892958402663e-06,319.9985054837267
a098_i075,C528_S,PAIRING_DESTROYED,88.0,2.8313208632800846,8.711680748716007e-06,335.44919511225226
a098_i075,C528_S,PAIRING_DESTROYED,92.0,2.9563742071513017,9.23995893756476e-06,341.14975737980586
a098_i075,C528_S,PAIRING_DESTROYED,96.0,2.3628886360757893,9.106699787203731e-06,347.0929980291426
a098_i075,C528_S,PAIRING_DESTROYED,100.0,1.201209283552088,9.65921012841998e-06,352.5841101083191
a098_i075,C528_S,PAIRING_DESTROYED,104.0,1.3030532252637506,1.412280818737798e-05,351.9258504084455
a098_i075,C528_S,PAIRING_DESTROYED,108.0,1.225511031722632,1.7387777452556057e-05,347.19949044197415
a098_i075,C528_S,PAIRING_DESTROYED,112.0,1.3505371883286208,1.728829436799228e-05,341.0273786300695
a098_i075,C528_S,PAIRING_DESTROYED,116.0,1.7621585310615573,1.6966939684546497e-05,333.2997497121961
a098_i075,C528_S,PAIRING_DESTROYED,120.0,1.6751865693191017,1.439531706931586e-05,320.32353665067325
a098_i075,C528_S,PAIRING_DESTROYED,124.0,0.9719890843318515,8.702162734886441e-06,300.1072347787158
a098_i075,C528_S,PAIRING_DESTROYED,128.0,0.739654448137675,3.791273732508248e-06,274.30266842767054
a098_i075,C528_S,PAIRING_DESTROYED,132.0,0.7068978561761896,9.127783636889773e-07,238.73441258389514
a098_i075,C528_S,PAIRING_DESTROYED,136.0,0.37739320685696975,3.0966799306600294e-07,194.86394392522482
a098_i075,C528_S,PAIRING_DESTROYED,140.0,0.09980274824392416,5.013695036797915e-08,140.05151224416198
a098_i075,C528_S,PAIRING_DESTROYED,144.0,0.0831896523780388,2.543799992962912e-09,87.09342276359418
a098_i075,C528_S,PAIRING_DESTROYED,148.0,0.04508004805843993,3.002195646847721e-11,56.97196666023662
a098_i075,C528_S,PAIRING_DESTROYED,152.0,0.0023085184575848553,1.2190337924533173e-12,29.86758186620429
a098_i075,C528_S,PAIRING_DESTROYED,156.0,0.0012448661572675738,1.4244005696943245e-14,19.529860830701942
a098_i075,C528_S,PAIRING_DESTROYED,160.0,0.0012234544754534719,4.646951066062572e-19,16.30476610003987
a098_i075,C528_S,PAIRING_DESTROYED,164.0,0.0011526513214902643,1.5403349339639491e-24,8.030475846857716
a098_i075,C528_S,PAIRING_DESTROYED,168.0,0.0010100922588874234,0.0,3.96040819809966
a098_i075,C528_S,PAIRING_DESTROYED,172.0,0.0009888277752248082,0.0,3.5178037098708286
a098_i075,C528_S,PAIRING_DESTROYED,176.0,0.000734389487312211,0.0,3.211664448665129
a098_i075,C528_S,PAIRING_DESTROYED,180.0,9.827966197467341e-05,0.0,1.2688819554215445
a098_i075,C528_S,PAIRING_DESTROYED,184.0,4.0461516438556815e-06,0.0,0.04353385725562073
a098_i075,C528_S,PAIRING_DESTROYED,188.0,5.492365139608286e-09,0.0,5.720153595590195e-05
a098_i075,C528_S,PAIRING_DESTROYED,192.0,2.1536603985141551e-13,0.0,2.3009565169929202e-09
a098_i075,C528_S,PAIRING_DESTROYED,196.0,2.414488446342113e-19,0.0,2.734092521442156e-15
a098_i075,C528_S,PAIRING_DESTROYED,200.0,7.733107534309734e-27,0.0,9.729610028005628e-23
a098_i075,C528_S,PAIRING_DESTROYED,204.0,7.075591926286598e-36,0.0,1.0639161501541793e-31
a098_i075,C528_S,PAIRING_DESTROYED,208.0,1.8619965964859476e-46,0.0,3.666608858461838e-42
a098_i075,C528_S,PAIRING_DESTROYED,212.0,2.6484395505717607e-58,0.0,4.028097717112561e-54
a098_i075,C528_S,PAIRING_DESTROYED,216.0,1.101878775484932e-71,0.0,1.3961245371133169e-67
a098_i075,C528_S,PAIRING_DESTROYED,220.0,1.3096596979392484e-86,0.0,1.4889066289798034e-82
a098_i075,C528_S,PAIRING_DESTROYED,224.0,4.4466628529106003e-103,0.0,4.758570363221213e-99
a098_i075,C528_S,PAIRING_DESTROYED,228.0,4.312758869521603e-121,0.0,4.4677969505672826e-117
a098_i075,C528_S,PAIRING_DESTROYED,232.0,1.194866744742385e-140,0.0,1.216880356274577e-136
a098_i075,C528_S,PAIRING_DESTROYED,236.0,9.456410433311488e-162,0.0,9.545696841868318e-158
a098_i075,C528_S,PAIRING_DESTROYED,240.0,2.137840693264085e-184,0.0,2.1481854648992736e-180
a098_i075,C528_S,PAIRING_DESTROYED,244.0,1.380595268289758e-208,0.0,1.3840189874289657e-204
a098_i075,C528_S,PAIRING_DESTROYED,248.0,2.546826449740349e-234,0.0,2.550063258999624e-230
a098_i075,C528_S,PAIRING_DESTROYED,252.0,1.3420670359257046e-261,0.0,1.3429411696632829e-257
a098_i075,C1056_ST,DIRECT_PHYSICAL,0.0,6.372281487298327e-18,0.0,7.054999988645405e-14
a098_i075,C1056_ST,DIRECT_PHYSICAL,4.0,6.049473745150769e-12,0.0,6.725763563385564e-08
a098_i075,C1056_ST,DIRECT_PHYSICAL,8.0,1.7074709377236816e-07,0.0,0.00192276291976709
a098_i075,C1056_ST,DIRECT_PHYSICAL,12.0,0.00015897651743113002,0.0,1.1986317371683812
a098_i075,C1056_ST,DIRECT_PHYSICAL,16.0,0.006986679556923345,0.0,8.490261908444143
a098_i075,C1056_ST,DIRECT_PHYSICAL,20.0,0.035015308859204154,0.0,17.166057275210285
a098_i075,C1056_ST,DIRECT_PHYSICAL,24.0,0.06556493361653408,0.0,24.823876293632996
a098_i075,C1056_ST,DIRECT_PHYSICAL,28.0,0.08987472946461351,0.0,30.952558254504005
a098_i075,C1056_ST,DIRECT_PHYSICAL,32.0,0.10678014029310601,0.0,36.895604668598885
a098_i075,C1056_ST,DIRECT_PHYSICAL,36.0,0.12072163440227546,0.0,43.12058555811078
a098_i075,C1056_ST,DIRECT_PHYSICAL,40.0,0.1284640626487411,0.0,49.04055971714836
a098_i075,C1056_ST,DIRECT_PHYSICAL,44.0,0.13026603715123358,0.0,53.78820205867606
a098_i075,C1056_ST,DIRECT_PHYSICAL,48.0,0.13289093597254303,0.0,58.654428781510894
a098_i075,C1056_ST,DIRECT_PHYSICAL,52.0,0.15365397349961712,0.0,64.41799100066918
a098_i075,C1056_ST,DIRECT_PHYSICAL,56.0,0.17918514434643662,0.0,71.98717303728415
a098_i075,C1056_ST,DIRECT_PHYSICAL,60.0,0.20377328797493705,2.2602015147061204e-18,84.7484054485586
a098_i075,C1056_ST,DIRECT_PHYSICAL,64.0,0.26933453515974926,5.77535916760721e-14,104.46683251366171
a098_i075,C1056_ST,DIRECT_PHYSICAL,68.0,0.4125811161941485,3.040967477707357e-11,128.69656037198342
a098_i075,C1056_ST,DIRECT_PHYSICAL,72.0,0.537283420548083,2.659759755283379e-10,165.78504673423603
a098_i075,C1056_ST,DIRECT_PHYSICAL,76.0,0.9001137540400657,2.9305673597239905e-09,202.9070931671606
a098_i075,C1056_ST,DIRECT_PHYSICAL,80.0,1.3660658263254017,1.789979528952431e-09,221.86501506033204
a098_i075,C1056_ST,DIRECT_PHYSICAL,84.0,1.4127187000003354,2.2762405457068585e-10,224.51864154449265
a098_i075,C1056_ST,DIRECT_PHYSICAL,88.0,1.4163028339084014,3.494240875095521e-11,215.92591103726525
a098_i075,C1056_ST,DIRECT_PHYSICAL,92.0,1.4151942447033865,3.2020617284647433e-12,199.13984725605016
a098_i075,C1056_ST,DIRECT_PHYSICAL,96.0,1.3014411388533054,3.158554854826014e-13,178.0903417658729
a098_i075,C1056_ST,DIRECT_PHYSICAL,100.0,0.4912712557780702,1.672409237831113e-14,147.59576705599198
a098_i075,C1056_ST,DIRECT_PHYSICAL,104.0,0.30497396785376296,1.1429190891154493e-15,105.1762250439406
a098_i075,C1056_ST,DIRECT_PHYSICAL,108.0,0.2504995931926406,4.690065004368918e-17,70.00006010946508
a098_i075,C1056_ST,DIRECT_PHYSICAL,112.0,0.22235967511572957,0.0,56.47468250498083
a098_i075,C1056_ST,DIRECT_PHYSICAL,116.0,0.20525055166946118,0.0,49.98280965853766
a098_i075,C1056_ST,DIRECT_PHYSICAL,120.0,0.186336704128524,0.0,43.35797438522333
a098_i075,C1056_ST,DIRECT_PHYSICAL,124.0,0.15830576820332082,0.0,36.77710537669851
a098_i075,C1056_ST,DIRECT_PHYSICAL,128.0,0.12878052448704633,0.0,30.740306127533724
a098_i075,C1056_ST,DIRECT_PHYSICAL,132.0,0.09253565238562864,0.0,24.674368514992867
a098_i075,C1056_ST,DIRECT_PHYSICAL,136.0,0.04756854779664249,0.0,17.00711335506859
a098_i075,C1056_ST,DIRECT_PHYSICAL,140.0,0.009385731232316119,0.0,7.90305589010322
a098_i075,C1056_ST,DIRECT_PHYSICAL,144.0,0.00017375328010534171,0.0,1.1547932441240023
a098_i075,C1056_ST,DIRECT_PHYSICAL,148.0,1.385249511295324e-07,0.0,0.001479605483873574
a098_i075,C1056_ST,DIRECT_PHYSICAL,152.0,3.8811831765818424e-12,0.0,4.0873635351352964e-08
a098_i075,C1056_ST,DIRECT_PHYSICAL,156.0,3.502542839860735e-18,0.0,3.648075892500633e-14
a098_i075,C1056_ST,DIRECT_PHYSICAL,160.0,9.702714798267357e-26,0.0,1.002190731111143e-21
a098_i075,C1056_ST,DIRECT_PHYSICAL,164.0,8.031815681169747e-35,0.0,8.242898954910362e-31
a098_i075,C1056_ST,DIRECT_PHYSICAL,168.0,1.95596263922339e-45,0.0,1.9972351831223156e-41
a098_i075,C1056_ST,DIRECT_PHYSICAL,172.0,1.3879590634699062e-57,0.0,1.4115189141095047e-53
a098_i075,C1056_ST,DIRECT_PHYSICAL,176.0,2.8523544253718607e-71,0.0,2.8913037979287955e-67
a098_i075,C1056_ST,DIRECT_PHYSICAL,180.0,1.6907881032209016e-86,0.0,1.7093430850071112e-82
a098_i075,C1056_ST,DIRECT_PHYSICAL,184.0,2.88305267795513e-103,0.0,2.9084439245261466e-99
a098_i075,C1056_ST,DIRECT_PHYSICAL,188.0,1.411500206656318e-121,0.0,1.4214612911931521e-117
a098_i075,C1056_ST,DIRECT_PHYSICAL,192.0,1.9815455533288098e-141,0.0,1.9927341738022138e-137
a098_i075,C1056_ST,DIRECT_PHYSICAL,196.0,7.969190667049778e-163,0.0,8.005143873875796e-159
a098_i075,C1056_ST,DIRECT_PHYSICAL,200.0,9.175182108891923e-186,0.0,9.208215865610854e-182
a098_i075,C1056_ST,DIRECT_PHYSICAL,204.0,3.0226372301066836e-210,0.0,3.031312551630008e-206
a098_i075,C1056_ST,DIRECT_PHYSICAL,208.0,2.848154920828006e-236,0.0,2.8546655153630032e-232
a098_i075,C1056_ST,DIRECT_PHYSICAL,212.0,7.67401222036875e-264,0.0,7.68797261473912e-260
a098_i075,C1056_ST,DIRECT_PHYSICAL,216.0,5.911080682331717e-293,0.0,5.919632806103682e-289
a098_i075,C1056_ST,DIRECT_PHYSICAL,220.0,0.0,0.0,0.0
a098_i075,C1056_ST,DIRECT_PHYSICAL,224.0,0.0,0.0,0.0
a098_i075,C1056_ST,DIRECT_PHYSICAL,228.0,0.0,0.0,0.0
a098_i075,C1056_ST,DIRECT_PHYSICAL,232.0,0.0,0.0,0.0
a098_i075,C1056_ST,DIRECT_PHYSICAL,236.0,0.0,0.0,0.0
a098_i075,C1056_ST,DIRECT_PHYSICAL,240.0,0.0,0.0,0.0
a098_i075,C1056_ST,DIRECT_PHYSICAL,244.0,0.0,0.0,0.0
a098_i075,C1056_ST,DIRECT_PHYSICAL,248.0,0.0,0.0,0.0
a098_i075,C1056_ST,DIRECT_PHYSICAL,252.0,0.0,0.0,0.0
a098_i075,C1056_ST,RESOLVED_PHYSICAL,0.0,6.372281487298327e-18,0.0,7.054999988645405e-14
a098_i075,C1056_ST,RESOLVED_PHYSICAL,4.0,6.049473745150769e-12,0.0,6.725763563385564e-08
a098_i075,C1056_ST,RESOLVED_PHYSICAL,8.0,1.7074709377236816e-07,0.0,0.00192276291976709
a098_i075,C1056_ST,RESOLVED_PHYSICAL,12.0,0.00015897651743113002,0.0,1.1986317371683812
a098_i075,C1056_ST,RESOLVED_PHYSICAL,16.0,0.006986679556923345,0.0,8.490261908444143
a098_i075,C1056_ST,RESOLVED_PHYSICAL,20.0,0.035015308859204154,0.0,17.166057275210285
a098_i075,C1056_ST,RESOLVED_PHYSICAL,24.0,0.06556493361653408,0.0,24.823876293632996
a098_i075,C1056_ST,RESOLVED_PHYSICAL,28.0,0.08987472946461351,0.0,30.952558254504005
a098_i075,C1056_ST,RESOLVED_PHYSICAL,32.0,0.10678014029310601,0.0,36.895604668598885
a098_i075,C1056_ST,RESOLVED_PHYSICAL,36.0,0.12072163440227546,0.0,43.12058555811078
a098_i075,C1056_ST,RESOLVED_PHYSICAL,40.0,0.1284640626487411,0.0,49.04055971714836
a098_i075,C1056_ST,RESOLVED_PHYSICAL,44.0,0.13026603715123358,0.0,53.78820205867606
a098_i075,C1056_ST,RESOLVED_PHYSICAL,48.0,0.13289093597254303,0.0,58.654428781510894
a098_i075,C1056_ST,RESOLVED_PHYSICAL,52.0,0.15365397349961712,0.0,64.41799100066918
a098_i075,C1056_ST,RESOLVED_PHYSICAL,56.0,0.17918514434643662,0.0,71.98717303728415
a098_i075,C1056_ST,RESOLVED_PHYSICAL,60.0,0.20377328797493705,2.2602015147061204e-18,84.7484054485586
a098_i075,C1056_ST,RESOLVED_PHYSICAL,64.0,0.26933453515974914,5.776447649961329e-14,104.46683251366194
a098_i075,C1056_ST,RESOLVED_PHYSICAL,68.0,0.4125811161941598,3.040971480339578e-11,128.69656063467292
a098_i075,C1056_ST,RESOLVED_PHYSICAL,72.0,0.5372834228273132,2.660854422052938e-10,165.78905926835736
a098_i075,C1056_ST,RESOLVED_PHYSICAL,76.0,0.9001149344937285,2.942240291587839e-09,204.24287039544623
a098_i075,C1056_ST,RESOLVED_PHYSICAL,80.0,1.3670598225149213,1.865959915988685e-09,236.551527032246
a098_i075,C1056_ST,RESOLVED_PHYSICAL,84.0,1.4170854043043941,2.5145816941479086e-10,260.1190375350466
a098_i075,C1056_ST,RESOLVED_PHYSICAL,88.0,1.4234523221511601,3.940917634013498e-11,267.4602201692484
a098_i075,C1056_ST,RESOLVED_PHYSICAL,92.0,1.4297172166103236,5.9444115925044324e-12,262.555079839246
a098_i075,C1056_ST,RESOLVED_PHYSICAL,96.0,1.3229698056070656,7.958966968145265e-13,255.49101150664532
a098_i075,C1056_ST,RESOLVED_PHYSICAL,100.0,0.6563925337113368,1.4983888218354386e-12,245.71676222464586
a098_i075,C1056_ST,RESOLVED_PHYSICAL,104.0,0.6933587703114168,6.051665696832154e-12,226.50964374985182
a098_i075,C1056_ST,RESOLVED_PHYSICAL,108.0,0.63511139109306,4.9658157393821125e-11,204.04437112488327
a098_i075,C1056_ST,RESOLVED_PHYSICAL,112.0,0.5931606369452973,2.222910704474702e-10,180.56340093429128
a098_i075,C1056_ST,RESOLVED_PHYSICAL,116.0,0.5897734805708446,1.8086511893245564e-09,161.27620570959198
a098_i075,C1056_ST,RESOLVED_PHYSICAL,120.0,0.5388881382669293,1.1829657051875574e-08,143.1064847908027
a098_i075,C1056_ST,RESOLVED_PHYSICAL,124.0,0.17179412475416503,3.061117470037822e-08,125.16510721362647
a098_i075,C1056_ST,RESOLVED_PHYSICAL,128.0,0.14155444869001632,5.438177539044812e-08,108.88603005752869
a098_i075,C1056_ST,RESOLVED_PHYSICAL,132.0,0.10370902457175463,6.47179043228755e-08,94.3878242162805
a098_i075,C1056_ST,RESOLVED_PHYSICAL,136.0,0.05696340280531731,8.193561978465144e-08,79.77365483989158
a098_i075,C1056_ST,RESOLVED_PHYSICAL,140.0,0.019910073716358192,8.629623656407829e-08,65.81877668767449
a098_i075,C1056_ST,RESOLVED_PHYSICAL,144.0,0.019652153115773455,6.671866194932012e-08,50.93248379645084
a098_i075,C1056_ST,RESOLVED_PHYSICAL,148.0,0.016619136482309012,1.1283931551054152e-09,32.95870989229279
a098_i075,C1056_ST,RESOLVED_PHYSICAL,152.0,0.006241734321542472,5.1478064699591893e-11,15.195511766093382
a098_i075,C1056_ST,RESOLVED_PHYSICAL,156.0,0.0001585767018894991,9.144347022673914e-15,3.6023602229867455
a098_i075,C1056_ST,RESOLVED_PHYSICAL,160.0,9.511449073276832e-05,1.1482986648327544e-19,1.2631230671758065
a098_i075,C1056_ST,RESOLVED_PHYSICAL,164.0,1.3824522423678633e-05,0.0,0.42525493264004444
a098_i075,C1056_ST,RESOLVED_PHYSICAL,168.0,6.21561659156862e-06,0.0,0.1899042031397036
a098_i075,C1056_ST,RESOLVED_PHYSICAL,172.0,5.812731455625663e-06,0.0,0.11995383936600024
a098_i075,C1056_ST,RESOLVED_PHYSICAL,176.0,5.132703804510902e-06,0.0,0.08371437013506394
a098_i075,C1056_ST,RESOLVED_PHYSICAL,180.0,2.4560151207023954e-06,0.0,0.027852026587710448
a098_i075,C1056_ST,RESOLVED_PHYSICAL,184.0,1.7316635866530074e-07,0.0,0.0017439831350761722
a098_i075,C1056_ST,RESOLVED_PHYSICAL,188.0,4.539418610410112e-10,0.0,4.5409647688302425e-06
a098_i075,C1056_ST,RESOLVED_PHYSICAL,192.0,3.4707446253294354e-14,0.0,3.4708021264324625e-10
a098_i075,C1056_ST,RESOLVED_PHYSICAL,196.0,7.592011301643124e-20,0.0,7.59202546007873e-16
a098_i075,C1056_ST,RESOLVED_PHYSICAL,200.0,4.7444248205741654e-27,0.0,4.7444280469552675e-23
a098_i075,C1056_ST,RESOLVED_PHYSICAL,204.0,8.469466191516063e-36,0.0,8.469469045960148e-32
a098_i075,C1056_ST,RESOLVED_PHYSICAL,208.0,4.31887519486442e-46,0.0,4.318875938767088e-42
a098_i075,C1056_ST,RESOLVED_PHYSICAL,212.0,6.291107922783514e-58,0.0,6.291108477997045e-54
a098_i075,C1056_ST,RESOLVED_PHYSICAL,216.0,2.617733680627274e-71,0.0,2.6177337990230404e-67
a098_i075,C1056_ST,RESOLVED_PHYSICAL,220.0,3.1114700746192383e-86,0.0,3.1114701467402034e-82
a098_i075,C1056_ST,RESOLVED_PHYSICAL,224.0,1.0564468149825237e-102,0.0,1.056446827532108e-98
a098_i075,C1056_ST,RESOLVED_PHYSICAL,228.0,1.02464043426593e-120,0.0,1.0246404405038398e-116
a098_i075,C1056_ST,RESOLVED_PHYSICAL,232.0,2.8388156053226196e-140,0.0,2.838815614179703e-136
a098_i075,C1056_ST,RESOLVED_PHYSICAL,236.0,2.246698110311564e-161,0.0,2.2466981139039618e-157
a098_i075,C1056_ST,RESOLVED_PHYSICAL,240.0,5.079185780504617e-184,0.0,5.079185784666788e-180
a098_i075,C1056_ST,RESOLVED_PHYSICAL,244.0,3.2800866647431637e-208,0.0,3.280086666120684e-204
a098_i075,C1056_ST,RESOLVED_PHYSICAL,248.0,6.050877782687164e-234,0.0,6.050877783989489e-230
a098_i075,C1056_ST,RESOLVED_PHYSICAL,252.0,3.1885503964662147e-261,0.0,3.1885503968179235e-257
a098_i075,C1056_ST,DELAY_ONLY,0.0,6.372281487298327e-18,0.0,7.054999988645405e-14
a098_i075,C1056_ST,DELAY_ONLY,4.0,6.049473745150769e-12,0.0,6.725763563385564e-08
a098_i075,C1056_ST,DELAY_ONLY,8.0,1.7074709377236816e-07,0.0,0.00192276291976709
a098_i075,C1056_ST,DELAY_ONLY,12.0,0.00015897651743113002,0.0,1.1986317371683812
a098_i075,C1056_ST,DELAY_ONLY,16.0,0.006986679556923345,0.0,8.490261908444143
a098_i075,C1056_ST,DELAY_ONLY,20.0,0.035015308859204154,0.0,17.166057275210285
a098_i075,C1056_ST,DELAY_ONLY,24.0,0.06556493361653408,0.0,24.823876293632996
a098_i075,C1056_ST,DELAY_ONLY,28.0,0.08987472946461351,0.0,30.952558254504005
a098_i075,C1056_ST,DELAY_ONLY,32.0,0.10678014029310601,0.0,36.895604668598885
a098_i075,C1056_ST,DELAY_ONLY,36.0,0.12072163440227546,0.0,43.12058555811078
a098_i075,C1056_ST,DELAY_ONLY,40.0,0.1284640626487411,0.0,49.04055971714836
a098_i075,C1056_ST,DELAY_ONLY,44.0,0.13026603715123358,0.0,53.78820205867606
a098_i075,C1056_ST,DELAY_ONLY,48.0,0.13289093597254303,0.0,58.654428781510894
a098_i075,C1056_ST,DELAY_ONLY,52.0,0.15365397349961712,0.0,64.41799100066918
a098_i075,C1056_ST,DELAY_ONLY,56.0,0.17918514434643662,0.0,71.98717303728415
a098_i075,C1056_ST,DELAY_ONLY,60.0,0.20377328797493705,2.2602015147061204e-18,84.7484054485586
a098_i075,C1056_ST,DELAY_ONLY,64.0,0.26933453515974914,5.77596919007756e-14,104.4668325136622
a098_i075,C1056_ST,DELAY_ONLY,68.0,0.41258111619423254,3.044161199555906e-11,128.69656038366125
a098_i075,C1056_ST,DELAY_ONLY,72.0,0.5372834224321218,1.4768527169288066e-09,165.78532428147403
a098_i075,C1056_ST,DELAY_ONLY,76.0,0.9001165683807151,3.0686073655256465e-07,203.27426867411248
a098_i075,C1056_ST,DELAY_ONLY,80.0,1.3665133948225017,8.134746721681223e-07,233.32772090858197
a098_i075,C1056_ST,DELAY_ONLY,84.0,1.4185904738574404,9.433725545285091e-07,252.69759612061816
a098_i075,C1056_ST,DELAY_ONLY,88.0,1.428404899228426,8.933298423039643e-07,255.94197282301894
a098_i075,C1056_ST,DELAY_ONLY,92.0,1.4320167472316165,8.212884549056067e-07,250.63345062190743
a098_i075,C1056_ST,DELAY_ONLY,96.0,1.3206925055806624,9.320282740142186e-07,242.8804739588096
a098_i075,C1056_ST,DELAY_ONLY,100.0,0.5106547858011239,1.1457850867365722e-06,229.3234073062138
a098_i075,C1056_ST,DELAY_ONLY,104.0,0.3156699692659687,1.1575702067699177e-06,210.34428806641696
a098_i075,C1056_ST,DELAY_ONLY,108.0,0.2590913691832625,9.984413901559617e-07,194.4340214988046
a098_i075,C1056_ST,DELAY_ONLY,112.0,0.22925155172563097,7.98275890515862e-07,181.0855271806927
a098_i075,C1056_ST,DELAY_ONLY,116.0,0.21087066075448913,6.36955655991654e-07,175.9201687954038
a098_i075,C1056_ST,DELAY_ONLY,120.0,0.19085998768111634,4.7038366040936726e-07,169.89471320476483
a098_i075,C1056_ST,DELAY_ONLY,124.0,0.1620898914001478,3.663596469257592e-07,159.33423433481858
a098_i075,C1056_ST,DELAY_ONLY,128.0,0.13192651118379722,2.5731354815782185e-07,142.32651013574335
a098_i075,C1056_ST,DELAY_ONLY,132.0,0.09483760743748205,3.6490931936455566e-08,125.00576749157862
a098_i075,C1056_ST,DELAY_ONLY,136.0,0.0685131929002073,5.39169627542848e-10,106.62245838352047
a098_i075,C1056_ST,DELAY_ONLY,140.0,0.07020639980418722,4.509650315187032e-12,81.31210511473377
a098_i075,C1056_ST,DELAY_ONLY,144.0,0.06684891147070665,2.0426932183788815e-14,56.16305486167044
a098_i075,C1056_ST,DELAY_ONLY,148.0,0.026643969090040444,8.269246237610568e-18,31.795761237811337
a098_i075,C1056_ST,DELAY_ONLY,152.0,0.011060416103171272,0.0,12.666273735132995
a098_i075,C1056_ST,DELAY_ONLY,156.0,0.01040731897042767,0.0,8.21377967948321
a098_i075,C1056_ST,DELAY_ONLY,160.0,0.0038150323431880157,0.0,6.2539950244932285
a098_i075,C1056_ST,DELAY_ONLY,164.0,8.471595480436994e-05,0.0,1.2435126816033824
a098_i075,C1056_ST,DELAY_ONLY,168.0,6.301633316015357e-06,0.0,0.20822920983183874
a098_i075,C1056_ST,DELAY_ONLY,172.0,5.441427089735616e-06,0.0,0.13724882078592696
a098_i075,C1056_ST,DELAY_ONLY,176.0,3.946803156953507e-06,0.0,0.09614964440404242
a098_i075,C1056_ST,DELAY_ONLY,180.0,1.9220915434088176e-06,0.0,0.02606311272376158
a098_i075,C1056_ST,DELAY_ONLY,184.0,1.4394761979929418e-07,0.0,0.0014657341954373037
a098_i075,C1056_ST,DELAY_ONLY,188.0,3.785826142491464e-10,0.0,3.7889157593946614e-06
a098_i075,C1056_ST,DELAY_ONLY,192.0,2.8949840176665825e-14,0.0,2.8950847526667486e-10
a098_i075,C1056_ST,DELAY_ONLY,196.0,6.332615418348357e-20,0.0,6.332624846505508e-16
a098_i075,C1056_ST,DELAY_ONLY,200.0,3.957400075709272e-27,0.0,3.957400345398409e-23
a098_i075,C1056_ST,DELAY_ONLY,204.0,7.064516315625752e-36,0.0,7.064516353408056e-32
a098_i075,C1056_ST,DELAY_ONLY,208.0,3.602442421445447e-46,0.0,3.6024424267782254e-42
a098_i075,C1056_ST,DELAY_ONLY,212.0,5.247513076173799e-58,0.0,5.247513079872557e-54
a098_i075,C1056_ST,DELAY_ONLY,216.0,2.183493255502244e-71,0.0,2.1834932562859798e-67
a098_i075,C1056_ST,DELAY_ONLY,220.0,2.595326626579358e-86,0.0,2.5953266270565197e-82
a098_i075,C1056_ST,DELAY_ONLY,224.0,8.811990739856396e-103,0.0,8.811990740686663e-99
a098_i075,C1056_ST,DELAY_ONLY,228.0,8.546688664665201e-121,0.0,8.546688665077904e-117
a098_i075,C1056_ST,DELAY_ONLY,232.0,2.3679012016021175e-140,0.0,2.36790120166072e-136
a098_i075,C1056_ST,DELAY_ONLY,236.0,1.874006591012523e-161,0.0,1.8740065910362928e-157
a098_i075,C1056_ST,DELAY_ONLY,240.0,4.2366295613800206e-184,0.0,4.236629561407567e-180
a098_i075,C1056_ST,DELAY_ONLY,244.0,2.735972403505697e-208,0.0,2.735972403514815e-204
a098_i075,C1056_ST,DELAY_ONLY,248.0,5.047133299361785e-234,0.0,5.047133299370409e-230
a098_i075,C1056_ST,DELAY_ONLY,252.0,2.659620547739933e-261,0.0,2.6596205477422642e-257
a098_i075,C1056_ST,SPATIAL_ONLY,0.0,6.3723224246646604e-18,4.233323831540445e-31,8.449597488829017e-14
a098_i075,C1056_ST,SPATIAL_ONLY,4.0,6.049512347499414e-12,5.20658505324211e-24,8.104004294701048e-08
a098_i075,C1056_ST,SPATIAL_ONLY,8.0,1.7074816788737065e-07,4.055714207549656e-18,0.002368388222861372
a098_i075,C1056_ST,SPATIAL_ONLY,12.0,0.00015897760137367227,1.5871819882592186e-13,1.7932689534800885
a098_i075,C1056_ST,SPATIAL_ONLY,16.0,0.006986768099092027,7.394920650189413e-11,23.38151787647272
a098_i075,C1056_ST,SPATIAL_ONLY,20.0,0.03501620391501338,2.563672544462969e-09,55.90891709652841
a098_i075,C1056_ST,SPATIAL_ONLY,24.0,0.06556702755244083,2.0302790737041867e-08,82.46229045875572
a098_i075,C1056_ST,SPATIAL_ONLY,28.0,0.08987785403856069,6.22128185073887e-08,106.8850675400974
a098_i075,C1056_ST,SPATIAL_ONLY,32.0,0.10678455918805421,1.101845252076695e-07,128.4122238206942
a098_i075,C1056_ST,SPATIAL_ONLY,36.0,0.12072816338137102,1.8446937326041277e-07,145.98094791970246
a098_i075,C1056_ST,SPATIAL_ONLY,40.0,0.12847633655473706,5.506128289706562e-07,163.28342403058113
a098_i075,C1056_ST,SPATIAL_ONLY,44.0,0.24689478623819594,1.1632778747647176e-06,170.245187865657
a098_i075,C1056_ST,SPATIAL_ONLY,48.0,0.3177055096507936,1.2212920766127446e-06,172.9762275383381
a098_i075,C1056_ST,SPATIAL_ONLY,52.0,0.3182995333716915,1.2078875039658842e-06,175.16020332708288
a098_i075,C1056_ST,SPATIAL_ONLY,56.0,0.31747110431975023,1.5105797020850383e-06,175.74089344456846
a098_i075,C1056_ST,SPATIAL_ONLY,60.0,0.31582951339634,2.1205046021089427e-06,176.8015068205644
a098_i075,C1056_ST,SPATIAL_ONLY,64.0,0.26954173105534596,1.802472257013976e-06,187.77038184026094
a098_i075,C1056_ST,SPATIAL_ONLY,68.0,0.4130839298287765,1.5252939003352278e-06,197.76550862169074
a098_i075,C1056_ST,SPATIAL_ONLY,72.0,0.5382089499347651,1.1744798965008132e-06,216.13723695591182
a098_i075,C1056_ST,SPATIAL_ONLY,76.0,0.900728070461337,4.772040006720981e-07,241.65855610095457
a098_i075,C1056_ST,SPATIAL_ONLY,80.0,1.3678709733979089,4.1811872018004586e-07,256.84294271891633
a098_i075,C1056_ST,SPATIAL_ONLY,84.0,1.415006569453281,2.894803461116763e-07,262.90764104396396
a098_i075,C1056_ST,SPATIAL_ONLY,88.0,1.4197811222958125,3.0914512883074646e-07,262.3999397950824
a098_i075,C1056_ST,SPATIAL_ONLY,92.0,1.4197019312929835,5.850032144315237e-07,252.67266105573918
a098_i075,C1056_ST,SPATIAL_ONLY,96.0,1.307468913320616,5.538803280250543e-07,240.47567671752367
a098_i075,C1056_ST,SPATIAL_ONLY,100.0,0.6212558310234255,3.868979103818351e-07,223.39242650243722
a098_i075,C1056_ST,SPATIAL_ONLY,104.0,0.641160540134057,2.200556549789483e-07,199.57798861984043
a098_i075,C1056_ST,SPATIAL_ONLY,108.0,0.4181063511434413,1.50832243323271e-07,186.69697927588078
a098_i075,C1056_ST,SPATIAL_ONLY,112.0,0.22953290587463823,9.619050602100534e-08,177.11304458434012
a098_i075,C1056_ST,SPATIAL_ONLY,116.0,0.5177257610896704,8.90001472712552e-08,161.93203682041306
a098_i075,C1056_ST,SPATIAL_ONLY,120.0,0.5527343194847572,4.411003020336548e-08,144.80903206762844
a098_i075,C1056_ST,SPATIAL_ONLY,124.0,0.5521092436133108,2.965099758596104e-08,125.94870191116756
a098_i075,C1056_ST,SPATIAL_ONLY,128.0,0.5517692515195229,1.1968677339606654e-08,101.46082927312524
a098_i075,C1056_ST,SPATIAL_ONLY,132.0,0.5387671341950229,4.361266102551713e-10,75.44792230037412
a098_i075,C1056_ST,SPATIAL_ONLY,136.0,0.2660978018477308,1.1685933502353992e-11,52.793722488130555
a098_i075,C1056_ST,SPATIAL_ONLY,140.0,0.010263674102359063,5.425710473699669e-14,25.01901098277465
a098_i075,C1056_ST,SPATIAL_ONLY,144.0,0.00017400973501506087,2.5566731790813854e-17,2.373467961569521
a098_i075,C1056_ST,SPATIAL_ONLY,148.0,1.3864787729284233e-07,4.591552442687646e-22,0.002935111978308932
a098_i075,C1056_ST,SPATIAL_ONLY,152.0,3.941672966442721e-12,5.473385221248657e-28,8.36776547948723e-08
a098_i075,C1056_ST,SPATIAL_ONLY,156.0,3.508423892829398e-18,0.0,7.365822442799418e-14
a098_i075,C1056_ST,SPATIAL_ONLY,160.0,9.70494683970332e-26,0.0,1.9387099519208695e-21
a098_i075,C1056_ST,SPATIAL_ONLY,164.0,8.03294479699057e-35,0.0,1.50377362891023e-30
a098_i075,C1056_ST,SPATIAL_ONLY,168.0,1.9561273651001398e-45,0.0,3.412907716836349e-41
a098_i075,C1056_ST,SPATIAL_ONLY,172.0,1.3880281139805203e-57,0.0,2.2574669937876285e-53
a098_i075,C1056_ST,SPATIAL_ONLY,176.0,2.8524374623506456e-71,0.0,4.3406982557301494e-67
a098_i075,C1056_ST,SPATIAL_ONLY,180.0,1.690816725113903e-86,0.0,2.4214905401751013e-82
a098_i075,C1056_ST,SPATIAL_ONLY,184.0,2.8830809383906647e-103,0.0,3.912378455094072e-99
a098_i075,C1056_ST,SPATIAL_ONLY,188.0,1.4115081957140356e-121,0.0,1.8278108870418824e-117
a098_i075,C1056_ST,SPATIAL_ONLY,192.0,1.9815520167983183e-141,0.0,2.465379001600365e-137
a098_i075,C1056_ST,SPATIAL_ONLY,196.0,7.969205627195954e-163,0.0,9.586582240588346e-159
a098_i075,C1056_ST,SPATIAL_ONLY,200.0,9.175192012160949e-186,0.0,1.0732049379794471e-181
a098_i075,C1056_ST,SPATIAL_ONLY,204.0,3.022639104624039e-210,0.0,3.4546622973957366e-206
a098_i075,C1056_ST,SPATIAL_ONLY,208.0,2.8481559351685106e-236,0.0,3.1941671644435255e-232
a098_i075,C1056_ST,SPATIAL_ONLY,212.0,7.674013789262183e-264,0.0,8.47471361258402e-260
a098_i075,C1056_ST,SPATIAL_ONLY,216.0,5.911081375860571e-293,0.0,6.44693684808251e-289
a098_i075,C1056_ST,SPATIAL_ONLY,220.0,0.0,0.0,0.0
a098_i075,C1056_ST,SPATIAL_ONLY,224.0,0.0,0.0,0.0
a098_i075,C1056_ST,SPATIAL_ONLY,228.0,0.0,0.0,0.0
a098_i075,C1056_ST,SPATIAL_ONLY,232.0,0.0,0.0,0.0
a098_i075,C1056_ST,SPATIAL_ONLY,236.0,0.0,0.0,0.0
a098_i075,C1056_ST,SPATIAL_ONLY,240.0,0.0,0.0,0.0
a098_i075,C1056_ST,SPATIAL_ONLY,244.0,0.0,0.0,0.0
a098_i075,C1056_ST,SPATIAL_ONLY,248.0,0.0,0.0,0.0
a098_i075,C1056_ST,SPATIAL_ONLY,252.0,0.0,0.0,0.0
a098_i075,C1056_ST,UNRESOLVED_IMAGE,0.0,5.8649594604996966e-18,0.0,6.492472426847521e-14
a098_i075,C1056_ST,UNRESOLVED_IMAGE,4.0,5.568376431874869e-12,0.0,6.19016420189295e-08
a098_i075,C1056_ST,UNRESOLVED_IMAGE,8.0,1.5721896784760836e-07,0.0,0.0017704085480131646
a098_i075,C1056_ST,UNRESOLVED_IMAGE,12.0,0.00014652069792875898,0.0,1.131867090181
a098_i075,C1056_ST,UNRESOLVED_IMAGE,16.0,0.006450051180141412,0.0,8.264129341938137
a098_i075,C1056_ST,UNRESOLVED_IMAGE,20.0,0.0323459192022877,0.0,16.777737217782818
a098_i075,C1056_ST,UNRESOLVED_IMAGE,24.0,0.06056341545498724,0.0,24.319761997091852
a098_i075,C1056_ST,UNRESOLVED_IMAGE,28.0,0.08304472860834028,0.0,30.354946570218996
a098_i075,C1056_ST,UNRESOLVED_IMAGE,32.0,0.09865396657100611,0.0,36.18330860133558
a098_i075,C1056_ST,UNRESOLVED_IMAGE,36.0,0.11153122996391063,0.0,42.30991801149058
a098_i075,C1056_ST,UNRESOLVED_IMAGE,40.0,0.11869187388593937,0.0,48.129305414297015
a098_i075,C1056_ST,UNRESOLVED_IMAGE,44.0,0.12034605054989556,0.0,52.782424613107764
a098_i075,C1056_ST,UNRESOLVED_IMAGE,48.0,0.12279074628960321,0.0,57.543359749162924
a098_i075,C1056_ST,UNRESOLVED_IMAGE,52.0,0.14206348940582517,0.0,63.166513163756264
a098_i075,C1056_ST,UNRESOLVED_IMAGE,56.0,0.1656953253869659,0.0,70.55806035924972
a098_i075,C1056_ST,UNRESOLVED_IMAGE,60.0,0.18828961790181536,0.0,83.03772341128689
a098_i075,C1056_ST,UNRESOLVED_IMAGE,64.0,0.24934221064963336,5.068597810584798e-14,102.37494175132707
a098_i075,C1056_ST,UNRESOLVED_IMAGE,68.0,0.38181021727750786,2.801559717029075e-11,126.15196494953341
a098_i075,C1056_ST,UNRESOLVED_IMAGE,72.0,0.4952575247696702,2.4595245156305307e-10,162.53244714731906
a098_i075,C1056_ST,UNRESOLVED_IMAGE,76.0,0.830562198480532,2.702778824845368e-09,199.41923326242835
a098_i075,C1056_ST,UNRESOLVED_IMAGE,80.0,1.2591037503686233,1.669771395690919e-09,222.5756534491665
a098_i075,C1056_ST,UNRESOLVED_IMAGE,84.0,1.302732209130971,2.2706962388465068e-10,234.98969644719398
a098_i075,C1056_ST,UNRESOLVED_IMAGE,88.0,1.3064596596794047,3.413094900513301e-11,235.25844719447073
a098_i075,C1056_ST,UNRESOLVED_IMAGE,92.0,1.305848425096448,4.405757220948025e-12,224.4065915434348
a098_i075,C1056_ST,UNRESOLVED_IMAGE,96.0,1.2013404125290346,6.323101287952769e-13,209.802550312543
a098_i075,C1056_ST,UNRESOLVED_IMAGE,100.0,0.45936813103966423,1.2549320000229717e-13,190.18007371139552
a098_i075,C1056_ST,UNRESOLVED_IMAGE,104.0,0.2891416670104521,4.571942679230689e-13,158.99155045260989
a098_i075,C1056_ST,UNRESOLVED_IMAGE,108.0,0.23797381657634215,2.128520495180791e-12,125.97859152510692
a098_i075,C1056_ST,UNRESOLVED_IMAGE,112.0,0.210832909287616,3.6611649762043255e-12,99.80168315239005
a098_i075,C1056_ST,UNRESOLVED_IMAGE,116.0,0.19418754844599606,4.0612184996772183e-11,79.53729911476688
a098_i075,C1056_ST,UNRESOLVED_IMAGE,120.0,0.17597904920811558,2.2388952971447833e-10,60.91544861684593
a098_i075,C1056_ST,UNRESOLVED_IMAGE,124.0,0.14935102743604112,2.61863091302429e-10,46.096363054013835
a098_i075,C1056_ST,UNRESOLVED_IMAGE,128.0,0.12134086532572441,2.2023179669432504e-10,34.8722909581095
a098_i075,C1056_ST,UNRESOLVED_IMAGE,132.0,0.08723625906785595,2.2108367550358813e-10,27.560173261165566
a098_i075,C1056_ST,UNRESOLVED_IMAGE,136.0,0.045045390505790206,2.910508942660277e-10,19.816099700115892
a098_i075,C1056_ST,UNRESOLVED_IMAGE,140.0,0.009298370665906906,3.003504029012592e-10,10.970426640633413
a098_i075,C1056_ST,UNRESOLVED_IMAGE,144.0,0.0005481745672935346,1.944549845453577e-10,4.74428708861008
a098_i075,C1056_ST,UNRESOLVED_IMAGE,148.0,0.00012653893987463975,3.514070646825546e-12,2.3880673257373344
a098_i075,C1056_ST,UNRESOLVED_IMAGE,152.0,1.8195909042924436e-05,1.9186662817764907e-13,0.5337429938636811
a098_i075,C1056_ST,UNRESOLVED_IMAGE,156.0,1.7421342536798023e-05,1.7713678413722576e-17,0.1735215001781299
a098_i075,C1056_ST,UNRESOLVED_IMAGE,160.0,8.534880672990271e-06,2.433193542916673e-22,0.08392994414956381
a098_i075,C1056_ST,UNRESOLVED_IMAGE,164.0,6.244861305821349e-07,0.0,0.006935276232954858
a098_i075,C1056_ST,UNRESOLVED_IMAGE,168.0,1.407897826428795e-08,0.0,0.00045741309979759634
a098_i075,C1056_ST,UNRESOLVED_IMAGE,172.0,1.30869561754031e-08,0.0,0.00027350729910092825
a098_i075,C1056_ST,UNRESOLVED_IMAGE,176.0,1.1471394258328279e-08,0.0,0.00019141040055649177
a098_i075,C1056_ST,UNRESOLVED_IMAGE,180.0,5.344598567538933e-09,0.0,6.158982521424059e-05
a098_i075,C1056_ST,UNRESOLVED_IMAGE,184.0,3.745893868394616e-10,0.0,3.777287302846406e-06
a098_i075,C1056_ST,UNRESOLVED_IMAGE,188.0,9.816376800945013e-13,0.0,9.819915791334275e-09
a098_i075,C1056_ST,UNRESOLVED_IMAGE,192.0,7.505288055821243e-17,0.0,7.505418271784243e-13
a098_i075,C1056_ST,UNRESOLVED_IMAGE,196.0,1.6417282678840246e-22,0.0,1.6417314123257148e-18
a098_i075,C1056_ST,UNRESOLVED_IMAGE,200.0,1.025954232302897e-29,0.0,1.0259549412451903e-25
a098_i075,C1056_ST,UNRESOLVED_IMAGE,204.0,1.8314727290636277e-38,0.0,1.8314733554626931e-34
a098_i075,C1056_ST,UNRESOLVED_IMAGE,208.0,9.339316032840587e-49,0.0,9.339317665128057e-45
a098_i075,C1056_ST,UNRESOLVED_IMAGE,212.0,1.3604154423658946e-60,0.0,1.3604155641909058e-56
a098_i075,C1056_ST,UNRESOLVED_IMAGE,216.0,5.660696600402031e-74,0.0,5.660696860185938e-70
a098_i075,C1056_ST,UNRESOLVED_IMAGE,220.0,6.728372792082176e-89,0.0,6.728372950329937e-85
a098_i075,C1056_ST,UNRESOLVED_IMAGE,224.0,2.2845046989822454e-105,0.0,2.2845047265185336e-101
a098_i075,C1056_ST,UNRESOLVED_IMAGE,228.0,2.2157252534160438e-123,0.0,2.2157252671032595e-119
a098_i075,C1056_ST,UNRESOLVED_IMAGE,232.0,6.138773384451856e-143,0.0,6.1387734038860604e-139
a098_i075,C1056_ST,UNRESOLVED_IMAGE,236.0,4.858353792553391e-164,0.0,4.858353800435828e-160
a098_i075,C1056_ST,UNRESOLVED_IMAGE,240.0,1.0983443385892122e-186,0.0,1.0983443395024758e-182
a098_i075,C1056_ST,UNRESOLVED_IMAGE,244.0,7.092996346246467e-211,0.0,7.092996349269027e-207
a098_i075,C1056_ST,UNRESOLVED_IMAGE,248.0,1.3084670739193593e-236,0.0,1.3084670742051153e-232
a098_i075,C1056_ST,UNRESOLVED_IMAGE,252.0,6.895054498119028e-264,0.0,6.895054498890747e-260
a098_i075,C1056_ST,EQUALIZED_ORDER_SENSITIVITY,0.0,6.372281487298327e-18,0.0,7.054999988645405e-14
a098_i075,C1056_ST,EQUALIZED_ORDER_SENSITIVITY,4.0,6.049473745150769e-12,0.0,6.725763563385564e-08
a098_i075,C1056_ST,EQUALIZED_ORDER_SENSITIVITY,8.0,1.7074709377236816e-07,0.0,0.00192276291976709
a098_i075,C1056_ST,EQUALIZED_ORDER_SENSITIVITY,12.0,0.00015897651743113002,0.0,1.1986317371683812
a098_i075,C1056_ST,EQUALIZED_ORDER_SENSITIVITY,16.0,0.006986679556923345,0.0,8.490261908444143
a098_i075,C1056_ST,EQUALIZED_ORDER_SENSITIVITY,20.0,0.035015308859204154,0.0,17.166057275210285
a098_i075,C1056_ST,EQUALIZED_ORDER_SENSITIVITY,24.0,0.06556493361653408,0.0,24.823876293632996
a098_i075,C1056_ST,EQUALIZED_ORDER_SENSITIVITY,28.0,0.08987472946461351,0.0,30.952558254504005
a098_i075,C1056_ST,EQUALIZED_ORDER_SENSITIVITY,32.0,0.10678014029310601,0.0,36.895604668598885
a098_i075,C1056_ST,EQUALIZED_ORDER_SENSITIVITY,36.0,0.12072163440227546,0.0,43.12058555811078
a098_i075,C1056_ST,EQUALIZED_ORDER_SENSITIVITY,40.0,0.1284640626487411,0.0,49.04055971714836
a098_i075,C1056_ST,EQUALIZED_ORDER_SENSITIVITY,44.0,0.13026603715123358,0.0,53.78820205867606
a098_i075,C1056_ST,EQUALIZED_ORDER_SENSITIVITY,48.0,0.13289093597254303,0.0,58.654428781510894
a098_i075,C1056_ST,EQUALIZED_ORDER_SENSITIVITY,52.0,0.15365397349961712,0.0,64.41799100066918
a098_i075,C1056_ST,EQUALIZED_ORDER_SENSITIVITY,56.0,0.17918514434643662,0.0,71.98717303728415
a098_i075,C1056_ST,EQUALIZED_ORDER_SENSITIVITY,60.0,0.20377328797493705,5.080638010746554e-19,84.7484054485588
a098_i075,C1056_ST,EQUALIZED_ORDER_SENSITIVITY,64.0,0.26933453515974903,5.778211348133324e-14,104.46683251366807
a098_i075,C1056_ST,EQUALIZED_ORDER_SENSITIVITY,68.0,0.4125811161944033,3.041059061081535e-11,128.69656640468926
a098_i075,C1056_ST,EQUALIZED_ORDER_SENSITIVITY,72.0,0.5372834728920403,2.6707352539789076e-10,165.87520218430532
a098_i075,C1056_ST,EQUALIZED_ORDER_SENSITIVITY,76.0,0.9001409899154147,2.9937502031834683e-09,212.32307847695543
a098_i075,C1056_ST,EQUALIZED_ORDER_SENSITIVITY,80.0,1.3959817454813592,1.9824507933897224e-09,264.935120470283
a098_i075,C1056_ST,EQUALIZED_ORDER_SENSITIVITY,84.0,2.7367792970776916,2.58426664763843e-10,306.3323357630072
a098_i075,C1056_ST,EQUALIZED_ORDER_SENSITIVITY,88.0,4.944929783724644,4.396286718680113e-11,326.2180648400119
a098_i075,C1056_ST,EQUALIZED_ORDER_SENSITIVITY,92.0,11.271544881303797,6.395018620467092e-12,334.56511694997164
a098_i075,C1056_ST,EQUALIZED_ORDER_SENSITIVITY,96.0,14.31497797370718,1.06659725699522e-12,351.23648233781324
a098_i075,C1056_ST,EQUALIZED_ORDER_SENSITIVITY,100.0,14.474723199871772,7.428450023269874e-12,375.93910600234597
a098_i075,C1056_ST,EQUALIZED_ORDER_SENSITIVITY,104.0,17.157947378395406,8.332436646387747e-11,397.6467107914737
a098_i075,C1056_ST,EQUALIZED_ORDER_SENSITIVITY,108.0,18.532197006112284,2.3805840840889643e-09,414.52376403345824
a098_i075,C1056_ST,EQUALIZED_ORDER_SENSITIVITY,112.0,16.2888972453322,2.5499979796172384e-08,429.4336539973759
a098_i075,C1056_ST,EQUALIZED_ORDER_SENSITIVITY,116.0,17.15564403424061,4.5202027782757606e-07,440.23269282064615
a098_i075,C1056_ST,EQUALIZED_ORDER_SENSITIVITY,120.0,34.196932608816226,2.687303079064126e-06,447.23570784358753
a098_i075,C1056_ST,EQUALIZED_ORDER_SENSITIVITY,124.0,37.472994299558636,1.0540171741699147e-05,447.4061925671724
a098_i075,C1056_ST,EQUALIZED_ORDER_SENSITIVITY,128.0,38.11060577566438,1.9104721275581744e-05,440.6409369264975
a098_i075,C1056_ST,EQUALIZED_ORDER_SENSITIVITY,132.0,41.31526281090553,3.690698408999165e-05,426.15159343197826
a098_i075,C1056_ST,EQUALIZED_ORDER_SENSITIVITY,136.0,37.29724008506657,7.675096806269536e-05,404.8425439991047
a098_i075,C1056_ST,EQUALIZED_ORDER_SENSITIVITY,140.0,35.43171184406451,0.0001101222964224386,380.60511121745674
a098_i075,C1056_ST,EQUALIZED_ORDER_SENSITIVITY,144.0,34.97271965150821,7.153042276468036e-05,337.19058899345106
a098_i075,C1056_ST,EQUALIZED_ORDER_SENSITIVITY,148.0,29.575202148258292,1.7508743156292082e-06,266.87035492339857
a098_i075,C1056_ST,EQUALIZED_ORDER_SENSITIVITY,152.0,11.107710350167434,6.850665975674379e-08,176.54470938764783
a098_i075,C1056_ST,EQUALIZED_ORDER_SENSITIVITY,156.0,0.2799282266527885,1.5727145357380986e-11,106.22389280502125
a098_i075,C1056_ST,EQUALIZED_ORDER_SENSITIVITY,160.0,0.025280701635511688,2.0291160214312816e-16,73.4296817669932
a098_i075,C1056_ST,EQUALIZED_ORDER_SENSITIVITY,164.0,0.01271105172847083,0.0,51.20330855892253
a098_i075,C1056_ST,EQUALIZED_ORDER_SENSITIVITY,168.0,0.011060159016879664,0.0,31.231973852561474
a098_i075,C1056_ST,EQUALIZED_ORDER_SENSITIVITY,172.0,0.01034426226996311,0.0,18.019855379807677
a098_i075,C1056_ST,EQUALIZED_ORDER_SENSITIVITY,176.0,0.009134093865055766,0.0,11.515879048878716
a098_i075,C1056_ST,EQUALIZED_ORDER_SENSITIVITY,180.0,0.0043706930111137195,0.0,6.408680479713069
a098_i075,C1056_ST,EQUALIZED_ORDER_SENSITIVITY,184.0,0.0003081646310719731,0.0,1.430888226822565
a098_i075,C1056_ST,EQUALIZED_ORDER_SENSITIVITY,188.0,8.078291142346414e-07,0.0,0.00804860627365156
a098_i075,C1056_ST,EQUALIZED_ORDER_SENSITIVITY,192.0,6.17649262393365e-11,0.0,6.176593045778743e-07
a098_i075,C1056_ST,EQUALIZED_ORDER_SENSITIVITY,196.0,1.3510645947040485e-16,0.0,1.3510671143201788e-12
a098_i075,C1056_ST,EQUALIZED_ORDER_SENSITIVITY,200.0,8.44311756480862e-24,0.0,8.443123306435053e-20
a098_i075,C1056_ST,EQUALIZED_ORDER_SENSITIVITY,204.0,1.5072153415951515e-32,0.0,1.5072158495683599e-28
a098_i075,C1056_ST,EQUALIZED_ORDER_SENSITIVITY,208.0,7.685814908447236e-43,0.0,7.685816232286888e-39
a098_i075,C1056_ST,EQUALIZED_ORDER_SENSITIVITY,212.0,1.1195574977733982e-54,0.0,1.1195575965784858e-50
a098_i075,C1056_ST,EQUALIZED_ORDER_SENSITIVITY,216.0,4.6584852863619646e-68,0.0,4.6584854970575525e-64
a098_i075,C1056_ST,EQUALIZED_ORDER_SENSITIVITY,220.0,5.537132241082673e-83,0.0,5.537132369428218e-79
a098_i075,C1056_ST,EQUALIZED_ORDER_SENSITIVITY,224.0,1.880039203316034e-99,0.0,1.8800392256491133e-95
a098_i075,C1056_ST,EQUALIZED_ORDER_SENSITIVITY,228.0,1.823436976100478e-117,0.0,1.8234369872013823e-113
a098_i075,C1056_ST,EQUALIZED_ORDER_SENSITIVITY,232.0,5.05191984423764e-137,0.0,5.051919859999591e-133
a098_i075,C1056_ST,EQUALIZED_ORDER_SENSITIVITY,236.0,3.99819514385271e-158,0.0,3.998195150245693e-154
a098_i075,C1056_ST,EQUALIZED_ORDER_SENSITIVITY,240.0,9.038853875887727e-181,0.0,9.038853883294675e-177
a098_i075,C1056_ST,EQUALIZED_ORDER_SENSITIVITY,244.0,5.837200162407889e-205,0.0,5.8372001648593066e-201
a098_i075,C1056_ST,EQUALIZED_ORDER_SENSITIVITY,248.0,1.0768064501301048e-230,0.0,1.0768064503618653e-226
a098_i075,C1056_ST,EQUALIZED_ORDER_SENSITIVITY,252.0,5.674303393308571e-258,0.0,5.674303393934471e-254
a098_i075,C1056_ST,PAIRING_DESTROYED,0.0,5.608585207075987e-18,0.0,8.90863562266639e-14
a098_i075,C1056_ST,PAIRING_DESTROYED,4.0,5.227381404273047e-12,0.0,8.520077916661703e-08
a098_i075,C1056_ST,PAIRING_DESTROYED,8.0,1.3981793116995335e-07,0.0,0.0024805999235251153
a098_i075,C1056_ST,PAIRING_DESTROYED,12.0,0.00010970390408493385,0.0,2.0620111501083214
a098_i075,C1056_ST,PAIRING_DESTROYED,16.0,0.0031014153774819382,0.0,38.741293614465974
a098_i075,C1056_ST,PAIRING_DESTROYED,20.0,0.049143667936128566,0.0,101.9681613092536
a098_i075,C1056_ST,PAIRING_DESTROYED,24.0,0.4874436215178025,0.0,154.7931140622236
a098_i075,C1056_ST,PAIRING_DESTROYED,28.0,1.2611444152040554,2.6161406097805547e-16,186.42187208718445
a098_i075,C1056_ST,PAIRING_DESTROYED,32.0,2.6164826832617876,7.1409611216332914e-12,208.83491564375234
a098_i075,C1056_ST,PAIRING_DESTROYED,36.0,2.786040776367386,2.4554911942849675e-09,231.05650360313595
a098_i075,C1056_ST,PAIRING_DESTROYED,40.0,2.8364183363898086,2.9610082458344276e-08,246.99334698537268
a098_i075,C1056_ST,PAIRING_DESTROYED,44.0,2.852887378473244,4.769232644512532e-07,252.21294832957554
a098_i075,C1056_ST,PAIRING_DESTROYED,48.0,2.7722058683413264,5.590375704070997e-07,247.95521121263067
a098_i075,C1056_ST,PAIRING_DESTROYED,52.0,1.60946235854872,1.203626543414555e-07,237.25799852894352
a098_i075,C1056_ST,PAIRING_DESTROYED,56.0,1.4365028963722803,9.930385198570978e-08,228.3779428499064
a098_i075,C1056_ST,PAIRING_DESTROYED,60.0,1.0091137279225162,5.049570975542229e-10,227.38177829666992
a098_i075,C1056_ST,PAIRING_DESTROYED,64.0,1.0955479727488613,8.52882748900184e-08,232.58378683777525
a098_i075,C1056_ST,PAIRING_DESTROYED,68.0,1.5240862218605633,2.8777455046045548e-08,232.3359129670787
a098_i075,C1056_ST,PAIRING_DESTROYED,72.0,1.5422866308404175,1.7560055465970056e-07,235.19863917817108
a098_i075,C1056_ST,PAIRING_DESTROYED,76.0,2.2433851019548006,2.4028205188788697e-06,249.36012511507244
a098_i075,C1056_ST,PAIRING_DESTROYED,80.0,2.6246680147826456,3.1370350375760228e-06,290.0022297951929
a098_i075,C1056_ST,PAIRING_DESTROYED,84.0,2.766034666521594,5.936892958402663e-06,319.9985054837267
a098_i075,C1056_ST,PAIRING_DESTROYED,88.0,2.8313208632800846,8.711680748716007e-06,335.44919511225226
a098_i075,C1056_ST,PAIRING_DESTROYED,92.0,2.9563742071513017,9.23995893756476e-06,341.14975737980586
a098_i075,C1056_ST,PAIRING_DESTROYED,96.0,2.3628886360757893,9.106699787203731e-06,347.0929980291426
a098_i075,C1056_ST,PAIRING_DESTROYED,100.0,1.201209283552088,9.65921012841998e-06,352.5841101083191
a098_i075,C1056_ST,PAIRING_DESTROYED,104.0,1.3030532252637506,1.412280818737798e-05,351.9258504084455
a098_i075,C1056_ST,PAIRING_DESTROYED,108.0,1.225511031722632,1.7387777452556057e-05,347.19949044197415
a098_i075,C1056_ST,PAIRING_DESTROYED,112.0,1.3505371883286208,1.728829436799228e-05,341.0273786300695
a098_i075,C1056_ST,PAIRING_DESTROYED,116.0,1.7621585310615573,1.6966939684546497e-05,333.2997497121961
a098_i075,C1056_ST,PAIRING_DESTROYED,120.0,1.6751865693191017,1.439531706931586e-05,320.32353665067325
a098_i075,C1056_ST,PAIRING_DESTROYED,124.0,0.9719890843318515,8.702162734886441e-06,300.1072347787158
a098_i075,C1056_ST,PAIRING_DESTROYED,128.0,0.739654448137675,3.791273732508248e-06,274.30266842767054
a098_i075,C1056_ST,PAIRING_DESTROYED,132.0,0.7068978561761896,9.127783636889773e-07,238.73441258389514
a098_i075,C1056_ST,PAIRING_DESTROYED,136.0,0.37739320685696975,3.0966799306600294e-07,194.86394392522482
a098_i075,C1056_ST,PAIRING_DESTROYED,140.0,0.09980274824392416,5.013695036797915e-08,140.05151224416198
a098_i075,C1056_ST,PAIRING_DESTROYED,144.0,0.0831896523780388,2.543799992962912e-09,87.09342276359418
a098_i075,C1056_ST,PAIRING_DESTROYED,148.0,0.04508004805843993,3.002195646847721e-11,56.97196666023662
a098_i075,C1056_ST,PAIRING_DESTROYED,152.0,0.0023085184575848553,1.2190337924533173e-12,29.86758186620429
a098_i075,C1056_ST,PAIRING_DESTROYED,156.0,0.0012448661572675738,1.4244005696943245e-14,19.529860830701942
a098_i075,C1056_ST,PAIRING_DESTROYED,160.0,0.0012234544754534719,4.646951066062572e-19,16.30476610003987
a098_i075,C1056_ST,PAIRING_DESTROYED,164.0,0.0011526513214902643,1.5403349339639491e-24,8.030475846857716
a098_i075,C1056_ST,PAIRING_DESTROYED,168.0,0.0010100922588874234,0.0,3.96040819809966
a098_i075,C1056_ST,PAIRING_DESTROYED,172.0,0.0009888277752248082,0.0,3.5178037098708286
a098_i075,C1056_ST,PAIRING_DESTROYED,176.0,0.000734389487312211,0.0,3.211664448665129
a098_i075,C1056_ST,PAIRING_DESTROYED,180.0,9.827966197467341e-05,0.0,1.2688819554215445
a098_i075,C1056_ST,PAIRING_DESTROYED,184.0,4.0461516438556815e-06,0.0,0.04353385725562073
a098_i075,C1056_ST,PAIRING_DESTROYED,188.0,5.492365139608286e-09,0.0,5.720153595590195e-05
a098_i075,C1056_ST,PAIRING_DESTROYED,192.0,2.1536603985141551e-13,0.0,2.3009565169929202e-09
a098_i075,C1056_ST,PAIRING_DESTROYED,196.0,2.414488446342113e-19,0.0,2.734092521442156e-15
a098_i075,C1056_ST,PAIRING_DESTROYED,200.0,7.733107534309734e-27,0.0,9.729610028005628e-23
a098_i075,C1056_ST,PAIRING_DESTROYED,204.0,7.075591926286598e-36,0.0,1.0639161501541793e-31
a098_i075,C1056_ST,PAIRING_DESTROYED,208.0,1.8619965964859476e-46,0.0,3.666608858461838e-42
a098_i075,C1056_ST,PAIRING_DESTROYED,212.0,2.6484395505717607e-58,0.0,4.028097717112561e-54
a098_i075,C1056_ST,PAIRING_DESTROYED,216.0,1.101878775484932e-71,0.0,1.3961245371133169e-67
a098_i075,C1056_ST,PAIRING_DESTROYED,220.0,1.3096596979392484e-86,0.0,1.4889066289798034e-82
a098_i075,C1056_ST,PAIRING_DESTROYED,224.0,4.4466628529106003e-103,0.0,4.758570363221213e-99
a098_i075,C1056_ST,PAIRING_DESTROYED,228.0,4.312758869521603e-121,0.0,4.4677969505672826e-117
a098_i075,C1056_ST,PAIRING_DESTROYED,232.0,1.194866744742385e-140,0.0,1.216880356274577e-136
a098_i075,C1056_ST,PAIRING_DESTROYED,236.0,9.456410433311488e-162,0.0,9.545696841868318e-158
a098_i075,C1056_ST,PAIRING_DESTROYED,240.0,2.137840693264085e-184,0.0,2.1481854648992736e-180
a098_i075,C1056_ST,PAIRING_DESTROYED,244.0,1.380595268289758e-208,0.0,1.3840189874289657e-204
a098_i075,C1056_ST,PAIRING_DESTROYED,248.0,2.546826449740349e-234,0.0,2.550063258999624e-230
a098_i075,C1056_ST,PAIRING_DESTROYED,252.0,1.3420670359257046e-261,0.0,1.3429411696632829e-257
