arm,estimator,snr0,regime,n_truths,n_draws,seconds,peak_rss_mb,iterations,note,freeze_sha256
DIRECT_PHYSICAL,TSVD,1.0,validation_in_class,512,5,0.36692309379577637,695.56640625,1,direct linear solve; no iterative scheme,e9c3a2d32a8bc24f638b0cb6e8fb573a72334b5e577afad9ed2b0aab5d009381
DIRECT_PHYSICAL,TSVD,1.0,validation_off_grid,320,5,0.2424607276916504,695.56640625,1,direct linear solve; no iterative scheme,e9c3a2d32a8bc24f638b0cb6e8fb573a72334b5e577afad9ed2b0aab5d009381
DIRECT_PHYSICAL,TSVD,1.0,validation_ood,256,5,0.20767664909362793,695.56640625,1,direct linear solve; no iterative scheme,e9c3a2d32a8bc24f638b0cb6e8fb573a72334b5e577afad9ed2b0aab5d009381
DIRECT_PHYSICAL,RIDGE_IDENTITY,1.0,validation_in_class,512,5,0.39602208137512207,695.56640625,1,direct linear solve; no iterative scheme,e9c3a2d32a8bc24f638b0cb6e8fb573a72334b5e577afad9ed2b0aab5d009381
DIRECT_PHYSICAL,RIDGE_IDENTITY,1.0,validation_off_grid,320,5,0.22277569770812988,695.56640625,1,direct linear solve; no iterative scheme,e9c3a2d32a8bc24f638b0cb6e8fb573a72334b5e577afad9ed2b0aab5d009381
DIRECT_PHYSICAL,RIDGE_IDENTITY,1.0,validation_ood,256,5,0.19043302536010742,695.56640625,1,direct linear solve; no iterative scheme,e9c3a2d32a8bc24f638b0cb6e8fb573a72334b5e577afad9ed2b0aab5d009381
DIRECT_PHYSICAL,TIKHONOV_TEMPORAL,1.0,validation_in_class,512,5,0.3928840160369873,695.56640625,1,direct linear solve; no iterative scheme,e9c3a2d32a8bc24f638b0cb6e8fb573a72334b5e577afad9ed2b0aab5d009381
DIRECT_PHYSICAL,TIKHONOV_TEMPORAL,1.0,validation_off_grid,320,5,0.2166898250579834,695.56640625,1,direct linear solve; no iterative scheme,e9c3a2d32a8bc24f638b0cb6e8fb573a72334b5e577afad9ed2b0aab5d009381
DIRECT_PHYSICAL,TIKHONOV_TEMPORAL,1.0,validation_ood,256,5,0.1754775047302246,695.56640625,1,direct linear solve; no iterative scheme,e9c3a2d32a8bc24f638b0cb6e8fb573a72334b5e577afad9ed2b0aab5d009381
DIRECT_PHYSICAL,WIENER_GAUSSIAN,1.0,validation_in_class,512,5,0.376659631729126,695.56640625,1,direct linear solve; no iterative scheme,e9c3a2d32a8bc24f638b0cb6e8fb573a72334b5e577afad9ed2b0aab5d009381
DIRECT_PHYSICAL,WIENER_GAUSSIAN,1.0,validation_off_grid,320,5,0.2445986270904541,695.56640625,1,direct linear solve; no iterative scheme,e9c3a2d32a8bc24f638b0cb6e8fb573a72334b5e577afad9ed2b0aab5d009381
DIRECT_PHYSICAL,WIENER_GAUSSIAN,1.0,validation_ood,256,5,0.20615386962890625,695.56640625,1,direct linear solve; no iterative scheme,e9c3a2d32a8bc24f638b0cb6e8fb573a72334b5e577afad9ed2b0aab5d009381
DIRECT_PHYSICAL,LINEAR_STATE_SPACE,1.0,validation_in_class,512,5,0.36368370056152344,695.56640625,1,direct linear solve; no iterative scheme,e9c3a2d32a8bc24f638b0cb6e8fb573a72334b5e577afad9ed2b0aab5d009381
DIRECT_PHYSICAL,LINEAR_STATE_SPACE,1.0,validation_off_grid,320,5,0.24588894844055176,695.56640625,1,direct linear solve; no iterative scheme,e9c3a2d32a8bc24f638b0cb6e8fb573a72334b5e577afad9ed2b0aab5d009381
DIRECT_PHYSICAL,LINEAR_STATE_SPACE,1.0,validation_ood,256,5,0.19741392135620117,695.56640625,1,direct linear solve; no iterative scheme,e9c3a2d32a8bc24f638b0cb6e8fb573a72334b5e577afad9ed2b0aab5d009381
DIRECT_PHYSICAL,TSVD,3.0,validation_in_class,512,5,0.3670222759246826,695.56640625,1,direct linear solve; no iterative scheme,e9c3a2d32a8bc24f638b0cb6e8fb573a72334b5e577afad9ed2b0aab5d009381
DIRECT_PHYSICAL,TSVD,3.0,validation_off_grid,320,5,0.2348482608795166,695.56640625,1,direct linear solve; no iterative scheme,e9c3a2d32a8bc24f638b0cb6e8fb573a72334b5e577afad9ed2b0aab5d009381
DIRECT_PHYSICAL,TSVD,3.0,validation_ood,256,5,0.20602083206176758,695.56640625,1,direct linear solve; no iterative scheme,e9c3a2d32a8bc24f638b0cb6e8fb573a72334b5e577afad9ed2b0aab5d009381
DIRECT_PHYSICAL,RIDGE_IDENTITY,3.0,validation_in_class,512,5,0.35701441764831543,695.56640625,1,direct linear solve; no iterative scheme,e9c3a2d32a8bc24f638b0cb6e8fb573a72334b5e577afad9ed2b0aab5d009381
DIRECT_PHYSICAL,RIDGE_IDENTITY,3.0,validation_off_grid,320,5,0.22037696838378906,695.56640625,1,direct linear solve; no iterative scheme,e9c3a2d32a8bc24f638b0cb6e8fb573a72334b5e577afad9ed2b0aab5d009381
DIRECT_PHYSICAL,RIDGE_IDENTITY,3.0,validation_ood,256,5,0.1791245937347412,695.56640625,1,direct linear solve; no iterative scheme,e9c3a2d32a8bc24f638b0cb6e8fb573a72334b5e577afad9ed2b0aab5d009381
DIRECT_PHYSICAL,TIKHONOV_TEMPORAL,3.0,validation_in_class,512,5,0.3992629051208496,695.56640625,1,direct linear solve; no iterative scheme,e9c3a2d32a8bc24f638b0cb6e8fb573a72334b5e577afad9ed2b0aab5d009381
DIRECT_PHYSICAL,TIKHONOV_TEMPORAL,3.0,validation_off_grid,320,5,0.23644495010375977,695.56640625,1,direct linear solve; no iterative scheme,e9c3a2d32a8bc24f638b0cb6e8fb573a72334b5e577afad9ed2b0aab5d009381
DIRECT_PHYSICAL,TIKHONOV_TEMPORAL,3.0,validation_ood,256,5,0.19038701057434082,695.56640625,1,direct linear solve; no iterative scheme,e9c3a2d32a8bc24f638b0cb6e8fb573a72334b5e577afad9ed2b0aab5d009381
DIRECT_PHYSICAL,WIENER_GAUSSIAN,3.0,validation_in_class,512,5,0.3768744468688965,695.56640625,1,direct linear solve; no iterative scheme,e9c3a2d32a8bc24f638b0cb6e8fb573a72334b5e577afad9ed2b0aab5d009381
DIRECT_PHYSICAL,WIENER_GAUSSIAN,3.0,validation_off_grid,320,5,0.25771474838256836,695.56640625,1,direct linear solve; no iterative scheme,e9c3a2d32a8bc24f638b0cb6e8fb573a72334b5e577afad9ed2b0aab5d009381
DIRECT_PHYSICAL,WIENER_GAUSSIAN,3.0,validation_ood,256,5,0.19689297676086426,695.56640625,1,direct linear solve; no iterative scheme,e9c3a2d32a8bc24f638b0cb6e8fb573a72334b5e577afad9ed2b0aab5d009381
DIRECT_PHYSICAL,LINEAR_STATE_SPACE,3.0,validation_in_class,512,5,0.3783245086669922,695.56640625,1,direct linear solve; no iterative scheme,e9c3a2d32a8bc24f638b0cb6e8fb573a72334b5e577afad9ed2b0aab5d009381
DIRECT_PHYSICAL,LINEAR_STATE_SPACE,3.0,validation_off_grid,320,5,0.2527010440826416,695.56640625,1,direct linear solve; no iterative scheme,e9c3a2d32a8bc24f638b0cb6e8fb573a72334b5e577afad9ed2b0aab5d009381
DIRECT_PHYSICAL,LINEAR_STATE_SPACE,3.0,validation_ood,256,5,0.21038317680358887,695.56640625,1,direct linear solve; no iterative scheme,e9c3a2d32a8bc24f638b0cb6e8fb573a72334b5e577afad9ed2b0aab5d009381
DIRECT_PHYSICAL,TSVD,10.0,validation_in_class,512,5,0.4274406433105469,695.56640625,1,direct linear solve; no iterative scheme,e9c3a2d32a8bc24f638b0cb6e8fb573a72334b5e577afad9ed2b0aab5d009381
DIRECT_PHYSICAL,TSVD,10.0,validation_off_grid,320,5,0.23434233665466309,695.56640625,1,direct linear solve; no iterative scheme,e9c3a2d32a8bc24f638b0cb6e8fb573a72334b5e577afad9ed2b0aab5d009381
DIRECT_PHYSICAL,TSVD,10.0,validation_ood,256,5,0.19095730781555176,695.56640625,1,direct linear solve; no iterative scheme,e9c3a2d32a8bc24f638b0cb6e8fb573a72334b5e577afad9ed2b0aab5d009381
DIRECT_PHYSICAL,RIDGE_IDENTITY,10.0,validation_in_class,512,5,0.37917113304138184,695.56640625,1,direct linear solve; no iterative scheme,e9c3a2d32a8bc24f638b0cb6e8fb573a72334b5e577afad9ed2b0aab5d009381
DIRECT_PHYSICAL,RIDGE_IDENTITY,10.0,validation_off_grid,320,5,0.41497206687927246,695.56640625,1,direct linear solve; no iterative scheme,e9c3a2d32a8bc24f638b0cb6e8fb573a72334b5e577afad9ed2b0aab5d009381
DIRECT_PHYSICAL,RIDGE_IDENTITY,10.0,validation_ood,256,5,0.25290465354919434,695.56640625,1,direct linear solve; no iterative scheme,e9c3a2d32a8bc24f638b0cb6e8fb573a72334b5e577afad9ed2b0aab5d009381
DIRECT_PHYSICAL,TIKHONOV_TEMPORAL,10.0,validation_in_class,512,5,0.37576770782470703,695.56640625,1,direct linear solve; no iterative scheme,e9c3a2d32a8bc24f638b0cb6e8fb573a72334b5e577afad9ed2b0aab5d009381
DIRECT_PHYSICAL,TIKHONOV_TEMPORAL,10.0,validation_off_grid,320,5,0.24898386001586914,695.56640625,1,direct linear solve; no iterative scheme,e9c3a2d32a8bc24f638b0cb6e8fb573a72334b5e577afad9ed2b0aab5d009381
DIRECT_PHYSICAL,TIKHONOV_TEMPORAL,10.0,validation_ood,256,5,0.18736553192138672,695.56640625,1,direct linear solve; no iterative scheme,e9c3a2d32a8bc24f638b0cb6e8fb573a72334b5e577afad9ed2b0aab5d009381
DIRECT_PHYSICAL,WIENER_GAUSSIAN,10.0,validation_in_class,512,5,0.3756389617919922,695.56640625,1,direct linear solve; no iterative scheme,e9c3a2d32a8bc24f638b0cb6e8fb573a72334b5e577afad9ed2b0aab5d009381
DIRECT_PHYSICAL,WIENER_GAUSSIAN,10.0,validation_off_grid,320,5,0.23795795440673828,695.56640625,1,direct linear solve; no iterative scheme,e9c3a2d32a8bc24f638b0cb6e8fb573a72334b5e577afad9ed2b0aab5d009381
DIRECT_PHYSICAL,WIENER_GAUSSIAN,10.0,validation_ood,256,5,0.19817757606506348,695.56640625,1,direct linear solve; no iterative scheme,e9c3a2d32a8bc24f638b0cb6e8fb573a72334b5e577afad9ed2b0aab5d009381
DIRECT_PHYSICAL,LINEAR_STATE_SPACE,10.0,validation_in_class,512,5,0.3811526298522949,695.56640625,1,direct linear solve; no iterative scheme,e9c3a2d32a8bc24f638b0cb6e8fb573a72334b5e577afad9ed2b0aab5d009381
DIRECT_PHYSICAL,LINEAR_STATE_SPACE,10.0,validation_off_grid,320,5,0.27582645416259766,695.56640625,1,direct linear solve; no iterative scheme,e9c3a2d32a8bc24f638b0cb6e8fb573a72334b5e577afad9ed2b0aab5d009381
DIRECT_PHYSICAL,LINEAR_STATE_SPACE,10.0,validation_ood,256,5,0.21363210678100586,695.56640625,1,direct linear solve; no iterative scheme,e9c3a2d32a8bc24f638b0cb6e8fb573a72334b5e577afad9ed2b0aab5d009381
DIRECT_PHYSICAL,TSVD,30.0,validation_in_class,512,5,0.4360978603363037,695.56640625,1,direct linear solve; no iterative scheme,e9c3a2d32a8bc24f638b0cb6e8fb573a72334b5e577afad9ed2b0aab5d009381
DIRECT_PHYSICAL,TSVD,30.0,validation_off_grid,320,5,0.28489065170288086,695.56640625,1,direct linear solve; no iterative scheme,e9c3a2d32a8bc24f638b0cb6e8fb573a72334b5e577afad9ed2b0aab5d009381
DIRECT_PHYSICAL,TSVD,30.0,validation_ood,256,5,0.23703527450561523,695.56640625,1,direct linear solve; no iterative scheme,e9c3a2d32a8bc24f638b0cb6e8fb573a72334b5e577afad9ed2b0aab5d009381
DIRECT_PHYSICAL,RIDGE_IDENTITY,30.0,validation_in_class,512,5,0.4666616916656494,695.56640625,1,direct linear solve; no iterative scheme,e9c3a2d32a8bc24f638b0cb6e8fb573a72334b5e577afad9ed2b0aab5d009381
DIRECT_PHYSICAL,RIDGE_IDENTITY,30.0,validation_off_grid,320,5,0.28784823417663574,695.56640625,1,direct linear solve; no iterative scheme,e9c3a2d32a8bc24f638b0cb6e8fb573a72334b5e577afad9ed2b0aab5d009381
DIRECT_PHYSICAL,RIDGE_IDENTITY,30.0,validation_ood,256,5,0.2304058074951172,695.56640625,1,direct linear solve; no iterative scheme,e9c3a2d32a8bc24f638b0cb6e8fb573a72334b5e577afad9ed2b0aab5d009381
DIRECT_PHYSICAL,TIKHONOV_TEMPORAL,30.0,validation_in_class,512,5,0.4600992202758789,695.56640625,1,direct linear solve; no iterative scheme,e9c3a2d32a8bc24f638b0cb6e8fb573a72334b5e577afad9ed2b0aab5d009381
DIRECT_PHYSICAL,TIKHONOV_TEMPORAL,30.0,validation_off_grid,320,5,0.2948274612426758,695.56640625,1,direct linear solve; no iterative scheme,e9c3a2d32a8bc24f638b0cb6e8fb573a72334b5e577afad9ed2b0aab5d009381
DIRECT_PHYSICAL,TIKHONOV_TEMPORAL,30.0,validation_ood,256,5,0.21921896934509277,695.56640625,1,direct linear solve; no iterative scheme,e9c3a2d32a8bc24f638b0cb6e8fb573a72334b5e577afad9ed2b0aab5d009381
DIRECT_PHYSICAL,WIENER_GAUSSIAN,30.0,validation_in_class,512,5,0.4626319408416748,695.56640625,1,direct linear solve; no iterative scheme,e9c3a2d32a8bc24f638b0cb6e8fb573a72334b5e577afad9ed2b0aab5d009381
DIRECT_PHYSICAL,WIENER_GAUSSIAN,30.0,validation_off_grid,320,5,0.3063075542449951,695.56640625,1,direct linear solve; no iterative scheme,e9c3a2d32a8bc24f638b0cb6e8fb573a72334b5e577afad9ed2b0aab5d009381
DIRECT_PHYSICAL,WIENER_GAUSSIAN,30.0,validation_ood,256,5,0.23508429527282715,695.56640625,1,direct linear solve; no iterative scheme,e9c3a2d32a8bc24f638b0cb6e8fb573a72334b5e577afad9ed2b0aab5d009381
DIRECT_PHYSICAL,LINEAR_STATE_SPACE,30.0,validation_in_class,512,5,0.45549917221069336,695.56640625,1,direct linear solve; no iterative scheme,e9c3a2d32a8bc24f638b0cb6e8fb573a72334b5e577afad9ed2b0aab5d009381
DIRECT_PHYSICAL,LINEAR_STATE_SPACE,30.0,validation_off_grid,320,5,0.2955198287963867,695.56640625,1,direct linear solve; no iterative scheme,e9c3a2d32a8bc24f638b0cb6e8fb573a72334b5e577afad9ed2b0aab5d009381
DIRECT_PHYSICAL,LINEAR_STATE_SPACE,30.0,validation_ood,256,5,0.24868202209472656,695.56640625,1,direct linear solve; no iterative scheme,e9c3a2d32a8bc24f638b0cb6e8fb573a72334b5e577afad9ed2b0aab5d009381
DIRECT_PHYSICAL,TSVD,100.0,validation_in_class,512,5,0.49187374114990234,695.56640625,1,direct linear solve; no iterative scheme,e9c3a2d32a8bc24f638b0cb6e8fb573a72334b5e577afad9ed2b0aab5d009381
DIRECT_PHYSICAL,TSVD,100.0,validation_off_grid,320,5,0.31676769256591797,695.56640625,1,direct linear solve; no iterative scheme,e9c3a2d32a8bc24f638b0cb6e8fb573a72334b5e577afad9ed2b0aab5d009381
DIRECT_PHYSICAL,TSVD,100.0,validation_ood,256,5,0.24794626235961914,695.56640625,1,direct linear solve; no iterative scheme,e9c3a2d32a8bc24f638b0cb6e8fb573a72334b5e577afad9ed2b0aab5d009381
DIRECT_PHYSICAL,RIDGE_IDENTITY,100.0,validation_in_class,512,5,0.45185232162475586,695.56640625,1,direct linear solve; no iterative scheme,e9c3a2d32a8bc24f638b0cb6e8fb573a72334b5e577afad9ed2b0aab5d009381
DIRECT_PHYSICAL,RIDGE_IDENTITY,100.0,validation_off_grid,320,5,0.3009495735168457,695.56640625,1,direct linear solve; no iterative scheme,e9c3a2d32a8bc24f638b0cb6e8fb573a72334b5e577afad9ed2b0aab5d009381
DIRECT_PHYSICAL,RIDGE_IDENTITY,100.0,validation_ood,256,5,0.25272488594055176,695.56640625,1,direct linear solve; no iterative scheme,e9c3a2d32a8bc24f638b0cb6e8fb573a72334b5e577afad9ed2b0aab5d009381
DIRECT_PHYSICAL,TIKHONOV_TEMPORAL,100.0,validation_in_class,512,5,0.4265615940093994,695.56640625,1,direct linear solve; no iterative scheme,e9c3a2d32a8bc24f638b0cb6e8fb573a72334b5e577afad9ed2b0aab5d009381
DIRECT_PHYSICAL,TIKHONOV_TEMPORAL,100.0,validation_off_grid,320,5,0.283524751663208,695.56640625,1,direct linear solve; no iterative scheme,e9c3a2d32a8bc24f638b0cb6e8fb573a72334b5e577afad9ed2b0aab5d009381
DIRECT_PHYSICAL,TIKHONOV_TEMPORAL,100.0,validation_ood,256,5,0.22228789329528809,695.56640625,1,direct linear solve; no iterative scheme,e9c3a2d32a8bc24f638b0cb6e8fb573a72334b5e577afad9ed2b0aab5d009381
DIRECT_PHYSICAL,WIENER_GAUSSIAN,100.0,validation_in_class,512,5,0.47301673889160156,695.56640625,1,direct linear solve; no iterative scheme,e9c3a2d32a8bc24f638b0cb6e8fb573a72334b5e577afad9ed2b0aab5d009381
DIRECT_PHYSICAL,WIENER_GAUSSIAN,100.0,validation_off_grid,320,5,0.31890082359313965,695.56640625,1,direct linear solve; no iterative scheme,e9c3a2d32a8bc24f638b0cb6e8fb573a72334b5e577afad9ed2b0aab5d009381
DIRECT_PHYSICAL,WIENER_GAUSSIAN,100.0,validation_ood,256,5,0.25273752212524414,695.56640625,1,direct linear solve; no iterative scheme,e9c3a2d32a8bc24f638b0cb6e8fb573a72334b5e577afad9ed2b0aab5d009381
DIRECT_PHYSICAL,LINEAR_STATE_SPACE,100.0,validation_in_class,512,5,0.47901439666748047,695.56640625,1,direct linear solve; no iterative scheme,e9c3a2d32a8bc24f638b0cb6e8fb573a72334b5e577afad9ed2b0aab5d009381
DIRECT_PHYSICAL,LINEAR_STATE_SPACE,100.0,validation_off_grid,320,5,0.2928745746612549,695.56640625,1,direct linear solve; no iterative scheme,e9c3a2d32a8bc24f638b0cb6e8fb573a72334b5e577afad9ed2b0aab5d009381
DIRECT_PHYSICAL,LINEAR_STATE_SPACE,100.0,validation_ood,256,5,0.24570870399475098,695.56640625,1,direct linear solve; no iterative scheme,e9c3a2d32a8bc24f638b0cb6e8fb573a72334b5e577afad9ed2b0aab5d009381
DIRECT_PHYSICAL,TSVD,300.0,validation_in_class,512,5,0.44708824157714844,695.56640625,1,direct linear solve; no iterative scheme,e9c3a2d32a8bc24f638b0cb6e8fb573a72334b5e577afad9ed2b0aab5d009381
DIRECT_PHYSICAL,TSVD,300.0,validation_off_grid,320,5,0.2985696792602539,695.56640625,1,direct linear solve; no iterative scheme,e9c3a2d32a8bc24f638b0cb6e8fb573a72334b5e577afad9ed2b0aab5d009381
DIRECT_PHYSICAL,TSVD,300.0,validation_ood,256,5,0.26209139823913574,695.56640625,1,direct linear solve; no iterative scheme,e9c3a2d32a8bc24f638b0cb6e8fb573a72334b5e577afad9ed2b0aab5d009381
DIRECT_PHYSICAL,RIDGE_IDENTITY,300.0,validation_in_class,512,5,0.4732372760772705,695.56640625,1,direct linear solve; no iterative scheme,e9c3a2d32a8bc24f638b0cb6e8fb573a72334b5e577afad9ed2b0aab5d009381
DIRECT_PHYSICAL,RIDGE_IDENTITY,300.0,validation_off_grid,320,5,0.2912898063659668,695.56640625,1,direct linear solve; no iterative scheme,e9c3a2d32a8bc24f638b0cb6e8fb573a72334b5e577afad9ed2b0aab5d009381
DIRECT_PHYSICAL,RIDGE_IDENTITY,300.0,validation_ood,256,5,0.2386307716369629,695.56640625,1,direct linear solve; no iterative scheme,e9c3a2d32a8bc24f638b0cb6e8fb573a72334b5e577afad9ed2b0aab5d009381
DIRECT_PHYSICAL,TIKHONOV_TEMPORAL,300.0,validation_in_class,512,5,0.4779195785522461,695.56640625,1,direct linear solve; no iterative scheme,e9c3a2d32a8bc24f638b0cb6e8fb573a72334b5e577afad9ed2b0aab5d009381
DIRECT_PHYSICAL,TIKHONOV_TEMPORAL,300.0,validation_off_grid,320,5,0.2957267761230469,695.56640625,1,direct linear solve; no iterative scheme,e9c3a2d32a8bc24f638b0cb6e8fb573a72334b5e577afad9ed2b0aab5d009381
DIRECT_PHYSICAL,TIKHONOV_TEMPORAL,300.0,validation_ood,256,5,0.2239069938659668,695.56640625,1,direct linear solve; no iterative scheme,e9c3a2d32a8bc24f638b0cb6e8fb573a72334b5e577afad9ed2b0aab5d009381
DIRECT_PHYSICAL,WIENER_GAUSSIAN,300.0,validation_in_class,512,5,0.47346997261047363,695.56640625,1,direct linear solve; no iterative scheme,e9c3a2d32a8bc24f638b0cb6e8fb573a72334b5e577afad9ed2b0aab5d009381
DIRECT_PHYSICAL,WIENER_GAUSSIAN,300.0,validation_off_grid,320,5,0.3138847351074219,695.56640625,1,direct linear solve; no iterative scheme,e9c3a2d32a8bc24f638b0cb6e8fb573a72334b5e577afad9ed2b0aab5d009381
DIRECT_PHYSICAL,WIENER_GAUSSIAN,300.0,validation_ood,256,5,0.24668121337890625,695.56640625,1,direct linear solve; no iterative scheme,e9c3a2d32a8bc24f638b0cb6e8fb573a72334b5e577afad9ed2b0aab5d009381
DIRECT_PHYSICAL,LINEAR_STATE_SPACE,300.0,validation_in_class,512,5,0.44921064376831055,695.56640625,1,direct linear solve; no iterative scheme,e9c3a2d32a8bc24f638b0cb6e8fb573a72334b5e577afad9ed2b0aab5d009381
DIRECT_PHYSICAL,LINEAR_STATE_SPACE,300.0,validation_off_grid,320,5,0.296245813369751,695.56640625,1,direct linear solve; no iterative scheme,e9c3a2d32a8bc24f638b0cb6e8fb573a72334b5e577afad9ed2b0aab5d009381
DIRECT_PHYSICAL,LINEAR_STATE_SPACE,300.0,validation_ood,256,5,0.24883747100830078,695.56640625,1,direct linear solve; no iterative scheme,e9c3a2d32a8bc24f638b0cb6e8fb573a72334b5e577afad9ed2b0aab5d009381
DIRECT_PHYSICAL,TSVD,1000.0,validation_in_class,512,5,0.5200273990631104,695.56640625,1,direct linear solve; no iterative scheme,e9c3a2d32a8bc24f638b0cb6e8fb573a72334b5e577afad9ed2b0aab5d009381
DIRECT_PHYSICAL,TSVD,1000.0,validation_off_grid,320,5,0.3077116012573242,695.56640625,1,direct linear solve; no iterative scheme,e9c3a2d32a8bc24f638b0cb6e8fb573a72334b5e577afad9ed2b0aab5d009381
DIRECT_PHYSICAL,TSVD,1000.0,validation_ood,256,5,0.23954248428344727,695.56640625,1,direct linear solve; no iterative scheme,e9c3a2d32a8bc24f638b0cb6e8fb573a72334b5e577afad9ed2b0aab5d009381
DIRECT_PHYSICAL,RIDGE_IDENTITY,1000.0,validation_in_class,512,5,0.5318117141723633,695.56640625,1,direct linear solve; no iterative scheme,e9c3a2d32a8bc24f638b0cb6e8fb573a72334b5e577afad9ed2b0aab5d009381
DIRECT_PHYSICAL,RIDGE_IDENTITY,1000.0,validation_off_grid,320,5,0.2996690273284912,695.56640625,1,direct linear solve; no iterative scheme,e9c3a2d32a8bc24f638b0cb6e8fb573a72334b5e577afad9ed2b0aab5d009381
DIRECT_PHYSICAL,RIDGE_IDENTITY,1000.0,validation_ood,256,5,0.24470210075378418,695.56640625,1,direct linear solve; no iterative scheme,e9c3a2d32a8bc24f638b0cb6e8fb573a72334b5e577afad9ed2b0aab5d009381
DIRECT_PHYSICAL,TIKHONOV_TEMPORAL,1000.0,validation_in_class,512,5,0.43576669692993164,695.56640625,1,direct linear solve; no iterative scheme,e9c3a2d32a8bc24f638b0cb6e8fb573a72334b5e577afad9ed2b0aab5d009381
DIRECT_PHYSICAL,TIKHONOV_TEMPORAL,1000.0,validation_off_grid,320,5,0.27147912979125977,695.56640625,1,direct linear solve; no iterative scheme,e9c3a2d32a8bc24f638b0cb6e8fb573a72334b5e577afad9ed2b0aab5d009381
DIRECT_PHYSICAL,TIKHONOV_TEMPORAL,1000.0,validation_ood,256,5,0.24026012420654297,695.56640625,1,direct linear solve; no iterative scheme,e9c3a2d32a8bc24f638b0cb6e8fb573a72334b5e577afad9ed2b0aab5d009381
DIRECT_PHYSICAL,WIENER_GAUSSIAN,1000.0,validation_in_class,512,5,0.45554041862487793,695.56640625,1,direct linear solve; no iterative scheme,e9c3a2d32a8bc24f638b0cb6e8fb573a72334b5e577afad9ed2b0aab5d009381
DIRECT_PHYSICAL,WIENER_GAUSSIAN,1000.0,validation_off_grid,320,5,0.29079389572143555,695.56640625,1,direct linear solve; no iterative scheme,e9c3a2d32a8bc24f638b0cb6e8fb573a72334b5e577afad9ed2b0aab5d009381
DIRECT_PHYSICAL,WIENER_GAUSSIAN,1000.0,validation_ood,256,5,0.24089646339416504,695.56640625,1,direct linear solve; no iterative scheme,e9c3a2d32a8bc24f638b0cb6e8fb573a72334b5e577afad9ed2b0aab5d009381
DIRECT_PHYSICAL,LINEAR_STATE_SPACE,1000.0,validation_in_class,512,5,0.5310742855072021,695.56640625,1,direct linear solve; no iterative scheme,e9c3a2d32a8bc24f638b0cb6e8fb573a72334b5e577afad9ed2b0aab5d009381
DIRECT_PHYSICAL,LINEAR_STATE_SPACE,1000.0,validation_off_grid,320,5,0.3195621967315674,695.56640625,1,direct linear solve; no iterative scheme,e9c3a2d32a8bc24f638b0cb6e8fb573a72334b5e577afad9ed2b0aab5d009381
DIRECT_PHYSICAL,LINEAR_STATE_SPACE,1000.0,validation_ood,256,5,0.24370026588439941,695.56640625,1,direct linear solve; no iterative scheme,e9c3a2d32a8bc24f638b0cb6e8fb573a72334b5e577afad9ed2b0aab5d009381
DIRECT_PHYSICAL,TSVD,3000.0,validation_in_class,512,5,0.44559240341186523,695.56640625,1,direct linear solve; no iterative scheme,e9c3a2d32a8bc24f638b0cb6e8fb573a72334b5e577afad9ed2b0aab5d009381
DIRECT_PHYSICAL,TSVD,3000.0,validation_off_grid,320,5,0.27707862854003906,695.56640625,1,direct linear solve; no iterative scheme,e9c3a2d32a8bc24f638b0cb6e8fb573a72334b5e577afad9ed2b0aab5d009381
DIRECT_PHYSICAL,TSVD,3000.0,validation_ood,256,5,0.22098898887634277,695.56640625,1,direct linear solve; no iterative scheme,e9c3a2d32a8bc24f638b0cb6e8fb573a72334b5e577afad9ed2b0aab5d009381
DIRECT_PHYSICAL,RIDGE_IDENTITY,3000.0,validation_in_class,512,5,0.42496562004089355,695.56640625,1,direct linear solve; no iterative scheme,e9c3a2d32a8bc24f638b0cb6e8fb573a72334b5e577afad9ed2b0aab5d009381
DIRECT_PHYSICAL,RIDGE_IDENTITY,3000.0,validation_off_grid,320,5,0.2863593101501465,695.56640625,1,direct linear solve; no iterative scheme,e9c3a2d32a8bc24f638b0cb6e8fb573a72334b5e577afad9ed2b0aab5d009381
DIRECT_PHYSICAL,RIDGE_IDENTITY,3000.0,validation_ood,256,5,0.23302626609802246,695.56640625,1,direct linear solve; no iterative scheme,e9c3a2d32a8bc24f638b0cb6e8fb573a72334b5e577afad9ed2b0aab5d009381
DIRECT_PHYSICAL,TIKHONOV_TEMPORAL,3000.0,validation_in_class,512,5,0.7257421016693115,695.56640625,1,direct linear solve; no iterative scheme,e9c3a2d32a8bc24f638b0cb6e8fb573a72334b5e577afad9ed2b0aab5d009381
DIRECT_PHYSICAL,TIKHONOV_TEMPORAL,3000.0,validation_off_grid,320,5,0.3714871406555176,695.56640625,1,direct linear solve; no iterative scheme,e9c3a2d32a8bc24f638b0cb6e8fb573a72334b5e577afad9ed2b0aab5d009381
DIRECT_PHYSICAL,TIKHONOV_TEMPORAL,3000.0,validation_ood,256,5,0.32025790214538574,695.56640625,1,direct linear solve; no iterative scheme,e9c3a2d32a8bc24f638b0cb6e8fb573a72334b5e577afad9ed2b0aab5d009381
DIRECT_PHYSICAL,WIENER_GAUSSIAN,3000.0,validation_in_class,512,5,0.4555685520172119,695.56640625,1,direct linear solve; no iterative scheme,e9c3a2d32a8bc24f638b0cb6e8fb573a72334b5e577afad9ed2b0aab5d009381
DIRECT_PHYSICAL,WIENER_GAUSSIAN,3000.0,validation_off_grid,320,5,0.29741454124450684,695.56640625,1,direct linear solve; no iterative scheme,e9c3a2d32a8bc24f638b0cb6e8fb573a72334b5e577afad9ed2b0aab5d009381
DIRECT_PHYSICAL,WIENER_GAUSSIAN,3000.0,validation_ood,256,5,0.23671603202819824,695.56640625,1,direct linear solve; no iterative scheme,e9c3a2d32a8bc24f638b0cb6e8fb573a72334b5e577afad9ed2b0aab5d009381
DIRECT_PHYSICAL,LINEAR_STATE_SPACE,3000.0,validation_in_class,512,5,0.46303534507751465,695.56640625,1,direct linear solve; no iterative scheme,e9c3a2d32a8bc24f638b0cb6e8fb573a72334b5e577afad9ed2b0aab5d009381
DIRECT_PHYSICAL,LINEAR_STATE_SPACE,3000.0,validation_off_grid,320,5,0.2941136360168457,695.56640625,1,direct linear solve; no iterative scheme,e9c3a2d32a8bc24f638b0cb6e8fb573a72334b5e577afad9ed2b0aab5d009381
DIRECT_PHYSICAL,LINEAR_STATE_SPACE,3000.0,validation_ood,256,5,0.24530744552612305,695.56640625,1,direct linear solve; no iterative scheme,e9c3a2d32a8bc24f638b0cb6e8fb573a72334b5e577afad9ed2b0aab5d009381
DIRECT_PHYSICAL,TSVD,10000.0,validation_in_class,512,5,0.45641446113586426,695.56640625,1,direct linear solve; no iterative scheme,e9c3a2d32a8bc24f638b0cb6e8fb573a72334b5e577afad9ed2b0aab5d009381
DIRECT_PHYSICAL,TSVD,10000.0,validation_off_grid,320,5,0.30388426780700684,695.56640625,1,direct linear solve; no iterative scheme,e9c3a2d32a8bc24f638b0cb6e8fb573a72334b5e577afad9ed2b0aab5d009381
DIRECT_PHYSICAL,TSVD,10000.0,validation_ood,256,5,0.23961782455444336,695.56640625,1,direct linear solve; no iterative scheme,e9c3a2d32a8bc24f638b0cb6e8fb573a72334b5e577afad9ed2b0aab5d009381
DIRECT_PHYSICAL,RIDGE_IDENTITY,10000.0,validation_in_class,512,5,0.4434072971343994,695.56640625,1,direct linear solve; no iterative scheme,e9c3a2d32a8bc24f638b0cb6e8fb573a72334b5e577afad9ed2b0aab5d009381
DIRECT_PHYSICAL,RIDGE_IDENTITY,10000.0,validation_off_grid,320,5,0.2886180877685547,695.56640625,1,direct linear solve; no iterative scheme,e9c3a2d32a8bc24f638b0cb6e8fb573a72334b5e577afad9ed2b0aab5d009381
DIRECT_PHYSICAL,RIDGE_IDENTITY,10000.0,validation_ood,256,5,0.22768330574035645,695.56640625,1,direct linear solve; no iterative scheme,e9c3a2d32a8bc24f638b0cb6e8fb573a72334b5e577afad9ed2b0aab5d009381
DIRECT_PHYSICAL,TIKHONOV_TEMPORAL,10000.0,validation_in_class,512,5,0.4820740222930908,695.56640625,1,direct linear solve; no iterative scheme,e9c3a2d32a8bc24f638b0cb6e8fb573a72334b5e577afad9ed2b0aab5d009381
DIRECT_PHYSICAL,TIKHONOV_TEMPORAL,10000.0,validation_off_grid,320,5,0.29811787605285645,695.56640625,1,direct linear solve; no iterative scheme,e9c3a2d32a8bc24f638b0cb6e8fb573a72334b5e577afad9ed2b0aab5d009381
DIRECT_PHYSICAL,TIKHONOV_TEMPORAL,10000.0,validation_ood,256,5,0.241868257522583,695.56640625,1,direct linear solve; no iterative scheme,e9c3a2d32a8bc24f638b0cb6e8fb573a72334b5e577afad9ed2b0aab5d009381
DIRECT_PHYSICAL,WIENER_GAUSSIAN,10000.0,validation_in_class,512,5,0.4525775909423828,695.56640625,1,direct linear solve; no iterative scheme,e9c3a2d32a8bc24f638b0cb6e8fb573a72334b5e577afad9ed2b0aab5d009381
DIRECT_PHYSICAL,WIENER_GAUSSIAN,10000.0,validation_off_grid,320,5,0.31635427474975586,695.56640625,1,direct linear solve; no iterative scheme,e9c3a2d32a8bc24f638b0cb6e8fb573a72334b5e577afad9ed2b0aab5d009381
DIRECT_PHYSICAL,WIENER_GAUSSIAN,10000.0,validation_ood,256,5,0.2585327625274658,695.56640625,1,direct linear solve; no iterative scheme,e9c3a2d32a8bc24f638b0cb6e8fb573a72334b5e577afad9ed2b0aab5d009381
DIRECT_PHYSICAL,LINEAR_STATE_SPACE,10000.0,validation_in_class,512,5,0.4517817497253418,695.56640625,1,direct linear solve; no iterative scheme,e9c3a2d32a8bc24f638b0cb6e8fb573a72334b5e577afad9ed2b0aab5d009381
DIRECT_PHYSICAL,LINEAR_STATE_SPACE,10000.0,validation_off_grid,320,5,0.29972004890441895,695.56640625,1,direct linear solve; no iterative scheme,e9c3a2d32a8bc24f638b0cb6e8fb573a72334b5e577afad9ed2b0aab5d009381
DIRECT_PHYSICAL,LINEAR_STATE_SPACE,10000.0,validation_ood,256,5,0.2375485897064209,695.56640625,1,direct linear solve; no iterative scheme,e9c3a2d32a8bc24f638b0cb6e8fb573a72334b5e577afad9ed2b0aab5d009381
DIRECT_PHYSICAL,TSVD,30000.0,validation_in_class,512,5,0.45059919357299805,695.56640625,1,direct linear solve; no iterative scheme,e9c3a2d32a8bc24f638b0cb6e8fb573a72334b5e577afad9ed2b0aab5d009381
DIRECT_PHYSICAL,TSVD,30000.0,validation_off_grid,320,5,0.2907876968383789,695.56640625,1,direct linear solve; no iterative scheme,e9c3a2d32a8bc24f638b0cb6e8fb573a72334b5e577afad9ed2b0aab5d009381
DIRECT_PHYSICAL,TSVD,30000.0,validation_ood,256,5,0.2428722381591797,695.56640625,1,direct linear solve; no iterative scheme,e9c3a2d32a8bc24f638b0cb6e8fb573a72334b5e577afad9ed2b0aab5d009381
DIRECT_PHYSICAL,RIDGE_IDENTITY,30000.0,validation_in_class,512,5,0.4316694736480713,695.56640625,1,direct linear solve; no iterative scheme,e9c3a2d32a8bc24f638b0cb6e8fb573a72334b5e577afad9ed2b0aab5d009381
DIRECT_PHYSICAL,RIDGE_IDENTITY,30000.0,validation_off_grid,320,5,0.2769813537597656,695.56640625,1,direct linear solve; no iterative scheme,e9c3a2d32a8bc24f638b0cb6e8fb573a72334b5e577afad9ed2b0aab5d009381
DIRECT_PHYSICAL,RIDGE_IDENTITY,30000.0,validation_ood,256,5,0.2296435832977295,695.56640625,1,direct linear solve; no iterative scheme,e9c3a2d32a8bc24f638b0cb6e8fb573a72334b5e577afad9ed2b0aab5d009381
DIRECT_PHYSICAL,TIKHONOV_TEMPORAL,30000.0,validation_in_class,512,5,0.41820740699768066,695.56640625,1,direct linear solve; no iterative scheme,e9c3a2d32a8bc24f638b0cb6e8fb573a72334b5e577afad9ed2b0aab5d009381
DIRECT_PHYSICAL,TIKHONOV_TEMPORAL,30000.0,validation_off_grid,320,5,0.2809441089630127,695.56640625,1,direct linear solve; no iterative scheme,e9c3a2d32a8bc24f638b0cb6e8fb573a72334b5e577afad9ed2b0aab5d009381
DIRECT_PHYSICAL,TIKHONOV_TEMPORAL,30000.0,validation_ood,256,5,0.23243021965026855,695.56640625,1,direct linear solve; no iterative scheme,e9c3a2d32a8bc24f638b0cb6e8fb573a72334b5e577afad9ed2b0aab5d009381
DIRECT_PHYSICAL,WIENER_GAUSSIAN,30000.0,validation_in_class,512,5,0.45857763290405273,695.56640625,1,direct linear solve; no iterative scheme,e9c3a2d32a8bc24f638b0cb6e8fb573a72334b5e577afad9ed2b0aab5d009381
DIRECT_PHYSICAL,WIENER_GAUSSIAN,30000.0,validation_off_grid,320,5,0.3065297603607178,695.56640625,1,direct linear solve; no iterative scheme,e9c3a2d32a8bc24f638b0cb6e8fb573a72334b5e577afad9ed2b0aab5d009381
DIRECT_PHYSICAL,WIENER_GAUSSIAN,30000.0,validation_ood,256,5,0.25658726692199707,695.56640625,1,direct linear solve; no iterative scheme,e9c3a2d32a8bc24f638b0cb6e8fb573a72334b5e577afad9ed2b0aab5d009381
DIRECT_PHYSICAL,LINEAR_STATE_SPACE,30000.0,validation_in_class,512,5,0.49866199493408203,695.56640625,1,direct linear solve; no iterative scheme,e9c3a2d32a8bc24f638b0cb6e8fb573a72334b5e577afad9ed2b0aab5d009381
DIRECT_PHYSICAL,LINEAR_STATE_SPACE,30000.0,validation_off_grid,320,5,0.28868556022644043,695.56640625,1,direct linear solve; no iterative scheme,e9c3a2d32a8bc24f638b0cb6e8fb573a72334b5e577afad9ed2b0aab5d009381
DIRECT_PHYSICAL,LINEAR_STATE_SPACE,30000.0,validation_ood,256,5,0.23356413841247559,695.56640625,1,direct linear solve; no iterative scheme,e9c3a2d32a8bc24f638b0cb6e8fb573a72334b5e577afad9ed2b0aab5d009381
DIRECT_PHYSICAL,TSVD,100000.0,validation_in_class,512,5,0.5131485462188721,695.56640625,1,direct linear solve; no iterative scheme,e9c3a2d32a8bc24f638b0cb6e8fb573a72334b5e577afad9ed2b0aab5d009381
DIRECT_PHYSICAL,TSVD,100000.0,validation_off_grid,320,5,0.2865734100341797,695.56640625,1,direct linear solve; no iterative scheme,e9c3a2d32a8bc24f638b0cb6e8fb573a72334b5e577afad9ed2b0aab5d009381
DIRECT_PHYSICAL,TSVD,100000.0,validation_ood,256,5,0.24804949760437012,695.56640625,1,direct linear solve; no iterative scheme,e9c3a2d32a8bc24f638b0cb6e8fb573a72334b5e577afad9ed2b0aab5d009381
DIRECT_PHYSICAL,RIDGE_IDENTITY,100000.0,validation_in_class,512,5,0.504493236541748,695.56640625,1,direct linear solve; no iterative scheme,e9c3a2d32a8bc24f638b0cb6e8fb573a72334b5e577afad9ed2b0aab5d009381
DIRECT_PHYSICAL,RIDGE_IDENTITY,100000.0,validation_off_grid,320,5,0.2834300994873047,695.56640625,1,direct linear solve; no iterative scheme,e9c3a2d32a8bc24f638b0cb6e8fb573a72334b5e577afad9ed2b0aab5d009381
DIRECT_PHYSICAL,RIDGE_IDENTITY,100000.0,validation_ood,256,5,0.22551488876342773,695.56640625,1,direct linear solve; no iterative scheme,e9c3a2d32a8bc24f638b0cb6e8fb573a72334b5e577afad9ed2b0aab5d009381
DIRECT_PHYSICAL,TIKHONOV_TEMPORAL,100000.0,validation_in_class,512,5,0.4193134307861328,695.56640625,1,direct linear solve; no iterative scheme,e9c3a2d32a8bc24f638b0cb6e8fb573a72334b5e577afad9ed2b0aab5d009381
DIRECT_PHYSICAL,TIKHONOV_TEMPORAL,100000.0,validation_off_grid,320,5,0.28053855895996094,695.56640625,1,direct linear solve; no iterative scheme,e9c3a2d32a8bc24f638b0cb6e8fb573a72334b5e577afad9ed2b0aab5d009381
DIRECT_PHYSICAL,TIKHONOV_TEMPORAL,100000.0,validation_ood,256,5,0.2130749225616455,695.56640625,1,direct linear solve; no iterative scheme,e9c3a2d32a8bc24f638b0cb6e8fb573a72334b5e577afad9ed2b0aab5d009381
DIRECT_PHYSICAL,WIENER_GAUSSIAN,100000.0,validation_in_class,512,5,0.4381222724914551,695.56640625,1,direct linear solve; no iterative scheme,e9c3a2d32a8bc24f638b0cb6e8fb573a72334b5e577afad9ed2b0aab5d009381
DIRECT_PHYSICAL,WIENER_GAUSSIAN,100000.0,validation_off_grid,320,5,0.28200387954711914,695.56640625,1,direct linear solve; no iterative scheme,e9c3a2d32a8bc24f638b0cb6e8fb573a72334b5e577afad9ed2b0aab5d009381
DIRECT_PHYSICAL,WIENER_GAUSSIAN,100000.0,validation_ood,256,5,0.233168363571167,695.56640625,1,direct linear solve; no iterative scheme,e9c3a2d32a8bc24f638b0cb6e8fb573a72334b5e577afad9ed2b0aab5d009381
DIRECT_PHYSICAL,LINEAR_STATE_SPACE,100000.0,validation_in_class,512,5,0.44774603843688965,695.56640625,1,direct linear solve; no iterative scheme,e9c3a2d32a8bc24f638b0cb6e8fb573a72334b5e577afad9ed2b0aab5d009381
DIRECT_PHYSICAL,LINEAR_STATE_SPACE,100000.0,validation_off_grid,320,5,0.29648494720458984,695.56640625,1,direct linear solve; no iterative scheme,e9c3a2d32a8bc24f638b0cb6e8fb573a72334b5e577afad9ed2b0aab5d009381
DIRECT_PHYSICAL,LINEAR_STATE_SPACE,100000.0,validation_ood,256,5,0.21910309791564941,695.56640625,1,direct linear solve; no iterative scheme,e9c3a2d32a8bc24f638b0cb6e8fb573a72334b5e577afad9ed2b0aab5d009381
DIRECT_PHYSICAL,TSVD,1000000.0,validation_in_class,512,5,0.5246684551239014,695.56640625,1,direct linear solve; no iterative scheme,e9c3a2d32a8bc24f638b0cb6e8fb573a72334b5e577afad9ed2b0aab5d009381
DIRECT_PHYSICAL,TSVD,1000000.0,validation_off_grid,320,5,0.2690131664276123,695.56640625,1,direct linear solve; no iterative scheme,e9c3a2d32a8bc24f638b0cb6e8fb573a72334b5e577afad9ed2b0aab5d009381
DIRECT_PHYSICAL,TSVD,1000000.0,validation_ood,256,5,0.2184450626373291,695.56640625,1,direct linear solve; no iterative scheme,e9c3a2d32a8bc24f638b0cb6e8fb573a72334b5e577afad9ed2b0aab5d009381
DIRECT_PHYSICAL,RIDGE_IDENTITY,1000000.0,validation_in_class,512,5,0.444530725479126,695.56640625,1,direct linear solve; no iterative scheme,e9c3a2d32a8bc24f638b0cb6e8fb573a72334b5e577afad9ed2b0aab5d009381
DIRECT_PHYSICAL,RIDGE_IDENTITY,1000000.0,validation_off_grid,320,5,0.49898743629455566,695.56640625,1,direct linear solve; no iterative scheme,e9c3a2d32a8bc24f638b0cb6e8fb573a72334b5e577afad9ed2b0aab5d009381
DIRECT_PHYSICAL,RIDGE_IDENTITY,1000000.0,validation_ood,256,5,0.35773682594299316,695.56640625,1,direct linear solve; no iterative scheme,e9c3a2d32a8bc24f638b0cb6e8fb573a72334b5e577afad9ed2b0aab5d009381
DIRECT_PHYSICAL,TIKHONOV_TEMPORAL,1000000.0,validation_in_class,512,5,0.34743428230285645,695.56640625,1,direct linear solve; no iterative scheme,e9c3a2d32a8bc24f638b0cb6e8fb573a72334b5e577afad9ed2b0aab5d009381
DIRECT_PHYSICAL,TIKHONOV_TEMPORAL,1000000.0,validation_off_grid,320,5,0.23599696159362793,695.56640625,1,direct linear solve; no iterative scheme,e9c3a2d32a8bc24f638b0cb6e8fb573a72334b5e577afad9ed2b0aab5d009381
DIRECT_PHYSICAL,TIKHONOV_TEMPORAL,1000000.0,validation_ood,256,5,0.1816246509552002,695.56640625,1,direct linear solve; no iterative scheme,e9c3a2d32a8bc24f638b0cb6e8fb573a72334b5e577afad9ed2b0aab5d009381
DIRECT_PHYSICAL,WIENER_GAUSSIAN,1000000.0,validation_in_class,512,5,0.37785983085632324,695.56640625,1,direct linear solve; no iterative scheme,e9c3a2d32a8bc24f638b0cb6e8fb573a72334b5e577afad9ed2b0aab5d009381
DIRECT_PHYSICAL,WIENER_GAUSSIAN,1000000.0,validation_off_grid,320,5,0.2256762981414795,695.56640625,1,direct linear solve; no iterative scheme,e9c3a2d32a8bc24f638b0cb6e8fb573a72334b5e577afad9ed2b0aab5d009381
DIRECT_PHYSICAL,WIENER_GAUSSIAN,1000000.0,validation_ood,256,5,0.19720840454101562,695.56640625,1,direct linear solve; no iterative scheme,e9c3a2d32a8bc24f638b0cb6e8fb573a72334b5e577afad9ed2b0aab5d009381
DIRECT_PHYSICAL,LINEAR_STATE_SPACE,1000000.0,validation_in_class,512,5,0.3599371910095215,695.56640625,1,direct linear solve; no iterative scheme,e9c3a2d32a8bc24f638b0cb6e8fb573a72334b5e577afad9ed2b0aab5d009381
DIRECT_PHYSICAL,LINEAR_STATE_SPACE,1000000.0,validation_off_grid,320,5,0.23191428184509277,695.56640625,1,direct linear solve; no iterative scheme,e9c3a2d32a8bc24f638b0cb6e8fb573a72334b5e577afad9ed2b0aab5d009381
DIRECT_PHYSICAL,LINEAR_STATE_SPACE,1000000.0,validation_ood,256,5,0.18912267684936523,695.56640625,1,direct linear solve; no iterative scheme,e9c3a2d32a8bc24f638b0cb6e8fb573a72334b5e577afad9ed2b0aab5d009381
RESOLVED_PHYSICAL,TSVD,1.0,validation_in_class,512,5,0.3454434871673584,695.56640625,1,direct linear solve; no iterative scheme,e9c3a2d32a8bc24f638b0cb6e8fb573a72334b5e577afad9ed2b0aab5d009381
RESOLVED_PHYSICAL,TSVD,1.0,validation_off_grid,320,5,0.22154974937438965,695.56640625,1,direct linear solve; no iterative scheme,e9c3a2d32a8bc24f638b0cb6e8fb573a72334b5e577afad9ed2b0aab5d009381
RESOLVED_PHYSICAL,TSVD,1.0,validation_ood,256,5,0.2077779769897461,695.56640625,1,direct linear solve; no iterative scheme,e9c3a2d32a8bc24f638b0cb6e8fb573a72334b5e577afad9ed2b0aab5d009381
RESOLVED_PHYSICAL,RIDGE_IDENTITY,1.0,validation_in_class,512,5,0.3606889247894287,695.56640625,1,direct linear solve; no iterative scheme,e9c3a2d32a8bc24f638b0cb6e8fb573a72334b5e577afad9ed2b0aab5d009381
RESOLVED_PHYSICAL,RIDGE_IDENTITY,1.0,validation_off_grid,320,5,0.22951698303222656,695.56640625,1,direct linear solve; no iterative scheme,e9c3a2d32a8bc24f638b0cb6e8fb573a72334b5e577afad9ed2b0aab5d009381
RESOLVED_PHYSICAL,RIDGE_IDENTITY,1.0,validation_ood,256,5,0.1840205192565918,695.56640625,1,direct linear solve; no iterative scheme,e9c3a2d32a8bc24f638b0cb6e8fb573a72334b5e577afad9ed2b0aab5d009381
RESOLVED_PHYSICAL,TIKHONOV_TEMPORAL,1.0,validation_in_class,512,5,0.3547205924987793,695.56640625,1,direct linear solve; no iterative scheme,e9c3a2d32a8bc24f638b0cb6e8fb573a72334b5e577afad9ed2b0aab5d009381
RESOLVED_PHYSICAL,TIKHONOV_TEMPORAL,1.0,validation_off_grid,320,5,0.23679423332214355,695.56640625,1,direct linear solve; no iterative scheme,e9c3a2d32a8bc24f638b0cb6e8fb573a72334b5e577afad9ed2b0aab5d009381
RESOLVED_PHYSICAL,TIKHONOV_TEMPORAL,1.0,validation_ood,256,5,0.20708394050598145,695.56640625,1,direct linear solve; no iterative scheme,e9c3a2d32a8bc24f638b0cb6e8fb573a72334b5e577afad9ed2b0aab5d009381
RESOLVED_PHYSICAL,WIENER_GAUSSIAN,1.0,validation_in_class,512,5,0.378267765045166,695.56640625,1,direct linear solve; no iterative scheme,e9c3a2d32a8bc24f638b0cb6e8fb573a72334b5e577afad9ed2b0aab5d009381
RESOLVED_PHYSICAL,WIENER_GAUSSIAN,1.0,validation_off_grid,320,5,0.24408960342407227,695.56640625,1,direct linear solve; no iterative scheme,e9c3a2d32a8bc24f638b0cb6e8fb573a72334b5e577afad9ed2b0aab5d009381
RESOLVED_PHYSICAL,WIENER_GAUSSIAN,1.0,validation_ood,256,5,0.19430971145629883,695.56640625,1,direct linear solve; no iterative scheme,e9c3a2d32a8bc24f638b0cb6e8fb573a72334b5e577afad9ed2b0aab5d009381
RESOLVED_PHYSICAL,LINEAR_STATE_SPACE,1.0,validation_in_class,512,5,0.36476945877075195,695.56640625,1,direct linear solve; no iterative scheme,e9c3a2d32a8bc24f638b0cb6e8fb573a72334b5e577afad9ed2b0aab5d009381
RESOLVED_PHYSICAL,LINEAR_STATE_SPACE,1.0,validation_off_grid,320,5,0.23200130462646484,695.56640625,1,direct linear solve; no iterative scheme,e9c3a2d32a8bc24f638b0cb6e8fb573a72334b5e577afad9ed2b0aab5d009381
RESOLVED_PHYSICAL,LINEAR_STATE_SPACE,1.0,validation_ood,256,5,0.20041632652282715,695.56640625,1,direct linear solve; no iterative scheme,e9c3a2d32a8bc24f638b0cb6e8fb573a72334b5e577afad9ed2b0aab5d009381
RESOLVED_PHYSICAL,TSVD,3.0,validation_in_class,512,5,0.3740556240081787,695.56640625,1,direct linear solve; no iterative scheme,e9c3a2d32a8bc24f638b0cb6e8fb573a72334b5e577afad9ed2b0aab5d009381
RESOLVED_PHYSICAL,TSVD,3.0,validation_off_grid,320,5,0.2440471649169922,695.56640625,1,direct linear solve; no iterative scheme,e9c3a2d32a8bc24f638b0cb6e8fb573a72334b5e577afad9ed2b0aab5d009381
RESOLVED_PHYSICAL,TSVD,3.0,validation_ood,256,5,0.18982887268066406,695.56640625,1,direct linear solve; no iterative scheme,e9c3a2d32a8bc24f638b0cb6e8fb573a72334b5e577afad9ed2b0aab5d009381
RESOLVED_PHYSICAL,RIDGE_IDENTITY,3.0,validation_in_class,512,5,0.37718749046325684,695.56640625,1,direct linear solve; no iterative scheme,e9c3a2d32a8bc24f638b0cb6e8fb573a72334b5e577afad9ed2b0aab5d009381
RESOLVED_PHYSICAL,RIDGE_IDENTITY,3.0,validation_off_grid,320,5,0.24237728118896484,695.56640625,1,direct linear solve; no iterative scheme,e9c3a2d32a8bc24f638b0cb6e8fb573a72334b5e577afad9ed2b0aab5d009381
RESOLVED_PHYSICAL,RIDGE_IDENTITY,3.0,validation_ood,256,5,0.20103216171264648,695.56640625,1,direct linear solve; no iterative scheme,e9c3a2d32a8bc24f638b0cb6e8fb573a72334b5e577afad9ed2b0aab5d009381
RESOLVED_PHYSICAL,TIKHONOV_TEMPORAL,3.0,validation_in_class,512,5,0.3544001579284668,695.56640625,1,direct linear solve; no iterative scheme,e9c3a2d32a8bc24f638b0cb6e8fb573a72334b5e577afad9ed2b0aab5d009381
RESOLVED_PHYSICAL,TIKHONOV_TEMPORAL,3.0,validation_off_grid,320,5,0.24619841575622559,695.56640625,1,direct linear solve; no iterative scheme,e9c3a2d32a8bc24f638b0cb6e8fb573a72334b5e577afad9ed2b0aab5d009381
RESOLVED_PHYSICAL,TIKHONOV_TEMPORAL,3.0,validation_ood,256,5,0.18586206436157227,695.56640625,1,direct linear solve; no iterative scheme,e9c3a2d32a8bc24f638b0cb6e8fb573a72334b5e577afad9ed2b0aab5d009381
RESOLVED_PHYSICAL,WIENER_GAUSSIAN,3.0,validation_in_class,512,5,0.3866565227508545,695.56640625,1,direct linear solve; no iterative scheme,e9c3a2d32a8bc24f638b0cb6e8fb573a72334b5e577afad9ed2b0aab5d009381
RESOLVED_PHYSICAL,WIENER_GAUSSIAN,3.0,validation_off_grid,320,5,0.23120355606079102,695.56640625,1,direct linear solve; no iterative scheme,e9c3a2d32a8bc24f638b0cb6e8fb573a72334b5e577afad9ed2b0aab5d009381
RESOLVED_PHYSICAL,WIENER_GAUSSIAN,3.0,validation_ood,256,5,0.18655872344970703,695.56640625,1,direct linear solve; no iterative scheme,e9c3a2d32a8bc24f638b0cb6e8fb573a72334b5e577afad9ed2b0aab5d009381
RESOLVED_PHYSICAL,LINEAR_STATE_SPACE,3.0,validation_in_class,512,5,0.3644440174102783,695.56640625,1,direct linear solve; no iterative scheme,e9c3a2d32a8bc24f638b0cb6e8fb573a72334b5e577afad9ed2b0aab5d009381
RESOLVED_PHYSICAL,LINEAR_STATE_SPACE,3.0,validation_off_grid,320,5,0.24137043952941895,695.56640625,1,direct linear solve; no iterative scheme,e9c3a2d32a8bc24f638b0cb6e8fb573a72334b5e577afad9ed2b0aab5d009381
RESOLVED_PHYSICAL,LINEAR_STATE_SPACE,3.0,validation_ood,256,5,0.32537388801574707,695.56640625,1,direct linear solve; no iterative scheme,e9c3a2d32a8bc24f638b0cb6e8fb573a72334b5e577afad9ed2b0aab5d009381
RESOLVED_PHYSICAL,TSVD,10.0,validation_in_class,512,5,0.36061692237854004,695.56640625,1,direct linear solve; no iterative scheme,e9c3a2d32a8bc24f638b0cb6e8fb573a72334b5e577afad9ed2b0aab5d009381
RESOLVED_PHYSICAL,TSVD,10.0,validation_off_grid,320,5,0.23662233352661133,695.56640625,1,direct linear solve; no iterative scheme,e9c3a2d32a8bc24f638b0cb6e8fb573a72334b5e577afad9ed2b0aab5d009381
RESOLVED_PHYSICAL,TSVD,10.0,validation_ood,256,5,0.1789999008178711,695.56640625,1,direct linear solve; no iterative scheme,e9c3a2d32a8bc24f638b0cb6e8fb573a72334b5e577afad9ed2b0aab5d009381
RESOLVED_PHYSICAL,RIDGE_IDENTITY,10.0,validation_in_class,512,5,0.3556239604949951,695.56640625,1,direct linear solve; no iterative scheme,e9c3a2d32a8bc24f638b0cb6e8fb573a72334b5e577afad9ed2b0aab5d009381
RESOLVED_PHYSICAL,RIDGE_IDENTITY,10.0,validation_off_grid,320,5,0.2257072925567627,695.56640625,1,direct linear solve; no iterative scheme,e9c3a2d32a8bc24f638b0cb6e8fb573a72334b5e577afad9ed2b0aab5d009381
RESOLVED_PHYSICAL,RIDGE_IDENTITY,10.0,validation_ood,256,5,0.18844127655029297,695.56640625,1,direct linear solve; no iterative scheme,e9c3a2d32a8bc24f638b0cb6e8fb573a72334b5e577afad9ed2b0aab5d009381
RESOLVED_PHYSICAL,TIKHONOV_TEMPORAL,10.0,validation_in_class,512,5,0.34941887855529785,695.56640625,1,direct linear solve; no iterative scheme,e9c3a2d32a8bc24f638b0cb6e8fb573a72334b5e577afad9ed2b0aab5d009381
RESOLVED_PHYSICAL,TIKHONOV_TEMPORAL,10.0,validation_off_grid,320,5,0.23056316375732422,695.56640625,1,direct linear solve; no iterative scheme,e9c3a2d32a8bc24f638b0cb6e8fb573a72334b5e577afad9ed2b0aab5d009381
RESOLVED_PHYSICAL,TIKHONOV_TEMPORAL,10.0,validation_ood,256,5,0.17653346061706543,695.56640625,1,direct linear solve; no iterative scheme,e9c3a2d32a8bc24f638b0cb6e8fb573a72334b5e577afad9ed2b0aab5d009381
RESOLVED_PHYSICAL,WIENER_GAUSSIAN,10.0,validation_in_class,512,5,0.37781620025634766,695.56640625,1,direct linear solve; no iterative scheme,e9c3a2d32a8bc24f638b0cb6e8fb573a72334b5e577afad9ed2b0aab5d009381
RESOLVED_PHYSICAL,WIENER_GAUSSIAN,10.0,validation_off_grid,320,5,0.2320854663848877,695.56640625,1,direct linear solve; no iterative scheme,e9c3a2d32a8bc24f638b0cb6e8fb573a72334b5e577afad9ed2b0aab5d009381
RESOLVED_PHYSICAL,WIENER_GAUSSIAN,10.0,validation_ood,256,5,0.1746509075164795,695.56640625,1,direct linear solve; no iterative scheme,e9c3a2d32a8bc24f638b0cb6e8fb573a72334b5e577afad9ed2b0aab5d009381
RESOLVED_PHYSICAL,LINEAR_STATE_SPACE,10.0,validation_in_class,512,5,0.38570523262023926,695.56640625,1,direct linear solve; no iterative scheme,e9c3a2d32a8bc24f638b0cb6e8fb573a72334b5e577afad9ed2b0aab5d009381
RESOLVED_PHYSICAL,LINEAR_STATE_SPACE,10.0,validation_off_grid,320,5,0.24198651313781738,695.56640625,1,direct linear solve; no iterative scheme,e9c3a2d32a8bc24f638b0cb6e8fb573a72334b5e577afad9ed2b0aab5d009381
RESOLVED_PHYSICAL,LINEAR_STATE_SPACE,10.0,validation_ood,256,5,0.19656062126159668,695.56640625,1,direct linear solve; no iterative scheme,e9c3a2d32a8bc24f638b0cb6e8fb573a72334b5e577afad9ed2b0aab5d009381
RESOLVED_PHYSICAL,TSVD,30.0,validation_in_class,512,5,0.346804141998291,695.56640625,1,direct linear solve; no iterative scheme,e9c3a2d32a8bc24f638b0cb6e8fb573a72334b5e577afad9ed2b0aab5d009381
RESOLVED_PHYSICAL,TSVD,30.0,validation_off_grid,320,5,0.21744179725646973,695.56640625,1,direct linear solve; no iterative scheme,e9c3a2d32a8bc24f638b0cb6e8fb573a72334b5e577afad9ed2b0aab5d009381
RESOLVED_PHYSICAL,TSVD,30.0,validation_ood,256,5,0.1747136116027832,695.56640625,1,direct linear solve; no iterative scheme,e9c3a2d32a8bc24f638b0cb6e8fb573a72334b5e577afad9ed2b0aab5d009381
RESOLVED_PHYSICAL,RIDGE_IDENTITY,30.0,validation_in_class,512,5,0.3604283332824707,695.56640625,1,direct linear solve; no iterative scheme,e9c3a2d32a8bc24f638b0cb6e8fb573a72334b5e577afad9ed2b0aab5d009381
RESOLVED_PHYSICAL,RIDGE_IDENTITY,30.0,validation_off_grid,320,5,0.24427485466003418,695.56640625,1,direct linear solve; no iterative scheme,e9c3a2d32a8bc24f638b0cb6e8fb573a72334b5e577afad9ed2b0aab5d009381
RESOLVED_PHYSICAL,RIDGE_IDENTITY,30.0,validation_ood,256,5,0.17716717720031738,695.56640625,1,direct linear solve; no iterative scheme,e9c3a2d32a8bc24f638b0cb6e8fb573a72334b5e577afad9ed2b0aab5d009381
RESOLVED_PHYSICAL,TIKHONOV_TEMPORAL,30.0,validation_in_class,512,5,0.3580048084259033,695.56640625,1,direct linear solve; no iterative scheme,e9c3a2d32a8bc24f638b0cb6e8fb573a72334b5e577afad9ed2b0aab5d009381
RESOLVED_PHYSICAL,TIKHONOV_TEMPORAL,30.0,validation_off_grid,320,5,0.22866511344909668,695.56640625,1,direct linear solve; no iterative scheme,e9c3a2d32a8bc24f638b0cb6e8fb573a72334b5e577afad9ed2b0aab5d009381
RESOLVED_PHYSICAL,TIKHONOV_TEMPORAL,30.0,validation_ood,256,5,0.17752504348754883,695.56640625,1,direct linear solve; no iterative scheme,e9c3a2d32a8bc24f638b0cb6e8fb573a72334b5e577afad9ed2b0aab5d009381
RESOLVED_PHYSICAL,WIENER_GAUSSIAN,30.0,validation_in_class,512,5,0.3637995719909668,695.56640625,1,direct linear solve; no iterative scheme,e9c3a2d32a8bc24f638b0cb6e8fb573a72334b5e577afad9ed2b0aab5d009381
RESOLVED_PHYSICAL,WIENER_GAUSSIAN,30.0,validation_off_grid,320,5,0.22734856605529785,695.56640625,1,direct linear solve; no iterative scheme,e9c3a2d32a8bc24f638b0cb6e8fb573a72334b5e577afad9ed2b0aab5d009381
RESOLVED_PHYSICAL,WIENER_GAUSSIAN,30.0,validation_ood,256,5,0.18715882301330566,695.56640625,1,direct linear solve; no iterative scheme,e9c3a2d32a8bc24f638b0cb6e8fb573a72334b5e577afad9ed2b0aab5d009381
RESOLVED_PHYSICAL,LINEAR_STATE_SPACE,30.0,validation_in_class,512,5,0.39113497734069824,695.56640625,1,direct linear solve; no iterative scheme,e9c3a2d32a8bc24f638b0cb6e8fb573a72334b5e577afad9ed2b0aab5d009381
RESOLVED_PHYSICAL,LINEAR_STATE_SPACE,30.0,validation_off_grid,320,5,0.2495579719543457,695.56640625,1,direct linear solve; no iterative scheme,e9c3a2d32a8bc24f638b0cb6e8fb573a72334b5e577afad9ed2b0aab5d009381
RESOLVED_PHYSICAL,LINEAR_STATE_SPACE,30.0,validation_ood,256,5,0.18613553047180176,695.56640625,1,direct linear solve; no iterative scheme,e9c3a2d32a8bc24f638b0cb6e8fb573a72334b5e577afad9ed2b0aab5d009381
RESOLVED_PHYSICAL,TSVD,100.0,validation_in_class,512,5,0.3531653881072998,695.56640625,1,direct linear solve; no iterative scheme,e9c3a2d32a8bc24f638b0cb6e8fb573a72334b5e577afad9ed2b0aab5d009381
RESOLVED_PHYSICAL,TSVD,100.0,validation_off_grid,320,5,0.2576003074645996,695.56640625,1,direct linear solve; no iterative scheme,e9c3a2d32a8bc24f638b0cb6e8fb573a72334b5e577afad9ed2b0aab5d009381
RESOLVED_PHYSICAL,TSVD,100.0,validation_ood,256,5,0.20171713829040527,695.56640625,1,direct linear solve; no iterative scheme,e9c3a2d32a8bc24f638b0cb6e8fb573a72334b5e577afad9ed2b0aab5d009381
RESOLVED_PHYSICAL,RIDGE_IDENTITY,100.0,validation_in_class,512,5,0.48279452323913574,695.56640625,1,direct linear solve; no iterative scheme,e9c3a2d32a8bc24f638b0cb6e8fb573a72334b5e577afad9ed2b0aab5d009381
RESOLVED_PHYSICAL,RIDGE_IDENTITY,100.0,validation_off_grid,320,5,0.36817359924316406,695.56640625,1,direct linear solve; no iterative scheme,e9c3a2d32a8bc24f638b0cb6e8fb573a72334b5e577afad9ed2b0aab5d009381
RESOLVED_PHYSICAL,RIDGE_IDENTITY,100.0,validation_ood,256,5,0.2884371280670166,695.56640625,1,direct linear solve; no iterative scheme,e9c3a2d32a8bc24f638b0cb6e8fb573a72334b5e577afad9ed2b0aab5d009381
RESOLVED_PHYSICAL,TIKHONOV_TEMPORAL,100.0,validation_in_class,512,5,0.845076322555542,695.56640625,1,direct linear solve; no iterative scheme,e9c3a2d32a8bc24f638b0cb6e8fb573a72334b5e577afad9ed2b0aab5d009381
RESOLVED_PHYSICAL,TIKHONOV_TEMPORAL,100.0,validation_off_grid,320,5,0.3003804683685303,695.56640625,1,direct linear solve; no iterative scheme,e9c3a2d32a8bc24f638b0cb6e8fb573a72334b5e577afad9ed2b0aab5d009381
RESOLVED_PHYSICAL,TIKHONOV_TEMPORAL,100.0,validation_ood,256,5,0.2585320472717285,695.56640625,1,direct linear solve; no iterative scheme,e9c3a2d32a8bc24f638b0cb6e8fb573a72334b5e577afad9ed2b0aab5d009381
RESOLVED_PHYSICAL,WIENER_GAUSSIAN,100.0,validation_in_class,512,5,1.24489426612854,695.56640625,1,direct linear solve; no iterative scheme,e9c3a2d32a8bc24f638b0cb6e8fb573a72334b5e577afad9ed2b0aab5d009381
RESOLVED_PHYSICAL,WIENER_GAUSSIAN,100.0,validation_off_grid,320,5,0.8641750812530518,695.56640625,1,direct linear solve; no iterative scheme,e9c3a2d32a8bc24f638b0cb6e8fb573a72334b5e577afad9ed2b0aab5d009381
RESOLVED_PHYSICAL,WIENER_GAUSSIAN,100.0,validation_ood,256,5,0.7609219551086426,695.56640625,1,direct linear solve; no iterative scheme,e9c3a2d32a8bc24f638b0cb6e8fb573a72334b5e577afad9ed2b0aab5d009381
RESOLVED_PHYSICAL,LINEAR_STATE_SPACE,100.0,validation_in_class,512,5,1.2961318492889404,695.56640625,1,direct linear solve; no iterative scheme,e9c3a2d32a8bc24f638b0cb6e8fb573a72334b5e577afad9ed2b0aab5d009381
RESOLVED_PHYSICAL,LINEAR_STATE_SPACE,100.0,validation_off_grid,320,5,0.8811047077178955,695.56640625,1,direct linear solve; no iterative scheme,e9c3a2d32a8bc24f638b0cb6e8fb573a72334b5e577afad9ed2b0aab5d009381
RESOLVED_PHYSICAL,LINEAR_STATE_SPACE,100.0,validation_ood,256,5,0.6663386821746826,695.56640625,1,direct linear solve; no iterative scheme,e9c3a2d32a8bc24f638b0cb6e8fb573a72334b5e577afad9ed2b0aab5d009381
RESOLVED_PHYSICAL,TSVD,300.0,validation_in_class,512,5,1.396141767501831,695.56640625,1,direct linear solve; no iterative scheme,e9c3a2d32a8bc24f638b0cb6e8fb573a72334b5e577afad9ed2b0aab5d009381
RESOLVED_PHYSICAL,TSVD,300.0,validation_off_grid,320,5,0.7606680393218994,695.56640625,1,direct linear solve; no iterative scheme,e9c3a2d32a8bc24f638b0cb6e8fb573a72334b5e577afad9ed2b0aab5d009381
RESOLVED_PHYSICAL,TSVD,300.0,validation_ood,256,5,0.41831159591674805,695.56640625,1,direct linear solve; no iterative scheme,e9c3a2d32a8bc24f638b0cb6e8fb573a72334b5e577afad9ed2b0aab5d009381
RESOLVED_PHYSICAL,RIDGE_IDENTITY,300.0,validation_in_class,512,5,0.44750308990478516,695.56640625,1,direct linear solve; no iterative scheme,e9c3a2d32a8bc24f638b0cb6e8fb573a72334b5e577afad9ed2b0aab5d009381
RESOLVED_PHYSICAL,RIDGE_IDENTITY,300.0,validation_off_grid,320,5,0.287036657333374,695.56640625,1,direct linear solve; no iterative scheme,e9c3a2d32a8bc24f638b0cb6e8fb573a72334b5e577afad9ed2b0aab5d009381
RESOLVED_PHYSICAL,RIDGE_IDENTITY,300.0,validation_ood,256,5,0.2325582504272461,695.56640625,1,direct linear solve; no iterative scheme,e9c3a2d32a8bc24f638b0cb6e8fb573a72334b5e577afad9ed2b0aab5d009381
RESOLVED_PHYSICAL,TIKHONOV_TEMPORAL,300.0,validation_in_class,512,5,0.4812479019165039,695.56640625,1,direct linear solve; no iterative scheme,e9c3a2d32a8bc24f638b0cb6e8fb573a72334b5e577afad9ed2b0aab5d009381
RESOLVED_PHYSICAL,TIKHONOV_TEMPORAL,300.0,validation_off_grid,320,5,0.3029029369354248,695.56640625,1,direct linear solve; no iterative scheme,e9c3a2d32a8bc24f638b0cb6e8fb573a72334b5e577afad9ed2b0aab5d009381
RESOLVED_PHYSICAL,TIKHONOV_TEMPORAL,300.0,validation_ood,256,5,0.23658490180969238,695.56640625,1,direct linear solve; no iterative scheme,e9c3a2d32a8bc24f638b0cb6e8fb573a72334b5e577afad9ed2b0aab5d009381
RESOLVED_PHYSICAL,WIENER_GAUSSIAN,300.0,validation_in_class,512,5,0.34987401962280273,695.56640625,1,direct linear solve; no iterative scheme,e9c3a2d32a8bc24f638b0cb6e8fb573a72334b5e577afad9ed2b0aab5d009381
RESOLVED_PHYSICAL,WIENER_GAUSSIAN,300.0,validation_off_grid,320,5,0.23290586471557617,695.56640625,1,direct linear solve; no iterative scheme,e9c3a2d32a8bc24f638b0cb6e8fb573a72334b5e577afad9ed2b0aab5d009381
RESOLVED_PHYSICAL,WIENER_GAUSSIAN,300.0,validation_ood,256,5,0.1874845027923584,695.56640625,1,direct linear solve; no iterative scheme,e9c3a2d32a8bc24f638b0cb6e8fb573a72334b5e577afad9ed2b0aab5d009381
RESOLVED_PHYSICAL,LINEAR_STATE_SPACE,300.0,validation_in_class,512,5,0.3812892436981201,695.56640625,1,direct linear solve; no iterative scheme,e9c3a2d32a8bc24f638b0cb6e8fb573a72334b5e577afad9ed2b0aab5d009381
RESOLVED_PHYSICAL,LINEAR_STATE_SPACE,300.0,validation_off_grid,320,5,0.2580294609069824,695.56640625,1,direct linear solve; no iterative scheme,e9c3a2d32a8bc24f638b0cb6e8fb573a72334b5e577afad9ed2b0aab5d009381
RESOLVED_PHYSICAL,LINEAR_STATE_SPACE,300.0,validation_ood,256,5,0.22898602485656738,695.56640625,1,direct linear solve; no iterative scheme,e9c3a2d32a8bc24f638b0cb6e8fb573a72334b5e577afad9ed2b0aab5d009381
RESOLVED_PHYSICAL,TSVD,1000.0,validation_in_class,512,5,0.37622904777526855,695.56640625,1,direct linear solve; no iterative scheme,e9c3a2d32a8bc24f638b0cb6e8fb573a72334b5e577afad9ed2b0aab5d009381
RESOLVED_PHYSICAL,TSVD,1000.0,validation_off_grid,320,5,0.22702503204345703,695.56640625,1,direct linear solve; no iterative scheme,e9c3a2d32a8bc24f638b0cb6e8fb573a72334b5e577afad9ed2b0aab5d009381
RESOLVED_PHYSICAL,TSVD,1000.0,validation_ood,256,5,0.18055963516235352,695.56640625,1,direct linear solve; no iterative scheme,e9c3a2d32a8bc24f638b0cb6e8fb573a72334b5e577afad9ed2b0aab5d009381
RESOLVED_PHYSICAL,RIDGE_IDENTITY,1000.0,validation_in_class,512,5,0.38565707206726074,695.56640625,1,direct linear solve; no iterative scheme,e9c3a2d32a8bc24f638b0cb6e8fb573a72334b5e577afad9ed2b0aab5d009381
RESOLVED_PHYSICAL,RIDGE_IDENTITY,1000.0,validation_off_grid,320,5,0.23873662948608398,695.56640625,1,direct linear solve; no iterative scheme,e9c3a2d32a8bc24f638b0cb6e8fb573a72334b5e577afad9ed2b0aab5d009381
RESOLVED_PHYSICAL,RIDGE_IDENTITY,1000.0,validation_ood,256,5,0.18737387657165527,695.56640625,1,direct linear solve; no iterative scheme,e9c3a2d32a8bc24f638b0cb6e8fb573a72334b5e577afad9ed2b0aab5d009381
RESOLVED_PHYSICAL,TIKHONOV_TEMPORAL,1000.0,validation_in_class,512,5,0.36159682273864746,695.56640625,1,direct linear solve; no iterative scheme,e9c3a2d32a8bc24f638b0cb6e8fb573a72334b5e577afad9ed2b0aab5d009381
RESOLVED_PHYSICAL,TIKHONOV_TEMPORAL,1000.0,validation_off_grid,320,5,0.21497106552124023,695.56640625,1,direct linear solve; no iterative scheme,e9c3a2d32a8bc24f638b0cb6e8fb573a72334b5e577afad9ed2b0aab5d009381
RESOLVED_PHYSICAL,TIKHONOV_TEMPORAL,1000.0,validation_ood,256,5,0.18219685554504395,695.56640625,1,direct linear solve; no iterative scheme,e9c3a2d32a8bc24f638b0cb6e8fb573a72334b5e577afad9ed2b0aab5d009381
RESOLVED_PHYSICAL,WIENER_GAUSSIAN,1000.0,validation_in_class,512,5,0.3612360954284668,695.56640625,1,direct linear solve; no iterative scheme,e9c3a2d32a8bc24f638b0cb6e8fb573a72334b5e577afad9ed2b0aab5d009381
RESOLVED_PHYSICAL,WIENER_GAUSSIAN,1000.0,validation_off_grid,320,5,0.2242600917816162,695.56640625,1,direct linear solve; no iterative scheme,e9c3a2d32a8bc24f638b0cb6e8fb573a72334b5e577afad9ed2b0aab5d009381
RESOLVED_PHYSICAL,WIENER_GAUSSIAN,1000.0,validation_ood,256,5,0.18616914749145508,695.56640625,1,direct linear solve; no iterative scheme,e9c3a2d32a8bc24f638b0cb6e8fb573a72334b5e577afad9ed2b0aab5d009381
RESOLVED_PHYSICAL,LINEAR_STATE_SPACE,1000.0,validation_in_class,512,5,0.3569064140319824,695.56640625,1,direct linear solve; no iterative scheme,e9c3a2d32a8bc24f638b0cb6e8fb573a72334b5e577afad9ed2b0aab5d009381
RESOLVED_PHYSICAL,LINEAR_STATE_SPACE,1000.0,validation_off_grid,320,5,0.2465193271636963,695.56640625,1,direct linear solve; no iterative scheme,e9c3a2d32a8bc24f638b0cb6e8fb573a72334b5e577afad9ed2b0aab5d009381
RESOLVED_PHYSICAL,LINEAR_STATE_SPACE,1000.0,validation_ood,256,5,0.18889069557189941,695.56640625,1,direct linear solve; no iterative scheme,e9c3a2d32a8bc24f638b0cb6e8fb573a72334b5e577afad9ed2b0aab5d009381
RESOLVED_PHYSICAL,TSVD,3000.0,validation_in_class,512,5,0.3724486827850342,695.56640625,1,direct linear solve; no iterative scheme,e9c3a2d32a8bc24f638b0cb6e8fb573a72334b5e577afad9ed2b0aab5d009381
RESOLVED_PHYSICAL,TSVD,3000.0,validation_off_grid,320,5,0.2444443702697754,695.56640625,1,direct linear solve; no iterative scheme,e9c3a2d32a8bc24f638b0cb6e8fb573a72334b5e577afad9ed2b0aab5d009381
RESOLVED_PHYSICAL,TSVD,3000.0,validation_ood,256,5,0.18656539916992188,695.56640625,1,direct linear solve; no iterative scheme,e9c3a2d32a8bc24f638b0cb6e8fb573a72334b5e577afad9ed2b0aab5d009381
RESOLVED_PHYSICAL,RIDGE_IDENTITY,3000.0,validation_in_class,512,5,0.43717432022094727,695.56640625,1,direct linear solve; no iterative scheme,e9c3a2d32a8bc24f638b0cb6e8fb573a72334b5e577afad9ed2b0aab5d009381
RESOLVED_PHYSICAL,RIDGE_IDENTITY,3000.0,validation_off_grid,320,5,0.3198056221008301,695.56640625,1,direct linear solve; no iterative scheme,e9c3a2d32a8bc24f638b0cb6e8fb573a72334b5e577afad9ed2b0aab5d009381
RESOLVED_PHYSICAL,RIDGE_IDENTITY,3000.0,validation_ood,256,5,0.25962042808532715,695.56640625,1,direct linear solve; no iterative scheme,e9c3a2d32a8bc24f638b0cb6e8fb573a72334b5e577afad9ed2b0aab5d009381
RESOLVED_PHYSICAL,TIKHONOV_TEMPORAL,3000.0,validation_in_class,512,5,0.4898104667663574,695.56640625,1,direct linear solve; no iterative scheme,e9c3a2d32a8bc24f638b0cb6e8fb573a72334b5e577afad9ed2b0aab5d009381
RESOLVED_PHYSICAL,TIKHONOV_TEMPORAL,3000.0,validation_off_grid,320,5,0.3221008777618408,695.56640625,1,direct linear solve; no iterative scheme,e9c3a2d32a8bc24f638b0cb6e8fb573a72334b5e577afad9ed2b0aab5d009381
RESOLVED_PHYSICAL,TIKHONOV_TEMPORAL,3000.0,validation_ood,256,5,0.2665543556213379,695.56640625,1,direct linear solve; no iterative scheme,e9c3a2d32a8bc24f638b0cb6e8fb573a72334b5e577afad9ed2b0aab5d009381
RESOLVED_PHYSICAL,WIENER_GAUSSIAN,3000.0,validation_in_class,512,5,0.5016500949859619,695.56640625,1,direct linear solve; no iterative scheme,e9c3a2d32a8bc24f638b0cb6e8fb573a72334b5e577afad9ed2b0aab5d009381
RESOLVED_PHYSICAL,WIENER_GAUSSIAN,3000.0,validation_off_grid,320,5,0.33075857162475586,695.56640625,1,direct linear solve; no iterative scheme,e9c3a2d32a8bc24f638b0cb6e8fb573a72334b5e577afad9ed2b0aab5d009381
RESOLVED_PHYSICAL,WIENER_GAUSSIAN,3000.0,validation_ood,256,5,0.2653036117553711,695.56640625,1,direct linear solve; no iterative scheme,e9c3a2d32a8bc24f638b0cb6e8fb573a72334b5e577afad9ed2b0aab5d009381
RESOLVED_PHYSICAL,LINEAR_STATE_SPACE,3000.0,validation_in_class,512,5,0.4846682548522949,695.56640625,1,direct linear solve; no iterative scheme,e9c3a2d32a8bc24f638b0cb6e8fb573a72334b5e577afad9ed2b0aab5d009381
RESOLVED_PHYSICAL,LINEAR_STATE_SPACE,3000.0,validation_off_grid,320,5,0.3260359764099121,695.56640625,1,direct linear solve; no iterative scheme,e9c3a2d32a8bc24f638b0cb6e8fb573a72334b5e577afad9ed2b0aab5d009381
RESOLVED_PHYSICAL,LINEAR_STATE_SPACE,3000.0,validation_ood,256,5,0.3276023864746094,695.56640625,1,direct linear solve; no iterative scheme,e9c3a2d32a8bc24f638b0cb6e8fb573a72334b5e577afad9ed2b0aab5d009381
RESOLVED_PHYSICAL,TSVD,10000.0,validation_in_class,512,5,0.45666050910949707,695.56640625,1,direct linear solve; no iterative scheme,e9c3a2d32a8bc24f638b0cb6e8fb573a72334b5e577afad9ed2b0aab5d009381
RESOLVED_PHYSICAL,TSVD,10000.0,validation_off_grid,320,5,0.2944221496582031,695.56640625,1,direct linear solve; no iterative scheme,e9c3a2d32a8bc24f638b0cb6e8fb573a72334b5e577afad9ed2b0aab5d009381
RESOLVED_PHYSICAL,TSVD,10000.0,validation_ood,256,5,0.23911833763122559,695.56640625,1,direct linear solve; no iterative scheme,e9c3a2d32a8bc24f638b0cb6e8fb573a72334b5e577afad9ed2b0aab5d009381
RESOLVED_PHYSICAL,RIDGE_IDENTITY,10000.0,validation_in_class,512,5,0.46061253547668457,695.56640625,1,direct linear solve; no iterative scheme,e9c3a2d32a8bc24f638b0cb6e8fb573a72334b5e577afad9ed2b0aab5d009381
RESOLVED_PHYSICAL,RIDGE_IDENTITY,10000.0,validation_off_grid,320,5,0.311143159866333,695.56640625,1,direct linear solve; no iterative scheme,e9c3a2d32a8bc24f638b0cb6e8fb573a72334b5e577afad9ed2b0aab5d009381
RESOLVED_PHYSICAL,RIDGE_IDENTITY,10000.0,validation_ood,256,5,0.2421576976776123,695.56640625,1,direct linear solve; no iterative scheme,e9c3a2d32a8bc24f638b0cb6e8fb573a72334b5e577afad9ed2b0aab5d009381
RESOLVED_PHYSICAL,TIKHONOV_TEMPORAL,10000.0,validation_in_class,512,5,0.442643404006958,695.56640625,1,direct linear solve; no iterative scheme,e9c3a2d32a8bc24f638b0cb6e8fb573a72334b5e577afad9ed2b0aab5d009381
RESOLVED_PHYSICAL,TIKHONOV_TEMPORAL,10000.0,validation_off_grid,320,5,0.28739142417907715,695.56640625,1,direct linear solve; no iterative scheme,e9c3a2d32a8bc24f638b0cb6e8fb573a72334b5e577afad9ed2b0aab5d009381
RESOLVED_PHYSICAL,TIKHONOV_TEMPORAL,10000.0,validation_ood,256,5,0.2517414093017578,695.56640625,1,direct linear solve; no iterative scheme,e9c3a2d32a8bc24f638b0cb6e8fb573a72334b5e577afad9ed2b0aab5d009381
RESOLVED_PHYSICAL,WIENER_GAUSSIAN,10000.0,validation_in_class,512,5,0.4561789035797119,695.56640625,1,direct linear solve; no iterative scheme,e9c3a2d32a8bc24f638b0cb6e8fb573a72334b5e577afad9ed2b0aab5d009381
RESOLVED_PHYSICAL,WIENER_GAUSSIAN,10000.0,validation_off_grid,320,5,0.30113887786865234,695.56640625,1,direct linear solve; no iterative scheme,e9c3a2d32a8bc24f638b0cb6e8fb573a72334b5e577afad9ed2b0aab5d009381
RESOLVED_PHYSICAL,WIENER_GAUSSIAN,10000.0,validation_ood,256,5,0.2557392120361328,695.56640625,1,direct linear solve; no iterative scheme,e9c3a2d32a8bc24f638b0cb6e8fb573a72334b5e577afad9ed2b0aab5d009381
RESOLVED_PHYSICAL,LINEAR_STATE_SPACE,10000.0,validation_in_class,512,5,0.47413039207458496,695.56640625,1,direct linear solve; no iterative scheme,e9c3a2d32a8bc24f638b0cb6e8fb573a72334b5e577afad9ed2b0aab5d009381
RESOLVED_PHYSICAL,LINEAR_STATE_SPACE,10000.0,validation_off_grid,320,5,0.29886531829833984,695.56640625,1,direct linear solve; no iterative scheme,e9c3a2d32a8bc24f638b0cb6e8fb573a72334b5e577afad9ed2b0aab5d009381
RESOLVED_PHYSICAL,LINEAR_STATE_SPACE,10000.0,validation_ood,256,5,0.245269775390625,695.56640625,1,direct linear solve; no iterative scheme,e9c3a2d32a8bc24f638b0cb6e8fb573a72334b5e577afad9ed2b0aab5d009381
RESOLVED_PHYSICAL,TSVD,30000.0,validation_in_class,512,5,0.4594991207122803,695.56640625,1,direct linear solve; no iterative scheme,e9c3a2d32a8bc24f638b0cb6e8fb573a72334b5e577afad9ed2b0aab5d009381
RESOLVED_PHYSICAL,TSVD,30000.0,validation_off_grid,320,5,0.2984480857849121,695.56640625,1,direct linear solve; no iterative scheme,e9c3a2d32a8bc24f638b0cb6e8fb573a72334b5e577afad9ed2b0aab5d009381
RESOLVED_PHYSICAL,TSVD,30000.0,validation_ood,256,5,0.2527592182159424,695.56640625,1,direct linear solve; no iterative scheme,e9c3a2d32a8bc24f638b0cb6e8fb573a72334b5e577afad9ed2b0aab5d009381
RESOLVED_PHYSICAL,RIDGE_IDENTITY,30000.0,validation_in_class,512,5,0.45639967918395996,695.56640625,1,direct linear solve; no iterative scheme,e9c3a2d32a8bc24f638b0cb6e8fb573a72334b5e577afad9ed2b0aab5d009381
RESOLVED_PHYSICAL,RIDGE_IDENTITY,30000.0,validation_off_grid,320,5,0.29524683952331543,695.56640625,1,direct linear solve; no iterative scheme,e9c3a2d32a8bc24f638b0cb6e8fb573a72334b5e577afad9ed2b0aab5d009381
RESOLVED_PHYSICAL,RIDGE_IDENTITY,30000.0,validation_ood,256,5,0.2356405258178711,695.56640625,1,direct linear solve; no iterative scheme,e9c3a2d32a8bc24f638b0cb6e8fb573a72334b5e577afad9ed2b0aab5d009381
RESOLVED_PHYSICAL,TIKHONOV_TEMPORAL,30000.0,validation_in_class,512,5,0.4737098217010498,695.56640625,1,direct linear solve; no iterative scheme,e9c3a2d32a8bc24f638b0cb6e8fb573a72334b5e577afad9ed2b0aab5d009381
RESOLVED_PHYSICAL,TIKHONOV_TEMPORAL,30000.0,validation_off_grid,320,5,0.3064756393432617,695.56640625,1,direct linear solve; no iterative scheme,e9c3a2d32a8bc24f638b0cb6e8fb573a72334b5e577afad9ed2b0aab5d009381
RESOLVED_PHYSICAL,TIKHONOV_TEMPORAL,30000.0,validation_ood,256,5,0.31108760833740234,695.56640625,1,direct linear solve; no iterative scheme,e9c3a2d32a8bc24f638b0cb6e8fb573a72334b5e577afad9ed2b0aab5d009381
RESOLVED_PHYSICAL,WIENER_GAUSSIAN,30000.0,validation_in_class,512,5,0.4788520336151123,695.56640625,1,direct linear solve; no iterative scheme,e9c3a2d32a8bc24f638b0cb6e8fb573a72334b5e577afad9ed2b0aab5d009381
RESOLVED_PHYSICAL,WIENER_GAUSSIAN,30000.0,validation_off_grid,320,5,0.3284885883331299,695.56640625,1,direct linear solve; no iterative scheme,e9c3a2d32a8bc24f638b0cb6e8fb573a72334b5e577afad9ed2b0aab5d009381
RESOLVED_PHYSICAL,WIENER_GAUSSIAN,30000.0,validation_ood,256,5,0.2570316791534424,695.56640625,1,direct linear solve; no iterative scheme,e9c3a2d32a8bc24f638b0cb6e8fb573a72334b5e577afad9ed2b0aab5d009381
RESOLVED_PHYSICAL,LINEAR_STATE_SPACE,30000.0,validation_in_class,512,5,0.6194524765014648,695.56640625,1,direct linear solve; no iterative scheme,e9c3a2d32a8bc24f638b0cb6e8fb573a72334b5e577afad9ed2b0aab5d009381
RESOLVED_PHYSICAL,LINEAR_STATE_SPACE,30000.0,validation_off_grid,320,5,0.4630560874938965,695.56640625,1,direct linear solve; no iterative scheme,e9c3a2d32a8bc24f638b0cb6e8fb573a72334b5e577afad9ed2b0aab5d009381
RESOLVED_PHYSICAL,LINEAR_STATE_SPACE,30000.0,validation_ood,256,5,0.26080751419067383,695.56640625,1,direct linear solve; no iterative scheme,e9c3a2d32a8bc24f638b0cb6e8fb573a72334b5e577afad9ed2b0aab5d009381
RESOLVED_PHYSICAL,TSVD,100000.0,validation_in_class,512,5,0.4539666175842285,695.56640625,1,direct linear solve; no iterative scheme,e9c3a2d32a8bc24f638b0cb6e8fb573a72334b5e577afad9ed2b0aab5d009381
RESOLVED_PHYSICAL,TSVD,100000.0,validation_off_grid,320,5,0.28360509872436523,695.56640625,1,direct linear solve; no iterative scheme,e9c3a2d32a8bc24f638b0cb6e8fb573a72334b5e577afad9ed2b0aab5d009381
RESOLVED_PHYSICAL,TSVD,100000.0,validation_ood,256,5,0.24645256996154785,695.56640625,1,direct linear solve; no iterative scheme,e9c3a2d32a8bc24f638b0cb6e8fb573a72334b5e577afad9ed2b0aab5d009381
RESOLVED_PHYSICAL,RIDGE_IDENTITY,100000.0,validation_in_class,512,5,0.4795656204223633,695.56640625,1,direct linear solve; no iterative scheme,e9c3a2d32a8bc24f638b0cb6e8fb573a72334b5e577afad9ed2b0aab5d009381
RESOLVED_PHYSICAL,RIDGE_IDENTITY,100000.0,validation_off_grid,320,5,0.30851078033447266,695.56640625,1,direct linear solve; no iterative scheme,e9c3a2d32a8bc24f638b0cb6e8fb573a72334b5e577afad9ed2b0aab5d009381
RESOLVED_PHYSICAL,RIDGE_IDENTITY,100000.0,validation_ood,256,5,0.30753350257873535,695.56640625,1,direct linear solve; no iterative scheme,e9c3a2d32a8bc24f638b0cb6e8fb573a72334b5e577afad9ed2b0aab5d009381
RESOLVED_PHYSICAL,TIKHONOV_TEMPORAL,100000.0,validation_in_class,512,5,0.46459412574768066,695.56640625,1,direct linear solve; no iterative scheme,e9c3a2d32a8bc24f638b0cb6e8fb573a72334b5e577afad9ed2b0aab5d009381
RESOLVED_PHYSICAL,TIKHONOV_TEMPORAL,100000.0,validation_off_grid,320,5,0.3136298656463623,695.56640625,1,direct linear solve; no iterative scheme,e9c3a2d32a8bc24f638b0cb6e8fb573a72334b5e577afad9ed2b0aab5d009381
RESOLVED_PHYSICAL,TIKHONOV_TEMPORAL,100000.0,validation_ood,256,5,0.24139857292175293,695.56640625,1,direct linear solve; no iterative scheme,e9c3a2d32a8bc24f638b0cb6e8fb573a72334b5e577afad9ed2b0aab5d009381
RESOLVED_PHYSICAL,WIENER_GAUSSIAN,100000.0,validation_in_class,512,5,0.46528100967407227,695.56640625,1,direct linear solve; no iterative scheme,e9c3a2d32a8bc24f638b0cb6e8fb573a72334b5e577afad9ed2b0aab5d009381
RESOLVED_PHYSICAL,WIENER_GAUSSIAN,100000.0,validation_off_grid,320,5,0.3175959587097168,695.56640625,1,direct linear solve; no iterative scheme,e9c3a2d32a8bc24f638b0cb6e8fb573a72334b5e577afad9ed2b0aab5d009381
RESOLVED_PHYSICAL,WIENER_GAUSSIAN,100000.0,validation_ood,256,5,0.253537654876709,695.56640625,1,direct linear solve; no iterative scheme,e9c3a2d32a8bc24f638b0cb6e8fb573a72334b5e577afad9ed2b0aab5d009381
RESOLVED_PHYSICAL,LINEAR_STATE_SPACE,100000.0,validation_in_class,512,5,0.48580288887023926,695.56640625,1,direct linear solve; no iterative scheme,e9c3a2d32a8bc24f638b0cb6e8fb573a72334b5e577afad9ed2b0aab5d009381
RESOLVED_PHYSICAL,LINEAR_STATE_SPACE,100000.0,validation_off_grid,320,5,0.33348679542541504,695.56640625,1,direct linear solve; no iterative scheme,e9c3a2d32a8bc24f638b0cb6e8fb573a72334b5e577afad9ed2b0aab5d009381
RESOLVED_PHYSICAL,LINEAR_STATE_SPACE,100000.0,validation_ood,256,5,0.25932741165161133,695.56640625,1,direct linear solve; no iterative scheme,e9c3a2d32a8bc24f638b0cb6e8fb573a72334b5e577afad9ed2b0aab5d009381
RESOLVED_PHYSICAL,TSVD,1000000.0,validation_in_class,512,5,0.488940954208374,695.56640625,1,direct linear solve; no iterative scheme,e9c3a2d32a8bc24f638b0cb6e8fb573a72334b5e577afad9ed2b0aab5d009381
RESOLVED_PHYSICAL,TSVD,1000000.0,validation_off_grid,320,5,0.3184478282928467,695.56640625,1,direct linear solve; no iterative scheme,e9c3a2d32a8bc24f638b0cb6e8fb573a72334b5e577afad9ed2b0aab5d009381
RESOLVED_PHYSICAL,TSVD,1000000.0,validation_ood,256,5,0.253131628036499,695.56640625,1,direct linear solve; no iterative scheme,e9c3a2d32a8bc24f638b0cb6e8fb573a72334b5e577afad9ed2b0aab5d009381
RESOLVED_PHYSICAL,RIDGE_IDENTITY,1000000.0,validation_in_class,512,5,0.4516634941101074,695.56640625,1,direct linear solve; no iterative scheme,e9c3a2d32a8bc24f638b0cb6e8fb573a72334b5e577afad9ed2b0aab5d009381
RESOLVED_PHYSICAL,RIDGE_IDENTITY,1000000.0,validation_off_grid,320,5,0.3111705780029297,695.56640625,1,direct linear solve; no iterative scheme,e9c3a2d32a8bc24f638b0cb6e8fb573a72334b5e577afad9ed2b0aab5d009381
RESOLVED_PHYSICAL,RIDGE_IDENTITY,1000000.0,validation_ood,256,5,0.2476351261138916,695.56640625,1,direct linear solve; no iterative scheme,e9c3a2d32a8bc24f638b0cb6e8fb573a72334b5e577afad9ed2b0aab5d009381
RESOLVED_PHYSICAL,TIKHONOV_TEMPORAL,1000000.0,validation_in_class,512,5,0.45442914962768555,695.56640625,1,direct linear solve; no iterative scheme,e9c3a2d32a8bc24f638b0cb6e8fb573a72334b5e577afad9ed2b0aab5d009381
RESOLVED_PHYSICAL,TIKHONOV_TEMPORAL,1000000.0,validation_off_grid,320,5,0.30109691619873047,695.56640625,1,direct linear solve; no iterative scheme,e9c3a2d32a8bc24f638b0cb6e8fb573a72334b5e577afad9ed2b0aab5d009381
RESOLVED_PHYSICAL,TIKHONOV_TEMPORAL,1000000.0,validation_ood,256,5,0.24588775634765625,695.56640625,1,direct linear solve; no iterative scheme,e9c3a2d32a8bc24f638b0cb6e8fb573a72334b5e577afad9ed2b0aab5d009381
RESOLVED_PHYSICAL,WIENER_GAUSSIAN,1000000.0,validation_in_class,512,5,0.4848508834838867,695.56640625,1,direct linear solve; no iterative scheme,e9c3a2d32a8bc24f638b0cb6e8fb573a72334b5e577afad9ed2b0aab5d009381
RESOLVED_PHYSICAL,WIENER_GAUSSIAN,1000000.0,validation_off_grid,320,5,0.3181271553039551,695.56640625,1,direct linear solve; no iterative scheme,e9c3a2d32a8bc24f638b0cb6e8fb573a72334b5e577afad9ed2b0aab5d009381
RESOLVED_PHYSICAL,WIENER_GAUSSIAN,1000000.0,validation_ood,256,5,0.2827448844909668,695.56640625,1,direct linear solve; no iterative scheme,e9c3a2d32a8bc24f638b0cb6e8fb573a72334b5e577afad9ed2b0aab5d009381
RESOLVED_PHYSICAL,LINEAR_STATE_SPACE,1000000.0,validation_in_class,512,5,0.48458266258239746,695.56640625,1,direct linear solve; no iterative scheme,e9c3a2d32a8bc24f638b0cb6e8fb573a72334b5e577afad9ed2b0aab5d009381
RESOLVED_PHYSICAL,LINEAR_STATE_SPACE,1000000.0,validation_off_grid,320,5,0.5752780437469482,695.56640625,1,direct linear solve; no iterative scheme,e9c3a2d32a8bc24f638b0cb6e8fb573a72334b5e577afad9ed2b0aab5d009381
RESOLVED_PHYSICAL,LINEAR_STATE_SPACE,1000000.0,validation_ood,256,5,0.294661283493042,695.56640625,1,direct linear solve; no iterative scheme,e9c3a2d32a8bc24f638b0cb6e8fb573a72334b5e577afad9ed2b0aab5d009381
UNRESOLVED_IMAGE,TSVD,1.0,validation_in_class,512,5,0.4533059597015381,695.56640625,1,direct linear solve; no iterative scheme,e9c3a2d32a8bc24f638b0cb6e8fb573a72334b5e577afad9ed2b0aab5d009381
UNRESOLVED_IMAGE,TSVD,1.0,validation_off_grid,320,5,0.3019070625305176,695.56640625,1,direct linear solve; no iterative scheme,e9c3a2d32a8bc24f638b0cb6e8fb573a72334b5e577afad9ed2b0aab5d009381
UNRESOLVED_IMAGE,TSVD,1.0,validation_ood,256,5,0.24986696243286133,695.56640625,1,direct linear solve; no iterative scheme,e9c3a2d32a8bc24f638b0cb6e8fb573a72334b5e577afad9ed2b0aab5d009381
UNRESOLVED_IMAGE,RIDGE_IDENTITY,1.0,validation_in_class,512,5,0.46859097480773926,695.56640625,1,direct linear solve; no iterative scheme,e9c3a2d32a8bc24f638b0cb6e8fb573a72334b5e577afad9ed2b0aab5d009381
UNRESOLVED_IMAGE,RIDGE_IDENTITY,1.0,validation_off_grid,320,5,0.3249955177307129,695.56640625,1,direct linear solve; no iterative scheme,e9c3a2d32a8bc24f638b0cb6e8fb573a72334b5e577afad9ed2b0aab5d009381
UNRESOLVED_IMAGE,RIDGE_IDENTITY,1.0,validation_ood,256,5,0.2540762424468994,695.56640625,1,direct linear solve; no iterative scheme,e9c3a2d32a8bc24f638b0cb6e8fb573a72334b5e577afad9ed2b0aab5d009381
UNRESOLVED_IMAGE,TIKHONOV_TEMPORAL,1.0,validation_in_class,512,5,0.45899415016174316,699.30859375,1,direct linear solve; no iterative scheme,e9c3a2d32a8bc24f638b0cb6e8fb573a72334b5e577afad9ed2b0aab5d009381
UNRESOLVED_IMAGE,TIKHONOV_TEMPORAL,1.0,validation_off_grid,320,5,0.28031134605407715,699.30859375,1,direct linear solve; no iterative scheme,e9c3a2d32a8bc24f638b0cb6e8fb573a72334b5e577afad9ed2b0aab5d009381
UNRESOLVED_IMAGE,TIKHONOV_TEMPORAL,1.0,validation_ood,256,5,0.24868059158325195,699.30859375,1,direct linear solve; no iterative scheme,e9c3a2d32a8bc24f638b0cb6e8fb573a72334b5e577afad9ed2b0aab5d009381
UNRESOLVED_IMAGE,WIENER_GAUSSIAN,1.0,validation_in_class,512,5,0.45890307426452637,705.18359375,1,direct linear solve; no iterative scheme,e9c3a2d32a8bc24f638b0cb6e8fb573a72334b5e577afad9ed2b0aab5d009381
UNRESOLVED_IMAGE,WIENER_GAUSSIAN,1.0,validation_off_grid,320,5,0.3004746437072754,705.30859375,1,direct linear solve; no iterative scheme,e9c3a2d32a8bc24f638b0cb6e8fb573a72334b5e577afad9ed2b0aab5d009381
UNRESOLVED_IMAGE,WIENER_GAUSSIAN,1.0,validation_ood,256,5,0.2530364990234375,705.30859375,1,direct linear solve; no iterative scheme,e9c3a2d32a8bc24f638b0cb6e8fb573a72334b5e577afad9ed2b0aab5d009381
UNRESOLVED_IMAGE,LINEAR_STATE_SPACE,1.0,validation_in_class,512,5,0.760930061340332,707.80859375,1,direct linear solve; no iterative scheme,e9c3a2d32a8bc24f638b0cb6e8fb573a72334b5e577afad9ed2b0aab5d009381
UNRESOLVED_IMAGE,LINEAR_STATE_SPACE,1.0,validation_off_grid,320,5,0.39029645919799805,707.80859375,1,direct linear solve; no iterative scheme,e9c3a2d32a8bc24f638b0cb6e8fb573a72334b5e577afad9ed2b0aab5d009381
UNRESOLVED_IMAGE,LINEAR_STATE_SPACE,1.0,validation_ood,256,5,0.2578563690185547,707.93359375,1,direct linear solve; no iterative scheme,e9c3a2d32a8bc24f638b0cb6e8fb573a72334b5e577afad9ed2b0aab5d009381
UNRESOLVED_IMAGE,TSVD,3.0,validation_in_class,512,5,0.47670698165893555,707.93359375,1,direct linear solve; no iterative scheme,e9c3a2d32a8bc24f638b0cb6e8fb573a72334b5e577afad9ed2b0aab5d009381
UNRESOLVED_IMAGE,TSVD,3.0,validation_off_grid,320,5,0.3123667240142822,707.93359375,1,direct linear solve; no iterative scheme,e9c3a2d32a8bc24f638b0cb6e8fb573a72334b5e577afad9ed2b0aab5d009381
UNRESOLVED_IMAGE,TSVD,3.0,validation_ood,256,5,0.24612760543823242,707.93359375,1,direct linear solve; no iterative scheme,e9c3a2d32a8bc24f638b0cb6e8fb573a72334b5e577afad9ed2b0aab5d009381
UNRESOLVED_IMAGE,RIDGE_IDENTITY,3.0,validation_in_class,512,5,0.45494532585144043,708.80859375,1,direct linear solve; no iterative scheme,e9c3a2d32a8bc24f638b0cb6e8fb573a72334b5e577afad9ed2b0aab5d009381
UNRESOLVED_IMAGE,RIDGE_IDENTITY,3.0,validation_off_grid,320,5,0.300609827041626,708.80859375,1,direct linear solve; no iterative scheme,e9c3a2d32a8bc24f638b0cb6e8fb573a72334b5e577afad9ed2b0aab5d009381
UNRESOLVED_IMAGE,RIDGE_IDENTITY,3.0,validation_ood,256,5,0.24556779861450195,708.80859375,1,direct linear solve; no iterative scheme,e9c3a2d32a8bc24f638b0cb6e8fb573a72334b5e577afad9ed2b0aab5d009381
UNRESOLVED_IMAGE,TIKHONOV_TEMPORAL,3.0,validation_in_class,512,5,0.47208166122436523,708.93359375,1,direct linear solve; no iterative scheme,e9c3a2d32a8bc24f638b0cb6e8fb573a72334b5e577afad9ed2b0aab5d009381
UNRESOLVED_IMAGE,TIKHONOV_TEMPORAL,3.0,validation_off_grid,320,5,0.33095884323120117,708.93359375,1,direct linear solve; no iterative scheme,e9c3a2d32a8bc24f638b0cb6e8fb573a72334b5e577afad9ed2b0aab5d009381
UNRESOLVED_IMAGE,TIKHONOV_TEMPORAL,3.0,validation_ood,256,5,0.2557077407836914,708.93359375,1,direct linear solve; no iterative scheme,e9c3a2d32a8bc24f638b0cb6e8fb573a72334b5e577afad9ed2b0aab5d009381
UNRESOLVED_IMAGE,WIENER_GAUSSIAN,3.0,validation_in_class,512,5,0.5291163921356201,708.93359375,1,direct linear solve; no iterative scheme,e9c3a2d32a8bc24f638b0cb6e8fb573a72334b5e577afad9ed2b0aab5d009381
UNRESOLVED_IMAGE,WIENER_GAUSSIAN,3.0,validation_off_grid,320,5,0.33466267585754395,708.93359375,1,direct linear solve; no iterative scheme,e9c3a2d32a8bc24f638b0cb6e8fb573a72334b5e577afad9ed2b0aab5d009381
UNRESOLVED_IMAGE,WIENER_GAUSSIAN,3.0,validation_ood,256,5,0.25737905502319336,708.93359375,1,direct linear solve; no iterative scheme,e9c3a2d32a8bc24f638b0cb6e8fb573a72334b5e577afad9ed2b0aab5d009381
UNRESOLVED_IMAGE,LINEAR_STATE_SPACE,3.0,validation_in_class,512,5,0.5406889915466309,709.05859375,1,direct linear solve; no iterative scheme,e9c3a2d32a8bc24f638b0cb6e8fb573a72334b5e577afad9ed2b0aab5d009381
UNRESOLVED_IMAGE,LINEAR_STATE_SPACE,3.0,validation_off_grid,320,5,0.29204821586608887,709.05859375,1,direct linear solve; no iterative scheme,e9c3a2d32a8bc24f638b0cb6e8fb573a72334b5e577afad9ed2b0aab5d009381
UNRESOLVED_IMAGE,LINEAR_STATE_SPACE,3.0,validation_ood,256,5,0.24598407745361328,709.05859375,1,direct linear solve; no iterative scheme,e9c3a2d32a8bc24f638b0cb6e8fb573a72334b5e577afad9ed2b0aab5d009381
UNRESOLVED_IMAGE,TSVD,10.0,validation_in_class,512,5,0.5563778877258301,709.93359375,1,direct linear solve; no iterative scheme,e9c3a2d32a8bc24f638b0cb6e8fb573a72334b5e577afad9ed2b0aab5d009381
UNRESOLVED_IMAGE,TSVD,10.0,validation_off_grid,320,5,0.46422529220581055,709.93359375,1,direct linear solve; no iterative scheme,e9c3a2d32a8bc24f638b0cb6e8fb573a72334b5e577afad9ed2b0aab5d009381
UNRESOLVED_IMAGE,TSVD,10.0,validation_ood,256,5,0.24955534934997559,709.93359375,1,direct linear solve; no iterative scheme,e9c3a2d32a8bc24f638b0cb6e8fb573a72334b5e577afad9ed2b0aab5d009381
UNRESOLVED_IMAGE,RIDGE_IDENTITY,10.0,validation_in_class,512,5,0.45850157737731934,710.05859375,1,direct linear solve; no iterative scheme,e9c3a2d32a8bc24f638b0cb6e8fb573a72334b5e577afad9ed2b0aab5d009381
UNRESOLVED_IMAGE,RIDGE_IDENTITY,10.0,validation_off_grid,320,5,0.28917884826660156,710.05859375,1,direct linear solve; no iterative scheme,e9c3a2d32a8bc24f638b0cb6e8fb573a72334b5e577afad9ed2b0aab5d009381
UNRESOLVED_IMAGE,RIDGE_IDENTITY,10.0,validation_ood,256,5,0.24906039237976074,710.05859375,1,direct linear solve; no iterative scheme,e9c3a2d32a8bc24f638b0cb6e8fb573a72334b5e577afad9ed2b0aab5d009381
UNRESOLVED_IMAGE,TIKHONOV_TEMPORAL,10.0,validation_in_class,512,5,0.44173288345336914,710.05859375,1,direct linear solve; no iterative scheme,e9c3a2d32a8bc24f638b0cb6e8fb573a72334b5e577afad9ed2b0aab5d009381
UNRESOLVED_IMAGE,TIKHONOV_TEMPORAL,10.0,validation_off_grid,320,5,0.2724285125732422,710.05859375,1,direct linear solve; no iterative scheme,e9c3a2d32a8bc24f638b0cb6e8fb573a72334b5e577afad9ed2b0aab5d009381
UNRESOLVED_IMAGE,TIKHONOV_TEMPORAL,10.0,validation_ood,256,5,0.2302393913269043,710.05859375,1,direct linear solve; no iterative scheme,e9c3a2d32a8bc24f638b0cb6e8fb573a72334b5e577afad9ed2b0aab5d009381
UNRESOLVED_IMAGE,WIENER_GAUSSIAN,10.0,validation_in_class,512,5,0.4549088478088379,710.18359375,1,direct linear solve; no iterative scheme,e9c3a2d32a8bc24f638b0cb6e8fb573a72334b5e577afad9ed2b0aab5d009381
UNRESOLVED_IMAGE,WIENER_GAUSSIAN,10.0,validation_off_grid,320,5,0.2931809425354004,710.18359375,1,direct linear solve; no iterative scheme,e9c3a2d32a8bc24f638b0cb6e8fb573a72334b5e577afad9ed2b0aab5d009381
UNRESOLVED_IMAGE,WIENER_GAUSSIAN,10.0,validation_ood,256,5,0.2576625347137451,710.18359375,1,direct linear solve; no iterative scheme,e9c3a2d32a8bc24f638b0cb6e8fb573a72334b5e577afad9ed2b0aab5d009381
UNRESOLVED_IMAGE,LINEAR_STATE_SPACE,10.0,validation_in_class,512,5,0.4874603748321533,710.18359375,1,direct linear solve; no iterative scheme,e9c3a2d32a8bc24f638b0cb6e8fb573a72334b5e577afad9ed2b0aab5d009381
UNRESOLVED_IMAGE,LINEAR_STATE_SPACE,10.0,validation_off_grid,320,5,0.31534838676452637,710.18359375,1,direct linear solve; no iterative scheme,e9c3a2d32a8bc24f638b0cb6e8fb573a72334b5e577afad9ed2b0aab5d009381
UNRESOLVED_IMAGE,LINEAR_STATE_SPACE,10.0,validation_ood,256,5,0.3333873748779297,710.18359375,1,direct linear solve; no iterative scheme,e9c3a2d32a8bc24f638b0cb6e8fb573a72334b5e577afad9ed2b0aab5d009381
UNRESOLVED_IMAGE,TSVD,30.0,validation_in_class,512,5,0.45876574516296387,710.18359375,1,direct linear solve; no iterative scheme,e9c3a2d32a8bc24f638b0cb6e8fb573a72334b5e577afad9ed2b0aab5d009381
UNRESOLVED_IMAGE,TSVD,30.0,validation_off_grid,320,5,0.3000309467315674,710.18359375,1,direct linear solve; no iterative scheme,e9c3a2d32a8bc24f638b0cb6e8fb573a72334b5e577afad9ed2b0aab5d009381
UNRESOLVED_IMAGE,TSVD,30.0,validation_ood,256,5,0.27092432975769043,710.18359375,1,direct linear solve; no iterative scheme,e9c3a2d32a8bc24f638b0cb6e8fb573a72334b5e577afad9ed2b0aab5d009381
UNRESOLVED_IMAGE,RIDGE_IDENTITY,30.0,validation_in_class,512,5,0.4798412322998047,711.05859375,1,direct linear solve; no iterative scheme,e9c3a2d32a8bc24f638b0cb6e8fb573a72334b5e577afad9ed2b0aab5d009381
UNRESOLVED_IMAGE,RIDGE_IDENTITY,30.0,validation_off_grid,320,5,0.2809450626373291,711.18359375,1,direct linear solve; no iterative scheme,e9c3a2d32a8bc24f638b0cb6e8fb573a72334b5e577afad9ed2b0aab5d009381
UNRESOLVED_IMAGE,RIDGE_IDENTITY,30.0,validation_ood,256,5,0.24546074867248535,711.18359375,1,direct linear solve; no iterative scheme,e9c3a2d32a8bc24f638b0cb6e8fb573a72334b5e577afad9ed2b0aab5d009381
UNRESOLVED_IMAGE,TIKHONOV_TEMPORAL,30.0,validation_in_class,512,5,0.44266843795776367,711.18359375,1,direct linear solve; no iterative scheme,e9c3a2d32a8bc24f638b0cb6e8fb573a72334b5e577afad9ed2b0aab5d009381
UNRESOLVED_IMAGE,TIKHONOV_TEMPORAL,30.0,validation_off_grid,320,5,0.30101680755615234,711.18359375,1,direct linear solve; no iterative scheme,e9c3a2d32a8bc24f638b0cb6e8fb573a72334b5e577afad9ed2b0aab5d009381
UNRESOLVED_IMAGE,TIKHONOV_TEMPORAL,30.0,validation_ood,256,5,0.22669506072998047,711.18359375,1,direct linear solve; no iterative scheme,e9c3a2d32a8bc24f638b0cb6e8fb573a72334b5e577afad9ed2b0aab5d009381
UNRESOLVED_IMAGE,WIENER_GAUSSIAN,30.0,validation_in_class,512,5,0.45734167098999023,711.18359375,1,direct linear solve; no iterative scheme,e9c3a2d32a8bc24f638b0cb6e8fb573a72334b5e577afad9ed2b0aab5d009381
UNRESOLVED_IMAGE,WIENER_GAUSSIAN,30.0,validation_off_grid,320,5,0.28876709938049316,711.18359375,1,direct linear solve; no iterative scheme,e9c3a2d32a8bc24f638b0cb6e8fb573a72334b5e577afad9ed2b0aab5d009381
UNRESOLVED_IMAGE,WIENER_GAUSSIAN,30.0,validation_ood,256,5,0.23656535148620605,711.30859375,1,direct linear solve; no iterative scheme,e9c3a2d32a8bc24f638b0cb6e8fb573a72334b5e577afad9ed2b0aab5d009381
UNRESOLVED_IMAGE,LINEAR_STATE_SPACE,30.0,validation_in_class,512,5,0.4648914337158203,711.30859375,1,direct linear solve; no iterative scheme,e9c3a2d32a8bc24f638b0cb6e8fb573a72334b5e577afad9ed2b0aab5d009381
UNRESOLVED_IMAGE,LINEAR_STATE_SPACE,30.0,validation_off_grid,320,5,0.295015811920166,711.30859375,1,direct linear solve; no iterative scheme,e9c3a2d32a8bc24f638b0cb6e8fb573a72334b5e577afad9ed2b0aab5d009381
UNRESOLVED_IMAGE,LINEAR_STATE_SPACE,30.0,validation_ood,256,5,0.2556121349334717,711.30859375,1,direct linear solve; no iterative scheme,e9c3a2d32a8bc24f638b0cb6e8fb573a72334b5e577afad9ed2b0aab5d009381
UNRESOLVED_IMAGE,TSVD,100.0,validation_in_class,512,5,0.4631006717681885,711.30859375,1,direct linear solve; no iterative scheme,e9c3a2d32a8bc24f638b0cb6e8fb573a72334b5e577afad9ed2b0aab5d009381
UNRESOLVED_IMAGE,TSVD,100.0,validation_off_grid,320,5,0.281374454498291,711.30859375,1,direct linear solve; no iterative scheme,e9c3a2d32a8bc24f638b0cb6e8fb573a72334b5e577afad9ed2b0aab5d009381
UNRESOLVED_IMAGE,TSVD,100.0,validation_ood,256,5,0.2461843490600586,711.43359375,1,direct linear solve; no iterative scheme,e9c3a2d32a8bc24f638b0cb6e8fb573a72334b5e577afad9ed2b0aab5d009381
UNRESOLVED_IMAGE,RIDGE_IDENTITY,100.0,validation_in_class,512,5,0.43415379524230957,712.30859375,1,direct linear solve; no iterative scheme,e9c3a2d32a8bc24f638b0cb6e8fb573a72334b5e577afad9ed2b0aab5d009381
UNRESOLVED_IMAGE,RIDGE_IDENTITY,100.0,validation_off_grid,320,5,0.2909862995147705,712.30859375,1,direct linear solve; no iterative scheme,e9c3a2d32a8bc24f638b0cb6e8fb573a72334b5e577afad9ed2b0aab5d009381
UNRESOLVED_IMAGE,RIDGE_IDENTITY,100.0,validation_ood,256,5,0.24268078804016113,712.30859375,1,direct linear solve; no iterative scheme,e9c3a2d32a8bc24f638b0cb6e8fb573a72334b5e577afad9ed2b0aab5d009381
UNRESOLVED_IMAGE,TIKHONOV_TEMPORAL,100.0,validation_in_class,512,5,0.480393648147583,712.30859375,1,direct linear solve; no iterative scheme,e9c3a2d32a8bc24f638b0cb6e8fb573a72334b5e577afad9ed2b0aab5d009381
UNRESOLVED_IMAGE,TIKHONOV_TEMPORAL,100.0,validation_off_grid,320,5,0.30429768562316895,712.30859375,1,direct linear solve; no iterative scheme,e9c3a2d32a8bc24f638b0cb6e8fb573a72334b5e577afad9ed2b0aab5d009381
UNRESOLVED_IMAGE,TIKHONOV_TEMPORAL,100.0,validation_ood,256,5,0.25016212463378906,712.43359375,1,direct linear solve; no iterative scheme,e9c3a2d32a8bc24f638b0cb6e8fb573a72334b5e577afad9ed2b0aab5d009381
UNRESOLVED_IMAGE,WIENER_GAUSSIAN,100.0,validation_in_class,512,5,0.5126538276672363,712.43359375,1,direct linear solve; no iterative scheme,e9c3a2d32a8bc24f638b0cb6e8fb573a72334b5e577afad9ed2b0aab5d009381
UNRESOLVED_IMAGE,WIENER_GAUSSIAN,100.0,validation_off_grid,320,5,0.35204601287841797,712.43359375,1,direct linear solve; no iterative scheme,e9c3a2d32a8bc24f638b0cb6e8fb573a72334b5e577afad9ed2b0aab5d009381
UNRESOLVED_IMAGE,WIENER_GAUSSIAN,100.0,validation_ood,256,5,0.2709007263183594,712.43359375,1,direct linear solve; no iterative scheme,e9c3a2d32a8bc24f638b0cb6e8fb573a72334b5e577afad9ed2b0aab5d009381
UNRESOLVED_IMAGE,LINEAR_STATE_SPACE,100.0,validation_in_class,512,5,0.5120325088500977,712.43359375,1,direct linear solve; no iterative scheme,e9c3a2d32a8bc24f638b0cb6e8fb573a72334b5e577afad9ed2b0aab5d009381
UNRESOLVED_IMAGE,LINEAR_STATE_SPACE,100.0,validation_off_grid,320,5,0.2871096134185791,712.43359375,1,direct linear solve; no iterative scheme,e9c3a2d32a8bc24f638b0cb6e8fb573a72334b5e577afad9ed2b0aab5d009381
UNRESOLVED_IMAGE,LINEAR_STATE_SPACE,100.0,validation_ood,256,5,0.26207518577575684,712.55859375,1,direct linear solve; no iterative scheme,e9c3a2d32a8bc24f638b0cb6e8fb573a72334b5e577afad9ed2b0aab5d009381
UNRESOLVED_IMAGE,TSVD,300.0,validation_in_class,512,5,0.5250966548919678,712.55859375,1,direct linear solve; no iterative scheme,e9c3a2d32a8bc24f638b0cb6e8fb573a72334b5e577afad9ed2b0aab5d009381
UNRESOLVED_IMAGE,TSVD,300.0,validation_off_grid,320,5,0.35588693618774414,712.55859375,1,direct linear solve; no iterative scheme,e9c3a2d32a8bc24f638b0cb6e8fb573a72334b5e577afad9ed2b0aab5d009381
UNRESOLVED_IMAGE,TSVD,300.0,validation_ood,256,5,0.2489778995513916,712.55859375,1,direct linear solve; no iterative scheme,e9c3a2d32a8bc24f638b0cb6e8fb573a72334b5e577afad9ed2b0aab5d009381
UNRESOLVED_IMAGE,RIDGE_IDENTITY,300.0,validation_in_class,512,5,0.4913508892059326,712.55859375,1,direct linear solve; no iterative scheme,e9c3a2d32a8bc24f638b0cb6e8fb573a72334b5e577afad9ed2b0aab5d009381
UNRESOLVED_IMAGE,RIDGE_IDENTITY,300.0,validation_off_grid,320,5,0.3057746887207031,712.55859375,1,direct linear solve; no iterative scheme,e9c3a2d32a8bc24f638b0cb6e8fb573a72334b5e577afad9ed2b0aab5d009381
UNRESOLVED_IMAGE,RIDGE_IDENTITY,300.0,validation_ood,256,5,0.25023961067199707,712.68359375,1,direct linear solve; no iterative scheme,e9c3a2d32a8bc24f638b0cb6e8fb573a72334b5e577afad9ed2b0aab5d009381
UNRESOLVED_IMAGE,TIKHONOV_TEMPORAL,300.0,validation_in_class,512,5,0.531294584274292,712.68359375,1,direct linear solve; no iterative scheme,e9c3a2d32a8bc24f638b0cb6e8fb573a72334b5e577afad9ed2b0aab5d009381
UNRESOLVED_IMAGE,TIKHONOV_TEMPORAL,300.0,validation_off_grid,320,5,0.3247690200805664,712.80859375,1,direct linear solve; no iterative scheme,e9c3a2d32a8bc24f638b0cb6e8fb573a72334b5e577afad9ed2b0aab5d009381
UNRESOLVED_IMAGE,TIKHONOV_TEMPORAL,300.0,validation_ood,256,5,0.2579622268676758,712.80859375,1,direct linear solve; no iterative scheme,e9c3a2d32a8bc24f638b0cb6e8fb573a72334b5e577afad9ed2b0aab5d009381
UNRESOLVED_IMAGE,WIENER_GAUSSIAN,300.0,validation_in_class,512,5,0.4913175106048584,712.80859375,1,direct linear solve; no iterative scheme,e9c3a2d32a8bc24f638b0cb6e8fb573a72334b5e577afad9ed2b0aab5d009381
UNRESOLVED_IMAGE,WIENER_GAUSSIAN,300.0,validation_off_grid,320,5,0.5046062469482422,712.80859375,1,direct linear solve; no iterative scheme,e9c3a2d32a8bc24f638b0cb6e8fb573a72334b5e577afad9ed2b0aab5d009381
UNRESOLVED_IMAGE,WIENER_GAUSSIAN,300.0,validation_ood,256,5,0.33815836906433105,712.80859375,1,direct linear solve; no iterative scheme,e9c3a2d32a8bc24f638b0cb6e8fb573a72334b5e577afad9ed2b0aab5d009381
UNRESOLVED_IMAGE,LINEAR_STATE_SPACE,300.0,validation_in_class,512,5,0.4704420566558838,712.80859375,1,direct linear solve; no iterative scheme,e9c3a2d32a8bc24f638b0cb6e8fb573a72334b5e577afad9ed2b0aab5d009381
UNRESOLVED_IMAGE,LINEAR_STATE_SPACE,300.0,validation_off_grid,320,5,0.3342893123626709,712.93359375,1,direct linear solve; no iterative scheme,e9c3a2d32a8bc24f638b0cb6e8fb573a72334b5e577afad9ed2b0aab5d009381
UNRESOLVED_IMAGE,LINEAR_STATE_SPACE,300.0,validation_ood,256,5,0.25394749641418457,712.93359375,1,direct linear solve; no iterative scheme,e9c3a2d32a8bc24f638b0cb6e8fb573a72334b5e577afad9ed2b0aab5d009381
UNRESOLVED_IMAGE,TSVD,1000.0,validation_in_class,512,5,0.4895925521850586,712.93359375,1,direct linear solve; no iterative scheme,e9c3a2d32a8bc24f638b0cb6e8fb573a72334b5e577afad9ed2b0aab5d009381
UNRESOLVED_IMAGE,TSVD,1000.0,validation_off_grid,320,5,0.28572678565979004,712.93359375,1,direct linear solve; no iterative scheme,e9c3a2d32a8bc24f638b0cb6e8fb573a72334b5e577afad9ed2b0aab5d009381
UNRESOLVED_IMAGE,TSVD,1000.0,validation_ood,256,5,0.2389082908630371,712.93359375,1,direct linear solve; no iterative scheme,e9c3a2d32a8bc24f638b0cb6e8fb573a72334b5e577afad9ed2b0aab5d009381
UNRESOLVED_IMAGE,RIDGE_IDENTITY,1000.0,validation_in_class,512,5,0.47807884216308594,712.93359375,1,direct linear solve; no iterative scheme,e9c3a2d32a8bc24f638b0cb6e8fb573a72334b5e577afad9ed2b0aab5d009381
UNRESOLVED_IMAGE,RIDGE_IDENTITY,1000.0,validation_off_grid,320,5,0.29941391944885254,713.05859375,1,direct linear solve; no iterative scheme,e9c3a2d32a8bc24f638b0cb6e8fb573a72334b5e577afad9ed2b0aab5d009381
UNRESOLVED_IMAGE,RIDGE_IDENTITY,1000.0,validation_ood,256,5,0.2418508529663086,713.05859375,1,direct linear solve; no iterative scheme,e9c3a2d32a8bc24f638b0cb6e8fb573a72334b5e577afad9ed2b0aab5d009381
UNRESOLVED_IMAGE,TIKHONOV_TEMPORAL,1000.0,validation_in_class,512,5,0.48316001892089844,713.05859375,1,direct linear solve; no iterative scheme,e9c3a2d32a8bc24f638b0cb6e8fb573a72334b5e577afad9ed2b0aab5d009381
UNRESOLVED_IMAGE,TIKHONOV_TEMPORAL,1000.0,validation_off_grid,320,5,0.29697299003601074,713.05859375,1,direct linear solve; no iterative scheme,e9c3a2d32a8bc24f638b0cb6e8fb573a72334b5e577afad9ed2b0aab5d009381
UNRESOLVED_IMAGE,TIKHONOV_TEMPORAL,1000.0,validation_ood,256,5,0.2459263801574707,713.05859375,1,direct linear solve; no iterative scheme,e9c3a2d32a8bc24f638b0cb6e8fb573a72334b5e577afad9ed2b0aab5d009381
UNRESOLVED_IMAGE,WIENER_GAUSSIAN,1000.0,validation_in_class,512,5,0.501413106918335,713.05859375,1,direct linear solve; no iterative scheme,e9c3a2d32a8bc24f638b0cb6e8fb573a72334b5e577afad9ed2b0aab5d009381
UNRESOLVED_IMAGE,WIENER_GAUSSIAN,1000.0,validation_off_grid,320,5,0.3141312599182129,713.05859375,1,direct linear solve; no iterative scheme,e9c3a2d32a8bc24f638b0cb6e8fb573a72334b5e577afad9ed2b0aab5d009381
UNRESOLVED_IMAGE,WIENER_GAUSSIAN,1000.0,validation_ood,256,5,0.2519643306732178,713.18359375,1,direct linear solve; no iterative scheme,e9c3a2d32a8bc24f638b0cb6e8fb573a72334b5e577afad9ed2b0aab5d009381
UNRESOLVED_IMAGE,LINEAR_STATE_SPACE,1000.0,validation_in_class,512,5,0.477999210357666,713.18359375,1,direct linear solve; no iterative scheme,e9c3a2d32a8bc24f638b0cb6e8fb573a72334b5e577afad9ed2b0aab5d009381
UNRESOLVED_IMAGE,LINEAR_STATE_SPACE,1000.0,validation_off_grid,320,5,0.32535481452941895,713.18359375,1,direct linear solve; no iterative scheme,e9c3a2d32a8bc24f638b0cb6e8fb573a72334b5e577afad9ed2b0aab5d009381
UNRESOLVED_IMAGE,LINEAR_STATE_SPACE,1000.0,validation_ood,256,5,0.2476029396057129,713.18359375,1,direct linear solve; no iterative scheme,e9c3a2d32a8bc24f638b0cb6e8fb573a72334b5e577afad9ed2b0aab5d009381
UNRESOLVED_IMAGE,TSVD,3000.0,validation_in_class,512,5,0.5449333190917969,713.18359375,1,direct linear solve; no iterative scheme,e9c3a2d32a8bc24f638b0cb6e8fb573a72334b5e577afad9ed2b0aab5d009381
UNRESOLVED_IMAGE,TSVD,3000.0,validation_off_grid,320,5,0.32056331634521484,713.18359375,1,direct linear solve; no iterative scheme,e9c3a2d32a8bc24f638b0cb6e8fb573a72334b5e577afad9ed2b0aab5d009381
UNRESOLVED_IMAGE,TSVD,3000.0,validation_ood,256,5,0.27126574516296387,713.30859375,1,direct linear solve; no iterative scheme,e9c3a2d32a8bc24f638b0cb6e8fb573a72334b5e577afad9ed2b0aab5d009381
UNRESOLVED_IMAGE,RIDGE_IDENTITY,3000.0,validation_in_class,512,5,0.4985189437866211,713.30859375,1,direct linear solve; no iterative scheme,e9c3a2d32a8bc24f638b0cb6e8fb573a72334b5e577afad9ed2b0aab5d009381
UNRESOLVED_IMAGE,RIDGE_IDENTITY,3000.0,validation_off_grid,320,5,0.30868029594421387,713.30859375,1,direct linear solve; no iterative scheme,e9c3a2d32a8bc24f638b0cb6e8fb573a72334b5e577afad9ed2b0aab5d009381
UNRESOLVED_IMAGE,RIDGE_IDENTITY,3000.0,validation_ood,256,5,0.696793794631958,713.30859375,1,direct linear solve; no iterative scheme,e9c3a2d32a8bc24f638b0cb6e8fb573a72334b5e577afad9ed2b0aab5d009381
UNRESOLVED_IMAGE,TIKHONOV_TEMPORAL,3000.0,validation_in_class,512,5,0.45505738258361816,713.30859375,1,direct linear solve; no iterative scheme,e9c3a2d32a8bc24f638b0cb6e8fb573a72334b5e577afad9ed2b0aab5d009381
UNRESOLVED_IMAGE,TIKHONOV_TEMPORAL,3000.0,validation_off_grid,320,5,0.28817105293273926,713.30859375,1,direct linear solve; no iterative scheme,e9c3a2d32a8bc24f638b0cb6e8fb573a72334b5e577afad9ed2b0aab5d009381
UNRESOLVED_IMAGE,TIKHONOV_TEMPORAL,3000.0,validation_ood,256,5,0.22441434860229492,713.43359375,1,direct linear solve; no iterative scheme,e9c3a2d32a8bc24f638b0cb6e8fb573a72334b5e577afad9ed2b0aab5d009381
UNRESOLVED_IMAGE,WIENER_GAUSSIAN,3000.0,validation_in_class,512,5,0.5054855346679688,713.43359375,1,direct linear solve; no iterative scheme,e9c3a2d32a8bc24f638b0cb6e8fb573a72334b5e577afad9ed2b0aab5d009381
UNRESOLVED_IMAGE,WIENER_GAUSSIAN,3000.0,validation_off_grid,320,5,0.3077352046966553,713.43359375,1,direct linear solve; no iterative scheme,e9c3a2d32a8bc24f638b0cb6e8fb573a72334b5e577afad9ed2b0aab5d009381
UNRESOLVED_IMAGE,WIENER_GAUSSIAN,3000.0,validation_ood,256,5,0.2594907283782959,713.43359375,1,direct linear solve; no iterative scheme,e9c3a2d32a8bc24f638b0cb6e8fb573a72334b5e577afad9ed2b0aab5d009381
UNRESOLVED_IMAGE,LINEAR_STATE_SPACE,3000.0,validation_in_class,512,5,0.5016918182373047,713.43359375,1,direct linear solve; no iterative scheme,e9c3a2d32a8bc24f638b0cb6e8fb573a72334b5e577afad9ed2b0aab5d009381
UNRESOLVED_IMAGE,LINEAR_STATE_SPACE,3000.0,validation_off_grid,320,5,0.339188814163208,713.43359375,1,direct linear solve; no iterative scheme,e9c3a2d32a8bc24f638b0cb6e8fb573a72334b5e577afad9ed2b0aab5d009381
UNRESOLVED_IMAGE,LINEAR_STATE_SPACE,3000.0,validation_ood,256,5,0.23709368705749512,713.55859375,1,direct linear solve; no iterative scheme,e9c3a2d32a8bc24f638b0cb6e8fb573a72334b5e577afad9ed2b0aab5d009381
UNRESOLVED_IMAGE,TSVD,10000.0,validation_in_class,512,5,0.45958971977233887,714.43359375,1,direct linear solve; no iterative scheme,e9c3a2d32a8bc24f638b0cb6e8fb573a72334b5e577afad9ed2b0aab5d009381
UNRESOLVED_IMAGE,TSVD,10000.0,validation_off_grid,320,5,0.33426499366760254,714.43359375,1,direct linear solve; no iterative scheme,e9c3a2d32a8bc24f638b0cb6e8fb573a72334b5e577afad9ed2b0aab5d009381
UNRESOLVED_IMAGE,TSVD,10000.0,validation_ood,256,5,0.23996639251708984,714.43359375,1,direct linear solve; no iterative scheme,e9c3a2d32a8bc24f638b0cb6e8fb573a72334b5e577afad9ed2b0aab5d009381
UNRESOLVED_IMAGE,RIDGE_IDENTITY,10000.0,validation_in_class,512,5,0.43531155586242676,715.30859375,1,direct linear solve; no iterative scheme,e9c3a2d32a8bc24f638b0cb6e8fb573a72334b5e577afad9ed2b0aab5d009381
UNRESOLVED_IMAGE,RIDGE_IDENTITY,10000.0,validation_off_grid,320,5,0.2863914966583252,715.30859375,1,direct linear solve; no iterative scheme,e9c3a2d32a8bc24f638b0cb6e8fb573a72334b5e577afad9ed2b0aab5d009381
UNRESOLVED_IMAGE,RIDGE_IDENTITY,10000.0,validation_ood,256,5,0.23189496994018555,715.30859375,1,direct linear solve; no iterative scheme,e9c3a2d32a8bc24f638b0cb6e8fb573a72334b5e577afad9ed2b0aab5d009381
UNRESOLVED_IMAGE,TIKHONOV_TEMPORAL,10000.0,validation_in_class,512,5,0.4494471549987793,715.43359375,1,direct linear solve; no iterative scheme,e9c3a2d32a8bc24f638b0cb6e8fb573a72334b5e577afad9ed2b0aab5d009381
UNRESOLVED_IMAGE,TIKHONOV_TEMPORAL,10000.0,validation_off_grid,320,5,0.2878439426422119,715.43359375,1,direct linear solve; no iterative scheme,e9c3a2d32a8bc24f638b0cb6e8fb573a72334b5e577afad9ed2b0aab5d009381
UNRESOLVED_IMAGE,TIKHONOV_TEMPORAL,10000.0,validation_ood,256,5,0.2388298511505127,715.43359375,1,direct linear solve; no iterative scheme,e9c3a2d32a8bc24f638b0cb6e8fb573a72334b5e577afad9ed2b0aab5d009381
UNRESOLVED_IMAGE,WIENER_GAUSSIAN,10000.0,validation_in_class,512,5,0.4693605899810791,715.43359375,1,direct linear solve; no iterative scheme,e9c3a2d32a8bc24f638b0cb6e8fb573a72334b5e577afad9ed2b0aab5d009381
UNRESOLVED_IMAGE,WIENER_GAUSSIAN,10000.0,validation_off_grid,320,5,0.3154885768890381,715.43359375,1,direct linear solve; no iterative scheme,e9c3a2d32a8bc24f638b0cb6e8fb573a72334b5e577afad9ed2b0aab5d009381
UNRESOLVED_IMAGE,WIENER_GAUSSIAN,10000.0,validation_ood,256,5,0.26337575912475586,715.43359375,1,direct linear solve; no iterative scheme,e9c3a2d32a8bc24f638b0cb6e8fb573a72334b5e577afad9ed2b0aab5d009381
UNRESOLVED_IMAGE,LINEAR_STATE_SPACE,10000.0,validation_in_class,512,5,0.47974371910095215,715.55859375,1,direct linear solve; no iterative scheme,e9c3a2d32a8bc24f638b0cb6e8fb573a72334b5e577afad9ed2b0aab5d009381
UNRESOLVED_IMAGE,LINEAR_STATE_SPACE,10000.0,validation_off_grid,320,5,0.29872965812683105,715.55859375,1,direct linear solve; no iterative scheme,e9c3a2d32a8bc24f638b0cb6e8fb573a72334b5e577afad9ed2b0aab5d009381
UNRESOLVED_IMAGE,LINEAR_STATE_SPACE,10000.0,validation_ood,256,5,0.23778653144836426,715.55859375,1,direct linear solve; no iterative scheme,e9c3a2d32a8bc24f638b0cb6e8fb573a72334b5e577afad9ed2b0aab5d009381
UNRESOLVED_IMAGE,TSVD,30000.0,validation_in_class,512,5,0.44658994674682617,716.43359375,1,direct linear solve; no iterative scheme,e9c3a2d32a8bc24f638b0cb6e8fb573a72334b5e577afad9ed2b0aab5d009381
UNRESOLVED_IMAGE,TSVD,30000.0,validation_off_grid,320,5,0.3128480911254883,716.55859375,1,direct linear solve; no iterative scheme,e9c3a2d32a8bc24f638b0cb6e8fb573a72334b5e577afad9ed2b0aab5d009381
UNRESOLVED_IMAGE,TSVD,30000.0,validation_ood,256,5,0.23807859420776367,716.55859375,1,direct linear solve; no iterative scheme,e9c3a2d32a8bc24f638b0cb6e8fb573a72334b5e577afad9ed2b0aab5d009381
UNRESOLVED_IMAGE,RIDGE_IDENTITY,30000.0,validation_in_class,512,5,0.4513859748840332,716.55859375,1,direct linear solve; no iterative scheme,e9c3a2d32a8bc24f638b0cb6e8fb573a72334b5e577afad9ed2b0aab5d009381
UNRESOLVED_IMAGE,RIDGE_IDENTITY,30000.0,validation_off_grid,320,5,0.29900574684143066,716.55859375,1,direct linear solve; no iterative scheme,e9c3a2d32a8bc24f638b0cb6e8fb573a72334b5e577afad9ed2b0aab5d009381
UNRESOLVED_IMAGE,RIDGE_IDENTITY,30000.0,validation_ood,256,5,0.24106621742248535,716.55859375,1,direct linear solve; no iterative scheme,e9c3a2d32a8bc24f638b0cb6e8fb573a72334b5e577afad9ed2b0aab5d009381
UNRESOLVED_IMAGE,TIKHONOV_TEMPORAL,30000.0,validation_in_class,512,5,0.4516427516937256,716.55859375,1,direct linear solve; no iterative scheme,e9c3a2d32a8bc24f638b0cb6e8fb573a72334b5e577afad9ed2b0aab5d009381
UNRESOLVED_IMAGE,TIKHONOV_TEMPORAL,30000.0,validation_off_grid,320,5,0.31204795837402344,716.68359375,1,direct linear solve; no iterative scheme,e9c3a2d32a8bc24f638b0cb6e8fb573a72334b5e577afad9ed2b0aab5d009381
UNRESOLVED_IMAGE,TIKHONOV_TEMPORAL,30000.0,validation_ood,256,5,0.23294425010681152,716.68359375,1,direct linear solve; no iterative scheme,e9c3a2d32a8bc24f638b0cb6e8fb573a72334b5e577afad9ed2b0aab5d009381
UNRESOLVED_IMAGE,WIENER_GAUSSIAN,30000.0,validation_in_class,512,5,0.4628331661224365,716.68359375,1,direct linear solve; no iterative scheme,e9c3a2d32a8bc24f638b0cb6e8fb573a72334b5e577afad9ed2b0aab5d009381
UNRESOLVED_IMAGE,WIENER_GAUSSIAN,30000.0,validation_off_grid,320,5,0.2939486503601074,716.68359375,1,direct linear solve; no iterative scheme,e9c3a2d32a8bc24f638b0cb6e8fb573a72334b5e577afad9ed2b0aab5d009381
UNRESOLVED_IMAGE,WIENER_GAUSSIAN,30000.0,validation_ood,256,5,0.23898839950561523,716.68359375,1,direct linear solve; no iterative scheme,e9c3a2d32a8bc24f638b0cb6e8fb573a72334b5e577afad9ed2b0aab5d009381
UNRESOLVED_IMAGE,LINEAR_STATE_SPACE,30000.0,validation_in_class,512,5,0.4586930274963379,716.68359375,1,direct linear solve; no iterative scheme,e9c3a2d32a8bc24f638b0cb6e8fb573a72334b5e577afad9ed2b0aab5d009381
UNRESOLVED_IMAGE,LINEAR_STATE_SPACE,30000.0,validation_off_grid,320,5,0.3127248287200928,716.80859375,1,direct linear solve; no iterative scheme,e9c3a2d32a8bc24f638b0cb6e8fb573a72334b5e577afad9ed2b0aab5d009381
UNRESOLVED_IMAGE,LINEAR_STATE_SPACE,30000.0,validation_ood,256,5,0.3157961368560791,716.80859375,1,direct linear solve; no iterative scheme,e9c3a2d32a8bc24f638b0cb6e8fb573a72334b5e577afad9ed2b0aab5d009381
UNRESOLVED_IMAGE,TSVD,100000.0,validation_in_class,512,5,0.4732682704925537,716.80859375,1,direct linear solve; no iterative scheme,e9c3a2d32a8bc24f638b0cb6e8fb573a72334b5e577afad9ed2b0aab5d009381
UNRESOLVED_IMAGE,TSVD,100000.0,validation_off_grid,320,5,0.2854878902435303,716.80859375,1,direct linear solve; no iterative scheme,e9c3a2d32a8bc24f638b0cb6e8fb573a72334b5e577afad9ed2b0aab5d009381
UNRESOLVED_IMAGE,TSVD,100000.0,validation_ood,256,5,0.2543308734893799,716.80859375,1,direct linear solve; no iterative scheme,e9c3a2d32a8bc24f638b0cb6e8fb573a72334b5e577afad9ed2b0aab5d009381
UNRESOLVED_IMAGE,RIDGE_IDENTITY,100000.0,validation_in_class,512,5,1.3120949268341064,716.80859375,1,direct linear solve; no iterative scheme,e9c3a2d32a8bc24f638b0cb6e8fb573a72334b5e577afad9ed2b0aab5d009381
UNRESOLVED_IMAGE,RIDGE_IDENTITY,100000.0,validation_off_grid,320,5,0.9535653591156006,716.80859375,1,direct linear solve; no iterative scheme,e9c3a2d32a8bc24f638b0cb6e8fb573a72334b5e577afad9ed2b0aab5d009381
UNRESOLVED_IMAGE,RIDGE_IDENTITY,100000.0,validation_ood,256,5,0.30959582328796387,716.80859375,1,direct linear solve; no iterative scheme,e9c3a2d32a8bc24f638b0cb6e8fb573a72334b5e577afad9ed2b0aab5d009381
UNRESOLVED_IMAGE,TIKHONOV_TEMPORAL,100000.0,validation_in_class,512,5,1.0758588314056396,716.80859375,1,direct linear solve; no iterative scheme,e9c3a2d32a8bc24f638b0cb6e8fb573a72334b5e577afad9ed2b0aab5d009381
UNRESOLVED_IMAGE,TIKHONOV_TEMPORAL,100000.0,validation_off_grid,320,5,0.8798439502716064,716.80859375,1,direct linear solve; no iterative scheme,e9c3a2d32a8bc24f638b0cb6e8fb573a72334b5e577afad9ed2b0aab5d009381
UNRESOLVED_IMAGE,TIKHONOV_TEMPORAL,100000.0,validation_ood,256,5,0.7843194007873535,716.93359375,1,direct linear solve; no iterative scheme,e9c3a2d32a8bc24f638b0cb6e8fb573a72334b5e577afad9ed2b0aab5d009381
UNRESOLVED_IMAGE,WIENER_GAUSSIAN,100000.0,validation_in_class,512,5,1.3420827388763428,716.93359375,1,direct linear solve; no iterative scheme,e9c3a2d32a8bc24f638b0cb6e8fb573a72334b5e577afad9ed2b0aab5d009381
UNRESOLVED_IMAGE,WIENER_GAUSSIAN,100000.0,validation_off_grid,320,5,0.9764137268066406,716.93359375,1,direct linear solve; no iterative scheme,e9c3a2d32a8bc24f638b0cb6e8fb573a72334b5e577afad9ed2b0aab5d009381
UNRESOLVED_IMAGE,WIENER_GAUSSIAN,100000.0,validation_ood,256,5,0.7037875652313232,716.93359375,1,direct linear solve; no iterative scheme,e9c3a2d32a8bc24f638b0cb6e8fb573a72334b5e577afad9ed2b0aab5d009381
UNRESOLVED_IMAGE,LINEAR_STATE_SPACE,100000.0,validation_in_class,512,5,1.337641716003418,716.93359375,1,direct linear solve; no iterative scheme,e9c3a2d32a8bc24f638b0cb6e8fb573a72334b5e577afad9ed2b0aab5d009381
UNRESOLVED_IMAGE,LINEAR_STATE_SPACE,100000.0,validation_off_grid,320,5,1.1946215629577637,716.93359375,1,direct linear solve; no iterative scheme,e9c3a2d32a8bc24f638b0cb6e8fb573a72334b5e577afad9ed2b0aab5d009381
UNRESOLVED_IMAGE,LINEAR_STATE_SPACE,100000.0,validation_ood,256,5,0.8669624328613281,716.93359375,1,direct linear solve; no iterative scheme,e9c3a2d32a8bc24f638b0cb6e8fb573a72334b5e577afad9ed2b0aab5d009381
UNRESOLVED_IMAGE,TSVD,1000000.0,validation_in_class,512,5,0.5461554527282715,717.05859375,1,direct linear solve; no iterative scheme,e9c3a2d32a8bc24f638b0cb6e8fb573a72334b5e577afad9ed2b0aab5d009381
UNRESOLVED_IMAGE,TSVD,1000000.0,validation_off_grid,320,5,0.4671666622161865,717.05859375,1,direct linear solve; no iterative scheme,e9c3a2d32a8bc24f638b0cb6e8fb573a72334b5e577afad9ed2b0aab5d009381
UNRESOLVED_IMAGE,TSVD,1000000.0,validation_ood,256,5,0.32401418685913086,717.05859375,1,direct linear solve; no iterative scheme,e9c3a2d32a8bc24f638b0cb6e8fb573a72334b5e577afad9ed2b0aab5d009381
UNRESOLVED_IMAGE,RIDGE_IDENTITY,1000000.0,validation_in_class,512,5,1.1260018348693848,717.05859375,1,direct linear solve; no iterative scheme,e9c3a2d32a8bc24f638b0cb6e8fb573a72334b5e577afad9ed2b0aab5d009381
UNRESOLVED_IMAGE,RIDGE_IDENTITY,1000000.0,validation_off_grid,320,5,0.6409664154052734,717.05859375,1,direct linear solve; no iterative scheme,e9c3a2d32a8bc24f638b0cb6e8fb573a72334b5e577afad9ed2b0aab5d009381
UNRESOLVED_IMAGE,RIDGE_IDENTITY,1000000.0,validation_ood,256,5,0.27922797203063965,717.05859375,1,direct linear solve; no iterative scheme,e9c3a2d32a8bc24f638b0cb6e8fb573a72334b5e577afad9ed2b0aab5d009381
UNRESOLVED_IMAGE,TIKHONOV_TEMPORAL,1000000.0,validation_in_class,512,5,0.44041013717651367,717.05859375,1,direct linear solve; no iterative scheme,e9c3a2d32a8bc24f638b0cb6e8fb573a72334b5e577afad9ed2b0aab5d009381
UNRESOLVED_IMAGE,TIKHONOV_TEMPORAL,1000000.0,validation_off_grid,320,5,0.3158073425292969,717.05859375,1,direct linear solve; no iterative scheme,e9c3a2d32a8bc24f638b0cb6e8fb573a72334b5e577afad9ed2b0aab5d009381
UNRESOLVED_IMAGE,TIKHONOV_TEMPORAL,1000000.0,validation_ood,256,5,0.23064541816711426,717.18359375,1,direct linear solve; no iterative scheme,e9c3a2d32a8bc24f638b0cb6e8fb573a72334b5e577afad9ed2b0aab5d009381
UNRESOLVED_IMAGE,WIENER_GAUSSIAN,1000000.0,validation_in_class,512,5,0.45062255859375,717.18359375,1,direct linear solve; no iterative scheme,e9c3a2d32a8bc24f638b0cb6e8fb573a72334b5e577afad9ed2b0aab5d009381
UNRESOLVED_IMAGE,WIENER_GAUSSIAN,1000000.0,validation_off_grid,320,5,0.2916290760040283,717.18359375,1,direct linear solve; no iterative scheme,e9c3a2d32a8bc24f638b0cb6e8fb573a72334b5e577afad9ed2b0aab5d009381
UNRESOLVED_IMAGE,WIENER_GAUSSIAN,1000000.0,validation_ood,256,5,0.24128150939941406,717.18359375,1,direct linear solve; no iterative scheme,e9c3a2d32a8bc24f638b0cb6e8fb573a72334b5e577afad9ed2b0aab5d009381
UNRESOLVED_IMAGE,LINEAR_STATE_SPACE,1000000.0,validation_in_class,512,5,0.4550323486328125,717.18359375,1,direct linear solve; no iterative scheme,e9c3a2d32a8bc24f638b0cb6e8fb573a72334b5e577afad9ed2b0aab5d009381
UNRESOLVED_IMAGE,LINEAR_STATE_SPACE,1000000.0,validation_off_grid,320,5,0.3081703186035156,717.18359375,1,direct linear solve; no iterative scheme,e9c3a2d32a8bc24f638b0cb6e8fb573a72334b5e577afad9ed2b0aab5d009381
UNRESOLVED_IMAGE,LINEAR_STATE_SPACE,1000000.0,validation_ood,256,5,0.28097963333129883,717.30859375,1,direct linear solve; no iterative scheme,e9c3a2d32a8bc24f638b0cb6e8fb573a72334b5e577afad9ed2b0aab5d009381
TOTAL_FLUX,TSVD,1.0,validation_in_class,512,5,0.4205498695373535,717.30859375,1,direct linear solve; no iterative scheme,e9c3a2d32a8bc24f638b0cb6e8fb573a72334b5e577afad9ed2b0aab5d009381
TOTAL_FLUX,TSVD,1.0,validation_off_grid,320,5,0.272658109664917,717.30859375,1,direct linear solve; no iterative scheme,e9c3a2d32a8bc24f638b0cb6e8fb573a72334b5e577afad9ed2b0aab5d009381
TOTAL_FLUX,TSVD,1.0,validation_ood,256,5,0.2167344093322754,717.30859375,1,direct linear solve; no iterative scheme,e9c3a2d32a8bc24f638b0cb6e8fb573a72334b5e577afad9ed2b0aab5d009381
TOTAL_FLUX,RIDGE_IDENTITY,1.0,validation_in_class,512,5,0.40901613235473633,717.30859375,1,direct linear solve; no iterative scheme,e9c3a2d32a8bc24f638b0cb6e8fb573a72334b5e577afad9ed2b0aab5d009381
TOTAL_FLUX,RIDGE_IDENTITY,1.0,validation_off_grid,320,5,0.27460145950317383,717.30859375,1,direct linear solve; no iterative scheme,e9c3a2d32a8bc24f638b0cb6e8fb573a72334b5e577afad9ed2b0aab5d009381
TOTAL_FLUX,RIDGE_IDENTITY,1.0,validation_ood,256,5,0.22368884086608887,717.30859375,1,direct linear solve; no iterative scheme,e9c3a2d32a8bc24f638b0cb6e8fb573a72334b5e577afad9ed2b0aab5d009381
TOTAL_FLUX,TIKHONOV_TEMPORAL,1.0,validation_in_class,512,5,0.42337536811828613,719.55859375,1,direct linear solve; no iterative scheme,e9c3a2d32a8bc24f638b0cb6e8fb573a72334b5e577afad9ed2b0aab5d009381
TOTAL_FLUX,TIKHONOV_TEMPORAL,1.0,validation_off_grid,320,5,0.2747373580932617,719.55859375,1,direct linear solve; no iterative scheme,e9c3a2d32a8bc24f638b0cb6e8fb573a72334b5e577afad9ed2b0aab5d009381
TOTAL_FLUX,TIKHONOV_TEMPORAL,1.0,validation_ood,256,5,0.21533417701721191,719.55859375,1,direct linear solve; no iterative scheme,e9c3a2d32a8bc24f638b0cb6e8fb573a72334b5e577afad9ed2b0aab5d009381
TOTAL_FLUX,WIENER_GAUSSIAN,1.0,validation_in_class,512,5,0.4420440196990967,726.05859375,1,direct linear solve; no iterative scheme,e9c3a2d32a8bc24f638b0cb6e8fb573a72334b5e577afad9ed2b0aab5d009381
TOTAL_FLUX,WIENER_GAUSSIAN,1.0,validation_off_grid,320,5,0.2830209732055664,726.05859375,1,direct linear solve; no iterative scheme,e9c3a2d32a8bc24f638b0cb6e8fb573a72334b5e577afad9ed2b0aab5d009381
TOTAL_FLUX,WIENER_GAUSSIAN,1.0,validation_ood,256,5,0.24430274963378906,726.05859375,1,direct linear solve; no iterative scheme,e9c3a2d32a8bc24f638b0cb6e8fb573a72334b5e577afad9ed2b0aab5d009381
TOTAL_FLUX,LINEAR_STATE_SPACE,1.0,validation_in_class,512,5,0.4853811264038086,727.30859375,1,direct linear solve; no iterative scheme,e9c3a2d32a8bc24f638b0cb6e8fb573a72334b5e577afad9ed2b0aab5d009381
TOTAL_FLUX,LINEAR_STATE_SPACE,1.0,validation_off_grid,320,5,0.29094386100769043,727.30859375,1,direct linear solve; no iterative scheme,e9c3a2d32a8bc24f638b0cb6e8fb573a72334b5e577afad9ed2b0aab5d009381
TOTAL_FLUX,LINEAR_STATE_SPACE,1.0,validation_ood,256,5,0.22675871849060059,727.30859375,1,direct linear solve; no iterative scheme,e9c3a2d32a8bc24f638b0cb6e8fb573a72334b5e577afad9ed2b0aab5d009381
TOTAL_FLUX,TSVD,3.0,validation_in_class,512,5,0.4640920162200928,727.80859375,1,direct linear solve; no iterative scheme,e9c3a2d32a8bc24f638b0cb6e8fb573a72334b5e577afad9ed2b0aab5d009381
TOTAL_FLUX,TSVD,3.0,validation_off_grid,320,5,0.2773113250732422,727.80859375,1,direct linear solve; no iterative scheme,e9c3a2d32a8bc24f638b0cb6e8fb573a72334b5e577afad9ed2b0aab5d009381
TOTAL_FLUX,TSVD,3.0,validation_ood,256,5,0.22439861297607422,727.80859375,1,direct linear solve; no iterative scheme,e9c3a2d32a8bc24f638b0cb6e8fb573a72334b5e577afad9ed2b0aab5d009381
TOTAL_FLUX,RIDGE_IDENTITY,3.0,validation_in_class,512,5,0.4364013671875,727.80859375,1,direct linear solve; no iterative scheme,e9c3a2d32a8bc24f638b0cb6e8fb573a72334b5e577afad9ed2b0aab5d009381
TOTAL_FLUX,RIDGE_IDENTITY,3.0,validation_off_grid,320,5,0.2730903625488281,727.80859375,1,direct linear solve; no iterative scheme,e9c3a2d32a8bc24f638b0cb6e8fb573a72334b5e577afad9ed2b0aab5d009381
TOTAL_FLUX,RIDGE_IDENTITY,3.0,validation_ood,256,5,0.21765756607055664,727.93359375,1,direct linear solve; no iterative scheme,e9c3a2d32a8bc24f638b0cb6e8fb573a72334b5e577afad9ed2b0aab5d009381
TOTAL_FLUX,TIKHONOV_TEMPORAL,3.0,validation_in_class,512,5,0.4222583770751953,727.93359375,1,direct linear solve; no iterative scheme,e9c3a2d32a8bc24f638b0cb6e8fb573a72334b5e577afad9ed2b0aab5d009381
TOTAL_FLUX,TIKHONOV_TEMPORAL,3.0,validation_off_grid,320,5,0.26520276069641113,727.93359375,1,direct linear solve; no iterative scheme,e9c3a2d32a8bc24f638b0cb6e8fb573a72334b5e577afad9ed2b0aab5d009381
TOTAL_FLUX,TIKHONOV_TEMPORAL,3.0,validation_ood,256,5,0.2135772705078125,727.93359375,1,direct linear solve; no iterative scheme,e9c3a2d32a8bc24f638b0cb6e8fb573a72334b5e577afad9ed2b0aab5d009381
TOTAL_FLUX,WIENER_GAUSSIAN,3.0,validation_in_class,512,5,0.5668561458587646,728.30859375,1,direct linear solve; no iterative scheme,e9c3a2d32a8bc24f638b0cb6e8fb573a72334b5e577afad9ed2b0aab5d009381
TOTAL_FLUX,WIENER_GAUSSIAN,3.0,validation_off_grid,320,5,0.29221034049987793,728.43359375,1,direct linear solve; no iterative scheme,e9c3a2d32a8bc24f638b0cb6e8fb573a72334b5e577afad9ed2b0aab5d009381
TOTAL_FLUX,WIENER_GAUSSIAN,3.0,validation_ood,256,5,0.23741936683654785,728.43359375,1,direct linear solve; no iterative scheme,e9c3a2d32a8bc24f638b0cb6e8fb573a72334b5e577afad9ed2b0aab5d009381
TOTAL_FLUX,LINEAR_STATE_SPACE,3.0,validation_in_class,512,5,0.43589234352111816,728.43359375,1,direct linear solve; no iterative scheme,e9c3a2d32a8bc24f638b0cb6e8fb573a72334b5e577afad9ed2b0aab5d009381
TOTAL_FLUX,LINEAR_STATE_SPACE,3.0,validation_off_grid,320,5,0.2731740474700928,728.43359375,1,direct linear solve; no iterative scheme,e9c3a2d32a8bc24f638b0cb6e8fb573a72334b5e577afad9ed2b0aab5d009381
TOTAL_FLUX,LINEAR_STATE_SPACE,3.0,validation_ood,256,5,0.24720478057861328,728.43359375,1,direct linear solve; no iterative scheme,e9c3a2d32a8bc24f638b0cb6e8fb573a72334b5e577afad9ed2b0aab5d009381
TOTAL_FLUX,TSVD,10.0,validation_in_class,512,5,0.41127991676330566,728.43359375,1,direct linear solve; no iterative scheme,e9c3a2d32a8bc24f638b0cb6e8fb573a72334b5e577afad9ed2b0aab5d009381
TOTAL_FLUX,TSVD,10.0,validation_off_grid,320,5,0.28838038444519043,728.43359375,1,direct linear solve; no iterative scheme,e9c3a2d32a8bc24f638b0cb6e8fb573a72334b5e577afad9ed2b0aab5d009381
TOTAL_FLUX,TSVD,10.0,validation_ood,256,5,0.21417760848999023,728.55859375,1,direct linear solve; no iterative scheme,e9c3a2d32a8bc24f638b0cb6e8fb573a72334b5e577afad9ed2b0aab5d009381
TOTAL_FLUX,RIDGE_IDENTITY,10.0,validation_in_class,512,5,0.44333529472351074,728.55859375,1,direct linear solve; no iterative scheme,e9c3a2d32a8bc24f638b0cb6e8fb573a72334b5e577afad9ed2b0aab5d009381
TOTAL_FLUX,RIDGE_IDENTITY,10.0,validation_off_grid,320,5,0.2930929660797119,728.55859375,1,direct linear solve; no iterative scheme,e9c3a2d32a8bc24f638b0cb6e8fb573a72334b5e577afad9ed2b0aab5d009381
TOTAL_FLUX,RIDGE_IDENTITY,10.0,validation_ood,256,5,0.24924540519714355,728.55859375,1,direct linear solve; no iterative scheme,e9c3a2d32a8bc24f638b0cb6e8fb573a72334b5e577afad9ed2b0aab5d009381
TOTAL_FLUX,TIKHONOV_TEMPORAL,10.0,validation_in_class,512,5,0.4283332824707031,728.68359375,1,direct linear solve; no iterative scheme,e9c3a2d32a8bc24f638b0cb6e8fb573a72334b5e577afad9ed2b0aab5d009381
TOTAL_FLUX,TIKHONOV_TEMPORAL,10.0,validation_off_grid,320,5,0.31047487258911133,728.68359375,1,direct linear solve; no iterative scheme,e9c3a2d32a8bc24f638b0cb6e8fb573a72334b5e577afad9ed2b0aab5d009381
TOTAL_FLUX,TIKHONOV_TEMPORAL,10.0,validation_ood,256,5,0.21955180168151855,728.68359375,1,direct linear solve; no iterative scheme,e9c3a2d32a8bc24f638b0cb6e8fb573a72334b5e577afad9ed2b0aab5d009381
TOTAL_FLUX,WIENER_GAUSSIAN,10.0,validation_in_class,512,5,0.4529573917388916,729.55859375,1,direct linear solve; no iterative scheme,e9c3a2d32a8bc24f638b0cb6e8fb573a72334b5e577afad9ed2b0aab5d009381
TOTAL_FLUX,WIENER_GAUSSIAN,10.0,validation_off_grid,320,5,0.30413007736206055,729.55859375,1,direct linear solve; no iterative scheme,e9c3a2d32a8bc24f638b0cb6e8fb573a72334b5e577afad9ed2b0aab5d009381
TOTAL_FLUX,WIENER_GAUSSIAN,10.0,validation_ood,256,5,0.24878382682800293,729.55859375,1,direct linear solve; no iterative scheme,e9c3a2d32a8bc24f638b0cb6e8fb573a72334b5e577afad9ed2b0aab5d009381
TOTAL_FLUX,LINEAR_STATE_SPACE,10.0,validation_in_class,512,5,0.48463010787963867,729.55859375,1,direct linear solve; no iterative scheme,e9c3a2d32a8bc24f638b0cb6e8fb573a72334b5e577afad9ed2b0aab5d009381
TOTAL_FLUX,LINEAR_STATE_SPACE,10.0,validation_off_grid,320,5,0.3136322498321533,729.68359375,1,direct linear solve; no iterative scheme,e9c3a2d32a8bc24f638b0cb6e8fb573a72334b5e577afad9ed2b0aab5d009381
TOTAL_FLUX,LINEAR_STATE_SPACE,10.0,validation_ood,256,5,0.24938654899597168,729.68359375,1,direct linear solve; no iterative scheme,e9c3a2d32a8bc24f638b0cb6e8fb573a72334b5e577afad9ed2b0aab5d009381
TOTAL_FLUX,TSVD,30.0,validation_in_class,512,5,0.4765489101409912,729.68359375,1,direct linear solve; no iterative scheme,e9c3a2d32a8bc24f638b0cb6e8fb573a72334b5e577afad9ed2b0aab5d009381
TOTAL_FLUX,TSVD,30.0,validation_off_grid,320,5,0.30781102180480957,729.68359375,1,direct linear solve; no iterative scheme,e9c3a2d32a8bc24f638b0cb6e8fb573a72334b5e577afad9ed2b0aab5d009381
TOTAL_FLUX,TSVD,30.0,validation_ood,256,5,0.2400362491607666,729.68359375,1,direct linear solve; no iterative scheme,e9c3a2d32a8bc24f638b0cb6e8fb573a72334b5e577afad9ed2b0aab5d009381
TOTAL_FLUX,RIDGE_IDENTITY,30.0,validation_in_class,512,5,0.41879749298095703,729.68359375,1,direct linear solve; no iterative scheme,e9c3a2d32a8bc24f638b0cb6e8fb573a72334b5e577afad9ed2b0aab5d009381
TOTAL_FLUX,RIDGE_IDENTITY,30.0,validation_off_grid,320,5,0.2739992141723633,729.80859375,1,direct linear solve; no iterative scheme,e9c3a2d32a8bc24f638b0cb6e8fb573a72334b5e577afad9ed2b0aab5d009381
TOTAL_FLUX,RIDGE_IDENTITY,30.0,validation_ood,256,5,0.24871039390563965,729.80859375,1,direct linear solve; no iterative scheme,e9c3a2d32a8bc24f638b0cb6e8fb573a72334b5e577afad9ed2b0aab5d009381
TOTAL_FLUX,TIKHONOV_TEMPORAL,30.0,validation_in_class,512,5,0.4351191520690918,729.80859375,1,direct linear solve; no iterative scheme,e9c3a2d32a8bc24f638b0cb6e8fb573a72334b5e577afad9ed2b0aab5d009381
TOTAL_FLUX,TIKHONOV_TEMPORAL,30.0,validation_off_grid,320,5,0.3105013370513916,729.80859375,1,direct linear solve; no iterative scheme,e9c3a2d32a8bc24f638b0cb6e8fb573a72334b5e577afad9ed2b0aab5d009381
TOTAL_FLUX,TIKHONOV_TEMPORAL,30.0,validation_ood,256,5,0.23457932472229004,729.80859375,1,direct linear solve; no iterative scheme,e9c3a2d32a8bc24f638b0cb6e8fb573a72334b5e577afad9ed2b0aab5d009381
TOTAL_FLUX,WIENER_GAUSSIAN,30.0,validation_in_class,512,5,0.46286749839782715,730.68359375,1,direct linear solve; no iterative scheme,e9c3a2d32a8bc24f638b0cb6e8fb573a72334b5e577afad9ed2b0aab5d009381
TOTAL_FLUX,WIENER_GAUSSIAN,30.0,validation_off_grid,320,5,0.30431199073791504,730.68359375,1,direct linear solve; no iterative scheme,e9c3a2d32a8bc24f638b0cb6e8fb573a72334b5e577afad9ed2b0aab5d009381
TOTAL_FLUX,WIENER_GAUSSIAN,30.0,validation_ood,256,5,0.25032973289489746,730.80859375,1,direct linear solve; no iterative scheme,e9c3a2d32a8bc24f638b0cb6e8fb573a72334b5e577afad9ed2b0aab5d009381
TOTAL_FLUX,LINEAR_STATE_SPACE,30.0,validation_in_class,512,5,0.42752528190612793,730.80859375,1,direct linear solve; no iterative scheme,e9c3a2d32a8bc24f638b0cb6e8fb573a72334b5e577afad9ed2b0aab5d009381
TOTAL_FLUX,LINEAR_STATE_SPACE,30.0,validation_off_grid,320,5,0.31944990158081055,730.80859375,1,direct linear solve; no iterative scheme,e9c3a2d32a8bc24f638b0cb6e8fb573a72334b5e577afad9ed2b0aab5d009381
TOTAL_FLUX,LINEAR_STATE_SPACE,30.0,validation_ood,256,5,0.2592647075653076,730.80859375,1,direct linear solve; no iterative scheme,e9c3a2d32a8bc24f638b0cb6e8fb573a72334b5e577afad9ed2b0aab5d009381
TOTAL_FLUX,TSVD,100.0,validation_in_class,512,5,0.40488672256469727,730.80859375,1,direct linear solve; no iterative scheme,e9c3a2d32a8bc24f638b0cb6e8fb573a72334b5e577afad9ed2b0aab5d009381
TOTAL_FLUX,TSVD,100.0,validation_off_grid,320,5,0.2951033115386963,730.80859375,1,direct linear solve; no iterative scheme,e9c3a2d32a8bc24f638b0cb6e8fb573a72334b5e577afad9ed2b0aab5d009381
TOTAL_FLUX,TSVD,100.0,validation_ood,256,5,0.34870076179504395,730.80859375,1,direct linear solve; no iterative scheme,e9c3a2d32a8bc24f638b0cb6e8fb573a72334b5e577afad9ed2b0aab5d009381
TOTAL_FLUX,RIDGE_IDENTITY,100.0,validation_in_class,512,5,0.4246065616607666,730.93359375,1,direct linear solve; no iterative scheme,e9c3a2d32a8bc24f638b0cb6e8fb573a72334b5e577afad9ed2b0aab5d009381
TOTAL_FLUX,RIDGE_IDENTITY,100.0,validation_off_grid,320,5,0.27519917488098145,730.93359375,1,direct linear solve; no iterative scheme,e9c3a2d32a8bc24f638b0cb6e8fb573a72334b5e577afad9ed2b0aab5d009381
TOTAL_FLUX,RIDGE_IDENTITY,100.0,validation_ood,256,5,0.22161197662353516,730.93359375,1,direct linear solve; no iterative scheme,e9c3a2d32a8bc24f638b0cb6e8fb573a72334b5e577afad9ed2b0aab5d009381
TOTAL_FLUX,TIKHONOV_TEMPORAL,100.0,validation_in_class,512,5,0.45337724685668945,730.93359375,1,direct linear solve; no iterative scheme,e9c3a2d32a8bc24f638b0cb6e8fb573a72334b5e577afad9ed2b0aab5d009381
TOTAL_FLUX,TIKHONOV_TEMPORAL,100.0,validation_off_grid,320,5,0.32047438621520996,730.93359375,1,direct linear solve; no iterative scheme,e9c3a2d32a8bc24f638b0cb6e8fb573a72334b5e577afad9ed2b0aab5d009381
TOTAL_FLUX,TIKHONOV_TEMPORAL,100.0,validation_ood,256,5,0.23699569702148438,730.93359375,1,direct linear solve; no iterative scheme,e9c3a2d32a8bc24f638b0cb6e8fb573a72334b5e577afad9ed2b0aab5d009381
TOTAL_FLUX,WIENER_GAUSSIAN,100.0,validation_in_class,512,5,0.43157076835632324,730.93359375,1,direct linear solve; no iterative scheme,e9c3a2d32a8bc24f638b0cb6e8fb573a72334b5e577afad9ed2b0aab5d009381
TOTAL_FLUX,WIENER_GAUSSIAN,100.0,validation_off_grid,320,5,0.41867709159851074,731.05859375,1,direct linear solve; no iterative scheme,e9c3a2d32a8bc24f638b0cb6e8fb573a72334b5e577afad9ed2b0aab5d009381
TOTAL_FLUX,WIENER_GAUSSIAN,100.0,validation_ood,256,5,0.4183061122894287,731.05859375,1,direct linear solve; no iterative scheme,e9c3a2d32a8bc24f638b0cb6e8fb573a72334b5e577afad9ed2b0aab5d009381
TOTAL_FLUX,LINEAR_STATE_SPACE,100.0,validation_in_class,512,5,0.437147855758667,731.05859375,1,direct linear solve; no iterative scheme,e9c3a2d32a8bc24f638b0cb6e8fb573a72334b5e577afad9ed2b0aab5d009381
TOTAL_FLUX,LINEAR_STATE_SPACE,100.0,validation_off_grid,320,5,0.2716963291168213,731.05859375,1,direct linear solve; no iterative scheme,e9c3a2d32a8bc24f638b0cb6e8fb573a72334b5e577afad9ed2b0aab5d009381
TOTAL_FLUX,LINEAR_STATE_SPACE,100.0,validation_ood,256,5,0.21375441551208496,731.05859375,1,direct linear solve; no iterative scheme,e9c3a2d32a8bc24f638b0cb6e8fb573a72334b5e577afad9ed2b0aab5d009381
TOTAL_FLUX,TSVD,300.0,validation_in_class,512,5,0.4247610569000244,731.05859375,1,direct linear solve; no iterative scheme,e9c3a2d32a8bc24f638b0cb6e8fb573a72334b5e577afad9ed2b0aab5d009381
TOTAL_FLUX,TSVD,300.0,validation_off_grid,320,5,0.26926589012145996,731.05859375,1,direct linear solve; no iterative scheme,e9c3a2d32a8bc24f638b0cb6e8fb573a72334b5e577afad9ed2b0aab5d009381
TOTAL_FLUX,TSVD,300.0,validation_ood,256,5,0.2285594940185547,731.18359375,1,direct linear solve; no iterative scheme,e9c3a2d32a8bc24f638b0cb6e8fb573a72334b5e577afad9ed2b0aab5d009381
TOTAL_FLUX,RIDGE_IDENTITY,300.0,validation_in_class,512,5,0.4539215564727783,731.18359375,1,direct linear solve; no iterative scheme,e9c3a2d32a8bc24f638b0cb6e8fb573a72334b5e577afad9ed2b0aab5d009381
TOTAL_FLUX,RIDGE_IDENTITY,300.0,validation_off_grid,320,5,0.3011186122894287,731.18359375,1,direct linear solve; no iterative scheme,e9c3a2d32a8bc24f638b0cb6e8fb573a72334b5e577afad9ed2b0aab5d009381
TOTAL_FLUX,RIDGE_IDENTITY,300.0,validation_ood,256,5,0.2292177677154541,731.18359375,1,direct linear solve; no iterative scheme,e9c3a2d32a8bc24f638b0cb6e8fb573a72334b5e577afad9ed2b0aab5d009381
TOTAL_FLUX,TIKHONOV_TEMPORAL,300.0,validation_in_class,512,5,0.44536924362182617,731.18359375,1,direct linear solve; no iterative scheme,e9c3a2d32a8bc24f638b0cb6e8fb573a72334b5e577afad9ed2b0aab5d009381
TOTAL_FLUX,TIKHONOV_TEMPORAL,300.0,validation_off_grid,320,5,0.28426408767700195,731.18359375,1,direct linear solve; no iterative scheme,e9c3a2d32a8bc24f638b0cb6e8fb573a72334b5e577afad9ed2b0aab5d009381
TOTAL_FLUX,TIKHONOV_TEMPORAL,300.0,validation_ood,256,5,0.4820892810821533,731.18359375,1,direct linear solve; no iterative scheme,e9c3a2d32a8bc24f638b0cb6e8fb573a72334b5e577afad9ed2b0aab5d009381
TOTAL_FLUX,WIENER_GAUSSIAN,300.0,validation_in_class,512,5,0.4742152690887451,731.18359375,1,direct linear solve; no iterative scheme,e9c3a2d32a8bc24f638b0cb6e8fb573a72334b5e577afad9ed2b0aab5d009381
TOTAL_FLUX,WIENER_GAUSSIAN,300.0,validation_off_grid,320,5,0.30252790451049805,731.18359375,1,direct linear solve; no iterative scheme,e9c3a2d32a8bc24f638b0cb6e8fb573a72334b5e577afad9ed2b0aab5d009381
TOTAL_FLUX,WIENER_GAUSSIAN,300.0,validation_ood,256,5,0.24690890312194824,731.30859375,1,direct linear solve; no iterative scheme,e9c3a2d32a8bc24f638b0cb6e8fb573a72334b5e577afad9ed2b0aab5d009381
TOTAL_FLUX,LINEAR_STATE_SPACE,300.0,validation_in_class,512,5,0.43552303314208984,731.30859375,1,direct linear solve; no iterative scheme,e9c3a2d32a8bc24f638b0cb6e8fb573a72334b5e577afad9ed2b0aab5d009381
TOTAL_FLUX,LINEAR_STATE_SPACE,300.0,validation_off_grid,320,5,0.31405019760131836,731.30859375,1,direct linear solve; no iterative scheme,e9c3a2d32a8bc24f638b0cb6e8fb573a72334b5e577afad9ed2b0aab5d009381
TOTAL_FLUX,LINEAR_STATE_SPACE,300.0,validation_ood,256,5,0.2685818672180176,731.30859375,1,direct linear solve; no iterative scheme,e9c3a2d32a8bc24f638b0cb6e8fb573a72334b5e577afad9ed2b0aab5d009381
TOTAL_FLUX,TSVD,1000.0,validation_in_class,512,5,0.42362260818481445,731.30859375,1,direct linear solve; no iterative scheme,e9c3a2d32a8bc24f638b0cb6e8fb573a72334b5e577afad9ed2b0aab5d009381
TOTAL_FLUX,TSVD,1000.0,validation_off_grid,320,5,0.27002596855163574,731.30859375,1,direct linear solve; no iterative scheme,e9c3a2d32a8bc24f638b0cb6e8fb573a72334b5e577afad9ed2b0aab5d009381
TOTAL_FLUX,TSVD,1000.0,validation_ood,256,5,0.22990679740905762,731.30859375,1,direct linear solve; no iterative scheme,e9c3a2d32a8bc24f638b0cb6e8fb573a72334b5e577afad9ed2b0aab5d009381
TOTAL_FLUX,RIDGE_IDENTITY,1000.0,validation_in_class,512,5,0.4445028305053711,731.43359375,1,direct linear solve; no iterative scheme,e9c3a2d32a8bc24f638b0cb6e8fb573a72334b5e577afad9ed2b0aab5d009381
TOTAL_FLUX,RIDGE_IDENTITY,1000.0,validation_off_grid,320,5,0.2743222713470459,731.43359375,1,direct linear solve; no iterative scheme,e9c3a2d32a8bc24f638b0cb6e8fb573a72334b5e577afad9ed2b0aab5d009381
TOTAL_FLUX,RIDGE_IDENTITY,1000.0,validation_ood,256,5,0.22604584693908691,731.43359375,1,direct linear solve; no iterative scheme,e9c3a2d32a8bc24f638b0cb6e8fb573a72334b5e577afad9ed2b0aab5d009381
TOTAL_FLUX,TIKHONOV_TEMPORAL,1000.0,validation_in_class,512,5,0.4145629405975342,731.43359375,1,direct linear solve; no iterative scheme,e9c3a2d32a8bc24f638b0cb6e8fb573a72334b5e577afad9ed2b0aab5d009381
TOTAL_FLUX,TIKHONOV_TEMPORAL,1000.0,validation_off_grid,320,5,0.28075671195983887,731.43359375,1,direct linear solve; no iterative scheme,e9c3a2d32a8bc24f638b0cb6e8fb573a72334b5e577afad9ed2b0aab5d009381
TOTAL_FLUX,TIKHONOV_TEMPORAL,1000.0,validation_ood,256,5,0.23241901397705078,731.43359375,1,direct linear solve; no iterative scheme,e9c3a2d32a8bc24f638b0cb6e8fb573a72334b5e577afad9ed2b0aab5d009381
TOTAL_FLUX,WIENER_GAUSSIAN,1000.0,validation_in_class,512,5,0.42180299758911133,731.43359375,1,direct linear solve; no iterative scheme,e9c3a2d32a8bc24f638b0cb6e8fb573a72334b5e577afad9ed2b0aab5d009381
TOTAL_FLUX,WIENER_GAUSSIAN,1000.0,validation_off_grid,320,5,0.2928750514984131,731.55859375,1,direct linear solve; no iterative scheme,e9c3a2d32a8bc24f638b0cb6e8fb573a72334b5e577afad9ed2b0aab5d009381
TOTAL_FLUX,WIENER_GAUSSIAN,1000.0,validation_ood,256,5,0.2441573143005371,731.55859375,1,direct linear solve; no iterative scheme,e9c3a2d32a8bc24f638b0cb6e8fb573a72334b5e577afad9ed2b0aab5d009381
TOTAL_FLUX,LINEAR_STATE_SPACE,1000.0,validation_in_class,512,5,0.41353726387023926,731.55859375,1,direct linear solve; no iterative scheme,e9c3a2d32a8bc24f638b0cb6e8fb573a72334b5e577afad9ed2b0aab5d009381
TOTAL_FLUX,LINEAR_STATE_SPACE,1000.0,validation_off_grid,320,5,0.2687649726867676,731.55859375,1,direct linear solve; no iterative scheme,e9c3a2d32a8bc24f638b0cb6e8fb573a72334b5e577afad9ed2b0aab5d009381
TOTAL_FLUX,LINEAR_STATE_SPACE,1000.0,validation_ood,256,5,0.23787617683410645,731.55859375,1,direct linear solve; no iterative scheme,e9c3a2d32a8bc24f638b0cb6e8fb573a72334b5e577afad9ed2b0aab5d009381
TOTAL_FLUX,TSVD,3000.0,validation_in_class,512,5,0.5723905563354492,731.55859375,1,direct linear solve; no iterative scheme,e9c3a2d32a8bc24f638b0cb6e8fb573a72334b5e577afad9ed2b0aab5d009381
TOTAL_FLUX,TSVD,3000.0,validation_off_grid,320,5,0.2864522933959961,731.55859375,1,direct linear solve; no iterative scheme,e9c3a2d32a8bc24f638b0cb6e8fb573a72334b5e577afad9ed2b0aab5d009381
TOTAL_FLUX,TSVD,3000.0,validation_ood,256,5,0.2825205326080322,731.55859375,1,direct linear solve; no iterative scheme,e9c3a2d32a8bc24f638b0cb6e8fb573a72334b5e577afad9ed2b0aab5d009381
TOTAL_FLUX,RIDGE_IDENTITY,3000.0,validation_in_class,512,5,0.42138123512268066,731.68359375,1,direct linear solve; no iterative scheme,e9c3a2d32a8bc24f638b0cb6e8fb573a72334b5e577afad9ed2b0aab5d009381
TOTAL_FLUX,RIDGE_IDENTITY,3000.0,validation_off_grid,320,5,0.2591242790222168,731.68359375,1,direct linear solve; no iterative scheme,e9c3a2d32a8bc24f638b0cb6e8fb573a72334b5e577afad9ed2b0aab5d009381
TOTAL_FLUX,RIDGE_IDENTITY,3000.0,validation_ood,256,5,0.20940828323364258,731.68359375,1,direct linear solve; no iterative scheme,e9c3a2d32a8bc24f638b0cb6e8fb573a72334b5e577afad9ed2b0aab5d009381
TOTAL_FLUX,TIKHONOV_TEMPORAL,3000.0,validation_in_class,512,5,0.4042181968688965,731.68359375,1,direct linear solve; no iterative scheme,e9c3a2d32a8bc24f638b0cb6e8fb573a72334b5e577afad9ed2b0aab5d009381
TOTAL_FLUX,TIKHONOV_TEMPORAL,3000.0,validation_off_grid,320,5,0.2911550998687744,731.68359375,1,direct linear solve; no iterative scheme,e9c3a2d32a8bc24f638b0cb6e8fb573a72334b5e577afad9ed2b0aab5d009381
TOTAL_FLUX,TIKHONOV_TEMPORAL,3000.0,validation_ood,256,5,0.2371358871459961,731.68359375,1,direct linear solve; no iterative scheme,e9c3a2d32a8bc24f638b0cb6e8fb573a72334b5e577afad9ed2b0aab5d009381
TOTAL_FLUX,WIENER_GAUSSIAN,3000.0,validation_in_class,512,5,0.49298906326293945,731.68359375,1,direct linear solve; no iterative scheme,e9c3a2d32a8bc24f638b0cb6e8fb573a72334b5e577afad9ed2b0aab5d009381
TOTAL_FLUX,WIENER_GAUSSIAN,3000.0,validation_off_grid,320,5,0.31305861473083496,731.80859375,1,direct linear solve; no iterative scheme,e9c3a2d32a8bc24f638b0cb6e8fb573a72334b5e577afad9ed2b0aab5d009381
TOTAL_FLUX,WIENER_GAUSSIAN,3000.0,validation_ood,256,5,0.23095130920410156,731.80859375,1,direct linear solve; no iterative scheme,e9c3a2d32a8bc24f638b0cb6e8fb573a72334b5e577afad9ed2b0aab5d009381
TOTAL_FLUX,LINEAR_STATE_SPACE,3000.0,validation_in_class,512,5,0.43620777130126953,731.80859375,1,direct linear solve; no iterative scheme,e9c3a2d32a8bc24f638b0cb6e8fb573a72334b5e577afad9ed2b0aab5d009381
TOTAL_FLUX,LINEAR_STATE_SPACE,3000.0,validation_off_grid,320,5,0.27581286430358887,731.80859375,1,direct linear solve; no iterative scheme,e9c3a2d32a8bc24f638b0cb6e8fb573a72334b5e577afad9ed2b0aab5d009381
TOTAL_FLUX,LINEAR_STATE_SPACE,3000.0,validation_ood,256,5,0.2701129913330078,731.80859375,1,direct linear solve; no iterative scheme,e9c3a2d32a8bc24f638b0cb6e8fb573a72334b5e577afad9ed2b0aab5d009381
TOTAL_FLUX,TSVD,10000.0,validation_in_class,512,5,0.3944714069366455,731.80859375,1,direct linear solve; no iterative scheme,e9c3a2d32a8bc24f638b0cb6e8fb573a72334b5e577afad9ed2b0aab5d009381
TOTAL_FLUX,TSVD,10000.0,validation_off_grid,320,5,0.24866819381713867,731.80859375,1,direct linear solve; no iterative scheme,e9c3a2d32a8bc24f638b0cb6e8fb573a72334b5e577afad9ed2b0aab5d009381
TOTAL_FLUX,TSVD,10000.0,validation_ood,256,5,0.2506892681121826,731.93359375,1,direct linear solve; no iterative scheme,e9c3a2d32a8bc24f638b0cb6e8fb573a72334b5e577afad9ed2b0aab5d009381
TOTAL_FLUX,RIDGE_IDENTITY,10000.0,validation_in_class,512,5,0.3975818157196045,731.93359375,1,direct linear solve; no iterative scheme,e9c3a2d32a8bc24f638b0cb6e8fb573a72334b5e577afad9ed2b0aab5d009381
TOTAL_FLUX,RIDGE_IDENTITY,10000.0,validation_off_grid,320,5,0.26955270767211914,731.93359375,1,direct linear solve; no iterative scheme,e9c3a2d32a8bc24f638b0cb6e8fb573a72334b5e577afad9ed2b0aab5d009381
TOTAL_FLUX,RIDGE_IDENTITY,10000.0,validation_ood,256,5,0.2300271987915039,731.93359375,1,direct linear solve; no iterative scheme,e9c3a2d32a8bc24f638b0cb6e8fb573a72334b5e577afad9ed2b0aab5d009381
TOTAL_FLUX,TIKHONOV_TEMPORAL,10000.0,validation_in_class,512,5,0.40711450576782227,731.93359375,1,direct linear solve; no iterative scheme,e9c3a2d32a8bc24f638b0cb6e8fb573a72334b5e577afad9ed2b0aab5d009381
TOTAL_FLUX,TIKHONOV_TEMPORAL,10000.0,validation_off_grid,320,5,0.26271605491638184,731.93359375,1,direct linear solve; no iterative scheme,e9c3a2d32a8bc24f638b0cb6e8fb573a72334b5e577afad9ed2b0aab5d009381
TOTAL_FLUX,TIKHONOV_TEMPORAL,10000.0,validation_ood,256,5,0.21345758438110352,732.05859375,1,direct linear solve; no iterative scheme,e9c3a2d32a8bc24f638b0cb6e8fb573a72334b5e577afad9ed2b0aab5d009381
TOTAL_FLUX,WIENER_GAUSSIAN,10000.0,validation_in_class,512,5,0.41219615936279297,732.05859375,1,direct linear solve; no iterative scheme,e9c3a2d32a8bc24f638b0cb6e8fb573a72334b5e577afad9ed2b0aab5d009381
TOTAL_FLUX,WIENER_GAUSSIAN,10000.0,validation_off_grid,320,5,0.38086485862731934,732.05859375,1,direct linear solve; no iterative scheme,e9c3a2d32a8bc24f638b0cb6e8fb573a72334b5e577afad9ed2b0aab5d009381
TOTAL_FLUX,WIENER_GAUSSIAN,10000.0,validation_ood,256,5,0.26673150062561035,732.05859375,1,direct linear solve; no iterative scheme,e9c3a2d32a8bc24f638b0cb6e8fb573a72334b5e577afad9ed2b0aab5d009381
TOTAL_FLUX,LINEAR_STATE_SPACE,10000.0,validation_in_class,512,5,0.41027379035949707,732.05859375,1,direct linear solve; no iterative scheme,e9c3a2d32a8bc24f638b0cb6e8fb573a72334b5e577afad9ed2b0aab5d009381
TOTAL_FLUX,LINEAR_STATE_SPACE,10000.0,validation_off_grid,320,5,0.29454565048217773,732.05859375,1,direct linear solve; no iterative scheme,e9c3a2d32a8bc24f638b0cb6e8fb573a72334b5e577afad9ed2b0aab5d009381
TOTAL_FLUX,LINEAR_STATE_SPACE,10000.0,validation_ood,256,5,0.23976826667785645,732.05859375,1,direct linear solve; no iterative scheme,e9c3a2d32a8bc24f638b0cb6e8fb573a72334b5e577afad9ed2b0aab5d009381
TOTAL_FLUX,TSVD,30000.0,validation_in_class,512,5,0.3811330795288086,732.18359375,1,direct linear solve; no iterative scheme,e9c3a2d32a8bc24f638b0cb6e8fb573a72334b5e577afad9ed2b0aab5d009381
TOTAL_FLUX,TSVD,30000.0,validation_off_grid,320,5,0.2539632320404053,732.18359375,1,direct linear solve; no iterative scheme,e9c3a2d32a8bc24f638b0cb6e8fb573a72334b5e577afad9ed2b0aab5d009381
TOTAL_FLUX,TSVD,30000.0,validation_ood,256,5,0.20163607597351074,732.18359375,1,direct linear solve; no iterative scheme,e9c3a2d32a8bc24f638b0cb6e8fb573a72334b5e577afad9ed2b0aab5d009381
TOTAL_FLUX,RIDGE_IDENTITY,30000.0,validation_in_class,512,5,0.386721134185791,732.18359375,1,direct linear solve; no iterative scheme,e9c3a2d32a8bc24f638b0cb6e8fb573a72334b5e577afad9ed2b0aab5d009381
TOTAL_FLUX,RIDGE_IDENTITY,30000.0,validation_off_grid,320,5,0.2590479850769043,732.18359375,1,direct linear solve; no iterative scheme,e9c3a2d32a8bc24f638b0cb6e8fb573a72334b5e577afad9ed2b0aab5d009381
TOTAL_FLUX,RIDGE_IDENTITY,30000.0,validation_ood,256,5,0.21482276916503906,732.18359375,1,direct linear solve; no iterative scheme,e9c3a2d32a8bc24f638b0cb6e8fb573a72334b5e577afad9ed2b0aab5d009381
TOTAL_FLUX,TIKHONOV_TEMPORAL,30000.0,validation_in_class,512,5,0.4301564693450928,732.30859375,1,direct linear solve; no iterative scheme,e9c3a2d32a8bc24f638b0cb6e8fb573a72334b5e577afad9ed2b0aab5d009381
TOTAL_FLUX,TIKHONOV_TEMPORAL,30000.0,validation_off_grid,320,5,0.2587850093841553,732.30859375,1,direct linear solve; no iterative scheme,e9c3a2d32a8bc24f638b0cb6e8fb573a72334b5e577afad9ed2b0aab5d009381
TOTAL_FLUX,TIKHONOV_TEMPORAL,30000.0,validation_ood,256,5,0.21748757362365723,732.30859375,1,direct linear solve; no iterative scheme,e9c3a2d32a8bc24f638b0cb6e8fb573a72334b5e577afad9ed2b0aab5d009381
TOTAL_FLUX,WIENER_GAUSSIAN,30000.0,validation_in_class,512,5,0.45313072204589844,733.18359375,1,direct linear solve; no iterative scheme,e9c3a2d32a8bc24f638b0cb6e8fb573a72334b5e577afad9ed2b0aab5d009381
TOTAL_FLUX,WIENER_GAUSSIAN,30000.0,validation_off_grid,320,5,0.27942895889282227,733.18359375,1,direct linear solve; no iterative scheme,e9c3a2d32a8bc24f638b0cb6e8fb573a72334b5e577afad9ed2b0aab5d009381
TOTAL_FLUX,WIENER_GAUSSIAN,30000.0,validation_ood,256,5,0.22461748123168945,733.18359375,1,direct linear solve; no iterative scheme,e9c3a2d32a8bc24f638b0cb6e8fb573a72334b5e577afad9ed2b0aab5d009381
TOTAL_FLUX,LINEAR_STATE_SPACE,30000.0,validation_in_class,512,5,0.4264254570007324,733.18359375,1,direct linear solve; no iterative scheme,e9c3a2d32a8bc24f638b0cb6e8fb573a72334b5e577afad9ed2b0aab5d009381
TOTAL_FLUX,LINEAR_STATE_SPACE,30000.0,validation_off_grid,320,5,0.2929103374481201,733.30859375,1,direct linear solve; no iterative scheme,e9c3a2d32a8bc24f638b0cb6e8fb573a72334b5e577afad9ed2b0aab5d009381
TOTAL_FLUX,LINEAR_STATE_SPACE,30000.0,validation_ood,256,5,0.23121404647827148,733.30859375,1,direct linear solve; no iterative scheme,e9c3a2d32a8bc24f638b0cb6e8fb573a72334b5e577afad9ed2b0aab5d009381
TOTAL_FLUX,TSVD,100000.0,validation_in_class,512,5,0.434053897857666,733.30859375,1,direct linear solve; no iterative scheme,e9c3a2d32a8bc24f638b0cb6e8fb573a72334b5e577afad9ed2b0aab5d009381
TOTAL_FLUX,TSVD,100000.0,validation_off_grid,320,5,0.34012603759765625,733.30859375,1,direct linear solve; no iterative scheme,e9c3a2d32a8bc24f638b0cb6e8fb573a72334b5e577afad9ed2b0aab5d009381
TOTAL_FLUX,TSVD,100000.0,validation_ood,256,5,0.22532987594604492,733.30859375,1,direct linear solve; no iterative scheme,e9c3a2d32a8bc24f638b0cb6e8fb573a72334b5e577afad9ed2b0aab5d009381
TOTAL_FLUX,RIDGE_IDENTITY,100000.0,validation_in_class,512,5,0.44593358039855957,733.30859375,1,direct linear solve; no iterative scheme,e9c3a2d32a8bc24f638b0cb6e8fb573a72334b5e577afad9ed2b0aab5d009381
TOTAL_FLUX,RIDGE_IDENTITY,100000.0,validation_off_grid,320,5,0.6615560054779053,733.43359375,1,direct linear solve; no iterative scheme,e9c3a2d32a8bc24f638b0cb6e8fb573a72334b5e577afad9ed2b0aab5d009381
TOTAL_FLUX,RIDGE_IDENTITY,100000.0,validation_ood,256,5,0.22432327270507812,733.43359375,1,direct linear solve; no iterative scheme,e9c3a2d32a8bc24f638b0cb6e8fb573a72334b5e577afad9ed2b0aab5d009381
TOTAL_FLUX,TIKHONOV_TEMPORAL,100000.0,validation_in_class,512,5,0.43732428550720215,733.43359375,1,direct linear solve; no iterative scheme,e9c3a2d32a8bc24f638b0cb6e8fb573a72334b5e577afad9ed2b0aab5d009381
TOTAL_FLUX,TIKHONOV_TEMPORAL,100000.0,validation_off_grid,320,5,0.27673959732055664,733.43359375,1,direct linear solve; no iterative scheme,e9c3a2d32a8bc24f638b0cb6e8fb573a72334b5e577afad9ed2b0aab5d009381
TOTAL_FLUX,TIKHONOV_TEMPORAL,100000.0,validation_ood,256,5,0.24516677856445312,733.43359375,1,direct linear solve; no iterative scheme,e9c3a2d32a8bc24f638b0cb6e8fb573a72334b5e577afad9ed2b0aab5d009381
TOTAL_FLUX,WIENER_GAUSSIAN,100000.0,validation_in_class,512,5,0.44248127937316895,734.30859375,1,direct linear solve; no iterative scheme,e9c3a2d32a8bc24f638b0cb6e8fb573a72334b5e577afad9ed2b0aab5d009381
TOTAL_FLUX,WIENER_GAUSSIAN,100000.0,validation_off_grid,320,5,0.2921912670135498,734.30859375,1,direct linear solve; no iterative scheme,e9c3a2d32a8bc24f638b0cb6e8fb573a72334b5e577afad9ed2b0aab5d009381
TOTAL_FLUX,WIENER_GAUSSIAN,100000.0,validation_ood,256,5,0.24790024757385254,734.43359375,1,direct linear solve; no iterative scheme,e9c3a2d32a8bc24f638b0cb6e8fb573a72334b5e577afad9ed2b0aab5d009381
TOTAL_FLUX,LINEAR_STATE_SPACE,100000.0,validation_in_class,512,5,0.4585855007171631,734.43359375,1,direct linear solve; no iterative scheme,e9c3a2d32a8bc24f638b0cb6e8fb573a72334b5e577afad9ed2b0aab5d009381
TOTAL_FLUX,LINEAR_STATE_SPACE,100000.0,validation_off_grid,320,5,0.2830538749694824,734.43359375,1,direct linear solve; no iterative scheme,e9c3a2d32a8bc24f638b0cb6e8fb573a72334b5e577afad9ed2b0aab5d009381
TOTAL_FLUX,LINEAR_STATE_SPACE,100000.0,validation_ood,256,5,0.22700977325439453,734.43359375,1,direct linear solve; no iterative scheme,e9c3a2d32a8bc24f638b0cb6e8fb573a72334b5e577afad9ed2b0aab5d009381
TOTAL_FLUX,TSVD,1000000.0,validation_in_class,512,5,0.6713080406188965,734.55859375,1,direct linear solve; no iterative scheme,e9c3a2d32a8bc24f638b0cb6e8fb573a72334b5e577afad9ed2b0aab5d009381
TOTAL_FLUX,TSVD,1000000.0,validation_off_grid,320,5,0.25492429733276367,734.55859375,1,direct linear solve; no iterative scheme,e9c3a2d32a8bc24f638b0cb6e8fb573a72334b5e577afad9ed2b0aab5d009381
TOTAL_FLUX,TSVD,1000000.0,validation_ood,256,5,0.22934794425964355,734.55859375,1,direct linear solve; no iterative scheme,e9c3a2d32a8bc24f638b0cb6e8fb573a72334b5e577afad9ed2b0aab5d009381
TOTAL_FLUX,RIDGE_IDENTITY,1000000.0,validation_in_class,512,5,0.4276297092437744,734.55859375,1,direct linear solve; no iterative scheme,e9c3a2d32a8bc24f638b0cb6e8fb573a72334b5e577afad9ed2b0aab5d009381
TOTAL_FLUX,RIDGE_IDENTITY,1000000.0,validation_off_grid,320,5,0.26291394233703613,734.55859375,1,direct linear solve; no iterative scheme,e9c3a2d32a8bc24f638b0cb6e8fb573a72334b5e577afad9ed2b0aab5d009381
TOTAL_FLUX,RIDGE_IDENTITY,1000000.0,validation_ood,256,5,0.3668036460876465,734.55859375,1,direct linear solve; no iterative scheme,e9c3a2d32a8bc24f638b0cb6e8fb573a72334b5e577afad9ed2b0aab5d009381
TOTAL_FLUX,TIKHONOV_TEMPORAL,1000000.0,validation_in_class,512,5,0.40511512756347656,734.55859375,1,direct linear solve; no iterative scheme,e9c3a2d32a8bc24f638b0cb6e8fb573a72334b5e577afad9ed2b0aab5d009381
TOTAL_FLUX,TIKHONOV_TEMPORAL,1000000.0,validation_off_grid,320,5,0.2679002285003662,734.68359375,1,direct linear solve; no iterative scheme,e9c3a2d32a8bc24f638b0cb6e8fb573a72334b5e577afad9ed2b0aab5d009381
TOTAL_FLUX,TIKHONOV_TEMPORAL,1000000.0,validation_ood,256,5,0.2073824405670166,734.68359375,1,direct linear solve; no iterative scheme,e9c3a2d32a8bc24f638b0cb6e8fb573a72334b5e577afad9ed2b0aab5d009381
TOTAL_FLUX,WIENER_GAUSSIAN,1000000.0,validation_in_class,512,5,0.41393232345581055,734.68359375,1,direct linear solve; no iterative scheme,e9c3a2d32a8bc24f638b0cb6e8fb573a72334b5e577afad9ed2b0aab5d009381
TOTAL_FLUX,WIENER_GAUSSIAN,1000000.0,validation_off_grid,320,5,0.2680976390838623,734.68359375,1,direct linear solve; no iterative scheme,e9c3a2d32a8bc24f638b0cb6e8fb573a72334b5e577afad9ed2b0aab5d009381
TOTAL_FLUX,WIENER_GAUSSIAN,1000000.0,validation_ood,256,5,0.23463821411132812,734.68359375,1,direct linear solve; no iterative scheme,e9c3a2d32a8bc24f638b0cb6e8fb573a72334b5e577afad9ed2b0aab5d009381
TOTAL_FLUX,LINEAR_STATE_SPACE,1000000.0,validation_in_class,512,5,0.4217207431793213,734.68359375,1,direct linear solve; no iterative scheme,e9c3a2d32a8bc24f638b0cb6e8fb573a72334b5e577afad9ed2b0aab5d009381
TOTAL_FLUX,LINEAR_STATE_SPACE,1000000.0,validation_off_grid,320,5,0.27461934089660645,734.68359375,1,direct linear solve; no iterative scheme,e9c3a2d32a8bc24f638b0cb6e8fb573a72334b5e577afad9ed2b0aab5d009381
TOTAL_FLUX,LINEAR_STATE_SPACE,1000000.0,validation_ood,256,5,0.22491860389709473,734.80859375,1,direct linear solve; no iterative scheme,e9c3a2d32a8bc24f638b0cb6e8fb573a72334b5e577afad9ed2b0aab5d009381
