arm,snr0,regime,estimator,level,coverage,disposition,reason,freeze_sha256,n_truths,mean_mahalanobis_squared,expected_mahalanobis_squared,ratio,median_pvalue,clipped_directions,numerically_supported_directions
DIRECT_PHYSICAL,1.0,validation_in_class,TSVD,0.5,,NOT_APPLICABLE,point estimator with no posterior covariance,e9c3a2d32a8bc24f638b0cb6e8fb573a72334b5e577afad9ed2b0aab5d009381,,,,,,,
DIRECT_PHYSICAL,1.0,validation_in_class,TSVD,0.9,,NOT_APPLICABLE,point estimator with no posterior covariance,e9c3a2d32a8bc24f638b0cb6e8fb573a72334b5e577afad9ed2b0aab5d009381,,,,,,,
DIRECT_PHYSICAL,1.0,validation_in_class,TSVD,0.95,,NOT_APPLICABLE,point estimator with no posterior covariance,e9c3a2d32a8bc24f638b0cb6e8fb573a72334b5e577afad9ed2b0aab5d009381,,,,,,,
DIRECT_PHYSICAL,1.0,validation_off_grid,TSVD,0.5,,NOT_APPLICABLE,point estimator with no posterior covariance,e9c3a2d32a8bc24f638b0cb6e8fb573a72334b5e577afad9ed2b0aab5d009381,,,,,,,
DIRECT_PHYSICAL,1.0,validation_off_grid,TSVD,0.9,,NOT_APPLICABLE,point estimator with no posterior covariance,e9c3a2d32a8bc24f638b0cb6e8fb573a72334b5e577afad9ed2b0aab5d009381,,,,,,,
DIRECT_PHYSICAL,1.0,validation_off_grid,TSVD,0.95,,NOT_APPLICABLE,point estimator with no posterior covariance,e9c3a2d32a8bc24f638b0cb6e8fb573a72334b5e577afad9ed2b0aab5d009381,,,,,,,
DIRECT_PHYSICAL,1.0,validation_ood,TSVD,0.5,,NOT_APPLICABLE,point estimator with no posterior covariance,e9c3a2d32a8bc24f638b0cb6e8fb573a72334b5e577afad9ed2b0aab5d009381,,,,,,,
DIRECT_PHYSICAL,1.0,validation_ood,TSVD,0.9,,NOT_APPLICABLE,point estimator with no posterior covariance,e9c3a2d32a8bc24f638b0cb6e8fb573a72334b5e577afad9ed2b0aab5d009381,,,,,,,
DIRECT_PHYSICAL,1.0,validation_ood,TSVD,0.95,,NOT_APPLICABLE,point estimator with no posterior covariance,e9c3a2d32a8bc24f638b0cb6e8fb573a72334b5e577afad9ed2b0aab5d009381,,,,,,,
DIRECT_PHYSICAL,1.0,validation_in_class,RIDGE_IDENTITY,0.5,,NOT_APPLICABLE,point estimator with no posterior covariance,e9c3a2d32a8bc24f638b0cb6e8fb573a72334b5e577afad9ed2b0aab5d009381,,,,,,,
DIRECT_PHYSICAL,1.0,validation_in_class,RIDGE_IDENTITY,0.9,,NOT_APPLICABLE,point estimator with no posterior covariance,e9c3a2d32a8bc24f638b0cb6e8fb573a72334b5e577afad9ed2b0aab5d009381,,,,,,,
DIRECT_PHYSICAL,1.0,validation_in_class,RIDGE_IDENTITY,0.95,,NOT_APPLICABLE,point estimator with no posterior covariance,e9c3a2d32a8bc24f638b0cb6e8fb573a72334b5e577afad9ed2b0aab5d009381,,,,,,,
DIRECT_PHYSICAL,1.0,validation_off_grid,RIDGE_IDENTITY,0.5,,NOT_APPLICABLE,point estimator with no posterior covariance,e9c3a2d32a8bc24f638b0cb6e8fb573a72334b5e577afad9ed2b0aab5d009381,,,,,,,
DIRECT_PHYSICAL,1.0,validation_off_grid,RIDGE_IDENTITY,0.9,,NOT_APPLICABLE,point estimator with no posterior covariance,e9c3a2d32a8bc24f638b0cb6e8fb573a72334b5e577afad9ed2b0aab5d009381,,,,,,,
DIRECT_PHYSICAL,1.0,validation_off_grid,RIDGE_IDENTITY,0.95,,NOT_APPLICABLE,point estimator with no posterior covariance,e9c3a2d32a8bc24f638b0cb6e8fb573a72334b5e577afad9ed2b0aab5d009381,,,,,,,
DIRECT_PHYSICAL,1.0,validation_ood,RIDGE_IDENTITY,0.5,,NOT_APPLICABLE,point estimator with no posterior covariance,e9c3a2d32a8bc24f638b0cb6e8fb573a72334b5e577afad9ed2b0aab5d009381,,,,,,,
DIRECT_PHYSICAL,1.0,validation_ood,RIDGE_IDENTITY,0.9,,NOT_APPLICABLE,point estimator with no posterior covariance,e9c3a2d32a8bc24f638b0cb6e8fb573a72334b5e577afad9ed2b0aab5d009381,,,,,,,
DIRECT_PHYSICAL,1.0,validation_ood,RIDGE_IDENTITY,0.95,,NOT_APPLICABLE,point estimator with no posterior covariance,e9c3a2d32a8bc24f638b0cb6e8fb573a72334b5e577afad9ed2b0aab5d009381,,,,,,,
DIRECT_PHYSICAL,1.0,validation_in_class,TIKHONOV_TEMPORAL,0.5,,NOT_APPLICABLE,point estimator with no posterior covariance,e9c3a2d32a8bc24f638b0cb6e8fb573a72334b5e577afad9ed2b0aab5d009381,,,,,,,
DIRECT_PHYSICAL,1.0,validation_in_class,TIKHONOV_TEMPORAL,0.9,,NOT_APPLICABLE,point estimator with no posterior covariance,e9c3a2d32a8bc24f638b0cb6e8fb573a72334b5e577afad9ed2b0aab5d009381,,,,,,,
DIRECT_PHYSICAL,1.0,validation_in_class,TIKHONOV_TEMPORAL,0.95,,NOT_APPLICABLE,point estimator with no posterior covariance,e9c3a2d32a8bc24f638b0cb6e8fb573a72334b5e577afad9ed2b0aab5d009381,,,,,,,
DIRECT_PHYSICAL,1.0,validation_off_grid,TIKHONOV_TEMPORAL,0.5,,NOT_APPLICABLE,point estimator with no posterior covariance,e9c3a2d32a8bc24f638b0cb6e8fb573a72334b5e577afad9ed2b0aab5d009381,,,,,,,
DIRECT_PHYSICAL,1.0,validation_off_grid,TIKHONOV_TEMPORAL,0.9,,NOT_APPLICABLE,point estimator with no posterior covariance,e9c3a2d32a8bc24f638b0cb6e8fb573a72334b5e577afad9ed2b0aab5d009381,,,,,,,
DIRECT_PHYSICAL,1.0,validation_off_grid,TIKHONOV_TEMPORAL,0.95,,NOT_APPLICABLE,point estimator with no posterior covariance,e9c3a2d32a8bc24f638b0cb6e8fb573a72334b5e577afad9ed2b0aab5d009381,,,,,,,
DIRECT_PHYSICAL,1.0,validation_ood,TIKHONOV_TEMPORAL,0.5,,NOT_APPLICABLE,point estimator with no posterior covariance,e9c3a2d32a8bc24f638b0cb6e8fb573a72334b5e577afad9ed2b0aab5d009381,,,,,,,
DIRECT_PHYSICAL,1.0,validation_ood,TIKHONOV_TEMPORAL,0.9,,NOT_APPLICABLE,point estimator with no posterior covariance,e9c3a2d32a8bc24f638b0cb6e8fb573a72334b5e577afad9ed2b0aab5d009381,,,,,,,
DIRECT_PHYSICAL,1.0,validation_ood,TIKHONOV_TEMPORAL,0.95,,NOT_APPLICABLE,point estimator with no posterior covariance,e9c3a2d32a8bc24f638b0cb6e8fb573a72334b5e577afad9ed2b0aab5d009381,,,,,,,
DIRECT_PHYSICAL,1.0,validation_in_class,WIENER_GAUSSIAN,0.5,0.8541172572544643,SUPPORTED,,e9c3a2d32a8bc24f638b0cb6e8fb573a72334b5e577afad9ed2b0aab5d009381,512.0,,,,,,
DIRECT_PHYSICAL,1.0,validation_in_class,WIENER_GAUSSIAN,0.9,0.9631609235491071,SUPPORTED,,e9c3a2d32a8bc24f638b0cb6e8fb573a72334b5e577afad9ed2b0aab5d009381,512.0,,,,,,
DIRECT_PHYSICAL,1.0,validation_in_class,WIENER_GAUSSIAN,0.95,0.9725341796875,SUPPORTED,,e9c3a2d32a8bc24f638b0cb6e8fb573a72334b5e577afad9ed2b0aab5d009381,512.0,,,,,,
DIRECT_PHYSICAL,1.0,validation_in_class,WIENER_GAUSSIAN,,,SUPPORTED,joint chi-square calibration,e9c3a2d32a8bc24f638b0cb6e8fb573a72334b5e577afad9ed2b0aab5d009381,,131.06604819691182,224.0,0.5851162865933563,1.0,0.0,224.0
DIRECT_PHYSICAL,1.0,validation_off_grid,WIENER_GAUSSIAN,0.5,0.9045061383928571,SUPPORTED,,e9c3a2d32a8bc24f638b0cb6e8fb573a72334b5e577afad9ed2b0aab5d009381,320.0,,,,,,
DIRECT_PHYSICAL,1.0,validation_off_grid,WIENER_GAUSSIAN,0.9,0.98291015625,SUPPORTED,,e9c3a2d32a8bc24f638b0cb6e8fb573a72334b5e577afad9ed2b0aab5d009381,320.0,,,,,,
DIRECT_PHYSICAL,1.0,validation_off_grid,WIENER_GAUSSIAN,0.95,0.9873465401785714,SUPPORTED,,e9c3a2d32a8bc24f638b0cb6e8fb573a72334b5e577afad9ed2b0aab5d009381,320.0,,,,,,
DIRECT_PHYSICAL,1.0,validation_off_grid,WIENER_GAUSSIAN,,,SUPPORTED,joint chi-square calibration,e9c3a2d32a8bc24f638b0cb6e8fb573a72334b5e577afad9ed2b0aab5d009381,,116.67933017889004,224.0,0.5208898668700448,1.0,0.0,224.0
DIRECT_PHYSICAL,1.0,validation_ood,WIENER_GAUSSIAN,0.5,0.9107491629464286,SUPPORTED,,e9c3a2d32a8bc24f638b0cb6e8fb573a72334b5e577afad9ed2b0aab5d009381,256.0,,,,,,
DIRECT_PHYSICAL,1.0,validation_ood,WIENER_GAUSSIAN,0.9,0.9882289341517857,SUPPORTED,,e9c3a2d32a8bc24f638b0cb6e8fb573a72334b5e577afad9ed2b0aab5d009381,256.0,,,,,,
DIRECT_PHYSICAL,1.0,validation_ood,WIENER_GAUSSIAN,0.95,0.9920479910714286,SUPPORTED,,e9c3a2d32a8bc24f638b0cb6e8fb573a72334b5e577afad9ed2b0aab5d009381,256.0,,,,,,
DIRECT_PHYSICAL,1.0,validation_ood,WIENER_GAUSSIAN,,,SUPPORTED,joint chi-square calibration,e9c3a2d32a8bc24f638b0cb6e8fb573a72334b5e577afad9ed2b0aab5d009381,,70.31701620490867,224.0,0.31391525091477085,1.0,0.0,224.0
DIRECT_PHYSICAL,1.0,validation_in_class,LINEAR_STATE_SPACE,0.5,0.4756992885044643,SUPPORTED,,e9c3a2d32a8bc24f638b0cb6e8fb573a72334b5e577afad9ed2b0aab5d009381,512.0,,,,,,
DIRECT_PHYSICAL,1.0,validation_in_class,LINEAR_STATE_SPACE,0.9,0.8533848353794643,SUPPORTED,,e9c3a2d32a8bc24f638b0cb6e8fb573a72334b5e577afad9ed2b0aab5d009381,512.0,,,,,,
DIRECT_PHYSICAL,1.0,validation_in_class,LINEAR_STATE_SPACE,0.95,0.90484619140625,SUPPORTED,,e9c3a2d32a8bc24f638b0cb6e8fb573a72334b5e577afad9ed2b0aab5d009381,512.0,,,,,,
DIRECT_PHYSICAL,1.0,validation_in_class,LINEAR_STATE_SPACE,,,SUPPORTED,joint chi-square calibration,e9c3a2d32a8bc24f638b0cb6e8fb573a72334b5e577afad9ed2b0aab5d009381,,844.9335384358465,224.0,3.772024725160029,3.0462796559049457e-56,0.0,224.0
DIRECT_PHYSICAL,1.0,validation_off_grid,LINEAR_STATE_SPACE,0.5,0.4894810267857143,SUPPORTED,,e9c3a2d32a8bc24f638b0cb6e8fb573a72334b5e577afad9ed2b0aab5d009381,320.0,,,,,,
DIRECT_PHYSICAL,1.0,validation_off_grid,LINEAR_STATE_SPACE,0.9,0.8583147321428571,SUPPORTED,,e9c3a2d32a8bc24f638b0cb6e8fb573a72334b5e577afad9ed2b0aab5d009381,320.0,,,,,,
DIRECT_PHYSICAL,1.0,validation_off_grid,LINEAR_STATE_SPACE,0.95,0.9107561383928572,SUPPORTED,,e9c3a2d32a8bc24f638b0cb6e8fb573a72334b5e577afad9ed2b0aab5d009381,320.0,,,,,,
DIRECT_PHYSICAL,1.0,validation_off_grid,LINEAR_STATE_SPACE,,,SUPPORTED,joint chi-square calibration,e9c3a2d32a8bc24f638b0cb6e8fb573a72334b5e577afad9ed2b0aab5d009381,,451.23257317728894,224.0,2.0144311302557543,6.303476541409233e-10,0.0,224.0
DIRECT_PHYSICAL,1.0,validation_ood,LINEAR_STATE_SPACE,0.5,0.4918736049107143,SUPPORTED,,e9c3a2d32a8bc24f638b0cb6e8fb573a72334b5e577afad9ed2b0aab5d009381,256.0,,,,,,
DIRECT_PHYSICAL,1.0,validation_ood,LINEAR_STATE_SPACE,0.9,0.863037109375,SUPPORTED,,e9c3a2d32a8bc24f638b0cb6e8fb573a72334b5e577afad9ed2b0aab5d009381,256.0,,,,,,
DIRECT_PHYSICAL,1.0,validation_ood,LINEAR_STATE_SPACE,0.95,0.9139753069196429,SUPPORTED,,e9c3a2d32a8bc24f638b0cb6e8fb573a72334b5e577afad9ed2b0aab5d009381,256.0,,,,,,
DIRECT_PHYSICAL,1.0,validation_ood,LINEAR_STATE_SPACE,,,SUPPORTED,joint chi-square calibration,e9c3a2d32a8bc24f638b0cb6e8fb573a72334b5e577afad9ed2b0aab5d009381,,385.9377029248633,224.0,1.722936173771711,5.021473682186978e-10,0.0,224.0
DIRECT_PHYSICAL,3.0,validation_in_class,TSVD,0.5,,NOT_APPLICABLE,point estimator with no posterior covariance,e9c3a2d32a8bc24f638b0cb6e8fb573a72334b5e577afad9ed2b0aab5d009381,,,,,,,
DIRECT_PHYSICAL,3.0,validation_in_class,TSVD,0.9,,NOT_APPLICABLE,point estimator with no posterior covariance,e9c3a2d32a8bc24f638b0cb6e8fb573a72334b5e577afad9ed2b0aab5d009381,,,,,,,
DIRECT_PHYSICAL,3.0,validation_in_class,TSVD,0.95,,NOT_APPLICABLE,point estimator with no posterior covariance,e9c3a2d32a8bc24f638b0cb6e8fb573a72334b5e577afad9ed2b0aab5d009381,,,,,,,
DIRECT_PHYSICAL,3.0,validation_off_grid,TSVD,0.5,,NOT_APPLICABLE,point estimator with no posterior covariance,e9c3a2d32a8bc24f638b0cb6e8fb573a72334b5e577afad9ed2b0aab5d009381,,,,,,,
DIRECT_PHYSICAL,3.0,validation_off_grid,TSVD,0.9,,NOT_APPLICABLE,point estimator with no posterior covariance,e9c3a2d32a8bc24f638b0cb6e8fb573a72334b5e577afad9ed2b0aab5d009381,,,,,,,
DIRECT_PHYSICAL,3.0,validation_off_grid,TSVD,0.95,,NOT_APPLICABLE,point estimator with no posterior covariance,e9c3a2d32a8bc24f638b0cb6e8fb573a72334b5e577afad9ed2b0aab5d009381,,,,,,,
DIRECT_PHYSICAL,3.0,validation_ood,TSVD,0.5,,NOT_APPLICABLE,point estimator with no posterior covariance,e9c3a2d32a8bc24f638b0cb6e8fb573a72334b5e577afad9ed2b0aab5d009381,,,,,,,
DIRECT_PHYSICAL,3.0,validation_ood,TSVD,0.9,,NOT_APPLICABLE,point estimator with no posterior covariance,e9c3a2d32a8bc24f638b0cb6e8fb573a72334b5e577afad9ed2b0aab5d009381,,,,,,,
DIRECT_PHYSICAL,3.0,validation_ood,TSVD,0.95,,NOT_APPLICABLE,point estimator with no posterior covariance,e9c3a2d32a8bc24f638b0cb6e8fb573a72334b5e577afad9ed2b0aab5d009381,,,,,,,
DIRECT_PHYSICAL,3.0,validation_in_class,RIDGE_IDENTITY,0.5,,NOT_APPLICABLE,point estimator with no posterior covariance,e9c3a2d32a8bc24f638b0cb6e8fb573a72334b5e577afad9ed2b0aab5d009381,,,,,,,
DIRECT_PHYSICAL,3.0,validation_in_class,RIDGE_IDENTITY,0.9,,NOT_APPLICABLE,point estimator with no posterior covariance,e9c3a2d32a8bc24f638b0cb6e8fb573a72334b5e577afad9ed2b0aab5d009381,,,,,,,
DIRECT_PHYSICAL,3.0,validation_in_class,RIDGE_IDENTITY,0.95,,NOT_APPLICABLE,point estimator with no posterior covariance,e9c3a2d32a8bc24f638b0cb6e8fb573a72334b5e577afad9ed2b0aab5d009381,,,,,,,
DIRECT_PHYSICAL,3.0,validation_off_grid,RIDGE_IDENTITY,0.5,,NOT_APPLICABLE,point estimator with no posterior covariance,e9c3a2d32a8bc24f638b0cb6e8fb573a72334b5e577afad9ed2b0aab5d009381,,,,,,,
DIRECT_PHYSICAL,3.0,validation_off_grid,RIDGE_IDENTITY,0.9,,NOT_APPLICABLE,point estimator with no posterior covariance,e9c3a2d32a8bc24f638b0cb6e8fb573a72334b5e577afad9ed2b0aab5d009381,,,,,,,
DIRECT_PHYSICAL,3.0,validation_off_grid,RIDGE_IDENTITY,0.95,,NOT_APPLICABLE,point estimator with no posterior covariance,e9c3a2d32a8bc24f638b0cb6e8fb573a72334b5e577afad9ed2b0aab5d009381,,,,,,,
DIRECT_PHYSICAL,3.0,validation_ood,RIDGE_IDENTITY,0.5,,NOT_APPLICABLE,point estimator with no posterior covariance,e9c3a2d32a8bc24f638b0cb6e8fb573a72334b5e577afad9ed2b0aab5d009381,,,,,,,
DIRECT_PHYSICAL,3.0,validation_ood,RIDGE_IDENTITY,0.9,,NOT_APPLICABLE,point estimator with no posterior covariance,e9c3a2d32a8bc24f638b0cb6e8fb573a72334b5e577afad9ed2b0aab5d009381,,,,,,,
DIRECT_PHYSICAL,3.0,validation_ood,RIDGE_IDENTITY,0.95,,NOT_APPLICABLE,point estimator with no posterior covariance,e9c3a2d32a8bc24f638b0cb6e8fb573a72334b5e577afad9ed2b0aab5d009381,,,,,,,
DIRECT_PHYSICAL,3.0,validation_in_class,TIKHONOV_TEMPORAL,0.5,,NOT_APPLICABLE,point estimator with no posterior covariance,e9c3a2d32a8bc24f638b0cb6e8fb573a72334b5e577afad9ed2b0aab5d009381,,,,,,,
DIRECT_PHYSICAL,3.0,validation_in_class,TIKHONOV_TEMPORAL,0.9,,NOT_APPLICABLE,point estimator with no posterior covariance,e9c3a2d32a8bc24f638b0cb6e8fb573a72334b5e577afad9ed2b0aab5d009381,,,,,,,
DIRECT_PHYSICAL,3.0,validation_in_class,TIKHONOV_TEMPORAL,0.95,,NOT_APPLICABLE,point estimator with no posterior covariance,e9c3a2d32a8bc24f638b0cb6e8fb573a72334b5e577afad9ed2b0aab5d009381,,,,,,,
DIRECT_PHYSICAL,3.0,validation_off_grid,TIKHONOV_TEMPORAL,0.5,,NOT_APPLICABLE,point estimator with no posterior covariance,e9c3a2d32a8bc24f638b0cb6e8fb573a72334b5e577afad9ed2b0aab5d009381,,,,,,,
DIRECT_PHYSICAL,3.0,validation_off_grid,TIKHONOV_TEMPORAL,0.9,,NOT_APPLICABLE,point estimator with no posterior covariance,e9c3a2d32a8bc24f638b0cb6e8fb573a72334b5e577afad9ed2b0aab5d009381,,,,,,,
DIRECT_PHYSICAL,3.0,validation_off_grid,TIKHONOV_TEMPORAL,0.95,,NOT_APPLICABLE,point estimator with no posterior covariance,e9c3a2d32a8bc24f638b0cb6e8fb573a72334b5e577afad9ed2b0aab5d009381,,,,,,,
DIRECT_PHYSICAL,3.0,validation_ood,TIKHONOV_TEMPORAL,0.5,,NOT_APPLICABLE,point estimator with no posterior covariance,e9c3a2d32a8bc24f638b0cb6e8fb573a72334b5e577afad9ed2b0aab5d009381,,,,,,,
DIRECT_PHYSICAL,3.0,validation_ood,TIKHONOV_TEMPORAL,0.9,,NOT_APPLICABLE,point estimator with no posterior covariance,e9c3a2d32a8bc24f638b0cb6e8fb573a72334b5e577afad9ed2b0aab5d009381,,,,,,,
DIRECT_PHYSICAL,3.0,validation_ood,TIKHONOV_TEMPORAL,0.95,,NOT_APPLICABLE,point estimator with no posterior covariance,e9c3a2d32a8bc24f638b0cb6e8fb573a72334b5e577afad9ed2b0aab5d009381,,,,,,,
DIRECT_PHYSICAL,3.0,validation_in_class,WIENER_GAUSSIAN,0.5,0.8202340262276786,SUPPORTED,,e9c3a2d32a8bc24f638b0cb6e8fb573a72334b5e577afad9ed2b0aab5d009381,512.0,,,,,,
DIRECT_PHYSICAL,3.0,validation_in_class,WIENER_GAUSSIAN,0.9,0.9370553152901786,SUPPORTED,,e9c3a2d32a8bc24f638b0cb6e8fb573a72334b5e577afad9ed2b0aab5d009381,512.0,,,,,,
DIRECT_PHYSICAL,3.0,validation_in_class,WIENER_GAUSSIAN,0.95,0.9490966796875,SUPPORTED,,e9c3a2d32a8bc24f638b0cb6e8fb573a72334b5e577afad9ed2b0aab5d009381,512.0,,,,,,
DIRECT_PHYSICAL,3.0,validation_in_class,WIENER_GAUSSIAN,,,SUPPORTED,joint chi-square calibration,e9c3a2d32a8bc24f638b0cb6e8fb573a72334b5e577afad9ed2b0aab5d009381,,534.2948407175563,224.0,2.3852448246319478,0.99429646637681,0.0,224.0
DIRECT_PHYSICAL,3.0,validation_off_grid,WIENER_GAUSSIAN,0.5,0.8764369419642857,SUPPORTED,,e9c3a2d32a8bc24f638b0cb6e8fb573a72334b5e577afad9ed2b0aab5d009381,320.0,,,,,,
DIRECT_PHYSICAL,3.0,validation_off_grid,WIENER_GAUSSIAN,0.9,0.9576171875,SUPPORTED,,e9c3a2d32a8bc24f638b0cb6e8fb573a72334b5e577afad9ed2b0aab5d009381,320.0,,,,,,
DIRECT_PHYSICAL,3.0,validation_off_grid,WIENER_GAUSSIAN,0.95,0.9641043526785714,SUPPORTED,,e9c3a2d32a8bc24f638b0cb6e8fb573a72334b5e577afad9ed2b0aab5d009381,320.0,,,,,,
DIRECT_PHYSICAL,3.0,validation_off_grid,WIENER_GAUSSIAN,,,SUPPORTED,joint chi-square calibration,e9c3a2d32a8bc24f638b0cb6e8fb573a72334b5e577afad9ed2b0aab5d009381,,1182.8169123724947,224.0,5.280432644520066,0.0018088151228363978,0.0,224.0
DIRECT_PHYSICAL,3.0,validation_ood,WIENER_GAUSSIAN,0.5,0.85546875,SUPPORTED,,e9c3a2d32a8bc24f638b0cb6e8fb573a72334b5e577afad9ed2b0aab5d009381,256.0,,,,,,
DIRECT_PHYSICAL,3.0,validation_ood,WIENER_GAUSSIAN,0.9,0.9384068080357143,SUPPORTED,,e9c3a2d32a8bc24f638b0cb6e8fb573a72334b5e577afad9ed2b0aab5d009381,256.0,,,,,,
DIRECT_PHYSICAL,3.0,validation_ood,WIENER_GAUSSIAN,0.95,0.9452253069196429,SUPPORTED,,e9c3a2d32a8bc24f638b0cb6e8fb573a72334b5e577afad9ed2b0aab5d009381,256.0,,,,,,
DIRECT_PHYSICAL,3.0,validation_ood,WIENER_GAUSSIAN,,,SUPPORTED,joint chi-square calibration,e9c3a2d32a8bc24f638b0cb6e8fb573a72334b5e577afad9ed2b0aab5d009381,,9097.787274054099,224.0,40.61512175917009,0.0,0.0,224.0
DIRECT_PHYSICAL,3.0,validation_in_class,LINEAR_STATE_SPACE,0.5,0.8712419782366071,SUPPORTED,,e9c3a2d32a8bc24f638b0cb6e8fb573a72334b5e577afad9ed2b0aab5d009381,512.0,,,,,,
DIRECT_PHYSICAL,3.0,validation_in_class,LINEAR_STATE_SPACE,0.9,0.97283935546875,SUPPORTED,,e9c3a2d32a8bc24f638b0cb6e8fb573a72334b5e577afad9ed2b0aab5d009381,512.0,,,,,,
DIRECT_PHYSICAL,3.0,validation_in_class,LINEAR_STATE_SPACE,0.95,0.9853864397321429,SUPPORTED,,e9c3a2d32a8bc24f638b0cb6e8fb573a72334b5e577afad9ed2b0aab5d009381,512.0,,,,,,
DIRECT_PHYSICAL,3.0,validation_in_class,LINEAR_STATE_SPACE,,,SUPPORTED,joint chi-square calibration,e9c3a2d32a8bc24f638b0cb6e8fb573a72334b5e577afad9ed2b0aab5d009381,,81.08246615498952,224.0,0.3619752953347746,1.0,0.0,224.0
DIRECT_PHYSICAL,3.0,validation_off_grid,LINEAR_STATE_SPACE,0.5,0.8995396205357142,SUPPORTED,,e9c3a2d32a8bc24f638b0cb6e8fb573a72334b5e577afad9ed2b0aab5d009381,320.0,,,,,,
DIRECT_PHYSICAL,3.0,validation_off_grid,LINEAR_STATE_SPACE,0.9,0.9843052455357143,SUPPORTED,,e9c3a2d32a8bc24f638b0cb6e8fb573a72334b5e577afad9ed2b0aab5d009381,320.0,,,,,,
DIRECT_PHYSICAL,3.0,validation_off_grid,LINEAR_STATE_SPACE,0.95,0.9944056919642857,SUPPORTED,,e9c3a2d32a8bc24f638b0cb6e8fb573a72334b5e577afad9ed2b0aab5d009381,320.0,,,,,,
DIRECT_PHYSICAL,3.0,validation_off_grid,LINEAR_STATE_SPACE,,,SUPPORTED,joint chi-square calibration,e9c3a2d32a8bc24f638b0cb6e8fb573a72334b5e577afad9ed2b0aab5d009381,,44.41954315456313,224.0,0.19830153194001396,1.0,0.0,224.0
DIRECT_PHYSICAL,3.0,validation_ood,LINEAR_STATE_SPACE,0.5,0.904296875,SUPPORTED,,e9c3a2d32a8bc24f638b0cb6e8fb573a72334b5e577afad9ed2b0aab5d009381,256.0,,,,,,
DIRECT_PHYSICAL,3.0,validation_ood,LINEAR_STATE_SPACE,0.9,0.9850899832589286,SUPPORTED,,e9c3a2d32a8bc24f638b0cb6e8fb573a72334b5e577afad9ed2b0aab5d009381,256.0,,,,,,
DIRECT_PHYSICAL,3.0,validation_ood,LINEAR_STATE_SPACE,0.95,0.996337890625,SUPPORTED,,e9c3a2d32a8bc24f638b0cb6e8fb573a72334b5e577afad9ed2b0aab5d009381,256.0,,,,,,
DIRECT_PHYSICAL,3.0,validation_ood,LINEAR_STATE_SPACE,,,SUPPORTED,joint chi-square calibration,e9c3a2d32a8bc24f638b0cb6e8fb573a72334b5e577afad9ed2b0aab5d009381,,38.50163679522747,224.0,0.1718823071215512,1.0,0.0,224.0
DIRECT_PHYSICAL,10.0,validation_in_class,TSVD,0.5,,NOT_APPLICABLE,point estimator with no posterior covariance,e9c3a2d32a8bc24f638b0cb6e8fb573a72334b5e577afad9ed2b0aab5d009381,,,,,,,
DIRECT_PHYSICAL,10.0,validation_in_class,TSVD,0.9,,NOT_APPLICABLE,point estimator with no posterior covariance,e9c3a2d32a8bc24f638b0cb6e8fb573a72334b5e577afad9ed2b0aab5d009381,,,,,,,
DIRECT_PHYSICAL,10.0,validation_in_class,TSVD,0.95,,NOT_APPLICABLE,point estimator with no posterior covariance,e9c3a2d32a8bc24f638b0cb6e8fb573a72334b5e577afad9ed2b0aab5d009381,,,,,,,
DIRECT_PHYSICAL,10.0,validation_off_grid,TSVD,0.5,,NOT_APPLICABLE,point estimator with no posterior covariance,e9c3a2d32a8bc24f638b0cb6e8fb573a72334b5e577afad9ed2b0aab5d009381,,,,,,,
DIRECT_PHYSICAL,10.0,validation_off_grid,TSVD,0.9,,NOT_APPLICABLE,point estimator with no posterior covariance,e9c3a2d32a8bc24f638b0cb6e8fb573a72334b5e577afad9ed2b0aab5d009381,,,,,,,
DIRECT_PHYSICAL,10.0,validation_off_grid,TSVD,0.95,,NOT_APPLICABLE,point estimator with no posterior covariance,e9c3a2d32a8bc24f638b0cb6e8fb573a72334b5e577afad9ed2b0aab5d009381,,,,,,,
DIRECT_PHYSICAL,10.0,validation_ood,TSVD,0.5,,NOT_APPLICABLE,point estimator with no posterior covariance,e9c3a2d32a8bc24f638b0cb6e8fb573a72334b5e577afad9ed2b0aab5d009381,,,,,,,
DIRECT_PHYSICAL,10.0,validation_ood,TSVD,0.9,,NOT_APPLICABLE,point estimator with no posterior covariance,e9c3a2d32a8bc24f638b0cb6e8fb573a72334b5e577afad9ed2b0aab5d009381,,,,,,,
DIRECT_PHYSICAL,10.0,validation_ood,TSVD,0.95,,NOT_APPLICABLE,point estimator with no posterior covariance,e9c3a2d32a8bc24f638b0cb6e8fb573a72334b5e577afad9ed2b0aab5d009381,,,,,,,
DIRECT_PHYSICAL,10.0,validation_in_class,RIDGE_IDENTITY,0.5,,NOT_APPLICABLE,point estimator with no posterior covariance,e9c3a2d32a8bc24f638b0cb6e8fb573a72334b5e577afad9ed2b0aab5d009381,,,,,,,
DIRECT_PHYSICAL,10.0,validation_in_class,RIDGE_IDENTITY,0.9,,NOT_APPLICABLE,point estimator with no posterior covariance,e9c3a2d32a8bc24f638b0cb6e8fb573a72334b5e577afad9ed2b0aab5d009381,,,,,,,
DIRECT_PHYSICAL,10.0,validation_in_class,RIDGE_IDENTITY,0.95,,NOT_APPLICABLE,point estimator with no posterior covariance,e9c3a2d32a8bc24f638b0cb6e8fb573a72334b5e577afad9ed2b0aab5d009381,,,,,,,
DIRECT_PHYSICAL,10.0,validation_off_grid,RIDGE_IDENTITY,0.5,,NOT_APPLICABLE,point estimator with no posterior covariance,e9c3a2d32a8bc24f638b0cb6e8fb573a72334b5e577afad9ed2b0aab5d009381,,,,,,,
DIRECT_PHYSICAL,10.0,validation_off_grid,RIDGE_IDENTITY,0.9,,NOT_APPLICABLE,point estimator with no posterior covariance,e9c3a2d32a8bc24f638b0cb6e8fb573a72334b5e577afad9ed2b0aab5d009381,,,,,,,
DIRECT_PHYSICAL,10.0,validation_off_grid,RIDGE_IDENTITY,0.95,,NOT_APPLICABLE,point estimator with no posterior covariance,e9c3a2d32a8bc24f638b0cb6e8fb573a72334b5e577afad9ed2b0aab5d009381,,,,,,,
DIRECT_PHYSICAL,10.0,validation_ood,RIDGE_IDENTITY,0.5,,NOT_APPLICABLE,point estimator with no posterior covariance,e9c3a2d32a8bc24f638b0cb6e8fb573a72334b5e577afad9ed2b0aab5d009381,,,,,,,
DIRECT_PHYSICAL,10.0,validation_ood,RIDGE_IDENTITY,0.9,,NOT_APPLICABLE,point estimator with no posterior covariance,e9c3a2d32a8bc24f638b0cb6e8fb573a72334b5e577afad9ed2b0aab5d009381,,,,,,,
DIRECT_PHYSICAL,10.0,validation_ood,RIDGE_IDENTITY,0.95,,NOT_APPLICABLE,point estimator with no posterior covariance,e9c3a2d32a8bc24f638b0cb6e8fb573a72334b5e577afad9ed2b0aab5d009381,,,,,,,
DIRECT_PHYSICAL,10.0,validation_in_class,TIKHONOV_TEMPORAL,0.5,,NOT_APPLICABLE,point estimator with no posterior covariance,e9c3a2d32a8bc24f638b0cb6e8fb573a72334b5e577afad9ed2b0aab5d009381,,,,,,,
DIRECT_PHYSICAL,10.0,validation_in_class,TIKHONOV_TEMPORAL,0.9,,NOT_APPLICABLE,point estimator with no posterior covariance,e9c3a2d32a8bc24f638b0cb6e8fb573a72334b5e577afad9ed2b0aab5d009381,,,,,,,
DIRECT_PHYSICAL,10.0,validation_in_class,TIKHONOV_TEMPORAL,0.95,,NOT_APPLICABLE,point estimator with no posterior covariance,e9c3a2d32a8bc24f638b0cb6e8fb573a72334b5e577afad9ed2b0aab5d009381,,,,,,,
DIRECT_PHYSICAL,10.0,validation_off_grid,TIKHONOV_TEMPORAL,0.5,,NOT_APPLICABLE,point estimator with no posterior covariance,e9c3a2d32a8bc24f638b0cb6e8fb573a72334b5e577afad9ed2b0aab5d009381,,,,,,,
DIRECT_PHYSICAL,10.0,validation_off_grid,TIKHONOV_TEMPORAL,0.9,,NOT_APPLICABLE,point estimator with no posterior covariance,e9c3a2d32a8bc24f638b0cb6e8fb573a72334b5e577afad9ed2b0aab5d009381,,,,,,,
DIRECT_PHYSICAL,10.0,validation_off_grid,TIKHONOV_TEMPORAL,0.95,,NOT_APPLICABLE,point estimator with no posterior covariance,e9c3a2d32a8bc24f638b0cb6e8fb573a72334b5e577afad9ed2b0aab5d009381,,,,,,,
DIRECT_PHYSICAL,10.0,validation_ood,TIKHONOV_TEMPORAL,0.5,,NOT_APPLICABLE,point estimator with no posterior covariance,e9c3a2d32a8bc24f638b0cb6e8fb573a72334b5e577afad9ed2b0aab5d009381,,,,,,,
DIRECT_PHYSICAL,10.0,validation_ood,TIKHONOV_TEMPORAL,0.9,,NOT_APPLICABLE,point estimator with no posterior covariance,e9c3a2d32a8bc24f638b0cb6e8fb573a72334b5e577afad9ed2b0aab5d009381,,,,,,,
DIRECT_PHYSICAL,10.0,validation_ood,TIKHONOV_TEMPORAL,0.95,,NOT_APPLICABLE,point estimator with no posterior covariance,e9c3a2d32a8bc24f638b0cb6e8fb573a72334b5e577afad9ed2b0aab5d009381,,,,,,,
DIRECT_PHYSICAL,10.0,validation_in_class,WIENER_GAUSSIAN,0.5,0.7869349888392857,SUPPORTED,,e9c3a2d32a8bc24f638b0cb6e8fb573a72334b5e577afad9ed2b0aab5d009381,512.0,,,,,,
DIRECT_PHYSICAL,10.0,validation_in_class,WIENER_GAUSSIAN,0.9,0.93084716796875,SUPPORTED,,e9c3a2d32a8bc24f638b0cb6e8fb573a72334b5e577afad9ed2b0aab5d009381,512.0,,,,,,
DIRECT_PHYSICAL,10.0,validation_in_class,WIENER_GAUSSIAN,0.95,0.9459141322544643,SUPPORTED,,e9c3a2d32a8bc24f638b0cb6e8fb573a72334b5e577afad9ed2b0aab5d009381,512.0,,,,,,
DIRECT_PHYSICAL,10.0,validation_in_class,WIENER_GAUSSIAN,,,SUPPORTED,joint chi-square calibration,e9c3a2d32a8bc24f638b0cb6e8fb573a72334b5e577afad9ed2b0aab5d009381,,611.7886396996475,224.0,2.7311992843734267,0.08890650136369582,0.0,224.0
DIRECT_PHYSICAL,10.0,validation_off_grid,WIENER_GAUSSIAN,0.5,0.8415318080357143,SUPPORTED,,e9c3a2d32a8bc24f638b0cb6e8fb573a72334b5e577afad9ed2b0aab5d009381,320.0,,,,,,
DIRECT_PHYSICAL,10.0,validation_off_grid,WIENER_GAUSSIAN,0.9,0.9499302455357143,SUPPORTED,,e9c3a2d32a8bc24f638b0cb6e8fb573a72334b5e577afad9ed2b0aab5d009381,320.0,,,,,,
DIRECT_PHYSICAL,10.0,validation_off_grid,WIENER_GAUSSIAN,0.95,0.9623186383928571,SUPPORTED,,e9c3a2d32a8bc24f638b0cb6e8fb573a72334b5e577afad9ed2b0aab5d009381,320.0,,,,,,
DIRECT_PHYSICAL,10.0,validation_off_grid,WIENER_GAUSSIAN,,,SUPPORTED,joint chi-square calibration,e9c3a2d32a8bc24f638b0cb6e8fb573a72334b5e577afad9ed2b0aab5d009381,,1259.8530882433397,224.0,5.624344143943481,3.0477930122913485e-09,0.0,224.0
DIRECT_PHYSICAL,10.0,validation_ood,WIENER_GAUSSIAN,0.5,0.8173304966517857,SUPPORTED,,e9c3a2d32a8bc24f638b0cb6e8fb573a72334b5e577afad9ed2b0aab5d009381,256.0,,,,,,
DIRECT_PHYSICAL,10.0,validation_ood,WIENER_GAUSSIAN,0.9,0.9302280970982143,SUPPORTED,,e9c3a2d32a8bc24f638b0cb6e8fb573a72334b5e577afad9ed2b0aab5d009381,256.0,,,,,,
DIRECT_PHYSICAL,10.0,validation_ood,WIENER_GAUSSIAN,0.95,0.9433768136160714,SUPPORTED,,e9c3a2d32a8bc24f638b0cb6e8fb573a72334b5e577afad9ed2b0aab5d009381,256.0,,,,,,
DIRECT_PHYSICAL,10.0,validation_ood,WIENER_GAUSSIAN,,,SUPPORTED,joint chi-square calibration,e9c3a2d32a8bc24f638b0cb6e8fb573a72334b5e577afad9ed2b0aab5d009381,,9175.09158175802,224.0,40.96023027570545,0.0,0.0,224.0
DIRECT_PHYSICAL,10.0,validation_in_class,LINEAR_STATE_SPACE,0.5,0.9745396205357143,SUPPORTED,,e9c3a2d32a8bc24f638b0cb6e8fb573a72334b5e577afad9ed2b0aab5d009381,512.0,,,,,,
DIRECT_PHYSICAL,10.0,validation_in_class,LINEAR_STATE_SPACE,0.9,0.9987967354910714,SUPPORTED,,e9c3a2d32a8bc24f638b0cb6e8fb573a72334b5e577afad9ed2b0aab5d009381,512.0,,,,,,
DIRECT_PHYSICAL,10.0,validation_in_class,LINEAR_STATE_SPACE,0.95,0.99957275390625,SUPPORTED,,e9c3a2d32a8bc24f638b0cb6e8fb573a72334b5e577afad9ed2b0aab5d009381,512.0,,,,,,
DIRECT_PHYSICAL,10.0,validation_in_class,LINEAR_STATE_SPACE,,,SUPPORTED,joint chi-square calibration,e9c3a2d32a8bc24f638b0cb6e8fb573a72334b5e577afad9ed2b0aab5d009381,,7.7379370459492405,224.0,0.0345443618122734,1.0,0.0,224.0
DIRECT_PHYSICAL,10.0,validation_off_grid,LINEAR_STATE_SPACE,0.5,0.9907924107142857,SUPPORTED,,e9c3a2d32a8bc24f638b0cb6e8fb573a72334b5e577afad9ed2b0aab5d009381,320.0,,,,,,
DIRECT_PHYSICAL,10.0,validation_off_grid,LINEAR_STATE_SPACE,0.9,0.9999720982142857,SUPPORTED,,e9c3a2d32a8bc24f638b0cb6e8fb573a72334b5e577afad9ed2b0aab5d009381,320.0,,,,,,
DIRECT_PHYSICAL,10.0,validation_off_grid,LINEAR_STATE_SPACE,0.95,1.0,SUPPORTED,,e9c3a2d32a8bc24f638b0cb6e8fb573a72334b5e577afad9ed2b0aab5d009381,320.0,,,,,,
DIRECT_PHYSICAL,10.0,validation_off_grid,LINEAR_STATE_SPACE,,,SUPPORTED,joint chi-square calibration,e9c3a2d32a8bc24f638b0cb6e8fb573a72334b5e577afad9ed2b0aab5d009381,,4.345129897683921,224.0,0.019397901328946077,1.0,0.0,224.0
DIRECT_PHYSICAL,10.0,validation_ood,LINEAR_STATE_SPACE,0.5,0.9923967633928571,SUPPORTED,,e9c3a2d32a8bc24f638b0cb6e8fb573a72334b5e577afad9ed2b0aab5d009381,256.0,,,,,,
DIRECT_PHYSICAL,10.0,validation_ood,LINEAR_STATE_SPACE,0.9,1.0,SUPPORTED,,e9c3a2d32a8bc24f638b0cb6e8fb573a72334b5e577afad9ed2b0aab5d009381,256.0,,,,,,
DIRECT_PHYSICAL,10.0,validation_ood,LINEAR_STATE_SPACE,0.95,1.0,SUPPORTED,,e9c3a2d32a8bc24f638b0cb6e8fb573a72334b5e577afad9ed2b0aab5d009381,256.0,,,,,,
DIRECT_PHYSICAL,10.0,validation_ood,LINEAR_STATE_SPACE,,,SUPPORTED,joint chi-square calibration,e9c3a2d32a8bc24f638b0cb6e8fb573a72334b5e577afad9ed2b0aab5d009381,,3.8255438459885616,224.0,0.017078320741020364,1.0,0.0,224.0
DIRECT_PHYSICAL,30.0,validation_in_class,TSVD,0.5,,NOT_APPLICABLE,point estimator with no posterior covariance,e9c3a2d32a8bc24f638b0cb6e8fb573a72334b5e577afad9ed2b0aab5d009381,,,,,,,
DIRECT_PHYSICAL,30.0,validation_in_class,TSVD,0.9,,NOT_APPLICABLE,point estimator with no posterior covariance,e9c3a2d32a8bc24f638b0cb6e8fb573a72334b5e577afad9ed2b0aab5d009381,,,,,,,
DIRECT_PHYSICAL,30.0,validation_in_class,TSVD,0.95,,NOT_APPLICABLE,point estimator with no posterior covariance,e9c3a2d32a8bc24f638b0cb6e8fb573a72334b5e577afad9ed2b0aab5d009381,,,,,,,
DIRECT_PHYSICAL,30.0,validation_off_grid,TSVD,0.5,,NOT_APPLICABLE,point estimator with no posterior covariance,e9c3a2d32a8bc24f638b0cb6e8fb573a72334b5e577afad9ed2b0aab5d009381,,,,,,,
DIRECT_PHYSICAL,30.0,validation_off_grid,TSVD,0.9,,NOT_APPLICABLE,point estimator with no posterior covariance,e9c3a2d32a8bc24f638b0cb6e8fb573a72334b5e577afad9ed2b0aab5d009381,,,,,,,
DIRECT_PHYSICAL,30.0,validation_off_grid,TSVD,0.95,,NOT_APPLICABLE,point estimator with no posterior covariance,e9c3a2d32a8bc24f638b0cb6e8fb573a72334b5e577afad9ed2b0aab5d009381,,,,,,,
DIRECT_PHYSICAL,30.0,validation_ood,TSVD,0.5,,NOT_APPLICABLE,point estimator with no posterior covariance,e9c3a2d32a8bc24f638b0cb6e8fb573a72334b5e577afad9ed2b0aab5d009381,,,,,,,
DIRECT_PHYSICAL,30.0,validation_ood,TSVD,0.9,,NOT_APPLICABLE,point estimator with no posterior covariance,e9c3a2d32a8bc24f638b0cb6e8fb573a72334b5e577afad9ed2b0aab5d009381,,,,,,,
DIRECT_PHYSICAL,30.0,validation_ood,TSVD,0.95,,NOT_APPLICABLE,point estimator with no posterior covariance,e9c3a2d32a8bc24f638b0cb6e8fb573a72334b5e577afad9ed2b0aab5d009381,,,,,,,
DIRECT_PHYSICAL,30.0,validation_in_class,RIDGE_IDENTITY,0.5,,NOT_APPLICABLE,point estimator with no posterior covariance,e9c3a2d32a8bc24f638b0cb6e8fb573a72334b5e577afad9ed2b0aab5d009381,,,,,,,
DIRECT_PHYSICAL,30.0,validation_in_class,RIDGE_IDENTITY,0.9,,NOT_APPLICABLE,point estimator with no posterior covariance,e9c3a2d32a8bc24f638b0cb6e8fb573a72334b5e577afad9ed2b0aab5d009381,,,,,,,
DIRECT_PHYSICAL,30.0,validation_in_class,RIDGE_IDENTITY,0.95,,NOT_APPLICABLE,point estimator with no posterior covariance,e9c3a2d32a8bc24f638b0cb6e8fb573a72334b5e577afad9ed2b0aab5d009381,,,,,,,
DIRECT_PHYSICAL,30.0,validation_off_grid,RIDGE_IDENTITY,0.5,,NOT_APPLICABLE,point estimator with no posterior covariance,e9c3a2d32a8bc24f638b0cb6e8fb573a72334b5e577afad9ed2b0aab5d009381,,,,,,,
DIRECT_PHYSICAL,30.0,validation_off_grid,RIDGE_IDENTITY,0.9,,NOT_APPLICABLE,point estimator with no posterior covariance,e9c3a2d32a8bc24f638b0cb6e8fb573a72334b5e577afad9ed2b0aab5d009381,,,,,,,
DIRECT_PHYSICAL,30.0,validation_off_grid,RIDGE_IDENTITY,0.95,,NOT_APPLICABLE,point estimator with no posterior covariance,e9c3a2d32a8bc24f638b0cb6e8fb573a72334b5e577afad9ed2b0aab5d009381,,,,,,,
DIRECT_PHYSICAL,30.0,validation_ood,RIDGE_IDENTITY,0.5,,NOT_APPLICABLE,point estimator with no posterior covariance,e9c3a2d32a8bc24f638b0cb6e8fb573a72334b5e577afad9ed2b0aab5d009381,,,,,,,
DIRECT_PHYSICAL,30.0,validation_ood,RIDGE_IDENTITY,0.9,,NOT_APPLICABLE,point estimator with no posterior covariance,e9c3a2d32a8bc24f638b0cb6e8fb573a72334b5e577afad9ed2b0aab5d009381,,,,,,,
DIRECT_PHYSICAL,30.0,validation_ood,RIDGE_IDENTITY,0.95,,NOT_APPLICABLE,point estimator with no posterior covariance,e9c3a2d32a8bc24f638b0cb6e8fb573a72334b5e577afad9ed2b0aab5d009381,,,,,,,
DIRECT_PHYSICAL,30.0,validation_in_class,TIKHONOV_TEMPORAL,0.5,,NOT_APPLICABLE,point estimator with no posterior covariance,e9c3a2d32a8bc24f638b0cb6e8fb573a72334b5e577afad9ed2b0aab5d009381,,,,,,,
DIRECT_PHYSICAL,30.0,validation_in_class,TIKHONOV_TEMPORAL,0.9,,NOT_APPLICABLE,point estimator with no posterior covariance,e9c3a2d32a8bc24f638b0cb6e8fb573a72334b5e577afad9ed2b0aab5d009381,,,,,,,
DIRECT_PHYSICAL,30.0,validation_in_class,TIKHONOV_TEMPORAL,0.95,,NOT_APPLICABLE,point estimator with no posterior covariance,e9c3a2d32a8bc24f638b0cb6e8fb573a72334b5e577afad9ed2b0aab5d009381,,,,,,,
DIRECT_PHYSICAL,30.0,validation_off_grid,TIKHONOV_TEMPORAL,0.5,,NOT_APPLICABLE,point estimator with no posterior covariance,e9c3a2d32a8bc24f638b0cb6e8fb573a72334b5e577afad9ed2b0aab5d009381,,,,,,,
DIRECT_PHYSICAL,30.0,validation_off_grid,TIKHONOV_TEMPORAL,0.9,,NOT_APPLICABLE,point estimator with no posterior covariance,e9c3a2d32a8bc24f638b0cb6e8fb573a72334b5e577afad9ed2b0aab5d009381,,,,,,,
DIRECT_PHYSICAL,30.0,validation_off_grid,TIKHONOV_TEMPORAL,0.95,,NOT_APPLICABLE,point estimator with no posterior covariance,e9c3a2d32a8bc24f638b0cb6e8fb573a72334b5e577afad9ed2b0aab5d009381,,,,,,,
DIRECT_PHYSICAL,30.0,validation_ood,TIKHONOV_TEMPORAL,0.5,,NOT_APPLICABLE,point estimator with no posterior covariance,e9c3a2d32a8bc24f638b0cb6e8fb573a72334b5e577afad9ed2b0aab5d009381,,,,,,,
DIRECT_PHYSICAL,30.0,validation_ood,TIKHONOV_TEMPORAL,0.9,,NOT_APPLICABLE,point estimator with no posterior covariance,e9c3a2d32a8bc24f638b0cb6e8fb573a72334b5e577afad9ed2b0aab5d009381,,,,,,,
DIRECT_PHYSICAL,30.0,validation_ood,TIKHONOV_TEMPORAL,0.95,,NOT_APPLICABLE,point estimator with no posterior covariance,e9c3a2d32a8bc24f638b0cb6e8fb573a72334b5e577afad9ed2b0aab5d009381,,,,,,,
DIRECT_PHYSICAL,30.0,validation_in_class,WIENER_GAUSSIAN,0.5,0.7743007114955357,SUPPORTED,,e9c3a2d32a8bc24f638b0cb6e8fb573a72334b5e577afad9ed2b0aab5d009381,512.0,,,,,,
DIRECT_PHYSICAL,30.0,validation_in_class,WIENER_GAUSSIAN,0.9,0.9296962193080357,SUPPORTED,,e9c3a2d32a8bc24f638b0cb6e8fb573a72334b5e577afad9ed2b0aab5d009381,512.0,,,,,,
DIRECT_PHYSICAL,30.0,validation_in_class,WIENER_GAUSSIAN,0.95,0.9438040597098214,SUPPORTED,,e9c3a2d32a8bc24f638b0cb6e8fb573a72334b5e577afad9ed2b0aab5d009381,512.0,,,,,,
DIRECT_PHYSICAL,30.0,validation_in_class,WIENER_GAUSSIAN,,,SUPPORTED,joint chi-square calibration,e9c3a2d32a8bc24f638b0cb6e8fb573a72334b5e577afad9ed2b0aab5d009381,,638.7117715983713,224.0,2.8513918374927294,0.0051442887482116804,0.0,224.0
DIRECT_PHYSICAL,30.0,validation_off_grid,WIENER_GAUSSIAN,0.5,0.82890625,SUPPORTED,,e9c3a2d32a8bc24f638b0cb6e8fb573a72334b5e577afad9ed2b0aab5d009381,320.0,,,,,,
DIRECT_PHYSICAL,30.0,validation_off_grid,WIENER_GAUSSIAN,0.9,0.9491489955357143,SUPPORTED,,e9c3a2d32a8bc24f638b0cb6e8fb573a72334b5e577afad9ed2b0aab5d009381,320.0,,,,,,
DIRECT_PHYSICAL,30.0,validation_off_grid,WIENER_GAUSSIAN,0.95,0.9592494419642857,SUPPORTED,,e9c3a2d32a8bc24f638b0cb6e8fb573a72334b5e577afad9ed2b0aab5d009381,320.0,,,,,,
DIRECT_PHYSICAL,30.0,validation_off_grid,WIENER_GAUSSIAN,,,SUPPORTED,joint chi-square calibration,e9c3a2d32a8bc24f638b0cb6e8fb573a72334b5e577afad9ed2b0aab5d009381,,1286.5311289276688,224.0,5.743442539855664,4.74126396693584e-12,0.0,224.0
DIRECT_PHYSICAL,30.0,validation_ood,WIENER_GAUSSIAN,0.5,0.8051583426339286,SUPPORTED,,e9c3a2d32a8bc24f638b0cb6e8fb573a72334b5e577afad9ed2b0aab5d009381,256.0,,,,,,
DIRECT_PHYSICAL,30.0,validation_ood,WIENER_GAUSSIAN,0.9,0.9293561662946429,SUPPORTED,,e9c3a2d32a8bc24f638b0cb6e8fb573a72334b5e577afad9ed2b0aab5d009381,256.0,,,,,,
DIRECT_PHYSICAL,30.0,validation_ood,WIENER_GAUSSIAN,0.95,0.9394356863839286,SUPPORTED,,e9c3a2d32a8bc24f638b0cb6e8fb573a72334b5e577afad9ed2b0aab5d009381,256.0,,,,,,
DIRECT_PHYSICAL,30.0,validation_ood,WIENER_GAUSSIAN,,,SUPPORTED,joint chi-square calibration,e9c3a2d32a8bc24f638b0cb6e8fb573a72334b5e577afad9ed2b0aab5d009381,,9201.9239535862,224.0,41.08001764993839,0.0,0.0,224.0
DIRECT_PHYSICAL,30.0,validation_in_class,LINEAR_STATE_SPACE,0.5,0.9749494280133929,SUPPORTED,,e9c3a2d32a8bc24f638b0cb6e8fb573a72334b5e577afad9ed2b0aab5d009381,512.0,,,,,,
DIRECT_PHYSICAL,30.0,validation_in_class,LINEAR_STATE_SPACE,0.9,0.9987967354910714,SUPPORTED,,e9c3a2d32a8bc24f638b0cb6e8fb573a72334b5e577afad9ed2b0aab5d009381,512.0,,,,,,
DIRECT_PHYSICAL,30.0,validation_in_class,LINEAR_STATE_SPACE,0.95,0.9995901925223214,SUPPORTED,,e9c3a2d32a8bc24f638b0cb6e8fb573a72334b5e577afad9ed2b0aab5d009381,512.0,,,,,,
DIRECT_PHYSICAL,30.0,validation_in_class,LINEAR_STATE_SPACE,,,SUPPORTED,joint chi-square calibration,e9c3a2d32a8bc24f638b0cb6e8fb573a72334b5e577afad9ed2b0aab5d009381,,6.968210539291347,224.0,0.031108082764693512,1.0,0.0,224.0
DIRECT_PHYSICAL,30.0,validation_off_grid,LINEAR_STATE_SPACE,0.5,0.9907924107142857,SUPPORTED,,e9c3a2d32a8bc24f638b0cb6e8fb573a72334b5e577afad9ed2b0aab5d009381,320.0,,,,,,
DIRECT_PHYSICAL,30.0,validation_off_grid,LINEAR_STATE_SPACE,0.9,0.9999441964285715,SUPPORTED,,e9c3a2d32a8bc24f638b0cb6e8fb573a72334b5e577afad9ed2b0aab5d009381,320.0,,,,,,
DIRECT_PHYSICAL,30.0,validation_off_grid,LINEAR_STATE_SPACE,0.95,1.0,SUPPORTED,,e9c3a2d32a8bc24f638b0cb6e8fb573a72334b5e577afad9ed2b0aab5d009381,320.0,,,,,,
DIRECT_PHYSICAL,30.0,validation_off_grid,LINEAR_STATE_SPACE,,,SUPPORTED,joint chi-square calibration,e9c3a2d32a8bc24f638b0cb6e8fb573a72334b5e577afad9ed2b0aab5d009381,,3.564631524064898,224.0,0.015913533589575438,1.0,0.0,224.0
DIRECT_PHYSICAL,30.0,validation_ood,LINEAR_STATE_SPACE,0.5,0.9921003069196429,SUPPORTED,,e9c3a2d32a8bc24f638b0cb6e8fb573a72334b5e577afad9ed2b0aab5d009381,256.0,,,,,,
DIRECT_PHYSICAL,30.0,validation_ood,LINEAR_STATE_SPACE,0.9,1.0,SUPPORTED,,e9c3a2d32a8bc24f638b0cb6e8fb573a72334b5e577afad9ed2b0aab5d009381,256.0,,,,,,
DIRECT_PHYSICAL,30.0,validation_ood,LINEAR_STATE_SPACE,0.95,1.0,SUPPORTED,,e9c3a2d32a8bc24f638b0cb6e8fb573a72334b5e577afad9ed2b0aab5d009381,256.0,,,,,,
DIRECT_PHYSICAL,30.0,validation_ood,LINEAR_STATE_SPACE,,,SUPPORTED,joint chi-square calibration,e9c3a2d32a8bc24f638b0cb6e8fb573a72334b5e577afad9ed2b0aab5d009381,,3.0426406098495766,224.0,0.013583217008257039,1.0,0.0,224.0
DIRECT_PHYSICAL,100.0,validation_in_class,TSVD,0.5,,NOT_APPLICABLE,point estimator with no posterior covariance,e9c3a2d32a8bc24f638b0cb6e8fb573a72334b5e577afad9ed2b0aab5d009381,,,,,,,
DIRECT_PHYSICAL,100.0,validation_in_class,TSVD,0.9,,NOT_APPLICABLE,point estimator with no posterior covariance,e9c3a2d32a8bc24f638b0cb6e8fb573a72334b5e577afad9ed2b0aab5d009381,,,,,,,
DIRECT_PHYSICAL,100.0,validation_in_class,TSVD,0.95,,NOT_APPLICABLE,point estimator with no posterior covariance,e9c3a2d32a8bc24f638b0cb6e8fb573a72334b5e577afad9ed2b0aab5d009381,,,,,,,
DIRECT_PHYSICAL,100.0,validation_off_grid,TSVD,0.5,,NOT_APPLICABLE,point estimator with no posterior covariance,e9c3a2d32a8bc24f638b0cb6e8fb573a72334b5e577afad9ed2b0aab5d009381,,,,,,,
DIRECT_PHYSICAL,100.0,validation_off_grid,TSVD,0.9,,NOT_APPLICABLE,point estimator with no posterior covariance,e9c3a2d32a8bc24f638b0cb6e8fb573a72334b5e577afad9ed2b0aab5d009381,,,,,,,
DIRECT_PHYSICAL,100.0,validation_off_grid,TSVD,0.95,,NOT_APPLICABLE,point estimator with no posterior covariance,e9c3a2d32a8bc24f638b0cb6e8fb573a72334b5e577afad9ed2b0aab5d009381,,,,,,,
DIRECT_PHYSICAL,100.0,validation_ood,TSVD,0.5,,NOT_APPLICABLE,point estimator with no posterior covariance,e9c3a2d32a8bc24f638b0cb6e8fb573a72334b5e577afad9ed2b0aab5d009381,,,,,,,
DIRECT_PHYSICAL,100.0,validation_ood,TSVD,0.9,,NOT_APPLICABLE,point estimator with no posterior covariance,e9c3a2d32a8bc24f638b0cb6e8fb573a72334b5e577afad9ed2b0aab5d009381,,,,,,,
DIRECT_PHYSICAL,100.0,validation_ood,TSVD,0.95,,NOT_APPLICABLE,point estimator with no posterior covariance,e9c3a2d32a8bc24f638b0cb6e8fb573a72334b5e577afad9ed2b0aab5d009381,,,,,,,
DIRECT_PHYSICAL,100.0,validation_in_class,RIDGE_IDENTITY,0.5,,NOT_APPLICABLE,point estimator with no posterior covariance,e9c3a2d32a8bc24f638b0cb6e8fb573a72334b5e577afad9ed2b0aab5d009381,,,,,,,
DIRECT_PHYSICAL,100.0,validation_in_class,RIDGE_IDENTITY,0.9,,NOT_APPLICABLE,point estimator with no posterior covariance,e9c3a2d32a8bc24f638b0cb6e8fb573a72334b5e577afad9ed2b0aab5d009381,,,,,,,
DIRECT_PHYSICAL,100.0,validation_in_class,RIDGE_IDENTITY,0.95,,NOT_APPLICABLE,point estimator with no posterior covariance,e9c3a2d32a8bc24f638b0cb6e8fb573a72334b5e577afad9ed2b0aab5d009381,,,,,,,
DIRECT_PHYSICAL,100.0,validation_off_grid,RIDGE_IDENTITY,0.5,,NOT_APPLICABLE,point estimator with no posterior covariance,e9c3a2d32a8bc24f638b0cb6e8fb573a72334b5e577afad9ed2b0aab5d009381,,,,,,,
DIRECT_PHYSICAL,100.0,validation_off_grid,RIDGE_IDENTITY,0.9,,NOT_APPLICABLE,point estimator with no posterior covariance,e9c3a2d32a8bc24f638b0cb6e8fb573a72334b5e577afad9ed2b0aab5d009381,,,,,,,
DIRECT_PHYSICAL,100.0,validation_off_grid,RIDGE_IDENTITY,0.95,,NOT_APPLICABLE,point estimator with no posterior covariance,e9c3a2d32a8bc24f638b0cb6e8fb573a72334b5e577afad9ed2b0aab5d009381,,,,,,,
DIRECT_PHYSICAL,100.0,validation_ood,RIDGE_IDENTITY,0.5,,NOT_APPLICABLE,point estimator with no posterior covariance,e9c3a2d32a8bc24f638b0cb6e8fb573a72334b5e577afad9ed2b0aab5d009381,,,,,,,
DIRECT_PHYSICAL,100.0,validation_ood,RIDGE_IDENTITY,0.9,,NOT_APPLICABLE,point estimator with no posterior covariance,e9c3a2d32a8bc24f638b0cb6e8fb573a72334b5e577afad9ed2b0aab5d009381,,,,,,,
DIRECT_PHYSICAL,100.0,validation_ood,RIDGE_IDENTITY,0.95,,NOT_APPLICABLE,point estimator with no posterior covariance,e9c3a2d32a8bc24f638b0cb6e8fb573a72334b5e577afad9ed2b0aab5d009381,,,,,,,
DIRECT_PHYSICAL,100.0,validation_in_class,TIKHONOV_TEMPORAL,0.5,,NOT_APPLICABLE,point estimator with no posterior covariance,e9c3a2d32a8bc24f638b0cb6e8fb573a72334b5e577afad9ed2b0aab5d009381,,,,,,,
DIRECT_PHYSICAL,100.0,validation_in_class,TIKHONOV_TEMPORAL,0.9,,NOT_APPLICABLE,point estimator with no posterior covariance,e9c3a2d32a8bc24f638b0cb6e8fb573a72334b5e577afad9ed2b0aab5d009381,,,,,,,
DIRECT_PHYSICAL,100.0,validation_in_class,TIKHONOV_TEMPORAL,0.95,,NOT_APPLICABLE,point estimator with no posterior covariance,e9c3a2d32a8bc24f638b0cb6e8fb573a72334b5e577afad9ed2b0aab5d009381,,,,,,,
DIRECT_PHYSICAL,100.0,validation_off_grid,TIKHONOV_TEMPORAL,0.5,,NOT_APPLICABLE,point estimator with no posterior covariance,e9c3a2d32a8bc24f638b0cb6e8fb573a72334b5e577afad9ed2b0aab5d009381,,,,,,,
DIRECT_PHYSICAL,100.0,validation_off_grid,TIKHONOV_TEMPORAL,0.9,,NOT_APPLICABLE,point estimator with no posterior covariance,e9c3a2d32a8bc24f638b0cb6e8fb573a72334b5e577afad9ed2b0aab5d009381,,,,,,,
DIRECT_PHYSICAL,100.0,validation_off_grid,TIKHONOV_TEMPORAL,0.95,,NOT_APPLICABLE,point estimator with no posterior covariance,e9c3a2d32a8bc24f638b0cb6e8fb573a72334b5e577afad9ed2b0aab5d009381,,,,,,,
DIRECT_PHYSICAL,100.0,validation_ood,TIKHONOV_TEMPORAL,0.5,,NOT_APPLICABLE,point estimator with no posterior covariance,e9c3a2d32a8bc24f638b0cb6e8fb573a72334b5e577afad9ed2b0aab5d009381,,,,,,,
DIRECT_PHYSICAL,100.0,validation_ood,TIKHONOV_TEMPORAL,0.9,,NOT_APPLICABLE,point estimator with no posterior covariance,e9c3a2d32a8bc24f638b0cb6e8fb573a72334b5e577afad9ed2b0aab5d009381,,,,,,,
DIRECT_PHYSICAL,100.0,validation_ood,TIKHONOV_TEMPORAL,0.95,,NOT_APPLICABLE,point estimator with no posterior covariance,e9c3a2d32a8bc24f638b0cb6e8fb573a72334b5e577afad9ed2b0aab5d009381,,,,,,,
DIRECT_PHYSICAL,100.0,validation_in_class,WIENER_GAUSSIAN,0.5,0.7691737583705357,SUPPORTED,,e9c3a2d32a8bc24f638b0cb6e8fb573a72334b5e577afad9ed2b0aab5d009381,512.0,,,,,,
DIRECT_PHYSICAL,100.0,validation_in_class,WIENER_GAUSSIAN,0.9,0.92938232421875,SUPPORTED,,e9c3a2d32a8bc24f638b0cb6e8fb573a72334b5e577afad9ed2b0aab5d009381,512.0,,,,,,
DIRECT_PHYSICAL,100.0,validation_in_class,WIENER_GAUSSIAN,0.95,0.94305419921875,SUPPORTED,,e9c3a2d32a8bc24f638b0cb6e8fb573a72334b5e577afad9ed2b0aab5d009381,512.0,,,,,,
DIRECT_PHYSICAL,100.0,validation_in_class,WIENER_GAUSSIAN,,,SUPPORTED,joint chi-square calibration,e9c3a2d32a8bc24f638b0cb6e8fb573a72334b5e577afad9ed2b0aab5d009381,,648.6146642585084,224.0,2.895601179725484,0.0013978949327305037,0.0,224.0
DIRECT_PHYSICAL,100.0,validation_off_grid,WIENER_GAUSSIAN,0.5,0.8242327008928572,SUPPORTED,,e9c3a2d32a8bc24f638b0cb6e8fb573a72334b5e577afad9ed2b0aab5d009381,320.0,,,,,,
DIRECT_PHYSICAL,100.0,validation_off_grid,WIENER_GAUSSIAN,0.9,0.9488699776785714,SUPPORTED,,e9c3a2d32a8bc24f638b0cb6e8fb573a72334b5e577afad9ed2b0aab5d009381,320.0,,,,,,
DIRECT_PHYSICAL,100.0,validation_off_grid,WIENER_GAUSSIAN,0.95,0.9587332589285714,SUPPORTED,,e9c3a2d32a8bc24f638b0cb6e8fb573a72334b5e577afad9ed2b0aab5d009381,320.0,,,,,,
DIRECT_PHYSICAL,100.0,validation_off_grid,WIENER_GAUSSIAN,,,SUPPORTED,joint chi-square calibration,e9c3a2d32a8bc24f638b0cb6e8fb573a72334b5e577afad9ed2b0aab5d009381,,1296.361209551506,224.0,5.787326828354937,3.888975070906989e-13,0.0,224.0
DIRECT_PHYSICAL,100.0,validation_ood,WIENER_GAUSSIAN,0.5,0.8000313895089286,SUPPORTED,,e9c3a2d32a8bc24f638b0cb6e8fb573a72334b5e577afad9ed2b0aab5d009381,256.0,,,,,,
DIRECT_PHYSICAL,100.0,validation_ood,WIENER_GAUSSIAN,0.9,0.9291643415178571,SUPPORTED,,e9c3a2d32a8bc24f638b0cb6e8fb573a72334b5e577afad9ed2b0aab5d009381,256.0,,,,,,
DIRECT_PHYSICAL,100.0,validation_ood,WIENER_GAUSSIAN,0.95,0.9385986328125,SUPPORTED,,e9c3a2d32a8bc24f638b0cb6e8fb573a72334b5e577afad9ed2b0aab5d009381,256.0,,,,,,
DIRECT_PHYSICAL,100.0,validation_ood,WIENER_GAUSSIAN,,,SUPPORTED,joint chi-square calibration,e9c3a2d32a8bc24f638b0cb6e8fb573a72334b5e577afad9ed2b0aab5d009381,,9211.81907501421,224.0,41.12419229917058,0.0,0.0,224.0
DIRECT_PHYSICAL,100.0,validation_in_class,LINEAR_STATE_SPACE,0.5,0.9750627790178571,SUPPORTED,,e9c3a2d32a8bc24f638b0cb6e8fb573a72334b5e577afad9ed2b0aab5d009381,512.0,,,,,,
DIRECT_PHYSICAL,100.0,validation_in_class,LINEAR_STATE_SPACE,0.9,0.9987880161830357,SUPPORTED,,e9c3a2d32a8bc24f638b0cb6e8fb573a72334b5e577afad9ed2b0aab5d009381,512.0,,,,,,
DIRECT_PHYSICAL,100.0,validation_in_class,LINEAR_STATE_SPACE,0.95,0.9995901925223214,SUPPORTED,,e9c3a2d32a8bc24f638b0cb6e8fb573a72334b5e577afad9ed2b0aab5d009381,512.0,,,,,,
DIRECT_PHYSICAL,100.0,validation_in_class,LINEAR_STATE_SPACE,,,SUPPORTED,joint chi-square calibration,e9c3a2d32a8bc24f638b0cb6e8fb573a72334b5e577afad9ed2b0aab5d009381,,6.880530827341069,224.0,0.0307166554792012,1.0,0.0,224.0
DIRECT_PHYSICAL,100.0,validation_off_grid,LINEAR_STATE_SPACE,0.5,0.9907087053571428,SUPPORTED,,e9c3a2d32a8bc24f638b0cb6e8fb573a72334b5e577afad9ed2b0aab5d009381,320.0,,,,,,
DIRECT_PHYSICAL,100.0,validation_off_grid,LINEAR_STATE_SPACE,0.9,0.9999441964285715,SUPPORTED,,e9c3a2d32a8bc24f638b0cb6e8fb573a72334b5e577afad9ed2b0aab5d009381,320.0,,,,,,
DIRECT_PHYSICAL,100.0,validation_off_grid,LINEAR_STATE_SPACE,0.95,1.0,SUPPORTED,,e9c3a2d32a8bc24f638b0cb6e8fb573a72334b5e577afad9ed2b0aab5d009381,320.0,,,,,,
DIRECT_PHYSICAL,100.0,validation_off_grid,LINEAR_STATE_SPACE,,,SUPPORTED,joint chi-square calibration,e9c3a2d32a8bc24f638b0cb6e8fb573a72334b5e577afad9ed2b0aab5d009381,,3.476599461227198,224.0,0.015520533309049992,1.0,0.0,224.0
DIRECT_PHYSICAL,100.0,validation_ood,LINEAR_STATE_SPACE,0.5,0.9921351841517857,SUPPORTED,,e9c3a2d32a8bc24f638b0cb6e8fb573a72334b5e577afad9ed2b0aab5d009381,256.0,,,,,,
DIRECT_PHYSICAL,100.0,validation_ood,LINEAR_STATE_SPACE,0.9,1.0,SUPPORTED,,e9c3a2d32a8bc24f638b0cb6e8fb573a72334b5e577afad9ed2b0aab5d009381,256.0,,,,,,
DIRECT_PHYSICAL,100.0,validation_ood,LINEAR_STATE_SPACE,0.95,1.0,SUPPORTED,,e9c3a2d32a8bc24f638b0cb6e8fb573a72334b5e577afad9ed2b0aab5d009381,256.0,,,,,,
DIRECT_PHYSICAL,100.0,validation_ood,LINEAR_STATE_SPACE,,,SUPPORTED,joint chi-square calibration,e9c3a2d32a8bc24f638b0cb6e8fb573a72334b5e577afad9ed2b0aab5d009381,,2.9553295348577504,224.0,0.0131934354234721,1.0,0.0,224.0
DIRECT_PHYSICAL,300.0,validation_in_class,TSVD,0.5,,NOT_APPLICABLE,point estimator with no posterior covariance,e9c3a2d32a8bc24f638b0cb6e8fb573a72334b5e577afad9ed2b0aab5d009381,,,,,,,
DIRECT_PHYSICAL,300.0,validation_in_class,TSVD,0.9,,NOT_APPLICABLE,point estimator with no posterior covariance,e9c3a2d32a8bc24f638b0cb6e8fb573a72334b5e577afad9ed2b0aab5d009381,,,,,,,
DIRECT_PHYSICAL,300.0,validation_in_class,TSVD,0.95,,NOT_APPLICABLE,point estimator with no posterior covariance,e9c3a2d32a8bc24f638b0cb6e8fb573a72334b5e577afad9ed2b0aab5d009381,,,,,,,
DIRECT_PHYSICAL,300.0,validation_off_grid,TSVD,0.5,,NOT_APPLICABLE,point estimator with no posterior covariance,e9c3a2d32a8bc24f638b0cb6e8fb573a72334b5e577afad9ed2b0aab5d009381,,,,,,,
DIRECT_PHYSICAL,300.0,validation_off_grid,TSVD,0.9,,NOT_APPLICABLE,point estimator with no posterior covariance,e9c3a2d32a8bc24f638b0cb6e8fb573a72334b5e577afad9ed2b0aab5d009381,,,,,,,
DIRECT_PHYSICAL,300.0,validation_off_grid,TSVD,0.95,,NOT_APPLICABLE,point estimator with no posterior covariance,e9c3a2d32a8bc24f638b0cb6e8fb573a72334b5e577afad9ed2b0aab5d009381,,,,,,,
DIRECT_PHYSICAL,300.0,validation_ood,TSVD,0.5,,NOT_APPLICABLE,point estimator with no posterior covariance,e9c3a2d32a8bc24f638b0cb6e8fb573a72334b5e577afad9ed2b0aab5d009381,,,,,,,
DIRECT_PHYSICAL,300.0,validation_ood,TSVD,0.9,,NOT_APPLICABLE,point estimator with no posterior covariance,e9c3a2d32a8bc24f638b0cb6e8fb573a72334b5e577afad9ed2b0aab5d009381,,,,,,,
DIRECT_PHYSICAL,300.0,validation_ood,TSVD,0.95,,NOT_APPLICABLE,point estimator with no posterior covariance,e9c3a2d32a8bc24f638b0cb6e8fb573a72334b5e577afad9ed2b0aab5d009381,,,,,,,
DIRECT_PHYSICAL,300.0,validation_in_class,RIDGE_IDENTITY,0.5,,NOT_APPLICABLE,point estimator with no posterior covariance,e9c3a2d32a8bc24f638b0cb6e8fb573a72334b5e577afad9ed2b0aab5d009381,,,,,,,
DIRECT_PHYSICAL,300.0,validation_in_class,RIDGE_IDENTITY,0.9,,NOT_APPLICABLE,point estimator with no posterior covariance,e9c3a2d32a8bc24f638b0cb6e8fb573a72334b5e577afad9ed2b0aab5d009381,,,,,,,
DIRECT_PHYSICAL,300.0,validation_in_class,RIDGE_IDENTITY,0.95,,NOT_APPLICABLE,point estimator with no posterior covariance,e9c3a2d32a8bc24f638b0cb6e8fb573a72334b5e577afad9ed2b0aab5d009381,,,,,,,
DIRECT_PHYSICAL,300.0,validation_off_grid,RIDGE_IDENTITY,0.5,,NOT_APPLICABLE,point estimator with no posterior covariance,e9c3a2d32a8bc24f638b0cb6e8fb573a72334b5e577afad9ed2b0aab5d009381,,,,,,,
DIRECT_PHYSICAL,300.0,validation_off_grid,RIDGE_IDENTITY,0.9,,NOT_APPLICABLE,point estimator with no posterior covariance,e9c3a2d32a8bc24f638b0cb6e8fb573a72334b5e577afad9ed2b0aab5d009381,,,,,,,
DIRECT_PHYSICAL,300.0,validation_off_grid,RIDGE_IDENTITY,0.95,,NOT_APPLICABLE,point estimator with no posterior covariance,e9c3a2d32a8bc24f638b0cb6e8fb573a72334b5e577afad9ed2b0aab5d009381,,,,,,,
DIRECT_PHYSICAL,300.0,validation_ood,RIDGE_IDENTITY,0.5,,NOT_APPLICABLE,point estimator with no posterior covariance,e9c3a2d32a8bc24f638b0cb6e8fb573a72334b5e577afad9ed2b0aab5d009381,,,,,,,
DIRECT_PHYSICAL,300.0,validation_ood,RIDGE_IDENTITY,0.9,,NOT_APPLICABLE,point estimator with no posterior covariance,e9c3a2d32a8bc24f638b0cb6e8fb573a72334b5e577afad9ed2b0aab5d009381,,,,,,,
DIRECT_PHYSICAL,300.0,validation_ood,RIDGE_IDENTITY,0.95,,NOT_APPLICABLE,point estimator with no posterior covariance,e9c3a2d32a8bc24f638b0cb6e8fb573a72334b5e577afad9ed2b0aab5d009381,,,,,,,
DIRECT_PHYSICAL,300.0,validation_in_class,TIKHONOV_TEMPORAL,0.5,,NOT_APPLICABLE,point estimator with no posterior covariance,e9c3a2d32a8bc24f638b0cb6e8fb573a72334b5e577afad9ed2b0aab5d009381,,,,,,,
DIRECT_PHYSICAL,300.0,validation_in_class,TIKHONOV_TEMPORAL,0.9,,NOT_APPLICABLE,point estimator with no posterior covariance,e9c3a2d32a8bc24f638b0cb6e8fb573a72334b5e577afad9ed2b0aab5d009381,,,,,,,
DIRECT_PHYSICAL,300.0,validation_in_class,TIKHONOV_TEMPORAL,0.95,,NOT_APPLICABLE,point estimator with no posterior covariance,e9c3a2d32a8bc24f638b0cb6e8fb573a72334b5e577afad9ed2b0aab5d009381,,,,,,,
DIRECT_PHYSICAL,300.0,validation_off_grid,TIKHONOV_TEMPORAL,0.5,,NOT_APPLICABLE,point estimator with no posterior covariance,e9c3a2d32a8bc24f638b0cb6e8fb573a72334b5e577afad9ed2b0aab5d009381,,,,,,,
DIRECT_PHYSICAL,300.0,validation_off_grid,TIKHONOV_TEMPORAL,0.9,,NOT_APPLICABLE,point estimator with no posterior covariance,e9c3a2d32a8bc24f638b0cb6e8fb573a72334b5e577afad9ed2b0aab5d009381,,,,,,,
DIRECT_PHYSICAL,300.0,validation_off_grid,TIKHONOV_TEMPORAL,0.95,,NOT_APPLICABLE,point estimator with no posterior covariance,e9c3a2d32a8bc24f638b0cb6e8fb573a72334b5e577afad9ed2b0aab5d009381,,,,,,,
DIRECT_PHYSICAL,300.0,validation_ood,TIKHONOV_TEMPORAL,0.5,,NOT_APPLICABLE,point estimator with no posterior covariance,e9c3a2d32a8bc24f638b0cb6e8fb573a72334b5e577afad9ed2b0aab5d009381,,,,,,,
DIRECT_PHYSICAL,300.0,validation_ood,TIKHONOV_TEMPORAL,0.9,,NOT_APPLICABLE,point estimator with no posterior covariance,e9c3a2d32a8bc24f638b0cb6e8fb573a72334b5e577afad9ed2b0aab5d009381,,,,,,,
DIRECT_PHYSICAL,300.0,validation_ood,TIKHONOV_TEMPORAL,0.95,,NOT_APPLICABLE,point estimator with no posterior covariance,e9c3a2d32a8bc24f638b0cb6e8fb573a72334b5e577afad9ed2b0aab5d009381,,,,,,,
DIRECT_PHYSICAL,300.0,validation_in_class,WIENER_GAUSSIAN,0.5,0.7677176339285714,SUPPORTED,,e9c3a2d32a8bc24f638b0cb6e8fb573a72334b5e577afad9ed2b0aab5d009381,512.0,,,,,,
DIRECT_PHYSICAL,300.0,validation_in_class,WIENER_GAUSSIAN,0.9,0.9292951311383929,SUPPORTED,,e9c3a2d32a8bc24f638b0cb6e8fb573a72334b5e577afad9ed2b0aab5d009381,512.0,,,,,,
DIRECT_PHYSICAL,300.0,validation_in_class,WIENER_GAUSSIAN,0.95,0.9429146902901786,SUPPORTED,,e9c3a2d32a8bc24f638b0cb6e8fb573a72334b5e577afad9ed2b0aab5d009381,512.0,,,,,,
DIRECT_PHYSICAL,300.0,validation_in_class,WIENER_GAUSSIAN,,,SUPPORTED,joint chi-square calibration,e9c3a2d32a8bc24f638b0cb6e8fb573a72334b5e577afad9ed2b0aab5d009381,,651.4983405115966,224.0,2.9084747344267705,0.0009172018353780552,0.0,224.0
DIRECT_PHYSICAL,300.0,validation_off_grid,WIENER_GAUSSIAN,0.5,0.8224748883928571,SUPPORTED,,e9c3a2d32a8bc24f638b0cb6e8fb573a72334b5e577afad9ed2b0aab5d009381,320.0,,,,,,
DIRECT_PHYSICAL,300.0,validation_off_grid,WIENER_GAUSSIAN,0.9,0.948828125,SUPPORTED,,e9c3a2d32a8bc24f638b0cb6e8fb573a72334b5e577afad9ed2b0aab5d009381,320.0,,,,,,
DIRECT_PHYSICAL,300.0,validation_off_grid,WIENER_GAUSSIAN,0.95,0.9585658482142857,SUPPORTED,,e9c3a2d32a8bc24f638b0cb6e8fb573a72334b5e577afad9ed2b0aab5d009381,320.0,,,,,,
DIRECT_PHYSICAL,300.0,validation_off_grid,WIENER_GAUSSIAN,,,SUPPORTED,joint chi-square calibration,e9c3a2d32a8bc24f638b0cb6e8fb573a72334b5e577afad9ed2b0aab5d009381,,1299.2302011839497,224.0,5.8001348267140616,1.9793347659094088e-13,0.0,224.0
DIRECT_PHYSICAL,300.0,validation_ood,WIENER_GAUSSIAN,0.5,0.7982526506696429,SUPPORTED,,e9c3a2d32a8bc24f638b0cb6e8fb573a72334b5e577afad9ed2b0aab5d009381,256.0,,,,,,
DIRECT_PHYSICAL,300.0,validation_ood,WIENER_GAUSSIAN,0.9,0.9291643415178571,SUPPORTED,,e9c3a2d32a8bc24f638b0cb6e8fb573a72334b5e577afad9ed2b0aab5d009381,256.0,,,,,,
DIRECT_PHYSICAL,300.0,validation_ood,WIENER_GAUSSIAN,0.95,0.9383544921875,SUPPORTED,,e9c3a2d32a8bc24f638b0cb6e8fb573a72334b5e577afad9ed2b0aab5d009381,256.0,,,,,,
DIRECT_PHYSICAL,300.0,validation_ood,WIENER_GAUSSIAN,,,SUPPORTED,joint chi-square calibration,e9c3a2d32a8bc24f638b0cb6e8fb573a72334b5e577afad9ed2b0aab5d009381,,9214.692462843817,224.0,41.1370199234099,0.0,0.0,224.0
DIRECT_PHYSICAL,300.0,validation_in_class,LINEAR_STATE_SPACE,0.5,0.9751063755580357,SUPPORTED,,e9c3a2d32a8bc24f638b0cb6e8fb573a72334b5e577afad9ed2b0aab5d009381,512.0,,,,,,
DIRECT_PHYSICAL,300.0,validation_in_class,LINEAR_STATE_SPACE,0.9,0.9988054547991071,SUPPORTED,,e9c3a2d32a8bc24f638b0cb6e8fb573a72334b5e577afad9ed2b0aab5d009381,512.0,,,,,,
DIRECT_PHYSICAL,300.0,validation_in_class,LINEAR_STATE_SPACE,0.95,0.9995989118303571,SUPPORTED,,e9c3a2d32a8bc24f638b0cb6e8fb573a72334b5e577afad9ed2b0aab5d009381,512.0,,,,,,
DIRECT_PHYSICAL,300.0,validation_in_class,LINEAR_STATE_SPACE,,,SUPPORTED,joint chi-square calibration,e9c3a2d32a8bc24f638b0cb6e8fb573a72334b5e577afad9ed2b0aab5d009381,,6.8718727603016205,224.0,0.03067800339420366,1.0,0.0,224.0
DIRECT_PHYSICAL,300.0,validation_off_grid,LINEAR_STATE_SPACE,0.5,0.9908342633928572,SUPPORTED,,e9c3a2d32a8bc24f638b0cb6e8fb573a72334b5e577afad9ed2b0aab5d009381,320.0,,,,,,
DIRECT_PHYSICAL,300.0,validation_off_grid,LINEAR_STATE_SPACE,0.9,0.9999441964285715,SUPPORTED,,e9c3a2d32a8bc24f638b0cb6e8fb573a72334b5e577afad9ed2b0aab5d009381,320.0,,,,,,
DIRECT_PHYSICAL,300.0,validation_off_grid,LINEAR_STATE_SPACE,0.95,1.0,SUPPORTED,,e9c3a2d32a8bc24f638b0cb6e8fb573a72334b5e577afad9ed2b0aab5d009381,320.0,,,,,,
DIRECT_PHYSICAL,300.0,validation_off_grid,LINEAR_STATE_SPACE,,,SUPPORTED,joint chi-square calibration,e9c3a2d32a8bc24f638b0cb6e8fb573a72334b5e577afad9ed2b0aab5d009381,,3.4689214920712415,224.0,0.015486256661032328,1.0,0.0,224.0
DIRECT_PHYSICAL,300.0,validation_ood,LINEAR_STATE_SPACE,0.5,0.9920305524553571,SUPPORTED,,e9c3a2d32a8bc24f638b0cb6e8fb573a72334b5e577afad9ed2b0aab5d009381,256.0,,,,,,
DIRECT_PHYSICAL,300.0,validation_ood,LINEAR_STATE_SPACE,0.9,1.0,SUPPORTED,,e9c3a2d32a8bc24f638b0cb6e8fb573a72334b5e577afad9ed2b0aab5d009381,256.0,,,,,,
DIRECT_PHYSICAL,300.0,validation_ood,LINEAR_STATE_SPACE,0.95,1.0,SUPPORTED,,e9c3a2d32a8bc24f638b0cb6e8fb573a72334b5e577afad9ed2b0aab5d009381,256.0,,,,,,
DIRECT_PHYSICAL,300.0,validation_ood,LINEAR_STATE_SPACE,,,SUPPORTED,joint chi-square calibration,e9c3a2d32a8bc24f638b0cb6e8fb573a72334b5e577afad9ed2b0aab5d009381,,2.947086223008495,224.0,0.013156634924145066,1.0,0.0,224.0
DIRECT_PHYSICAL,1000.0,validation_in_class,TSVD,0.5,,NOT_APPLICABLE,point estimator with no posterior covariance,e9c3a2d32a8bc24f638b0cb6e8fb573a72334b5e577afad9ed2b0aab5d009381,,,,,,,
DIRECT_PHYSICAL,1000.0,validation_in_class,TSVD,0.9,,NOT_APPLICABLE,point estimator with no posterior covariance,e9c3a2d32a8bc24f638b0cb6e8fb573a72334b5e577afad9ed2b0aab5d009381,,,,,,,
DIRECT_PHYSICAL,1000.0,validation_in_class,TSVD,0.95,,NOT_APPLICABLE,point estimator with no posterior covariance,e9c3a2d32a8bc24f638b0cb6e8fb573a72334b5e577afad9ed2b0aab5d009381,,,,,,,
DIRECT_PHYSICAL,1000.0,validation_off_grid,TSVD,0.5,,NOT_APPLICABLE,point estimator with no posterior covariance,e9c3a2d32a8bc24f638b0cb6e8fb573a72334b5e577afad9ed2b0aab5d009381,,,,,,,
DIRECT_PHYSICAL,1000.0,validation_off_grid,TSVD,0.9,,NOT_APPLICABLE,point estimator with no posterior covariance,e9c3a2d32a8bc24f638b0cb6e8fb573a72334b5e577afad9ed2b0aab5d009381,,,,,,,
DIRECT_PHYSICAL,1000.0,validation_off_grid,TSVD,0.95,,NOT_APPLICABLE,point estimator with no posterior covariance,e9c3a2d32a8bc24f638b0cb6e8fb573a72334b5e577afad9ed2b0aab5d009381,,,,,,,
DIRECT_PHYSICAL,1000.0,validation_ood,TSVD,0.5,,NOT_APPLICABLE,point estimator with no posterior covariance,e9c3a2d32a8bc24f638b0cb6e8fb573a72334b5e577afad9ed2b0aab5d009381,,,,,,,
DIRECT_PHYSICAL,1000.0,validation_ood,TSVD,0.9,,NOT_APPLICABLE,point estimator with no posterior covariance,e9c3a2d32a8bc24f638b0cb6e8fb573a72334b5e577afad9ed2b0aab5d009381,,,,,,,
DIRECT_PHYSICAL,1000.0,validation_ood,TSVD,0.95,,NOT_APPLICABLE,point estimator with no posterior covariance,e9c3a2d32a8bc24f638b0cb6e8fb573a72334b5e577afad9ed2b0aab5d009381,,,,,,,
DIRECT_PHYSICAL,1000.0,validation_in_class,RIDGE_IDENTITY,0.5,,NOT_APPLICABLE,point estimator with no posterior covariance,e9c3a2d32a8bc24f638b0cb6e8fb573a72334b5e577afad9ed2b0aab5d009381,,,,,,,
DIRECT_PHYSICAL,1000.0,validation_in_class,RIDGE_IDENTITY,0.9,,NOT_APPLICABLE,point estimator with no posterior covariance,e9c3a2d32a8bc24f638b0cb6e8fb573a72334b5e577afad9ed2b0aab5d009381,,,,,,,
DIRECT_PHYSICAL,1000.0,validation_in_class,RIDGE_IDENTITY,0.95,,NOT_APPLICABLE,point estimator with no posterior covariance,e9c3a2d32a8bc24f638b0cb6e8fb573a72334b5e577afad9ed2b0aab5d009381,,,,,,,
DIRECT_PHYSICAL,1000.0,validation_off_grid,RIDGE_IDENTITY,0.5,,NOT_APPLICABLE,point estimator with no posterior covariance,e9c3a2d32a8bc24f638b0cb6e8fb573a72334b5e577afad9ed2b0aab5d009381,,,,,,,
DIRECT_PHYSICAL,1000.0,validation_off_grid,RIDGE_IDENTITY,0.9,,NOT_APPLICABLE,point estimator with no posterior covariance,e9c3a2d32a8bc24f638b0cb6e8fb573a72334b5e577afad9ed2b0aab5d009381,,,,,,,
DIRECT_PHYSICAL,1000.0,validation_off_grid,RIDGE_IDENTITY,0.95,,NOT_APPLICABLE,point estimator with no posterior covariance,e9c3a2d32a8bc24f638b0cb6e8fb573a72334b5e577afad9ed2b0aab5d009381,,,,,,,
DIRECT_PHYSICAL,1000.0,validation_ood,RIDGE_IDENTITY,0.5,,NOT_APPLICABLE,point estimator with no posterior covariance,e9c3a2d32a8bc24f638b0cb6e8fb573a72334b5e577afad9ed2b0aab5d009381,,,,,,,
DIRECT_PHYSICAL,1000.0,validation_ood,RIDGE_IDENTITY,0.9,,NOT_APPLICABLE,point estimator with no posterior covariance,e9c3a2d32a8bc24f638b0cb6e8fb573a72334b5e577afad9ed2b0aab5d009381,,,,,,,
DIRECT_PHYSICAL,1000.0,validation_ood,RIDGE_IDENTITY,0.95,,NOT_APPLICABLE,point estimator with no posterior covariance,e9c3a2d32a8bc24f638b0cb6e8fb573a72334b5e577afad9ed2b0aab5d009381,,,,,,,
DIRECT_PHYSICAL,1000.0,validation_in_class,TIKHONOV_TEMPORAL,0.5,,NOT_APPLICABLE,point estimator with no posterior covariance,e9c3a2d32a8bc24f638b0cb6e8fb573a72334b5e577afad9ed2b0aab5d009381,,,,,,,
DIRECT_PHYSICAL,1000.0,validation_in_class,TIKHONOV_TEMPORAL,0.9,,NOT_APPLICABLE,point estimator with no posterior covariance,e9c3a2d32a8bc24f638b0cb6e8fb573a72334b5e577afad9ed2b0aab5d009381,,,,,,,
DIRECT_PHYSICAL,1000.0,validation_in_class,TIKHONOV_TEMPORAL,0.95,,NOT_APPLICABLE,point estimator with no posterior covariance,e9c3a2d32a8bc24f638b0cb6e8fb573a72334b5e577afad9ed2b0aab5d009381,,,,,,,
DIRECT_PHYSICAL,1000.0,validation_off_grid,TIKHONOV_TEMPORAL,0.5,,NOT_APPLICABLE,point estimator with no posterior covariance,e9c3a2d32a8bc24f638b0cb6e8fb573a72334b5e577afad9ed2b0aab5d009381,,,,,,,
DIRECT_PHYSICAL,1000.0,validation_off_grid,TIKHONOV_TEMPORAL,0.9,,NOT_APPLICABLE,point estimator with no posterior covariance,e9c3a2d32a8bc24f638b0cb6e8fb573a72334b5e577afad9ed2b0aab5d009381,,,,,,,
DIRECT_PHYSICAL,1000.0,validation_off_grid,TIKHONOV_TEMPORAL,0.95,,NOT_APPLICABLE,point estimator with no posterior covariance,e9c3a2d32a8bc24f638b0cb6e8fb573a72334b5e577afad9ed2b0aab5d009381,,,,,,,
DIRECT_PHYSICAL,1000.0,validation_ood,TIKHONOV_TEMPORAL,0.5,,NOT_APPLICABLE,point estimator with no posterior covariance,e9c3a2d32a8bc24f638b0cb6e8fb573a72334b5e577afad9ed2b0aab5d009381,,,,,,,
DIRECT_PHYSICAL,1000.0,validation_ood,TIKHONOV_TEMPORAL,0.9,,NOT_APPLICABLE,point estimator with no posterior covariance,e9c3a2d32a8bc24f638b0cb6e8fb573a72334b5e577afad9ed2b0aab5d009381,,,,,,,
DIRECT_PHYSICAL,1000.0,validation_ood,TIKHONOV_TEMPORAL,0.95,,NOT_APPLICABLE,point estimator with no posterior covariance,e9c3a2d32a8bc24f638b0cb6e8fb573a72334b5e577afad9ed2b0aab5d009381,,,,,,,
DIRECT_PHYSICAL,1000.0,validation_in_class,WIENER_GAUSSIAN,0.5,0.7672642299107143,SUPPORTED,,e9c3a2d32a8bc24f638b0cb6e8fb573a72334b5e577afad9ed2b0aab5d009381,512.0,,,,,,
DIRECT_PHYSICAL,1000.0,validation_in_class,WIENER_GAUSSIAN,0.9,0.9291730608258929,SUPPORTED,,e9c3a2d32a8bc24f638b0cb6e8fb573a72334b5e577afad9ed2b0aab5d009381,512.0,,,,,,
DIRECT_PHYSICAL,1000.0,validation_in_class,WIENER_GAUSSIAN,0.95,0.9428536551339286,SUPPORTED,,e9c3a2d32a8bc24f638b0cb6e8fb573a72334b5e577afad9ed2b0aab5d009381,512.0,,,,,,
DIRECT_PHYSICAL,1000.0,validation_in_class,WIENER_GAUSSIAN,,,SUPPORTED,joint chi-square calibration,e9c3a2d32a8bc24f638b0cb6e8fb573a72334b5e577afad9ed2b0aab5d009381,,652.514557410463,224.0,2.9130114170109955,0.0007957644669732325,0.0,224.0
DIRECT_PHYSICAL,1000.0,validation_off_grid,WIENER_GAUSSIAN,0.5,0.82177734375,SUPPORTED,,e9c3a2d32a8bc24f638b0cb6e8fb573a72334b5e577afad9ed2b0aab5d009381,320.0,,,,,,
DIRECT_PHYSICAL,1000.0,validation_off_grid,WIENER_GAUSSIAN,0.9,0.9488141741071429,SUPPORTED,,e9c3a2d32a8bc24f638b0cb6e8fb573a72334b5e577afad9ed2b0aab5d009381,320.0,,,,,,
DIRECT_PHYSICAL,1000.0,validation_off_grid,WIENER_GAUSSIAN,0.95,0.9585100446428572,SUPPORTED,,e9c3a2d32a8bc24f638b0cb6e8fb573a72334b5e577afad9ed2b0aab5d009381,320.0,,,,,,
DIRECT_PHYSICAL,1000.0,validation_off_grid,WIENER_GAUSSIAN,,,SUPPORTED,joint chi-square calibration,e9c3a2d32a8bc24f638b0cb6e8fb573a72334b5e577afad9ed2b0aab5d009381,,1300.238591605864,224.0,5.804636569669036,1.5548070492709446e-13,0.0,224.0
DIRECT_PHYSICAL,1000.0,validation_ood,WIENER_GAUSSIAN,0.5,0.7977992466517857,SUPPORTED,,e9c3a2d32a8bc24f638b0cb6e8fb573a72334b5e577afad9ed2b0aab5d009381,256.0,,,,,,
DIRECT_PHYSICAL,1000.0,validation_ood,WIENER_GAUSSIAN,0.9,0.9291469029017857,SUPPORTED,,e9c3a2d32a8bc24f638b0cb6e8fb573a72334b5e577afad9ed2b0aab5d009381,256.0,,,,,,
DIRECT_PHYSICAL,1000.0,validation_ood,WIENER_GAUSSIAN,0.95,0.9382149832589286,SUPPORTED,,e9c3a2d32a8bc24f638b0cb6e8fb573a72334b5e577afad9ed2b0aab5d009381,256.0,,,,,,
DIRECT_PHYSICAL,1000.0,validation_ood,WIENER_GAUSSIAN,,,SUPPORTED,joint chi-square calibration,e9c3a2d32a8bc24f638b0cb6e8fb573a72334b5e577afad9ed2b0aab5d009381,,9215.702707547694,224.0,41.14152994440935,0.0,0.0,224.0
DIRECT_PHYSICAL,1000.0,validation_in_class,LINEAR_STATE_SPACE,0.5,0.97509765625,SUPPORTED,,e9c3a2d32a8bc24f638b0cb6e8fb573a72334b5e577afad9ed2b0aab5d009381,512.0,,,,,,
DIRECT_PHYSICAL,1000.0,validation_in_class,LINEAR_STATE_SPACE,0.9,0.9988054547991071,SUPPORTED,,e9c3a2d32a8bc24f638b0cb6e8fb573a72334b5e577afad9ed2b0aab5d009381,512.0,,,,,,
DIRECT_PHYSICAL,1000.0,validation_in_class,LINEAR_STATE_SPACE,0.95,0.9995989118303571,SUPPORTED,,e9c3a2d32a8bc24f638b0cb6e8fb573a72334b5e577afad9ed2b0aab5d009381,512.0,,,,,,
DIRECT_PHYSICAL,1000.0,validation_in_class,LINEAR_STATE_SPACE,,,SUPPORTED,joint chi-square calibration,e9c3a2d32a8bc24f638b0cb6e8fb573a72334b5e577afad9ed2b0aab5d009381,,6.870982060738227,224.0,0.030674027056867084,1.0,0.0,224.0
DIRECT_PHYSICAL,1000.0,validation_off_grid,LINEAR_STATE_SPACE,0.5,0.9907924107142857,SUPPORTED,,e9c3a2d32a8bc24f638b0cb6e8fb573a72334b5e577afad9ed2b0aab5d009381,320.0,,,,,,
DIRECT_PHYSICAL,1000.0,validation_off_grid,LINEAR_STATE_SPACE,0.9,0.9999441964285715,SUPPORTED,,e9c3a2d32a8bc24f638b0cb6e8fb573a72334b5e577afad9ed2b0aab5d009381,320.0,,,,,,
DIRECT_PHYSICAL,1000.0,validation_off_grid,LINEAR_STATE_SPACE,0.95,1.0,SUPPORTED,,e9c3a2d32a8bc24f638b0cb6e8fb573a72334b5e577afad9ed2b0aab5d009381,320.0,,,,,,
DIRECT_PHYSICAL,1000.0,validation_off_grid,LINEAR_STATE_SPACE,,,SUPPORTED,joint chi-square calibration,e9c3a2d32a8bc24f638b0cb6e8fb573a72334b5e577afad9ed2b0aab5d009381,,3.467954252298953,224.0,0.015481938626334612,1.0,0.0,224.0
DIRECT_PHYSICAL,1000.0,validation_ood,LINEAR_STATE_SPACE,0.5,0.9920131138392857,SUPPORTED,,e9c3a2d32a8bc24f638b0cb6e8fb573a72334b5e577afad9ed2b0aab5d009381,256.0,,,,,,
DIRECT_PHYSICAL,1000.0,validation_ood,LINEAR_STATE_SPACE,0.9,1.0,SUPPORTED,,e9c3a2d32a8bc24f638b0cb6e8fb573a72334b5e577afad9ed2b0aab5d009381,256.0,,,,,,
DIRECT_PHYSICAL,1000.0,validation_ood,LINEAR_STATE_SPACE,0.95,1.0,SUPPORTED,,e9c3a2d32a8bc24f638b0cb6e8fb573a72334b5e577afad9ed2b0aab5d009381,256.0,,,,,,
DIRECT_PHYSICAL,1000.0,validation_ood,LINEAR_STATE_SPACE,,,SUPPORTED,joint chi-square calibration,e9c3a2d32a8bc24f638b0cb6e8fb573a72334b5e577afad9ed2b0aab5d009381,,2.9461386896920274,224.0,0.013152404864696552,1.0,0.0,224.0
DIRECT_PHYSICAL,3000.0,validation_in_class,TSVD,0.5,,NOT_APPLICABLE,point estimator with no posterior covariance,e9c3a2d32a8bc24f638b0cb6e8fb573a72334b5e577afad9ed2b0aab5d009381,,,,,,,
DIRECT_PHYSICAL,3000.0,validation_in_class,TSVD,0.9,,NOT_APPLICABLE,point estimator with no posterior covariance,e9c3a2d32a8bc24f638b0cb6e8fb573a72334b5e577afad9ed2b0aab5d009381,,,,,,,
DIRECT_PHYSICAL,3000.0,validation_in_class,TSVD,0.95,,NOT_APPLICABLE,point estimator with no posterior covariance,e9c3a2d32a8bc24f638b0cb6e8fb573a72334b5e577afad9ed2b0aab5d009381,,,,,,,
DIRECT_PHYSICAL,3000.0,validation_off_grid,TSVD,0.5,,NOT_APPLICABLE,point estimator with no posterior covariance,e9c3a2d32a8bc24f638b0cb6e8fb573a72334b5e577afad9ed2b0aab5d009381,,,,,,,
DIRECT_PHYSICAL,3000.0,validation_off_grid,TSVD,0.9,,NOT_APPLICABLE,point estimator with no posterior covariance,e9c3a2d32a8bc24f638b0cb6e8fb573a72334b5e577afad9ed2b0aab5d009381,,,,,,,
DIRECT_PHYSICAL,3000.0,validation_off_grid,TSVD,0.95,,NOT_APPLICABLE,point estimator with no posterior covariance,e9c3a2d32a8bc24f638b0cb6e8fb573a72334b5e577afad9ed2b0aab5d009381,,,,,,,
DIRECT_PHYSICAL,3000.0,validation_ood,TSVD,0.5,,NOT_APPLICABLE,point estimator with no posterior covariance,e9c3a2d32a8bc24f638b0cb6e8fb573a72334b5e577afad9ed2b0aab5d009381,,,,,,,
DIRECT_PHYSICAL,3000.0,validation_ood,TSVD,0.9,,NOT_APPLICABLE,point estimator with no posterior covariance,e9c3a2d32a8bc24f638b0cb6e8fb573a72334b5e577afad9ed2b0aab5d009381,,,,,,,
DIRECT_PHYSICAL,3000.0,validation_ood,TSVD,0.95,,NOT_APPLICABLE,point estimator with no posterior covariance,e9c3a2d32a8bc24f638b0cb6e8fb573a72334b5e577afad9ed2b0aab5d009381,,,,,,,
DIRECT_PHYSICAL,3000.0,validation_in_class,RIDGE_IDENTITY,0.5,,NOT_APPLICABLE,point estimator with no posterior covariance,e9c3a2d32a8bc24f638b0cb6e8fb573a72334b5e577afad9ed2b0aab5d009381,,,,,,,
DIRECT_PHYSICAL,3000.0,validation_in_class,RIDGE_IDENTITY,0.9,,NOT_APPLICABLE,point estimator with no posterior covariance,e9c3a2d32a8bc24f638b0cb6e8fb573a72334b5e577afad9ed2b0aab5d009381,,,,,,,
DIRECT_PHYSICAL,3000.0,validation_in_class,RIDGE_IDENTITY,0.95,,NOT_APPLICABLE,point estimator with no posterior covariance,e9c3a2d32a8bc24f638b0cb6e8fb573a72334b5e577afad9ed2b0aab5d009381,,,,,,,
DIRECT_PHYSICAL,3000.0,validation_off_grid,RIDGE_IDENTITY,0.5,,NOT_APPLICABLE,point estimator with no posterior covariance,e9c3a2d32a8bc24f638b0cb6e8fb573a72334b5e577afad9ed2b0aab5d009381,,,,,,,
DIRECT_PHYSICAL,3000.0,validation_off_grid,RIDGE_IDENTITY,0.9,,NOT_APPLICABLE,point estimator with no posterior covariance,e9c3a2d32a8bc24f638b0cb6e8fb573a72334b5e577afad9ed2b0aab5d009381,,,,,,,
DIRECT_PHYSICAL,3000.0,validation_off_grid,RIDGE_IDENTITY,0.95,,NOT_APPLICABLE,point estimator with no posterior covariance,e9c3a2d32a8bc24f638b0cb6e8fb573a72334b5e577afad9ed2b0aab5d009381,,,,,,,
DIRECT_PHYSICAL,3000.0,validation_ood,RIDGE_IDENTITY,0.5,,NOT_APPLICABLE,point estimator with no posterior covariance,e9c3a2d32a8bc24f638b0cb6e8fb573a72334b5e577afad9ed2b0aab5d009381,,,,,,,
DIRECT_PHYSICAL,3000.0,validation_ood,RIDGE_IDENTITY,0.9,,NOT_APPLICABLE,point estimator with no posterior covariance,e9c3a2d32a8bc24f638b0cb6e8fb573a72334b5e577afad9ed2b0aab5d009381,,,,,,,
DIRECT_PHYSICAL,3000.0,validation_ood,RIDGE_IDENTITY,0.95,,NOT_APPLICABLE,point estimator with no posterior covariance,e9c3a2d32a8bc24f638b0cb6e8fb573a72334b5e577afad9ed2b0aab5d009381,,,,,,,
DIRECT_PHYSICAL,3000.0,validation_in_class,TIKHONOV_TEMPORAL,0.5,,NOT_APPLICABLE,point estimator with no posterior covariance,e9c3a2d32a8bc24f638b0cb6e8fb573a72334b5e577afad9ed2b0aab5d009381,,,,,,,
DIRECT_PHYSICAL,3000.0,validation_in_class,TIKHONOV_TEMPORAL,0.9,,NOT_APPLICABLE,point estimator with no posterior covariance,e9c3a2d32a8bc24f638b0cb6e8fb573a72334b5e577afad9ed2b0aab5d009381,,,,,,,
DIRECT_PHYSICAL,3000.0,validation_in_class,TIKHONOV_TEMPORAL,0.95,,NOT_APPLICABLE,point estimator with no posterior covariance,e9c3a2d32a8bc24f638b0cb6e8fb573a72334b5e577afad9ed2b0aab5d009381,,,,,,,
DIRECT_PHYSICAL,3000.0,validation_off_grid,TIKHONOV_TEMPORAL,0.5,,NOT_APPLICABLE,point estimator with no posterior covariance,e9c3a2d32a8bc24f638b0cb6e8fb573a72334b5e577afad9ed2b0aab5d009381,,,,,,,
DIRECT_PHYSICAL,3000.0,validation_off_grid,TIKHONOV_TEMPORAL,0.9,,NOT_APPLICABLE,point estimator with no posterior covariance,e9c3a2d32a8bc24f638b0cb6e8fb573a72334b5e577afad9ed2b0aab5d009381,,,,,,,
DIRECT_PHYSICAL,3000.0,validation_off_grid,TIKHONOV_TEMPORAL,0.95,,NOT_APPLICABLE,point estimator with no posterior covariance,e9c3a2d32a8bc24f638b0cb6e8fb573a72334b5e577afad9ed2b0aab5d009381,,,,,,,
DIRECT_PHYSICAL,3000.0,validation_ood,TIKHONOV_TEMPORAL,0.5,,NOT_APPLICABLE,point estimator with no posterior covariance,e9c3a2d32a8bc24f638b0cb6e8fb573a72334b5e577afad9ed2b0aab5d009381,,,,,,,
DIRECT_PHYSICAL,3000.0,validation_ood,TIKHONOV_TEMPORAL,0.9,,NOT_APPLICABLE,point estimator with no posterior covariance,e9c3a2d32a8bc24f638b0cb6e8fb573a72334b5e577afad9ed2b0aab5d009381,,,,,,,
DIRECT_PHYSICAL,3000.0,validation_ood,TIKHONOV_TEMPORAL,0.95,,NOT_APPLICABLE,point estimator with no posterior covariance,e9c3a2d32a8bc24f638b0cb6e8fb573a72334b5e577afad9ed2b0aab5d009381,,,,,,,
DIRECT_PHYSICAL,3000.0,validation_in_class,WIENER_GAUSSIAN,0.5,0.7671421595982143,SUPPORTED,,e9c3a2d32a8bc24f638b0cb6e8fb573a72334b5e577afad9ed2b0aab5d009381,512.0,,,,,,
DIRECT_PHYSICAL,3000.0,validation_in_class,WIENER_GAUSSIAN,0.9,0.9291643415178571,SUPPORTED,,e9c3a2d32a8bc24f638b0cb6e8fb573a72334b5e577afad9ed2b0aab5d009381,512.0,,,,,,
DIRECT_PHYSICAL,3000.0,validation_in_class,WIENER_GAUSSIAN,0.95,0.9428274972098214,SUPPORTED,,e9c3a2d32a8bc24f638b0cb6e8fb573a72334b5e577afad9ed2b0aab5d009381,512.0,,,,,,
DIRECT_PHYSICAL,3000.0,validation_in_class,WIENER_GAUSSIAN,,,SUPPORTED,joint chi-square calibration,e9c3a2d32a8bc24f638b0cb6e8fb573a72334b5e577afad9ed2b0aab5d009381,,652.8043283715922,224.0,2.9143050373731794,0.0007655893014160692,0.0,224.0
DIRECT_PHYSICAL,3000.0,validation_off_grid,WIENER_GAUSSIAN,0.5,0.8216378348214286,SUPPORTED,,e9c3a2d32a8bc24f638b0cb6e8fb573a72334b5e577afad9ed2b0aab5d009381,320.0,,,,,,
DIRECT_PHYSICAL,3000.0,validation_off_grid,WIENER_GAUSSIAN,0.9,0.9488141741071429,SUPPORTED,,e9c3a2d32a8bc24f638b0cb6e8fb573a72334b5e577afad9ed2b0aab5d009381,320.0,,,,,,
DIRECT_PHYSICAL,3000.0,validation_off_grid,WIENER_GAUSSIAN,0.95,0.9585100446428572,SUPPORTED,,e9c3a2d32a8bc24f638b0cb6e8fb573a72334b5e577afad9ed2b0aab5d009381,320.0,,,,,,
DIRECT_PHYSICAL,3000.0,validation_off_grid,WIENER_GAUSSIAN,,,SUPPORTED,joint chi-square calibration,e9c3a2d32a8bc24f638b0cb6e8fb573a72334b5e577afad9ed2b0aab5d009381,,1300.5269194040914,224.0,5.805923747339693,1.4485252316941192e-13,0.0,224.0
DIRECT_PHYSICAL,3000.0,validation_ood,WIENER_GAUSSIAN,0.5,0.7976771763392857,SUPPORTED,,e9c3a2d32a8bc24f638b0cb6e8fb573a72334b5e577afad9ed2b0aab5d009381,256.0,,,,,,
DIRECT_PHYSICAL,3000.0,validation_ood,WIENER_GAUSSIAN,0.9,0.9291294642857143,SUPPORTED,,e9c3a2d32a8bc24f638b0cb6e8fb573a72334b5e577afad9ed2b0aab5d009381,256.0,,,,,,
DIRECT_PHYSICAL,3000.0,validation_ood,WIENER_GAUSSIAN,0.95,0.9382149832589286,SUPPORTED,,e9c3a2d32a8bc24f638b0cb6e8fb573a72334b5e577afad9ed2b0aab5d009381,256.0,,,,,,
DIRECT_PHYSICAL,3000.0,validation_ood,WIENER_GAUSSIAN,,,SUPPORTED,joint chi-square calibration,e9c3a2d32a8bc24f638b0cb6e8fb573a72334b5e577afad9ed2b0aab5d009381,,9215.992408343236,224.0,41.142823251532306,0.0,0.0,224.0
DIRECT_PHYSICAL,3000.0,validation_in_class,LINEAR_STATE_SPACE,0.5,0.9750889369419643,SUPPORTED,,e9c3a2d32a8bc24f638b0cb6e8fb573a72334b5e577afad9ed2b0aab5d009381,512.0,,,,,,
DIRECT_PHYSICAL,3000.0,validation_in_class,LINEAR_STATE_SPACE,0.9,0.9988054547991071,SUPPORTED,,e9c3a2d32a8bc24f638b0cb6e8fb573a72334b5e577afad9ed2b0aab5d009381,512.0,,,,,,
DIRECT_PHYSICAL,3000.0,validation_in_class,LINEAR_STATE_SPACE,0.95,0.9995989118303571,SUPPORTED,,e9c3a2d32a8bc24f638b0cb6e8fb573a72334b5e577afad9ed2b0aab5d009381,512.0,,,,,,
DIRECT_PHYSICAL,3000.0,validation_in_class,LINEAR_STATE_SPACE,,,SUPPORTED,joint chi-square calibration,e9c3a2d32a8bc24f638b0cb6e8fb573a72334b5e577afad9ed2b0aab5d009381,,6.870883597180693,224.0,0.03067358748741381,1.0,0.0,224.0
DIRECT_PHYSICAL,3000.0,validation_off_grid,LINEAR_STATE_SPACE,0.5,0.9908063616071429,SUPPORTED,,e9c3a2d32a8bc24f638b0cb6e8fb573a72334b5e577afad9ed2b0aab5d009381,320.0,,,,,,
DIRECT_PHYSICAL,3000.0,validation_off_grid,LINEAR_STATE_SPACE,0.9,0.9999441964285715,SUPPORTED,,e9c3a2d32a8bc24f638b0cb6e8fb573a72334b5e577afad9ed2b0aab5d009381,320.0,,,,,,
DIRECT_PHYSICAL,3000.0,validation_off_grid,LINEAR_STATE_SPACE,0.95,1.0,SUPPORTED,,e9c3a2d32a8bc24f638b0cb6e8fb573a72334b5e577afad9ed2b0aab5d009381,320.0,,,,,,
DIRECT_PHYSICAL,3000.0,validation_off_grid,LINEAR_STATE_SPACE,,,SUPPORTED,joint chi-square calibration,e9c3a2d32a8bc24f638b0cb6e8fb573a72334b5e577afad9ed2b0aab5d009381,,3.4678388064931114,224.0,0.015481423243272818,1.0,0.0,224.0
DIRECT_PHYSICAL,3000.0,validation_ood,LINEAR_STATE_SPACE,0.5,0.9919956752232143,SUPPORTED,,e9c3a2d32a8bc24f638b0cb6e8fb573a72334b5e577afad9ed2b0aab5d009381,256.0,,,,,,
DIRECT_PHYSICAL,3000.0,validation_ood,LINEAR_STATE_SPACE,0.9,1.0,SUPPORTED,,e9c3a2d32a8bc24f638b0cb6e8fb573a72334b5e577afad9ed2b0aab5d009381,256.0,,,,,,
DIRECT_PHYSICAL,3000.0,validation_ood,LINEAR_STATE_SPACE,0.95,1.0,SUPPORTED,,e9c3a2d32a8bc24f638b0cb6e8fb573a72334b5e577afad9ed2b0aab5d009381,256.0,,,,,,
DIRECT_PHYSICAL,3000.0,validation_ood,LINEAR_STATE_SPACE,,,SUPPORTED,joint chi-square calibration,e9c3a2d32a8bc24f638b0cb6e8fb573a72334b5e577afad9ed2b0aab5d009381,,2.946033549732647,224.0,0.013151935489877888,1.0,0.0,224.0
DIRECT_PHYSICAL,10000.0,validation_in_class,TSVD,0.5,,NOT_APPLICABLE,point estimator with no posterior covariance,e9c3a2d32a8bc24f638b0cb6e8fb573a72334b5e577afad9ed2b0aab5d009381,,,,,,,
DIRECT_PHYSICAL,10000.0,validation_in_class,TSVD,0.9,,NOT_APPLICABLE,point estimator with no posterior covariance,e9c3a2d32a8bc24f638b0cb6e8fb573a72334b5e577afad9ed2b0aab5d009381,,,,,,,
DIRECT_PHYSICAL,10000.0,validation_in_class,TSVD,0.95,,NOT_APPLICABLE,point estimator with no posterior covariance,e9c3a2d32a8bc24f638b0cb6e8fb573a72334b5e577afad9ed2b0aab5d009381,,,,,,,
DIRECT_PHYSICAL,10000.0,validation_off_grid,TSVD,0.5,,NOT_APPLICABLE,point estimator with no posterior covariance,e9c3a2d32a8bc24f638b0cb6e8fb573a72334b5e577afad9ed2b0aab5d009381,,,,,,,
DIRECT_PHYSICAL,10000.0,validation_off_grid,TSVD,0.9,,NOT_APPLICABLE,point estimator with no posterior covariance,e9c3a2d32a8bc24f638b0cb6e8fb573a72334b5e577afad9ed2b0aab5d009381,,,,,,,
DIRECT_PHYSICAL,10000.0,validation_off_grid,TSVD,0.95,,NOT_APPLICABLE,point estimator with no posterior covariance,e9c3a2d32a8bc24f638b0cb6e8fb573a72334b5e577afad9ed2b0aab5d009381,,,,,,,
DIRECT_PHYSICAL,10000.0,validation_ood,TSVD,0.5,,NOT_APPLICABLE,point estimator with no posterior covariance,e9c3a2d32a8bc24f638b0cb6e8fb573a72334b5e577afad9ed2b0aab5d009381,,,,,,,
DIRECT_PHYSICAL,10000.0,validation_ood,TSVD,0.9,,NOT_APPLICABLE,point estimator with no posterior covariance,e9c3a2d32a8bc24f638b0cb6e8fb573a72334b5e577afad9ed2b0aab5d009381,,,,,,,
DIRECT_PHYSICAL,10000.0,validation_ood,TSVD,0.95,,NOT_APPLICABLE,point estimator with no posterior covariance,e9c3a2d32a8bc24f638b0cb6e8fb573a72334b5e577afad9ed2b0aab5d009381,,,,,,,
DIRECT_PHYSICAL,10000.0,validation_in_class,RIDGE_IDENTITY,0.5,,NOT_APPLICABLE,point estimator with no posterior covariance,e9c3a2d32a8bc24f638b0cb6e8fb573a72334b5e577afad9ed2b0aab5d009381,,,,,,,
DIRECT_PHYSICAL,10000.0,validation_in_class,RIDGE_IDENTITY,0.9,,NOT_APPLICABLE,point estimator with no posterior covariance,e9c3a2d32a8bc24f638b0cb6e8fb573a72334b5e577afad9ed2b0aab5d009381,,,,,,,
DIRECT_PHYSICAL,10000.0,validation_in_class,RIDGE_IDENTITY,0.95,,NOT_APPLICABLE,point estimator with no posterior covariance,e9c3a2d32a8bc24f638b0cb6e8fb573a72334b5e577afad9ed2b0aab5d009381,,,,,,,
DIRECT_PHYSICAL,10000.0,validation_off_grid,RIDGE_IDENTITY,0.5,,NOT_APPLICABLE,point estimator with no posterior covariance,e9c3a2d32a8bc24f638b0cb6e8fb573a72334b5e577afad9ed2b0aab5d009381,,,,,,,
DIRECT_PHYSICAL,10000.0,validation_off_grid,RIDGE_IDENTITY,0.9,,NOT_APPLICABLE,point estimator with no posterior covariance,e9c3a2d32a8bc24f638b0cb6e8fb573a72334b5e577afad9ed2b0aab5d009381,,,,,,,
DIRECT_PHYSICAL,10000.0,validation_off_grid,RIDGE_IDENTITY,0.95,,NOT_APPLICABLE,point estimator with no posterior covariance,e9c3a2d32a8bc24f638b0cb6e8fb573a72334b5e577afad9ed2b0aab5d009381,,,,,,,
DIRECT_PHYSICAL,10000.0,validation_ood,RIDGE_IDENTITY,0.5,,NOT_APPLICABLE,point estimator with no posterior covariance,e9c3a2d32a8bc24f638b0cb6e8fb573a72334b5e577afad9ed2b0aab5d009381,,,,,,,
DIRECT_PHYSICAL,10000.0,validation_ood,RIDGE_IDENTITY,0.9,,NOT_APPLICABLE,point estimator with no posterior covariance,e9c3a2d32a8bc24f638b0cb6e8fb573a72334b5e577afad9ed2b0aab5d009381,,,,,,,
DIRECT_PHYSICAL,10000.0,validation_ood,RIDGE_IDENTITY,0.95,,NOT_APPLICABLE,point estimator with no posterior covariance,e9c3a2d32a8bc24f638b0cb6e8fb573a72334b5e577afad9ed2b0aab5d009381,,,,,,,
DIRECT_PHYSICAL,10000.0,validation_in_class,TIKHONOV_TEMPORAL,0.5,,NOT_APPLICABLE,point estimator with no posterior covariance,e9c3a2d32a8bc24f638b0cb6e8fb573a72334b5e577afad9ed2b0aab5d009381,,,,,,,
DIRECT_PHYSICAL,10000.0,validation_in_class,TIKHONOV_TEMPORAL,0.9,,NOT_APPLICABLE,point estimator with no posterior covariance,e9c3a2d32a8bc24f638b0cb6e8fb573a72334b5e577afad9ed2b0aab5d009381,,,,,,,
DIRECT_PHYSICAL,10000.0,validation_in_class,TIKHONOV_TEMPORAL,0.95,,NOT_APPLICABLE,point estimator with no posterior covariance,e9c3a2d32a8bc24f638b0cb6e8fb573a72334b5e577afad9ed2b0aab5d009381,,,,,,,
DIRECT_PHYSICAL,10000.0,validation_off_grid,TIKHONOV_TEMPORAL,0.5,,NOT_APPLICABLE,point estimator with no posterior covariance,e9c3a2d32a8bc24f638b0cb6e8fb573a72334b5e577afad9ed2b0aab5d009381,,,,,,,
DIRECT_PHYSICAL,10000.0,validation_off_grid,TIKHONOV_TEMPORAL,0.9,,NOT_APPLICABLE,point estimator with no posterior covariance,e9c3a2d32a8bc24f638b0cb6e8fb573a72334b5e577afad9ed2b0aab5d009381,,,,,,,
DIRECT_PHYSICAL,10000.0,validation_off_grid,TIKHONOV_TEMPORAL,0.95,,NOT_APPLICABLE,point estimator with no posterior covariance,e9c3a2d32a8bc24f638b0cb6e8fb573a72334b5e577afad9ed2b0aab5d009381,,,,,,,
DIRECT_PHYSICAL,10000.0,validation_ood,TIKHONOV_TEMPORAL,0.5,,NOT_APPLICABLE,point estimator with no posterior covariance,e9c3a2d32a8bc24f638b0cb6e8fb573a72334b5e577afad9ed2b0aab5d009381,,,,,,,
DIRECT_PHYSICAL,10000.0,validation_ood,TIKHONOV_TEMPORAL,0.9,,NOT_APPLICABLE,point estimator with no posterior covariance,e9c3a2d32a8bc24f638b0cb6e8fb573a72334b5e577afad9ed2b0aab5d009381,,,,,,,
DIRECT_PHYSICAL,10000.0,validation_ood,TIKHONOV_TEMPORAL,0.95,,NOT_APPLICABLE,point estimator with no posterior covariance,e9c3a2d32a8bc24f638b0cb6e8fb573a72334b5e577afad9ed2b0aab5d009381,,,,,,,
DIRECT_PHYSICAL,10000.0,validation_in_class,WIENER_GAUSSIAN,0.5,0.7670462472098214,SUPPORTED,,e9c3a2d32a8bc24f638b0cb6e8fb573a72334b5e577afad9ed2b0aab5d009381,512.0,,,,,,
DIRECT_PHYSICAL,10000.0,validation_in_class,WIENER_GAUSSIAN,0.9,0.9291730608258929,SUPPORTED,,e9c3a2d32a8bc24f638b0cb6e8fb573a72334b5e577afad9ed2b0aab5d009381,512.0,,,,,,
DIRECT_PHYSICAL,10000.0,validation_in_class,WIENER_GAUSSIAN,0.95,0.9428274972098214,SUPPORTED,,e9c3a2d32a8bc24f638b0cb6e8fb573a72334b5e577afad9ed2b0aab5d009381,512.0,,,,,,
DIRECT_PHYSICAL,10000.0,validation_in_class,WIENER_GAUSSIAN,,,SUPPORTED,joint chi-square calibration,e9c3a2d32a8bc24f638b0cb6e8fb573a72334b5e577afad9ed2b0aab5d009381,,652.9052841828436,224.0,2.914755732959123,0.0007544104012788762,0.0,224.0
DIRECT_PHYSICAL,10000.0,validation_off_grid,WIENER_GAUSSIAN,0.5,0.82158203125,SUPPORTED,,e9c3a2d32a8bc24f638b0cb6e8fb573a72334b5e577afad9ed2b0aab5d009381,320.0,,,,,,
DIRECT_PHYSICAL,10000.0,validation_off_grid,WIENER_GAUSSIAN,0.9,0.9488141741071429,SUPPORTED,,e9c3a2d32a8bc24f638b0cb6e8fb573a72334b5e577afad9ed2b0aab5d009381,320.0,,,,,,
DIRECT_PHYSICAL,10000.0,validation_off_grid,WIENER_GAUSSIAN,0.95,0.95849609375,SUPPORTED,,e9c3a2d32a8bc24f638b0cb6e8fb573a72334b5e577afad9ed2b0aab5d009381,320.0,,,,,,
DIRECT_PHYSICAL,10000.0,validation_off_grid,WIENER_GAUSSIAN,,,SUPPORTED,joint chi-square calibration,e9c3a2d32a8bc24f638b0cb6e8fb573a72334b5e577afad9ed2b0aab5d009381,,1300.6271878783903,224.0,5.8063713744570995,1.4125333891920922e-13,0.0,224.0
DIRECT_PHYSICAL,10000.0,validation_ood,WIENER_GAUSSIAN,0.5,0.7976248604910714,SUPPORTED,,e9c3a2d32a8bc24f638b0cb6e8fb573a72334b5e577afad9ed2b0aab5d009381,256.0,,,,,,
DIRECT_PHYSICAL,10000.0,validation_ood,WIENER_GAUSSIAN,0.9,0.9291294642857143,SUPPORTED,,e9c3a2d32a8bc24f638b0cb6e8fb573a72334b5e577afad9ed2b0aab5d009381,256.0,,,,,,
DIRECT_PHYSICAL,10000.0,validation_ood,WIENER_GAUSSIAN,0.95,0.9382149832589286,SUPPORTED,,e9c3a2d32a8bc24f638b0cb6e8fb573a72334b5e577afad9ed2b0aab5d009381,256.0,,,,,,
DIRECT_PHYSICAL,10000.0,validation_ood,WIENER_GAUSSIAN,,,SUPPORTED,joint chi-square calibration,e9c3a2d32a8bc24f638b0cb6e8fb573a72334b5e577afad9ed2b0aab5d009381,,9216.093490136578,224.0,41.143274509538294,0.0,0.0,224.0
DIRECT_PHYSICAL,10000.0,validation_in_class,LINEAR_STATE_SPACE,0.5,0.9750889369419643,SUPPORTED,,e9c3a2d32a8bc24f638b0cb6e8fb573a72334b5e577afad9ed2b0aab5d009381,512.0,,,,,,
DIRECT_PHYSICAL,10000.0,validation_in_class,LINEAR_STATE_SPACE,0.9,0.9988054547991071,SUPPORTED,,e9c3a2d32a8bc24f638b0cb6e8fb573a72334b5e577afad9ed2b0aab5d009381,512.0,,,,,,
DIRECT_PHYSICAL,10000.0,validation_in_class,LINEAR_STATE_SPACE,0.95,0.9995989118303571,SUPPORTED,,e9c3a2d32a8bc24f638b0cb6e8fb573a72334b5e577afad9ed2b0aab5d009381,512.0,,,,,,
DIRECT_PHYSICAL,10000.0,validation_in_class,LINEAR_STATE_SPACE,,,SUPPORTED,joint chi-square calibration,e9c3a2d32a8bc24f638b0cb6e8fb573a72334b5e577afad9ed2b0aab5d009381,,6.87087502761572,224.0,0.03067354923042732,1.0,0.0,224.0
DIRECT_PHYSICAL,10000.0,validation_off_grid,LINEAR_STATE_SPACE,0.5,0.9908063616071429,SUPPORTED,,e9c3a2d32a8bc24f638b0cb6e8fb573a72334b5e577afad9ed2b0aab5d009381,320.0,,,,,,
DIRECT_PHYSICAL,10000.0,validation_off_grid,LINEAR_STATE_SPACE,0.9,0.9999441964285715,SUPPORTED,,e9c3a2d32a8bc24f638b0cb6e8fb573a72334b5e577afad9ed2b0aab5d009381,320.0,,,,,,
DIRECT_PHYSICAL,10000.0,validation_off_grid,LINEAR_STATE_SPACE,0.95,1.0,SUPPORTED,,e9c3a2d32a8bc24f638b0cb6e8fb573a72334b5e577afad9ed2b0aab5d009381,320.0,,,,,,
DIRECT_PHYSICAL,10000.0,validation_off_grid,LINEAR_STATE_SPACE,,,SUPPORTED,joint chi-square calibration,e9c3a2d32a8bc24f638b0cb6e8fb573a72334b5e577afad9ed2b0aab5d009381,,3.467853734723093,224.0,0.015481489887156665,1.0,0.0,224.0
DIRECT_PHYSICAL,10000.0,validation_ood,LINEAR_STATE_SPACE,0.5,0.9919956752232143,SUPPORTED,,e9c3a2d32a8bc24f638b0cb6e8fb573a72334b5e577afad9ed2b0aab5d009381,256.0,,,,,,
DIRECT_PHYSICAL,10000.0,validation_ood,LINEAR_STATE_SPACE,0.9,1.0,SUPPORTED,,e9c3a2d32a8bc24f638b0cb6e8fb573a72334b5e577afad9ed2b0aab5d009381,256.0,,,,,,
DIRECT_PHYSICAL,10000.0,validation_ood,LINEAR_STATE_SPACE,0.95,1.0,SUPPORTED,,e9c3a2d32a8bc24f638b0cb6e8fb573a72334b5e577afad9ed2b0aab5d009381,256.0,,,,,,
DIRECT_PHYSICAL,10000.0,validation_ood,LINEAR_STATE_SPACE,,,SUPPORTED,joint chi-square calibration,e9c3a2d32a8bc24f638b0cb6e8fb573a72334b5e577afad9ed2b0aab5d009381,,2.9460465622947085,224.0,0.013151993581672806,1.0,0.0,224.0
DIRECT_PHYSICAL,30000.0,validation_in_class,TSVD,0.5,,NOT_APPLICABLE,point estimator with no posterior covariance,e9c3a2d32a8bc24f638b0cb6e8fb573a72334b5e577afad9ed2b0aab5d009381,,,,,,,
DIRECT_PHYSICAL,30000.0,validation_in_class,TSVD,0.9,,NOT_APPLICABLE,point estimator with no posterior covariance,e9c3a2d32a8bc24f638b0cb6e8fb573a72334b5e577afad9ed2b0aab5d009381,,,,,,,
DIRECT_PHYSICAL,30000.0,validation_in_class,TSVD,0.95,,NOT_APPLICABLE,point estimator with no posterior covariance,e9c3a2d32a8bc24f638b0cb6e8fb573a72334b5e577afad9ed2b0aab5d009381,,,,,,,
DIRECT_PHYSICAL,30000.0,validation_off_grid,TSVD,0.5,,NOT_APPLICABLE,point estimator with no posterior covariance,e9c3a2d32a8bc24f638b0cb6e8fb573a72334b5e577afad9ed2b0aab5d009381,,,,,,,
DIRECT_PHYSICAL,30000.0,validation_off_grid,TSVD,0.9,,NOT_APPLICABLE,point estimator with no posterior covariance,e9c3a2d32a8bc24f638b0cb6e8fb573a72334b5e577afad9ed2b0aab5d009381,,,,,,,
DIRECT_PHYSICAL,30000.0,validation_off_grid,TSVD,0.95,,NOT_APPLICABLE,point estimator with no posterior covariance,e9c3a2d32a8bc24f638b0cb6e8fb573a72334b5e577afad9ed2b0aab5d009381,,,,,,,
DIRECT_PHYSICAL,30000.0,validation_ood,TSVD,0.5,,NOT_APPLICABLE,point estimator with no posterior covariance,e9c3a2d32a8bc24f638b0cb6e8fb573a72334b5e577afad9ed2b0aab5d009381,,,,,,,
DIRECT_PHYSICAL,30000.0,validation_ood,TSVD,0.9,,NOT_APPLICABLE,point estimator with no posterior covariance,e9c3a2d32a8bc24f638b0cb6e8fb573a72334b5e577afad9ed2b0aab5d009381,,,,,,,
DIRECT_PHYSICAL,30000.0,validation_ood,TSVD,0.95,,NOT_APPLICABLE,point estimator with no posterior covariance,e9c3a2d32a8bc24f638b0cb6e8fb573a72334b5e577afad9ed2b0aab5d009381,,,,,,,
DIRECT_PHYSICAL,30000.0,validation_in_class,RIDGE_IDENTITY,0.5,,NOT_APPLICABLE,point estimator with no posterior covariance,e9c3a2d32a8bc24f638b0cb6e8fb573a72334b5e577afad9ed2b0aab5d009381,,,,,,,
DIRECT_PHYSICAL,30000.0,validation_in_class,RIDGE_IDENTITY,0.9,,NOT_APPLICABLE,point estimator with no posterior covariance,e9c3a2d32a8bc24f638b0cb6e8fb573a72334b5e577afad9ed2b0aab5d009381,,,,,,,
DIRECT_PHYSICAL,30000.0,validation_in_class,RIDGE_IDENTITY,0.95,,NOT_APPLICABLE,point estimator with no posterior covariance,e9c3a2d32a8bc24f638b0cb6e8fb573a72334b5e577afad9ed2b0aab5d009381,,,,,,,
DIRECT_PHYSICAL,30000.0,validation_off_grid,RIDGE_IDENTITY,0.5,,NOT_APPLICABLE,point estimator with no posterior covariance,e9c3a2d32a8bc24f638b0cb6e8fb573a72334b5e577afad9ed2b0aab5d009381,,,,,,,
DIRECT_PHYSICAL,30000.0,validation_off_grid,RIDGE_IDENTITY,0.9,,NOT_APPLICABLE,point estimator with no posterior covariance,e9c3a2d32a8bc24f638b0cb6e8fb573a72334b5e577afad9ed2b0aab5d009381,,,,,,,
DIRECT_PHYSICAL,30000.0,validation_off_grid,RIDGE_IDENTITY,0.95,,NOT_APPLICABLE,point estimator with no posterior covariance,e9c3a2d32a8bc24f638b0cb6e8fb573a72334b5e577afad9ed2b0aab5d009381,,,,,,,
DIRECT_PHYSICAL,30000.0,validation_ood,RIDGE_IDENTITY,0.5,,NOT_APPLICABLE,point estimator with no posterior covariance,e9c3a2d32a8bc24f638b0cb6e8fb573a72334b5e577afad9ed2b0aab5d009381,,,,,,,
DIRECT_PHYSICAL,30000.0,validation_ood,RIDGE_IDENTITY,0.9,,NOT_APPLICABLE,point estimator with no posterior covariance,e9c3a2d32a8bc24f638b0cb6e8fb573a72334b5e577afad9ed2b0aab5d009381,,,,,,,
DIRECT_PHYSICAL,30000.0,validation_ood,RIDGE_IDENTITY,0.95,,NOT_APPLICABLE,point estimator with no posterior covariance,e9c3a2d32a8bc24f638b0cb6e8fb573a72334b5e577afad9ed2b0aab5d009381,,,,,,,
DIRECT_PHYSICAL,30000.0,validation_in_class,TIKHONOV_TEMPORAL,0.5,,NOT_APPLICABLE,point estimator with no posterior covariance,e9c3a2d32a8bc24f638b0cb6e8fb573a72334b5e577afad9ed2b0aab5d009381,,,,,,,
DIRECT_PHYSICAL,30000.0,validation_in_class,TIKHONOV_TEMPORAL,0.9,,NOT_APPLICABLE,point estimator with no posterior covariance,e9c3a2d32a8bc24f638b0cb6e8fb573a72334b5e577afad9ed2b0aab5d009381,,,,,,,
DIRECT_PHYSICAL,30000.0,validation_in_class,TIKHONOV_TEMPORAL,0.95,,NOT_APPLICABLE,point estimator with no posterior covariance,e9c3a2d32a8bc24f638b0cb6e8fb573a72334b5e577afad9ed2b0aab5d009381,,,,,,,
DIRECT_PHYSICAL,30000.0,validation_off_grid,TIKHONOV_TEMPORAL,0.5,,NOT_APPLICABLE,point estimator with no posterior covariance,e9c3a2d32a8bc24f638b0cb6e8fb573a72334b5e577afad9ed2b0aab5d009381,,,,,,,
DIRECT_PHYSICAL,30000.0,validation_off_grid,TIKHONOV_TEMPORAL,0.9,,NOT_APPLICABLE,point estimator with no posterior covariance,e9c3a2d32a8bc24f638b0cb6e8fb573a72334b5e577afad9ed2b0aab5d009381,,,,,,,
DIRECT_PHYSICAL,30000.0,validation_off_grid,TIKHONOV_TEMPORAL,0.95,,NOT_APPLICABLE,point estimator with no posterior covariance,e9c3a2d32a8bc24f638b0cb6e8fb573a72334b5e577afad9ed2b0aab5d009381,,,,,,,
DIRECT_PHYSICAL,30000.0,validation_ood,TIKHONOV_TEMPORAL,0.5,,NOT_APPLICABLE,point estimator with no posterior covariance,e9c3a2d32a8bc24f638b0cb6e8fb573a72334b5e577afad9ed2b0aab5d009381,,,,,,,
DIRECT_PHYSICAL,30000.0,validation_ood,TIKHONOV_TEMPORAL,0.9,,NOT_APPLICABLE,point estimator with no posterior covariance,e9c3a2d32a8bc24f638b0cb6e8fb573a72334b5e577afad9ed2b0aab5d009381,,,,,,,
DIRECT_PHYSICAL,30000.0,validation_ood,TIKHONOV_TEMPORAL,0.95,,NOT_APPLICABLE,point estimator with no posterior covariance,e9c3a2d32a8bc24f638b0cb6e8fb573a72334b5e577afad9ed2b0aab5d009381,,,,,,,
DIRECT_PHYSICAL,30000.0,validation_in_class,WIENER_GAUSSIAN,0.5,0.76702880859375,SUPPORTED,,e9c3a2d32a8bc24f638b0cb6e8fb573a72334b5e577afad9ed2b0aab5d009381,512.0,,,,,,
DIRECT_PHYSICAL,30000.0,validation_in_class,WIENER_GAUSSIAN,0.9,0.9291643415178571,SUPPORTED,,e9c3a2d32a8bc24f638b0cb6e8fb573a72334b5e577afad9ed2b0aab5d009381,512.0,,,,,,
DIRECT_PHYSICAL,30000.0,validation_in_class,WIENER_GAUSSIAN,0.95,0.94281005859375,SUPPORTED,,e9c3a2d32a8bc24f638b0cb6e8fb573a72334b5e577afad9ed2b0aab5d009381,512.0,,,,,,
DIRECT_PHYSICAL,30000.0,validation_in_class,WIENER_GAUSSIAN,,,SUPPORTED,joint chi-square calibration,e9c3a2d32a8bc24f638b0cb6e8fb573a72334b5e577afad9ed2b0aab5d009381,,652.9343559751828,224.0,2.914885517746352,0.0007513564201131961,0.0,224.0
DIRECT_PHYSICAL,30000.0,validation_off_grid,WIENER_GAUSSIAN,0.5,0.8215541294642857,SUPPORTED,,e9c3a2d32a8bc24f638b0cb6e8fb573a72334b5e577afad9ed2b0aab5d009381,320.0,,,,,,
DIRECT_PHYSICAL,30000.0,validation_off_grid,WIENER_GAUSSIAN,0.9,0.9488141741071429,SUPPORTED,,e9c3a2d32a8bc24f638b0cb6e8fb573a72334b5e577afad9ed2b0aab5d009381,320.0,,,,,,
DIRECT_PHYSICAL,30000.0,validation_off_grid,WIENER_GAUSSIAN,0.95,0.95849609375,SUPPORTED,,e9c3a2d32a8bc24f638b0cb6e8fb573a72334b5e577afad9ed2b0aab5d009381,320.0,,,,,,
DIRECT_PHYSICAL,30000.0,validation_off_grid,WIENER_GAUSSIAN,,,SUPPORTED,joint chi-square calibration,e9c3a2d32a8bc24f638b0cb6e8fb573a72334b5e577afad9ed2b0aab5d009381,,1300.6561210935167,224.0,5.806500540596057,1.4026579385265816e-13,0.0,224.0
DIRECT_PHYSICAL,30000.0,validation_ood,WIENER_GAUSSIAN,0.5,0.797607421875,SUPPORTED,,e9c3a2d32a8bc24f638b0cb6e8fb573a72334b5e577afad9ed2b0aab5d009381,256.0,,,,,,
DIRECT_PHYSICAL,30000.0,validation_ood,WIENER_GAUSSIAN,0.9,0.9291294642857143,SUPPORTED,,e9c3a2d32a8bc24f638b0cb6e8fb573a72334b5e577afad9ed2b0aab5d009381,256.0,,,,,,
DIRECT_PHYSICAL,30000.0,validation_ood,WIENER_GAUSSIAN,0.95,0.9382149832589286,SUPPORTED,,e9c3a2d32a8bc24f638b0cb6e8fb573a72334b5e577afad9ed2b0aab5d009381,256.0,,,,,,
DIRECT_PHYSICAL,30000.0,validation_ood,WIENER_GAUSSIAN,,,SUPPORTED,joint chi-square calibration,e9c3a2d32a8bc24f638b0cb6e8fb573a72334b5e577afad9ed2b0aab5d009381,,9216.122611090224,224.0,41.143404513795645,0.0,0.0,224.0
DIRECT_PHYSICAL,30000.0,validation_in_class,LINEAR_STATE_SPACE,0.5,0.9750889369419643,SUPPORTED,,e9c3a2d32a8bc24f638b0cb6e8fb573a72334b5e577afad9ed2b0aab5d009381,512.0,,,,,,
DIRECT_PHYSICAL,30000.0,validation_in_class,LINEAR_STATE_SPACE,0.9,0.9988054547991071,SUPPORTED,,e9c3a2d32a8bc24f638b0cb6e8fb573a72334b5e577afad9ed2b0aab5d009381,512.0,,,,,,
DIRECT_PHYSICAL,30000.0,validation_in_class,LINEAR_STATE_SPACE,0.95,0.9995989118303571,SUPPORTED,,e9c3a2d32a8bc24f638b0cb6e8fb573a72334b5e577afad9ed2b0aab5d009381,512.0,,,,,,
DIRECT_PHYSICAL,30000.0,validation_in_class,LINEAR_STATE_SPACE,,,SUPPORTED,joint chi-square calibration,e9c3a2d32a8bc24f638b0cb6e8fb573a72334b5e577afad9ed2b0aab5d009381,,6.870865578550179,224.0,0.03067350704709901,1.0,0.0,224.0
DIRECT_PHYSICAL,30000.0,validation_off_grid,LINEAR_STATE_SPACE,0.5,0.9908063616071429,SUPPORTED,,e9c3a2d32a8bc24f638b0cb6e8fb573a72334b5e577afad9ed2b0aab5d009381,320.0,,,,,,
DIRECT_PHYSICAL,30000.0,validation_off_grid,LINEAR_STATE_SPACE,0.9,0.9999441964285715,SUPPORTED,,e9c3a2d32a8bc24f638b0cb6e8fb573a72334b5e577afad9ed2b0aab5d009381,320.0,,,,,,
DIRECT_PHYSICAL,30000.0,validation_off_grid,LINEAR_STATE_SPACE,0.95,1.0,SUPPORTED,,e9c3a2d32a8bc24f638b0cb6e8fb573a72334b5e577afad9ed2b0aab5d009381,320.0,,,,,,
DIRECT_PHYSICAL,30000.0,validation_off_grid,LINEAR_STATE_SPACE,,,SUPPORTED,joint chi-square calibration,e9c3a2d32a8bc24f638b0cb6e8fb573a72334b5e577afad9ed2b0aab5d009381,,3.46784959574732,224.0,0.01548147140958625,1.0,0.0,224.0
DIRECT_PHYSICAL,30000.0,validation_ood,LINEAR_STATE_SPACE,0.5,0.9919956752232143,SUPPORTED,,e9c3a2d32a8bc24f638b0cb6e8fb573a72334b5e577afad9ed2b0aab5d009381,256.0,,,,,,
DIRECT_PHYSICAL,30000.0,validation_ood,LINEAR_STATE_SPACE,0.9,1.0,SUPPORTED,,e9c3a2d32a8bc24f638b0cb6e8fb573a72334b5e577afad9ed2b0aab5d009381,256.0,,,,,,
DIRECT_PHYSICAL,30000.0,validation_ood,LINEAR_STATE_SPACE,0.95,1.0,SUPPORTED,,e9c3a2d32a8bc24f638b0cb6e8fb573a72334b5e577afad9ed2b0aab5d009381,256.0,,,,,,
DIRECT_PHYSICAL,30000.0,validation_ood,LINEAR_STATE_SPACE,,,SUPPORTED,joint chi-square calibration,e9c3a2d32a8bc24f638b0cb6e8fb573a72334b5e577afad9ed2b0aab5d009381,,2.9460396976425764,224.0,0.013151962935904359,1.0,0.0,224.0
DIRECT_PHYSICAL,100000.0,validation_in_class,TSVD,0.5,,NOT_APPLICABLE,point estimator with no posterior covariance,e9c3a2d32a8bc24f638b0cb6e8fb573a72334b5e577afad9ed2b0aab5d009381,,,,,,,
DIRECT_PHYSICAL,100000.0,validation_in_class,TSVD,0.9,,NOT_APPLICABLE,point estimator with no posterior covariance,e9c3a2d32a8bc24f638b0cb6e8fb573a72334b5e577afad9ed2b0aab5d009381,,,,,,,
DIRECT_PHYSICAL,100000.0,validation_in_class,TSVD,0.95,,NOT_APPLICABLE,point estimator with no posterior covariance,e9c3a2d32a8bc24f638b0cb6e8fb573a72334b5e577afad9ed2b0aab5d009381,,,,,,,
DIRECT_PHYSICAL,100000.0,validation_off_grid,TSVD,0.5,,NOT_APPLICABLE,point estimator with no posterior covariance,e9c3a2d32a8bc24f638b0cb6e8fb573a72334b5e577afad9ed2b0aab5d009381,,,,,,,
DIRECT_PHYSICAL,100000.0,validation_off_grid,TSVD,0.9,,NOT_APPLICABLE,point estimator with no posterior covariance,e9c3a2d32a8bc24f638b0cb6e8fb573a72334b5e577afad9ed2b0aab5d009381,,,,,,,
DIRECT_PHYSICAL,100000.0,validation_off_grid,TSVD,0.95,,NOT_APPLICABLE,point estimator with no posterior covariance,e9c3a2d32a8bc24f638b0cb6e8fb573a72334b5e577afad9ed2b0aab5d009381,,,,,,,
DIRECT_PHYSICAL,100000.0,validation_ood,TSVD,0.5,,NOT_APPLICABLE,point estimator with no posterior covariance,e9c3a2d32a8bc24f638b0cb6e8fb573a72334b5e577afad9ed2b0aab5d009381,,,,,,,
DIRECT_PHYSICAL,100000.0,validation_ood,TSVD,0.9,,NOT_APPLICABLE,point estimator with no posterior covariance,e9c3a2d32a8bc24f638b0cb6e8fb573a72334b5e577afad9ed2b0aab5d009381,,,,,,,
DIRECT_PHYSICAL,100000.0,validation_ood,TSVD,0.95,,NOT_APPLICABLE,point estimator with no posterior covariance,e9c3a2d32a8bc24f638b0cb6e8fb573a72334b5e577afad9ed2b0aab5d009381,,,,,,,
DIRECT_PHYSICAL,100000.0,validation_in_class,RIDGE_IDENTITY,0.5,,NOT_APPLICABLE,point estimator with no posterior covariance,e9c3a2d32a8bc24f638b0cb6e8fb573a72334b5e577afad9ed2b0aab5d009381,,,,,,,
DIRECT_PHYSICAL,100000.0,validation_in_class,RIDGE_IDENTITY,0.9,,NOT_APPLICABLE,point estimator with no posterior covariance,e9c3a2d32a8bc24f638b0cb6e8fb573a72334b5e577afad9ed2b0aab5d009381,,,,,,,
DIRECT_PHYSICAL,100000.0,validation_in_class,RIDGE_IDENTITY,0.95,,NOT_APPLICABLE,point estimator with no posterior covariance,e9c3a2d32a8bc24f638b0cb6e8fb573a72334b5e577afad9ed2b0aab5d009381,,,,,,,
DIRECT_PHYSICAL,100000.0,validation_off_grid,RIDGE_IDENTITY,0.5,,NOT_APPLICABLE,point estimator with no posterior covariance,e9c3a2d32a8bc24f638b0cb6e8fb573a72334b5e577afad9ed2b0aab5d009381,,,,,,,
DIRECT_PHYSICAL,100000.0,validation_off_grid,RIDGE_IDENTITY,0.9,,NOT_APPLICABLE,point estimator with no posterior covariance,e9c3a2d32a8bc24f638b0cb6e8fb573a72334b5e577afad9ed2b0aab5d009381,,,,,,,
DIRECT_PHYSICAL,100000.0,validation_off_grid,RIDGE_IDENTITY,0.95,,NOT_APPLICABLE,point estimator with no posterior covariance,e9c3a2d32a8bc24f638b0cb6e8fb573a72334b5e577afad9ed2b0aab5d009381,,,,,,,
DIRECT_PHYSICAL,100000.0,validation_ood,RIDGE_IDENTITY,0.5,,NOT_APPLICABLE,point estimator with no posterior covariance,e9c3a2d32a8bc24f638b0cb6e8fb573a72334b5e577afad9ed2b0aab5d009381,,,,,,,
DIRECT_PHYSICAL,100000.0,validation_ood,RIDGE_IDENTITY,0.9,,NOT_APPLICABLE,point estimator with no posterior covariance,e9c3a2d32a8bc24f638b0cb6e8fb573a72334b5e577afad9ed2b0aab5d009381,,,,,,,
DIRECT_PHYSICAL,100000.0,validation_ood,RIDGE_IDENTITY,0.95,,NOT_APPLICABLE,point estimator with no posterior covariance,e9c3a2d32a8bc24f638b0cb6e8fb573a72334b5e577afad9ed2b0aab5d009381,,,,,,,
DIRECT_PHYSICAL,100000.0,validation_in_class,TIKHONOV_TEMPORAL,0.5,,NOT_APPLICABLE,point estimator with no posterior covariance,e9c3a2d32a8bc24f638b0cb6e8fb573a72334b5e577afad9ed2b0aab5d009381,,,,,,,
DIRECT_PHYSICAL,100000.0,validation_in_class,TIKHONOV_TEMPORAL,0.9,,NOT_APPLICABLE,point estimator with no posterior covariance,e9c3a2d32a8bc24f638b0cb6e8fb573a72334b5e577afad9ed2b0aab5d009381,,,,,,,
DIRECT_PHYSICAL,100000.0,validation_in_class,TIKHONOV_TEMPORAL,0.95,,NOT_APPLICABLE,point estimator with no posterior covariance,e9c3a2d32a8bc24f638b0cb6e8fb573a72334b5e577afad9ed2b0aab5d009381,,,,,,,
DIRECT_PHYSICAL,100000.0,validation_off_grid,TIKHONOV_TEMPORAL,0.5,,NOT_APPLICABLE,point estimator with no posterior covariance,e9c3a2d32a8bc24f638b0cb6e8fb573a72334b5e577afad9ed2b0aab5d009381,,,,,,,
DIRECT_PHYSICAL,100000.0,validation_off_grid,TIKHONOV_TEMPORAL,0.9,,NOT_APPLICABLE,point estimator with no posterior covariance,e9c3a2d32a8bc24f638b0cb6e8fb573a72334b5e577afad9ed2b0aab5d009381,,,,,,,
DIRECT_PHYSICAL,100000.0,validation_off_grid,TIKHONOV_TEMPORAL,0.95,,NOT_APPLICABLE,point estimator with no posterior covariance,e9c3a2d32a8bc24f638b0cb6e8fb573a72334b5e577afad9ed2b0aab5d009381,,,,,,,
DIRECT_PHYSICAL,100000.0,validation_ood,TIKHONOV_TEMPORAL,0.5,,NOT_APPLICABLE,point estimator with no posterior covariance,e9c3a2d32a8bc24f638b0cb6e8fb573a72334b5e577afad9ed2b0aab5d009381,,,,,,,
DIRECT_PHYSICAL,100000.0,validation_ood,TIKHONOV_TEMPORAL,0.9,,NOT_APPLICABLE,point estimator with no posterior covariance,e9c3a2d32a8bc24f638b0cb6e8fb573a72334b5e577afad9ed2b0aab5d009381,,,,,,,
DIRECT_PHYSICAL,100000.0,validation_ood,TIKHONOV_TEMPORAL,0.95,,NOT_APPLICABLE,point estimator with no posterior covariance,e9c3a2d32a8bc24f638b0cb6e8fb573a72334b5e577afad9ed2b0aab5d009381,,,,,,,
DIRECT_PHYSICAL,100000.0,validation_in_class,WIENER_GAUSSIAN,0.5,0.7670113699776786,SUPPORTED,,e9c3a2d32a8bc24f638b0cb6e8fb573a72334b5e577afad9ed2b0aab5d009381,512.0,,,,,,
DIRECT_PHYSICAL,100000.0,validation_in_class,WIENER_GAUSSIAN,0.9,0.9291643415178571,SUPPORTED,,e9c3a2d32a8bc24f638b0cb6e8fb573a72334b5e577afad9ed2b0aab5d009381,512.0,,,,,,
DIRECT_PHYSICAL,100000.0,validation_in_class,WIENER_GAUSSIAN,0.95,0.94281005859375,SUPPORTED,,e9c3a2d32a8bc24f638b0cb6e8fb573a72334b5e577afad9ed2b0aab5d009381,512.0,,,,,,
DIRECT_PHYSICAL,100000.0,validation_in_class,WIENER_GAUSSIAN,,,SUPPORTED,joint chi-square calibration,e9c3a2d32a8bc24f638b0cb6e8fb573a72334b5e577afad9ed2b0aab5d009381,,652.9445064762231,224.0,2.914930832483139,0.0007502855880152712,0.0,224.0
DIRECT_PHYSICAL,100000.0,validation_off_grid,WIENER_GAUSSIAN,0.5,0.8215541294642857,SUPPORTED,,e9c3a2d32a8bc24f638b0cb6e8fb573a72334b5e577afad9ed2b0aab5d009381,320.0,,,,,,
DIRECT_PHYSICAL,100000.0,validation_off_grid,WIENER_GAUSSIAN,0.9,0.9488141741071429,SUPPORTED,,e9c3a2d32a8bc24f638b0cb6e8fb573a72334b5e577afad9ed2b0aab5d009381,320.0,,,,,,
DIRECT_PHYSICAL,100000.0,validation_off_grid,WIENER_GAUSSIAN,0.95,0.95849609375,SUPPORTED,,e9c3a2d32a8bc24f638b0cb6e8fb573a72334b5e577afad9ed2b0aab5d009381,320.0,,,,,,
DIRECT_PHYSICAL,100000.0,validation_off_grid,WIENER_GAUSSIAN,,,SUPPORTED,joint chi-square calibration,e9c3a2d32a8bc24f638b0cb6e8fb573a72334b5e577afad9ed2b0aab5d009381,,1300.666208906134,224.0,5.8065455754738124,1.3991533769921185e-13,0.0,224.0
DIRECT_PHYSICAL,100000.0,validation_ood,WIENER_GAUSSIAN,0.5,0.797607421875,SUPPORTED,,e9c3a2d32a8bc24f638b0cb6e8fb573a72334b5e577afad9ed2b0aab5d009381,256.0,,,,,,
DIRECT_PHYSICAL,100000.0,validation_ood,WIENER_GAUSSIAN,0.9,0.9291294642857143,SUPPORTED,,e9c3a2d32a8bc24f638b0cb6e8fb573a72334b5e577afad9ed2b0aab5d009381,256.0,,,,,,
DIRECT_PHYSICAL,100000.0,validation_ood,WIENER_GAUSSIAN,0.95,0.9382149832589286,SUPPORTED,,e9c3a2d32a8bc24f638b0cb6e8fb573a72334b5e577afad9ed2b0aab5d009381,256.0,,,,,,
DIRECT_PHYSICAL,100000.0,validation_ood,WIENER_GAUSSIAN,,,SUPPORTED,joint chi-square calibration,e9c3a2d32a8bc24f638b0cb6e8fb573a72334b5e577afad9ed2b0aab5d009381,,9216.13271096519,224.0,41.14344960252317,0.0,0.0,224.0
DIRECT_PHYSICAL,100000.0,validation_in_class,LINEAR_STATE_SPACE,0.5,0.97509765625,SUPPORTED,,e9c3a2d32a8bc24f638b0cb6e8fb573a72334b5e577afad9ed2b0aab5d009381,512.0,,,,,,
DIRECT_PHYSICAL,100000.0,validation_in_class,LINEAR_STATE_SPACE,0.9,0.9988054547991071,SUPPORTED,,e9c3a2d32a8bc24f638b0cb6e8fb573a72334b5e577afad9ed2b0aab5d009381,512.0,,,,,,
DIRECT_PHYSICAL,100000.0,validation_in_class,LINEAR_STATE_SPACE,0.95,0.9995989118303571,SUPPORTED,,e9c3a2d32a8bc24f638b0cb6e8fb573a72334b5e577afad9ed2b0aab5d009381,512.0,,,,,,
DIRECT_PHYSICAL,100000.0,validation_in_class,LINEAR_STATE_SPACE,,,SUPPORTED,joint chi-square calibration,e9c3a2d32a8bc24f638b0cb6e8fb573a72334b5e577afad9ed2b0aab5d009381,,6.870865805740231,224.0,0.030673508061340317,1.0,0.0,224.0
DIRECT_PHYSICAL,100000.0,validation_off_grid,LINEAR_STATE_SPACE,0.5,0.9908063616071429,SUPPORTED,,e9c3a2d32a8bc24f638b0cb6e8fb573a72334b5e577afad9ed2b0aab5d009381,320.0,,,,,,
DIRECT_PHYSICAL,100000.0,validation_off_grid,LINEAR_STATE_SPACE,0.9,0.9999441964285715,SUPPORTED,,e9c3a2d32a8bc24f638b0cb6e8fb573a72334b5e577afad9ed2b0aab5d009381,320.0,,,,,,
DIRECT_PHYSICAL,100000.0,validation_off_grid,LINEAR_STATE_SPACE,0.95,1.0,SUPPORTED,,e9c3a2d32a8bc24f638b0cb6e8fb573a72334b5e577afad9ed2b0aab5d009381,320.0,,,,,,
DIRECT_PHYSICAL,100000.0,validation_off_grid,LINEAR_STATE_SPACE,,,SUPPORTED,joint chi-square calibration,e9c3a2d32a8bc24f638b0cb6e8fb573a72334b5e577afad9ed2b0aab5d009381,,3.4678507045841487,224.0,0.015481476359750664,1.0,0.0,224.0
DIRECT_PHYSICAL,100000.0,validation_ood,LINEAR_STATE_SPACE,0.5,0.9919956752232143,SUPPORTED,,e9c3a2d32a8bc24f638b0cb6e8fb573a72334b5e577afad9ed2b0aab5d009381,256.0,,,,,,
DIRECT_PHYSICAL,100000.0,validation_ood,LINEAR_STATE_SPACE,0.9,1.0,SUPPORTED,,e9c3a2d32a8bc24f638b0cb6e8fb573a72334b5e577afad9ed2b0aab5d009381,256.0,,,,,,
DIRECT_PHYSICAL,100000.0,validation_ood,LINEAR_STATE_SPACE,0.95,1.0,SUPPORTED,,e9c3a2d32a8bc24f638b0cb6e8fb573a72334b5e577afad9ed2b0aab5d009381,256.0,,,,,,
DIRECT_PHYSICAL,100000.0,validation_ood,LINEAR_STATE_SPACE,,,SUPPORTED,joint chi-square calibration,e9c3a2d32a8bc24f638b0cb6e8fb573a72334b5e577afad9ed2b0aab5d009381,,2.9460408062107533,224.0,0.013151967884869433,1.0,0.0,224.0
DIRECT_PHYSICAL,1000000.0,validation_in_class,TSVD,0.5,,NOT_APPLICABLE,point estimator with no posterior covariance,e9c3a2d32a8bc24f638b0cb6e8fb573a72334b5e577afad9ed2b0aab5d009381,,,,,,,
DIRECT_PHYSICAL,1000000.0,validation_in_class,TSVD,0.9,,NOT_APPLICABLE,point estimator with no posterior covariance,e9c3a2d32a8bc24f638b0cb6e8fb573a72334b5e577afad9ed2b0aab5d009381,,,,,,,
DIRECT_PHYSICAL,1000000.0,validation_in_class,TSVD,0.95,,NOT_APPLICABLE,point estimator with no posterior covariance,e9c3a2d32a8bc24f638b0cb6e8fb573a72334b5e577afad9ed2b0aab5d009381,,,,,,,
DIRECT_PHYSICAL,1000000.0,validation_off_grid,TSVD,0.5,,NOT_APPLICABLE,point estimator with no posterior covariance,e9c3a2d32a8bc24f638b0cb6e8fb573a72334b5e577afad9ed2b0aab5d009381,,,,,,,
DIRECT_PHYSICAL,1000000.0,validation_off_grid,TSVD,0.9,,NOT_APPLICABLE,point estimator with no posterior covariance,e9c3a2d32a8bc24f638b0cb6e8fb573a72334b5e577afad9ed2b0aab5d009381,,,,,,,
DIRECT_PHYSICAL,1000000.0,validation_off_grid,TSVD,0.95,,NOT_APPLICABLE,point estimator with no posterior covariance,e9c3a2d32a8bc24f638b0cb6e8fb573a72334b5e577afad9ed2b0aab5d009381,,,,,,,
DIRECT_PHYSICAL,1000000.0,validation_ood,TSVD,0.5,,NOT_APPLICABLE,point estimator with no posterior covariance,e9c3a2d32a8bc24f638b0cb6e8fb573a72334b5e577afad9ed2b0aab5d009381,,,,,,,
DIRECT_PHYSICAL,1000000.0,validation_ood,TSVD,0.9,,NOT_APPLICABLE,point estimator with no posterior covariance,e9c3a2d32a8bc24f638b0cb6e8fb573a72334b5e577afad9ed2b0aab5d009381,,,,,,,
DIRECT_PHYSICAL,1000000.0,validation_ood,TSVD,0.95,,NOT_APPLICABLE,point estimator with no posterior covariance,e9c3a2d32a8bc24f638b0cb6e8fb573a72334b5e577afad9ed2b0aab5d009381,,,,,,,
DIRECT_PHYSICAL,1000000.0,validation_in_class,RIDGE_IDENTITY,0.5,,NOT_APPLICABLE,point estimator with no posterior covariance,e9c3a2d32a8bc24f638b0cb6e8fb573a72334b5e577afad9ed2b0aab5d009381,,,,,,,
DIRECT_PHYSICAL,1000000.0,validation_in_class,RIDGE_IDENTITY,0.9,,NOT_APPLICABLE,point estimator with no posterior covariance,e9c3a2d32a8bc24f638b0cb6e8fb573a72334b5e577afad9ed2b0aab5d009381,,,,,,,
DIRECT_PHYSICAL,1000000.0,validation_in_class,RIDGE_IDENTITY,0.95,,NOT_APPLICABLE,point estimator with no posterior covariance,e9c3a2d32a8bc24f638b0cb6e8fb573a72334b5e577afad9ed2b0aab5d009381,,,,,,,
DIRECT_PHYSICAL,1000000.0,validation_off_grid,RIDGE_IDENTITY,0.5,,NOT_APPLICABLE,point estimator with no posterior covariance,e9c3a2d32a8bc24f638b0cb6e8fb573a72334b5e577afad9ed2b0aab5d009381,,,,,,,
DIRECT_PHYSICAL,1000000.0,validation_off_grid,RIDGE_IDENTITY,0.9,,NOT_APPLICABLE,point estimator with no posterior covariance,e9c3a2d32a8bc24f638b0cb6e8fb573a72334b5e577afad9ed2b0aab5d009381,,,,,,,
DIRECT_PHYSICAL,1000000.0,validation_off_grid,RIDGE_IDENTITY,0.95,,NOT_APPLICABLE,point estimator with no posterior covariance,e9c3a2d32a8bc24f638b0cb6e8fb573a72334b5e577afad9ed2b0aab5d009381,,,,,,,
DIRECT_PHYSICAL,1000000.0,validation_ood,RIDGE_IDENTITY,0.5,,NOT_APPLICABLE,point estimator with no posterior covariance,e9c3a2d32a8bc24f638b0cb6e8fb573a72334b5e577afad9ed2b0aab5d009381,,,,,,,
DIRECT_PHYSICAL,1000000.0,validation_ood,RIDGE_IDENTITY,0.9,,NOT_APPLICABLE,point estimator with no posterior covariance,e9c3a2d32a8bc24f638b0cb6e8fb573a72334b5e577afad9ed2b0aab5d009381,,,,,,,
DIRECT_PHYSICAL,1000000.0,validation_ood,RIDGE_IDENTITY,0.95,,NOT_APPLICABLE,point estimator with no posterior covariance,e9c3a2d32a8bc24f638b0cb6e8fb573a72334b5e577afad9ed2b0aab5d009381,,,,,,,
DIRECT_PHYSICAL,1000000.0,validation_in_class,TIKHONOV_TEMPORAL,0.5,,NOT_APPLICABLE,point estimator with no posterior covariance,e9c3a2d32a8bc24f638b0cb6e8fb573a72334b5e577afad9ed2b0aab5d009381,,,,,,,
DIRECT_PHYSICAL,1000000.0,validation_in_class,TIKHONOV_TEMPORAL,0.9,,NOT_APPLICABLE,point estimator with no posterior covariance,e9c3a2d32a8bc24f638b0cb6e8fb573a72334b5e577afad9ed2b0aab5d009381,,,,,,,
DIRECT_PHYSICAL,1000000.0,validation_in_class,TIKHONOV_TEMPORAL,0.95,,NOT_APPLICABLE,point estimator with no posterior covariance,e9c3a2d32a8bc24f638b0cb6e8fb573a72334b5e577afad9ed2b0aab5d009381,,,,,,,
DIRECT_PHYSICAL,1000000.0,validation_off_grid,TIKHONOV_TEMPORAL,0.5,,NOT_APPLICABLE,point estimator with no posterior covariance,e9c3a2d32a8bc24f638b0cb6e8fb573a72334b5e577afad9ed2b0aab5d009381,,,,,,,
DIRECT_PHYSICAL,1000000.0,validation_off_grid,TIKHONOV_TEMPORAL,0.9,,NOT_APPLICABLE,point estimator with no posterior covariance,e9c3a2d32a8bc24f638b0cb6e8fb573a72334b5e577afad9ed2b0aab5d009381,,,,,,,
DIRECT_PHYSICAL,1000000.0,validation_off_grid,TIKHONOV_TEMPORAL,0.95,,NOT_APPLICABLE,point estimator with no posterior covariance,e9c3a2d32a8bc24f638b0cb6e8fb573a72334b5e577afad9ed2b0aab5d009381,,,,,,,
DIRECT_PHYSICAL,1000000.0,validation_ood,TIKHONOV_TEMPORAL,0.5,,NOT_APPLICABLE,point estimator with no posterior covariance,e9c3a2d32a8bc24f638b0cb6e8fb573a72334b5e577afad9ed2b0aab5d009381,,,,,,,
DIRECT_PHYSICAL,1000000.0,validation_ood,TIKHONOV_TEMPORAL,0.9,,NOT_APPLICABLE,point estimator with no posterior covariance,e9c3a2d32a8bc24f638b0cb6e8fb573a72334b5e577afad9ed2b0aab5d009381,,,,,,,
DIRECT_PHYSICAL,1000000.0,validation_ood,TIKHONOV_TEMPORAL,0.95,,NOT_APPLICABLE,point estimator with no posterior covariance,e9c3a2d32a8bc24f638b0cb6e8fb573a72334b5e577afad9ed2b0aab5d009381,,,,,,,
DIRECT_PHYSICAL,1000000.0,validation_in_class,WIENER_GAUSSIAN,0.5,0.7670026506696429,SUPPORTED,,e9c3a2d32a8bc24f638b0cb6e8fb573a72334b5e577afad9ed2b0aab5d009381,512.0,,,,,,
DIRECT_PHYSICAL,1000000.0,validation_in_class,WIENER_GAUSSIAN,0.9,0.9291643415178571,SUPPORTED,,e9c3a2d32a8bc24f638b0cb6e8fb573a72334b5e577afad9ed2b0aab5d009381,512.0,,,,,,
DIRECT_PHYSICAL,1000000.0,validation_in_class,WIENER_GAUSSIAN,0.95,0.94281005859375,SUPPORTED,,e9c3a2d32a8bc24f638b0cb6e8fb573a72334b5e577afad9ed2b0aab5d009381,512.0,,,,,,
DIRECT_PHYSICAL,1000000.0,validation_in_class,WIENER_GAUSSIAN,,,SUPPORTED,joint chi-square calibration,e9c3a2d32a8bc24f638b0cb6e8fb573a72334b5e577afad9ed2b0aab5d009381,,652.9484224138487,224.0,2.9149483143475385,0.0007498582064881711,0.0,224.0
DIRECT_PHYSICAL,1000000.0,validation_off_grid,WIENER_GAUSSIAN,0.5,0.8215541294642857,SUPPORTED,,e9c3a2d32a8bc24f638b0cb6e8fb573a72334b5e577afad9ed2b0aab5d009381,320.0,,,,,,
DIRECT_PHYSICAL,1000000.0,validation_off_grid,WIENER_GAUSSIAN,0.9,0.9488141741071429,SUPPORTED,,e9c3a2d32a8bc24f638b0cb6e8fb573a72334b5e577afad9ed2b0aab5d009381,320.0,,,,,,
DIRECT_PHYSICAL,1000000.0,validation_off_grid,WIENER_GAUSSIAN,0.95,0.95849609375,SUPPORTED,,e9c3a2d32a8bc24f638b0cb6e8fb573a72334b5e577afad9ed2b0aab5d009381,320.0,,,,,,
DIRECT_PHYSICAL,1000000.0,validation_off_grid,WIENER_GAUSSIAN,,,SUPPORTED,joint chi-square calibration,e9c3a2d32a8bc24f638b0cb6e8fb573a72334b5e577afad9ed2b0aab5d009381,,1300.6701022861512,224.0,5.806562956634603,1.397886397427689e-13,0.0,224.0
DIRECT_PHYSICAL,1000000.0,validation_ood,WIENER_GAUSSIAN,0.5,0.7975899832589286,SUPPORTED,,e9c3a2d32a8bc24f638b0cb6e8fb573a72334b5e577afad9ed2b0aab5d009381,256.0,,,,,,
DIRECT_PHYSICAL,1000000.0,validation_ood,WIENER_GAUSSIAN,0.9,0.9291294642857143,SUPPORTED,,e9c3a2d32a8bc24f638b0cb6e8fb573a72334b5e577afad9ed2b0aab5d009381,256.0,,,,,,
DIRECT_PHYSICAL,1000000.0,validation_ood,WIENER_GAUSSIAN,0.95,0.9382149832589286,SUPPORTED,,e9c3a2d32a8bc24f638b0cb6e8fb573a72334b5e577afad9ed2b0aab5d009381,256.0,,,,,,
DIRECT_PHYSICAL,1000000.0,validation_ood,WIENER_GAUSSIAN,,,SUPPORTED,joint chi-square calibration,e9c3a2d32a8bc24f638b0cb6e8fb573a72334b5e577afad9ed2b0aab5d009381,,9216.136625459023,224.0,41.14346707794207,0.0,0.0,224.0
DIRECT_PHYSICAL,1000000.0,validation_in_class,LINEAR_STATE_SPACE,0.5,0.97509765625,SUPPORTED,,e9c3a2d32a8bc24f638b0cb6e8fb573a72334b5e577afad9ed2b0aab5d009381,512.0,,,,,,
DIRECT_PHYSICAL,1000000.0,validation_in_class,LINEAR_STATE_SPACE,0.9,0.9988054547991071,SUPPORTED,,e9c3a2d32a8bc24f638b0cb6e8fb573a72334b5e577afad9ed2b0aab5d009381,512.0,,,,,,
DIRECT_PHYSICAL,1000000.0,validation_in_class,LINEAR_STATE_SPACE,0.95,0.9995989118303571,SUPPORTED,,e9c3a2d32a8bc24f638b0cb6e8fb573a72334b5e577afad9ed2b0aab5d009381,512.0,,,,,,
DIRECT_PHYSICAL,1000000.0,validation_in_class,LINEAR_STATE_SPACE,,,SUPPORTED,joint chi-square calibration,e9c3a2d32a8bc24f638b0cb6e8fb573a72334b5e577afad9ed2b0aab5d009381,,6.870866155001376,224.0,0.030673509620541856,1.0,0.0,224.0
DIRECT_PHYSICAL,1000000.0,validation_off_grid,LINEAR_STATE_SPACE,0.5,0.9908063616071429,SUPPORTED,,e9c3a2d32a8bc24f638b0cb6e8fb573a72334b5e577afad9ed2b0aab5d009381,320.0,,,,,,
DIRECT_PHYSICAL,1000000.0,validation_off_grid,LINEAR_STATE_SPACE,0.9,0.9999441964285715,SUPPORTED,,e9c3a2d32a8bc24f638b0cb6e8fb573a72334b5e577afad9ed2b0aab5d009381,320.0,,,,,,
DIRECT_PHYSICAL,1000000.0,validation_off_grid,LINEAR_STATE_SPACE,0.95,1.0,SUPPORTED,,e9c3a2d32a8bc24f638b0cb6e8fb573a72334b5e577afad9ed2b0aab5d009381,320.0,,,,,,
DIRECT_PHYSICAL,1000000.0,validation_off_grid,LINEAR_STATE_SPACE,,,SUPPORTED,joint chi-square calibration,e9c3a2d32a8bc24f638b0cb6e8fb573a72334b5e577afad9ed2b0aab5d009381,,3.467850850445567,224.0,0.01548147701091771,1.0,0.0,224.0
DIRECT_PHYSICAL,1000000.0,validation_ood,LINEAR_STATE_SPACE,0.5,0.9919956752232143,SUPPORTED,,e9c3a2d32a8bc24f638b0cb6e8fb573a72334b5e577afad9ed2b0aab5d009381,256.0,,,,,,
DIRECT_PHYSICAL,1000000.0,validation_ood,LINEAR_STATE_SPACE,0.9,1.0,SUPPORTED,,e9c3a2d32a8bc24f638b0cb6e8fb573a72334b5e577afad9ed2b0aab5d009381,256.0,,,,,,
DIRECT_PHYSICAL,1000000.0,validation_ood,LINEAR_STATE_SPACE,0.95,1.0,SUPPORTED,,e9c3a2d32a8bc24f638b0cb6e8fb573a72334b5e577afad9ed2b0aab5d009381,256.0,,,,,,
DIRECT_PHYSICAL,1000000.0,validation_ood,LINEAR_STATE_SPACE,,,SUPPORTED,joint chi-square calibration,e9c3a2d32a8bc24f638b0cb6e8fb573a72334b5e577afad9ed2b0aab5d009381,,2.9460407402413287,224.0,0.013151967590363075,1.0,0.0,224.0
RESOLVED_PHYSICAL,1.0,validation_in_class,TSVD,0.5,,NOT_APPLICABLE,point estimator with no posterior covariance,e9c3a2d32a8bc24f638b0cb6e8fb573a72334b5e577afad9ed2b0aab5d009381,,,,,,,
RESOLVED_PHYSICAL,1.0,validation_in_class,TSVD,0.9,,NOT_APPLICABLE,point estimator with no posterior covariance,e9c3a2d32a8bc24f638b0cb6e8fb573a72334b5e577afad9ed2b0aab5d009381,,,,,,,
RESOLVED_PHYSICAL,1.0,validation_in_class,TSVD,0.95,,NOT_APPLICABLE,point estimator with no posterior covariance,e9c3a2d32a8bc24f638b0cb6e8fb573a72334b5e577afad9ed2b0aab5d009381,,,,,,,
RESOLVED_PHYSICAL,1.0,validation_off_grid,TSVD,0.5,,NOT_APPLICABLE,point estimator with no posterior covariance,e9c3a2d32a8bc24f638b0cb6e8fb573a72334b5e577afad9ed2b0aab5d009381,,,,,,,
RESOLVED_PHYSICAL,1.0,validation_off_grid,TSVD,0.9,,NOT_APPLICABLE,point estimator with no posterior covariance,e9c3a2d32a8bc24f638b0cb6e8fb573a72334b5e577afad9ed2b0aab5d009381,,,,,,,
RESOLVED_PHYSICAL,1.0,validation_off_grid,TSVD,0.95,,NOT_APPLICABLE,point estimator with no posterior covariance,e9c3a2d32a8bc24f638b0cb6e8fb573a72334b5e577afad9ed2b0aab5d009381,,,,,,,
RESOLVED_PHYSICAL,1.0,validation_ood,TSVD,0.5,,NOT_APPLICABLE,point estimator with no posterior covariance,e9c3a2d32a8bc24f638b0cb6e8fb573a72334b5e577afad9ed2b0aab5d009381,,,,,,,
RESOLVED_PHYSICAL,1.0,validation_ood,TSVD,0.9,,NOT_APPLICABLE,point estimator with no posterior covariance,e9c3a2d32a8bc24f638b0cb6e8fb573a72334b5e577afad9ed2b0aab5d009381,,,,,,,
RESOLVED_PHYSICAL,1.0,validation_ood,TSVD,0.95,,NOT_APPLICABLE,point estimator with no posterior covariance,e9c3a2d32a8bc24f638b0cb6e8fb573a72334b5e577afad9ed2b0aab5d009381,,,,,,,
RESOLVED_PHYSICAL,1.0,validation_in_class,RIDGE_IDENTITY,0.5,,NOT_APPLICABLE,point estimator with no posterior covariance,e9c3a2d32a8bc24f638b0cb6e8fb573a72334b5e577afad9ed2b0aab5d009381,,,,,,,
RESOLVED_PHYSICAL,1.0,validation_in_class,RIDGE_IDENTITY,0.9,,NOT_APPLICABLE,point estimator with no posterior covariance,e9c3a2d32a8bc24f638b0cb6e8fb573a72334b5e577afad9ed2b0aab5d009381,,,,,,,
RESOLVED_PHYSICAL,1.0,validation_in_class,RIDGE_IDENTITY,0.95,,NOT_APPLICABLE,point estimator with no posterior covariance,e9c3a2d32a8bc24f638b0cb6e8fb573a72334b5e577afad9ed2b0aab5d009381,,,,,,,
RESOLVED_PHYSICAL,1.0,validation_off_grid,RIDGE_IDENTITY,0.5,,NOT_APPLICABLE,point estimator with no posterior covariance,e9c3a2d32a8bc24f638b0cb6e8fb573a72334b5e577afad9ed2b0aab5d009381,,,,,,,
RESOLVED_PHYSICAL,1.0,validation_off_grid,RIDGE_IDENTITY,0.9,,NOT_APPLICABLE,point estimator with no posterior covariance,e9c3a2d32a8bc24f638b0cb6e8fb573a72334b5e577afad9ed2b0aab5d009381,,,,,,,
RESOLVED_PHYSICAL,1.0,validation_off_grid,RIDGE_IDENTITY,0.95,,NOT_APPLICABLE,point estimator with no posterior covariance,e9c3a2d32a8bc24f638b0cb6e8fb573a72334b5e577afad9ed2b0aab5d009381,,,,,,,
RESOLVED_PHYSICAL,1.0,validation_ood,RIDGE_IDENTITY,0.5,,NOT_APPLICABLE,point estimator with no posterior covariance,e9c3a2d32a8bc24f638b0cb6e8fb573a72334b5e577afad9ed2b0aab5d009381,,,,,,,
RESOLVED_PHYSICAL,1.0,validation_ood,RIDGE_IDENTITY,0.9,,NOT_APPLICABLE,point estimator with no posterior covariance,e9c3a2d32a8bc24f638b0cb6e8fb573a72334b5e577afad9ed2b0aab5d009381,,,,,,,
RESOLVED_PHYSICAL,1.0,validation_ood,RIDGE_IDENTITY,0.95,,NOT_APPLICABLE,point estimator with no posterior covariance,e9c3a2d32a8bc24f638b0cb6e8fb573a72334b5e577afad9ed2b0aab5d009381,,,,,,,
RESOLVED_PHYSICAL,1.0,validation_in_class,TIKHONOV_TEMPORAL,0.5,,NOT_APPLICABLE,point estimator with no posterior covariance,e9c3a2d32a8bc24f638b0cb6e8fb573a72334b5e577afad9ed2b0aab5d009381,,,,,,,
RESOLVED_PHYSICAL,1.0,validation_in_class,TIKHONOV_TEMPORAL,0.9,,NOT_APPLICABLE,point estimator with no posterior covariance,e9c3a2d32a8bc24f638b0cb6e8fb573a72334b5e577afad9ed2b0aab5d009381,,,,,,,
RESOLVED_PHYSICAL,1.0,validation_in_class,TIKHONOV_TEMPORAL,0.95,,NOT_APPLICABLE,point estimator with no posterior covariance,e9c3a2d32a8bc24f638b0cb6e8fb573a72334b5e577afad9ed2b0aab5d009381,,,,,,,
RESOLVED_PHYSICAL,1.0,validation_off_grid,TIKHONOV_TEMPORAL,0.5,,NOT_APPLICABLE,point estimator with no posterior covariance,e9c3a2d32a8bc24f638b0cb6e8fb573a72334b5e577afad9ed2b0aab5d009381,,,,,,,
RESOLVED_PHYSICAL,1.0,validation_off_grid,TIKHONOV_TEMPORAL,0.9,,NOT_APPLICABLE,point estimator with no posterior covariance,e9c3a2d32a8bc24f638b0cb6e8fb573a72334b5e577afad9ed2b0aab5d009381,,,,,,,
RESOLVED_PHYSICAL,1.0,validation_off_grid,TIKHONOV_TEMPORAL,0.95,,NOT_APPLICABLE,point estimator with no posterior covariance,e9c3a2d32a8bc24f638b0cb6e8fb573a72334b5e577afad9ed2b0aab5d009381,,,,,,,
RESOLVED_PHYSICAL,1.0,validation_ood,TIKHONOV_TEMPORAL,0.5,,NOT_APPLICABLE,point estimator with no posterior covariance,e9c3a2d32a8bc24f638b0cb6e8fb573a72334b5e577afad9ed2b0aab5d009381,,,,,,,
RESOLVED_PHYSICAL,1.0,validation_ood,TIKHONOV_TEMPORAL,0.9,,NOT_APPLICABLE,point estimator with no posterior covariance,e9c3a2d32a8bc24f638b0cb6e8fb573a72334b5e577afad9ed2b0aab5d009381,,,,,,,
RESOLVED_PHYSICAL,1.0,validation_ood,TIKHONOV_TEMPORAL,0.95,,NOT_APPLICABLE,point estimator with no posterior covariance,e9c3a2d32a8bc24f638b0cb6e8fb573a72334b5e577afad9ed2b0aab5d009381,,,,,,,
RESOLVED_PHYSICAL,1.0,validation_in_class,WIENER_GAUSSIAN,0.5,0.849853515625,SUPPORTED,,e9c3a2d32a8bc24f638b0cb6e8fb573a72334b5e577afad9ed2b0aab5d009381,512.0,,,,,,
RESOLVED_PHYSICAL,1.0,validation_in_class,WIENER_GAUSSIAN,0.9,0.9628557477678571,SUPPORTED,,e9c3a2d32a8bc24f638b0cb6e8fb573a72334b5e577afad9ed2b0aab5d009381,512.0,,,,,,
RESOLVED_PHYSICAL,1.0,validation_in_class,WIENER_GAUSSIAN,0.95,0.97259521484375,SUPPORTED,,e9c3a2d32a8bc24f638b0cb6e8fb573a72334b5e577afad9ed2b0aab5d009381,512.0,,,,,,
RESOLVED_PHYSICAL,1.0,validation_in_class,WIENER_GAUSSIAN,,,SUPPORTED,joint chi-square calibration,e9c3a2d32a8bc24f638b0cb6e8fb573a72334b5e577afad9ed2b0aab5d009381,,130.9252729611324,224.0,0.5844878257193411,1.0,0.0,224.0
RESOLVED_PHYSICAL,1.0,validation_off_grid,WIENER_GAUSSIAN,0.5,0.8985491071428572,SUPPORTED,,e9c3a2d32a8bc24f638b0cb6e8fb573a72334b5e577afad9ed2b0aab5d009381,320.0,,,,,,
RESOLVED_PHYSICAL,1.0,validation_off_grid,WIENER_GAUSSIAN,0.9,0.9825334821428572,SUPPORTED,,e9c3a2d32a8bc24f638b0cb6e8fb573a72334b5e577afad9ed2b0aab5d009381,320.0,,,,,,
RESOLVED_PHYSICAL,1.0,validation_off_grid,WIENER_GAUSSIAN,0.95,0.98681640625,SUPPORTED,,e9c3a2d32a8bc24f638b0cb6e8fb573a72334b5e577afad9ed2b0aab5d009381,320.0,,,,,,
RESOLVED_PHYSICAL,1.0,validation_off_grid,WIENER_GAUSSIAN,,,SUPPORTED,joint chi-square calibration,e9c3a2d32a8bc24f638b0cb6e8fb573a72334b5e577afad9ed2b0aab5d009381,,117.32839356685588,224.0,0.5237874712806067,1.0,0.0,224.0
RESOLVED_PHYSICAL,1.0,validation_ood,WIENER_GAUSSIAN,0.5,0.9045758928571429,SUPPORTED,,e9c3a2d32a8bc24f638b0cb6e8fb573a72334b5e577afad9ed2b0aab5d009381,256.0,,,,,,
RESOLVED_PHYSICAL,1.0,validation_ood,WIENER_GAUSSIAN,0.9,0.9879150390625,SUPPORTED,,e9c3a2d32a8bc24f638b0cb6e8fb573a72334b5e577afad9ed2b0aab5d009381,256.0,,,,,,
RESOLVED_PHYSICAL,1.0,validation_ood,WIENER_GAUSSIAN,0.95,0.9917166573660714,SUPPORTED,,e9c3a2d32a8bc24f638b0cb6e8fb573a72334b5e577afad9ed2b0aab5d009381,256.0,,,,,,
RESOLVED_PHYSICAL,1.0,validation_ood,WIENER_GAUSSIAN,,,SUPPORTED,joint chi-square calibration,e9c3a2d32a8bc24f638b0cb6e8fb573a72334b5e577afad9ed2b0aab5d009381,,70.88762744321417,224.0,0.316462622514349,1.0,0.0,224.0
RESOLVED_PHYSICAL,1.0,validation_in_class,LINEAR_STATE_SPACE,0.5,0.45631626674107145,SUPPORTED,,e9c3a2d32a8bc24f638b0cb6e8fb573a72334b5e577afad9ed2b0aab5d009381,512.0,,,,,,
RESOLVED_PHYSICAL,1.0,validation_in_class,LINEAR_STATE_SPACE,0.9,0.8231898716517857,SUPPORTED,,e9c3a2d32a8bc24f638b0cb6e8fb573a72334b5e577afad9ed2b0aab5d009381,512.0,,,,,,
RESOLVED_PHYSICAL,1.0,validation_in_class,LINEAR_STATE_SPACE,0.95,0.8749651227678571,SUPPORTED,,e9c3a2d32a8bc24f638b0cb6e8fb573a72334b5e577afad9ed2b0aab5d009381,512.0,,,,,,
RESOLVED_PHYSICAL,1.0,validation_in_class,LINEAR_STATE_SPACE,,,SUPPORTED,joint chi-square calibration,e9c3a2d32a8bc24f638b0cb6e8fb573a72334b5e577afad9ed2b0aab5d009381,,838.4631879134162,224.0,3.7431392317563223,1.0830998132072903e-54,0.0,224.0
RESOLVED_PHYSICAL,1.0,validation_off_grid,LINEAR_STATE_SPACE,0.5,0.4874302455357143,SUPPORTED,,e9c3a2d32a8bc24f638b0cb6e8fb573a72334b5e577afad9ed2b0aab5d009381,320.0,,,,,,
RESOLVED_PHYSICAL,1.0,validation_off_grid,LINEAR_STATE_SPACE,0.9,0.8532645089285714,SUPPORTED,,e9c3a2d32a8bc24f638b0cb6e8fb573a72334b5e577afad9ed2b0aab5d009381,320.0,,,,,,
RESOLVED_PHYSICAL,1.0,validation_off_grid,LINEAR_STATE_SPACE,0.95,0.8991908482142857,SUPPORTED,,e9c3a2d32a8bc24f638b0cb6e8fb573a72334b5e577afad9ed2b0aab5d009381,320.0,,,,,,
RESOLVED_PHYSICAL,1.0,validation_off_grid,LINEAR_STATE_SPACE,,,SUPPORTED,joint chi-square calibration,e9c3a2d32a8bc24f638b0cb6e8fb573a72334b5e577afad9ed2b0aab5d009381,,449.2184010690427,224.0,2.0054392904867977,8.159619597069669e-10,0.0,224.0
RESOLVED_PHYSICAL,1.0,validation_ood,LINEAR_STATE_SPACE,0.5,0.4871303013392857,SUPPORTED,,e9c3a2d32a8bc24f638b0cb6e8fb573a72334b5e577afad9ed2b0aab5d009381,256.0,,,,,,
RESOLVED_PHYSICAL,1.0,validation_ood,LINEAR_STATE_SPACE,0.9,0.8542654854910714,SUPPORTED,,e9c3a2d32a8bc24f638b0cb6e8fb573a72334b5e577afad9ed2b0aab5d009381,256.0,,,,,,
RESOLVED_PHYSICAL,1.0,validation_ood,LINEAR_STATE_SPACE,0.95,0.9000244140625,SUPPORTED,,e9c3a2d32a8bc24f638b0cb6e8fb573a72334b5e577afad9ed2b0aab5d009381,256.0,,,,,,
RESOLVED_PHYSICAL,1.0,validation_ood,LINEAR_STATE_SPACE,,,SUPPORTED,joint chi-square calibration,e9c3a2d32a8bc24f638b0cb6e8fb573a72334b5e577afad9ed2b0aab5d009381,,384.7054338619047,224.0,1.7174349725977887,7.312224693486287e-10,0.0,224.0
RESOLVED_PHYSICAL,3.0,validation_in_class,TSVD,0.5,,NOT_APPLICABLE,point estimator with no posterior covariance,e9c3a2d32a8bc24f638b0cb6e8fb573a72334b5e577afad9ed2b0aab5d009381,,,,,,,
RESOLVED_PHYSICAL,3.0,validation_in_class,TSVD,0.9,,NOT_APPLICABLE,point estimator with no posterior covariance,e9c3a2d32a8bc24f638b0cb6e8fb573a72334b5e577afad9ed2b0aab5d009381,,,,,,,
RESOLVED_PHYSICAL,3.0,validation_in_class,TSVD,0.95,,NOT_APPLICABLE,point estimator with no posterior covariance,e9c3a2d32a8bc24f638b0cb6e8fb573a72334b5e577afad9ed2b0aab5d009381,,,,,,,
RESOLVED_PHYSICAL,3.0,validation_off_grid,TSVD,0.5,,NOT_APPLICABLE,point estimator with no posterior covariance,e9c3a2d32a8bc24f638b0cb6e8fb573a72334b5e577afad9ed2b0aab5d009381,,,,,,,
RESOLVED_PHYSICAL,3.0,validation_off_grid,TSVD,0.9,,NOT_APPLICABLE,point estimator with no posterior covariance,e9c3a2d32a8bc24f638b0cb6e8fb573a72334b5e577afad9ed2b0aab5d009381,,,,,,,
RESOLVED_PHYSICAL,3.0,validation_off_grid,TSVD,0.95,,NOT_APPLICABLE,point estimator with no posterior covariance,e9c3a2d32a8bc24f638b0cb6e8fb573a72334b5e577afad9ed2b0aab5d009381,,,,,,,
RESOLVED_PHYSICAL,3.0,validation_ood,TSVD,0.5,,NOT_APPLICABLE,point estimator with no posterior covariance,e9c3a2d32a8bc24f638b0cb6e8fb573a72334b5e577afad9ed2b0aab5d009381,,,,,,,
RESOLVED_PHYSICAL,3.0,validation_ood,TSVD,0.9,,NOT_APPLICABLE,point estimator with no posterior covariance,e9c3a2d32a8bc24f638b0cb6e8fb573a72334b5e577afad9ed2b0aab5d009381,,,,,,,
RESOLVED_PHYSICAL,3.0,validation_ood,TSVD,0.95,,NOT_APPLICABLE,point estimator with no posterior covariance,e9c3a2d32a8bc24f638b0cb6e8fb573a72334b5e577afad9ed2b0aab5d009381,,,,,,,
RESOLVED_PHYSICAL,3.0,validation_in_class,RIDGE_IDENTITY,0.5,,NOT_APPLICABLE,point estimator with no posterior covariance,e9c3a2d32a8bc24f638b0cb6e8fb573a72334b5e577afad9ed2b0aab5d009381,,,,,,,
RESOLVED_PHYSICAL,3.0,validation_in_class,RIDGE_IDENTITY,0.9,,NOT_APPLICABLE,point estimator with no posterior covariance,e9c3a2d32a8bc24f638b0cb6e8fb573a72334b5e577afad9ed2b0aab5d009381,,,,,,,
RESOLVED_PHYSICAL,3.0,validation_in_class,RIDGE_IDENTITY,0.95,,NOT_APPLICABLE,point estimator with no posterior covariance,e9c3a2d32a8bc24f638b0cb6e8fb573a72334b5e577afad9ed2b0aab5d009381,,,,,,,
RESOLVED_PHYSICAL,3.0,validation_off_grid,RIDGE_IDENTITY,0.5,,NOT_APPLICABLE,point estimator with no posterior covariance,e9c3a2d32a8bc24f638b0cb6e8fb573a72334b5e577afad9ed2b0aab5d009381,,,,,,,
RESOLVED_PHYSICAL,3.0,validation_off_grid,RIDGE_IDENTITY,0.9,,NOT_APPLICABLE,point estimator with no posterior covariance,e9c3a2d32a8bc24f638b0cb6e8fb573a72334b5e577afad9ed2b0aab5d009381,,,,,,,
RESOLVED_PHYSICAL,3.0,validation_off_grid,RIDGE_IDENTITY,0.95,,NOT_APPLICABLE,point estimator with no posterior covariance,e9c3a2d32a8bc24f638b0cb6e8fb573a72334b5e577afad9ed2b0aab5d009381,,,,,,,
RESOLVED_PHYSICAL,3.0,validation_ood,RIDGE_IDENTITY,0.5,,NOT_APPLICABLE,point estimator with no posterior covariance,e9c3a2d32a8bc24f638b0cb6e8fb573a72334b5e577afad9ed2b0aab5d009381,,,,,,,
RESOLVED_PHYSICAL,3.0,validation_ood,RIDGE_IDENTITY,0.9,,NOT_APPLICABLE,point estimator with no posterior covariance,e9c3a2d32a8bc24f638b0cb6e8fb573a72334b5e577afad9ed2b0aab5d009381,,,,,,,
RESOLVED_PHYSICAL,3.0,validation_ood,RIDGE_IDENTITY,0.95,,NOT_APPLICABLE,point estimator with no posterior covariance,e9c3a2d32a8bc24f638b0cb6e8fb573a72334b5e577afad9ed2b0aab5d009381,,,,,,,
RESOLVED_PHYSICAL,3.0,validation_in_class,TIKHONOV_TEMPORAL,0.5,,NOT_APPLICABLE,point estimator with no posterior covariance,e9c3a2d32a8bc24f638b0cb6e8fb573a72334b5e577afad9ed2b0aab5d009381,,,,,,,
RESOLVED_PHYSICAL,3.0,validation_in_class,TIKHONOV_TEMPORAL,0.9,,NOT_APPLICABLE,point estimator with no posterior covariance,e9c3a2d32a8bc24f638b0cb6e8fb573a72334b5e577afad9ed2b0aab5d009381,,,,,,,
RESOLVED_PHYSICAL,3.0,validation_in_class,TIKHONOV_TEMPORAL,0.95,,NOT_APPLICABLE,point estimator with no posterior covariance,e9c3a2d32a8bc24f638b0cb6e8fb573a72334b5e577afad9ed2b0aab5d009381,,,,,,,
RESOLVED_PHYSICAL,3.0,validation_off_grid,TIKHONOV_TEMPORAL,0.5,,NOT_APPLICABLE,point estimator with no posterior covariance,e9c3a2d32a8bc24f638b0cb6e8fb573a72334b5e577afad9ed2b0aab5d009381,,,,,,,
RESOLVED_PHYSICAL,3.0,validation_off_grid,TIKHONOV_TEMPORAL,0.9,,NOT_APPLICABLE,point estimator with no posterior covariance,e9c3a2d32a8bc24f638b0cb6e8fb573a72334b5e577afad9ed2b0aab5d009381,,,,,,,
RESOLVED_PHYSICAL,3.0,validation_off_grid,TIKHONOV_TEMPORAL,0.95,,NOT_APPLICABLE,point estimator with no posterior covariance,e9c3a2d32a8bc24f638b0cb6e8fb573a72334b5e577afad9ed2b0aab5d009381,,,,,,,
RESOLVED_PHYSICAL,3.0,validation_ood,TIKHONOV_TEMPORAL,0.5,,NOT_APPLICABLE,point estimator with no posterior covariance,e9c3a2d32a8bc24f638b0cb6e8fb573a72334b5e577afad9ed2b0aab5d009381,,,,,,,
RESOLVED_PHYSICAL,3.0,validation_ood,TIKHONOV_TEMPORAL,0.9,,NOT_APPLICABLE,point estimator with no posterior covariance,e9c3a2d32a8bc24f638b0cb6e8fb573a72334b5e577afad9ed2b0aab5d009381,,,,,,,
RESOLVED_PHYSICAL,3.0,validation_ood,TIKHONOV_TEMPORAL,0.95,,NOT_APPLICABLE,point estimator with no posterior covariance,e9c3a2d32a8bc24f638b0cb6e8fb573a72334b5e577afad9ed2b0aab5d009381,,,,,,,
RESOLVED_PHYSICAL,3.0,validation_in_class,WIENER_GAUSSIAN,0.5,0.8204258510044643,SUPPORTED,,e9c3a2d32a8bc24f638b0cb6e8fb573a72334b5e577afad9ed2b0aab5d009381,512.0,,,,,,
RESOLVED_PHYSICAL,3.0,validation_in_class,WIENER_GAUSSIAN,0.9,0.9367239815848214,SUPPORTED,,e9c3a2d32a8bc24f638b0cb6e8fb573a72334b5e577afad9ed2b0aab5d009381,512.0,,,,,,
RESOLVED_PHYSICAL,3.0,validation_in_class,WIENER_GAUSSIAN,0.95,0.9492885044642857,SUPPORTED,,e9c3a2d32a8bc24f638b0cb6e8fb573a72334b5e577afad9ed2b0aab5d009381,512.0,,,,,,
RESOLVED_PHYSICAL,3.0,validation_in_class,WIENER_GAUSSIAN,,,SUPPORTED,joint chi-square calibration,e9c3a2d32a8bc24f638b0cb6e8fb573a72334b5e577afad9ed2b0aab5d009381,,532.4222814957842,224.0,2.3768851852490367,0.9951089252712898,0.0,224.0
RESOLVED_PHYSICAL,3.0,validation_off_grid,WIENER_GAUSSIAN,0.5,0.8733537946428571,SUPPORTED,,e9c3a2d32a8bc24f638b0cb6e8fb573a72334b5e577afad9ed2b0aab5d009381,320.0,,,,,,
RESOLVED_PHYSICAL,3.0,validation_off_grid,WIENER_GAUSSIAN,0.9,0.9565848214285714,SUPPORTED,,e9c3a2d32a8bc24f638b0cb6e8fb573a72334b5e577afad9ed2b0aab5d009381,320.0,,,,,,
RESOLVED_PHYSICAL,3.0,validation_off_grid,WIENER_GAUSSIAN,0.95,0.9638811383928572,SUPPORTED,,e9c3a2d32a8bc24f638b0cb6e8fb573a72334b5e577afad9ed2b0aab5d009381,320.0,,,,,,
RESOLVED_PHYSICAL,3.0,validation_off_grid,WIENER_GAUSSIAN,,,SUPPORTED,joint chi-square calibration,e9c3a2d32a8bc24f638b0cb6e8fb573a72334b5e577afad9ed2b0aab5d009381,,1181.7034637546876,224.0,5.275461891761998,0.002083026432109856,0.0,224.0
RESOLVED_PHYSICAL,3.0,validation_ood,WIENER_GAUSSIAN,0.5,0.8531494140625,SUPPORTED,,e9c3a2d32a8bc24f638b0cb6e8fb573a72334b5e577afad9ed2b0aab5d009381,256.0,,,,,,
RESOLVED_PHYSICAL,3.0,validation_ood,WIENER_GAUSSIAN,0.9,0.9373953683035714,SUPPORTED,,e9c3a2d32a8bc24f638b0cb6e8fb573a72334b5e577afad9ed2b0aab5d009381,256.0,,,,,,
RESOLVED_PHYSICAL,3.0,validation_ood,WIENER_GAUSSIAN,0.95,0.9452078683035714,SUPPORTED,,e9c3a2d32a8bc24f638b0cb6e8fb573a72334b5e577afad9ed2b0aab5d009381,256.0,,,,,,
RESOLVED_PHYSICAL,3.0,validation_ood,WIENER_GAUSSIAN,,,SUPPORTED,joint chi-square calibration,e9c3a2d32a8bc24f638b0cb6e8fb573a72334b5e577afad9ed2b0aab5d009381,,9096.347782614499,224.0,40.60869545810044,0.0,0.0,224.0
RESOLVED_PHYSICAL,3.0,validation_in_class,LINEAR_STATE_SPACE,0.5,0.8467145647321429,SUPPORTED,,e9c3a2d32a8bc24f638b0cb6e8fb573a72334b5e577afad9ed2b0aab5d009381,512.0,,,,,,
RESOLVED_PHYSICAL,3.0,validation_in_class,LINEAR_STATE_SPACE,0.9,0.9579903738839286,SUPPORTED,,e9c3a2d32a8bc24f638b0cb6e8fb573a72334b5e577afad9ed2b0aab5d009381,512.0,,,,,,
RESOLVED_PHYSICAL,3.0,validation_in_class,LINEAR_STATE_SPACE,0.95,0.9759695870535714,SUPPORTED,,e9c3a2d32a8bc24f638b0cb6e8fb573a72334b5e577afad9ed2b0aab5d009381,512.0,,,,,,
RESOLVED_PHYSICAL,3.0,validation_in_class,LINEAR_STATE_SPACE,,,SUPPORTED,joint chi-square calibration,e9c3a2d32a8bc24f638b0cb6e8fb573a72334b5e577afad9ed2b0aab5d009381,,79.66653751284188,224.0,0.355654185325187,1.0,0.0,224.0
RESOLVED_PHYSICAL,3.0,validation_off_grid,LINEAR_STATE_SPACE,0.5,0.8783203125,SUPPORTED,,e9c3a2d32a8bc24f638b0cb6e8fb573a72334b5e577afad9ed2b0aab5d009381,320.0,,,,,,
RESOLVED_PHYSICAL,3.0,validation_off_grid,LINEAR_STATE_SPACE,0.9,0.9756277901785714,SUPPORTED,,e9c3a2d32a8bc24f638b0cb6e8fb573a72334b5e577afad9ed2b0aab5d009381,320.0,,,,,,
RESOLVED_PHYSICAL,3.0,validation_off_grid,LINEAR_STATE_SPACE,0.95,0.9904994419642857,SUPPORTED,,e9c3a2d32a8bc24f638b0cb6e8fb573a72334b5e577afad9ed2b0aab5d009381,320.0,,,,,,
RESOLVED_PHYSICAL,3.0,validation_off_grid,LINEAR_STATE_SPACE,,,SUPPORTED,joint chi-square calibration,e9c3a2d32a8bc24f638b0cb6e8fb573a72334b5e577afad9ed2b0aab5d009381,,44.556769002048775,224.0,0.1989141473305749,1.0,0.0,224.0
RESOLVED_PHYSICAL,3.0,validation_ood,LINEAR_STATE_SPACE,0.5,0.8824986049107143,SUPPORTED,,e9c3a2d32a8bc24f638b0cb6e8fb573a72334b5e577afad9ed2b0aab5d009381,256.0,,,,,,
RESOLVED_PHYSICAL,3.0,validation_ood,LINEAR_STATE_SPACE,0.9,0.9762311662946429,SUPPORTED,,e9c3a2d32a8bc24f638b0cb6e8fb573a72334b5e577afad9ed2b0aab5d009381,256.0,,,,,,
RESOLVED_PHYSICAL,3.0,validation_ood,LINEAR_STATE_SPACE,0.95,0.9921351841517857,SUPPORTED,,e9c3a2d32a8bc24f638b0cb6e8fb573a72334b5e577afad9ed2b0aab5d009381,256.0,,,,,,
RESOLVED_PHYSICAL,3.0,validation_ood,LINEAR_STATE_SPACE,,,SUPPORTED,joint chi-square calibration,e9c3a2d32a8bc24f638b0cb6e8fb573a72334b5e577afad9ed2b0aab5d009381,,38.8057693384348,224.0,0.17324004168944107,1.0,0.0,224.0
RESOLVED_PHYSICAL,10.0,validation_in_class,TSVD,0.5,,NOT_APPLICABLE,point estimator with no posterior covariance,e9c3a2d32a8bc24f638b0cb6e8fb573a72334b5e577afad9ed2b0aab5d009381,,,,,,,
RESOLVED_PHYSICAL,10.0,validation_in_class,TSVD,0.9,,NOT_APPLICABLE,point estimator with no posterior covariance,e9c3a2d32a8bc24f638b0cb6e8fb573a72334b5e577afad9ed2b0aab5d009381,,,,,,,
RESOLVED_PHYSICAL,10.0,validation_in_class,TSVD,0.95,,NOT_APPLICABLE,point estimator with no posterior covariance,e9c3a2d32a8bc24f638b0cb6e8fb573a72334b5e577afad9ed2b0aab5d009381,,,,,,,
RESOLVED_PHYSICAL,10.0,validation_off_grid,TSVD,0.5,,NOT_APPLICABLE,point estimator with no posterior covariance,e9c3a2d32a8bc24f638b0cb6e8fb573a72334b5e577afad9ed2b0aab5d009381,,,,,,,
RESOLVED_PHYSICAL,10.0,validation_off_grid,TSVD,0.9,,NOT_APPLICABLE,point estimator with no posterior covariance,e9c3a2d32a8bc24f638b0cb6e8fb573a72334b5e577afad9ed2b0aab5d009381,,,,,,,
RESOLVED_PHYSICAL,10.0,validation_off_grid,TSVD,0.95,,NOT_APPLICABLE,point estimator with no posterior covariance,e9c3a2d32a8bc24f638b0cb6e8fb573a72334b5e577afad9ed2b0aab5d009381,,,,,,,
RESOLVED_PHYSICAL,10.0,validation_ood,TSVD,0.5,,NOT_APPLICABLE,point estimator with no posterior covariance,e9c3a2d32a8bc24f638b0cb6e8fb573a72334b5e577afad9ed2b0aab5d009381,,,,,,,
RESOLVED_PHYSICAL,10.0,validation_ood,TSVD,0.9,,NOT_APPLICABLE,point estimator with no posterior covariance,e9c3a2d32a8bc24f638b0cb6e8fb573a72334b5e577afad9ed2b0aab5d009381,,,,,,,
RESOLVED_PHYSICAL,10.0,validation_ood,TSVD,0.95,,NOT_APPLICABLE,point estimator with no posterior covariance,e9c3a2d32a8bc24f638b0cb6e8fb573a72334b5e577afad9ed2b0aab5d009381,,,,,,,
RESOLVED_PHYSICAL,10.0,validation_in_class,RIDGE_IDENTITY,0.5,,NOT_APPLICABLE,point estimator with no posterior covariance,e9c3a2d32a8bc24f638b0cb6e8fb573a72334b5e577afad9ed2b0aab5d009381,,,,,,,
RESOLVED_PHYSICAL,10.0,validation_in_class,RIDGE_IDENTITY,0.9,,NOT_APPLICABLE,point estimator with no posterior covariance,e9c3a2d32a8bc24f638b0cb6e8fb573a72334b5e577afad9ed2b0aab5d009381,,,,,,,
RESOLVED_PHYSICAL,10.0,validation_in_class,RIDGE_IDENTITY,0.95,,NOT_APPLICABLE,point estimator with no posterior covariance,e9c3a2d32a8bc24f638b0cb6e8fb573a72334b5e577afad9ed2b0aab5d009381,,,,,,,
RESOLVED_PHYSICAL,10.0,validation_off_grid,RIDGE_IDENTITY,0.5,,NOT_APPLICABLE,point estimator with no posterior covariance,e9c3a2d32a8bc24f638b0cb6e8fb573a72334b5e577afad9ed2b0aab5d009381,,,,,,,
RESOLVED_PHYSICAL,10.0,validation_off_grid,RIDGE_IDENTITY,0.9,,NOT_APPLICABLE,point estimator with no posterior covariance,e9c3a2d32a8bc24f638b0cb6e8fb573a72334b5e577afad9ed2b0aab5d009381,,,,,,,
RESOLVED_PHYSICAL,10.0,validation_off_grid,RIDGE_IDENTITY,0.95,,NOT_APPLICABLE,point estimator with no posterior covariance,e9c3a2d32a8bc24f638b0cb6e8fb573a72334b5e577afad9ed2b0aab5d009381,,,,,,,
RESOLVED_PHYSICAL,10.0,validation_ood,RIDGE_IDENTITY,0.5,,NOT_APPLICABLE,point estimator with no posterior covariance,e9c3a2d32a8bc24f638b0cb6e8fb573a72334b5e577afad9ed2b0aab5d009381,,,,,,,
RESOLVED_PHYSICAL,10.0,validation_ood,RIDGE_IDENTITY,0.9,,NOT_APPLICABLE,point estimator with no posterior covariance,e9c3a2d32a8bc24f638b0cb6e8fb573a72334b5e577afad9ed2b0aab5d009381,,,,,,,
RESOLVED_PHYSICAL,10.0,validation_ood,RIDGE_IDENTITY,0.95,,NOT_APPLICABLE,point estimator with no posterior covariance,e9c3a2d32a8bc24f638b0cb6e8fb573a72334b5e577afad9ed2b0aab5d009381,,,,,,,
RESOLVED_PHYSICAL,10.0,validation_in_class,TIKHONOV_TEMPORAL,0.5,,NOT_APPLICABLE,point estimator with no posterior covariance,e9c3a2d32a8bc24f638b0cb6e8fb573a72334b5e577afad9ed2b0aab5d009381,,,,,,,
RESOLVED_PHYSICAL,10.0,validation_in_class,TIKHONOV_TEMPORAL,0.9,,NOT_APPLICABLE,point estimator with no posterior covariance,e9c3a2d32a8bc24f638b0cb6e8fb573a72334b5e577afad9ed2b0aab5d009381,,,,,,,
RESOLVED_PHYSICAL,10.0,validation_in_class,TIKHONOV_TEMPORAL,0.95,,NOT_APPLICABLE,point estimator with no posterior covariance,e9c3a2d32a8bc24f638b0cb6e8fb573a72334b5e577afad9ed2b0aab5d009381,,,,,,,
RESOLVED_PHYSICAL,10.0,validation_off_grid,TIKHONOV_TEMPORAL,0.5,,NOT_APPLICABLE,point estimator with no posterior covariance,e9c3a2d32a8bc24f638b0cb6e8fb573a72334b5e577afad9ed2b0aab5d009381,,,,,,,
RESOLVED_PHYSICAL,10.0,validation_off_grid,TIKHONOV_TEMPORAL,0.9,,NOT_APPLICABLE,point estimator with no posterior covariance,e9c3a2d32a8bc24f638b0cb6e8fb573a72334b5e577afad9ed2b0aab5d009381,,,,,,,
RESOLVED_PHYSICAL,10.0,validation_off_grid,TIKHONOV_TEMPORAL,0.95,,NOT_APPLICABLE,point estimator with no posterior covariance,e9c3a2d32a8bc24f638b0cb6e8fb573a72334b5e577afad9ed2b0aab5d009381,,,,,,,
RESOLVED_PHYSICAL,10.0,validation_ood,TIKHONOV_TEMPORAL,0.5,,NOT_APPLICABLE,point estimator with no posterior covariance,e9c3a2d32a8bc24f638b0cb6e8fb573a72334b5e577afad9ed2b0aab5d009381,,,,,,,
RESOLVED_PHYSICAL,10.0,validation_ood,TIKHONOV_TEMPORAL,0.9,,NOT_APPLICABLE,point estimator with no posterior covariance,e9c3a2d32a8bc24f638b0cb6e8fb573a72334b5e577afad9ed2b0aab5d009381,,,,,,,
RESOLVED_PHYSICAL,10.0,validation_ood,TIKHONOV_TEMPORAL,0.95,,NOT_APPLICABLE,point estimator with no posterior covariance,e9c3a2d32a8bc24f638b0cb6e8fb573a72334b5e577afad9ed2b0aab5d009381,,,,,,,
RESOLVED_PHYSICAL,10.0,validation_in_class,WIENER_GAUSSIAN,0.5,0.78924560546875,SUPPORTED,,e9c3a2d32a8bc24f638b0cb6e8fb573a72334b5e577afad9ed2b0aab5d009381,512.0,,,,,,
RESOLVED_PHYSICAL,10.0,validation_in_class,WIENER_GAUSSIAN,0.9,0.9304024832589286,SUPPORTED,,e9c3a2d32a8bc24f638b0cb6e8fb573a72334b5e577afad9ed2b0aab5d009381,512.0,,,,,,
RESOLVED_PHYSICAL,10.0,validation_in_class,WIENER_GAUSSIAN,0.95,0.9449550083705357,SUPPORTED,,e9c3a2d32a8bc24f638b0cb6e8fb573a72334b5e577afad9ed2b0aab5d009381,512.0,,,,,,
RESOLVED_PHYSICAL,10.0,validation_in_class,WIENER_GAUSSIAN,,,SUPPORTED,joint chi-square calibration,e9c3a2d32a8bc24f638b0cb6e8fb573a72334b5e577afad9ed2b0aab5d009381,,608.9519458131676,224.0,2.718535472380213,0.10333150797686877,0.0,224.0
RESOLVED_PHYSICAL,10.0,validation_off_grid,WIENER_GAUSSIAN,0.5,0.8403041294642857,SUPPORTED,,e9c3a2d32a8bc24f638b0cb6e8fb573a72334b5e577afad9ed2b0aab5d009381,320.0,,,,,,
RESOLVED_PHYSICAL,10.0,validation_off_grid,WIENER_GAUSSIAN,0.9,0.9492327008928572,SUPPORTED,,e9c3a2d32a8bc24f638b0cb6e8fb573a72334b5e577afad9ed2b0aab5d009381,320.0,,,,,,
RESOLVED_PHYSICAL,10.0,validation_off_grid,WIENER_GAUSSIAN,0.95,0.9596958705357143,SUPPORTED,,e9c3a2d32a8bc24f638b0cb6e8fb573a72334b5e577afad9ed2b0aab5d009381,320.0,,,,,,
RESOLVED_PHYSICAL,10.0,validation_off_grid,WIENER_GAUSSIAN,,,SUPPORTED,joint chi-square calibration,e9c3a2d32a8bc24f638b0cb6e8fb573a72334b5e577afad9ed2b0aab5d009381,,1257.5349089236965,224.0,5.613995129123645,5.2226449227688155e-09,0.0,224.0
RESOLVED_PHYSICAL,10.0,validation_ood,WIENER_GAUSSIAN,0.5,0.8147495814732143,SUPPORTED,,e9c3a2d32a8bc24f638b0cb6e8fb573a72334b5e577afad9ed2b0aab5d009381,256.0,,,,,,
RESOLVED_PHYSICAL,10.0,validation_ood,WIENER_GAUSSIAN,0.9,0.9293910435267857,SUPPORTED,,e9c3a2d32a8bc24f638b0cb6e8fb573a72334b5e577afad9ed2b0aab5d009381,256.0,,,,,,
RESOLVED_PHYSICAL,10.0,validation_ood,WIENER_GAUSSIAN,0.95,0.9399065290178571,SUPPORTED,,e9c3a2d32a8bc24f638b0cb6e8fb573a72334b5e577afad9ed2b0aab5d009381,256.0,,,,,,
RESOLVED_PHYSICAL,10.0,validation_ood,WIENER_GAUSSIAN,,,SUPPORTED,joint chi-square calibration,e9c3a2d32a8bc24f638b0cb6e8fb573a72334b5e577afad9ed2b0aab5d009381,,9172.792815978093,224.0,40.94996792847363,0.0,0.0,224.0
RESOLVED_PHYSICAL,10.0,validation_in_class,LINEAR_STATE_SPACE,0.5,0.9711826869419643,SUPPORTED,,e9c3a2d32a8bc24f638b0cb6e8fb573a72334b5e577afad9ed2b0aab5d009381,512.0,,,,,,
RESOLVED_PHYSICAL,10.0,validation_in_class,LINEAR_STATE_SPACE,0.9,0.9983782087053571,SUPPORTED,,e9c3a2d32a8bc24f638b0cb6e8fb573a72334b5e577afad9ed2b0aab5d009381,512.0,,,,,,
RESOLVED_PHYSICAL,10.0,validation_in_class,LINEAR_STATE_SPACE,0.95,0.9995029994419643,SUPPORTED,,e9c3a2d32a8bc24f638b0cb6e8fb573a72334b5e577afad9ed2b0aab5d009381,512.0,,,,,,
RESOLVED_PHYSICAL,10.0,validation_in_class,LINEAR_STATE_SPACE,,,SUPPORTED,joint chi-square calibration,e9c3a2d32a8bc24f638b0cb6e8fb573a72334b5e577afad9ed2b0aab5d009381,,7.291308623547469,224.0,0.0325504849265512,1.0,0.0,224.0
RESOLVED_PHYSICAL,10.0,validation_off_grid,LINEAR_STATE_SPACE,0.5,0.9918108258928572,SUPPORTED,,e9c3a2d32a8bc24f638b0cb6e8fb573a72334b5e577afad9ed2b0aab5d009381,320.0,,,,,,
RESOLVED_PHYSICAL,10.0,validation_off_grid,LINEAR_STATE_SPACE,0.9,0.9998325892857143,SUPPORTED,,e9c3a2d32a8bc24f638b0cb6e8fb573a72334b5e577afad9ed2b0aab5d009381,320.0,,,,,,
RESOLVED_PHYSICAL,10.0,validation_off_grid,LINEAR_STATE_SPACE,0.95,0.9999720982142857,SUPPORTED,,e9c3a2d32a8bc24f638b0cb6e8fb573a72334b5e577afad9ed2b0aab5d009381,320.0,,,,,,
RESOLVED_PHYSICAL,10.0,validation_off_grid,LINEAR_STATE_SPACE,,,SUPPORTED,joint chi-square calibration,e9c3a2d32a8bc24f638b0cb6e8fb573a72334b5e577afad9ed2b0aab5d009381,,4.21690294141729,224.0,0.018825459559898616,1.0,0.0,224.0
RESOLVED_PHYSICAL,10.0,validation_ood,LINEAR_STATE_SPACE,0.5,0.9932163783482143,SUPPORTED,,e9c3a2d32a8bc24f638b0cb6e8fb573a72334b5e577afad9ed2b0aab5d009381,256.0,,,,,,
RESOLVED_PHYSICAL,10.0,validation_ood,LINEAR_STATE_SPACE,0.9,1.0,SUPPORTED,,e9c3a2d32a8bc24f638b0cb6e8fb573a72334b5e577afad9ed2b0aab5d009381,256.0,,,,,,
RESOLVED_PHYSICAL,10.0,validation_ood,LINEAR_STATE_SPACE,0.95,1.0,SUPPORTED,,e9c3a2d32a8bc24f638b0cb6e8fb573a72334b5e577afad9ed2b0aab5d009381,256.0,,,,,,
RESOLVED_PHYSICAL,10.0,validation_ood,LINEAR_STATE_SPACE,,,SUPPORTED,joint chi-square calibration,e9c3a2d32a8bc24f638b0cb6e8fb573a72334b5e577afad9ed2b0aab5d009381,,3.731463782334001,224.0,0.01665832045684822,1.0,0.0,224.0
RESOLVED_PHYSICAL,30.0,validation_in_class,TSVD,0.5,,NOT_APPLICABLE,point estimator with no posterior covariance,e9c3a2d32a8bc24f638b0cb6e8fb573a72334b5e577afad9ed2b0aab5d009381,,,,,,,
RESOLVED_PHYSICAL,30.0,validation_in_class,TSVD,0.9,,NOT_APPLICABLE,point estimator with no posterior covariance,e9c3a2d32a8bc24f638b0cb6e8fb573a72334b5e577afad9ed2b0aab5d009381,,,,,,,
RESOLVED_PHYSICAL,30.0,validation_in_class,TSVD,0.95,,NOT_APPLICABLE,point estimator with no posterior covariance,e9c3a2d32a8bc24f638b0cb6e8fb573a72334b5e577afad9ed2b0aab5d009381,,,,,,,
RESOLVED_PHYSICAL,30.0,validation_off_grid,TSVD,0.5,,NOT_APPLICABLE,point estimator with no posterior covariance,e9c3a2d32a8bc24f638b0cb6e8fb573a72334b5e577afad9ed2b0aab5d009381,,,,,,,
RESOLVED_PHYSICAL,30.0,validation_off_grid,TSVD,0.9,,NOT_APPLICABLE,point estimator with no posterior covariance,e9c3a2d32a8bc24f638b0cb6e8fb573a72334b5e577afad9ed2b0aab5d009381,,,,,,,
RESOLVED_PHYSICAL,30.0,validation_off_grid,TSVD,0.95,,NOT_APPLICABLE,point estimator with no posterior covariance,e9c3a2d32a8bc24f638b0cb6e8fb573a72334b5e577afad9ed2b0aab5d009381,,,,,,,
RESOLVED_PHYSICAL,30.0,validation_ood,TSVD,0.5,,NOT_APPLICABLE,point estimator with no posterior covariance,e9c3a2d32a8bc24f638b0cb6e8fb573a72334b5e577afad9ed2b0aab5d009381,,,,,,,
RESOLVED_PHYSICAL,30.0,validation_ood,TSVD,0.9,,NOT_APPLICABLE,point estimator with no posterior covariance,e9c3a2d32a8bc24f638b0cb6e8fb573a72334b5e577afad9ed2b0aab5d009381,,,,,,,
RESOLVED_PHYSICAL,30.0,validation_ood,TSVD,0.95,,NOT_APPLICABLE,point estimator with no posterior covariance,e9c3a2d32a8bc24f638b0cb6e8fb573a72334b5e577afad9ed2b0aab5d009381,,,,,,,
RESOLVED_PHYSICAL,30.0,validation_in_class,RIDGE_IDENTITY,0.5,,NOT_APPLICABLE,point estimator with no posterior covariance,e9c3a2d32a8bc24f638b0cb6e8fb573a72334b5e577afad9ed2b0aab5d009381,,,,,,,
RESOLVED_PHYSICAL,30.0,validation_in_class,RIDGE_IDENTITY,0.9,,NOT_APPLICABLE,point estimator with no posterior covariance,e9c3a2d32a8bc24f638b0cb6e8fb573a72334b5e577afad9ed2b0aab5d009381,,,,,,,
RESOLVED_PHYSICAL,30.0,validation_in_class,RIDGE_IDENTITY,0.95,,NOT_APPLICABLE,point estimator with no posterior covariance,e9c3a2d32a8bc24f638b0cb6e8fb573a72334b5e577afad9ed2b0aab5d009381,,,,,,,
RESOLVED_PHYSICAL,30.0,validation_off_grid,RIDGE_IDENTITY,0.5,,NOT_APPLICABLE,point estimator with no posterior covariance,e9c3a2d32a8bc24f638b0cb6e8fb573a72334b5e577afad9ed2b0aab5d009381,,,,,,,
RESOLVED_PHYSICAL,30.0,validation_off_grid,RIDGE_IDENTITY,0.9,,NOT_APPLICABLE,point estimator with no posterior covariance,e9c3a2d32a8bc24f638b0cb6e8fb573a72334b5e577afad9ed2b0aab5d009381,,,,,,,
RESOLVED_PHYSICAL,30.0,validation_off_grid,RIDGE_IDENTITY,0.95,,NOT_APPLICABLE,point estimator with no posterior covariance,e9c3a2d32a8bc24f638b0cb6e8fb573a72334b5e577afad9ed2b0aab5d009381,,,,,,,
RESOLVED_PHYSICAL,30.0,validation_ood,RIDGE_IDENTITY,0.5,,NOT_APPLICABLE,point estimator with no posterior covariance,e9c3a2d32a8bc24f638b0cb6e8fb573a72334b5e577afad9ed2b0aab5d009381,,,,,,,
RESOLVED_PHYSICAL,30.0,validation_ood,RIDGE_IDENTITY,0.9,,NOT_APPLICABLE,point estimator with no posterior covariance,e9c3a2d32a8bc24f638b0cb6e8fb573a72334b5e577afad9ed2b0aab5d009381,,,,,,,
RESOLVED_PHYSICAL,30.0,validation_ood,RIDGE_IDENTITY,0.95,,NOT_APPLICABLE,point estimator with no posterior covariance,e9c3a2d32a8bc24f638b0cb6e8fb573a72334b5e577afad9ed2b0aab5d009381,,,,,,,
RESOLVED_PHYSICAL,30.0,validation_in_class,TIKHONOV_TEMPORAL,0.5,,NOT_APPLICABLE,point estimator with no posterior covariance,e9c3a2d32a8bc24f638b0cb6e8fb573a72334b5e577afad9ed2b0aab5d009381,,,,,,,
RESOLVED_PHYSICAL,30.0,validation_in_class,TIKHONOV_TEMPORAL,0.9,,NOT_APPLICABLE,point estimator with no posterior covariance,e9c3a2d32a8bc24f638b0cb6e8fb573a72334b5e577afad9ed2b0aab5d009381,,,,,,,
RESOLVED_PHYSICAL,30.0,validation_in_class,TIKHONOV_TEMPORAL,0.95,,NOT_APPLICABLE,point estimator with no posterior covariance,e9c3a2d32a8bc24f638b0cb6e8fb573a72334b5e577afad9ed2b0aab5d009381,,,,,,,
RESOLVED_PHYSICAL,30.0,validation_off_grid,TIKHONOV_TEMPORAL,0.5,,NOT_APPLICABLE,point estimator with no posterior covariance,e9c3a2d32a8bc24f638b0cb6e8fb573a72334b5e577afad9ed2b0aab5d009381,,,,,,,
RESOLVED_PHYSICAL,30.0,validation_off_grid,TIKHONOV_TEMPORAL,0.9,,NOT_APPLICABLE,point estimator with no posterior covariance,e9c3a2d32a8bc24f638b0cb6e8fb573a72334b5e577afad9ed2b0aab5d009381,,,,,,,
RESOLVED_PHYSICAL,30.0,validation_off_grid,TIKHONOV_TEMPORAL,0.95,,NOT_APPLICABLE,point estimator with no posterior covariance,e9c3a2d32a8bc24f638b0cb6e8fb573a72334b5e577afad9ed2b0aab5d009381,,,,,,,
RESOLVED_PHYSICAL,30.0,validation_ood,TIKHONOV_TEMPORAL,0.5,,NOT_APPLICABLE,point estimator with no posterior covariance,e9c3a2d32a8bc24f638b0cb6e8fb573a72334b5e577afad9ed2b0aab5d009381,,,,,,,
RESOLVED_PHYSICAL,30.0,validation_ood,TIKHONOV_TEMPORAL,0.9,,NOT_APPLICABLE,point estimator with no posterior covariance,e9c3a2d32a8bc24f638b0cb6e8fb573a72334b5e577afad9ed2b0aab5d009381,,,,,,,
RESOLVED_PHYSICAL,30.0,validation_ood,TIKHONOV_TEMPORAL,0.95,,NOT_APPLICABLE,point estimator with no posterior covariance,e9c3a2d32a8bc24f638b0cb6e8fb573a72334b5e577afad9ed2b0aab5d009381,,,,,,,
RESOLVED_PHYSICAL,30.0,validation_in_class,WIENER_GAUSSIAN,0.5,0.7759486607142857,SUPPORTED,,e9c3a2d32a8bc24f638b0cb6e8fb573a72334b5e577afad9ed2b0aab5d009381,512.0,,,,,,
RESOLVED_PHYSICAL,30.0,validation_in_class,WIENER_GAUSSIAN,0.9,0.9293997628348214,SUPPORTED,,e9c3a2d32a8bc24f638b0cb6e8fb573a72334b5e577afad9ed2b0aab5d009381,512.0,,,,,,
RESOLVED_PHYSICAL,30.0,validation_in_class,WIENER_GAUSSIAN,0.95,0.9426356724330357,SUPPORTED,,e9c3a2d32a8bc24f638b0cb6e8fb573a72334b5e577afad9ed2b0aab5d009381,512.0,,,,,,
RESOLVED_PHYSICAL,30.0,validation_in_class,WIENER_GAUSSIAN,,,SUPPORTED,joint chi-square calibration,e9c3a2d32a8bc24f638b0cb6e8fb573a72334b5e577afad9ed2b0aab5d009381,,635.4613750075403,224.0,2.836881138426519,0.007059831747069123,0.0,224.0
RESOLVED_PHYSICAL,30.0,validation_off_grid,WIENER_GAUSSIAN,0.5,0.8258231026785714,SUPPORTED,,e9c3a2d32a8bc24f638b0cb6e8fb573a72334b5e577afad9ed2b0aab5d009381,320.0,,,,,,
RESOLVED_PHYSICAL,30.0,validation_off_grid,WIENER_GAUSSIAN,0.9,0.9484654017857143,SUPPORTED,,e9c3a2d32a8bc24f638b0cb6e8fb573a72334b5e577afad9ed2b0aab5d009381,320.0,,,,,,
RESOLVED_PHYSICAL,30.0,validation_off_grid,WIENER_GAUSSIAN,0.95,0.9564732142857143,SUPPORTED,,e9c3a2d32a8bc24f638b0cb6e8fb573a72334b5e577afad9ed2b0aab5d009381,320.0,,,,,,
RESOLVED_PHYSICAL,30.0,validation_off_grid,WIENER_GAUSSIAN,,,SUPPORTED,joint chi-square calibration,e9c3a2d32a8bc24f638b0cb6e8fb573a72334b5e577afad9ed2b0aab5d009381,,1283.9363932445078,224.0,5.731858898412981,7.97199379094651e-12,0.0,224.0
RESOLVED_PHYSICAL,30.0,validation_ood,WIENER_GAUSSIAN,0.5,0.8016706194196429,SUPPORTED,,e9c3a2d32a8bc24f638b0cb6e8fb573a72334b5e577afad9ed2b0aab5d009381,256.0,,,,,,
RESOLVED_PHYSICAL,30.0,validation_ood,WIENER_GAUSSIAN,0.9,0.9291294642857143,SUPPORTED,,e9c3a2d32a8bc24f638b0cb6e8fb573a72334b5e577afad9ed2b0aab5d009381,256.0,,,,,,
RESOLVED_PHYSICAL,30.0,validation_ood,WIENER_GAUSSIAN,0.95,0.936279296875,SUPPORTED,,e9c3a2d32a8bc24f638b0cb6e8fb573a72334b5e577afad9ed2b0aab5d009381,256.0,,,,,,
RESOLVED_PHYSICAL,30.0,validation_ood,WIENER_GAUSSIAN,,,SUPPORTED,joint chi-square calibration,e9c3a2d32a8bc24f638b0cb6e8fb573a72334b5e577afad9ed2b0aab5d009381,,9199.37053149991,224.0,41.06861844419603,0.0,0.0,224.0
RESOLVED_PHYSICAL,30.0,validation_in_class,LINEAR_STATE_SPACE,0.5,0.9716273716517857,SUPPORTED,,e9c3a2d32a8bc24f638b0cb6e8fb573a72334b5e577afad9ed2b0aab5d009381,512.0,,,,,,
RESOLVED_PHYSICAL,30.0,validation_in_class,LINEAR_STATE_SPACE,0.9,0.9983694893973214,SUPPORTED,,e9c3a2d32a8bc24f638b0cb6e8fb573a72334b5e577afad9ed2b0aab5d009381,512.0,,,,,,
RESOLVED_PHYSICAL,30.0,validation_in_class,LINEAR_STATE_SPACE,0.95,0.9994942801339286,SUPPORTED,,e9c3a2d32a8bc24f638b0cb6e8fb573a72334b5e577afad9ed2b0aab5d009381,512.0,,,,,,
RESOLVED_PHYSICAL,30.0,validation_in_class,LINEAR_STATE_SPACE,,,SUPPORTED,joint chi-square calibration,e9c3a2d32a8bc24f638b0cb6e8fb573a72334b5e577afad9ed2b0aab5d009381,,6.275404221855709,224.0,0.0280151974189987,1.0,0.0,224.0
RESOLVED_PHYSICAL,30.0,validation_off_grid,LINEAR_STATE_SPACE,0.5,0.9927315848214285,SUPPORTED,,e9c3a2d32a8bc24f638b0cb6e8fb573a72334b5e577afad9ed2b0aab5d009381,320.0,,,,,,
RESOLVED_PHYSICAL,30.0,validation_off_grid,LINEAR_STATE_SPACE,0.9,0.9998604910714286,SUPPORTED,,e9c3a2d32a8bc24f638b0cb6e8fb573a72334b5e577afad9ed2b0aab5d009381,320.0,,,,,,
RESOLVED_PHYSICAL,30.0,validation_off_grid,LINEAR_STATE_SPACE,0.95,0.9999720982142857,SUPPORTED,,e9c3a2d32a8bc24f638b0cb6e8fb573a72334b5e577afad9ed2b0aab5d009381,320.0,,,,,,
RESOLVED_PHYSICAL,30.0,validation_off_grid,LINEAR_STATE_SPACE,,,SUPPORTED,joint chi-square calibration,e9c3a2d32a8bc24f638b0cb6e8fb573a72334b5e577afad9ed2b0aab5d009381,,3.1905495237139676,224.0,0.014243524659437356,1.0,0.0,224.0
RESOLVED_PHYSICAL,30.0,validation_ood,LINEAR_STATE_SPACE,0.5,0.9940534319196429,SUPPORTED,,e9c3a2d32a8bc24f638b0cb6e8fb573a72334b5e577afad9ed2b0aab5d009381,256.0,,,,,,
RESOLVED_PHYSICAL,30.0,validation_ood,LINEAR_STATE_SPACE,0.9,1.0,SUPPORTED,,e9c3a2d32a8bc24f638b0cb6e8fb573a72334b5e577afad9ed2b0aab5d009381,256.0,,,,,,
RESOLVED_PHYSICAL,30.0,validation_ood,LINEAR_STATE_SPACE,0.95,1.0,SUPPORTED,,e9c3a2d32a8bc24f638b0cb6e8fb573a72334b5e577afad9ed2b0aab5d009381,256.0,,,,,,
RESOLVED_PHYSICAL,30.0,validation_ood,LINEAR_STATE_SPACE,,,SUPPORTED,joint chi-square calibration,e9c3a2d32a8bc24f638b0cb6e8fb573a72334b5e577afad9ed2b0aab5d009381,,2.702859078904179,224.0,0.01206633517367937,1.0,0.0,224.0
RESOLVED_PHYSICAL,100.0,validation_in_class,TSVD,0.5,,NOT_APPLICABLE,point estimator with no posterior covariance,e9c3a2d32a8bc24f638b0cb6e8fb573a72334b5e577afad9ed2b0aab5d009381,,,,,,,
RESOLVED_PHYSICAL,100.0,validation_in_class,TSVD,0.9,,NOT_APPLICABLE,point estimator with no posterior covariance,e9c3a2d32a8bc24f638b0cb6e8fb573a72334b5e577afad9ed2b0aab5d009381,,,,,,,
RESOLVED_PHYSICAL,100.0,validation_in_class,TSVD,0.95,,NOT_APPLICABLE,point estimator with no posterior covariance,e9c3a2d32a8bc24f638b0cb6e8fb573a72334b5e577afad9ed2b0aab5d009381,,,,,,,
RESOLVED_PHYSICAL,100.0,validation_off_grid,TSVD,0.5,,NOT_APPLICABLE,point estimator with no posterior covariance,e9c3a2d32a8bc24f638b0cb6e8fb573a72334b5e577afad9ed2b0aab5d009381,,,,,,,
RESOLVED_PHYSICAL,100.0,validation_off_grid,TSVD,0.9,,NOT_APPLICABLE,point estimator with no posterior covariance,e9c3a2d32a8bc24f638b0cb6e8fb573a72334b5e577afad9ed2b0aab5d009381,,,,,,,
RESOLVED_PHYSICAL,100.0,validation_off_grid,TSVD,0.95,,NOT_APPLICABLE,point estimator with no posterior covariance,e9c3a2d32a8bc24f638b0cb6e8fb573a72334b5e577afad9ed2b0aab5d009381,,,,,,,
RESOLVED_PHYSICAL,100.0,validation_ood,TSVD,0.5,,NOT_APPLICABLE,point estimator with no posterior covariance,e9c3a2d32a8bc24f638b0cb6e8fb573a72334b5e577afad9ed2b0aab5d009381,,,,,,,
RESOLVED_PHYSICAL,100.0,validation_ood,TSVD,0.9,,NOT_APPLICABLE,point estimator with no posterior covariance,e9c3a2d32a8bc24f638b0cb6e8fb573a72334b5e577afad9ed2b0aab5d009381,,,,,,,
RESOLVED_PHYSICAL,100.0,validation_ood,TSVD,0.95,,NOT_APPLICABLE,point estimator with no posterior covariance,e9c3a2d32a8bc24f638b0cb6e8fb573a72334b5e577afad9ed2b0aab5d009381,,,,,,,
RESOLVED_PHYSICAL,100.0,validation_in_class,RIDGE_IDENTITY,0.5,,NOT_APPLICABLE,point estimator with no posterior covariance,e9c3a2d32a8bc24f638b0cb6e8fb573a72334b5e577afad9ed2b0aab5d009381,,,,,,,
RESOLVED_PHYSICAL,100.0,validation_in_class,RIDGE_IDENTITY,0.9,,NOT_APPLICABLE,point estimator with no posterior covariance,e9c3a2d32a8bc24f638b0cb6e8fb573a72334b5e577afad9ed2b0aab5d009381,,,,,,,
RESOLVED_PHYSICAL,100.0,validation_in_class,RIDGE_IDENTITY,0.95,,NOT_APPLICABLE,point estimator with no posterior covariance,e9c3a2d32a8bc24f638b0cb6e8fb573a72334b5e577afad9ed2b0aab5d009381,,,,,,,
RESOLVED_PHYSICAL,100.0,validation_off_grid,RIDGE_IDENTITY,0.5,,NOT_APPLICABLE,point estimator with no posterior covariance,e9c3a2d32a8bc24f638b0cb6e8fb573a72334b5e577afad9ed2b0aab5d009381,,,,,,,
RESOLVED_PHYSICAL,100.0,validation_off_grid,RIDGE_IDENTITY,0.9,,NOT_APPLICABLE,point estimator with no posterior covariance,e9c3a2d32a8bc24f638b0cb6e8fb573a72334b5e577afad9ed2b0aab5d009381,,,,,,,
RESOLVED_PHYSICAL,100.0,validation_off_grid,RIDGE_IDENTITY,0.95,,NOT_APPLICABLE,point estimator with no posterior covariance,e9c3a2d32a8bc24f638b0cb6e8fb573a72334b5e577afad9ed2b0aab5d009381,,,,,,,
RESOLVED_PHYSICAL,100.0,validation_ood,RIDGE_IDENTITY,0.5,,NOT_APPLICABLE,point estimator with no posterior covariance,e9c3a2d32a8bc24f638b0cb6e8fb573a72334b5e577afad9ed2b0aab5d009381,,,,,,,
RESOLVED_PHYSICAL,100.0,validation_ood,RIDGE_IDENTITY,0.9,,NOT_APPLICABLE,point estimator with no posterior covariance,e9c3a2d32a8bc24f638b0cb6e8fb573a72334b5e577afad9ed2b0aab5d009381,,,,,,,
RESOLVED_PHYSICAL,100.0,validation_ood,RIDGE_IDENTITY,0.95,,NOT_APPLICABLE,point estimator with no posterior covariance,e9c3a2d32a8bc24f638b0cb6e8fb573a72334b5e577afad9ed2b0aab5d009381,,,,,,,
RESOLVED_PHYSICAL,100.0,validation_in_class,TIKHONOV_TEMPORAL,0.5,,NOT_APPLICABLE,point estimator with no posterior covariance,e9c3a2d32a8bc24f638b0cb6e8fb573a72334b5e577afad9ed2b0aab5d009381,,,,,,,
RESOLVED_PHYSICAL,100.0,validation_in_class,TIKHONOV_TEMPORAL,0.9,,NOT_APPLICABLE,point estimator with no posterior covariance,e9c3a2d32a8bc24f638b0cb6e8fb573a72334b5e577afad9ed2b0aab5d009381,,,,,,,
RESOLVED_PHYSICAL,100.0,validation_in_class,TIKHONOV_TEMPORAL,0.95,,NOT_APPLICABLE,point estimator with no posterior covariance,e9c3a2d32a8bc24f638b0cb6e8fb573a72334b5e577afad9ed2b0aab5d009381,,,,,,,
RESOLVED_PHYSICAL,100.0,validation_off_grid,TIKHONOV_TEMPORAL,0.5,,NOT_APPLICABLE,point estimator with no posterior covariance,e9c3a2d32a8bc24f638b0cb6e8fb573a72334b5e577afad9ed2b0aab5d009381,,,,,,,
RESOLVED_PHYSICAL,100.0,validation_off_grid,TIKHONOV_TEMPORAL,0.9,,NOT_APPLICABLE,point estimator with no posterior covariance,e9c3a2d32a8bc24f638b0cb6e8fb573a72334b5e577afad9ed2b0aab5d009381,,,,,,,
RESOLVED_PHYSICAL,100.0,validation_off_grid,TIKHONOV_TEMPORAL,0.95,,NOT_APPLICABLE,point estimator with no posterior covariance,e9c3a2d32a8bc24f638b0cb6e8fb573a72334b5e577afad9ed2b0aab5d009381,,,,,,,
RESOLVED_PHYSICAL,100.0,validation_ood,TIKHONOV_TEMPORAL,0.5,,NOT_APPLICABLE,point estimator with no posterior covariance,e9c3a2d32a8bc24f638b0cb6e8fb573a72334b5e577afad9ed2b0aab5d009381,,,,,,,
RESOLVED_PHYSICAL,100.0,validation_ood,TIKHONOV_TEMPORAL,0.9,,NOT_APPLICABLE,point estimator with no posterior covariance,e9c3a2d32a8bc24f638b0cb6e8fb573a72334b5e577afad9ed2b0aab5d009381,,,,,,,
RESOLVED_PHYSICAL,100.0,validation_ood,TIKHONOV_TEMPORAL,0.95,,NOT_APPLICABLE,point estimator with no posterior covariance,e9c3a2d32a8bc24f638b0cb6e8fb573a72334b5e577afad9ed2b0aab5d009381,,,,,,,
RESOLVED_PHYSICAL,100.0,validation_in_class,WIENER_GAUSSIAN,0.5,0.7706211635044643,SUPPORTED,,e9c3a2d32a8bc24f638b0cb6e8fb573a72334b5e577afad9ed2b0aab5d009381,512.0,,,,,,
RESOLVED_PHYSICAL,100.0,validation_in_class,WIENER_GAUSSIAN,0.9,0.9289725167410714,SUPPORTED,,e9c3a2d32a8bc24f638b0cb6e8fb573a72334b5e577afad9ed2b0aab5d009381,512.0,,,,,,
RESOLVED_PHYSICAL,100.0,validation_in_class,WIENER_GAUSSIAN,0.95,0.9421125139508929,SUPPORTED,,e9c3a2d32a8bc24f638b0cb6e8fb573a72334b5e577afad9ed2b0aab5d009381,512.0,,,,,,
RESOLVED_PHYSICAL,100.0,validation_in_class,WIENER_GAUSSIAN,,,SUPPORTED,joint chi-square calibration,e9c3a2d32a8bc24f638b0cb6e8fb573a72334b5e577afad9ed2b0aab5d009381,,645.2506722619245,224.0,2.8805833583121627,0.002159702185561211,0.0,224.0
RESOLVED_PHYSICAL,100.0,validation_off_grid,WIENER_GAUSSIAN,0.5,0.8213588169642857,SUPPORTED,,e9c3a2d32a8bc24f638b0cb6e8fb573a72334b5e577afad9ed2b0aab5d009381,320.0,,,,,,
RESOLVED_PHYSICAL,100.0,validation_off_grid,WIENER_GAUSSIAN,0.9,0.9482561383928572,SUPPORTED,,e9c3a2d32a8bc24f638b0cb6e8fb573a72334b5e577afad9ed2b0aab5d009381,320.0,,,,,,
RESOLVED_PHYSICAL,100.0,validation_off_grid,WIENER_GAUSSIAN,0.95,0.9560965401785714,SUPPORTED,,e9c3a2d32a8bc24f638b0cb6e8fb573a72334b5e577afad9ed2b0aab5d009381,320.0,,,,,,
RESOLVED_PHYSICAL,100.0,validation_off_grid,WIENER_GAUSSIAN,,,SUPPORTED,joint chi-square calibration,e9c3a2d32a8bc24f638b0cb6e8fb573a72334b5e577afad9ed2b0aab5d009381,,1293.667266163289,224.0,5.775300295371826,7.102418687466304e-13,0.0,224.0
RESOLVED_PHYSICAL,100.0,validation_ood,WIENER_GAUSSIAN,0.5,0.7974679129464286,SUPPORTED,,e9c3a2d32a8bc24f638b0cb6e8fb573a72334b5e577afad9ed2b0aab5d009381,256.0,,,,,,
RESOLVED_PHYSICAL,100.0,validation_ood,WIENER_GAUSSIAN,0.9,0.92919921875,SUPPORTED,,e9c3a2d32a8bc24f638b0cb6e8fb573a72334b5e577afad9ed2b0aab5d009381,256.0,,,,,,
RESOLVED_PHYSICAL,100.0,validation_ood,WIENER_GAUSSIAN,0.95,0.9359828404017857,SUPPORTED,,e9c3a2d32a8bc24f638b0cb6e8fb573a72334b5e577afad9ed2b0aab5d009381,256.0,,,,,,
RESOLVED_PHYSICAL,100.0,validation_ood,WIENER_GAUSSIAN,,,SUPPORTED,joint chi-square calibration,e9c3a2d32a8bc24f638b0cb6e8fb573a72334b5e577afad9ed2b0aab5d009381,,9209.13275452799,224.0,41.11219979699995,0.0,0.0,224.0
RESOLVED_PHYSICAL,100.0,validation_in_class,LINEAR_STATE_SPACE,0.5,0.9717668805803571,SUPPORTED,,e9c3a2d32a8bc24f638b0cb6e8fb573a72334b5e577afad9ed2b0aab5d009381,512.0,,,,,,
RESOLVED_PHYSICAL,100.0,validation_in_class,LINEAR_STATE_SPACE,0.9,0.9983782087053571,SUPPORTED,,e9c3a2d32a8bc24f638b0cb6e8fb573a72334b5e577afad9ed2b0aab5d009381,512.0,,,,,,
RESOLVED_PHYSICAL,100.0,validation_in_class,LINEAR_STATE_SPACE,0.95,0.9994942801339286,SUPPORTED,,e9c3a2d32a8bc24f638b0cb6e8fb573a72334b5e577afad9ed2b0aab5d009381,512.0,,,,,,
RESOLVED_PHYSICAL,100.0,validation_in_class,LINEAR_STATE_SPACE,,,SUPPORTED,joint chi-square calibration,e9c3a2d32a8bc24f638b0cb6e8fb573a72334b5e577afad9ed2b0aab5d009381,,6.159336429524476,224.0,0.027497037631805697,1.0,0.0,224.0
RESOLVED_PHYSICAL,100.0,validation_off_grid,LINEAR_STATE_SPACE,0.5,0.9927594866071429,SUPPORTED,,e9c3a2d32a8bc24f638b0cb6e8fb573a72334b5e577afad9ed2b0aab5d009381,320.0,,,,,,
RESOLVED_PHYSICAL,100.0,validation_off_grid,LINEAR_STATE_SPACE,0.9,0.9998604910714286,SUPPORTED,,e9c3a2d32a8bc24f638b0cb6e8fb573a72334b5e577afad9ed2b0aab5d009381,320.0,,,,,,
RESOLVED_PHYSICAL,100.0,validation_off_grid,LINEAR_STATE_SPACE,0.95,0.9999720982142857,SUPPORTED,,e9c3a2d32a8bc24f638b0cb6e8fb573a72334b5e577afad9ed2b0aab5d009381,320.0,,,,,,
RESOLVED_PHYSICAL,100.0,validation_off_grid,LINEAR_STATE_SPACE,,,SUPPORTED,joint chi-square calibration,e9c3a2d32a8bc24f638b0cb6e8fb573a72334b5e577afad9ed2b0aab5d009381,,3.075003554342786,224.0,0.013727694439030295,1.0,0.0,224.0
RESOLVED_PHYSICAL,100.0,validation_ood,LINEAR_STATE_SPACE,0.5,0.9940359933035714,SUPPORTED,,e9c3a2d32a8bc24f638b0cb6e8fb573a72334b5e577afad9ed2b0aab5d009381,256.0,,,,,,
RESOLVED_PHYSICAL,100.0,validation_ood,LINEAR_STATE_SPACE,0.9,1.0,SUPPORTED,,e9c3a2d32a8bc24f638b0cb6e8fb573a72334b5e577afad9ed2b0aab5d009381,256.0,,,,,,
RESOLVED_PHYSICAL,100.0,validation_ood,LINEAR_STATE_SPACE,0.95,1.0,SUPPORTED,,e9c3a2d32a8bc24f638b0cb6e8fb573a72334b5e577afad9ed2b0aab5d009381,256.0,,,,,,
RESOLVED_PHYSICAL,100.0,validation_ood,LINEAR_STATE_SPACE,,,SUPPORTED,joint chi-square calibration,e9c3a2d32a8bc24f638b0cb6e8fb573a72334b5e577afad9ed2b0aab5d009381,,2.5860478173106265,224.0,0.011544856327279583,1.0,0.0,224.0
RESOLVED_PHYSICAL,300.0,validation_in_class,TSVD,0.5,,NOT_APPLICABLE,point estimator with no posterior covariance,e9c3a2d32a8bc24f638b0cb6e8fb573a72334b5e577afad9ed2b0aab5d009381,,,,,,,
RESOLVED_PHYSICAL,300.0,validation_in_class,TSVD,0.9,,NOT_APPLICABLE,point estimator with no posterior covariance,e9c3a2d32a8bc24f638b0cb6e8fb573a72334b5e577afad9ed2b0aab5d009381,,,,,,,
RESOLVED_PHYSICAL,300.0,validation_in_class,TSVD,0.95,,NOT_APPLICABLE,point estimator with no posterior covariance,e9c3a2d32a8bc24f638b0cb6e8fb573a72334b5e577afad9ed2b0aab5d009381,,,,,,,
RESOLVED_PHYSICAL,300.0,validation_off_grid,TSVD,0.5,,NOT_APPLICABLE,point estimator with no posterior covariance,e9c3a2d32a8bc24f638b0cb6e8fb573a72334b5e577afad9ed2b0aab5d009381,,,,,,,
RESOLVED_PHYSICAL,300.0,validation_off_grid,TSVD,0.9,,NOT_APPLICABLE,point estimator with no posterior covariance,e9c3a2d32a8bc24f638b0cb6e8fb573a72334b5e577afad9ed2b0aab5d009381,,,,,,,
RESOLVED_PHYSICAL,300.0,validation_off_grid,TSVD,0.95,,NOT_APPLICABLE,point estimator with no posterior covariance,e9c3a2d32a8bc24f638b0cb6e8fb573a72334b5e577afad9ed2b0aab5d009381,,,,,,,
RESOLVED_PHYSICAL,300.0,validation_ood,TSVD,0.5,,NOT_APPLICABLE,point estimator with no posterior covariance,e9c3a2d32a8bc24f638b0cb6e8fb573a72334b5e577afad9ed2b0aab5d009381,,,,,,,
RESOLVED_PHYSICAL,300.0,validation_ood,TSVD,0.9,,NOT_APPLICABLE,point estimator with no posterior covariance,e9c3a2d32a8bc24f638b0cb6e8fb573a72334b5e577afad9ed2b0aab5d009381,,,,,,,
RESOLVED_PHYSICAL,300.0,validation_ood,TSVD,0.95,,NOT_APPLICABLE,point estimator with no posterior covariance,e9c3a2d32a8bc24f638b0cb6e8fb573a72334b5e577afad9ed2b0aab5d009381,,,,,,,
RESOLVED_PHYSICAL,300.0,validation_in_class,RIDGE_IDENTITY,0.5,,NOT_APPLICABLE,point estimator with no posterior covariance,e9c3a2d32a8bc24f638b0cb6e8fb573a72334b5e577afad9ed2b0aab5d009381,,,,,,,
RESOLVED_PHYSICAL,300.0,validation_in_class,RIDGE_IDENTITY,0.9,,NOT_APPLICABLE,point estimator with no posterior covariance,e9c3a2d32a8bc24f638b0cb6e8fb573a72334b5e577afad9ed2b0aab5d009381,,,,,,,
RESOLVED_PHYSICAL,300.0,validation_in_class,RIDGE_IDENTITY,0.95,,NOT_APPLICABLE,point estimator with no posterior covariance,e9c3a2d32a8bc24f638b0cb6e8fb573a72334b5e577afad9ed2b0aab5d009381,,,,,,,
RESOLVED_PHYSICAL,300.0,validation_off_grid,RIDGE_IDENTITY,0.5,,NOT_APPLICABLE,point estimator with no posterior covariance,e9c3a2d32a8bc24f638b0cb6e8fb573a72334b5e577afad9ed2b0aab5d009381,,,,,,,
RESOLVED_PHYSICAL,300.0,validation_off_grid,RIDGE_IDENTITY,0.9,,NOT_APPLICABLE,point estimator with no posterior covariance,e9c3a2d32a8bc24f638b0cb6e8fb573a72334b5e577afad9ed2b0aab5d009381,,,,,,,
RESOLVED_PHYSICAL,300.0,validation_off_grid,RIDGE_IDENTITY,0.95,,NOT_APPLICABLE,point estimator with no posterior covariance,e9c3a2d32a8bc24f638b0cb6e8fb573a72334b5e577afad9ed2b0aab5d009381,,,,,,,
RESOLVED_PHYSICAL,300.0,validation_ood,RIDGE_IDENTITY,0.5,,NOT_APPLICABLE,point estimator with no posterior covariance,e9c3a2d32a8bc24f638b0cb6e8fb573a72334b5e577afad9ed2b0aab5d009381,,,,,,,
RESOLVED_PHYSICAL,300.0,validation_ood,RIDGE_IDENTITY,0.9,,NOT_APPLICABLE,point estimator with no posterior covariance,e9c3a2d32a8bc24f638b0cb6e8fb573a72334b5e577afad9ed2b0aab5d009381,,,,,,,
RESOLVED_PHYSICAL,300.0,validation_ood,RIDGE_IDENTITY,0.95,,NOT_APPLICABLE,point estimator with no posterior covariance,e9c3a2d32a8bc24f638b0cb6e8fb573a72334b5e577afad9ed2b0aab5d009381,,,,,,,
RESOLVED_PHYSICAL,300.0,validation_in_class,TIKHONOV_TEMPORAL,0.5,,NOT_APPLICABLE,point estimator with no posterior covariance,e9c3a2d32a8bc24f638b0cb6e8fb573a72334b5e577afad9ed2b0aab5d009381,,,,,,,
RESOLVED_PHYSICAL,300.0,validation_in_class,TIKHONOV_TEMPORAL,0.9,,NOT_APPLICABLE,point estimator with no posterior covariance,e9c3a2d32a8bc24f638b0cb6e8fb573a72334b5e577afad9ed2b0aab5d009381,,,,,,,
RESOLVED_PHYSICAL,300.0,validation_in_class,TIKHONOV_TEMPORAL,0.95,,NOT_APPLICABLE,point estimator with no posterior covariance,e9c3a2d32a8bc24f638b0cb6e8fb573a72334b5e577afad9ed2b0aab5d009381,,,,,,,
RESOLVED_PHYSICAL,300.0,validation_off_grid,TIKHONOV_TEMPORAL,0.5,,NOT_APPLICABLE,point estimator with no posterior covariance,e9c3a2d32a8bc24f638b0cb6e8fb573a72334b5e577afad9ed2b0aab5d009381,,,,,,,
RESOLVED_PHYSICAL,300.0,validation_off_grid,TIKHONOV_TEMPORAL,0.9,,NOT_APPLICABLE,point estimator with no posterior covariance,e9c3a2d32a8bc24f638b0cb6e8fb573a72334b5e577afad9ed2b0aab5d009381,,,,,,,
RESOLVED_PHYSICAL,300.0,validation_off_grid,TIKHONOV_TEMPORAL,0.95,,NOT_APPLICABLE,point estimator with no posterior covariance,e9c3a2d32a8bc24f638b0cb6e8fb573a72334b5e577afad9ed2b0aab5d009381,,,,,,,
RESOLVED_PHYSICAL,300.0,validation_ood,TIKHONOV_TEMPORAL,0.5,,NOT_APPLICABLE,point estimator with no posterior covariance,e9c3a2d32a8bc24f638b0cb6e8fb573a72334b5e577afad9ed2b0aab5d009381,,,,,,,
RESOLVED_PHYSICAL,300.0,validation_ood,TIKHONOV_TEMPORAL,0.9,,NOT_APPLICABLE,point estimator with no posterior covariance,e9c3a2d32a8bc24f638b0cb6e8fb573a72334b5e577afad9ed2b0aab5d009381,,,,,,,
RESOLVED_PHYSICAL,300.0,validation_ood,TIKHONOV_TEMPORAL,0.95,,NOT_APPLICABLE,point estimator with no posterior covariance,e9c3a2d32a8bc24f638b0cb6e8fb573a72334b5e577afad9ed2b0aab5d009381,,,,,,,
RESOLVED_PHYSICAL,300.0,validation_in_class,WIENER_GAUSSIAN,0.5,0.7693568638392857,SUPPORTED,,e9c3a2d32a8bc24f638b0cb6e8fb573a72334b5e577afad9ed2b0aab5d009381,512.0,,,,,,
RESOLVED_PHYSICAL,300.0,validation_in_class,WIENER_GAUSSIAN,0.9,0.9288330078125,SUPPORTED,,e9c3a2d32a8bc24f638b0cb6e8fb573a72334b5e577afad9ed2b0aab5d009381,512.0,,,,,,
RESOLVED_PHYSICAL,300.0,validation_in_class,WIENER_GAUSSIAN,0.95,0.9420078822544643,SUPPORTED,,e9c3a2d32a8bc24f638b0cb6e8fb573a72334b5e577afad9ed2b0aab5d009381,512.0,,,,,,
RESOLVED_PHYSICAL,300.0,validation_in_class,WIENER_GAUSSIAN,,,SUPPORTED,joint chi-square calibration,e9c3a2d32a8bc24f638b0cb6e8fb573a72334b5e577afad9ed2b0aab5d009381,,648.099343853577,224.0,2.8933006422034686,0.0015085584794874993,0.0,224.0
RESOLVED_PHYSICAL,300.0,validation_off_grid,WIENER_GAUSSIAN,0.5,0.8196986607142858,SUPPORTED,,e9c3a2d32a8bc24f638b0cb6e8fb573a72334b5e577afad9ed2b0aab5d009381,320.0,,,,,,
RESOLVED_PHYSICAL,300.0,validation_off_grid,WIENER_GAUSSIAN,0.9,0.9482142857142857,SUPPORTED,,e9c3a2d32a8bc24f638b0cb6e8fb573a72334b5e577afad9ed2b0aab5d009381,320.0,,,,,,
RESOLVED_PHYSICAL,300.0,validation_off_grid,WIENER_GAUSSIAN,0.95,0.9560546875,SUPPORTED,,e9c3a2d32a8bc24f638b0cb6e8fb573a72334b5e577afad9ed2b0aab5d009381,320.0,,,,,,
RESOLVED_PHYSICAL,300.0,validation_off_grid,WIENER_GAUSSIAN,,,SUPPORTED,joint chi-square calibration,e9c3a2d32a8bc24f638b0cb6e8fb573a72334b5e577afad9ed2b0aab5d009381,,1296.4892433265372,224.0,5.787898407707756,3.5525910554017476e-13,0.0,224.0
RESOLVED_PHYSICAL,300.0,validation_ood,WIENER_GAUSSIAN,0.5,0.7960205078125,SUPPORTED,,e9c3a2d32a8bc24f638b0cb6e8fb573a72334b5e577afad9ed2b0aab5d009381,256.0,,,,,,
RESOLVED_PHYSICAL,300.0,validation_ood,WIENER_GAUSSIAN,0.9,0.9290771484375,SUPPORTED,,e9c3a2d32a8bc24f638b0cb6e8fb573a72334b5e577afad9ed2b0aab5d009381,256.0,,,,,,
RESOLVED_PHYSICAL,300.0,validation_ood,WIENER_GAUSSIAN,0.95,0.9359305245535714,SUPPORTED,,e9c3a2d32a8bc24f638b0cb6e8fb573a72334b5e577afad9ed2b0aab5d009381,256.0,,,,,,
RESOLVED_PHYSICAL,300.0,validation_ood,WIENER_GAUSSIAN,,,SUPPORTED,joint chi-square calibration,e9c3a2d32a8bc24f638b0cb6e8fb573a72334b5e577afad9ed2b0aab5d009381,,9211.976087038556,224.0,41.12489324570784,0.0,0.0,224.0
RESOLVED_PHYSICAL,300.0,validation_in_class,LINEAR_STATE_SPACE,0.5,0.97174072265625,SUPPORTED,,e9c3a2d32a8bc24f638b0cb6e8fb573a72334b5e577afad9ed2b0aab5d009381,512.0,,,,,,
RESOLVED_PHYSICAL,300.0,validation_in_class,LINEAR_STATE_SPACE,0.9,0.9983782087053571,SUPPORTED,,e9c3a2d32a8bc24f638b0cb6e8fb573a72334b5e577afad9ed2b0aab5d009381,512.0,,,,,,
RESOLVED_PHYSICAL,300.0,validation_in_class,LINEAR_STATE_SPACE,0.95,0.9994942801339286,SUPPORTED,,e9c3a2d32a8bc24f638b0cb6e8fb573a72334b5e577afad9ed2b0aab5d009381,512.0,,,,,,
RESOLVED_PHYSICAL,300.0,validation_in_class,LINEAR_STATE_SPACE,,,SUPPORTED,joint chi-square calibration,e9c3a2d32a8bc24f638b0cb6e8fb573a72334b5e577afad9ed2b0aab5d009381,,6.1492313289079235,224.0,0.0274519255754818,1.0,0.0,224.0
RESOLVED_PHYSICAL,300.0,validation_off_grid,LINEAR_STATE_SPACE,0.5,0.9927873883928572,SUPPORTED,,e9c3a2d32a8bc24f638b0cb6e8fb573a72334b5e577afad9ed2b0aab5d009381,320.0,,,,,,
RESOLVED_PHYSICAL,300.0,validation_off_grid,LINEAR_STATE_SPACE,0.9,0.9998604910714286,SUPPORTED,,e9c3a2d32a8bc24f638b0cb6e8fb573a72334b5e577afad9ed2b0aab5d009381,320.0,,,,,,
RESOLVED_PHYSICAL,300.0,validation_off_grid,LINEAR_STATE_SPACE,0.95,0.9999720982142857,SUPPORTED,,e9c3a2d32a8bc24f638b0cb6e8fb573a72334b5e577afad9ed2b0aab5d009381,320.0,,,,,,
RESOLVED_PHYSICAL,300.0,validation_off_grid,LINEAR_STATE_SPACE,,,SUPPORTED,joint chi-square calibration,e9c3a2d32a8bc24f638b0cb6e8fb573a72334b5e577afad9ed2b0aab5d009381,,3.0651245007851586,224.0,0.013683591521362315,1.0,0.0,224.0
RESOLVED_PHYSICAL,300.0,validation_ood,LINEAR_STATE_SPACE,0.5,0.9939139229910714,SUPPORTED,,e9c3a2d32a8bc24f638b0cb6e8fb573a72334b5e577afad9ed2b0aab5d009381,256.0,,,,,,
RESOLVED_PHYSICAL,300.0,validation_ood,LINEAR_STATE_SPACE,0.9,1.0,SUPPORTED,,e9c3a2d32a8bc24f638b0cb6e8fb573a72334b5e577afad9ed2b0aab5d009381,256.0,,,,,,
RESOLVED_PHYSICAL,300.0,validation_ood,LINEAR_STATE_SPACE,0.95,1.0,SUPPORTED,,e9c3a2d32a8bc24f638b0cb6e8fb573a72334b5e577afad9ed2b0aab5d009381,256.0,,,,,,
RESOLVED_PHYSICAL,300.0,validation_ood,LINEAR_STATE_SPACE,,,SUPPORTED,joint chi-square calibration,e9c3a2d32a8bc24f638b0cb6e8fb573a72334b5e577afad9ed2b0aab5d009381,,2.576295243068798,224.0,0.011501318049414276,1.0,0.0,224.0
RESOLVED_PHYSICAL,1000.0,validation_in_class,TSVD,0.5,,NOT_APPLICABLE,point estimator with no posterior covariance,e9c3a2d32a8bc24f638b0cb6e8fb573a72334b5e577afad9ed2b0aab5d009381,,,,,,,
RESOLVED_PHYSICAL,1000.0,validation_in_class,TSVD,0.9,,NOT_APPLICABLE,point estimator with no posterior covariance,e9c3a2d32a8bc24f638b0cb6e8fb573a72334b5e577afad9ed2b0aab5d009381,,,,,,,
RESOLVED_PHYSICAL,1000.0,validation_in_class,TSVD,0.95,,NOT_APPLICABLE,point estimator with no posterior covariance,e9c3a2d32a8bc24f638b0cb6e8fb573a72334b5e577afad9ed2b0aab5d009381,,,,,,,
RESOLVED_PHYSICAL,1000.0,validation_off_grid,TSVD,0.5,,NOT_APPLICABLE,point estimator with no posterior covariance,e9c3a2d32a8bc24f638b0cb6e8fb573a72334b5e577afad9ed2b0aab5d009381,,,,,,,
RESOLVED_PHYSICAL,1000.0,validation_off_grid,TSVD,0.9,,NOT_APPLICABLE,point estimator with no posterior covariance,e9c3a2d32a8bc24f638b0cb6e8fb573a72334b5e577afad9ed2b0aab5d009381,,,,,,,
RESOLVED_PHYSICAL,1000.0,validation_off_grid,TSVD,0.95,,NOT_APPLICABLE,point estimator with no posterior covariance,e9c3a2d32a8bc24f638b0cb6e8fb573a72334b5e577afad9ed2b0aab5d009381,,,,,,,
RESOLVED_PHYSICAL,1000.0,validation_ood,TSVD,0.5,,NOT_APPLICABLE,point estimator with no posterior covariance,e9c3a2d32a8bc24f638b0cb6e8fb573a72334b5e577afad9ed2b0aab5d009381,,,,,,,
RESOLVED_PHYSICAL,1000.0,validation_ood,TSVD,0.9,,NOT_APPLICABLE,point estimator with no posterior covariance,e9c3a2d32a8bc24f638b0cb6e8fb573a72334b5e577afad9ed2b0aab5d009381,,,,,,,
RESOLVED_PHYSICAL,1000.0,validation_ood,TSVD,0.95,,NOT_APPLICABLE,point estimator with no posterior covariance,e9c3a2d32a8bc24f638b0cb6e8fb573a72334b5e577afad9ed2b0aab5d009381,,,,,,,
RESOLVED_PHYSICAL,1000.0,validation_in_class,RIDGE_IDENTITY,0.5,,NOT_APPLICABLE,point estimator with no posterior covariance,e9c3a2d32a8bc24f638b0cb6e8fb573a72334b5e577afad9ed2b0aab5d009381,,,,,,,
RESOLVED_PHYSICAL,1000.0,validation_in_class,RIDGE_IDENTITY,0.9,,NOT_APPLICABLE,point estimator with no posterior covariance,e9c3a2d32a8bc24f638b0cb6e8fb573a72334b5e577afad9ed2b0aab5d009381,,,,,,,
RESOLVED_PHYSICAL,1000.0,validation_in_class,RIDGE_IDENTITY,0.95,,NOT_APPLICABLE,point estimator with no posterior covariance,e9c3a2d32a8bc24f638b0cb6e8fb573a72334b5e577afad9ed2b0aab5d009381,,,,,,,
RESOLVED_PHYSICAL,1000.0,validation_off_grid,RIDGE_IDENTITY,0.5,,NOT_APPLICABLE,point estimator with no posterior covariance,e9c3a2d32a8bc24f638b0cb6e8fb573a72334b5e577afad9ed2b0aab5d009381,,,,,,,
RESOLVED_PHYSICAL,1000.0,validation_off_grid,RIDGE_IDENTITY,0.9,,NOT_APPLICABLE,point estimator with no posterior covariance,e9c3a2d32a8bc24f638b0cb6e8fb573a72334b5e577afad9ed2b0aab5d009381,,,,,,,
RESOLVED_PHYSICAL,1000.0,validation_off_grid,RIDGE_IDENTITY,0.95,,NOT_APPLICABLE,point estimator with no posterior covariance,e9c3a2d32a8bc24f638b0cb6e8fb573a72334b5e577afad9ed2b0aab5d009381,,,,,,,
RESOLVED_PHYSICAL,1000.0,validation_ood,RIDGE_IDENTITY,0.5,,NOT_APPLICABLE,point estimator with no posterior covariance,e9c3a2d32a8bc24f638b0cb6e8fb573a72334b5e577afad9ed2b0aab5d009381,,,,,,,
RESOLVED_PHYSICAL,1000.0,validation_ood,RIDGE_IDENTITY,0.9,,NOT_APPLICABLE,point estimator with no posterior covariance,e9c3a2d32a8bc24f638b0cb6e8fb573a72334b5e577afad9ed2b0aab5d009381,,,,,,,
RESOLVED_PHYSICAL,1000.0,validation_ood,RIDGE_IDENTITY,0.95,,NOT_APPLICABLE,point estimator with no posterior covariance,e9c3a2d32a8bc24f638b0cb6e8fb573a72334b5e577afad9ed2b0aab5d009381,,,,,,,
RESOLVED_PHYSICAL,1000.0,validation_in_class,TIKHONOV_TEMPORAL,0.5,,NOT_APPLICABLE,point estimator with no posterior covariance,e9c3a2d32a8bc24f638b0cb6e8fb573a72334b5e577afad9ed2b0aab5d009381,,,,,,,
RESOLVED_PHYSICAL,1000.0,validation_in_class,TIKHONOV_TEMPORAL,0.9,,NOT_APPLICABLE,point estimator with no posterior covariance,e9c3a2d32a8bc24f638b0cb6e8fb573a72334b5e577afad9ed2b0aab5d009381,,,,,,,
RESOLVED_PHYSICAL,1000.0,validation_in_class,TIKHONOV_TEMPORAL,0.95,,NOT_APPLICABLE,point estimator with no posterior covariance,e9c3a2d32a8bc24f638b0cb6e8fb573a72334b5e577afad9ed2b0aab5d009381,,,,,,,
RESOLVED_PHYSICAL,1000.0,validation_off_grid,TIKHONOV_TEMPORAL,0.5,,NOT_APPLICABLE,point estimator with no posterior covariance,e9c3a2d32a8bc24f638b0cb6e8fb573a72334b5e577afad9ed2b0aab5d009381,,,,,,,
RESOLVED_PHYSICAL,1000.0,validation_off_grid,TIKHONOV_TEMPORAL,0.9,,NOT_APPLICABLE,point estimator with no posterior covariance,e9c3a2d32a8bc24f638b0cb6e8fb573a72334b5e577afad9ed2b0aab5d009381,,,,,,,
RESOLVED_PHYSICAL,1000.0,validation_off_grid,TIKHONOV_TEMPORAL,0.95,,NOT_APPLICABLE,point estimator with no posterior covariance,e9c3a2d32a8bc24f638b0cb6e8fb573a72334b5e577afad9ed2b0aab5d009381,,,,,,,
RESOLVED_PHYSICAL,1000.0,validation_ood,TIKHONOV_TEMPORAL,0.5,,NOT_APPLICABLE,point estimator with no posterior covariance,e9c3a2d32a8bc24f638b0cb6e8fb573a72334b5e577afad9ed2b0aab5d009381,,,,,,,
RESOLVED_PHYSICAL,1000.0,validation_ood,TIKHONOV_TEMPORAL,0.9,,NOT_APPLICABLE,point estimator with no posterior covariance,e9c3a2d32a8bc24f638b0cb6e8fb573a72334b5e577afad9ed2b0aab5d009381,,,,,,,
RESOLVED_PHYSICAL,1000.0,validation_ood,TIKHONOV_TEMPORAL,0.95,,NOT_APPLICABLE,point estimator with no posterior covariance,e9c3a2d32a8bc24f638b0cb6e8fb573a72334b5e577afad9ed2b0aab5d009381,,,,,,,
RESOLVED_PHYSICAL,1000.0,validation_in_class,WIENER_GAUSSIAN,0.5,0.7688511439732143,SUPPORTED,,e9c3a2d32a8bc24f638b0cb6e8fb573a72334b5e577afad9ed2b0aab5d009381,512.0,,,,,,
RESOLVED_PHYSICAL,1000.0,validation_in_class,WIENER_GAUSSIAN,0.9,0.9287981305803571,SUPPORTED,,e9c3a2d32a8bc24f638b0cb6e8fb573a72334b5e577afad9ed2b0aab5d009381,512.0,,,,,,
RESOLVED_PHYSICAL,1000.0,validation_in_class,WIENER_GAUSSIAN,0.95,0.9419642857142857,SUPPORTED,,e9c3a2d32a8bc24f638b0cb6e8fb573a72334b5e577afad9ed2b0aab5d009381,512.0,,,,,,
RESOLVED_PHYSICAL,1000.0,validation_in_class,WIENER_GAUSSIAN,,,SUPPORTED,joint chi-square calibration,e9c3a2d32a8bc24f638b0cb6e8fb573a72334b5e577afad9ed2b0aab5d009381,,649.0986445663964,224.0,2.8977618060999837,0.0013146860498147123,0.0,224.0
RESOLVED_PHYSICAL,1000.0,validation_off_grid,WIENER_GAUSSIAN,0.5,0.8193080357142857,SUPPORTED,,e9c3a2d32a8bc24f638b0cb6e8fb573a72334b5e577afad9ed2b0aab5d009381,320.0,,,,,,
RESOLVED_PHYSICAL,1000.0,validation_off_grid,WIENER_GAUSSIAN,0.9,0.9481724330357143,SUPPORTED,,e9c3a2d32a8bc24f638b0cb6e8fb573a72334b5e577afad9ed2b0aab5d009381,320.0,,,,,,
RESOLVED_PHYSICAL,1000.0,validation_off_grid,WIENER_GAUSSIAN,0.95,0.9560128348214286,SUPPORTED,,e9c3a2d32a8bc24f638b0cb6e8fb573a72334b5e577afad9ed2b0aab5d009381,320.0,,,,,,
RESOLVED_PHYSICAL,1000.0,validation_off_grid,WIENER_GAUSSIAN,,,SUPPORTED,joint chi-square calibration,e9c3a2d32a8bc24f638b0cb6e8fb573a72334b5e577afad9ed2b0aab5d009381,,1297.4819727826791,224.0,5.79233023563696,2.8308287430257556e-13,0.0,224.0
RESOLVED_PHYSICAL,1000.0,validation_ood,WIENER_GAUSSIAN,0.5,0.7954799107142857,SUPPORTED,,e9c3a2d32a8bc24f638b0cb6e8fb573a72334b5e577afad9ed2b0aab5d009381,256.0,,,,,,
RESOLVED_PHYSICAL,1000.0,validation_ood,WIENER_GAUSSIAN,0.9,0.9290597098214286,SUPPORTED,,e9c3a2d32a8bc24f638b0cb6e8fb573a72334b5e577afad9ed2b0aab5d009381,256.0,,,,,,
RESOLVED_PHYSICAL,1000.0,validation_ood,WIENER_GAUSSIAN,0.95,0.9358782087053571,SUPPORTED,,e9c3a2d32a8bc24f638b0cb6e8fb573a72334b5e577afad9ed2b0aab5d009381,256.0,,,,,,
RESOLVED_PHYSICAL,1000.0,validation_ood,WIENER_GAUSSIAN,,,SUPPORTED,joint chi-square calibration,e9c3a2d32a8bc24f638b0cb6e8fb573a72334b5e577afad9ed2b0aab5d009381,,9212.97267732491,224.0,41.129342309486205,0.0,0.0,224.0
RESOLVED_PHYSICAL,1000.0,validation_in_class,LINEAR_STATE_SPACE,0.5,0.9717581612723214,SUPPORTED,,e9c3a2d32a8bc24f638b0cb6e8fb573a72334b5e577afad9ed2b0aab5d009381,512.0,,,,,,
RESOLVED_PHYSICAL,1000.0,validation_in_class,LINEAR_STATE_SPACE,0.9,0.9983869280133929,SUPPORTED,,e9c3a2d32a8bc24f638b0cb6e8fb573a72334b5e577afad9ed2b0aab5d009381,512.0,,,,,,
RESOLVED_PHYSICAL,1000.0,validation_in_class,LINEAR_STATE_SPACE,0.95,0.9994942801339286,SUPPORTED,,e9c3a2d32a8bc24f638b0cb6e8fb573a72334b5e577afad9ed2b0aab5d009381,512.0,,,,,,
RESOLVED_PHYSICAL,1000.0,validation_in_class,LINEAR_STATE_SPACE,,,SUPPORTED,joint chi-square calibration,e9c3a2d32a8bc24f638b0cb6e8fb573a72334b5e577afad9ed2b0aab5d009381,,6.148016466687111,224.0,0.027446502083424605,1.0,0.0,224.0
RESOLVED_PHYSICAL,1000.0,validation_off_grid,LINEAR_STATE_SPACE,0.5,0.9927734375,SUPPORTED,,e9c3a2d32a8bc24f638b0cb6e8fb573a72334b5e577afad9ed2b0aab5d009381,320.0,,,,,,
RESOLVED_PHYSICAL,1000.0,validation_off_grid,LINEAR_STATE_SPACE,0.9,0.9998604910714286,SUPPORTED,,e9c3a2d32a8bc24f638b0cb6e8fb573a72334b5e577afad9ed2b0aab5d009381,320.0,,,,,,
RESOLVED_PHYSICAL,1000.0,validation_off_grid,LINEAR_STATE_SPACE,0.95,0.9999720982142857,SUPPORTED,,e9c3a2d32a8bc24f638b0cb6e8fb573a72334b5e577afad9ed2b0aab5d009381,320.0,,,,,,
RESOLVED_PHYSICAL,1000.0,validation_off_grid,LINEAR_STATE_SPACE,,,SUPPORTED,joint chi-square calibration,e9c3a2d32a8bc24f638b0cb6e8fb573a72334b5e577afad9ed2b0aab5d009381,,3.063781359178695,224.0,0.013677595353476317,1.0,0.0,224.0
RESOLVED_PHYSICAL,1000.0,validation_ood,LINEAR_STATE_SPACE,0.5,0.9939313616071429,SUPPORTED,,e9c3a2d32a8bc24f638b0cb6e8fb573a72334b5e577afad9ed2b0aab5d009381,256.0,,,,,,
RESOLVED_PHYSICAL,1000.0,validation_ood,LINEAR_STATE_SPACE,0.9,1.0,SUPPORTED,,e9c3a2d32a8bc24f638b0cb6e8fb573a72334b5e577afad9ed2b0aab5d009381,256.0,,,,,,
RESOLVED_PHYSICAL,1000.0,validation_ood,LINEAR_STATE_SPACE,0.95,1.0,SUPPORTED,,e9c3a2d32a8bc24f638b0cb6e8fb573a72334b5e577afad9ed2b0aab5d009381,256.0,,,,,,
RESOLVED_PHYSICAL,1000.0,validation_ood,LINEAR_STATE_SPACE,,,SUPPORTED,joint chi-square calibration,e9c3a2d32a8bc24f638b0cb6e8fb573a72334b5e577afad9ed2b0aab5d009381,,2.574940598670387,224.0,0.011495270529778513,1.0,0.0,224.0
RESOLVED_PHYSICAL,3000.0,validation_in_class,TSVD,0.5,,NOT_APPLICABLE,point estimator with no posterior covariance,e9c3a2d32a8bc24f638b0cb6e8fb573a72334b5e577afad9ed2b0aab5d009381,,,,,,,
RESOLVED_PHYSICAL,3000.0,validation_in_class,TSVD,0.9,,NOT_APPLICABLE,point estimator with no posterior covariance,e9c3a2d32a8bc24f638b0cb6e8fb573a72334b5e577afad9ed2b0aab5d009381,,,,,,,
RESOLVED_PHYSICAL,3000.0,validation_in_class,TSVD,0.95,,NOT_APPLICABLE,point estimator with no posterior covariance,e9c3a2d32a8bc24f638b0cb6e8fb573a72334b5e577afad9ed2b0aab5d009381,,,,,,,
RESOLVED_PHYSICAL,3000.0,validation_off_grid,TSVD,0.5,,NOT_APPLICABLE,point estimator with no posterior covariance,e9c3a2d32a8bc24f638b0cb6e8fb573a72334b5e577afad9ed2b0aab5d009381,,,,,,,
RESOLVED_PHYSICAL,3000.0,validation_off_grid,TSVD,0.9,,NOT_APPLICABLE,point estimator with no posterior covariance,e9c3a2d32a8bc24f638b0cb6e8fb573a72334b5e577afad9ed2b0aab5d009381,,,,,,,
RESOLVED_PHYSICAL,3000.0,validation_off_grid,TSVD,0.95,,NOT_APPLICABLE,point estimator with no posterior covariance,e9c3a2d32a8bc24f638b0cb6e8fb573a72334b5e577afad9ed2b0aab5d009381,,,,,,,
RESOLVED_PHYSICAL,3000.0,validation_ood,TSVD,0.5,,NOT_APPLICABLE,point estimator with no posterior covariance,e9c3a2d32a8bc24f638b0cb6e8fb573a72334b5e577afad9ed2b0aab5d009381,,,,,,,
RESOLVED_PHYSICAL,3000.0,validation_ood,TSVD,0.9,,NOT_APPLICABLE,point estimator with no posterior covariance,e9c3a2d32a8bc24f638b0cb6e8fb573a72334b5e577afad9ed2b0aab5d009381,,,,,,,
RESOLVED_PHYSICAL,3000.0,validation_ood,TSVD,0.95,,NOT_APPLICABLE,point estimator with no posterior covariance,e9c3a2d32a8bc24f638b0cb6e8fb573a72334b5e577afad9ed2b0aab5d009381,,,,,,,
RESOLVED_PHYSICAL,3000.0,validation_in_class,RIDGE_IDENTITY,0.5,,NOT_APPLICABLE,point estimator with no posterior covariance,e9c3a2d32a8bc24f638b0cb6e8fb573a72334b5e577afad9ed2b0aab5d009381,,,,,,,
RESOLVED_PHYSICAL,3000.0,validation_in_class,RIDGE_IDENTITY,0.9,,NOT_APPLICABLE,point estimator with no posterior covariance,e9c3a2d32a8bc24f638b0cb6e8fb573a72334b5e577afad9ed2b0aab5d009381,,,,,,,
RESOLVED_PHYSICAL,3000.0,validation_in_class,RIDGE_IDENTITY,0.95,,NOT_APPLICABLE,point estimator with no posterior covariance,e9c3a2d32a8bc24f638b0cb6e8fb573a72334b5e577afad9ed2b0aab5d009381,,,,,,,
RESOLVED_PHYSICAL,3000.0,validation_off_grid,RIDGE_IDENTITY,0.5,,NOT_APPLICABLE,point estimator with no posterior covariance,e9c3a2d32a8bc24f638b0cb6e8fb573a72334b5e577afad9ed2b0aab5d009381,,,,,,,
RESOLVED_PHYSICAL,3000.0,validation_off_grid,RIDGE_IDENTITY,0.9,,NOT_APPLICABLE,point estimator with no posterior covariance,e9c3a2d32a8bc24f638b0cb6e8fb573a72334b5e577afad9ed2b0aab5d009381,,,,,,,
RESOLVED_PHYSICAL,3000.0,validation_off_grid,RIDGE_IDENTITY,0.95,,NOT_APPLICABLE,point estimator with no posterior covariance,e9c3a2d32a8bc24f638b0cb6e8fb573a72334b5e577afad9ed2b0aab5d009381,,,,,,,
RESOLVED_PHYSICAL,3000.0,validation_ood,RIDGE_IDENTITY,0.5,,NOT_APPLICABLE,point estimator with no posterior covariance,e9c3a2d32a8bc24f638b0cb6e8fb573a72334b5e577afad9ed2b0aab5d009381,,,,,,,
RESOLVED_PHYSICAL,3000.0,validation_ood,RIDGE_IDENTITY,0.9,,NOT_APPLICABLE,point estimator with no posterior covariance,e9c3a2d32a8bc24f638b0cb6e8fb573a72334b5e577afad9ed2b0aab5d009381,,,,,,,
RESOLVED_PHYSICAL,3000.0,validation_ood,RIDGE_IDENTITY,0.95,,NOT_APPLICABLE,point estimator with no posterior covariance,e9c3a2d32a8bc24f638b0cb6e8fb573a72334b5e577afad9ed2b0aab5d009381,,,,,,,
RESOLVED_PHYSICAL,3000.0,validation_in_class,TIKHONOV_TEMPORAL,0.5,,NOT_APPLICABLE,point estimator with no posterior covariance,e9c3a2d32a8bc24f638b0cb6e8fb573a72334b5e577afad9ed2b0aab5d009381,,,,,,,
RESOLVED_PHYSICAL,3000.0,validation_in_class,TIKHONOV_TEMPORAL,0.9,,NOT_APPLICABLE,point estimator with no posterior covariance,e9c3a2d32a8bc24f638b0cb6e8fb573a72334b5e577afad9ed2b0aab5d009381,,,,,,,
RESOLVED_PHYSICAL,3000.0,validation_in_class,TIKHONOV_TEMPORAL,0.95,,NOT_APPLICABLE,point estimator with no posterior covariance,e9c3a2d32a8bc24f638b0cb6e8fb573a72334b5e577afad9ed2b0aab5d009381,,,,,,,
RESOLVED_PHYSICAL,3000.0,validation_off_grid,TIKHONOV_TEMPORAL,0.5,,NOT_APPLICABLE,point estimator with no posterior covariance,e9c3a2d32a8bc24f638b0cb6e8fb573a72334b5e577afad9ed2b0aab5d009381,,,,,,,
RESOLVED_PHYSICAL,3000.0,validation_off_grid,TIKHONOV_TEMPORAL,0.9,,NOT_APPLICABLE,point estimator with no posterior covariance,e9c3a2d32a8bc24f638b0cb6e8fb573a72334b5e577afad9ed2b0aab5d009381,,,,,,,
RESOLVED_PHYSICAL,3000.0,validation_off_grid,TIKHONOV_TEMPORAL,0.95,,NOT_APPLICABLE,point estimator with no posterior covariance,e9c3a2d32a8bc24f638b0cb6e8fb573a72334b5e577afad9ed2b0aab5d009381,,,,,,,
RESOLVED_PHYSICAL,3000.0,validation_ood,TIKHONOV_TEMPORAL,0.5,,NOT_APPLICABLE,point estimator with no posterior covariance,e9c3a2d32a8bc24f638b0cb6e8fb573a72334b5e577afad9ed2b0aab5d009381,,,,,,,
RESOLVED_PHYSICAL,3000.0,validation_ood,TIKHONOV_TEMPORAL,0.9,,NOT_APPLICABLE,point estimator with no posterior covariance,e9c3a2d32a8bc24f638b0cb6e8fb573a72334b5e577afad9ed2b0aab5d009381,,,,,,,
RESOLVED_PHYSICAL,3000.0,validation_ood,TIKHONOV_TEMPORAL,0.95,,NOT_APPLICABLE,point estimator with no posterior covariance,e9c3a2d32a8bc24f638b0cb6e8fb573a72334b5e577afad9ed2b0aab5d009381,,,,,,,
RESOLVED_PHYSICAL,3000.0,validation_in_class,WIENER_GAUSSIAN,0.5,0.7686941964285714,SUPPORTED,,e9c3a2d32a8bc24f638b0cb6e8fb573a72334b5e577afad9ed2b0aab5d009381,512.0,,,,,,
RESOLVED_PHYSICAL,3000.0,validation_in_class,WIENER_GAUSSIAN,0.9,0.9288242885044643,SUPPORTED,,e9c3a2d32a8bc24f638b0cb6e8fb573a72334b5e577afad9ed2b0aab5d009381,512.0,,,,,,
RESOLVED_PHYSICAL,3000.0,validation_in_class,WIENER_GAUSSIAN,0.95,0.9419468470982143,SUPPORTED,,e9c3a2d32a8bc24f638b0cb6e8fb573a72334b5e577afad9ed2b0aab5d009381,512.0,,,,,,
RESOLVED_PHYSICAL,3000.0,validation_in_class,WIENER_GAUSSIAN,,,SUPPORTED,joint chi-square calibration,e9c3a2d32a8bc24f638b0cb6e8fb573a72334b5e577afad9ed2b0aab5d009381,,649.3835215025074,224.0,2.899033578136194,0.0012625891245550544,0.0,224.0
RESOLVED_PHYSICAL,3000.0,validation_off_grid,WIENER_GAUSSIAN,0.5,0.8191964285714286,SUPPORTED,,e9c3a2d32a8bc24f638b0cb6e8fb573a72334b5e577afad9ed2b0aab5d009381,320.0,,,,,,
RESOLVED_PHYSICAL,3000.0,validation_off_grid,WIENER_GAUSSIAN,0.9,0.9481584821428571,SUPPORTED,,e9c3a2d32a8bc24f638b0cb6e8fb573a72334b5e577afad9ed2b0aab5d009381,320.0,,,,,,
RESOLVED_PHYSICAL,3000.0,validation_off_grid,WIENER_GAUSSIAN,0.95,0.9560128348214286,SUPPORTED,,e9c3a2d32a8bc24f638b0cb6e8fb573a72334b5e577afad9ed2b0aab5d009381,320.0,,,,,,
RESOLVED_PHYSICAL,3000.0,validation_off_grid,WIENER_GAUSSIAN,,,SUPPORTED,joint chi-square calibration,e9c3a2d32a8bc24f638b0cb6e8fb573a72334b5e577afad9ed2b0aab5d009381,,1297.7653955685794,224.0,5.793595515931158,2.632216091584985e-13,0.0,224.0
RESOLVED_PHYSICAL,3000.0,validation_ood,WIENER_GAUSSIAN,0.5,0.7953578404017857,SUPPORTED,,e9c3a2d32a8bc24f638b0cb6e8fb573a72334b5e577afad9ed2b0aab5d009381,256.0,,,,,,
RESOLVED_PHYSICAL,3000.0,validation_ood,WIENER_GAUSSIAN,0.9,0.9290771484375,SUPPORTED,,e9c3a2d32a8bc24f638b0cb6e8fb573a72334b5e577afad9ed2b0aab5d009381,256.0,,,,,,
RESOLVED_PHYSICAL,3000.0,validation_ood,WIENER_GAUSSIAN,0.95,0.9358607700892857,SUPPORTED,,e9c3a2d32a8bc24f638b0cb6e8fb573a72334b5e577afad9ed2b0aab5d009381,256.0,,,,,,
RESOLVED_PHYSICAL,3000.0,validation_ood,WIENER_GAUSSIAN,,,SUPPORTED,joint chi-square calibration,e9c3a2d32a8bc24f638b0cb6e8fb573a72334b5e577afad9ed2b0aab5d009381,,9213.2582333307,224.0,41.13061711308348,0.0,0.0,224.0
RESOLVED_PHYSICAL,3000.0,validation_in_class,LINEAR_STATE_SPACE,0.5,0.9717843191964286,SUPPORTED,,e9c3a2d32a8bc24f638b0cb6e8fb573a72334b5e577afad9ed2b0aab5d009381,512.0,,,,,,
RESOLVED_PHYSICAL,3000.0,validation_in_class,LINEAR_STATE_SPACE,0.9,0.9983869280133929,SUPPORTED,,e9c3a2d32a8bc24f638b0cb6e8fb573a72334b5e577afad9ed2b0aab5d009381,512.0,,,,,,
RESOLVED_PHYSICAL,3000.0,validation_in_class,LINEAR_STATE_SPACE,0.95,0.9994942801339286,SUPPORTED,,e9c3a2d32a8bc24f638b0cb6e8fb573a72334b5e577afad9ed2b0aab5d009381,512.0,,,,,,
RESOLVED_PHYSICAL,3000.0,validation_in_class,LINEAR_STATE_SPACE,,,SUPPORTED,joint chi-square calibration,e9c3a2d32a8bc24f638b0cb6e8fb573a72334b5e577afad9ed2b0aab5d009381,,6.147852538344416,224.0,0.02744577026046614,1.0,0.0,224.0
RESOLVED_PHYSICAL,3000.0,validation_off_grid,LINEAR_STATE_SPACE,0.5,0.9927315848214285,SUPPORTED,,e9c3a2d32a8bc24f638b0cb6e8fb573a72334b5e577afad9ed2b0aab5d009381,320.0,,,,,,
RESOLVED_PHYSICAL,3000.0,validation_off_grid,LINEAR_STATE_SPACE,0.9,0.9998604910714286,SUPPORTED,,e9c3a2d32a8bc24f638b0cb6e8fb573a72334b5e577afad9ed2b0aab5d009381,320.0,,,,,,
RESOLVED_PHYSICAL,3000.0,validation_off_grid,LINEAR_STATE_SPACE,0.95,0.9999720982142857,SUPPORTED,,e9c3a2d32a8bc24f638b0cb6e8fb573a72334b5e577afad9ed2b0aab5d009381,320.0,,,,,,
RESOLVED_PHYSICAL,3000.0,validation_off_grid,LINEAR_STATE_SPACE,,,SUPPORTED,joint chi-square calibration,e9c3a2d32a8bc24f638b0cb6e8fb573a72334b5e577afad9ed2b0aab5d009381,,3.063678677609053,224.0,0.013677136953611845,1.0,0.0,224.0
RESOLVED_PHYSICAL,3000.0,validation_ood,LINEAR_STATE_SPACE,0.5,0.9939139229910714,SUPPORTED,,e9c3a2d32a8bc24f638b0cb6e8fb573a72334b5e577afad9ed2b0aab5d009381,256.0,,,,,,
RESOLVED_PHYSICAL,3000.0,validation_ood,LINEAR_STATE_SPACE,0.9,1.0,SUPPORTED,,e9c3a2d32a8bc24f638b0cb6e8fb573a72334b5e577afad9ed2b0aab5d009381,256.0,,,,,,
RESOLVED_PHYSICAL,3000.0,validation_ood,LINEAR_STATE_SPACE,0.95,1.0,SUPPORTED,,e9c3a2d32a8bc24f638b0cb6e8fb573a72334b5e577afad9ed2b0aab5d009381,256.0,,,,,,
RESOLVED_PHYSICAL,3000.0,validation_ood,LINEAR_STATE_SPACE,,,SUPPORTED,joint chi-square calibration,e9c3a2d32a8bc24f638b0cb6e8fb573a72334b5e577afad9ed2b0aab5d009381,,2.574877256642069,224.0,0.011494987752866379,1.0,0.0,224.0
RESOLVED_PHYSICAL,10000.0,validation_in_class,TSVD,0.5,,NOT_APPLICABLE,point estimator with no posterior covariance,e9c3a2d32a8bc24f638b0cb6e8fb573a72334b5e577afad9ed2b0aab5d009381,,,,,,,
RESOLVED_PHYSICAL,10000.0,validation_in_class,TSVD,0.9,,NOT_APPLICABLE,point estimator with no posterior covariance,e9c3a2d32a8bc24f638b0cb6e8fb573a72334b5e577afad9ed2b0aab5d009381,,,,,,,
RESOLVED_PHYSICAL,10000.0,validation_in_class,TSVD,0.95,,NOT_APPLICABLE,point estimator with no posterior covariance,e9c3a2d32a8bc24f638b0cb6e8fb573a72334b5e577afad9ed2b0aab5d009381,,,,,,,
RESOLVED_PHYSICAL,10000.0,validation_off_grid,TSVD,0.5,,NOT_APPLICABLE,point estimator with no posterior covariance,e9c3a2d32a8bc24f638b0cb6e8fb573a72334b5e577afad9ed2b0aab5d009381,,,,,,,
RESOLVED_PHYSICAL,10000.0,validation_off_grid,TSVD,0.9,,NOT_APPLICABLE,point estimator with no posterior covariance,e9c3a2d32a8bc24f638b0cb6e8fb573a72334b5e577afad9ed2b0aab5d009381,,,,,,,
RESOLVED_PHYSICAL,10000.0,validation_off_grid,TSVD,0.95,,NOT_APPLICABLE,point estimator with no posterior covariance,e9c3a2d32a8bc24f638b0cb6e8fb573a72334b5e577afad9ed2b0aab5d009381,,,,,,,
RESOLVED_PHYSICAL,10000.0,validation_ood,TSVD,0.5,,NOT_APPLICABLE,point estimator with no posterior covariance,e9c3a2d32a8bc24f638b0cb6e8fb573a72334b5e577afad9ed2b0aab5d009381,,,,,,,
RESOLVED_PHYSICAL,10000.0,validation_ood,TSVD,0.9,,NOT_APPLICABLE,point estimator with no posterior covariance,e9c3a2d32a8bc24f638b0cb6e8fb573a72334b5e577afad9ed2b0aab5d009381,,,,,,,
RESOLVED_PHYSICAL,10000.0,validation_ood,TSVD,0.95,,NOT_APPLICABLE,point estimator with no posterior covariance,e9c3a2d32a8bc24f638b0cb6e8fb573a72334b5e577afad9ed2b0aab5d009381,,,,,,,
RESOLVED_PHYSICAL,10000.0,validation_in_class,RIDGE_IDENTITY,0.5,,NOT_APPLICABLE,point estimator with no posterior covariance,e9c3a2d32a8bc24f638b0cb6e8fb573a72334b5e577afad9ed2b0aab5d009381,,,,,,,
RESOLVED_PHYSICAL,10000.0,validation_in_class,RIDGE_IDENTITY,0.9,,NOT_APPLICABLE,point estimator with no posterior covariance,e9c3a2d32a8bc24f638b0cb6e8fb573a72334b5e577afad9ed2b0aab5d009381,,,,,,,
RESOLVED_PHYSICAL,10000.0,validation_in_class,RIDGE_IDENTITY,0.95,,NOT_APPLICABLE,point estimator with no posterior covariance,e9c3a2d32a8bc24f638b0cb6e8fb573a72334b5e577afad9ed2b0aab5d009381,,,,,,,
RESOLVED_PHYSICAL,10000.0,validation_off_grid,RIDGE_IDENTITY,0.5,,NOT_APPLICABLE,point estimator with no posterior covariance,e9c3a2d32a8bc24f638b0cb6e8fb573a72334b5e577afad9ed2b0aab5d009381,,,,,,,
RESOLVED_PHYSICAL,10000.0,validation_off_grid,RIDGE_IDENTITY,0.9,,NOT_APPLICABLE,point estimator with no posterior covariance,e9c3a2d32a8bc24f638b0cb6e8fb573a72334b5e577afad9ed2b0aab5d009381,,,,,,,
RESOLVED_PHYSICAL,10000.0,validation_off_grid,RIDGE_IDENTITY,0.95,,NOT_APPLICABLE,point estimator with no posterior covariance,e9c3a2d32a8bc24f638b0cb6e8fb573a72334b5e577afad9ed2b0aab5d009381,,,,,,,
RESOLVED_PHYSICAL,10000.0,validation_ood,RIDGE_IDENTITY,0.5,,NOT_APPLICABLE,point estimator with no posterior covariance,e9c3a2d32a8bc24f638b0cb6e8fb573a72334b5e577afad9ed2b0aab5d009381,,,,,,,
RESOLVED_PHYSICAL,10000.0,validation_ood,RIDGE_IDENTITY,0.9,,NOT_APPLICABLE,point estimator with no posterior covariance,e9c3a2d32a8bc24f638b0cb6e8fb573a72334b5e577afad9ed2b0aab5d009381,,,,,,,
RESOLVED_PHYSICAL,10000.0,validation_ood,RIDGE_IDENTITY,0.95,,NOT_APPLICABLE,point estimator with no posterior covariance,e9c3a2d32a8bc24f638b0cb6e8fb573a72334b5e577afad9ed2b0aab5d009381,,,,,,,
RESOLVED_PHYSICAL,10000.0,validation_in_class,TIKHONOV_TEMPORAL,0.5,,NOT_APPLICABLE,point estimator with no posterior covariance,e9c3a2d32a8bc24f638b0cb6e8fb573a72334b5e577afad9ed2b0aab5d009381,,,,,,,
RESOLVED_PHYSICAL,10000.0,validation_in_class,TIKHONOV_TEMPORAL,0.9,,NOT_APPLICABLE,point estimator with no posterior covariance,e9c3a2d32a8bc24f638b0cb6e8fb573a72334b5e577afad9ed2b0aab5d009381,,,,,,,
RESOLVED_PHYSICAL,10000.0,validation_in_class,TIKHONOV_TEMPORAL,0.95,,NOT_APPLICABLE,point estimator with no posterior covariance,e9c3a2d32a8bc24f638b0cb6e8fb573a72334b5e577afad9ed2b0aab5d009381,,,,,,,
RESOLVED_PHYSICAL,10000.0,validation_off_grid,TIKHONOV_TEMPORAL,0.5,,NOT_APPLICABLE,point estimator with no posterior covariance,e9c3a2d32a8bc24f638b0cb6e8fb573a72334b5e577afad9ed2b0aab5d009381,,,,,,,
RESOLVED_PHYSICAL,10000.0,validation_off_grid,TIKHONOV_TEMPORAL,0.9,,NOT_APPLICABLE,point estimator with no posterior covariance,e9c3a2d32a8bc24f638b0cb6e8fb573a72334b5e577afad9ed2b0aab5d009381,,,,,,,
RESOLVED_PHYSICAL,10000.0,validation_off_grid,TIKHONOV_TEMPORAL,0.95,,NOT_APPLICABLE,point estimator with no posterior covariance,e9c3a2d32a8bc24f638b0cb6e8fb573a72334b5e577afad9ed2b0aab5d009381,,,,,,,
RESOLVED_PHYSICAL,10000.0,validation_ood,TIKHONOV_TEMPORAL,0.5,,NOT_APPLICABLE,point estimator with no posterior covariance,e9c3a2d32a8bc24f638b0cb6e8fb573a72334b5e577afad9ed2b0aab5d009381,,,,,,,
RESOLVED_PHYSICAL,10000.0,validation_ood,TIKHONOV_TEMPORAL,0.9,,NOT_APPLICABLE,point estimator with no posterior covariance,e9c3a2d32a8bc24f638b0cb6e8fb573a72334b5e577afad9ed2b0aab5d009381,,,,,,,
RESOLVED_PHYSICAL,10000.0,validation_ood,TIKHONOV_TEMPORAL,0.95,,NOT_APPLICABLE,point estimator with no posterior covariance,e9c3a2d32a8bc24f638b0cb6e8fb573a72334b5e577afad9ed2b0aab5d009381,,,,,,,
RESOLVED_PHYSICAL,10000.0,validation_in_class,WIENER_GAUSSIAN,0.5,0.7686418805803571,SUPPORTED,,e9c3a2d32a8bc24f638b0cb6e8fb573a72334b5e577afad9ed2b0aab5d009381,512.0,,,,,,
RESOLVED_PHYSICAL,10000.0,validation_in_class,WIENER_GAUSSIAN,0.9,0.9288242885044643,SUPPORTED,,e9c3a2d32a8bc24f638b0cb6e8fb573a72334b5e577afad9ed2b0aab5d009381,512.0,,,,,,
RESOLVED_PHYSICAL,10000.0,validation_in_class,WIENER_GAUSSIAN,0.95,0.9419468470982143,SUPPORTED,,e9c3a2d32a8bc24f638b0cb6e8fb573a72334b5e577afad9ed2b0aab5d009381,512.0,,,,,,
RESOLVED_PHYSICAL,10000.0,validation_in_class,WIENER_GAUSSIAN,,,SUPPORTED,joint chi-square calibration,e9c3a2d32a8bc24f638b0cb6e8fb573a72334b5e577afad9ed2b0aab5d009381,,649.4835522392859,224.0,2.8994801439253837,0.0012450845110497121,0.0,224.0
RESOLVED_PHYSICAL,10000.0,validation_off_grid,WIENER_GAUSSIAN,0.5,0.8191545758928571,SUPPORTED,,e9c3a2d32a8bc24f638b0cb6e8fb573a72334b5e577afad9ed2b0aab5d009381,320.0,,,,,,
RESOLVED_PHYSICAL,10000.0,validation_off_grid,WIENER_GAUSSIAN,0.9,0.9481584821428571,SUPPORTED,,e9c3a2d32a8bc24f638b0cb6e8fb573a72334b5e577afad9ed2b0aab5d009381,320.0,,,,,,
RESOLVED_PHYSICAL,10000.0,validation_off_grid,WIENER_GAUSSIAN,0.95,0.9559988839285715,SUPPORTED,,e9c3a2d32a8bc24f638b0cb6e8fb573a72334b5e577afad9ed2b0aab5d009381,320.0,,,,,,
RESOLVED_PHYSICAL,10000.0,validation_off_grid,WIENER_GAUSSIAN,,,SUPPORTED,joint chi-square calibration,e9c3a2d32a8bc24f638b0cb6e8fb573a72334b5e577afad9ed2b0aab5d009381,,1297.8647728670862,224.0,5.7940391645852065,2.5746037804815986e-13,0.0,224.0
RESOLVED_PHYSICAL,10000.0,validation_ood,WIENER_GAUSSIAN,0.5,0.7953229631696429,SUPPORTED,,e9c3a2d32a8bc24f638b0cb6e8fb573a72334b5e577afad9ed2b0aab5d009381,256.0,,,,,,
RESOLVED_PHYSICAL,10000.0,validation_ood,WIENER_GAUSSIAN,0.9,0.9290771484375,SUPPORTED,,e9c3a2d32a8bc24f638b0cb6e8fb573a72334b5e577afad9ed2b0aab5d009381,256.0,,,,,,
RESOLVED_PHYSICAL,10000.0,validation_ood,WIENER_GAUSSIAN,0.95,0.9358607700892857,SUPPORTED,,e9c3a2d32a8bc24f638b0cb6e8fb573a72334b5e577afad9ed2b0aab5d009381,256.0,,,,,,
RESOLVED_PHYSICAL,10000.0,validation_ood,WIENER_GAUSSIAN,,,SUPPORTED,joint chi-square calibration,e9c3a2d32a8bc24f638b0cb6e8fb573a72334b5e577afad9ed2b0aab5d009381,,9213.35810725615,224.0,41.1310629788221,0.0,0.0,224.0
RESOLVED_PHYSICAL,10000.0,validation_in_class,LINEAR_STATE_SPACE,0.5,0.9717843191964286,SUPPORTED,,e9c3a2d32a8bc24f638b0cb6e8fb573a72334b5e577afad9ed2b0aab5d009381,512.0,,,,,,
RESOLVED_PHYSICAL,10000.0,validation_in_class,LINEAR_STATE_SPACE,0.9,0.9983869280133929,SUPPORTED,,e9c3a2d32a8bc24f638b0cb6e8fb573a72334b5e577afad9ed2b0aab5d009381,512.0,,,,,,
RESOLVED_PHYSICAL,10000.0,validation_in_class,LINEAR_STATE_SPACE,0.95,0.9994942801339286,SUPPORTED,,e9c3a2d32a8bc24f638b0cb6e8fb573a72334b5e577afad9ed2b0aab5d009381,512.0,,,,,,
RESOLVED_PHYSICAL,10000.0,validation_in_class,LINEAR_STATE_SPACE,,,SUPPORTED,joint chi-square calibration,e9c3a2d32a8bc24f638b0cb6e8fb573a72334b5e577afad9ed2b0aab5d009381,,6.147865573412304,224.0,0.0274458284527335,1.0,0.0,224.0
RESOLVED_PHYSICAL,10000.0,validation_off_grid,LINEAR_STATE_SPACE,0.5,0.9927455357142857,SUPPORTED,,e9c3a2d32a8bc24f638b0cb6e8fb573a72334b5e577afad9ed2b0aab5d009381,320.0,,,,,,
RESOLVED_PHYSICAL,10000.0,validation_off_grid,LINEAR_STATE_SPACE,0.9,0.9998604910714286,SUPPORTED,,e9c3a2d32a8bc24f638b0cb6e8fb573a72334b5e577afad9ed2b0aab5d009381,320.0,,,,,,
RESOLVED_PHYSICAL,10000.0,validation_off_grid,LINEAR_STATE_SPACE,0.95,0.9999720982142857,SUPPORTED,,e9c3a2d32a8bc24f638b0cb6e8fb573a72334b5e577afad9ed2b0aab5d009381,320.0,,,,,,
RESOLVED_PHYSICAL,10000.0,validation_off_grid,LINEAR_STATE_SPACE,,,SUPPORTED,joint chi-square calibration,e9c3a2d32a8bc24f638b0cb6e8fb573a72334b5e577afad9ed2b0aab5d009381,,3.063667474778696,224.0,0.013677086940976321,1.0,0.0,224.0
RESOLVED_PHYSICAL,10000.0,validation_ood,LINEAR_STATE_SPACE,0.5,0.9939139229910714,SUPPORTED,,e9c3a2d32a8bc24f638b0cb6e8fb573a72334b5e577afad9ed2b0aab5d009381,256.0,,,,,,
RESOLVED_PHYSICAL,10000.0,validation_ood,LINEAR_STATE_SPACE,0.9,1.0,SUPPORTED,,e9c3a2d32a8bc24f638b0cb6e8fb573a72334b5e577afad9ed2b0aab5d009381,256.0,,,,,,
RESOLVED_PHYSICAL,10000.0,validation_ood,LINEAR_STATE_SPACE,0.95,1.0,SUPPORTED,,e9c3a2d32a8bc24f638b0cb6e8fb573a72334b5e577afad9ed2b0aab5d009381,256.0,,,,,,
RESOLVED_PHYSICAL,10000.0,validation_ood,LINEAR_STATE_SPACE,,,SUPPORTED,joint chi-square calibration,e9c3a2d32a8bc24f638b0cb6e8fb573a72334b5e577afad9ed2b0aab5d009381,,2.574872024521411,224.0,0.01149496439518487,1.0,0.0,224.0
RESOLVED_PHYSICAL,30000.0,validation_in_class,TSVD,0.5,,NOT_APPLICABLE,point estimator with no posterior covariance,e9c3a2d32a8bc24f638b0cb6e8fb573a72334b5e577afad9ed2b0aab5d009381,,,,,,,
RESOLVED_PHYSICAL,30000.0,validation_in_class,TSVD,0.9,,NOT_APPLICABLE,point estimator with no posterior covariance,e9c3a2d32a8bc24f638b0cb6e8fb573a72334b5e577afad9ed2b0aab5d009381,,,,,,,
RESOLVED_PHYSICAL,30000.0,validation_in_class,TSVD,0.95,,NOT_APPLICABLE,point estimator with no posterior covariance,e9c3a2d32a8bc24f638b0cb6e8fb573a72334b5e577afad9ed2b0aab5d009381,,,,,,,
RESOLVED_PHYSICAL,30000.0,validation_off_grid,TSVD,0.5,,NOT_APPLICABLE,point estimator with no posterior covariance,e9c3a2d32a8bc24f638b0cb6e8fb573a72334b5e577afad9ed2b0aab5d009381,,,,,,,
RESOLVED_PHYSICAL,30000.0,validation_off_grid,TSVD,0.9,,NOT_APPLICABLE,point estimator with no posterior covariance,e9c3a2d32a8bc24f638b0cb6e8fb573a72334b5e577afad9ed2b0aab5d009381,,,,,,,
RESOLVED_PHYSICAL,30000.0,validation_off_grid,TSVD,0.95,,NOT_APPLICABLE,point estimator with no posterior covariance,e9c3a2d32a8bc24f638b0cb6e8fb573a72334b5e577afad9ed2b0aab5d009381,,,,,,,
RESOLVED_PHYSICAL,30000.0,validation_ood,TSVD,0.5,,NOT_APPLICABLE,point estimator with no posterior covariance,e9c3a2d32a8bc24f638b0cb6e8fb573a72334b5e577afad9ed2b0aab5d009381,,,,,,,
RESOLVED_PHYSICAL,30000.0,validation_ood,TSVD,0.9,,NOT_APPLICABLE,point estimator with no posterior covariance,e9c3a2d32a8bc24f638b0cb6e8fb573a72334b5e577afad9ed2b0aab5d009381,,,,,,,
RESOLVED_PHYSICAL,30000.0,validation_ood,TSVD,0.95,,NOT_APPLICABLE,point estimator with no posterior covariance,e9c3a2d32a8bc24f638b0cb6e8fb573a72334b5e577afad9ed2b0aab5d009381,,,,,,,
RESOLVED_PHYSICAL,30000.0,validation_in_class,RIDGE_IDENTITY,0.5,,NOT_APPLICABLE,point estimator with no posterior covariance,e9c3a2d32a8bc24f638b0cb6e8fb573a72334b5e577afad9ed2b0aab5d009381,,,,,,,
RESOLVED_PHYSICAL,30000.0,validation_in_class,RIDGE_IDENTITY,0.9,,NOT_APPLICABLE,point estimator with no posterior covariance,e9c3a2d32a8bc24f638b0cb6e8fb573a72334b5e577afad9ed2b0aab5d009381,,,,,,,
RESOLVED_PHYSICAL,30000.0,validation_in_class,RIDGE_IDENTITY,0.95,,NOT_APPLICABLE,point estimator with no posterior covariance,e9c3a2d32a8bc24f638b0cb6e8fb573a72334b5e577afad9ed2b0aab5d009381,,,,,,,
RESOLVED_PHYSICAL,30000.0,validation_off_grid,RIDGE_IDENTITY,0.5,,NOT_APPLICABLE,point estimator with no posterior covariance,e9c3a2d32a8bc24f638b0cb6e8fb573a72334b5e577afad9ed2b0aab5d009381,,,,,,,
RESOLVED_PHYSICAL,30000.0,validation_off_grid,RIDGE_IDENTITY,0.9,,NOT_APPLICABLE,point estimator with no posterior covariance,e9c3a2d32a8bc24f638b0cb6e8fb573a72334b5e577afad9ed2b0aab5d009381,,,,,,,
RESOLVED_PHYSICAL,30000.0,validation_off_grid,RIDGE_IDENTITY,0.95,,NOT_APPLICABLE,point estimator with no posterior covariance,e9c3a2d32a8bc24f638b0cb6e8fb573a72334b5e577afad9ed2b0aab5d009381,,,,,,,
RESOLVED_PHYSICAL,30000.0,validation_ood,RIDGE_IDENTITY,0.5,,NOT_APPLICABLE,point estimator with no posterior covariance,e9c3a2d32a8bc24f638b0cb6e8fb573a72334b5e577afad9ed2b0aab5d009381,,,,,,,
RESOLVED_PHYSICAL,30000.0,validation_ood,RIDGE_IDENTITY,0.9,,NOT_APPLICABLE,point estimator with no posterior covariance,e9c3a2d32a8bc24f638b0cb6e8fb573a72334b5e577afad9ed2b0aab5d009381,,,,,,,
RESOLVED_PHYSICAL,30000.0,validation_ood,RIDGE_IDENTITY,0.95,,NOT_APPLICABLE,point estimator with no posterior covariance,e9c3a2d32a8bc24f638b0cb6e8fb573a72334b5e577afad9ed2b0aab5d009381,,,,,,,
RESOLVED_PHYSICAL,30000.0,validation_in_class,TIKHONOV_TEMPORAL,0.5,,NOT_APPLICABLE,point estimator with no posterior covariance,e9c3a2d32a8bc24f638b0cb6e8fb573a72334b5e577afad9ed2b0aab5d009381,,,,,,,
RESOLVED_PHYSICAL,30000.0,validation_in_class,TIKHONOV_TEMPORAL,0.9,,NOT_APPLICABLE,point estimator with no posterior covariance,e9c3a2d32a8bc24f638b0cb6e8fb573a72334b5e577afad9ed2b0aab5d009381,,,,,,,
RESOLVED_PHYSICAL,30000.0,validation_in_class,TIKHONOV_TEMPORAL,0.95,,NOT_APPLICABLE,point estimator with no posterior covariance,e9c3a2d32a8bc24f638b0cb6e8fb573a72334b5e577afad9ed2b0aab5d009381,,,,,,,
RESOLVED_PHYSICAL,30000.0,validation_off_grid,TIKHONOV_TEMPORAL,0.5,,NOT_APPLICABLE,point estimator with no posterior covariance,e9c3a2d32a8bc24f638b0cb6e8fb573a72334b5e577afad9ed2b0aab5d009381,,,,,,,
RESOLVED_PHYSICAL,30000.0,validation_off_grid,TIKHONOV_TEMPORAL,0.9,,NOT_APPLICABLE,point estimator with no posterior covariance,e9c3a2d32a8bc24f638b0cb6e8fb573a72334b5e577afad9ed2b0aab5d009381,,,,,,,
RESOLVED_PHYSICAL,30000.0,validation_off_grid,TIKHONOV_TEMPORAL,0.95,,NOT_APPLICABLE,point estimator with no posterior covariance,e9c3a2d32a8bc24f638b0cb6e8fb573a72334b5e577afad9ed2b0aab5d009381,,,,,,,
RESOLVED_PHYSICAL,30000.0,validation_ood,TIKHONOV_TEMPORAL,0.5,,NOT_APPLICABLE,point estimator with no posterior covariance,e9c3a2d32a8bc24f638b0cb6e8fb573a72334b5e577afad9ed2b0aab5d009381,,,,,,,
RESOLVED_PHYSICAL,30000.0,validation_ood,TIKHONOV_TEMPORAL,0.9,,NOT_APPLICABLE,point estimator with no posterior covariance,e9c3a2d32a8bc24f638b0cb6e8fb573a72334b5e577afad9ed2b0aab5d009381,,,,,,,
RESOLVED_PHYSICAL,30000.0,validation_ood,TIKHONOV_TEMPORAL,0.95,,NOT_APPLICABLE,point estimator with no posterior covariance,e9c3a2d32a8bc24f638b0cb6e8fb573a72334b5e577afad9ed2b0aab5d009381,,,,,,,
RESOLVED_PHYSICAL,30000.0,validation_in_class,WIENER_GAUSSIAN,0.5,0.7686331612723214,SUPPORTED,,e9c3a2d32a8bc24f638b0cb6e8fb573a72334b5e577afad9ed2b0aab5d009381,512.0,,,,,,
RESOLVED_PHYSICAL,30000.0,validation_in_class,WIENER_GAUSSIAN,0.9,0.9288242885044643,SUPPORTED,,e9c3a2d32a8bc24f638b0cb6e8fb573a72334b5e577afad9ed2b0aab5d009381,512.0,,,,,,
RESOLVED_PHYSICAL,30000.0,validation_in_class,WIENER_GAUSSIAN,0.95,0.9419381277901786,SUPPORTED,,e9c3a2d32a8bc24f638b0cb6e8fb573a72334b5e577afad9ed2b0aab5d009381,512.0,,,,,,
RESOLVED_PHYSICAL,30000.0,validation_in_class,WIENER_GAUSSIAN,,,SUPPORTED,joint chi-square calibration,e9c3a2d32a8bc24f638b0cb6e8fb573a72334b5e577afad9ed2b0aab5d009381,,649.5122268576526,224.0,2.8996081556145206,0.001240060754551872,0.0,224.0
RESOLVED_PHYSICAL,30000.0,validation_off_grid,WIENER_GAUSSIAN,0.5,0.8191545758928571,SUPPORTED,,e9c3a2d32a8bc24f638b0cb6e8fb573a72334b5e577afad9ed2b0aab5d009381,320.0,,,,,,
RESOLVED_PHYSICAL,30000.0,validation_off_grid,WIENER_GAUSSIAN,0.9,0.94814453125,SUPPORTED,,e9c3a2d32a8bc24f638b0cb6e8fb573a72334b5e577afad9ed2b0aab5d009381,320.0,,,,,,
RESOLVED_PHYSICAL,30000.0,validation_off_grid,WIENER_GAUSSIAN,0.95,0.9559988839285715,SUPPORTED,,e9c3a2d32a8bc24f638b0cb6e8fb573a72334b5e577afad9ed2b0aab5d009381,320.0,,,,,,
RESOLVED_PHYSICAL,30000.0,validation_off_grid,WIENER_GAUSSIAN,,,SUPPORTED,joint chi-square calibration,e9c3a2d32a8bc24f638b0cb6e8fb573a72334b5e577afad9ed2b0aab5d009381,,1297.8932087280282,224.0,5.794166110392983,2.5575053638502355e-13,0.0,224.0
RESOLVED_PHYSICAL,30000.0,validation_ood,WIENER_GAUSSIAN,0.5,0.7953229631696429,SUPPORTED,,e9c3a2d32a8bc24f638b0cb6e8fb573a72334b5e577afad9ed2b0aab5d009381,256.0,,,,,,
RESOLVED_PHYSICAL,30000.0,validation_ood,WIENER_GAUSSIAN,0.9,0.9290771484375,SUPPORTED,,e9c3a2d32a8bc24f638b0cb6e8fb573a72334b5e577afad9ed2b0aab5d009381,256.0,,,,,,
RESOLVED_PHYSICAL,30000.0,validation_ood,WIENER_GAUSSIAN,0.95,0.9358607700892857,SUPPORTED,,e9c3a2d32a8bc24f638b0cb6e8fb573a72334b5e577afad9ed2b0aab5d009381,256.0,,,,,,
RESOLVED_PHYSICAL,30000.0,validation_ood,WIENER_GAUSSIAN,,,SUPPORTED,joint chi-square calibration,e9c3a2d32a8bc24f638b0cb6e8fb573a72334b5e577afad9ed2b0aab5d009381,,9213.3867174253,224.0,41.131190702791514,0.0,0.0,224.0
RESOLVED_PHYSICAL,30000.0,validation_in_class,LINEAR_STATE_SPACE,0.5,0.9717843191964286,SUPPORTED,,e9c3a2d32a8bc24f638b0cb6e8fb573a72334b5e577afad9ed2b0aab5d009381,512.0,,,,,,
RESOLVED_PHYSICAL,30000.0,validation_in_class,LINEAR_STATE_SPACE,0.9,0.9983869280133929,SUPPORTED,,e9c3a2d32a8bc24f638b0cb6e8fb573a72334b5e577afad9ed2b0aab5d009381,512.0,,,,,,
RESOLVED_PHYSICAL,30000.0,validation_in_class,LINEAR_STATE_SPACE,0.95,0.9994942801339286,SUPPORTED,,e9c3a2d32a8bc24f638b0cb6e8fb573a72334b5e577afad9ed2b0aab5d009381,512.0,,,,,,
RESOLVED_PHYSICAL,30000.0,validation_in_class,LINEAR_STATE_SPACE,,,SUPPORTED,joint chi-square calibration,e9c3a2d32a8bc24f638b0cb6e8fb573a72334b5e577afad9ed2b0aab5d009381,,6.147869109718362,224.0,0.027445844239814117,1.0,0.0,224.0
RESOLVED_PHYSICAL,30000.0,validation_off_grid,LINEAR_STATE_SPACE,0.5,0.9927455357142857,SUPPORTED,,e9c3a2d32a8bc24f638b0cb6e8fb573a72334b5e577afad9ed2b0aab5d009381,320.0,,,,,,
RESOLVED_PHYSICAL,30000.0,validation_off_grid,LINEAR_STATE_SPACE,0.9,0.9998604910714286,SUPPORTED,,e9c3a2d32a8bc24f638b0cb6e8fb573a72334b5e577afad9ed2b0aab5d009381,320.0,,,,,,
RESOLVED_PHYSICAL,30000.0,validation_off_grid,LINEAR_STATE_SPACE,0.95,0.9999720982142857,SUPPORTED,,e9c3a2d32a8bc24f638b0cb6e8fb573a72334b5e577afad9ed2b0aab5d009381,320.0,,,,,,
RESOLVED_PHYSICAL,30000.0,validation_off_grid,LINEAR_STATE_SPACE,,,SUPPORTED,joint chi-square calibration,e9c3a2d32a8bc24f638b0cb6e8fb573a72334b5e577afad9ed2b0aab5d009381,,3.0636715916993786,224.0,0.013677105320086511,1.0,0.0,224.0
RESOLVED_PHYSICAL,30000.0,validation_ood,LINEAR_STATE_SPACE,0.5,0.9939139229910714,SUPPORTED,,e9c3a2d32a8bc24f638b0cb6e8fb573a72334b5e577afad9ed2b0aab5d009381,256.0,,,,,,
RESOLVED_PHYSICAL,30000.0,validation_ood,LINEAR_STATE_SPACE,0.9,1.0,SUPPORTED,,e9c3a2d32a8bc24f638b0cb6e8fb573a72334b5e577afad9ed2b0aab5d009381,256.0,,,,,,
RESOLVED_PHYSICAL,30000.0,validation_ood,LINEAR_STATE_SPACE,0.95,1.0,SUPPORTED,,e9c3a2d32a8bc24f638b0cb6e8fb573a72334b5e577afad9ed2b0aab5d009381,256.0,,,,,,
RESOLVED_PHYSICAL,30000.0,validation_ood,LINEAR_STATE_SPACE,,,SUPPORTED,joint chi-square calibration,e9c3a2d32a8bc24f638b0cb6e8fb573a72334b5e577afad9ed2b0aab5d009381,,2.5748750675994385,224.0,0.011494977980354636,1.0,0.0,224.0
RESOLVED_PHYSICAL,100000.0,validation_in_class,TSVD,0.5,,NOT_APPLICABLE,point estimator with no posterior covariance,e9c3a2d32a8bc24f638b0cb6e8fb573a72334b5e577afad9ed2b0aab5d009381,,,,,,,
RESOLVED_PHYSICAL,100000.0,validation_in_class,TSVD,0.9,,NOT_APPLICABLE,point estimator with no posterior covariance,e9c3a2d32a8bc24f638b0cb6e8fb573a72334b5e577afad9ed2b0aab5d009381,,,,,,,
RESOLVED_PHYSICAL,100000.0,validation_in_class,TSVD,0.95,,NOT_APPLICABLE,point estimator with no posterior covariance,e9c3a2d32a8bc24f638b0cb6e8fb573a72334b5e577afad9ed2b0aab5d009381,,,,,,,
RESOLVED_PHYSICAL,100000.0,validation_off_grid,TSVD,0.5,,NOT_APPLICABLE,point estimator with no posterior covariance,e9c3a2d32a8bc24f638b0cb6e8fb573a72334b5e577afad9ed2b0aab5d009381,,,,,,,
RESOLVED_PHYSICAL,100000.0,validation_off_grid,TSVD,0.9,,NOT_APPLICABLE,point estimator with no posterior covariance,e9c3a2d32a8bc24f638b0cb6e8fb573a72334b5e577afad9ed2b0aab5d009381,,,,,,,
RESOLVED_PHYSICAL,100000.0,validation_off_grid,TSVD,0.95,,NOT_APPLICABLE,point estimator with no posterior covariance,e9c3a2d32a8bc24f638b0cb6e8fb573a72334b5e577afad9ed2b0aab5d009381,,,,,,,
RESOLVED_PHYSICAL,100000.0,validation_ood,TSVD,0.5,,NOT_APPLICABLE,point estimator with no posterior covariance,e9c3a2d32a8bc24f638b0cb6e8fb573a72334b5e577afad9ed2b0aab5d009381,,,,,,,
RESOLVED_PHYSICAL,100000.0,validation_ood,TSVD,0.9,,NOT_APPLICABLE,point estimator with no posterior covariance,e9c3a2d32a8bc24f638b0cb6e8fb573a72334b5e577afad9ed2b0aab5d009381,,,,,,,
RESOLVED_PHYSICAL,100000.0,validation_ood,TSVD,0.95,,NOT_APPLICABLE,point estimator with no posterior covariance,e9c3a2d32a8bc24f638b0cb6e8fb573a72334b5e577afad9ed2b0aab5d009381,,,,,,,
RESOLVED_PHYSICAL,100000.0,validation_in_class,RIDGE_IDENTITY,0.5,,NOT_APPLICABLE,point estimator with no posterior covariance,e9c3a2d32a8bc24f638b0cb6e8fb573a72334b5e577afad9ed2b0aab5d009381,,,,,,,
RESOLVED_PHYSICAL,100000.0,validation_in_class,RIDGE_IDENTITY,0.9,,NOT_APPLICABLE,point estimator with no posterior covariance,e9c3a2d32a8bc24f638b0cb6e8fb573a72334b5e577afad9ed2b0aab5d009381,,,,,,,
RESOLVED_PHYSICAL,100000.0,validation_in_class,RIDGE_IDENTITY,0.95,,NOT_APPLICABLE,point estimator with no posterior covariance,e9c3a2d32a8bc24f638b0cb6e8fb573a72334b5e577afad9ed2b0aab5d009381,,,,,,,
RESOLVED_PHYSICAL,100000.0,validation_off_grid,RIDGE_IDENTITY,0.5,,NOT_APPLICABLE,point estimator with no posterior covariance,e9c3a2d32a8bc24f638b0cb6e8fb573a72334b5e577afad9ed2b0aab5d009381,,,,,,,
RESOLVED_PHYSICAL,100000.0,validation_off_grid,RIDGE_IDENTITY,0.9,,NOT_APPLICABLE,point estimator with no posterior covariance,e9c3a2d32a8bc24f638b0cb6e8fb573a72334b5e577afad9ed2b0aab5d009381,,,,,,,
RESOLVED_PHYSICAL,100000.0,validation_off_grid,RIDGE_IDENTITY,0.95,,NOT_APPLICABLE,point estimator with no posterior covariance,e9c3a2d32a8bc24f638b0cb6e8fb573a72334b5e577afad9ed2b0aab5d009381,,,,,,,
RESOLVED_PHYSICAL,100000.0,validation_ood,RIDGE_IDENTITY,0.5,,NOT_APPLICABLE,point estimator with no posterior covariance,e9c3a2d32a8bc24f638b0cb6e8fb573a72334b5e577afad9ed2b0aab5d009381,,,,,,,
RESOLVED_PHYSICAL,100000.0,validation_ood,RIDGE_IDENTITY,0.9,,NOT_APPLICABLE,point estimator with no posterior covariance,e9c3a2d32a8bc24f638b0cb6e8fb573a72334b5e577afad9ed2b0aab5d009381,,,,,,,
RESOLVED_PHYSICAL,100000.0,validation_ood,RIDGE_IDENTITY,0.95,,NOT_APPLICABLE,point estimator with no posterior covariance,e9c3a2d32a8bc24f638b0cb6e8fb573a72334b5e577afad9ed2b0aab5d009381,,,,,,,
RESOLVED_PHYSICAL,100000.0,validation_in_class,TIKHONOV_TEMPORAL,0.5,,NOT_APPLICABLE,point estimator with no posterior covariance,e9c3a2d32a8bc24f638b0cb6e8fb573a72334b5e577afad9ed2b0aab5d009381,,,,,,,
RESOLVED_PHYSICAL,100000.0,validation_in_class,TIKHONOV_TEMPORAL,0.9,,NOT_APPLICABLE,point estimator with no posterior covariance,e9c3a2d32a8bc24f638b0cb6e8fb573a72334b5e577afad9ed2b0aab5d009381,,,,,,,
RESOLVED_PHYSICAL,100000.0,validation_in_class,TIKHONOV_TEMPORAL,0.95,,NOT_APPLICABLE,point estimator with no posterior covariance,e9c3a2d32a8bc24f638b0cb6e8fb573a72334b5e577afad9ed2b0aab5d009381,,,,,,,
RESOLVED_PHYSICAL,100000.0,validation_off_grid,TIKHONOV_TEMPORAL,0.5,,NOT_APPLICABLE,point estimator with no posterior covariance,e9c3a2d32a8bc24f638b0cb6e8fb573a72334b5e577afad9ed2b0aab5d009381,,,,,,,
RESOLVED_PHYSICAL,100000.0,validation_off_grid,TIKHONOV_TEMPORAL,0.9,,NOT_APPLICABLE,point estimator with no posterior covariance,e9c3a2d32a8bc24f638b0cb6e8fb573a72334b5e577afad9ed2b0aab5d009381,,,,,,,
RESOLVED_PHYSICAL,100000.0,validation_off_grid,TIKHONOV_TEMPORAL,0.95,,NOT_APPLICABLE,point estimator with no posterior covariance,e9c3a2d32a8bc24f638b0cb6e8fb573a72334b5e577afad9ed2b0aab5d009381,,,,,,,
RESOLVED_PHYSICAL,100000.0,validation_ood,TIKHONOV_TEMPORAL,0.5,,NOT_APPLICABLE,point estimator with no posterior covariance,e9c3a2d32a8bc24f638b0cb6e8fb573a72334b5e577afad9ed2b0aab5d009381,,,,,,,
RESOLVED_PHYSICAL,100000.0,validation_ood,TIKHONOV_TEMPORAL,0.9,,NOT_APPLICABLE,point estimator with no posterior covariance,e9c3a2d32a8bc24f638b0cb6e8fb573a72334b5e577afad9ed2b0aab5d009381,,,,,,,
RESOLVED_PHYSICAL,100000.0,validation_ood,TIKHONOV_TEMPORAL,0.95,,NOT_APPLICABLE,point estimator with no posterior covariance,e9c3a2d32a8bc24f638b0cb6e8fb573a72334b5e577afad9ed2b0aab5d009381,,,,,,,
RESOLVED_PHYSICAL,100000.0,validation_in_class,WIENER_GAUSSIAN,0.5,0.7686331612723214,SUPPORTED,,e9c3a2d32a8bc24f638b0cb6e8fb573a72334b5e577afad9ed2b0aab5d009381,512.0,,,,,,
RESOLVED_PHYSICAL,100000.0,validation_in_class,WIENER_GAUSSIAN,0.9,0.9288242885044643,SUPPORTED,,e9c3a2d32a8bc24f638b0cb6e8fb573a72334b5e577afad9ed2b0aab5d009381,512.0,,,,,,
RESOLVED_PHYSICAL,100000.0,validation_in_class,WIENER_GAUSSIAN,0.95,0.9419381277901786,SUPPORTED,,e9c3a2d32a8bc24f638b0cb6e8fb573a72334b5e577afad9ed2b0aab5d009381,512.0,,,,,,
RESOLVED_PHYSICAL,100000.0,validation_in_class,WIENER_GAUSSIAN,,,SUPPORTED,joint chi-square calibration,e9c3a2d32a8bc24f638b0cb6e8fb573a72334b5e577afad9ed2b0aab5d009381,,649.5222788282701,224.0,2.899653030483349,0.0012382445563427174,0.0,224.0
RESOLVED_PHYSICAL,100000.0,validation_off_grid,WIENER_GAUSSIAN,0.5,0.819140625,SUPPORTED,,e9c3a2d32a8bc24f638b0cb6e8fb573a72334b5e577afad9ed2b0aab5d009381,320.0,,,,,,
RESOLVED_PHYSICAL,100000.0,validation_off_grid,WIENER_GAUSSIAN,0.9,0.94814453125,SUPPORTED,,e9c3a2d32a8bc24f638b0cb6e8fb573a72334b5e577afad9ed2b0aab5d009381,320.0,,,,,,
RESOLVED_PHYSICAL,100000.0,validation_off_grid,WIENER_GAUSSIAN,0.95,0.9559988839285715,SUPPORTED,,e9c3a2d32a8bc24f638b0cb6e8fb573a72334b5e577afad9ed2b0aab5d009381,320.0,,,,,,
RESOLVED_PHYSICAL,100000.0,validation_off_grid,WIENER_GAUSSIAN,,,SUPPORTED,joint chi-square calibration,e9c3a2d32a8bc24f638b0cb6e8fb573a72334b5e577afad9ed2b0aab5d009381,,1297.9031881291016,224.0,5.794210661290633,2.5510545579036446e-13,0.0,224.0
RESOLVED_PHYSICAL,100000.0,validation_ood,WIENER_GAUSSIAN,0.5,0.7953055245535714,SUPPORTED,,e9c3a2d32a8bc24f638b0cb6e8fb573a72334b5e577afad9ed2b0aab5d009381,256.0,,,,,,
RESOLVED_PHYSICAL,100000.0,validation_ood,WIENER_GAUSSIAN,0.9,0.9290771484375,SUPPORTED,,e9c3a2d32a8bc24f638b0cb6e8fb573a72334b5e577afad9ed2b0aab5d009381,256.0,,,,,,
RESOLVED_PHYSICAL,100000.0,validation_ood,WIENER_GAUSSIAN,0.95,0.9358607700892857,SUPPORTED,,e9c3a2d32a8bc24f638b0cb6e8fb573a72334b5e577afad9ed2b0aab5d009381,256.0,,,,,,
RESOLVED_PHYSICAL,100000.0,validation_ood,WIENER_GAUSSIAN,,,SUPPORTED,joint chi-square calibration,e9c3a2d32a8bc24f638b0cb6e8fb573a72334b5e577afad9ed2b0aab5d009381,,9213.396731879422,224.0,41.13123541017599,0.0,0.0,224.0
RESOLVED_PHYSICAL,100000.0,validation_in_class,LINEAR_STATE_SPACE,0.5,0.9717843191964286,SUPPORTED,,e9c3a2d32a8bc24f638b0cb6e8fb573a72334b5e577afad9ed2b0aab5d009381,512.0,,,,,,
RESOLVED_PHYSICAL,100000.0,validation_in_class,LINEAR_STATE_SPACE,0.9,0.9983869280133929,SUPPORTED,,e9c3a2d32a8bc24f638b0cb6e8fb573a72334b5e577afad9ed2b0aab5d009381,512.0,,,,,,
RESOLVED_PHYSICAL,100000.0,validation_in_class,LINEAR_STATE_SPACE,0.95,0.9994942801339286,SUPPORTED,,e9c3a2d32a8bc24f638b0cb6e8fb573a72334b5e577afad9ed2b0aab5d009381,512.0,,,,,,
RESOLVED_PHYSICAL,100000.0,validation_in_class,LINEAR_STATE_SPACE,,,SUPPORTED,joint chi-square calibration,e9c3a2d32a8bc24f638b0cb6e8fb573a72334b5e577afad9ed2b0aab5d009381,,6.147865571728509,224.0,0.02744582844521656,1.0,0.0,224.0
RESOLVED_PHYSICAL,100000.0,validation_off_grid,LINEAR_STATE_SPACE,0.5,0.9927455357142857,SUPPORTED,,e9c3a2d32a8bc24f638b0cb6e8fb573a72334b5e577afad9ed2b0aab5d009381,320.0,,,,,,
RESOLVED_PHYSICAL,100000.0,validation_off_grid,LINEAR_STATE_SPACE,0.9,0.9998604910714286,SUPPORTED,,e9c3a2d32a8bc24f638b0cb6e8fb573a72334b5e577afad9ed2b0aab5d009381,320.0,,,,,,
RESOLVED_PHYSICAL,100000.0,validation_off_grid,LINEAR_STATE_SPACE,0.95,0.9999720982142857,SUPPORTED,,e9c3a2d32a8bc24f638b0cb6e8fb573a72334b5e577afad9ed2b0aab5d009381,320.0,,,,,,
RESOLVED_PHYSICAL,100000.0,validation_off_grid,LINEAR_STATE_SPACE,,,SUPPORTED,joint chi-square calibration,e9c3a2d32a8bc24f638b0cb6e8fb573a72334b5e577afad9ed2b0aab5d009381,,3.0636684410633532,224.0,0.013677091254747113,1.0,0.0,224.0
RESOLVED_PHYSICAL,100000.0,validation_ood,LINEAR_STATE_SPACE,0.5,0.9939139229910714,SUPPORTED,,e9c3a2d32a8bc24f638b0cb6e8fb573a72334b5e577afad9ed2b0aab5d009381,256.0,,,,,,
RESOLVED_PHYSICAL,100000.0,validation_ood,LINEAR_STATE_SPACE,0.9,1.0,SUPPORTED,,e9c3a2d32a8bc24f638b0cb6e8fb573a72334b5e577afad9ed2b0aab5d009381,256.0,,,,,,
RESOLVED_PHYSICAL,100000.0,validation_ood,LINEAR_STATE_SPACE,0.95,1.0,SUPPORTED,,e9c3a2d32a8bc24f638b0cb6e8fb573a72334b5e577afad9ed2b0aab5d009381,256.0,,,,,,
RESOLVED_PHYSICAL,100000.0,validation_ood,LINEAR_STATE_SPACE,,,SUPPORTED,joint chi-square calibration,e9c3a2d32a8bc24f638b0cb6e8fb573a72334b5e577afad9ed2b0aab5d009381,,2.574873364480886,224.0,0.011494970377146812,1.0,0.0,224.0
RESOLVED_PHYSICAL,1000000.0,validation_in_class,TSVD,0.5,,NOT_APPLICABLE,point estimator with no posterior covariance,e9c3a2d32a8bc24f638b0cb6e8fb573a72334b5e577afad9ed2b0aab5d009381,,,,,,,
RESOLVED_PHYSICAL,1000000.0,validation_in_class,TSVD,0.9,,NOT_APPLICABLE,point estimator with no posterior covariance,e9c3a2d32a8bc24f638b0cb6e8fb573a72334b5e577afad9ed2b0aab5d009381,,,,,,,
RESOLVED_PHYSICAL,1000000.0,validation_in_class,TSVD,0.95,,NOT_APPLICABLE,point estimator with no posterior covariance,e9c3a2d32a8bc24f638b0cb6e8fb573a72334b5e577afad9ed2b0aab5d009381,,,,,,,
RESOLVED_PHYSICAL,1000000.0,validation_off_grid,TSVD,0.5,,NOT_APPLICABLE,point estimator with no posterior covariance,e9c3a2d32a8bc24f638b0cb6e8fb573a72334b5e577afad9ed2b0aab5d009381,,,,,,,
RESOLVED_PHYSICAL,1000000.0,validation_off_grid,TSVD,0.9,,NOT_APPLICABLE,point estimator with no posterior covariance,e9c3a2d32a8bc24f638b0cb6e8fb573a72334b5e577afad9ed2b0aab5d009381,,,,,,,
RESOLVED_PHYSICAL,1000000.0,validation_off_grid,TSVD,0.95,,NOT_APPLICABLE,point estimator with no posterior covariance,e9c3a2d32a8bc24f638b0cb6e8fb573a72334b5e577afad9ed2b0aab5d009381,,,,,,,
RESOLVED_PHYSICAL,1000000.0,validation_ood,TSVD,0.5,,NOT_APPLICABLE,point estimator with no posterior covariance,e9c3a2d32a8bc24f638b0cb6e8fb573a72334b5e577afad9ed2b0aab5d009381,,,,,,,
RESOLVED_PHYSICAL,1000000.0,validation_ood,TSVD,0.9,,NOT_APPLICABLE,point estimator with no posterior covariance,e9c3a2d32a8bc24f638b0cb6e8fb573a72334b5e577afad9ed2b0aab5d009381,,,,,,,
RESOLVED_PHYSICAL,1000000.0,validation_ood,TSVD,0.95,,NOT_APPLICABLE,point estimator with no posterior covariance,e9c3a2d32a8bc24f638b0cb6e8fb573a72334b5e577afad9ed2b0aab5d009381,,,,,,,
RESOLVED_PHYSICAL,1000000.0,validation_in_class,RIDGE_IDENTITY,0.5,,NOT_APPLICABLE,point estimator with no posterior covariance,e9c3a2d32a8bc24f638b0cb6e8fb573a72334b5e577afad9ed2b0aab5d009381,,,,,,,
RESOLVED_PHYSICAL,1000000.0,validation_in_class,RIDGE_IDENTITY,0.9,,NOT_APPLICABLE,point estimator with no posterior covariance,e9c3a2d32a8bc24f638b0cb6e8fb573a72334b5e577afad9ed2b0aab5d009381,,,,,,,
RESOLVED_PHYSICAL,1000000.0,validation_in_class,RIDGE_IDENTITY,0.95,,NOT_APPLICABLE,point estimator with no posterior covariance,e9c3a2d32a8bc24f638b0cb6e8fb573a72334b5e577afad9ed2b0aab5d009381,,,,,,,
RESOLVED_PHYSICAL,1000000.0,validation_off_grid,RIDGE_IDENTITY,0.5,,NOT_APPLICABLE,point estimator with no posterior covariance,e9c3a2d32a8bc24f638b0cb6e8fb573a72334b5e577afad9ed2b0aab5d009381,,,,,,,
RESOLVED_PHYSICAL,1000000.0,validation_off_grid,RIDGE_IDENTITY,0.9,,NOT_APPLICABLE,point estimator with no posterior covariance,e9c3a2d32a8bc24f638b0cb6e8fb573a72334b5e577afad9ed2b0aab5d009381,,,,,,,
RESOLVED_PHYSICAL,1000000.0,validation_off_grid,RIDGE_IDENTITY,0.95,,NOT_APPLICABLE,point estimator with no posterior covariance,e9c3a2d32a8bc24f638b0cb6e8fb573a72334b5e577afad9ed2b0aab5d009381,,,,,,,
RESOLVED_PHYSICAL,1000000.0,validation_ood,RIDGE_IDENTITY,0.5,,NOT_APPLICABLE,point estimator with no posterior covariance,e9c3a2d32a8bc24f638b0cb6e8fb573a72334b5e577afad9ed2b0aab5d009381,,,,,,,
RESOLVED_PHYSICAL,1000000.0,validation_ood,RIDGE_IDENTITY,0.9,,NOT_APPLICABLE,point estimator with no posterior covariance,e9c3a2d32a8bc24f638b0cb6e8fb573a72334b5e577afad9ed2b0aab5d009381,,,,,,,
RESOLVED_PHYSICAL,1000000.0,validation_ood,RIDGE_IDENTITY,0.95,,NOT_APPLICABLE,point estimator with no posterior covariance,e9c3a2d32a8bc24f638b0cb6e8fb573a72334b5e577afad9ed2b0aab5d009381,,,,,,,
RESOLVED_PHYSICAL,1000000.0,validation_in_class,TIKHONOV_TEMPORAL,0.5,,NOT_APPLICABLE,point estimator with no posterior covariance,e9c3a2d32a8bc24f638b0cb6e8fb573a72334b5e577afad9ed2b0aab5d009381,,,,,,,
RESOLVED_PHYSICAL,1000000.0,validation_in_class,TIKHONOV_TEMPORAL,0.9,,NOT_APPLICABLE,point estimator with no posterior covariance,e9c3a2d32a8bc24f638b0cb6e8fb573a72334b5e577afad9ed2b0aab5d009381,,,,,,,
RESOLVED_PHYSICAL,1000000.0,validation_in_class,TIKHONOV_TEMPORAL,0.95,,NOT_APPLICABLE,point estimator with no posterior covariance,e9c3a2d32a8bc24f638b0cb6e8fb573a72334b5e577afad9ed2b0aab5d009381,,,,,,,
RESOLVED_PHYSICAL,1000000.0,validation_off_grid,TIKHONOV_TEMPORAL,0.5,,NOT_APPLICABLE,point estimator with no posterior covariance,e9c3a2d32a8bc24f638b0cb6e8fb573a72334b5e577afad9ed2b0aab5d009381,,,,,,,
RESOLVED_PHYSICAL,1000000.0,validation_off_grid,TIKHONOV_TEMPORAL,0.9,,NOT_APPLICABLE,point estimator with no posterior covariance,e9c3a2d32a8bc24f638b0cb6e8fb573a72334b5e577afad9ed2b0aab5d009381,,,,,,,
RESOLVED_PHYSICAL,1000000.0,validation_off_grid,TIKHONOV_TEMPORAL,0.95,,NOT_APPLICABLE,point estimator with no posterior covariance,e9c3a2d32a8bc24f638b0cb6e8fb573a72334b5e577afad9ed2b0aab5d009381,,,,,,,
RESOLVED_PHYSICAL,1000000.0,validation_ood,TIKHONOV_TEMPORAL,0.5,,NOT_APPLICABLE,point estimator with no posterior covariance,e9c3a2d32a8bc24f638b0cb6e8fb573a72334b5e577afad9ed2b0aab5d009381,,,,,,,
RESOLVED_PHYSICAL,1000000.0,validation_ood,TIKHONOV_TEMPORAL,0.9,,NOT_APPLICABLE,point estimator with no posterior covariance,e9c3a2d32a8bc24f638b0cb6e8fb573a72334b5e577afad9ed2b0aab5d009381,,,,,,,
RESOLVED_PHYSICAL,1000000.0,validation_ood,TIKHONOV_TEMPORAL,0.95,,NOT_APPLICABLE,point estimator with no posterior covariance,e9c3a2d32a8bc24f638b0cb6e8fb573a72334b5e577afad9ed2b0aab5d009381,,,,,,,
RESOLVED_PHYSICAL,1000000.0,validation_in_class,WIENER_GAUSSIAN,0.5,0.7686331612723214,SUPPORTED,,e9c3a2d32a8bc24f638b0cb6e8fb573a72334b5e577afad9ed2b0aab5d009381,512.0,,,,,,
RESOLVED_PHYSICAL,1000000.0,validation_in_class,WIENER_GAUSSIAN,0.9,0.9288242885044643,SUPPORTED,,e9c3a2d32a8bc24f638b0cb6e8fb573a72334b5e577afad9ed2b0aab5d009381,512.0,,,,,,
RESOLVED_PHYSICAL,1000000.0,validation_in_class,WIENER_GAUSSIAN,0.95,0.9419381277901786,SUPPORTED,,e9c3a2d32a8bc24f638b0cb6e8fb573a72334b5e577afad9ed2b0aab5d009381,512.0,,,,,,
RESOLVED_PHYSICAL,1000000.0,validation_in_class,WIENER_GAUSSIAN,,,SUPPORTED,joint chi-square calibration,e9c3a2d32a8bc24f638b0cb6e8fb573a72334b5e577afad9ed2b0aab5d009381,,649.526139726591,224.0,2.899670266636567,0.0012375865054739612,0.0,224.0
RESOLVED_PHYSICAL,1000000.0,validation_off_grid,WIENER_GAUSSIAN,0.5,0.819140625,SUPPORTED,,e9c3a2d32a8bc24f638b0cb6e8fb573a72334b5e577afad9ed2b0aab5d009381,320.0,,,,,,
RESOLVED_PHYSICAL,1000000.0,validation_off_grid,WIENER_GAUSSIAN,0.9,0.94814453125,SUPPORTED,,e9c3a2d32a8bc24f638b0cb6e8fb573a72334b5e577afad9ed2b0aab5d009381,320.0,,,,,,
RESOLVED_PHYSICAL,1000000.0,validation_off_grid,WIENER_GAUSSIAN,0.95,0.9559988839285715,SUPPORTED,,e9c3a2d32a8bc24f638b0cb6e8fb573a72334b5e577afad9ed2b0aab5d009381,320.0,,,,,,
RESOLVED_PHYSICAL,1000000.0,validation_off_grid,WIENER_GAUSSIAN,,,SUPPORTED,joint chi-square calibration,e9c3a2d32a8bc24f638b0cb6e8fb573a72334b5e577afad9ed2b0aab5d009381,,1297.9070328484845,224.0,5.794227825216448,2.5488298036815415e-13,0.0,224.0
RESOLVED_PHYSICAL,1000000.0,validation_ood,WIENER_GAUSSIAN,0.5,0.7953055245535714,SUPPORTED,,e9c3a2d32a8bc24f638b0cb6e8fb573a72334b5e577afad9ed2b0aab5d009381,256.0,,,,,,
RESOLVED_PHYSICAL,1000000.0,validation_ood,WIENER_GAUSSIAN,0.9,0.9290771484375,SUPPORTED,,e9c3a2d32a8bc24f638b0cb6e8fb573a72334b5e577afad9ed2b0aab5d009381,256.0,,,,,,
RESOLVED_PHYSICAL,1000000.0,validation_ood,WIENER_GAUSSIAN,0.95,0.9358607700892857,SUPPORTED,,e9c3a2d32a8bc24f638b0cb6e8fb573a72334b5e577afad9ed2b0aab5d009381,256.0,,,,,,
RESOLVED_PHYSICAL,1000000.0,validation_ood,WIENER_GAUSSIAN,,,SUPPORTED,joint chi-square calibration,e9c3a2d32a8bc24f638b0cb6e8fb573a72334b5e577afad9ed2b0aab5d009381,,9213.40059982334,224.0,41.13125267778277,0.0,0.0,224.0
RESOLVED_PHYSICAL,1000000.0,validation_in_class,LINEAR_STATE_SPACE,0.5,0.9717843191964286,SUPPORTED,,e9c3a2d32a8bc24f638b0cb6e8fb573a72334b5e577afad9ed2b0aab5d009381,512.0,,,,,,
RESOLVED_PHYSICAL,1000000.0,validation_in_class,LINEAR_STATE_SPACE,0.9,0.9983869280133929,SUPPORTED,,e9c3a2d32a8bc24f638b0cb6e8fb573a72334b5e577afad9ed2b0aab5d009381,512.0,,,,,,
RESOLVED_PHYSICAL,1000000.0,validation_in_class,LINEAR_STATE_SPACE,0.95,0.9994942801339286,SUPPORTED,,e9c3a2d32a8bc24f638b0cb6e8fb573a72334b5e577afad9ed2b0aab5d009381,512.0,,,,,,
RESOLVED_PHYSICAL,1000000.0,validation_in_class,LINEAR_STATE_SPACE,,,SUPPORTED,joint chi-square calibration,e9c3a2d32a8bc24f638b0cb6e8fb573a72334b5e577afad9ed2b0aab5d009381,,6.1478658031621425,224.0,0.027445829478402423,1.0,0.0,224.0
RESOLVED_PHYSICAL,1000000.0,validation_off_grid,LINEAR_STATE_SPACE,0.5,0.9927455357142857,SUPPORTED,,e9c3a2d32a8bc24f638b0cb6e8fb573a72334b5e577afad9ed2b0aab5d009381,320.0,,,,,,
RESOLVED_PHYSICAL,1000000.0,validation_off_grid,LINEAR_STATE_SPACE,0.9,0.9998604910714286,SUPPORTED,,e9c3a2d32a8bc24f638b0cb6e8fb573a72334b5e577afad9ed2b0aab5d009381,320.0,,,,,,
RESOLVED_PHYSICAL,1000000.0,validation_off_grid,LINEAR_STATE_SPACE,0.95,0.9999720982142857,SUPPORTED,,e9c3a2d32a8bc24f638b0cb6e8fb573a72334b5e577afad9ed2b0aab5d009381,320.0,,,,,,
RESOLVED_PHYSICAL,1000000.0,validation_off_grid,LINEAR_STATE_SPACE,,,SUPPORTED,joint chi-square calibration,e9c3a2d32a8bc24f638b0cb6e8fb573a72334b5e577afad9ed2b0aab5d009381,,3.063667405795974,224.0,0.01367708663301774,1.0,0.0,224.0
RESOLVED_PHYSICAL,1000000.0,validation_ood,LINEAR_STATE_SPACE,0.5,0.9939139229910714,SUPPORTED,,e9c3a2d32a8bc24f638b0cb6e8fb573a72334b5e577afad9ed2b0aab5d009381,256.0,,,,,,
RESOLVED_PHYSICAL,1000000.0,validation_ood,LINEAR_STATE_SPACE,0.9,1.0,SUPPORTED,,e9c3a2d32a8bc24f638b0cb6e8fb573a72334b5e577afad9ed2b0aab5d009381,256.0,,,,,,
RESOLVED_PHYSICAL,1000000.0,validation_ood,LINEAR_STATE_SPACE,0.95,1.0,SUPPORTED,,e9c3a2d32a8bc24f638b0cb6e8fb573a72334b5e577afad9ed2b0aab5d009381,256.0,,,,,,
RESOLVED_PHYSICAL,1000000.0,validation_ood,LINEAR_STATE_SPACE,,,SUPPORTED,joint chi-square calibration,e9c3a2d32a8bc24f638b0cb6e8fb573a72334b5e577afad9ed2b0aab5d009381,,2.5748727652565258,224.0,0.011494967702038061,1.0,0.0,224.0
UNRESOLVED_IMAGE,1.0,validation_in_class,TSVD,0.5,,NOT_APPLICABLE,point estimator with no posterior covariance,e9c3a2d32a8bc24f638b0cb6e8fb573a72334b5e577afad9ed2b0aab5d009381,,,,,,,
UNRESOLVED_IMAGE,1.0,validation_in_class,TSVD,0.9,,NOT_APPLICABLE,point estimator with no posterior covariance,e9c3a2d32a8bc24f638b0cb6e8fb573a72334b5e577afad9ed2b0aab5d009381,,,,,,,
UNRESOLVED_IMAGE,1.0,validation_in_class,TSVD,0.95,,NOT_APPLICABLE,point estimator with no posterior covariance,e9c3a2d32a8bc24f638b0cb6e8fb573a72334b5e577afad9ed2b0aab5d009381,,,,,,,
UNRESOLVED_IMAGE,1.0,validation_off_grid,TSVD,0.5,,NOT_APPLICABLE,point estimator with no posterior covariance,e9c3a2d32a8bc24f638b0cb6e8fb573a72334b5e577afad9ed2b0aab5d009381,,,,,,,
UNRESOLVED_IMAGE,1.0,validation_off_grid,TSVD,0.9,,NOT_APPLICABLE,point estimator with no posterior covariance,e9c3a2d32a8bc24f638b0cb6e8fb573a72334b5e577afad9ed2b0aab5d009381,,,,,,,
UNRESOLVED_IMAGE,1.0,validation_off_grid,TSVD,0.95,,NOT_APPLICABLE,point estimator with no posterior covariance,e9c3a2d32a8bc24f638b0cb6e8fb573a72334b5e577afad9ed2b0aab5d009381,,,,,,,
UNRESOLVED_IMAGE,1.0,validation_ood,TSVD,0.5,,NOT_APPLICABLE,point estimator with no posterior covariance,e9c3a2d32a8bc24f638b0cb6e8fb573a72334b5e577afad9ed2b0aab5d009381,,,,,,,
UNRESOLVED_IMAGE,1.0,validation_ood,TSVD,0.9,,NOT_APPLICABLE,point estimator with no posterior covariance,e9c3a2d32a8bc24f638b0cb6e8fb573a72334b5e577afad9ed2b0aab5d009381,,,,,,,
UNRESOLVED_IMAGE,1.0,validation_ood,TSVD,0.95,,NOT_APPLICABLE,point estimator with no posterior covariance,e9c3a2d32a8bc24f638b0cb6e8fb573a72334b5e577afad9ed2b0aab5d009381,,,,,,,
UNRESOLVED_IMAGE,1.0,validation_in_class,RIDGE_IDENTITY,0.5,,NOT_APPLICABLE,point estimator with no posterior covariance,e9c3a2d32a8bc24f638b0cb6e8fb573a72334b5e577afad9ed2b0aab5d009381,,,,,,,
UNRESOLVED_IMAGE,1.0,validation_in_class,RIDGE_IDENTITY,0.9,,NOT_APPLICABLE,point estimator with no posterior covariance,e9c3a2d32a8bc24f638b0cb6e8fb573a72334b5e577afad9ed2b0aab5d009381,,,,,,,
UNRESOLVED_IMAGE,1.0,validation_in_class,RIDGE_IDENTITY,0.95,,NOT_APPLICABLE,point estimator with no posterior covariance,e9c3a2d32a8bc24f638b0cb6e8fb573a72334b5e577afad9ed2b0aab5d009381,,,,,,,
UNRESOLVED_IMAGE,1.0,validation_off_grid,RIDGE_IDENTITY,0.5,,NOT_APPLICABLE,point estimator with no posterior covariance,e9c3a2d32a8bc24f638b0cb6e8fb573a72334b5e577afad9ed2b0aab5d009381,,,,,,,
UNRESOLVED_IMAGE,1.0,validation_off_grid,RIDGE_IDENTITY,0.9,,NOT_APPLICABLE,point estimator with no posterior covariance,e9c3a2d32a8bc24f638b0cb6e8fb573a72334b5e577afad9ed2b0aab5d009381,,,,,,,
UNRESOLVED_IMAGE,1.0,validation_off_grid,RIDGE_IDENTITY,0.95,,NOT_APPLICABLE,point estimator with no posterior covariance,e9c3a2d32a8bc24f638b0cb6e8fb573a72334b5e577afad9ed2b0aab5d009381,,,,,,,
UNRESOLVED_IMAGE,1.0,validation_ood,RIDGE_IDENTITY,0.5,,NOT_APPLICABLE,point estimator with no posterior covariance,e9c3a2d32a8bc24f638b0cb6e8fb573a72334b5e577afad9ed2b0aab5d009381,,,,,,,
UNRESOLVED_IMAGE,1.0,validation_ood,RIDGE_IDENTITY,0.9,,NOT_APPLICABLE,point estimator with no posterior covariance,e9c3a2d32a8bc24f638b0cb6e8fb573a72334b5e577afad9ed2b0aab5d009381,,,,,,,
UNRESOLVED_IMAGE,1.0,validation_ood,RIDGE_IDENTITY,0.95,,NOT_APPLICABLE,point estimator with no posterior covariance,e9c3a2d32a8bc24f638b0cb6e8fb573a72334b5e577afad9ed2b0aab5d009381,,,,,,,
UNRESOLVED_IMAGE,1.0,validation_in_class,TIKHONOV_TEMPORAL,0.5,,NOT_APPLICABLE,point estimator with no posterior covariance,e9c3a2d32a8bc24f638b0cb6e8fb573a72334b5e577afad9ed2b0aab5d009381,,,,,,,
UNRESOLVED_IMAGE,1.0,validation_in_class,TIKHONOV_TEMPORAL,0.9,,NOT_APPLICABLE,point estimator with no posterior covariance,e9c3a2d32a8bc24f638b0cb6e8fb573a72334b5e577afad9ed2b0aab5d009381,,,,,,,
UNRESOLVED_IMAGE,1.0,validation_in_class,TIKHONOV_TEMPORAL,0.95,,NOT_APPLICABLE,point estimator with no posterior covariance,e9c3a2d32a8bc24f638b0cb6e8fb573a72334b5e577afad9ed2b0aab5d009381,,,,,,,
UNRESOLVED_IMAGE,1.0,validation_off_grid,TIKHONOV_TEMPORAL,0.5,,NOT_APPLICABLE,point estimator with no posterior covariance,e9c3a2d32a8bc24f638b0cb6e8fb573a72334b5e577afad9ed2b0aab5d009381,,,,,,,
UNRESOLVED_IMAGE,1.0,validation_off_grid,TIKHONOV_TEMPORAL,0.9,,NOT_APPLICABLE,point estimator with no posterior covariance,e9c3a2d32a8bc24f638b0cb6e8fb573a72334b5e577afad9ed2b0aab5d009381,,,,,,,
UNRESOLVED_IMAGE,1.0,validation_off_grid,TIKHONOV_TEMPORAL,0.95,,NOT_APPLICABLE,point estimator with no posterior covariance,e9c3a2d32a8bc24f638b0cb6e8fb573a72334b5e577afad9ed2b0aab5d009381,,,,,,,
UNRESOLVED_IMAGE,1.0,validation_ood,TIKHONOV_TEMPORAL,0.5,,NOT_APPLICABLE,point estimator with no posterior covariance,e9c3a2d32a8bc24f638b0cb6e8fb573a72334b5e577afad9ed2b0aab5d009381,,,,,,,
UNRESOLVED_IMAGE,1.0,validation_ood,TIKHONOV_TEMPORAL,0.9,,NOT_APPLICABLE,point estimator with no posterior covariance,e9c3a2d32a8bc24f638b0cb6e8fb573a72334b5e577afad9ed2b0aab5d009381,,,,,,,
UNRESOLVED_IMAGE,1.0,validation_ood,TIKHONOV_TEMPORAL,0.95,,NOT_APPLICABLE,point estimator with no posterior covariance,e9c3a2d32a8bc24f638b0cb6e8fb573a72334b5e577afad9ed2b0aab5d009381,,,,,,,
UNRESOLVED_IMAGE,1.0,validation_in_class,WIENER_GAUSSIAN,0.5,0.8571690150669643,SUPPORTED,,e9c3a2d32a8bc24f638b0cb6e8fb573a72334b5e577afad9ed2b0aab5d009381,512.0,,,,,,
UNRESOLVED_IMAGE,1.0,validation_in_class,WIENER_GAUSSIAN,0.9,0.9625505719866071,SUPPORTED,,e9c3a2d32a8bc24f638b0cb6e8fb573a72334b5e577afad9ed2b0aab5d009381,512.0,,,,,,
UNRESOLVED_IMAGE,1.0,validation_in_class,WIENER_GAUSSIAN,0.95,0.9720546177455357,SUPPORTED,,e9c3a2d32a8bc24f638b0cb6e8fb573a72334b5e577afad9ed2b0aab5d009381,512.0,,,,,,
UNRESOLVED_IMAGE,1.0,validation_in_class,WIENER_GAUSSIAN,,,SUPPORTED,joint chi-square calibration,e9c3a2d32a8bc24f638b0cb6e8fb573a72334b5e577afad9ed2b0aab5d009381,,131.15256662652288,224.0,0.5855025295826914,1.0,0.0,224.0
UNRESOLVED_IMAGE,1.0,validation_off_grid,WIENER_GAUSSIAN,0.5,0.9061244419642858,SUPPORTED,,e9c3a2d32a8bc24f638b0cb6e8fb573a72334b5e577afad9ed2b0aab5d009381,320.0,,,,,,
UNRESOLVED_IMAGE,1.0,validation_off_grid,WIENER_GAUSSIAN,0.9,0.9833147321428571,SUPPORTED,,e9c3a2d32a8bc24f638b0cb6e8fb573a72334b5e577afad9ed2b0aab5d009381,320.0,,,,,,
UNRESOLVED_IMAGE,1.0,validation_off_grid,WIENER_GAUSSIAN,0.95,0.9875139508928571,SUPPORTED,,e9c3a2d32a8bc24f638b0cb6e8fb573a72334b5e577afad9ed2b0aab5d009381,320.0,,,,,,
UNRESOLVED_IMAGE,1.0,validation_off_grid,WIENER_GAUSSIAN,,,SUPPORTED,joint chi-square calibration,e9c3a2d32a8bc24f638b0cb6e8fb573a72334b5e577afad9ed2b0aab5d009381,,116.56809736481182,224.0,0.5203932918071956,1.0,0.0,224.0
UNRESOLVED_IMAGE,1.0,validation_ood,WIENER_GAUSSIAN,0.5,0.9112025669642857,SUPPORTED,,e9c3a2d32a8bc24f638b0cb6e8fb573a72334b5e577afad9ed2b0aab5d009381,256.0,,,,,,
UNRESOLVED_IMAGE,1.0,validation_ood,WIENER_GAUSSIAN,0.9,0.9883510044642857,SUPPORTED,,e9c3a2d32a8bc24f638b0cb6e8fb573a72334b5e577afad9ed2b0aab5d009381,256.0,,,,,,
UNRESOLVED_IMAGE,1.0,validation_ood,WIENER_GAUSSIAN,0.95,0.9921875,SUPPORTED,,e9c3a2d32a8bc24f638b0cb6e8fb573a72334b5e577afad9ed2b0aab5d009381,256.0,,,,,,
UNRESOLVED_IMAGE,1.0,validation_ood,WIENER_GAUSSIAN,,,SUPPORTED,joint chi-square calibration,e9c3a2d32a8bc24f638b0cb6e8fb573a72334b5e577afad9ed2b0aab5d009381,,70.17994441816266,224.0,0.31330332329536903,1.0,0.0,224.0
UNRESOLVED_IMAGE,1.0,validation_in_class,LINEAR_STATE_SPACE,0.5,0.47212437220982145,SUPPORTED,,e9c3a2d32a8bc24f638b0cb6e8fb573a72334b5e577afad9ed2b0aab5d009381,512.0,,,,,,
UNRESOLVED_IMAGE,1.0,validation_in_class,LINEAR_STATE_SPACE,0.9,0.8455374581473214,SUPPORTED,,e9c3a2d32a8bc24f638b0cb6e8fb573a72334b5e577afad9ed2b0aab5d009381,512.0,,,,,,
UNRESOLVED_IMAGE,1.0,validation_in_class,LINEAR_STATE_SPACE,0.95,0.8969377790178571,SUPPORTED,,e9c3a2d32a8bc24f638b0cb6e8fb573a72334b5e577afad9ed2b0aab5d009381,512.0,,,,,,
UNRESOLVED_IMAGE,1.0,validation_in_class,LINEAR_STATE_SPACE,,,SUPPORTED,joint chi-square calibration,e9c3a2d32a8bc24f638b0cb6e8fb573a72334b5e577afad9ed2b0aab5d009381,,844.7516694458332,224.0,3.7712128100260407,3.148131998576366e-55,0.0,224.0
UNRESOLVED_IMAGE,1.0,validation_off_grid,LINEAR_STATE_SPACE,0.5,0.4778459821428571,SUPPORTED,,e9c3a2d32a8bc24f638b0cb6e8fb573a72334b5e577afad9ed2b0aab5d009381,320.0,,,,,,
UNRESOLVED_IMAGE,1.0,validation_off_grid,LINEAR_STATE_SPACE,0.9,0.8662806919642857,SUPPORTED,,e9c3a2d32a8bc24f638b0cb6e8fb573a72334b5e577afad9ed2b0aab5d009381,320.0,,,,,,
UNRESOLVED_IMAGE,1.0,validation_off_grid,LINEAR_STATE_SPACE,0.95,0.9140066964285715,SUPPORTED,,e9c3a2d32a8bc24f638b0cb6e8fb573a72334b5e577afad9ed2b0aab5d009381,320.0,,,,,,
UNRESOLVED_IMAGE,1.0,validation_off_grid,LINEAR_STATE_SPACE,,,SUPPORTED,joint chi-square calibration,e9c3a2d32a8bc24f638b0cb6e8fb573a72334b5e577afad9ed2b0aab5d009381,,450.6185888148742,224.0,2.0116901286378313,7.867998099899051e-10,0.0,224.0
UNRESOLVED_IMAGE,1.0,validation_ood,LINEAR_STATE_SPACE,0.5,0.47800990513392855,SUPPORTED,,e9c3a2d32a8bc24f638b0cb6e8fb573a72334b5e577afad9ed2b0aab5d009381,256.0,,,,,,
UNRESOLVED_IMAGE,1.0,validation_ood,LINEAR_STATE_SPACE,0.9,0.8625313895089286,SUPPORTED,,e9c3a2d32a8bc24f638b0cb6e8fb573a72334b5e577afad9ed2b0aab5d009381,256.0,,,,,,
UNRESOLVED_IMAGE,1.0,validation_ood,LINEAR_STATE_SPACE,0.95,0.9107840401785714,SUPPORTED,,e9c3a2d32a8bc24f638b0cb6e8fb573a72334b5e577afad9ed2b0aab5d009381,256.0,,,,,,
UNRESOLVED_IMAGE,1.0,validation_ood,LINEAR_STATE_SPACE,,,SUPPORTED,joint chi-square calibration,e9c3a2d32a8bc24f638b0cb6e8fb573a72334b5e577afad9ed2b0aab5d009381,,385.32253167939547,224.0,1.7201898735687298,9.233319743042902e-10,0.0,224.0
UNRESOLVED_IMAGE,3.0,validation_in_class,TSVD,0.5,,NOT_APPLICABLE,point estimator with no posterior covariance,e9c3a2d32a8bc24f638b0cb6e8fb573a72334b5e577afad9ed2b0aab5d009381,,,,,,,
UNRESOLVED_IMAGE,3.0,validation_in_class,TSVD,0.9,,NOT_APPLICABLE,point estimator with no posterior covariance,e9c3a2d32a8bc24f638b0cb6e8fb573a72334b5e577afad9ed2b0aab5d009381,,,,,,,
UNRESOLVED_IMAGE,3.0,validation_in_class,TSVD,0.95,,NOT_APPLICABLE,point estimator with no posterior covariance,e9c3a2d32a8bc24f638b0cb6e8fb573a72334b5e577afad9ed2b0aab5d009381,,,,,,,
UNRESOLVED_IMAGE,3.0,validation_off_grid,TSVD,0.5,,NOT_APPLICABLE,point estimator with no posterior covariance,e9c3a2d32a8bc24f638b0cb6e8fb573a72334b5e577afad9ed2b0aab5d009381,,,,,,,
UNRESOLVED_IMAGE,3.0,validation_off_grid,TSVD,0.9,,NOT_APPLICABLE,point estimator with no posterior covariance,e9c3a2d32a8bc24f638b0cb6e8fb573a72334b5e577afad9ed2b0aab5d009381,,,,,,,
UNRESOLVED_IMAGE,3.0,validation_off_grid,TSVD,0.95,,NOT_APPLICABLE,point estimator with no posterior covariance,e9c3a2d32a8bc24f638b0cb6e8fb573a72334b5e577afad9ed2b0aab5d009381,,,,,,,
UNRESOLVED_IMAGE,3.0,validation_ood,TSVD,0.5,,NOT_APPLICABLE,point estimator with no posterior covariance,e9c3a2d32a8bc24f638b0cb6e8fb573a72334b5e577afad9ed2b0aab5d009381,,,,,,,
UNRESOLVED_IMAGE,3.0,validation_ood,TSVD,0.9,,NOT_APPLICABLE,point estimator with no posterior covariance,e9c3a2d32a8bc24f638b0cb6e8fb573a72334b5e577afad9ed2b0aab5d009381,,,,,,,
UNRESOLVED_IMAGE,3.0,validation_ood,TSVD,0.95,,NOT_APPLICABLE,point estimator with no posterior covariance,e9c3a2d32a8bc24f638b0cb6e8fb573a72334b5e577afad9ed2b0aab5d009381,,,,,,,
UNRESOLVED_IMAGE,3.0,validation_in_class,RIDGE_IDENTITY,0.5,,NOT_APPLICABLE,point estimator with no posterior covariance,e9c3a2d32a8bc24f638b0cb6e8fb573a72334b5e577afad9ed2b0aab5d009381,,,,,,,
UNRESOLVED_IMAGE,3.0,validation_in_class,RIDGE_IDENTITY,0.9,,NOT_APPLICABLE,point estimator with no posterior covariance,e9c3a2d32a8bc24f638b0cb6e8fb573a72334b5e577afad9ed2b0aab5d009381,,,,,,,
UNRESOLVED_IMAGE,3.0,validation_in_class,RIDGE_IDENTITY,0.95,,NOT_APPLICABLE,point estimator with no posterior covariance,e9c3a2d32a8bc24f638b0cb6e8fb573a72334b5e577afad9ed2b0aab5d009381,,,,,,,
UNRESOLVED_IMAGE,3.0,validation_off_grid,RIDGE_IDENTITY,0.5,,NOT_APPLICABLE,point estimator with no posterior covariance,e9c3a2d32a8bc24f638b0cb6e8fb573a72334b5e577afad9ed2b0aab5d009381,,,,,,,
UNRESOLVED_IMAGE,3.0,validation_off_grid,RIDGE_IDENTITY,0.9,,NOT_APPLICABLE,point estimator with no posterior covariance,e9c3a2d32a8bc24f638b0cb6e8fb573a72334b5e577afad9ed2b0aab5d009381,,,,,,,
UNRESOLVED_IMAGE,3.0,validation_off_grid,RIDGE_IDENTITY,0.95,,NOT_APPLICABLE,point estimator with no posterior covariance,e9c3a2d32a8bc24f638b0cb6e8fb573a72334b5e577afad9ed2b0aab5d009381,,,,,,,
UNRESOLVED_IMAGE,3.0,validation_ood,RIDGE_IDENTITY,0.5,,NOT_APPLICABLE,point estimator with no posterior covariance,e9c3a2d32a8bc24f638b0cb6e8fb573a72334b5e577afad9ed2b0aab5d009381,,,,,,,
UNRESOLVED_IMAGE,3.0,validation_ood,RIDGE_IDENTITY,0.9,,NOT_APPLICABLE,point estimator with no posterior covariance,e9c3a2d32a8bc24f638b0cb6e8fb573a72334b5e577afad9ed2b0aab5d009381,,,,,,,
UNRESOLVED_IMAGE,3.0,validation_ood,RIDGE_IDENTITY,0.95,,NOT_APPLICABLE,point estimator with no posterior covariance,e9c3a2d32a8bc24f638b0cb6e8fb573a72334b5e577afad9ed2b0aab5d009381,,,,,,,
UNRESOLVED_IMAGE,3.0,validation_in_class,TIKHONOV_TEMPORAL,0.5,,NOT_APPLICABLE,point estimator with no posterior covariance,e9c3a2d32a8bc24f638b0cb6e8fb573a72334b5e577afad9ed2b0aab5d009381,,,,,,,
UNRESOLVED_IMAGE,3.0,validation_in_class,TIKHONOV_TEMPORAL,0.9,,NOT_APPLICABLE,point estimator with no posterior covariance,e9c3a2d32a8bc24f638b0cb6e8fb573a72334b5e577afad9ed2b0aab5d009381,,,,,,,
UNRESOLVED_IMAGE,3.0,validation_in_class,TIKHONOV_TEMPORAL,0.95,,NOT_APPLICABLE,point estimator with no posterior covariance,e9c3a2d32a8bc24f638b0cb6e8fb573a72334b5e577afad9ed2b0aab5d009381,,,,,,,
UNRESOLVED_IMAGE,3.0,validation_off_grid,TIKHONOV_TEMPORAL,0.5,,NOT_APPLICABLE,point estimator with no posterior covariance,e9c3a2d32a8bc24f638b0cb6e8fb573a72334b5e577afad9ed2b0aab5d009381,,,,,,,
UNRESOLVED_IMAGE,3.0,validation_off_grid,TIKHONOV_TEMPORAL,0.9,,NOT_APPLICABLE,point estimator with no posterior covariance,e9c3a2d32a8bc24f638b0cb6e8fb573a72334b5e577afad9ed2b0aab5d009381,,,,,,,
UNRESOLVED_IMAGE,3.0,validation_off_grid,TIKHONOV_TEMPORAL,0.95,,NOT_APPLICABLE,point estimator with no posterior covariance,e9c3a2d32a8bc24f638b0cb6e8fb573a72334b5e577afad9ed2b0aab5d009381,,,,,,,
UNRESOLVED_IMAGE,3.0,validation_ood,TIKHONOV_TEMPORAL,0.5,,NOT_APPLICABLE,point estimator with no posterior covariance,e9c3a2d32a8bc24f638b0cb6e8fb573a72334b5e577afad9ed2b0aab5d009381,,,,,,,
UNRESOLVED_IMAGE,3.0,validation_ood,TIKHONOV_TEMPORAL,0.9,,NOT_APPLICABLE,point estimator with no posterior covariance,e9c3a2d32a8bc24f638b0cb6e8fb573a72334b5e577afad9ed2b0aab5d009381,,,,,,,
UNRESOLVED_IMAGE,3.0,validation_ood,TIKHONOV_TEMPORAL,0.95,,NOT_APPLICABLE,point estimator with no posterior covariance,e9c3a2d32a8bc24f638b0cb6e8fb573a72334b5e577afad9ed2b0aab5d009381,,,,,,,
UNRESOLVED_IMAGE,3.0,validation_in_class,WIENER_GAUSSIAN,0.5,0.8193795340401786,SUPPORTED,,e9c3a2d32a8bc24f638b0cb6e8fb573a72334b5e577afad9ed2b0aab5d009381,512.0,,,,,,
UNRESOLVED_IMAGE,3.0,validation_in_class,WIENER_GAUSSIAN,0.9,0.9372035435267857,SUPPORTED,,e9c3a2d32a8bc24f638b0cb6e8fb573a72334b5e577afad9ed2b0aab5d009381,512.0,,,,,,
UNRESOLVED_IMAGE,3.0,validation_in_class,WIENER_GAUSSIAN,0.95,0.9493844168526786,SUPPORTED,,e9c3a2d32a8bc24f638b0cb6e8fb573a72334b5e577afad9ed2b0aab5d009381,512.0,,,,,,
UNRESOLVED_IMAGE,3.0,validation_in_class,WIENER_GAUSSIAN,,,SUPPORTED,joint chi-square calibration,e9c3a2d32a8bc24f638b0cb6e8fb573a72334b5e577afad9ed2b0aab5d009381,,534.6498056270539,224.0,2.3868294894064905,0.9944187552370527,0.0,224.0
UNRESOLVED_IMAGE,3.0,validation_off_grid,WIENER_GAUSSIAN,0.5,0.8764787946428572,SUPPORTED,,e9c3a2d32a8bc24f638b0cb6e8fb573a72334b5e577afad9ed2b0aab5d009381,320.0,,,,,,
UNRESOLVED_IMAGE,3.0,validation_off_grid,WIENER_GAUSSIAN,0.9,0.9575055803571428,SUPPORTED,,e9c3a2d32a8bc24f638b0cb6e8fb573a72334b5e577afad9ed2b0aab5d009381,320.0,,,,,,
UNRESOLVED_IMAGE,3.0,validation_off_grid,WIENER_GAUSSIAN,0.95,0.9642159598214286,SUPPORTED,,e9c3a2d32a8bc24f638b0cb6e8fb573a72334b5e577afad9ed2b0aab5d009381,320.0,,,,,,
UNRESOLVED_IMAGE,3.0,validation_off_grid,WIENER_GAUSSIAN,,,SUPPORTED,joint chi-square calibration,e9c3a2d32a8bc24f638b0cb6e8fb573a72334b5e577afad9ed2b0aab5d009381,,1183.097060028223,224.0,5.281683303697425,0.0013109660309899359,0.0,224.0
UNRESOLVED_IMAGE,3.0,validation_ood,WIENER_GAUSSIAN,0.5,0.8544224330357143,SUPPORTED,,e9c3a2d32a8bc24f638b0cb6e8fb573a72334b5e577afad9ed2b0aab5d009381,256.0,,,,,,
UNRESOLVED_IMAGE,3.0,validation_ood,WIENER_GAUSSIAN,0.9,0.9384416852678571,SUPPORTED,,e9c3a2d32a8bc24f638b0cb6e8fb573a72334b5e577afad9ed2b0aab5d009381,256.0,,,,,,
UNRESOLVED_IMAGE,3.0,validation_ood,WIENER_GAUSSIAN,0.95,0.9453125,SUPPORTED,,e9c3a2d32a8bc24f638b0cb6e8fb573a72334b5e577afad9ed2b0aab5d009381,256.0,,,,,,
UNRESOLVED_IMAGE,3.0,validation_ood,WIENER_GAUSSIAN,,,SUPPORTED,joint chi-square calibration,e9c3a2d32a8bc24f638b0cb6e8fb573a72334b5e577afad9ed2b0aab5d009381,,9097.904847567366,224.0,40.61564664092574,0.0,0.0,224.0
UNRESOLVED_IMAGE,3.0,validation_in_class,LINEAR_STATE_SPACE,0.5,0.8650948660714286,SUPPORTED,,e9c3a2d32a8bc24f638b0cb6e8fb573a72334b5e577afad9ed2b0aab5d009381,512.0,,,,,,
UNRESOLVED_IMAGE,3.0,validation_in_class,LINEAR_STATE_SPACE,0.9,0.9701102120535714,SUPPORTED,,e9c3a2d32a8bc24f638b0cb6e8fb573a72334b5e577afad9ed2b0aab5d009381,512.0,,,,,,
UNRESOLVED_IMAGE,3.0,validation_in_class,LINEAR_STATE_SPACE,0.95,0.9833461216517857,SUPPORTED,,e9c3a2d32a8bc24f638b0cb6e8fb573a72334b5e577afad9ed2b0aab5d009381,512.0,,,,,,
UNRESOLVED_IMAGE,3.0,validation_in_class,LINEAR_STATE_SPACE,,,SUPPORTED,joint chi-square calibration,e9c3a2d32a8bc24f638b0cb6e8fb573a72334b5e577afad9ed2b0aab5d009381,,81.01025771725355,224.0,0.3616529362377391,1.0,0.0,224.0
UNRESOLVED_IMAGE,3.0,validation_off_grid,LINEAR_STATE_SPACE,0.5,0.8967494419642857,SUPPORTED,,e9c3a2d32a8bc24f638b0cb6e8fb573a72334b5e577afad9ed2b0aab5d009381,320.0,,,,,,
UNRESOLVED_IMAGE,3.0,validation_off_grid,LINEAR_STATE_SPACE,0.9,0.98271484375,SUPPORTED,,e9c3a2d32a8bc24f638b0cb6e8fb573a72334b5e577afad9ed2b0aab5d009381,320.0,,,,,,
UNRESOLVED_IMAGE,3.0,validation_off_grid,LINEAR_STATE_SPACE,0.95,0.9937360491071429,SUPPORTED,,e9c3a2d32a8bc24f638b0cb6e8fb573a72334b5e577afad9ed2b0aab5d009381,320.0,,,,,,
UNRESOLVED_IMAGE,3.0,validation_off_grid,LINEAR_STATE_SPACE,,,SUPPORTED,joint chi-square calibration,e9c3a2d32a8bc24f638b0cb6e8fb573a72334b5e577afad9ed2b0aab5d009381,,44.504110852121435,224.0,0.19867906630411356,1.0,0.0,224.0
UNRESOLVED_IMAGE,3.0,validation_ood,LINEAR_STATE_SPACE,0.5,0.8998674665178571,SUPPORTED,,e9c3a2d32a8bc24f638b0cb6e8fb573a72334b5e577afad9ed2b0aab5d009381,256.0,,,,,,
UNRESOLVED_IMAGE,3.0,validation_ood,LINEAR_STATE_SPACE,0.9,0.9833809988839286,SUPPORTED,,e9c3a2d32a8bc24f638b0cb6e8fb573a72334b5e577afad9ed2b0aab5d009381,256.0,,,,,,
UNRESOLVED_IMAGE,3.0,validation_ood,LINEAR_STATE_SPACE,0.95,0.9952915736607143,SUPPORTED,,e9c3a2d32a8bc24f638b0cb6e8fb573a72334b5e577afad9ed2b0aab5d009381,256.0,,,,,,
UNRESOLVED_IMAGE,3.0,validation_ood,LINEAR_STATE_SPACE,,,SUPPORTED,joint chi-square calibration,e9c3a2d32a8bc24f638b0cb6e8fb573a72334b5e577afad9ed2b0aab5d009381,,38.61357056719751,224.0,0.17238201146070317,1.0,0.0,224.0
UNRESOLVED_IMAGE,10.0,validation_in_class,TSVD,0.5,,NOT_APPLICABLE,point estimator with no posterior covariance,e9c3a2d32a8bc24f638b0cb6e8fb573a72334b5e577afad9ed2b0aab5d009381,,,,,,,
UNRESOLVED_IMAGE,10.0,validation_in_class,TSVD,0.9,,NOT_APPLICABLE,point estimator with no posterior covariance,e9c3a2d32a8bc24f638b0cb6e8fb573a72334b5e577afad9ed2b0aab5d009381,,,,,,,
UNRESOLVED_IMAGE,10.0,validation_in_class,TSVD,0.95,,NOT_APPLICABLE,point estimator with no posterior covariance,e9c3a2d32a8bc24f638b0cb6e8fb573a72334b5e577afad9ed2b0aab5d009381,,,,,,,
UNRESOLVED_IMAGE,10.0,validation_off_grid,TSVD,0.5,,NOT_APPLICABLE,point estimator with no posterior covariance,e9c3a2d32a8bc24f638b0cb6e8fb573a72334b5e577afad9ed2b0aab5d009381,,,,,,,
UNRESOLVED_IMAGE,10.0,validation_off_grid,TSVD,0.9,,NOT_APPLICABLE,point estimator with no posterior covariance,e9c3a2d32a8bc24f638b0cb6e8fb573a72334b5e577afad9ed2b0aab5d009381,,,,,,,
UNRESOLVED_IMAGE,10.0,validation_off_grid,TSVD,0.95,,NOT_APPLICABLE,point estimator with no posterior covariance,e9c3a2d32a8bc24f638b0cb6e8fb573a72334b5e577afad9ed2b0aab5d009381,,,,,,,
UNRESOLVED_IMAGE,10.0,validation_ood,TSVD,0.5,,NOT_APPLICABLE,point estimator with no posterior covariance,e9c3a2d32a8bc24f638b0cb6e8fb573a72334b5e577afad9ed2b0aab5d009381,,,,,,,
UNRESOLVED_IMAGE,10.0,validation_ood,TSVD,0.9,,NOT_APPLICABLE,point estimator with no posterior covariance,e9c3a2d32a8bc24f638b0cb6e8fb573a72334b5e577afad9ed2b0aab5d009381,,,,,,,
UNRESOLVED_IMAGE,10.0,validation_ood,TSVD,0.95,,NOT_APPLICABLE,point estimator with no posterior covariance,e9c3a2d32a8bc24f638b0cb6e8fb573a72334b5e577afad9ed2b0aab5d009381,,,,,,,
UNRESOLVED_IMAGE,10.0,validation_in_class,RIDGE_IDENTITY,0.5,,NOT_APPLICABLE,point estimator with no posterior covariance,e9c3a2d32a8bc24f638b0cb6e8fb573a72334b5e577afad9ed2b0aab5d009381,,,,,,,
UNRESOLVED_IMAGE,10.0,validation_in_class,RIDGE_IDENTITY,0.9,,NOT_APPLICABLE,point estimator with no posterior covariance,e9c3a2d32a8bc24f638b0cb6e8fb573a72334b5e577afad9ed2b0aab5d009381,,,,,,,
UNRESOLVED_IMAGE,10.0,validation_in_class,RIDGE_IDENTITY,0.95,,NOT_APPLICABLE,point estimator with no posterior covariance,e9c3a2d32a8bc24f638b0cb6e8fb573a72334b5e577afad9ed2b0aab5d009381,,,,,,,
UNRESOLVED_IMAGE,10.0,validation_off_grid,RIDGE_IDENTITY,0.5,,NOT_APPLICABLE,point estimator with no posterior covariance,e9c3a2d32a8bc24f638b0cb6e8fb573a72334b5e577afad9ed2b0aab5d009381,,,,,,,
UNRESOLVED_IMAGE,10.0,validation_off_grid,RIDGE_IDENTITY,0.9,,NOT_APPLICABLE,point estimator with no posterior covariance,e9c3a2d32a8bc24f638b0cb6e8fb573a72334b5e577afad9ed2b0aab5d009381,,,,,,,
UNRESOLVED_IMAGE,10.0,validation_off_grid,RIDGE_IDENTITY,0.95,,NOT_APPLICABLE,point estimator with no posterior covariance,e9c3a2d32a8bc24f638b0cb6e8fb573a72334b5e577afad9ed2b0aab5d009381,,,,,,,
UNRESOLVED_IMAGE,10.0,validation_ood,RIDGE_IDENTITY,0.5,,NOT_APPLICABLE,point estimator with no posterior covariance,e9c3a2d32a8bc24f638b0cb6e8fb573a72334b5e577afad9ed2b0aab5d009381,,,,,,,
UNRESOLVED_IMAGE,10.0,validation_ood,RIDGE_IDENTITY,0.9,,NOT_APPLICABLE,point estimator with no posterior covariance,e9c3a2d32a8bc24f638b0cb6e8fb573a72334b5e577afad9ed2b0aab5d009381,,,,,,,
UNRESOLVED_IMAGE,10.0,validation_ood,RIDGE_IDENTITY,0.95,,NOT_APPLICABLE,point estimator with no posterior covariance,e9c3a2d32a8bc24f638b0cb6e8fb573a72334b5e577afad9ed2b0aab5d009381,,,,,,,
UNRESOLVED_IMAGE,10.0,validation_in_class,TIKHONOV_TEMPORAL,0.5,,NOT_APPLICABLE,point estimator with no posterior covariance,e9c3a2d32a8bc24f638b0cb6e8fb573a72334b5e577afad9ed2b0aab5d009381,,,,,,,
UNRESOLVED_IMAGE,10.0,validation_in_class,TIKHONOV_TEMPORAL,0.9,,NOT_APPLICABLE,point estimator with no posterior covariance,e9c3a2d32a8bc24f638b0cb6e8fb573a72334b5e577afad9ed2b0aab5d009381,,,,,,,
UNRESOLVED_IMAGE,10.0,validation_in_class,TIKHONOV_TEMPORAL,0.95,,NOT_APPLICABLE,point estimator with no posterior covariance,e9c3a2d32a8bc24f638b0cb6e8fb573a72334b5e577afad9ed2b0aab5d009381,,,,,,,
UNRESOLVED_IMAGE,10.0,validation_off_grid,TIKHONOV_TEMPORAL,0.5,,NOT_APPLICABLE,point estimator with no posterior covariance,e9c3a2d32a8bc24f638b0cb6e8fb573a72334b5e577afad9ed2b0aab5d009381,,,,,,,
UNRESOLVED_IMAGE,10.0,validation_off_grid,TIKHONOV_TEMPORAL,0.9,,NOT_APPLICABLE,point estimator with no posterior covariance,e9c3a2d32a8bc24f638b0cb6e8fb573a72334b5e577afad9ed2b0aab5d009381,,,,,,,
UNRESOLVED_IMAGE,10.0,validation_off_grid,TIKHONOV_TEMPORAL,0.95,,NOT_APPLICABLE,point estimator with no posterior covariance,e9c3a2d32a8bc24f638b0cb6e8fb573a72334b5e577afad9ed2b0aab5d009381,,,,,,,
UNRESOLVED_IMAGE,10.0,validation_ood,TIKHONOV_TEMPORAL,0.5,,NOT_APPLICABLE,point estimator with no posterior covariance,e9c3a2d32a8bc24f638b0cb6e8fb573a72334b5e577afad9ed2b0aab5d009381,,,,,,,
UNRESOLVED_IMAGE,10.0,validation_ood,TIKHONOV_TEMPORAL,0.9,,NOT_APPLICABLE,point estimator with no posterior covariance,e9c3a2d32a8bc24f638b0cb6e8fb573a72334b5e577afad9ed2b0aab5d009381,,,,,,,
UNRESOLVED_IMAGE,10.0,validation_ood,TIKHONOV_TEMPORAL,0.95,,NOT_APPLICABLE,point estimator with no posterior covariance,e9c3a2d32a8bc24f638b0cb6e8fb573a72334b5e577afad9ed2b0aab5d009381,,,,,,,
UNRESOLVED_IMAGE,10.0,validation_in_class,WIENER_GAUSSIAN,0.5,0.7875017438616071,SUPPORTED,,e9c3a2d32a8bc24f638b0cb6e8fb573a72334b5e577afad9ed2b0aab5d009381,512.0,,,,,,
UNRESOLVED_IMAGE,10.0,validation_in_class,WIENER_GAUSSIAN,0.9,0.9310041155133929,SUPPORTED,,e9c3a2d32a8bc24f638b0cb6e8fb573a72334b5e577afad9ed2b0aab5d009381,512.0,,,,,,
UNRESOLVED_IMAGE,10.0,validation_in_class,WIENER_GAUSSIAN,0.95,0.9461669921875,SUPPORTED,,e9c3a2d32a8bc24f638b0cb6e8fb573a72334b5e577afad9ed2b0aab5d009381,512.0,,,,,,
UNRESOLVED_IMAGE,10.0,validation_in_class,WIENER_GAUSSIAN,,,SUPPORTED,joint chi-square calibration,e9c3a2d32a8bc24f638b0cb6e8fb573a72334b5e577afad9ed2b0aab5d009381,,612.6456756173886,224.0,2.735025337577628,0.07499399696849254,0.0,224.0
UNRESOLVED_IMAGE,10.0,validation_off_grid,WIENER_GAUSSIAN,0.5,0.8413783482142857,SUPPORTED,,e9c3a2d32a8bc24f638b0cb6e8fb573a72334b5e577afad9ed2b0aab5d009381,320.0,,,,,,
UNRESOLVED_IMAGE,10.0,validation_off_grid,WIENER_GAUSSIAN,0.9,0.9502650669642857,SUPPORTED,,e9c3a2d32a8bc24f638b0cb6e8fb573a72334b5e577afad9ed2b0aab5d009381,320.0,,,,,,
UNRESOLVED_IMAGE,10.0,validation_off_grid,WIENER_GAUSSIAN,0.95,0.9624581473214285,SUPPORTED,,e9c3a2d32a8bc24f638b0cb6e8fb573a72334b5e577afad9ed2b0aab5d009381,320.0,,,,,,
UNRESOLVED_IMAGE,10.0,validation_off_grid,WIENER_GAUSSIAN,,,SUPPORTED,joint chi-square calibration,e9c3a2d32a8bc24f638b0cb6e8fb573a72334b5e577afad9ed2b0aab5d009381,,1260.5860068065783,224.0,5.627616101815081,2.591016974526373e-09,0.0,224.0
UNRESOLVED_IMAGE,10.0,validation_ood,WIENER_GAUSSIAN,0.5,0.8168770926339286,SUPPORTED,,e9c3a2d32a8bc24f638b0cb6e8fb573a72334b5e577afad9ed2b0aab5d009381,256.0,,,,,,
UNRESOLVED_IMAGE,10.0,validation_ood,WIENER_GAUSSIAN,0.9,0.9303152901785714,SUPPORTED,,e9c3a2d32a8bc24f638b0cb6e8fb573a72334b5e577afad9ed2b0aab5d009381,256.0,,,,,,
UNRESOLVED_IMAGE,10.0,validation_ood,WIENER_GAUSSIAN,0.95,0.9434640066964286,SUPPORTED,,e9c3a2d32a8bc24f638b0cb6e8fb573a72334b5e577afad9ed2b0aab5d009381,256.0,,,,,,
UNRESOLVED_IMAGE,10.0,validation_ood,WIENER_GAUSSIAN,,,SUPPORTED,joint chi-square calibration,e9c3a2d32a8bc24f638b0cb6e8fb573a72334b5e577afad9ed2b0aab5d009381,,9175.882802732836,224.0,40.96376251220016,0.0,0.0,224.0
UNRESOLVED_IMAGE,10.0,validation_in_class,LINEAR_STATE_SPACE,0.5,0.972412109375,SUPPORTED,,e9c3a2d32a8bc24f638b0cb6e8fb573a72334b5e577afad9ed2b0aab5d009381,512.0,,,,,,
UNRESOLVED_IMAGE,10.0,validation_in_class,LINEAR_STATE_SPACE,0.9,0.9986746651785714,SUPPORTED,,e9c3a2d32a8bc24f638b0cb6e8fb573a72334b5e577afad9ed2b0aab5d009381,512.0,,,,,,
UNRESOLVED_IMAGE,10.0,validation_in_class,LINEAR_STATE_SPACE,0.95,0.9995378766741071,SUPPORTED,,e9c3a2d32a8bc24f638b0cb6e8fb573a72334b5e577afad9ed2b0aab5d009381,512.0,,,,,,
UNRESOLVED_IMAGE,10.0,validation_in_class,LINEAR_STATE_SPACE,,,SUPPORTED,joint chi-square calibration,e9c3a2d32a8bc24f638b0cb6e8fb573a72334b5e577afad9ed2b0aab5d009381,,7.718227784024592,224.0,0.03445637403582407,1.0,0.0,224.0
UNRESOLVED_IMAGE,10.0,validation_off_grid,LINEAR_STATE_SPACE,0.5,0.9899274553571429,SUPPORTED,,e9c3a2d32a8bc24f638b0cb6e8fb573a72334b5e577afad9ed2b0aab5d009381,320.0,,,,,,
UNRESOLVED_IMAGE,10.0,validation_off_grid,LINEAR_STATE_SPACE,0.9,0.9999162946428571,SUPPORTED,,e9c3a2d32a8bc24f638b0cb6e8fb573a72334b5e577afad9ed2b0aab5d009381,320.0,,,,,,
UNRESOLVED_IMAGE,10.0,validation_off_grid,LINEAR_STATE_SPACE,0.95,1.0,SUPPORTED,,e9c3a2d32a8bc24f638b0cb6e8fb573a72334b5e577afad9ed2b0aab5d009381,320.0,,,,,,
UNRESOLVED_IMAGE,10.0,validation_off_grid,LINEAR_STATE_SPACE,,,SUPPORTED,joint chi-square calibration,e9c3a2d32a8bc24f638b0cb6e8fb573a72334b5e577afad9ed2b0aab5d009381,,4.358025244138718,224.0,0.01945546983990499,1.0,0.0,224.0
UNRESOLVED_IMAGE,10.0,validation_ood,LINEAR_STATE_SPACE,0.5,0.9915248325892857,SUPPORTED,,e9c3a2d32a8bc24f638b0cb6e8fb573a72334b5e577afad9ed2b0aab5d009381,256.0,,,,,,
UNRESOLVED_IMAGE,10.0,validation_ood,LINEAR_STATE_SPACE,0.9,1.0,SUPPORTED,,e9c3a2d32a8bc24f638b0cb6e8fb573a72334b5e577afad9ed2b0aab5d009381,256.0,,,,,,
UNRESOLVED_IMAGE,10.0,validation_ood,LINEAR_STATE_SPACE,0.95,1.0,SUPPORTED,,e9c3a2d32a8bc24f638b0cb6e8fb573a72334b5e577afad9ed2b0aab5d009381,256.0,,,,,,
UNRESOLVED_IMAGE,10.0,validation_ood,LINEAR_STATE_SPACE,,,SUPPORTED,joint chi-square calibration,e9c3a2d32a8bc24f638b0cb6e8fb573a72334b5e577afad9ed2b0aab5d009381,,3.8431686537245575,224.0,0.017157002918413204,1.0,0.0,224.0
UNRESOLVED_IMAGE,30.0,validation_in_class,TSVD,0.5,,NOT_APPLICABLE,point estimator with no posterior covariance,e9c3a2d32a8bc24f638b0cb6e8fb573a72334b5e577afad9ed2b0aab5d009381,,,,,,,
UNRESOLVED_IMAGE,30.0,validation_in_class,TSVD,0.9,,NOT_APPLICABLE,point estimator with no posterior covariance,e9c3a2d32a8bc24f638b0cb6e8fb573a72334b5e577afad9ed2b0aab5d009381,,,,,,,
UNRESOLVED_IMAGE,30.0,validation_in_class,TSVD,0.95,,NOT_APPLICABLE,point estimator with no posterior covariance,e9c3a2d32a8bc24f638b0cb6e8fb573a72334b5e577afad9ed2b0aab5d009381,,,,,,,
UNRESOLVED_IMAGE,30.0,validation_off_grid,TSVD,0.5,,NOT_APPLICABLE,point estimator with no posterior covariance,e9c3a2d32a8bc24f638b0cb6e8fb573a72334b5e577afad9ed2b0aab5d009381,,,,,,,
UNRESOLVED_IMAGE,30.0,validation_off_grid,TSVD,0.9,,NOT_APPLICABLE,point estimator with no posterior covariance,e9c3a2d32a8bc24f638b0cb6e8fb573a72334b5e577afad9ed2b0aab5d009381,,,,,,,
UNRESOLVED_IMAGE,30.0,validation_off_grid,TSVD,0.95,,NOT_APPLICABLE,point estimator with no posterior covariance,e9c3a2d32a8bc24f638b0cb6e8fb573a72334b5e577afad9ed2b0aab5d009381,,,,,,,
UNRESOLVED_IMAGE,30.0,validation_ood,TSVD,0.5,,NOT_APPLICABLE,point estimator with no posterior covariance,e9c3a2d32a8bc24f638b0cb6e8fb573a72334b5e577afad9ed2b0aab5d009381,,,,,,,
UNRESOLVED_IMAGE,30.0,validation_ood,TSVD,0.9,,NOT_APPLICABLE,point estimator with no posterior covariance,e9c3a2d32a8bc24f638b0cb6e8fb573a72334b5e577afad9ed2b0aab5d009381,,,,,,,
UNRESOLVED_IMAGE,30.0,validation_ood,TSVD,0.95,,NOT_APPLICABLE,point estimator with no posterior covariance,e9c3a2d32a8bc24f638b0cb6e8fb573a72334b5e577afad9ed2b0aab5d009381,,,,,,,
UNRESOLVED_IMAGE,30.0,validation_in_class,RIDGE_IDENTITY,0.5,,NOT_APPLICABLE,point estimator with no posterior covariance,e9c3a2d32a8bc24f638b0cb6e8fb573a72334b5e577afad9ed2b0aab5d009381,,,,,,,
UNRESOLVED_IMAGE,30.0,validation_in_class,RIDGE_IDENTITY,0.9,,NOT_APPLICABLE,point estimator with no posterior covariance,e9c3a2d32a8bc24f638b0cb6e8fb573a72334b5e577afad9ed2b0aab5d009381,,,,,,,
UNRESOLVED_IMAGE,30.0,validation_in_class,RIDGE_IDENTITY,0.95,,NOT_APPLICABLE,point estimator with no posterior covariance,e9c3a2d32a8bc24f638b0cb6e8fb573a72334b5e577afad9ed2b0aab5d009381,,,,,,,
UNRESOLVED_IMAGE,30.0,validation_off_grid,RIDGE_IDENTITY,0.5,,NOT_APPLICABLE,point estimator with no posterior covariance,e9c3a2d32a8bc24f638b0cb6e8fb573a72334b5e577afad9ed2b0aab5d009381,,,,,,,
UNRESOLVED_IMAGE,30.0,validation_off_grid,RIDGE_IDENTITY,0.9,,NOT_APPLICABLE,point estimator with no posterior covariance,e9c3a2d32a8bc24f638b0cb6e8fb573a72334b5e577afad9ed2b0aab5d009381,,,,,,,
UNRESOLVED_IMAGE,30.0,validation_off_grid,RIDGE_IDENTITY,0.95,,NOT_APPLICABLE,point estimator with no posterior covariance,e9c3a2d32a8bc24f638b0cb6e8fb573a72334b5e577afad9ed2b0aab5d009381,,,,,,,
UNRESOLVED_IMAGE,30.0,validation_ood,RIDGE_IDENTITY,0.5,,NOT_APPLICABLE,point estimator with no posterior covariance,e9c3a2d32a8bc24f638b0cb6e8fb573a72334b5e577afad9ed2b0aab5d009381,,,,,,,
UNRESOLVED_IMAGE,30.0,validation_ood,RIDGE_IDENTITY,0.9,,NOT_APPLICABLE,point estimator with no posterior covariance,e9c3a2d32a8bc24f638b0cb6e8fb573a72334b5e577afad9ed2b0aab5d009381,,,,,,,
UNRESOLVED_IMAGE,30.0,validation_ood,RIDGE_IDENTITY,0.95,,NOT_APPLICABLE,point estimator with no posterior covariance,e9c3a2d32a8bc24f638b0cb6e8fb573a72334b5e577afad9ed2b0aab5d009381,,,,,,,
UNRESOLVED_IMAGE,30.0,validation_in_class,TIKHONOV_TEMPORAL,0.5,,NOT_APPLICABLE,point estimator with no posterior covariance,e9c3a2d32a8bc24f638b0cb6e8fb573a72334b5e577afad9ed2b0aab5d009381,,,,,,,
UNRESOLVED_IMAGE,30.0,validation_in_class,TIKHONOV_TEMPORAL,0.9,,NOT_APPLICABLE,point estimator with no posterior covariance,e9c3a2d32a8bc24f638b0cb6e8fb573a72334b5e577afad9ed2b0aab5d009381,,,,,,,
UNRESOLVED_IMAGE,30.0,validation_in_class,TIKHONOV_TEMPORAL,0.95,,NOT_APPLICABLE,point estimator with no posterior covariance,e9c3a2d32a8bc24f638b0cb6e8fb573a72334b5e577afad9ed2b0aab5d009381,,,,,,,
UNRESOLVED_IMAGE,30.0,validation_off_grid,TIKHONOV_TEMPORAL,0.5,,NOT_APPLICABLE,point estimator with no posterior covariance,e9c3a2d32a8bc24f638b0cb6e8fb573a72334b5e577afad9ed2b0aab5d009381,,,,,,,
UNRESOLVED_IMAGE,30.0,validation_off_grid,TIKHONOV_TEMPORAL,0.9,,NOT_APPLICABLE,point estimator with no posterior covariance,e9c3a2d32a8bc24f638b0cb6e8fb573a72334b5e577afad9ed2b0aab5d009381,,,,,,,
UNRESOLVED_IMAGE,30.0,validation_off_grid,TIKHONOV_TEMPORAL,0.95,,NOT_APPLICABLE,point estimator with no posterior covariance,e9c3a2d32a8bc24f638b0cb6e8fb573a72334b5e577afad9ed2b0aab5d009381,,,,,,,
UNRESOLVED_IMAGE,30.0,validation_ood,TIKHONOV_TEMPORAL,0.5,,NOT_APPLICABLE,point estimator with no posterior covariance,e9c3a2d32a8bc24f638b0cb6e8fb573a72334b5e577afad9ed2b0aab5d009381,,,,,,,
UNRESOLVED_IMAGE,30.0,validation_ood,TIKHONOV_TEMPORAL,0.9,,NOT_APPLICABLE,point estimator with no posterior covariance,e9c3a2d32a8bc24f638b0cb6e8fb573a72334b5e577afad9ed2b0aab5d009381,,,,,,,
UNRESOLVED_IMAGE,30.0,validation_ood,TIKHONOV_TEMPORAL,0.95,,NOT_APPLICABLE,point estimator with no posterior covariance,e9c3a2d32a8bc24f638b0cb6e8fb573a72334b5e577afad9ed2b0aab5d009381,,,,,,,
UNRESOLVED_IMAGE,30.0,validation_in_class,WIENER_GAUSSIAN,0.5,0.7743617466517857,SUPPORTED,,e9c3a2d32a8bc24f638b0cb6e8fb573a72334b5e577afad9ed2b0aab5d009381,512.0,,,,,,
UNRESOLVED_IMAGE,30.0,validation_in_class,WIENER_GAUSSIAN,0.9,0.9297921316964286,SUPPORTED,,e9c3a2d32a8bc24f638b0cb6e8fb573a72334b5e577afad9ed2b0aab5d009381,512.0,,,,,,
UNRESOLVED_IMAGE,30.0,validation_in_class,WIENER_GAUSSIAN,0.95,0.94384765625,SUPPORTED,,e9c3a2d32a8bc24f638b0cb6e8fb573a72334b5e577afad9ed2b0aab5d009381,512.0,,,,,,
UNRESOLVED_IMAGE,30.0,validation_in_class,WIENER_GAUSSIAN,,,SUPPORTED,joint chi-square calibration,e9c3a2d32a8bc24f638b0cb6e8fb573a72334b5e577afad9ed2b0aab5d009381,,639.6517947543623,224.0,2.8555883694391175,0.004310494826260707,0.0,224.0
UNRESOLVED_IMAGE,30.0,validation_off_grid,WIENER_GAUSSIAN,0.5,0.8290457589285715,SUPPORTED,,e9c3a2d32a8bc24f638b0cb6e8fb573a72334b5e577afad9ed2b0aab5d009381,320.0,,,,,,
UNRESOLVED_IMAGE,30.0,validation_off_grid,WIENER_GAUSSIAN,0.9,0.9491629464285715,SUPPORTED,,e9c3a2d32a8bc24f638b0cb6e8fb573a72334b5e577afad9ed2b0aab5d009381,320.0,,,,,,
UNRESOLVED_IMAGE,30.0,validation_off_grid,WIENER_GAUSSIAN,0.95,0.9595005580357143,SUPPORTED,,e9c3a2d32a8bc24f638b0cb6e8fb573a72334b5e577afad9ed2b0aab5d009381,320.0,,,,,,
UNRESOLVED_IMAGE,30.0,validation_off_grid,WIENER_GAUSSIAN,,,SUPPORTED,joint chi-square calibration,e9c3a2d32a8bc24f638b0cb6e8fb573a72334b5e577afad9ed2b0aab5d009381,,1287.4105358198042,224.0,5.747368463481268,3.5394038438595215e-12,0.0,224.0
UNRESOLVED_IMAGE,30.0,validation_ood,WIENER_GAUSSIAN,0.5,0.8047049386160714,SUPPORTED,,e9c3a2d32a8bc24f638b0cb6e8fb573a72334b5e577afad9ed2b0aab5d009381,256.0,,,,,,
UNRESOLVED_IMAGE,30.0,validation_ood,WIENER_GAUSSIAN,0.9,0.9294259207589286,SUPPORTED,,e9c3a2d32a8bc24f638b0cb6e8fb573a72334b5e577afad9ed2b0aab5d009381,256.0,,,,,,
UNRESOLVED_IMAGE,30.0,validation_ood,WIENER_GAUSSIAN,0.95,0.9394705636160714,SUPPORTED,,e9c3a2d32a8bc24f638b0cb6e8fb573a72334b5e577afad9ed2b0aab5d009381,256.0,,,,,,
UNRESOLVED_IMAGE,30.0,validation_ood,WIENER_GAUSSIAN,,,SUPPORTED,joint chi-square calibration,e9c3a2d32a8bc24f638b0cb6e8fb573a72334b5e577afad9ed2b0aab5d009381,,9202.827133562825,224.0,41.08404970340547,0.0,0.0,224.0
UNRESOLVED_IMAGE,30.0,validation_in_class,LINEAR_STATE_SPACE,0.5,0.9728742327008929,SUPPORTED,,e9c3a2d32a8bc24f638b0cb6e8fb573a72334b5e577afad9ed2b0aab5d009381,512.0,,,,,,
UNRESOLVED_IMAGE,30.0,validation_in_class,LINEAR_STATE_SPACE,0.9,0.9987444196428571,SUPPORTED,,e9c3a2d32a8bc24f638b0cb6e8fb573a72334b5e577afad9ed2b0aab5d009381,512.0,,,,,,
UNRESOLVED_IMAGE,30.0,validation_in_class,LINEAR_STATE_SPACE,0.95,0.9995553152901786,SUPPORTED,,e9c3a2d32a8bc24f638b0cb6e8fb573a72334b5e577afad9ed2b0aab5d009381,512.0,,,,,,
UNRESOLVED_IMAGE,30.0,validation_in_class,LINEAR_STATE_SPACE,,,SUPPORTED,joint chi-square calibration,e9c3a2d32a8bc24f638b0cb6e8fb573a72334b5e577afad9ed2b0aab5d009381,,6.907276636725108,224.0,0.030836056413951374,1.0,0.0,224.0
UNRESOLVED_IMAGE,30.0,validation_off_grid,LINEAR_STATE_SPACE,0.5,0.9900111607142857,SUPPORTED,,e9c3a2d32a8bc24f638b0cb6e8fb573a72334b5e577afad9ed2b0aab5d009381,320.0,,,,,,
UNRESOLVED_IMAGE,30.0,validation_off_grid,LINEAR_STATE_SPACE,0.9,0.9999441964285715,SUPPORTED,,e9c3a2d32a8bc24f638b0cb6e8fb573a72334b5e577afad9ed2b0aab5d009381,320.0,,,,,,
UNRESOLVED_IMAGE,30.0,validation_off_grid,LINEAR_STATE_SPACE,0.95,1.0,SUPPORTED,,e9c3a2d32a8bc24f638b0cb6e8fb573a72334b5e577afad9ed2b0aab5d009381,320.0,,,,,,
UNRESOLVED_IMAGE,30.0,validation_off_grid,LINEAR_STATE_SPACE,,,SUPPORTED,joint chi-square calibration,e9c3a2d32a8bc24f638b0cb6e8fb573a72334b5e577afad9ed2b0aab5d009381,,3.543595983776772,224.0,0.015819624927574875,1.0,0.0,224.0
UNRESOLVED_IMAGE,30.0,validation_ood,LINEAR_STATE_SPACE,0.5,0.9910714285714286,SUPPORTED,,e9c3a2d32a8bc24f638b0cb6e8fb573a72334b5e577afad9ed2b0aab5d009381,256.0,,,,,,
UNRESOLVED_IMAGE,30.0,validation_ood,LINEAR_STATE_SPACE,0.9,1.0,SUPPORTED,,e9c3a2d32a8bc24f638b0cb6e8fb573a72334b5e577afad9ed2b0aab5d009381,256.0,,,,,,
UNRESOLVED_IMAGE,30.0,validation_ood,LINEAR_STATE_SPACE,0.95,1.0,SUPPORTED,,e9c3a2d32a8bc24f638b0cb6e8fb573a72334b5e577afad9ed2b0aab5d009381,256.0,,,,,,
UNRESOLVED_IMAGE,30.0,validation_ood,LINEAR_STATE_SPACE,,,SUPPORTED,joint chi-square calibration,e9c3a2d32a8bc24f638b0cb6e8fb573a72334b5e577afad9ed2b0aab5d009381,,3.0237759289462023,224.0,0.013498999682795545,1.0,0.0,224.0
UNRESOLVED_IMAGE,100.0,validation_in_class,TSVD,0.5,,NOT_APPLICABLE,point estimator with no posterior covariance,e9c3a2d32a8bc24f638b0cb6e8fb573a72334b5e577afad9ed2b0aab5d009381,,,,,,,
UNRESOLVED_IMAGE,100.0,validation_in_class,TSVD,0.9,,NOT_APPLICABLE,point estimator with no posterior covariance,e9c3a2d32a8bc24f638b0cb6e8fb573a72334b5e577afad9ed2b0aab5d009381,,,,,,,
UNRESOLVED_IMAGE,100.0,validation_in_class,TSVD,0.95,,NOT_APPLICABLE,point estimator with no posterior covariance,e9c3a2d32a8bc24f638b0cb6e8fb573a72334b5e577afad9ed2b0aab5d009381,,,,,,,
UNRESOLVED_IMAGE,100.0,validation_off_grid,TSVD,0.5,,NOT_APPLICABLE,point estimator with no posterior covariance,e9c3a2d32a8bc24f638b0cb6e8fb573a72334b5e577afad9ed2b0aab5d009381,,,,,,,
UNRESOLVED_IMAGE,100.0,validation_off_grid,TSVD,0.9,,NOT_APPLICABLE,point estimator with no posterior covariance,e9c3a2d32a8bc24f638b0cb6e8fb573a72334b5e577afad9ed2b0aab5d009381,,,,,,,
UNRESOLVED_IMAGE,100.0,validation_off_grid,TSVD,0.95,,NOT_APPLICABLE,point estimator with no posterior covariance,e9c3a2d32a8bc24f638b0cb6e8fb573a72334b5e577afad9ed2b0aab5d009381,,,,,,,
UNRESOLVED_IMAGE,100.0,validation_ood,TSVD,0.5,,NOT_APPLICABLE,point estimator with no posterior covariance,e9c3a2d32a8bc24f638b0cb6e8fb573a72334b5e577afad9ed2b0aab5d009381,,,,,,,
UNRESOLVED_IMAGE,100.0,validation_ood,TSVD,0.9,,NOT_APPLICABLE,point estimator with no posterior covariance,e9c3a2d32a8bc24f638b0cb6e8fb573a72334b5e577afad9ed2b0aab5d009381,,,,,,,
UNRESOLVED_IMAGE,100.0,validation_ood,TSVD,0.95,,NOT_APPLICABLE,point estimator with no posterior covariance,e9c3a2d32a8bc24f638b0cb6e8fb573a72334b5e577afad9ed2b0aab5d009381,,,,,,,
UNRESOLVED_IMAGE,100.0,validation_in_class,RIDGE_IDENTITY,0.5,,NOT_APPLICABLE,point estimator with no posterior covariance,e9c3a2d32a8bc24f638b0cb6e8fb573a72334b5e577afad9ed2b0aab5d009381,,,,,,,
UNRESOLVED_IMAGE,100.0,validation_in_class,RIDGE_IDENTITY,0.9,,NOT_APPLICABLE,point estimator with no posterior covariance,e9c3a2d32a8bc24f638b0cb6e8fb573a72334b5e577afad9ed2b0aab5d009381,,,,,,,
UNRESOLVED_IMAGE,100.0,validation_in_class,RIDGE_IDENTITY,0.95,,NOT_APPLICABLE,point estimator with no posterior covariance,e9c3a2d32a8bc24f638b0cb6e8fb573a72334b5e577afad9ed2b0aab5d009381,,,,,,,
UNRESOLVED_IMAGE,100.0,validation_off_grid,RIDGE_IDENTITY,0.5,,NOT_APPLICABLE,point estimator with no posterior covariance,e9c3a2d32a8bc24f638b0cb6e8fb573a72334b5e577afad9ed2b0aab5d009381,,,,,,,
UNRESOLVED_IMAGE,100.0,validation_off_grid,RIDGE_IDENTITY,0.9,,NOT_APPLICABLE,point estimator with no posterior covariance,e9c3a2d32a8bc24f638b0cb6e8fb573a72334b5e577afad9ed2b0aab5d009381,,,,,,,
UNRESOLVED_IMAGE,100.0,validation_off_grid,RIDGE_IDENTITY,0.95,,NOT_APPLICABLE,point estimator with no posterior covariance,e9c3a2d32a8bc24f638b0cb6e8fb573a72334b5e577afad9ed2b0aab5d009381,,,,,,,
UNRESOLVED_IMAGE,100.0,validation_ood,RIDGE_IDENTITY,0.5,,NOT_APPLICABLE,point estimator with no posterior covariance,e9c3a2d32a8bc24f638b0cb6e8fb573a72334b5e577afad9ed2b0aab5d009381,,,,,,,
UNRESOLVED_IMAGE,100.0,validation_ood,RIDGE_IDENTITY,0.9,,NOT_APPLICABLE,point estimator with no posterior covariance,e9c3a2d32a8bc24f638b0cb6e8fb573a72334b5e577afad9ed2b0aab5d009381,,,,,,,
UNRESOLVED_IMAGE,100.0,validation_ood,RIDGE_IDENTITY,0.95,,NOT_APPLICABLE,point estimator with no posterior covariance,e9c3a2d32a8bc24f638b0cb6e8fb573a72334b5e577afad9ed2b0aab5d009381,,,,,,,
UNRESOLVED_IMAGE,100.0,validation_in_class,TIKHONOV_TEMPORAL,0.5,,NOT_APPLICABLE,point estimator with no posterior covariance,e9c3a2d32a8bc24f638b0cb6e8fb573a72334b5e577afad9ed2b0aab5d009381,,,,,,,
UNRESOLVED_IMAGE,100.0,validation_in_class,TIKHONOV_TEMPORAL,0.9,,NOT_APPLICABLE,point estimator with no posterior covariance,e9c3a2d32a8bc24f638b0cb6e8fb573a72334b5e577afad9ed2b0aab5d009381,,,,,,,
UNRESOLVED_IMAGE,100.0,validation_in_class,TIKHONOV_TEMPORAL,0.95,,NOT_APPLICABLE,point estimator with no posterior covariance,e9c3a2d32a8bc24f638b0cb6e8fb573a72334b5e577afad9ed2b0aab5d009381,,,,,,,
UNRESOLVED_IMAGE,100.0,validation_off_grid,TIKHONOV_TEMPORAL,0.5,,NOT_APPLICABLE,point estimator with no posterior covariance,e9c3a2d32a8bc24f638b0cb6e8fb573a72334b5e577afad9ed2b0aab5d009381,,,,,,,
UNRESOLVED_IMAGE,100.0,validation_off_grid,TIKHONOV_TEMPORAL,0.9,,NOT_APPLICABLE,point estimator with no posterior covariance,e9c3a2d32a8bc24f638b0cb6e8fb573a72334b5e577afad9ed2b0aab5d009381,,,,,,,
UNRESOLVED_IMAGE,100.0,validation_off_grid,TIKHONOV_TEMPORAL,0.95,,NOT_APPLICABLE,point estimator with no posterior covariance,e9c3a2d32a8bc24f638b0cb6e8fb573a72334b5e577afad9ed2b0aab5d009381,,,,,,,
UNRESOLVED_IMAGE,100.0,validation_ood,TIKHONOV_TEMPORAL,0.5,,NOT_APPLICABLE,point estimator with no posterior covariance,e9c3a2d32a8bc24f638b0cb6e8fb573a72334b5e577afad9ed2b0aab5d009381,,,,,,,
UNRESOLVED_IMAGE,100.0,validation_ood,TIKHONOV_TEMPORAL,0.9,,NOT_APPLICABLE,point estimator with no posterior covariance,e9c3a2d32a8bc24f638b0cb6e8fb573a72334b5e577afad9ed2b0aab5d009381,,,,,,,
UNRESOLVED_IMAGE,100.0,validation_ood,TIKHONOV_TEMPORAL,0.95,,NOT_APPLICABLE,point estimator with no posterior covariance,e9c3a2d32a8bc24f638b0cb6e8fb573a72334b5e577afad9ed2b0aab5d009381,,,,,,,
UNRESOLVED_IMAGE,100.0,validation_in_class,WIENER_GAUSSIAN,0.5,0.7695486886160714,SUPPORTED,,e9c3a2d32a8bc24f638b0cb6e8fb573a72334b5e577afad9ed2b0aab5d009381,512.0,,,,,,
UNRESOLVED_IMAGE,100.0,validation_in_class,WIENER_GAUSSIAN,0.9,0.929443359375,SUPPORTED,,e9c3a2d32a8bc24f638b0cb6e8fb573a72334b5e577afad9ed2b0aab5d009381,512.0,,,,,,
UNRESOLVED_IMAGE,100.0,validation_in_class,WIENER_GAUSSIAN,0.95,0.9431501116071429,SUPPORTED,,e9c3a2d32a8bc24f638b0cb6e8fb573a72334b5e577afad9ed2b0aab5d009381,512.0,,,,,,
UNRESOLVED_IMAGE,100.0,validation_in_class,WIENER_GAUSSIAN,,,SUPPORTED,joint chi-square calibration,e9c3a2d32a8bc24f638b0cb6e8fb573a72334b5e577afad9ed2b0aab5d009381,,649.597459206112,224.0,2.899988657170143,0.001204745888413703,0.0,224.0
UNRESOLVED_IMAGE,100.0,validation_off_grid,WIENER_GAUSSIAN,0.5,0.8242745535714285,SUPPORTED,,e9c3a2d32a8bc24f638b0cb6e8fb573a72334b5e577afad9ed2b0aab5d009381,320.0,,,,,,
UNRESOLVED_IMAGE,100.0,validation_off_grid,WIENER_GAUSSIAN,0.9,0.9488978794642857,SUPPORTED,,e9c3a2d32a8bc24f638b0cb6e8fb573a72334b5e577afad9ed2b0aab5d009381,320.0,,,,,,
UNRESOLVED_IMAGE,100.0,validation_off_grid,WIENER_GAUSSIAN,0.95,0.9589006696428571,SUPPORTED,,e9c3a2d32a8bc24f638b0cb6e8fb573a72334b5e577afad9ed2b0aab5d009381,320.0,,,,,,
UNRESOLVED_IMAGE,100.0,validation_off_grid,WIENER_GAUSSIAN,,,SUPPORTED,joint chi-square calibration,e9c3a2d32a8bc24f638b0cb6e8fb573a72334b5e577afad9ed2b0aab5d009381,,1297.2693665640697,224.0,5.791381100732454,3.2267950890468614e-13,0.0,224.0
UNRESOLVED_IMAGE,100.0,validation_ood,WIENER_GAUSSIAN,0.5,0.7997000558035714,SUPPORTED,,e9c3a2d32a8bc24f638b0cb6e8fb573a72334b5e577afad9ed2b0aab5d009381,256.0,,,,,,
UNRESOLVED_IMAGE,100.0,validation_ood,WIENER_GAUSSIAN,0.9,0.92919921875,SUPPORTED,,e9c3a2d32a8bc24f638b0cb6e8fb573a72334b5e577afad9ed2b0aab5d009381,256.0,,,,,,
UNRESOLVED_IMAGE,100.0,validation_ood,WIENER_GAUSSIAN,0.95,0.938720703125,SUPPORTED,,e9c3a2d32a8bc24f638b0cb6e8fb573a72334b5e577afad9ed2b0aab5d009381,256.0,,,,,,
UNRESOLVED_IMAGE,100.0,validation_ood,WIENER_GAUSSIAN,,,SUPPORTED,joint chi-square calibration,e9c3a2d32a8bc24f638b0cb6e8fb573a72334b5e577afad9ed2b0aab5d009381,,9212.734456046255,224.0,41.12827882163507,0.0,0.0,224.0
UNRESOLVED_IMAGE,100.0,validation_in_class,LINEAR_STATE_SPACE,0.5,0.9729352678571429,SUPPORTED,,e9c3a2d32a8bc24f638b0cb6e8fb573a72334b5e577afad9ed2b0aab5d009381,512.0,,,,,,
UNRESOLVED_IMAGE,100.0,validation_in_class,LINEAR_STATE_SPACE,0.9,0.9987531389508929,SUPPORTED,,e9c3a2d32a8bc24f638b0cb6e8fb573a72334b5e577afad9ed2b0aab5d009381,512.0,,,,,,
UNRESOLVED_IMAGE,100.0,validation_in_class,LINEAR_STATE_SPACE,0.95,0.9995553152901786,SUPPORTED,,e9c3a2d32a8bc24f638b0cb6e8fb573a72334b5e577afad9ed2b0aab5d009381,512.0,,,,,,
UNRESOLVED_IMAGE,100.0,validation_in_class,LINEAR_STATE_SPACE,,,SUPPORTED,joint chi-square calibration,e9c3a2d32a8bc24f638b0cb6e8fb573a72334b5e577afad9ed2b0aab5d009381,,6.814607542000148,224.0,0.030422355098214948,1.0,0.0,224.0
UNRESOLVED_IMAGE,100.0,validation_off_grid,LINEAR_STATE_SPACE,0.5,0.9900111607142857,SUPPORTED,,e9c3a2d32a8bc24f638b0cb6e8fb573a72334b5e577afad9ed2b0aab5d009381,320.0,,,,,,
UNRESOLVED_IMAGE,100.0,validation_off_grid,LINEAR_STATE_SPACE,0.9,0.9999441964285715,SUPPORTED,,e9c3a2d32a8bc24f638b0cb6e8fb573a72334b5e577afad9ed2b0aab5d009381,320.0,,,,,,
UNRESOLVED_IMAGE,100.0,validation_off_grid,LINEAR_STATE_SPACE,0.95,1.0,SUPPORTED,,e9c3a2d32a8bc24f638b0cb6e8fb573a72334b5e577afad9ed2b0aab5d009381,320.0,,,,,,
UNRESOLVED_IMAGE,100.0,validation_off_grid,LINEAR_STATE_SPACE,,,SUPPORTED,joint chi-square calibration,e9c3a2d32a8bc24f638b0cb6e8fb573a72334b5e577afad9ed2b0aab5d009381,,3.4483789431291014,224.0,0.015394548853254917,1.0,0.0,224.0
UNRESOLVED_IMAGE,100.0,validation_ood,LINEAR_STATE_SPACE,0.5,0.9911411830357143,SUPPORTED,,e9c3a2d32a8bc24f638b0cb6e8fb573a72334b5e577afad9ed2b0aab5d009381,256.0,,,,,,
UNRESOLVED_IMAGE,100.0,validation_ood,LINEAR_STATE_SPACE,0.9,1.0,SUPPORTED,,e9c3a2d32a8bc24f638b0cb6e8fb573a72334b5e577afad9ed2b0aab5d009381,256.0,,,,,,
UNRESOLVED_IMAGE,100.0,validation_ood,LINEAR_STATE_SPACE,0.95,1.0,SUPPORTED,,e9c3a2d32a8bc24f638b0cb6e8fb573a72334b5e577afad9ed2b0aab5d009381,256.0,,,,,,
UNRESOLVED_IMAGE,100.0,validation_ood,LINEAR_STATE_SPACE,,,SUPPORTED,joint chi-square calibration,e9c3a2d32a8bc24f638b0cb6e8fb573a72334b5e577afad9ed2b0aab5d009381,,2.929006670718393,224.0,0.013075922637135683,1.0,0.0,224.0
UNRESOLVED_IMAGE,300.0,validation_in_class,TSVD,0.5,,NOT_APPLICABLE,point estimator with no posterior covariance,e9c3a2d32a8bc24f638b0cb6e8fb573a72334b5e577afad9ed2b0aab5d009381,,,,,,,
UNRESOLVED_IMAGE,300.0,validation_in_class,TSVD,0.9,,NOT_APPLICABLE,point estimator with no posterior covariance,e9c3a2d32a8bc24f638b0cb6e8fb573a72334b5e577afad9ed2b0aab5d009381,,,,,,,
UNRESOLVED_IMAGE,300.0,validation_in_class,TSVD,0.95,,NOT_APPLICABLE,point estimator with no posterior covariance,e9c3a2d32a8bc24f638b0cb6e8fb573a72334b5e577afad9ed2b0aab5d009381,,,,,,,
UNRESOLVED_IMAGE,300.0,validation_off_grid,TSVD,0.5,,NOT_APPLICABLE,point estimator with no posterior covariance,e9c3a2d32a8bc24f638b0cb6e8fb573a72334b5e577afad9ed2b0aab5d009381,,,,,,,
UNRESOLVED_IMAGE,300.0,validation_off_grid,TSVD,0.9,,NOT_APPLICABLE,point estimator with no posterior covariance,e9c3a2d32a8bc24f638b0cb6e8fb573a72334b5e577afad9ed2b0aab5d009381,,,,,,,
UNRESOLVED_IMAGE,300.0,validation_off_grid,TSVD,0.95,,NOT_APPLICABLE,point estimator with no posterior covariance,e9c3a2d32a8bc24f638b0cb6e8fb573a72334b5e577afad9ed2b0aab5d009381,,,,,,,
UNRESOLVED_IMAGE,300.0,validation_ood,TSVD,0.5,,NOT_APPLICABLE,point estimator with no posterior covariance,e9c3a2d32a8bc24f638b0cb6e8fb573a72334b5e577afad9ed2b0aab5d009381,,,,,,,
UNRESOLVED_IMAGE,300.0,validation_ood,TSVD,0.9,,NOT_APPLICABLE,point estimator with no posterior covariance,e9c3a2d32a8bc24f638b0cb6e8fb573a72334b5e577afad9ed2b0aab5d009381,,,,,,,
UNRESOLVED_IMAGE,300.0,validation_ood,TSVD,0.95,,NOT_APPLICABLE,point estimator with no posterior covariance,e9c3a2d32a8bc24f638b0cb6e8fb573a72334b5e577afad9ed2b0aab5d009381,,,,,,,
UNRESOLVED_IMAGE,300.0,validation_in_class,RIDGE_IDENTITY,0.5,,NOT_APPLICABLE,point estimator with no posterior covariance,e9c3a2d32a8bc24f638b0cb6e8fb573a72334b5e577afad9ed2b0aab5d009381,,,,,,,
UNRESOLVED_IMAGE,300.0,validation_in_class,RIDGE_IDENTITY,0.9,,NOT_APPLICABLE,point estimator with no posterior covariance,e9c3a2d32a8bc24f638b0cb6e8fb573a72334b5e577afad9ed2b0aab5d009381,,,,,,,
UNRESOLVED_IMAGE,300.0,validation_in_class,RIDGE_IDENTITY,0.95,,NOT_APPLICABLE,point estimator with no posterior covariance,e9c3a2d32a8bc24f638b0cb6e8fb573a72334b5e577afad9ed2b0aab5d009381,,,,,,,
UNRESOLVED_IMAGE,300.0,validation_off_grid,RIDGE_IDENTITY,0.5,,NOT_APPLICABLE,point estimator with no posterior covariance,e9c3a2d32a8bc24f638b0cb6e8fb573a72334b5e577afad9ed2b0aab5d009381,,,,,,,
UNRESOLVED_IMAGE,300.0,validation_off_grid,RIDGE_IDENTITY,0.9,,NOT_APPLICABLE,point estimator with no posterior covariance,e9c3a2d32a8bc24f638b0cb6e8fb573a72334b5e577afad9ed2b0aab5d009381,,,,,,,
UNRESOLVED_IMAGE,300.0,validation_off_grid,RIDGE_IDENTITY,0.95,,NOT_APPLICABLE,point estimator with no posterior covariance,e9c3a2d32a8bc24f638b0cb6e8fb573a72334b5e577afad9ed2b0aab5d009381,,,,,,,
UNRESOLVED_IMAGE,300.0,validation_ood,RIDGE_IDENTITY,0.5,,NOT_APPLICABLE,point estimator with no posterior covariance,e9c3a2d32a8bc24f638b0cb6e8fb573a72334b5e577afad9ed2b0aab5d009381,,,,,,,
UNRESOLVED_IMAGE,300.0,validation_ood,RIDGE_IDENTITY,0.9,,NOT_APPLICABLE,point estimator with no posterior covariance,e9c3a2d32a8bc24f638b0cb6e8fb573a72334b5e577afad9ed2b0aab5d009381,,,,,,,
UNRESOLVED_IMAGE,300.0,validation_ood,RIDGE_IDENTITY,0.95,,NOT_APPLICABLE,point estimator with no posterior covariance,e9c3a2d32a8bc24f638b0cb6e8fb573a72334b5e577afad9ed2b0aab5d009381,,,,,,,
UNRESOLVED_IMAGE,300.0,validation_in_class,TIKHONOV_TEMPORAL,0.5,,NOT_APPLICABLE,point estimator with no posterior covariance,e9c3a2d32a8bc24f638b0cb6e8fb573a72334b5e577afad9ed2b0aab5d009381,,,,,,,
UNRESOLVED_IMAGE,300.0,validation_in_class,TIKHONOV_TEMPORAL,0.9,,NOT_APPLICABLE,point estimator with no posterior covariance,e9c3a2d32a8bc24f638b0cb6e8fb573a72334b5e577afad9ed2b0aab5d009381,,,,,,,
UNRESOLVED_IMAGE,300.0,validation_in_class,TIKHONOV_TEMPORAL,0.95,,NOT_APPLICABLE,point estimator with no posterior covariance,e9c3a2d32a8bc24f638b0cb6e8fb573a72334b5e577afad9ed2b0aab5d009381,,,,,,,
UNRESOLVED_IMAGE,300.0,validation_off_grid,TIKHONOV_TEMPORAL,0.5,,NOT_APPLICABLE,point estimator with no posterior covariance,e9c3a2d32a8bc24f638b0cb6e8fb573a72334b5e577afad9ed2b0aab5d009381,,,,,,,
UNRESOLVED_IMAGE,300.0,validation_off_grid,TIKHONOV_TEMPORAL,0.9,,NOT_APPLICABLE,point estimator with no posterior covariance,e9c3a2d32a8bc24f638b0cb6e8fb573a72334b5e577afad9ed2b0aab5d009381,,,,,,,
UNRESOLVED_IMAGE,300.0,validation_off_grid,TIKHONOV_TEMPORAL,0.95,,NOT_APPLICABLE,point estimator with no posterior covariance,e9c3a2d32a8bc24f638b0cb6e8fb573a72334b5e577afad9ed2b0aab5d009381,,,,,,,
UNRESOLVED_IMAGE,300.0,validation_ood,TIKHONOV_TEMPORAL,0.5,,NOT_APPLICABLE,point estimator with no posterior covariance,e9c3a2d32a8bc24f638b0cb6e8fb573a72334b5e577afad9ed2b0aab5d009381,,,,,,,
UNRESOLVED_IMAGE,300.0,validation_ood,TIKHONOV_TEMPORAL,0.9,,NOT_APPLICABLE,point estimator with no posterior covariance,e9c3a2d32a8bc24f638b0cb6e8fb573a72334b5e577afad9ed2b0aab5d009381,,,,,,,
UNRESOLVED_IMAGE,300.0,validation_ood,TIKHONOV_TEMPORAL,0.95,,NOT_APPLICABLE,point estimator with no posterior covariance,e9c3a2d32a8bc24f638b0cb6e8fb573a72334b5e577afad9ed2b0aab5d009381,,,,,,,
UNRESOLVED_IMAGE,300.0,validation_in_class,WIENER_GAUSSIAN,0.5,0.7679792131696429,SUPPORTED,,e9c3a2d32a8bc24f638b0cb6e8fb573a72334b5e577afad9ed2b0aab5d009381,512.0,,,,,,
UNRESOLVED_IMAGE,300.0,validation_in_class,WIENER_GAUSSIAN,0.9,0.9293387276785714,SUPPORTED,,e9c3a2d32a8bc24f638b0cb6e8fb573a72334b5e577afad9ed2b0aab5d009381,512.0,,,,,,
UNRESOLVED_IMAGE,300.0,validation_in_class,WIENER_GAUSSIAN,0.95,0.94305419921875,SUPPORTED,,e9c3a2d32a8bc24f638b0cb6e8fb573a72334b5e577afad9ed2b0aab5d009381,512.0,,,,,,
UNRESOLVED_IMAGE,300.0,validation_in_class,WIENER_GAUSSIAN,,,SUPPORTED,joint chi-square calibration,e9c3a2d32a8bc24f638b0cb6e8fb573a72334b5e577afad9ed2b0aab5d009381,,652.4899488934122,224.0,2.9129015575598762,0.0007942964476205237,0.0,224.0
UNRESOLVED_IMAGE,300.0,validation_off_grid,WIENER_GAUSSIAN,0.5,0.8227818080357143,SUPPORTED,,e9c3a2d32a8bc24f638b0cb6e8fb573a72334b5e577afad9ed2b0aab5d009381,320.0,,,,,,
UNRESOLVED_IMAGE,300.0,validation_off_grid,WIENER_GAUSSIAN,0.9,0.9487583705357143,SUPPORTED,,e9c3a2d32a8bc24f638b0cb6e8fb573a72334b5e577afad9ed2b0aab5d009381,320.0,,,,,,
UNRESOLVED_IMAGE,300.0,validation_off_grid,WIENER_GAUSSIAN,0.95,0.9587472098214286,SUPPORTED,,e9c3a2d32a8bc24f638b0cb6e8fb573a72334b5e577afad9ed2b0aab5d009381,320.0,,,,,,
UNRESOLVED_IMAGE,300.0,validation_off_grid,WIENER_GAUSSIAN,,,SUPPORTED,joint chi-square calibration,e9c3a2d32a8bc24f638b0cb6e8fb573a72334b5e577afad9ed2b0aab5d009381,,1300.161702433627,224.0,5.804293314435834,1.587165214817955e-13,0.0,224.0
UNRESOLVED_IMAGE,300.0,validation_ood,WIENER_GAUSSIAN,0.5,0.7986711774553571,SUPPORTED,,e9c3a2d32a8bc24f638b0cb6e8fb573a72334b5e577afad9ed2b0aab5d009381,256.0,,,,,,
UNRESOLVED_IMAGE,300.0,validation_ood,WIENER_GAUSSIAN,0.9,0.9292340959821429,SUPPORTED,,e9c3a2d32a8bc24f638b0cb6e8fb573a72334b5e577afad9ed2b0aab5d009381,256.0,,,,,,
UNRESOLVED_IMAGE,300.0,validation_ood,WIENER_GAUSSIAN,0.95,0.9385463169642857,SUPPORTED,,e9c3a2d32a8bc24f638b0cb6e8fb573a72334b5e577afad9ed2b0aab5d009381,256.0,,,,,,
UNRESOLVED_IMAGE,300.0,validation_ood,WIENER_GAUSSIAN,,,SUPPORTED,joint chi-square calibration,e9c3a2d32a8bc24f638b0cb6e8fb573a72334b5e577afad9ed2b0aab5d009381,,9215.631298209144,224.0,41.14121115271939,0.0,0.0,224.0
UNRESOLVED_IMAGE,300.0,validation_in_class,LINEAR_STATE_SPACE,0.5,0.9730311802455357,SUPPORTED,,e9c3a2d32a8bc24f638b0cb6e8fb573a72334b5e577afad9ed2b0aab5d009381,512.0,,,,,,
UNRESOLVED_IMAGE,300.0,validation_in_class,LINEAR_STATE_SPACE,0.9,0.9987531389508929,SUPPORTED,,e9c3a2d32a8bc24f638b0cb6e8fb573a72334b5e577afad9ed2b0aab5d009381,512.0,,,,,,
UNRESOLVED_IMAGE,300.0,validation_in_class,LINEAR_STATE_SPACE,0.95,0.9995553152901786,SUPPORTED,,e9c3a2d32a8bc24f638b0cb6e8fb573a72334b5e577afad9ed2b0aab5d009381,512.0,,,,,,
UNRESOLVED_IMAGE,300.0,validation_in_class,LINEAR_STATE_SPACE,,,SUPPORTED,joint chi-square calibration,e9c3a2d32a8bc24f638b0cb6e8fb573a72334b5e577afad9ed2b0aab5d009381,,6.805779645635968,224.0,0.030382944846589145,1.0,0.0,224.0
UNRESOLVED_IMAGE,300.0,validation_off_grid,LINEAR_STATE_SPACE,0.5,0.9900111607142857,SUPPORTED,,e9c3a2d32a8bc24f638b0cb6e8fb573a72334b5e577afad9ed2b0aab5d009381,320.0,,,,,,
UNRESOLVED_IMAGE,300.0,validation_off_grid,LINEAR_STATE_SPACE,0.9,0.9999441964285715,SUPPORTED,,e9c3a2d32a8bc24f638b0cb6e8fb573a72334b5e577afad9ed2b0aab5d009381,320.0,,,,,,
UNRESOLVED_IMAGE,300.0,validation_off_grid,LINEAR_STATE_SPACE,0.95,1.0,SUPPORTED,,e9c3a2d32a8bc24f638b0cb6e8fb573a72334b5e577afad9ed2b0aab5d009381,320.0,,,,,,
UNRESOLVED_IMAGE,300.0,validation_off_grid,LINEAR_STATE_SPACE,,,SUPPORTED,joint chi-square calibration,e9c3a2d32a8bc24f638b0cb6e8fb573a72334b5e577afad9ed2b0aab5d009381,,3.439892579586836,224.0,0.015356663301726945,1.0,0.0,224.0
UNRESOLVED_IMAGE,300.0,validation_ood,LINEAR_STATE_SPACE,0.5,0.9912109375,SUPPORTED,,e9c3a2d32a8bc24f638b0cb6e8fb573a72334b5e577afad9ed2b0aab5d009381,256.0,,,,,,
UNRESOLVED_IMAGE,300.0,validation_ood,LINEAR_STATE_SPACE,0.9,1.0,SUPPORTED,,e9c3a2d32a8bc24f638b0cb6e8fb573a72334b5e577afad9ed2b0aab5d009381,256.0,,,,,,
UNRESOLVED_IMAGE,300.0,validation_ood,LINEAR_STATE_SPACE,0.95,1.0,SUPPORTED,,e9c3a2d32a8bc24f638b0cb6e8fb573a72334b5e577afad9ed2b0aab5d009381,256.0,,,,,,
UNRESOLVED_IMAGE,300.0,validation_ood,LINEAR_STATE_SPACE,,,SUPPORTED,joint chi-square calibration,e9c3a2d32a8bc24f638b0cb6e8fb573a72334b5e577afad9ed2b0aab5d009381,,2.9211055979626037,224.0,0.013040649990904481,1.0,0.0,224.0
UNRESOLVED_IMAGE,1000.0,validation_in_class,TSVD,0.5,,NOT_APPLICABLE,point estimator with no posterior covariance,e9c3a2d32a8bc24f638b0cb6e8fb573a72334b5e577afad9ed2b0aab5d009381,,,,,,,
UNRESOLVED_IMAGE,1000.0,validation_in_class,TSVD,0.9,,NOT_APPLICABLE,point estimator with no posterior covariance,e9c3a2d32a8bc24f638b0cb6e8fb573a72334b5e577afad9ed2b0aab5d009381,,,,,,,
UNRESOLVED_IMAGE,1000.0,validation_in_class,TSVD,0.95,,NOT_APPLICABLE,point estimator with no posterior covariance,e9c3a2d32a8bc24f638b0cb6e8fb573a72334b5e577afad9ed2b0aab5d009381,,,,,,,
UNRESOLVED_IMAGE,1000.0,validation_off_grid,TSVD,0.5,,NOT_APPLICABLE,point estimator with no posterior covariance,e9c3a2d32a8bc24f638b0cb6e8fb573a72334b5e577afad9ed2b0aab5d009381,,,,,,,
UNRESOLVED_IMAGE,1000.0,validation_off_grid,TSVD,0.9,,NOT_APPLICABLE,point estimator with no posterior covariance,e9c3a2d32a8bc24f638b0cb6e8fb573a72334b5e577afad9ed2b0aab5d009381,,,,,,,
UNRESOLVED_IMAGE,1000.0,validation_off_grid,TSVD,0.95,,NOT_APPLICABLE,point estimator with no posterior covariance,e9c3a2d32a8bc24f638b0cb6e8fb573a72334b5e577afad9ed2b0aab5d009381,,,,,,,
UNRESOLVED_IMAGE,1000.0,validation_ood,TSVD,0.5,,NOT_APPLICABLE,point estimator with no posterior covariance,e9c3a2d32a8bc24f638b0cb6e8fb573a72334b5e577afad9ed2b0aab5d009381,,,,,,,
UNRESOLVED_IMAGE,1000.0,validation_ood,TSVD,0.9,,NOT_APPLICABLE,point estimator with no posterior covariance,e9c3a2d32a8bc24f638b0cb6e8fb573a72334b5e577afad9ed2b0aab5d009381,,,,,,,
UNRESOLVED_IMAGE,1000.0,validation_ood,TSVD,0.95,,NOT_APPLICABLE,point estimator with no posterior covariance,e9c3a2d32a8bc24f638b0cb6e8fb573a72334b5e577afad9ed2b0aab5d009381,,,,,,,
UNRESOLVED_IMAGE,1000.0,validation_in_class,RIDGE_IDENTITY,0.5,,NOT_APPLICABLE,point estimator with no posterior covariance,e9c3a2d32a8bc24f638b0cb6e8fb573a72334b5e577afad9ed2b0aab5d009381,,,,,,,
UNRESOLVED_IMAGE,1000.0,validation_in_class,RIDGE_IDENTITY,0.9,,NOT_APPLICABLE,point estimator with no posterior covariance,e9c3a2d32a8bc24f638b0cb6e8fb573a72334b5e577afad9ed2b0aab5d009381,,,,,,,
UNRESOLVED_IMAGE,1000.0,validation_in_class,RIDGE_IDENTITY,0.95,,NOT_APPLICABLE,point estimator with no posterior covariance,e9c3a2d32a8bc24f638b0cb6e8fb573a72334b5e577afad9ed2b0aab5d009381,,,,,,,
UNRESOLVED_IMAGE,1000.0,validation_off_grid,RIDGE_IDENTITY,0.5,,NOT_APPLICABLE,point estimator with no posterior covariance,e9c3a2d32a8bc24f638b0cb6e8fb573a72334b5e577afad9ed2b0aab5d009381,,,,,,,
UNRESOLVED_IMAGE,1000.0,validation_off_grid,RIDGE_IDENTITY,0.9,,NOT_APPLICABLE,point estimator with no posterior covariance,e9c3a2d32a8bc24f638b0cb6e8fb573a72334b5e577afad9ed2b0aab5d009381,,,,,,,
UNRESOLVED_IMAGE,1000.0,validation_off_grid,RIDGE_IDENTITY,0.95,,NOT_APPLICABLE,point estimator with no posterior covariance,e9c3a2d32a8bc24f638b0cb6e8fb573a72334b5e577afad9ed2b0aab5d009381,,,,,,,
UNRESOLVED_IMAGE,1000.0,validation_ood,RIDGE_IDENTITY,0.5,,NOT_APPLICABLE,point estimator with no posterior covariance,e9c3a2d32a8bc24f638b0cb6e8fb573a72334b5e577afad9ed2b0aab5d009381,,,,,,,
UNRESOLVED_IMAGE,1000.0,validation_ood,RIDGE_IDENTITY,0.9,,NOT_APPLICABLE,point estimator with no posterior covariance,e9c3a2d32a8bc24f638b0cb6e8fb573a72334b5e577afad9ed2b0aab5d009381,,,,,,,
UNRESOLVED_IMAGE,1000.0,validation_ood,RIDGE_IDENTITY,0.95,,NOT_APPLICABLE,point estimator with no posterior covariance,e9c3a2d32a8bc24f638b0cb6e8fb573a72334b5e577afad9ed2b0aab5d009381,,,,,,,
UNRESOLVED_IMAGE,1000.0,validation_in_class,TIKHONOV_TEMPORAL,0.5,,NOT_APPLICABLE,point estimator with no posterior covariance,e9c3a2d32a8bc24f638b0cb6e8fb573a72334b5e577afad9ed2b0aab5d009381,,,,,,,
UNRESOLVED_IMAGE,1000.0,validation_in_class,TIKHONOV_TEMPORAL,0.9,,NOT_APPLICABLE,point estimator with no posterior covariance,e9c3a2d32a8bc24f638b0cb6e8fb573a72334b5e577afad9ed2b0aab5d009381,,,,,,,
UNRESOLVED_IMAGE,1000.0,validation_in_class,TIKHONOV_TEMPORAL,0.95,,NOT_APPLICABLE,point estimator with no posterior covariance,e9c3a2d32a8bc24f638b0cb6e8fb573a72334b5e577afad9ed2b0aab5d009381,,,,,,,
UNRESOLVED_IMAGE,1000.0,validation_off_grid,TIKHONOV_TEMPORAL,0.5,,NOT_APPLICABLE,point estimator with no posterior covariance,e9c3a2d32a8bc24f638b0cb6e8fb573a72334b5e577afad9ed2b0aab5d009381,,,,,,,
UNRESOLVED_IMAGE,1000.0,validation_off_grid,TIKHONOV_TEMPORAL,0.9,,NOT_APPLICABLE,point estimator with no posterior covariance,e9c3a2d32a8bc24f638b0cb6e8fb573a72334b5e577afad9ed2b0aab5d009381,,,,,,,
UNRESOLVED_IMAGE,1000.0,validation_off_grid,TIKHONOV_TEMPORAL,0.95,,NOT_APPLICABLE,point estimator with no posterior covariance,e9c3a2d32a8bc24f638b0cb6e8fb573a72334b5e577afad9ed2b0aab5d009381,,,,,,,
UNRESOLVED_IMAGE,1000.0,validation_ood,TIKHONOV_TEMPORAL,0.5,,NOT_APPLICABLE,point estimator with no posterior covariance,e9c3a2d32a8bc24f638b0cb6e8fb573a72334b5e577afad9ed2b0aab5d009381,,,,,,,
UNRESOLVED_IMAGE,1000.0,validation_ood,TIKHONOV_TEMPORAL,0.9,,NOT_APPLICABLE,point estimator with no posterior covariance,e9c3a2d32a8bc24f638b0cb6e8fb573a72334b5e577afad9ed2b0aab5d009381,,,,,,,
UNRESOLVED_IMAGE,1000.0,validation_ood,TIKHONOV_TEMPORAL,0.95,,NOT_APPLICABLE,point estimator with no posterior covariance,e9c3a2d32a8bc24f638b0cb6e8fb573a72334b5e577afad9ed2b0aab5d009381,,,,,,,
UNRESOLVED_IMAGE,1000.0,validation_in_class,WIENER_GAUSSIAN,0.5,0.7674298967633929,SUPPORTED,,e9c3a2d32a8bc24f638b0cb6e8fb573a72334b5e577afad9ed2b0aab5d009381,512.0,,,,,,
UNRESOLVED_IMAGE,1000.0,validation_in_class,WIENER_GAUSSIAN,0.9,0.9292776925223214,SUPPORTED,,e9c3a2d32a8bc24f638b0cb6e8fb573a72334b5e577afad9ed2b0aab5d009381,512.0,,,,,,
UNRESOLVED_IMAGE,1000.0,validation_in_class,WIENER_GAUSSIAN,0.95,0.9430280412946429,SUPPORTED,,e9c3a2d32a8bc24f638b0cb6e8fb573a72334b5e577afad9ed2b0aab5d009381,512.0,,,,,,
UNRESOLVED_IMAGE,1000.0,validation_in_class,WIENER_GAUSSIAN,,,SUPPORTED,joint chi-square calibration,e9c3a2d32a8bc24f638b0cb6e8fb573a72334b5e577afad9ed2b0aab5d009381,,653.5053264710075,224.0,2.9174344931741407,0.00068202729655609,0.0,224.0
UNRESOLVED_IMAGE,1000.0,validation_off_grid,WIENER_GAUSSIAN,0.5,0.8221958705357143,SUPPORTED,,e9c3a2d32a8bc24f638b0cb6e8fb573a72334b5e577afad9ed2b0aab5d009381,320.0,,,,,,
UNRESOLVED_IMAGE,1000.0,validation_off_grid,WIENER_GAUSSIAN,0.9,0.9487165178571428,SUPPORTED,,e9c3a2d32a8bc24f638b0cb6e8fb573a72334b5e577afad9ed2b0aab5d009381,320.0,,,,,,
UNRESOLVED_IMAGE,1000.0,validation_off_grid,WIENER_GAUSSIAN,0.95,0.9586635044642857,SUPPORTED,,e9c3a2d32a8bc24f638b0cb6e8fb573a72334b5e577afad9ed2b0aab5d009381,320.0,,,,,,
UNRESOLVED_IMAGE,1000.0,validation_off_grid,WIENER_GAUSSIAN,,,SUPPORTED,joint chi-square calibration,e9c3a2d32a8bc24f638b0cb6e8fb573a72334b5e577afad9ed2b0aab5d009381,,1301.1686945754352,224.0,5.808788815068907,1.2445824251330688e-13,0.0,224.0
UNRESOLVED_IMAGE,1000.0,validation_ood,WIENER_GAUSSIAN,0.5,0.7981480189732143,SUPPORTED,,e9c3a2d32a8bc24f638b0cb6e8fb573a72334b5e577afad9ed2b0aab5d009381,256.0,,,,,,
UNRESOLVED_IMAGE,1000.0,validation_ood,WIENER_GAUSSIAN,0.9,0.9291817801339286,SUPPORTED,,e9c3a2d32a8bc24f638b0cb6e8fb573a72334b5e577afad9ed2b0aab5d009381,256.0,,,,,,
UNRESOLVED_IMAGE,1000.0,validation_ood,WIENER_GAUSSIAN,0.95,0.9384940011160714,SUPPORTED,,e9c3a2d32a8bc24f638b0cb6e8fb573a72334b5e577afad9ed2b0aab5d009381,256.0,,,,,,
UNRESOLVED_IMAGE,1000.0,validation_ood,WIENER_GAUSSIAN,,,SUPPORTED,joint chi-square calibration,e9c3a2d32a8bc24f638b0cb6e8fb573a72334b5e577afad9ed2b0aab5d009381,,9216.645338102255,224.0,41.14573811652792,0.0,0.0,224.0
UNRESOLVED_IMAGE,1000.0,validation_in_class,LINEAR_STATE_SPACE,0.5,0.9729963030133929,SUPPORTED,,e9c3a2d32a8bc24f638b0cb6e8fb573a72334b5e577afad9ed2b0aab5d009381,512.0,,,,,,
UNRESOLVED_IMAGE,1000.0,validation_in_class,LINEAR_STATE_SPACE,0.9,0.9987531389508929,SUPPORTED,,e9c3a2d32a8bc24f638b0cb6e8fb573a72334b5e577afad9ed2b0aab5d009381,512.0,,,,,,
UNRESOLVED_IMAGE,1000.0,validation_in_class,LINEAR_STATE_SPACE,0.95,0.9995553152901786,SUPPORTED,,e9c3a2d32a8bc24f638b0cb6e8fb573a72334b5e577afad9ed2b0aab5d009381,512.0,,,,,,
UNRESOLVED_IMAGE,1000.0,validation_in_class,LINEAR_STATE_SPACE,,,SUPPORTED,joint chi-square calibration,e9c3a2d32a8bc24f638b0cb6e8fb573a72334b5e577afad9ed2b0aab5d009381,,6.804703235844315,224.0,0.03037813944573355,1.0,0.0,224.0
UNRESOLVED_IMAGE,1000.0,validation_off_grid,LINEAR_STATE_SPACE,0.5,0.9900111607142857,SUPPORTED,,e9c3a2d32a8bc24f638b0cb6e8fb573a72334b5e577afad9ed2b0aab5d009381,320.0,,,,,,
UNRESOLVED_IMAGE,1000.0,validation_off_grid,LINEAR_STATE_SPACE,0.9,0.9999302455357143,SUPPORTED,,e9c3a2d32a8bc24f638b0cb6e8fb573a72334b5e577afad9ed2b0aab5d009381,320.0,,,,,,
UNRESOLVED_IMAGE,1000.0,validation_off_grid,LINEAR_STATE_SPACE,0.95,1.0,SUPPORTED,,e9c3a2d32a8bc24f638b0cb6e8fb573a72334b5e577afad9ed2b0aab5d009381,320.0,,,,,,
UNRESOLVED_IMAGE,1000.0,validation_off_grid,LINEAR_STATE_SPACE,,,SUPPORTED,joint chi-square calibration,e9c3a2d32a8bc24f638b0cb6e8fb573a72334b5e577afad9ed2b0aab5d009381,,3.4389211440194827,224.0,0.015352326535801262,1.0,0.0,224.0
UNRESOLVED_IMAGE,1000.0,validation_ood,LINEAR_STATE_SPACE,0.5,0.9911586216517857,SUPPORTED,,e9c3a2d32a8bc24f638b0cb6e8fb573a72334b5e577afad9ed2b0aab5d009381,256.0,,,,,,
UNRESOLVED_IMAGE,1000.0,validation_ood,LINEAR_STATE_SPACE,0.9,1.0,SUPPORTED,,e9c3a2d32a8bc24f638b0cb6e8fb573a72334b5e577afad9ed2b0aab5d009381,256.0,,,,,,
UNRESOLVED_IMAGE,1000.0,validation_ood,LINEAR_STATE_SPACE,0.95,1.0,SUPPORTED,,e9c3a2d32a8bc24f638b0cb6e8fb573a72334b5e577afad9ed2b0aab5d009381,256.0,,,,,,
UNRESOLVED_IMAGE,1000.0,validation_ood,LINEAR_STATE_SPACE,,,SUPPORTED,joint chi-square calibration,e9c3a2d32a8bc24f638b0cb6e8fb573a72334b5e577afad9ed2b0aab5d009381,,2.9199765625641136,224.0,0.013035609654304078,1.0,0.0,224.0
UNRESOLVED_IMAGE,3000.0,validation_in_class,TSVD,0.5,,NOT_APPLICABLE,point estimator with no posterior covariance,e9c3a2d32a8bc24f638b0cb6e8fb573a72334b5e577afad9ed2b0aab5d009381,,,,,,,
UNRESOLVED_IMAGE,3000.0,validation_in_class,TSVD,0.9,,NOT_APPLICABLE,point estimator with no posterior covariance,e9c3a2d32a8bc24f638b0cb6e8fb573a72334b5e577afad9ed2b0aab5d009381,,,,,,,
UNRESOLVED_IMAGE,3000.0,validation_in_class,TSVD,0.95,,NOT_APPLICABLE,point estimator with no posterior covariance,e9c3a2d32a8bc24f638b0cb6e8fb573a72334b5e577afad9ed2b0aab5d009381,,,,,,,
UNRESOLVED_IMAGE,3000.0,validation_off_grid,TSVD,0.5,,NOT_APPLICABLE,point estimator with no posterior covariance,e9c3a2d32a8bc24f638b0cb6e8fb573a72334b5e577afad9ed2b0aab5d009381,,,,,,,
UNRESOLVED_IMAGE,3000.0,validation_off_grid,TSVD,0.9,,NOT_APPLICABLE,point estimator with no posterior covariance,e9c3a2d32a8bc24f638b0cb6e8fb573a72334b5e577afad9ed2b0aab5d009381,,,,,,,
UNRESOLVED_IMAGE,3000.0,validation_off_grid,TSVD,0.95,,NOT_APPLICABLE,point estimator with no posterior covariance,e9c3a2d32a8bc24f638b0cb6e8fb573a72334b5e577afad9ed2b0aab5d009381,,,,,,,
UNRESOLVED_IMAGE,3000.0,validation_ood,TSVD,0.5,,NOT_APPLICABLE,point estimator with no posterior covariance,e9c3a2d32a8bc24f638b0cb6e8fb573a72334b5e577afad9ed2b0aab5d009381,,,,,,,
UNRESOLVED_IMAGE,3000.0,validation_ood,TSVD,0.9,,NOT_APPLICABLE,point estimator with no posterior covariance,e9c3a2d32a8bc24f638b0cb6e8fb573a72334b5e577afad9ed2b0aab5d009381,,,,,,,
UNRESOLVED_IMAGE,3000.0,validation_ood,TSVD,0.95,,NOT_APPLICABLE,point estimator with no posterior covariance,e9c3a2d32a8bc24f638b0cb6e8fb573a72334b5e577afad9ed2b0aab5d009381,,,,,,,
UNRESOLVED_IMAGE,3000.0,validation_in_class,RIDGE_IDENTITY,0.5,,NOT_APPLICABLE,point estimator with no posterior covariance,e9c3a2d32a8bc24f638b0cb6e8fb573a72334b5e577afad9ed2b0aab5d009381,,,,,,,
UNRESOLVED_IMAGE,3000.0,validation_in_class,RIDGE_IDENTITY,0.9,,NOT_APPLICABLE,point estimator with no posterior covariance,e9c3a2d32a8bc24f638b0cb6e8fb573a72334b5e577afad9ed2b0aab5d009381,,,,,,,
UNRESOLVED_IMAGE,3000.0,validation_in_class,RIDGE_IDENTITY,0.95,,NOT_APPLICABLE,point estimator with no posterior covariance,e9c3a2d32a8bc24f638b0cb6e8fb573a72334b5e577afad9ed2b0aab5d009381,,,,,,,
UNRESOLVED_IMAGE,3000.0,validation_off_grid,RIDGE_IDENTITY,0.5,,NOT_APPLICABLE,point estimator with no posterior covariance,e9c3a2d32a8bc24f638b0cb6e8fb573a72334b5e577afad9ed2b0aab5d009381,,,,,,,
UNRESOLVED_IMAGE,3000.0,validation_off_grid,RIDGE_IDENTITY,0.9,,NOT_APPLICABLE,point estimator with no posterior covariance,e9c3a2d32a8bc24f638b0cb6e8fb573a72334b5e577afad9ed2b0aab5d009381,,,,,,,
UNRESOLVED_IMAGE,3000.0,validation_off_grid,RIDGE_IDENTITY,0.95,,NOT_APPLICABLE,point estimator with no posterior covariance,e9c3a2d32a8bc24f638b0cb6e8fb573a72334b5e577afad9ed2b0aab5d009381,,,,,,,
UNRESOLVED_IMAGE,3000.0,validation_ood,RIDGE_IDENTITY,0.5,,NOT_APPLICABLE,point estimator with no posterior covariance,e9c3a2d32a8bc24f638b0cb6e8fb573a72334b5e577afad9ed2b0aab5d009381,,,,,,,
UNRESOLVED_IMAGE,3000.0,validation_ood,RIDGE_IDENTITY,0.9,,NOT_APPLICABLE,point estimator with no posterior covariance,e9c3a2d32a8bc24f638b0cb6e8fb573a72334b5e577afad9ed2b0aab5d009381,,,,,,,
UNRESOLVED_IMAGE,3000.0,validation_ood,RIDGE_IDENTITY,0.95,,NOT_APPLICABLE,point estimator with no posterior covariance,e9c3a2d32a8bc24f638b0cb6e8fb573a72334b5e577afad9ed2b0aab5d009381,,,,,,,
UNRESOLVED_IMAGE,3000.0,validation_in_class,TIKHONOV_TEMPORAL,0.5,,NOT_APPLICABLE,point estimator with no posterior covariance,e9c3a2d32a8bc24f638b0cb6e8fb573a72334b5e577afad9ed2b0aab5d009381,,,,,,,
UNRESOLVED_IMAGE,3000.0,validation_in_class,TIKHONOV_TEMPORAL,0.9,,NOT_APPLICABLE,point estimator with no posterior covariance,e9c3a2d32a8bc24f638b0cb6e8fb573a72334b5e577afad9ed2b0aab5d009381,,,,,,,
UNRESOLVED_IMAGE,3000.0,validation_in_class,TIKHONOV_TEMPORAL,0.95,,NOT_APPLICABLE,point estimator with no posterior covariance,e9c3a2d32a8bc24f638b0cb6e8fb573a72334b5e577afad9ed2b0aab5d009381,,,,,,,
UNRESOLVED_IMAGE,3000.0,validation_off_grid,TIKHONOV_TEMPORAL,0.5,,NOT_APPLICABLE,point estimator with no posterior covariance,e9c3a2d32a8bc24f638b0cb6e8fb573a72334b5e577afad9ed2b0aab5d009381,,,,,,,
UNRESOLVED_IMAGE,3000.0,validation_off_grid,TIKHONOV_TEMPORAL,0.9,,NOT_APPLICABLE,point estimator with no posterior covariance,e9c3a2d32a8bc24f638b0cb6e8fb573a72334b5e577afad9ed2b0aab5d009381,,,,,,,
UNRESOLVED_IMAGE,3000.0,validation_off_grid,TIKHONOV_TEMPORAL,0.95,,NOT_APPLICABLE,point estimator with no posterior covariance,e9c3a2d32a8bc24f638b0cb6e8fb573a72334b5e577afad9ed2b0aab5d009381,,,,,,,
UNRESOLVED_IMAGE,3000.0,validation_ood,TIKHONOV_TEMPORAL,0.5,,NOT_APPLICABLE,point estimator with no posterior covariance,e9c3a2d32a8bc24f638b0cb6e8fb573a72334b5e577afad9ed2b0aab5d009381,,,,,,,
UNRESOLVED_IMAGE,3000.0,validation_ood,TIKHONOV_TEMPORAL,0.9,,NOT_APPLICABLE,point estimator with no posterior covariance,e9c3a2d32a8bc24f638b0cb6e8fb573a72334b5e577afad9ed2b0aab5d009381,,,,,,,
UNRESOLVED_IMAGE,3000.0,validation_ood,TIKHONOV_TEMPORAL,0.95,,NOT_APPLICABLE,point estimator with no posterior covariance,e9c3a2d32a8bc24f638b0cb6e8fb573a72334b5e577afad9ed2b0aab5d009381,,,,,,,
UNRESOLVED_IMAGE,3000.0,validation_in_class,WIENER_GAUSSIAN,0.5,0.7672467912946429,SUPPORTED,,e9c3a2d32a8bc24f638b0cb6e8fb573a72334b5e577afad9ed2b0aab5d009381,512.0,,,,,,
UNRESOLVED_IMAGE,3000.0,validation_in_class,WIENER_GAUSSIAN,0.9,0.9292776925223214,SUPPORTED,,e9c3a2d32a8bc24f638b0cb6e8fb573a72334b5e577afad9ed2b0aab5d009381,512.0,,,,,,
UNRESOLVED_IMAGE,3000.0,validation_in_class,WIENER_GAUSSIAN,0.95,0.9429495675223214,SUPPORTED,,e9c3a2d32a8bc24f638b0cb6e8fb573a72334b5e577afad9ed2b0aab5d009381,512.0,,,,,,
UNRESOLVED_IMAGE,3000.0,validation_in_class,WIENER_GAUSSIAN,,,SUPPORTED,joint chi-square calibration,e9c3a2d32a8bc24f638b0cb6e8fb573a72334b5e577afad9ed2b0aab5d009381,,653.7968353802871,224.0,2.9187358722334245,0.0006543365791217258,0.0,224.0
UNRESOLVED_IMAGE,3000.0,validation_off_grid,WIENER_GAUSSIAN,0.5,0.8219866071428571,SUPPORTED,,e9c3a2d32a8bc24f638b0cb6e8fb573a72334b5e577afad9ed2b0aab5d009381,320.0,,,,,,
UNRESOLVED_IMAGE,3000.0,validation_off_grid,WIENER_GAUSSIAN,0.9,0.9487025669642857,SUPPORTED,,e9c3a2d32a8bc24f638b0cb6e8fb573a72334b5e577afad9ed2b0aab5d009381,320.0,,,,,,
UNRESOLVED_IMAGE,3000.0,validation_off_grid,WIENER_GAUSSIAN,0.95,0.9586216517857142,SUPPORTED,,e9c3a2d32a8bc24f638b0cb6e8fb573a72334b5e577afad9ed2b0aab5d009381,320.0,,,,,,
UNRESOLVED_IMAGE,3000.0,validation_off_grid,WIENER_GAUSSIAN,,,SUPPORTED,joint chi-square calibration,e9c3a2d32a8bc24f638b0cb6e8fb573a72334b5e577afad9ed2b0aab5d009381,,1301.4584238775624,224.0,5.810082249453403,1.164504273608682e-13,0.0,224.0
UNRESOLVED_IMAGE,3000.0,validation_ood,WIENER_GAUSSIAN,0.5,0.7978864397321429,SUPPORTED,,e9c3a2d32a8bc24f638b0cb6e8fb573a72334b5e577afad9ed2b0aab5d009381,256.0,,,,,,
UNRESOLVED_IMAGE,3000.0,validation_ood,WIENER_GAUSSIAN,0.9,0.9291817801339286,SUPPORTED,,e9c3a2d32a8bc24f638b0cb6e8fb573a72334b5e577afad9ed2b0aab5d009381,256.0,,,,,,
UNRESOLVED_IMAGE,3000.0,validation_ood,WIENER_GAUSSIAN,0.95,0.9384591238839286,SUPPORTED,,e9c3a2d32a8bc24f638b0cb6e8fb573a72334b5e577afad9ed2b0aab5d009381,256.0,,,,,,
UNRESOLVED_IMAGE,3000.0,validation_ood,WIENER_GAUSSIAN,,,SUPPORTED,joint chi-square calibration,e9c3a2d32a8bc24f638b0cb6e8fb573a72334b5e577afad9ed2b0aab5d009381,,9216.936403375554,224.0,41.147037515069435,0.0,0.0,224.0
UNRESOLVED_IMAGE,3000.0,validation_in_class,LINEAR_STATE_SPACE,0.5,0.9729788643973214,SUPPORTED,,e9c3a2d32a8bc24f638b0cb6e8fb573a72334b5e577afad9ed2b0aab5d009381,512.0,,,,,,
UNRESOLVED_IMAGE,3000.0,validation_in_class,LINEAR_STATE_SPACE,0.9,0.9987531389508929,SUPPORTED,,e9c3a2d32a8bc24f638b0cb6e8fb573a72334b5e577afad9ed2b0aab5d009381,512.0,,,,,,
UNRESOLVED_IMAGE,3000.0,validation_in_class,LINEAR_STATE_SPACE,0.95,0.9995553152901786,SUPPORTED,,e9c3a2d32a8bc24f638b0cb6e8fb573a72334b5e577afad9ed2b0aab5d009381,512.0,,,,,,
UNRESOLVED_IMAGE,3000.0,validation_in_class,LINEAR_STATE_SPACE,,,SUPPORTED,joint chi-square calibration,e9c3a2d32a8bc24f638b0cb6e8fb573a72334b5e577afad9ed2b0aab5d009381,,6.804615113025176,224.0,0.030377746040290966,1.0,0.0,224.0
UNRESOLVED_IMAGE,3000.0,validation_off_grid,LINEAR_STATE_SPACE,0.5,0.9900111607142857,SUPPORTED,,e9c3a2d32a8bc24f638b0cb6e8fb573a72334b5e577afad9ed2b0aab5d009381,320.0,,,,,,
UNRESOLVED_IMAGE,3000.0,validation_off_grid,LINEAR_STATE_SPACE,0.9,0.9999441964285715,SUPPORTED,,e9c3a2d32a8bc24f638b0cb6e8fb573a72334b5e577afad9ed2b0aab5d009381,320.0,,,,,,
UNRESOLVED_IMAGE,3000.0,validation_off_grid,LINEAR_STATE_SPACE,0.95,1.0,SUPPORTED,,e9c3a2d32a8bc24f638b0cb6e8fb573a72334b5e577afad9ed2b0aab5d009381,320.0,,,,,,
UNRESOLVED_IMAGE,3000.0,validation_off_grid,LINEAR_STATE_SPACE,,,SUPPORTED,joint chi-square calibration,e9c3a2d32a8bc24f638b0cb6e8fb573a72334b5e577afad9ed2b0aab5d009381,,3.4388593082108487,224.0,0.015352050483084146,1.0,0.0,224.0
UNRESOLVED_IMAGE,3000.0,validation_ood,LINEAR_STATE_SPACE,0.5,0.9911586216517857,SUPPORTED,,e9c3a2d32a8bc24f638b0cb6e8fb573a72334b5e577afad9ed2b0aab5d009381,256.0,,,,,,
UNRESOLVED_IMAGE,3000.0,validation_ood,LINEAR_STATE_SPACE,0.9,1.0,SUPPORTED,,e9c3a2d32a8bc24f638b0cb6e8fb573a72334b5e577afad9ed2b0aab5d009381,256.0,,,,,,
UNRESOLVED_IMAGE,3000.0,validation_ood,LINEAR_STATE_SPACE,0.95,1.0,SUPPORTED,,e9c3a2d32a8bc24f638b0cb6e8fb573a72334b5e577afad9ed2b0aab5d009381,256.0,,,,,,
UNRESOLVED_IMAGE,3000.0,validation_ood,LINEAR_STATE_SPACE,,,SUPPORTED,joint chi-square calibration,e9c3a2d32a8bc24f638b0cb6e8fb573a72334b5e577afad9ed2b0aab5d009381,,2.9198866687797618,224.0,0.013035208342766794,1.0,0.0,224.0
UNRESOLVED_IMAGE,10000.0,validation_in_class,TSVD,0.5,,NOT_APPLICABLE,point estimator with no posterior covariance,e9c3a2d32a8bc24f638b0cb6e8fb573a72334b5e577afad9ed2b0aab5d009381,,,,,,,
UNRESOLVED_IMAGE,10000.0,validation_in_class,TSVD,0.9,,NOT_APPLICABLE,point estimator with no posterior covariance,e9c3a2d32a8bc24f638b0cb6e8fb573a72334b5e577afad9ed2b0aab5d009381,,,,,,,
UNRESOLVED_IMAGE,10000.0,validation_in_class,TSVD,0.95,,NOT_APPLICABLE,point estimator with no posterior covariance,e9c3a2d32a8bc24f638b0cb6e8fb573a72334b5e577afad9ed2b0aab5d009381,,,,,,,
UNRESOLVED_IMAGE,10000.0,validation_off_grid,TSVD,0.5,,NOT_APPLICABLE,point estimator with no posterior covariance,e9c3a2d32a8bc24f638b0cb6e8fb573a72334b5e577afad9ed2b0aab5d009381,,,,,,,
UNRESOLVED_IMAGE,10000.0,validation_off_grid,TSVD,0.9,,NOT_APPLICABLE,point estimator with no posterior covariance,e9c3a2d32a8bc24f638b0cb6e8fb573a72334b5e577afad9ed2b0aab5d009381,,,,,,,
UNRESOLVED_IMAGE,10000.0,validation_off_grid,TSVD,0.95,,NOT_APPLICABLE,point estimator with no posterior covariance,e9c3a2d32a8bc24f638b0cb6e8fb573a72334b5e577afad9ed2b0aab5d009381,,,,,,,
UNRESOLVED_IMAGE,10000.0,validation_ood,TSVD,0.5,,NOT_APPLICABLE,point estimator with no posterior covariance,e9c3a2d32a8bc24f638b0cb6e8fb573a72334b5e577afad9ed2b0aab5d009381,,,,,,,
UNRESOLVED_IMAGE,10000.0,validation_ood,TSVD,0.9,,NOT_APPLICABLE,point estimator with no posterior covariance,e9c3a2d32a8bc24f638b0cb6e8fb573a72334b5e577afad9ed2b0aab5d009381,,,,,,,
UNRESOLVED_IMAGE,10000.0,validation_ood,TSVD,0.95,,NOT_APPLICABLE,point estimator with no posterior covariance,e9c3a2d32a8bc24f638b0cb6e8fb573a72334b5e577afad9ed2b0aab5d009381,,,,,,,
UNRESOLVED_IMAGE,10000.0,validation_in_class,RIDGE_IDENTITY,0.5,,NOT_APPLICABLE,point estimator with no posterior covariance,e9c3a2d32a8bc24f638b0cb6e8fb573a72334b5e577afad9ed2b0aab5d009381,,,,,,,
UNRESOLVED_IMAGE,10000.0,validation_in_class,RIDGE_IDENTITY,0.9,,NOT_APPLICABLE,point estimator with no posterior covariance,e9c3a2d32a8bc24f638b0cb6e8fb573a72334b5e577afad9ed2b0aab5d009381,,,,,,,
UNRESOLVED_IMAGE,10000.0,validation_in_class,RIDGE_IDENTITY,0.95,,NOT_APPLICABLE,point estimator with no posterior covariance,e9c3a2d32a8bc24f638b0cb6e8fb573a72334b5e577afad9ed2b0aab5d009381,,,,,,,
UNRESOLVED_IMAGE,10000.0,validation_off_grid,RIDGE_IDENTITY,0.5,,NOT_APPLICABLE,point estimator with no posterior covariance,e9c3a2d32a8bc24f638b0cb6e8fb573a72334b5e577afad9ed2b0aab5d009381,,,,,,,
UNRESOLVED_IMAGE,10000.0,validation_off_grid,RIDGE_IDENTITY,0.9,,NOT_APPLICABLE,point estimator with no posterior covariance,e9c3a2d32a8bc24f638b0cb6e8fb573a72334b5e577afad9ed2b0aab5d009381,,,,,,,
UNRESOLVED_IMAGE,10000.0,validation_off_grid,RIDGE_IDENTITY,0.95,,NOT_APPLICABLE,point estimator with no posterior covariance,e9c3a2d32a8bc24f638b0cb6e8fb573a72334b5e577afad9ed2b0aab5d009381,,,,,,,
UNRESOLVED_IMAGE,10000.0,validation_ood,RIDGE_IDENTITY,0.5,,NOT_APPLICABLE,point estimator with no posterior covariance,e9c3a2d32a8bc24f638b0cb6e8fb573a72334b5e577afad9ed2b0aab5d009381,,,,,,,
UNRESOLVED_IMAGE,10000.0,validation_ood,RIDGE_IDENTITY,0.9,,NOT_APPLICABLE,point estimator with no posterior covariance,e9c3a2d32a8bc24f638b0cb6e8fb573a72334b5e577afad9ed2b0aab5d009381,,,,,,,
UNRESOLVED_IMAGE,10000.0,validation_ood,RIDGE_IDENTITY,0.95,,NOT_APPLICABLE,point estimator with no posterior covariance,e9c3a2d32a8bc24f638b0cb6e8fb573a72334b5e577afad9ed2b0aab5d009381,,,,,,,
UNRESOLVED_IMAGE,10000.0,validation_in_class,TIKHONOV_TEMPORAL,0.5,,NOT_APPLICABLE,point estimator with no posterior covariance,e9c3a2d32a8bc24f638b0cb6e8fb573a72334b5e577afad9ed2b0aab5d009381,,,,,,,
UNRESOLVED_IMAGE,10000.0,validation_in_class,TIKHONOV_TEMPORAL,0.9,,NOT_APPLICABLE,point estimator with no posterior covariance,e9c3a2d32a8bc24f638b0cb6e8fb573a72334b5e577afad9ed2b0aab5d009381,,,,,,,
UNRESOLVED_IMAGE,10000.0,validation_in_class,TIKHONOV_TEMPORAL,0.95,,NOT_APPLICABLE,point estimator with no posterior covariance,e9c3a2d32a8bc24f638b0cb6e8fb573a72334b5e577afad9ed2b0aab5d009381,,,,,,,
UNRESOLVED_IMAGE,10000.0,validation_off_grid,TIKHONOV_TEMPORAL,0.5,,NOT_APPLICABLE,point estimator with no posterior covariance,e9c3a2d32a8bc24f638b0cb6e8fb573a72334b5e577afad9ed2b0aab5d009381,,,,,,,
UNRESOLVED_IMAGE,10000.0,validation_off_grid,TIKHONOV_TEMPORAL,0.9,,NOT_APPLICABLE,point estimator with no posterior covariance,e9c3a2d32a8bc24f638b0cb6e8fb573a72334b5e577afad9ed2b0aab5d009381,,,,,,,
UNRESOLVED_IMAGE,10000.0,validation_off_grid,TIKHONOV_TEMPORAL,0.95,,NOT_APPLICABLE,point estimator with no posterior covariance,e9c3a2d32a8bc24f638b0cb6e8fb573a72334b5e577afad9ed2b0aab5d009381,,,,,,,
UNRESOLVED_IMAGE,10000.0,validation_ood,TIKHONOV_TEMPORAL,0.5,,NOT_APPLICABLE,point estimator with no posterior covariance,e9c3a2d32a8bc24f638b0cb6e8fb573a72334b5e577afad9ed2b0aab5d009381,,,,,,,
UNRESOLVED_IMAGE,10000.0,validation_ood,TIKHONOV_TEMPORAL,0.9,,NOT_APPLICABLE,point estimator with no posterior covariance,e9c3a2d32a8bc24f638b0cb6e8fb573a72334b5e577afad9ed2b0aab5d009381,,,,,,,
UNRESOLVED_IMAGE,10000.0,validation_ood,TIKHONOV_TEMPORAL,0.95,,NOT_APPLICABLE,point estimator with no posterior covariance,e9c3a2d32a8bc24f638b0cb6e8fb573a72334b5e577afad9ed2b0aab5d009381,,,,,,,
UNRESOLVED_IMAGE,10000.0,validation_in_class,WIENER_GAUSSIAN,0.5,0.7671770368303571,SUPPORTED,,e9c3a2d32a8bc24f638b0cb6e8fb573a72334b5e577afad9ed2b0aab5d009381,512.0,,,,,,
UNRESOLVED_IMAGE,10000.0,validation_in_class,WIENER_GAUSSIAN,0.9,0.9292776925223214,SUPPORTED,,e9c3a2d32a8bc24f638b0cb6e8fb573a72334b5e577afad9ed2b0aab5d009381,512.0,,,,,,
UNRESOLVED_IMAGE,10000.0,validation_in_class,WIENER_GAUSSIAN,0.95,0.9429495675223214,SUPPORTED,,e9c3a2d32a8bc24f638b0cb6e8fb573a72334b5e577afad9ed2b0aab5d009381,512.0,,,,,,
UNRESOLVED_IMAGE,10000.0,validation_in_class,WIENER_GAUSSIAN,,,SUPPORTED,joint chi-square calibration,e9c3a2d32a8bc24f638b0cb6e8fb573a72334b5e577afad9ed2b0aab5d009381,,653.898939212975,224.0,2.919191692915067,0.0006446773660040732,0.0,224.0
UNRESOLVED_IMAGE,10000.0,validation_off_grid,WIENER_GAUSSIAN,0.5,0.8219447544642857,SUPPORTED,,e9c3a2d32a8bc24f638b0cb6e8fb573a72334b5e577afad9ed2b0aab5d009381,320.0,,,,,,
UNRESOLVED_IMAGE,10000.0,validation_off_grid,WIENER_GAUSSIAN,0.9,0.9487025669642857,SUPPORTED,,e9c3a2d32a8bc24f638b0cb6e8fb573a72334b5e577afad9ed2b0aab5d009381,320.0,,,,,,
UNRESOLVED_IMAGE,10000.0,validation_off_grid,WIENER_GAUSSIAN,0.95,0.9586216517857142,SUPPORTED,,e9c3a2d32a8bc24f638b0cb6e8fb573a72334b5e577afad9ed2b0aab5d009381,320.0,,,,,,
UNRESOLVED_IMAGE,10000.0,validation_off_grid,WIENER_GAUSSIAN,,,SUPPORTED,joint chi-square calibration,e9c3a2d32a8bc24f638b0cb6e8fb573a72334b5e577afad9ed2b0aab5d009381,,1301.5601345954356,224.0,5.810536315158195,1.136109660251764e-13,0.0,224.0
UNRESOLVED_IMAGE,10000.0,validation_ood,WIENER_GAUSSIAN,0.5,0.7978166852678571,SUPPORTED,,e9c3a2d32a8bc24f638b0cb6e8fb573a72334b5e577afad9ed2b0aab5d009381,256.0,,,,,,
UNRESOLVED_IMAGE,10000.0,validation_ood,WIENER_GAUSSIAN,0.9,0.9291817801339286,SUPPORTED,,e9c3a2d32a8bc24f638b0cb6e8fb573a72334b5e577afad9ed2b0aab5d009381,256.0,,,,,,
UNRESOLVED_IMAGE,10000.0,validation_ood,WIENER_GAUSSIAN,0.95,0.9384416852678571,SUPPORTED,,e9c3a2d32a8bc24f638b0cb6e8fb573a72334b5e577afad9ed2b0aab5d009381,256.0,,,,,,
UNRESOLVED_IMAGE,10000.0,validation_ood,WIENER_GAUSSIAN,,,SUPPORTED,joint chi-square calibration,e9c3a2d32a8bc24f638b0cb6e8fb573a72334b5e577afad9ed2b0aab5d009381,,9217.038622786025,224.0,41.147493851723326,0.0,0.0,224.0
UNRESOLVED_IMAGE,10000.0,validation_in_class,LINEAR_STATE_SPACE,0.5,0.9729875837053571,SUPPORTED,,e9c3a2d32a8bc24f638b0cb6e8fb573a72334b5e577afad9ed2b0aab5d009381,512.0,,,,,,
UNRESOLVED_IMAGE,10000.0,validation_in_class,LINEAR_STATE_SPACE,0.9,0.9987531389508929,SUPPORTED,,e9c3a2d32a8bc24f638b0cb6e8fb573a72334b5e577afad9ed2b0aab5d009381,512.0,,,,,,
UNRESOLVED_IMAGE,10000.0,validation_in_class,LINEAR_STATE_SPACE,0.95,0.9995553152901786,SUPPORTED,,e9c3a2d32a8bc24f638b0cb6e8fb573a72334b5e577afad9ed2b0aab5d009381,512.0,,,,,,
UNRESOLVED_IMAGE,10000.0,validation_in_class,LINEAR_STATE_SPACE,,,SUPPORTED,joint chi-square calibration,e9c3a2d32a8bc24f638b0cb6e8fb573a72334b5e577afad9ed2b0aab5d009381,,6.804608852591734,224.0,0.030377718091927384,1.0,0.0,224.0
UNRESOLVED_IMAGE,10000.0,validation_off_grid,LINEAR_STATE_SPACE,0.5,0.9900251116071429,SUPPORTED,,e9c3a2d32a8bc24f638b0cb6e8fb573a72334b5e577afad9ed2b0aab5d009381,320.0,,,,,,
UNRESOLVED_IMAGE,10000.0,validation_off_grid,LINEAR_STATE_SPACE,0.9,0.9999441964285715,SUPPORTED,,e9c3a2d32a8bc24f638b0cb6e8fb573a72334b5e577afad9ed2b0aab5d009381,320.0,,,,,,
UNRESOLVED_IMAGE,10000.0,validation_off_grid,LINEAR_STATE_SPACE,0.95,1.0,SUPPORTED,,e9c3a2d32a8bc24f638b0cb6e8fb573a72334b5e577afad9ed2b0aab5d009381,320.0,,,,,,
UNRESOLVED_IMAGE,10000.0,validation_off_grid,LINEAR_STATE_SPACE,,,SUPPORTED,joint chi-square calibration,e9c3a2d32a8bc24f638b0cb6e8fb573a72334b5e577afad9ed2b0aab5d009381,,3.4388593373273606,224.0,0.015352050613068574,1.0,0.0,224.0
UNRESOLVED_IMAGE,10000.0,validation_ood,LINEAR_STATE_SPACE,0.5,0.9911586216517857,SUPPORTED,,e9c3a2d32a8bc24f638b0cb6e8fb573a72334b5e577afad9ed2b0aab5d009381,256.0,,,,,,
UNRESOLVED_IMAGE,10000.0,validation_ood,LINEAR_STATE_SPACE,0.9,1.0,SUPPORTED,,e9c3a2d32a8bc24f638b0cb6e8fb573a72334b5e577afad9ed2b0aab5d009381,256.0,,,,,,
UNRESOLVED_IMAGE,10000.0,validation_ood,LINEAR_STATE_SPACE,0.95,1.0,SUPPORTED,,e9c3a2d32a8bc24f638b0cb6e8fb573a72334b5e577afad9ed2b0aab5d009381,256.0,,,,,,
UNRESOLVED_IMAGE,10000.0,validation_ood,LINEAR_STATE_SPACE,,,SUPPORTED,joint chi-square calibration,e9c3a2d32a8bc24f638b0cb6e8fb573a72334b5e577afad9ed2b0aab5d009381,,2.9198815608016826,224.0,0.013035185539293226,1.0,0.0,224.0
UNRESOLVED_IMAGE,30000.0,validation_in_class,TSVD,0.5,,NOT_APPLICABLE,point estimator with no posterior covariance,e9c3a2d32a8bc24f638b0cb6e8fb573a72334b5e577afad9ed2b0aab5d009381,,,,,,,
UNRESOLVED_IMAGE,30000.0,validation_in_class,TSVD,0.9,,NOT_APPLICABLE,point estimator with no posterior covariance,e9c3a2d32a8bc24f638b0cb6e8fb573a72334b5e577afad9ed2b0aab5d009381,,,,,,,
UNRESOLVED_IMAGE,30000.0,validation_in_class,TSVD,0.95,,NOT_APPLICABLE,point estimator with no posterior covariance,e9c3a2d32a8bc24f638b0cb6e8fb573a72334b5e577afad9ed2b0aab5d009381,,,,,,,
UNRESOLVED_IMAGE,30000.0,validation_off_grid,TSVD,0.5,,NOT_APPLICABLE,point estimator with no posterior covariance,e9c3a2d32a8bc24f638b0cb6e8fb573a72334b5e577afad9ed2b0aab5d009381,,,,,,,
UNRESOLVED_IMAGE,30000.0,validation_off_grid,TSVD,0.9,,NOT_APPLICABLE,point estimator with no posterior covariance,e9c3a2d32a8bc24f638b0cb6e8fb573a72334b5e577afad9ed2b0aab5d009381,,,,,,,
UNRESOLVED_IMAGE,30000.0,validation_off_grid,TSVD,0.95,,NOT_APPLICABLE,point estimator with no posterior covariance,e9c3a2d32a8bc24f638b0cb6e8fb573a72334b5e577afad9ed2b0aab5d009381,,,,,,,
UNRESOLVED_IMAGE,30000.0,validation_ood,TSVD,0.5,,NOT_APPLICABLE,point estimator with no posterior covariance,e9c3a2d32a8bc24f638b0cb6e8fb573a72334b5e577afad9ed2b0aab5d009381,,,,,,,
UNRESOLVED_IMAGE,30000.0,validation_ood,TSVD,0.9,,NOT_APPLICABLE,point estimator with no posterior covariance,e9c3a2d32a8bc24f638b0cb6e8fb573a72334b5e577afad9ed2b0aab5d009381,,,,,,,
UNRESOLVED_IMAGE,30000.0,validation_ood,TSVD,0.95,,NOT_APPLICABLE,point estimator with no posterior covariance,e9c3a2d32a8bc24f638b0cb6e8fb573a72334b5e577afad9ed2b0aab5d009381,,,,,,,
UNRESOLVED_IMAGE,30000.0,validation_in_class,RIDGE_IDENTITY,0.5,,NOT_APPLICABLE,point estimator with no posterior covariance,e9c3a2d32a8bc24f638b0cb6e8fb573a72334b5e577afad9ed2b0aab5d009381,,,,,,,
UNRESOLVED_IMAGE,30000.0,validation_in_class,RIDGE_IDENTITY,0.9,,NOT_APPLICABLE,point estimator with no posterior covariance,e9c3a2d32a8bc24f638b0cb6e8fb573a72334b5e577afad9ed2b0aab5d009381,,,,,,,
UNRESOLVED_IMAGE,30000.0,validation_in_class,RIDGE_IDENTITY,0.95,,NOT_APPLICABLE,point estimator with no posterior covariance,e9c3a2d32a8bc24f638b0cb6e8fb573a72334b5e577afad9ed2b0aab5d009381,,,,,,,
UNRESOLVED_IMAGE,30000.0,validation_off_grid,RIDGE_IDENTITY,0.5,,NOT_APPLICABLE,point estimator with no posterior covariance,e9c3a2d32a8bc24f638b0cb6e8fb573a72334b5e577afad9ed2b0aab5d009381,,,,,,,
UNRESOLVED_IMAGE,30000.0,validation_off_grid,RIDGE_IDENTITY,0.9,,NOT_APPLICABLE,point estimator with no posterior covariance,e9c3a2d32a8bc24f638b0cb6e8fb573a72334b5e577afad9ed2b0aab5d009381,,,,,,,
UNRESOLVED_IMAGE,30000.0,validation_off_grid,RIDGE_IDENTITY,0.95,,NOT_APPLICABLE,point estimator with no posterior covariance,e9c3a2d32a8bc24f638b0cb6e8fb573a72334b5e577afad9ed2b0aab5d009381,,,,,,,
UNRESOLVED_IMAGE,30000.0,validation_ood,RIDGE_IDENTITY,0.5,,NOT_APPLICABLE,point estimator with no posterior covariance,e9c3a2d32a8bc24f638b0cb6e8fb573a72334b5e577afad9ed2b0aab5d009381,,,,,,,
UNRESOLVED_IMAGE,30000.0,validation_ood,RIDGE_IDENTITY,0.9,,NOT_APPLICABLE,point estimator with no posterior covariance,e9c3a2d32a8bc24f638b0cb6e8fb573a72334b5e577afad9ed2b0aab5d009381,,,,,,,
UNRESOLVED_IMAGE,30000.0,validation_ood,RIDGE_IDENTITY,0.95,,NOT_APPLICABLE,point estimator with no posterior covariance,e9c3a2d32a8bc24f638b0cb6e8fb573a72334b5e577afad9ed2b0aab5d009381,,,,,,,
UNRESOLVED_IMAGE,30000.0,validation_in_class,TIKHONOV_TEMPORAL,0.5,,NOT_APPLICABLE,point estimator with no posterior covariance,e9c3a2d32a8bc24f638b0cb6e8fb573a72334b5e577afad9ed2b0aab5d009381,,,,,,,
UNRESOLVED_IMAGE,30000.0,validation_in_class,TIKHONOV_TEMPORAL,0.9,,NOT_APPLICABLE,point estimator with no posterior covariance,e9c3a2d32a8bc24f638b0cb6e8fb573a72334b5e577afad9ed2b0aab5d009381,,,,,,,
UNRESOLVED_IMAGE,30000.0,validation_in_class,TIKHONOV_TEMPORAL,0.95,,NOT_APPLICABLE,point estimator with no posterior covariance,e9c3a2d32a8bc24f638b0cb6e8fb573a72334b5e577afad9ed2b0aab5d009381,,,,,,,
UNRESOLVED_IMAGE,30000.0,validation_off_grid,TIKHONOV_TEMPORAL,0.5,,NOT_APPLICABLE,point estimator with no posterior covariance,e9c3a2d32a8bc24f638b0cb6e8fb573a72334b5e577afad9ed2b0aab5d009381,,,,,,,
UNRESOLVED_IMAGE,30000.0,validation_off_grid,TIKHONOV_TEMPORAL,0.9,,NOT_APPLICABLE,point estimator with no posterior covariance,e9c3a2d32a8bc24f638b0cb6e8fb573a72334b5e577afad9ed2b0aab5d009381,,,,,,,
UNRESOLVED_IMAGE,30000.0,validation_off_grid,TIKHONOV_TEMPORAL,0.95,,NOT_APPLICABLE,point estimator with no posterior covariance,e9c3a2d32a8bc24f638b0cb6e8fb573a72334b5e577afad9ed2b0aab5d009381,,,,,,,
UNRESOLVED_IMAGE,30000.0,validation_ood,TIKHONOV_TEMPORAL,0.5,,NOT_APPLICABLE,point estimator with no posterior covariance,e9c3a2d32a8bc24f638b0cb6e8fb573a72334b5e577afad9ed2b0aab5d009381,,,,,,,
UNRESOLVED_IMAGE,30000.0,validation_ood,TIKHONOV_TEMPORAL,0.9,,NOT_APPLICABLE,point estimator with no posterior covariance,e9c3a2d32a8bc24f638b0cb6e8fb573a72334b5e577afad9ed2b0aab5d009381,,,,,,,
UNRESOLVED_IMAGE,30000.0,validation_ood,TIKHONOV_TEMPORAL,0.95,,NOT_APPLICABLE,point estimator with no posterior covariance,e9c3a2d32a8bc24f638b0cb6e8fb573a72334b5e577afad9ed2b0aab5d009381,,,,,,,
UNRESOLVED_IMAGE,30000.0,validation_in_class,WIENER_GAUSSIAN,0.5,0.7671595982142857,SUPPORTED,,e9c3a2d32a8bc24f638b0cb6e8fb573a72334b5e577afad9ed2b0aab5d009381,512.0,,,,,,
UNRESOLVED_IMAGE,30000.0,validation_in_class,WIENER_GAUSSIAN,0.9,0.9292776925223214,SUPPORTED,,e9c3a2d32a8bc24f638b0cb6e8fb573a72334b5e577afad9ed2b0aab5d009381,512.0,,,,,,
UNRESOLVED_IMAGE,30000.0,validation_in_class,WIENER_GAUSSIAN,0.95,0.9429408482142857,SUPPORTED,,e9c3a2d32a8bc24f638b0cb6e8fb573a72334b5e577afad9ed2b0aab5d009381,512.0,,,,,,
UNRESOLVED_IMAGE,30000.0,validation_in_class,WIENER_GAUSSIAN,,,SUPPORTED,joint chi-square calibration,e9c3a2d32a8bc24f638b0cb6e8fb573a72334b5e577afad9ed2b0aab5d009381,,653.9281071548431,224.0,2.919321906941264,0.0006418908625309024,0.0,224.0
UNRESOLVED_IMAGE,30000.0,validation_off_grid,WIENER_GAUSSIAN,0.5,0.8219308035714286,SUPPORTED,,e9c3a2d32a8bc24f638b0cb6e8fb573a72334b5e577afad9ed2b0aab5d009381,320.0,,,,,,
UNRESOLVED_IMAGE,30000.0,validation_off_grid,WIENER_GAUSSIAN,0.9,0.9486886160714286,SUPPORTED,,e9c3a2d32a8bc24f638b0cb6e8fb573a72334b5e577afad9ed2b0aab5d009381,320.0,,,,,,
UNRESOLVED_IMAGE,30000.0,validation_off_grid,WIENER_GAUSSIAN,0.95,0.9586216517857142,SUPPORTED,,e9c3a2d32a8bc24f638b0cb6e8fb573a72334b5e577afad9ed2b0aab5d009381,320.0,,,,,,
UNRESOLVED_IMAGE,30000.0,validation_off_grid,WIENER_GAUSSIAN,,,SUPPORTED,joint chi-square calibration,e9c3a2d32a8bc24f638b0cb6e8fb573a72334b5e577afad9ed2b0aab5d009381,,1301.589078580228,224.0,5.810665529376018,1.1278919919208023e-13,0.0,224.0
UNRESOLVED_IMAGE,30000.0,validation_ood,WIENER_GAUSSIAN,0.5,0.7977992466517857,SUPPORTED,,e9c3a2d32a8bc24f638b0cb6e8fb573a72334b5e577afad9ed2b0aab5d009381,256.0,,,,,,
UNRESOLVED_IMAGE,30000.0,validation_ood,WIENER_GAUSSIAN,0.9,0.9291817801339286,SUPPORTED,,e9c3a2d32a8bc24f638b0cb6e8fb573a72334b5e577afad9ed2b0aab5d009381,256.0,,,,,,
UNRESOLVED_IMAGE,30000.0,validation_ood,WIENER_GAUSSIAN,0.95,0.9384416852678571,SUPPORTED,,e9c3a2d32a8bc24f638b0cb6e8fb573a72334b5e577afad9ed2b0aab5d009381,256.0,,,,,,
UNRESOLVED_IMAGE,30000.0,validation_ood,WIENER_GAUSSIAN,,,SUPPORTED,joint chi-square calibration,e9c3a2d32a8bc24f638b0cb6e8fb573a72334b5e577afad9ed2b0aab5d009381,,9217.06770429312,224.0,41.14762367988,0.0,0.0,224.0
UNRESOLVED_IMAGE,30000.0,validation_in_class,LINEAR_STATE_SPACE,0.5,0.9729875837053571,SUPPORTED,,e9c3a2d32a8bc24f638b0cb6e8fb573a72334b5e577afad9ed2b0aab5d009381,512.0,,,,,,
UNRESOLVED_IMAGE,30000.0,validation_in_class,LINEAR_STATE_SPACE,0.9,0.9987531389508929,SUPPORTED,,e9c3a2d32a8bc24f638b0cb6e8fb573a72334b5e577afad9ed2b0aab5d009381,512.0,,,,,,
UNRESOLVED_IMAGE,30000.0,validation_in_class,LINEAR_STATE_SPACE,0.95,0.9995553152901786,SUPPORTED,,e9c3a2d32a8bc24f638b0cb6e8fb573a72334b5e577afad9ed2b0aab5d009381,512.0,,,,,,
UNRESOLVED_IMAGE,30000.0,validation_in_class,LINEAR_STATE_SPACE,,,SUPPORTED,joint chi-square calibration,e9c3a2d32a8bc24f638b0cb6e8fb573a72334b5e577afad9ed2b0aab5d009381,,6.804607849068632,224.0,0.030377713611913538,1.0,0.0,224.0
UNRESOLVED_IMAGE,30000.0,validation_off_grid,LINEAR_STATE_SPACE,0.5,0.9900251116071429,SUPPORTED,,e9c3a2d32a8bc24f638b0cb6e8fb573a72334b5e577afad9ed2b0aab5d009381,320.0,,,,,,
UNRESOLVED_IMAGE,30000.0,validation_off_grid,LINEAR_STATE_SPACE,0.9,0.9999441964285715,SUPPORTED,,e9c3a2d32a8bc24f638b0cb6e8fb573a72334b5e577afad9ed2b0aab5d009381,320.0,,,,,,
UNRESOLVED_IMAGE,30000.0,validation_off_grid,LINEAR_STATE_SPACE,0.95,1.0,SUPPORTED,,e9c3a2d32a8bc24f638b0cb6e8fb573a72334b5e577afad9ed2b0aab5d009381,320.0,,,,,,
UNRESOLVED_IMAGE,30000.0,validation_off_grid,LINEAR_STATE_SPACE,,,SUPPORTED,joint chi-square calibration,e9c3a2d32a8bc24f638b0cb6e8fb573a72334b5e577afad9ed2b0aab5d009381,,3.4388580629795023,224.0,0.015352044924015635,1.0,0.0,224.0
UNRESOLVED_IMAGE,30000.0,validation_ood,LINEAR_STATE_SPACE,0.5,0.9911586216517857,SUPPORTED,,e9c3a2d32a8bc24f638b0cb6e8fb573a72334b5e577afad9ed2b0aab5d009381,256.0,,,,,,
UNRESOLVED_IMAGE,30000.0,validation_ood,LINEAR_STATE_SPACE,0.9,1.0,SUPPORTED,,e9c3a2d32a8bc24f638b0cb6e8fb573a72334b5e577afad9ed2b0aab5d009381,256.0,,,,,,
UNRESOLVED_IMAGE,30000.0,validation_ood,LINEAR_STATE_SPACE,0.95,1.0,SUPPORTED,,e9c3a2d32a8bc24f638b0cb6e8fb573a72334b5e577afad9ed2b0aab5d009381,256.0,,,,,,
UNRESOLVED_IMAGE,30000.0,validation_ood,LINEAR_STATE_SPACE,,,SUPPORTED,joint chi-square calibration,e9c3a2d32a8bc24f638b0cb6e8fb573a72334b5e577afad9ed2b0aab5d009381,,2.9198755888135044,224.0,0.013035158878631716,1.0,0.0,224.0
UNRESOLVED_IMAGE,100000.0,validation_in_class,TSVD,0.5,,NOT_APPLICABLE,point estimator with no posterior covariance,e9c3a2d32a8bc24f638b0cb6e8fb573a72334b5e577afad9ed2b0aab5d009381,,,,,,,
UNRESOLVED_IMAGE,100000.0,validation_in_class,TSVD,0.9,,NOT_APPLICABLE,point estimator with no posterior covariance,e9c3a2d32a8bc24f638b0cb6e8fb573a72334b5e577afad9ed2b0aab5d009381,,,,,,,
UNRESOLVED_IMAGE,100000.0,validation_in_class,TSVD,0.95,,NOT_APPLICABLE,point estimator with no posterior covariance,e9c3a2d32a8bc24f638b0cb6e8fb573a72334b5e577afad9ed2b0aab5d009381,,,,,,,
UNRESOLVED_IMAGE,100000.0,validation_off_grid,TSVD,0.5,,NOT_APPLICABLE,point estimator with no posterior covariance,e9c3a2d32a8bc24f638b0cb6e8fb573a72334b5e577afad9ed2b0aab5d009381,,,,,,,
UNRESOLVED_IMAGE,100000.0,validation_off_grid,TSVD,0.9,,NOT_APPLICABLE,point estimator with no posterior covariance,e9c3a2d32a8bc24f638b0cb6e8fb573a72334b5e577afad9ed2b0aab5d009381,,,,,,,
UNRESOLVED_IMAGE,100000.0,validation_off_grid,TSVD,0.95,,NOT_APPLICABLE,point estimator with no posterior covariance,e9c3a2d32a8bc24f638b0cb6e8fb573a72334b5e577afad9ed2b0aab5d009381,,,,,,,
UNRESOLVED_IMAGE,100000.0,validation_ood,TSVD,0.5,,NOT_APPLICABLE,point estimator with no posterior covariance,e9c3a2d32a8bc24f638b0cb6e8fb573a72334b5e577afad9ed2b0aab5d009381,,,,,,,
UNRESOLVED_IMAGE,100000.0,validation_ood,TSVD,0.9,,NOT_APPLICABLE,point estimator with no posterior covariance,e9c3a2d32a8bc24f638b0cb6e8fb573a72334b5e577afad9ed2b0aab5d009381,,,,,,,
UNRESOLVED_IMAGE,100000.0,validation_ood,TSVD,0.95,,NOT_APPLICABLE,point estimator with no posterior covariance,e9c3a2d32a8bc24f638b0cb6e8fb573a72334b5e577afad9ed2b0aab5d009381,,,,,,,
UNRESOLVED_IMAGE,100000.0,validation_in_class,RIDGE_IDENTITY,0.5,,NOT_APPLICABLE,point estimator with no posterior covariance,e9c3a2d32a8bc24f638b0cb6e8fb573a72334b5e577afad9ed2b0aab5d009381,,,,,,,
UNRESOLVED_IMAGE,100000.0,validation_in_class,RIDGE_IDENTITY,0.9,,NOT_APPLICABLE,point estimator with no posterior covariance,e9c3a2d32a8bc24f638b0cb6e8fb573a72334b5e577afad9ed2b0aab5d009381,,,,,,,
UNRESOLVED_IMAGE,100000.0,validation_in_class,RIDGE_IDENTITY,0.95,,NOT_APPLICABLE,point estimator with no posterior covariance,e9c3a2d32a8bc24f638b0cb6e8fb573a72334b5e577afad9ed2b0aab5d009381,,,,,,,
UNRESOLVED_IMAGE,100000.0,validation_off_grid,RIDGE_IDENTITY,0.5,,NOT_APPLICABLE,point estimator with no posterior covariance,e9c3a2d32a8bc24f638b0cb6e8fb573a72334b5e577afad9ed2b0aab5d009381,,,,,,,
UNRESOLVED_IMAGE,100000.0,validation_off_grid,RIDGE_IDENTITY,0.9,,NOT_APPLICABLE,point estimator with no posterior covariance,e9c3a2d32a8bc24f638b0cb6e8fb573a72334b5e577afad9ed2b0aab5d009381,,,,,,,
UNRESOLVED_IMAGE,100000.0,validation_off_grid,RIDGE_IDENTITY,0.95,,NOT_APPLICABLE,point estimator with no posterior covariance,e9c3a2d32a8bc24f638b0cb6e8fb573a72334b5e577afad9ed2b0aab5d009381,,,,,,,
UNRESOLVED_IMAGE,100000.0,validation_ood,RIDGE_IDENTITY,0.5,,NOT_APPLICABLE,point estimator with no posterior covariance,e9c3a2d32a8bc24f638b0cb6e8fb573a72334b5e577afad9ed2b0aab5d009381,,,,,,,
UNRESOLVED_IMAGE,100000.0,validation_ood,RIDGE_IDENTITY,0.9,,NOT_APPLICABLE,point estimator with no posterior covariance,e9c3a2d32a8bc24f638b0cb6e8fb573a72334b5e577afad9ed2b0aab5d009381,,,,,,,
UNRESOLVED_IMAGE,100000.0,validation_ood,RIDGE_IDENTITY,0.95,,NOT_APPLICABLE,point estimator with no posterior covariance,e9c3a2d32a8bc24f638b0cb6e8fb573a72334b5e577afad9ed2b0aab5d009381,,,,,,,
UNRESOLVED_IMAGE,100000.0,validation_in_class,TIKHONOV_TEMPORAL,0.5,,NOT_APPLICABLE,point estimator with no posterior covariance,e9c3a2d32a8bc24f638b0cb6e8fb573a72334b5e577afad9ed2b0aab5d009381,,,,,,,
UNRESOLVED_IMAGE,100000.0,validation_in_class,TIKHONOV_TEMPORAL,0.9,,NOT_APPLICABLE,point estimator with no posterior covariance,e9c3a2d32a8bc24f638b0cb6e8fb573a72334b5e577afad9ed2b0aab5d009381,,,,,,,
UNRESOLVED_IMAGE,100000.0,validation_in_class,TIKHONOV_TEMPORAL,0.95,,NOT_APPLICABLE,point estimator with no posterior covariance,e9c3a2d32a8bc24f638b0cb6e8fb573a72334b5e577afad9ed2b0aab5d009381,,,,,,,
UNRESOLVED_IMAGE,100000.0,validation_off_grid,TIKHONOV_TEMPORAL,0.5,,NOT_APPLICABLE,point estimator with no posterior covariance,e9c3a2d32a8bc24f638b0cb6e8fb573a72334b5e577afad9ed2b0aab5d009381,,,,,,,
UNRESOLVED_IMAGE,100000.0,validation_off_grid,TIKHONOV_TEMPORAL,0.9,,NOT_APPLICABLE,point estimator with no posterior covariance,e9c3a2d32a8bc24f638b0cb6e8fb573a72334b5e577afad9ed2b0aab5d009381,,,,,,,
UNRESOLVED_IMAGE,100000.0,validation_off_grid,TIKHONOV_TEMPORAL,0.95,,NOT_APPLICABLE,point estimator with no posterior covariance,e9c3a2d32a8bc24f638b0cb6e8fb573a72334b5e577afad9ed2b0aab5d009381,,,,,,,
UNRESOLVED_IMAGE,100000.0,validation_ood,TIKHONOV_TEMPORAL,0.5,,NOT_APPLICABLE,point estimator with no posterior covariance,e9c3a2d32a8bc24f638b0cb6e8fb573a72334b5e577afad9ed2b0aab5d009381,,,,,,,
UNRESOLVED_IMAGE,100000.0,validation_ood,TIKHONOV_TEMPORAL,0.9,,NOT_APPLICABLE,point estimator with no posterior covariance,e9c3a2d32a8bc24f638b0cb6e8fb573a72334b5e577afad9ed2b0aab5d009381,,,,,,,
UNRESOLVED_IMAGE,100000.0,validation_ood,TIKHONOV_TEMPORAL,0.95,,NOT_APPLICABLE,point estimator with no posterior covariance,e9c3a2d32a8bc24f638b0cb6e8fb573a72334b5e577afad9ed2b0aab5d009381,,,,,,,
UNRESOLVED_IMAGE,100000.0,validation_in_class,WIENER_GAUSSIAN,0.5,0.7671595982142857,SUPPORTED,,e9c3a2d32a8bc24f638b0cb6e8fb573a72334b5e577afad9ed2b0aab5d009381,512.0,,,,,,
UNRESOLVED_IMAGE,100000.0,validation_in_class,WIENER_GAUSSIAN,0.9,0.9292776925223214,SUPPORTED,,e9c3a2d32a8bc24f638b0cb6e8fb573a72334b5e577afad9ed2b0aab5d009381,512.0,,,,,,
UNRESOLVED_IMAGE,100000.0,validation_in_class,WIENER_GAUSSIAN,0.95,0.9429408482142857,SUPPORTED,,e9c3a2d32a8bc24f638b0cb6e8fb573a72334b5e577afad9ed2b0aab5d009381,512.0,,,,,,
UNRESOLVED_IMAGE,100000.0,validation_in_class,WIENER_GAUSSIAN,,,SUPPORTED,joint chi-square calibration,e9c3a2d32a8bc24f638b0cb6e8fb573a72334b5e577afad9ed2b0aab5d009381,,653.9382674216306,224.0,2.919367265275137,0.0006410074260246787,0.0,224.0
UNRESOLVED_IMAGE,100000.0,validation_off_grid,WIENER_GAUSSIAN,0.5,0.8219308035714286,SUPPORTED,,e9c3a2d32a8bc24f638b0cb6e8fb573a72334b5e577afad9ed2b0aab5d009381,320.0,,,,,,
UNRESOLVED_IMAGE,100000.0,validation_off_grid,WIENER_GAUSSIAN,0.9,0.9486886160714286,SUPPORTED,,e9c3a2d32a8bc24f638b0cb6e8fb573a72334b5e577afad9ed2b0aab5d009381,320.0,,,,,,
UNRESOLVED_IMAGE,100000.0,validation_off_grid,WIENER_GAUSSIAN,0.95,0.9586216517857142,SUPPORTED,,e9c3a2d32a8bc24f638b0cb6e8fb573a72334b5e577afad9ed2b0aab5d009381,320.0,,,,,,
UNRESOLVED_IMAGE,100000.0,validation_off_grid,WIENER_GAUSSIAN,,,SUPPORTED,joint chi-square calibration,e9c3a2d32a8bc24f638b0cb6e8fb573a72334b5e577afad9ed2b0aab5d009381,,1301.5991731666218,224.0,5.810710594493847,1.1251969780796606e-13,0.0,224.0
UNRESOLVED_IMAGE,100000.0,validation_ood,WIENER_GAUSSIAN,0.5,0.7977992466517857,SUPPORTED,,e9c3a2d32a8bc24f638b0cb6e8fb573a72334b5e577afad9ed2b0aab5d009381,256.0,,,,,,
UNRESOLVED_IMAGE,100000.0,validation_ood,WIENER_GAUSSIAN,0.9,0.9291817801339286,SUPPORTED,,e9c3a2d32a8bc24f638b0cb6e8fb573a72334b5e577afad9ed2b0aab5d009381,256.0,,,,,,
UNRESOLVED_IMAGE,100000.0,validation_ood,WIENER_GAUSSIAN,0.95,0.9384416852678571,SUPPORTED,,e9c3a2d32a8bc24f638b0cb6e8fb573a72334b5e577afad9ed2b0aab5d009381,256.0,,,,,,
UNRESOLVED_IMAGE,100000.0,validation_ood,WIENER_GAUSSIAN,,,SUPPORTED,joint chi-square calibration,e9c3a2d32a8bc24f638b0cb6e8fb573a72334b5e577afad9ed2b0aab5d009381,,9217.07786476089,224.0,41.147669039111115,0.0,0.0,224.0
UNRESOLVED_IMAGE,100000.0,validation_in_class,LINEAR_STATE_SPACE,0.5,0.9729875837053571,SUPPORTED,,e9c3a2d32a8bc24f638b0cb6e8fb573a72334b5e577afad9ed2b0aab5d009381,512.0,,,,,,
UNRESOLVED_IMAGE,100000.0,validation_in_class,LINEAR_STATE_SPACE,0.9,0.9987531389508929,SUPPORTED,,e9c3a2d32a8bc24f638b0cb6e8fb573a72334b5e577afad9ed2b0aab5d009381,512.0,,,,,,
UNRESOLVED_IMAGE,100000.0,validation_in_class,LINEAR_STATE_SPACE,0.95,0.9995553152901786,SUPPORTED,,e9c3a2d32a8bc24f638b0cb6e8fb573a72334b5e577afad9ed2b0aab5d009381,512.0,,,,,,
UNRESOLVED_IMAGE,100000.0,validation_in_class,LINEAR_STATE_SPACE,,,SUPPORTED,joint chi-square calibration,e9c3a2d32a8bc24f638b0cb6e8fb573a72334b5e577afad9ed2b0aab5d009381,,6.8046057723158775,224.0,0.030377704340695883,1.0,0.0,224.0
UNRESOLVED_IMAGE,100000.0,validation_off_grid,LINEAR_STATE_SPACE,0.5,0.9900251116071429,SUPPORTED,,e9c3a2d32a8bc24f638b0cb6e8fb573a72334b5e577afad9ed2b0aab5d009381,320.0,,,,,,
UNRESOLVED_IMAGE,100000.0,validation_off_grid,LINEAR_STATE_SPACE,0.9,0.9999441964285715,SUPPORTED,,e9c3a2d32a8bc24f638b0cb6e8fb573a72334b5e577afad9ed2b0aab5d009381,320.0,,,,,,
UNRESOLVED_IMAGE,100000.0,validation_off_grid,LINEAR_STATE_SPACE,0.95,1.0,SUPPORTED,,e9c3a2d32a8bc24f638b0cb6e8fb573a72334b5e577afad9ed2b0aab5d009381,320.0,,,,,,
UNRESOLVED_IMAGE,100000.0,validation_off_grid,LINEAR_STATE_SPACE,,,SUPPORTED,joint chi-square calibration,e9c3a2d32a8bc24f638b0cb6e8fb573a72334b5e577afad9ed2b0aab5d009381,,3.438858286843004,224.0,0.015352045923406268,1.0,0.0,224.0
UNRESOLVED_IMAGE,100000.0,validation_ood,LINEAR_STATE_SPACE,0.5,0.9911586216517857,SUPPORTED,,e9c3a2d32a8bc24f638b0cb6e8fb573a72334b5e577afad9ed2b0aab5d009381,256.0,,,,,,
UNRESOLVED_IMAGE,100000.0,validation_ood,LINEAR_STATE_SPACE,0.9,1.0,SUPPORTED,,e9c3a2d32a8bc24f638b0cb6e8fb573a72334b5e577afad9ed2b0aab5d009381,256.0,,,,,,
UNRESOLVED_IMAGE,100000.0,validation_ood,LINEAR_STATE_SPACE,0.95,1.0,SUPPORTED,,e9c3a2d32a8bc24f638b0cb6e8fb573a72334b5e577afad9ed2b0aab5d009381,256.0,,,,,,
UNRESOLVED_IMAGE,100000.0,validation_ood,LINEAR_STATE_SPACE,,,SUPPORTED,joint chi-square calibration,e9c3a2d32a8bc24f638b0cb6e8fb573a72334b5e577afad9ed2b0aab5d009381,,2.919875190652368,224.0,0.013035157101126642,1.0,0.0,224.0
UNRESOLVED_IMAGE,1000000.0,validation_in_class,TSVD,0.5,,NOT_APPLICABLE,point estimator with no posterior covariance,e9c3a2d32a8bc24f638b0cb6e8fb573a72334b5e577afad9ed2b0aab5d009381,,,,,,,
UNRESOLVED_IMAGE,1000000.0,validation_in_class,TSVD,0.9,,NOT_APPLICABLE,point estimator with no posterior covariance,e9c3a2d32a8bc24f638b0cb6e8fb573a72334b5e577afad9ed2b0aab5d009381,,,,,,,
UNRESOLVED_IMAGE,1000000.0,validation_in_class,TSVD,0.95,,NOT_APPLICABLE,point estimator with no posterior covariance,e9c3a2d32a8bc24f638b0cb6e8fb573a72334b5e577afad9ed2b0aab5d009381,,,,,,,
UNRESOLVED_IMAGE,1000000.0,validation_off_grid,TSVD,0.5,,NOT_APPLICABLE,point estimator with no posterior covariance,e9c3a2d32a8bc24f638b0cb6e8fb573a72334b5e577afad9ed2b0aab5d009381,,,,,,,
UNRESOLVED_IMAGE,1000000.0,validation_off_grid,TSVD,0.9,,NOT_APPLICABLE,point estimator with no posterior covariance,e9c3a2d32a8bc24f638b0cb6e8fb573a72334b5e577afad9ed2b0aab5d009381,,,,,,,
UNRESOLVED_IMAGE,1000000.0,validation_off_grid,TSVD,0.95,,NOT_APPLICABLE,point estimator with no posterior covariance,e9c3a2d32a8bc24f638b0cb6e8fb573a72334b5e577afad9ed2b0aab5d009381,,,,,,,
UNRESOLVED_IMAGE,1000000.0,validation_ood,TSVD,0.5,,NOT_APPLICABLE,point estimator with no posterior covariance,e9c3a2d32a8bc24f638b0cb6e8fb573a72334b5e577afad9ed2b0aab5d009381,,,,,,,
UNRESOLVED_IMAGE,1000000.0,validation_ood,TSVD,0.9,,NOT_APPLICABLE,point estimator with no posterior covariance,e9c3a2d32a8bc24f638b0cb6e8fb573a72334b5e577afad9ed2b0aab5d009381,,,,,,,
UNRESOLVED_IMAGE,1000000.0,validation_ood,TSVD,0.95,,NOT_APPLICABLE,point estimator with no posterior covariance,e9c3a2d32a8bc24f638b0cb6e8fb573a72334b5e577afad9ed2b0aab5d009381,,,,,,,
UNRESOLVED_IMAGE,1000000.0,validation_in_class,RIDGE_IDENTITY,0.5,,NOT_APPLICABLE,point estimator with no posterior covariance,e9c3a2d32a8bc24f638b0cb6e8fb573a72334b5e577afad9ed2b0aab5d009381,,,,,,,
UNRESOLVED_IMAGE,1000000.0,validation_in_class,RIDGE_IDENTITY,0.9,,NOT_APPLICABLE,point estimator with no posterior covariance,e9c3a2d32a8bc24f638b0cb6e8fb573a72334b5e577afad9ed2b0aab5d009381,,,,,,,
UNRESOLVED_IMAGE,1000000.0,validation_in_class,RIDGE_IDENTITY,0.95,,NOT_APPLICABLE,point estimator with no posterior covariance,e9c3a2d32a8bc24f638b0cb6e8fb573a72334b5e577afad9ed2b0aab5d009381,,,,,,,
UNRESOLVED_IMAGE,1000000.0,validation_off_grid,RIDGE_IDENTITY,0.5,,NOT_APPLICABLE,point estimator with no posterior covariance,e9c3a2d32a8bc24f638b0cb6e8fb573a72334b5e577afad9ed2b0aab5d009381,,,,,,,
UNRESOLVED_IMAGE,1000000.0,validation_off_grid,RIDGE_IDENTITY,0.9,,NOT_APPLICABLE,point estimator with no posterior covariance,e9c3a2d32a8bc24f638b0cb6e8fb573a72334b5e577afad9ed2b0aab5d009381,,,,,,,
UNRESOLVED_IMAGE,1000000.0,validation_off_grid,RIDGE_IDENTITY,0.95,,NOT_APPLICABLE,point estimator with no posterior covariance,e9c3a2d32a8bc24f638b0cb6e8fb573a72334b5e577afad9ed2b0aab5d009381,,,,,,,
UNRESOLVED_IMAGE,1000000.0,validation_ood,RIDGE_IDENTITY,0.5,,NOT_APPLICABLE,point estimator with no posterior covariance,e9c3a2d32a8bc24f638b0cb6e8fb573a72334b5e577afad9ed2b0aab5d009381,,,,,,,
UNRESOLVED_IMAGE,1000000.0,validation_ood,RIDGE_IDENTITY,0.9,,NOT_APPLICABLE,point estimator with no posterior covariance,e9c3a2d32a8bc24f638b0cb6e8fb573a72334b5e577afad9ed2b0aab5d009381,,,,,,,
UNRESOLVED_IMAGE,1000000.0,validation_ood,RIDGE_IDENTITY,0.95,,NOT_APPLICABLE,point estimator with no posterior covariance,e9c3a2d32a8bc24f638b0cb6e8fb573a72334b5e577afad9ed2b0aab5d009381,,,,,,,
UNRESOLVED_IMAGE,1000000.0,validation_in_class,TIKHONOV_TEMPORAL,0.5,,NOT_APPLICABLE,point estimator with no posterior covariance,e9c3a2d32a8bc24f638b0cb6e8fb573a72334b5e577afad9ed2b0aab5d009381,,,,,,,
UNRESOLVED_IMAGE,1000000.0,validation_in_class,TIKHONOV_TEMPORAL,0.9,,NOT_APPLICABLE,point estimator with no posterior covariance,e9c3a2d32a8bc24f638b0cb6e8fb573a72334b5e577afad9ed2b0aab5d009381,,,,,,,
UNRESOLVED_IMAGE,1000000.0,validation_in_class,TIKHONOV_TEMPORAL,0.95,,NOT_APPLICABLE,point estimator with no posterior covariance,e9c3a2d32a8bc24f638b0cb6e8fb573a72334b5e577afad9ed2b0aab5d009381,,,,,,,
UNRESOLVED_IMAGE,1000000.0,validation_off_grid,TIKHONOV_TEMPORAL,0.5,,NOT_APPLICABLE,point estimator with no posterior covariance,e9c3a2d32a8bc24f638b0cb6e8fb573a72334b5e577afad9ed2b0aab5d009381,,,,,,,
UNRESOLVED_IMAGE,1000000.0,validation_off_grid,TIKHONOV_TEMPORAL,0.9,,NOT_APPLICABLE,point estimator with no posterior covariance,e9c3a2d32a8bc24f638b0cb6e8fb573a72334b5e577afad9ed2b0aab5d009381,,,,,,,
UNRESOLVED_IMAGE,1000000.0,validation_off_grid,TIKHONOV_TEMPORAL,0.95,,NOT_APPLICABLE,point estimator with no posterior covariance,e9c3a2d32a8bc24f638b0cb6e8fb573a72334b5e577afad9ed2b0aab5d009381,,,,,,,
UNRESOLVED_IMAGE,1000000.0,validation_ood,TIKHONOV_TEMPORAL,0.5,,NOT_APPLICABLE,point estimator with no posterior covariance,e9c3a2d32a8bc24f638b0cb6e8fb573a72334b5e577afad9ed2b0aab5d009381,,,,,,,
UNRESOLVED_IMAGE,1000000.0,validation_ood,TIKHONOV_TEMPORAL,0.9,,NOT_APPLICABLE,point estimator with no posterior covariance,e9c3a2d32a8bc24f638b0cb6e8fb573a72334b5e577afad9ed2b0aab5d009381,,,,,,,
UNRESOLVED_IMAGE,1000000.0,validation_ood,TIKHONOV_TEMPORAL,0.95,,NOT_APPLICABLE,point estimator with no posterior covariance,e9c3a2d32a8bc24f638b0cb6e8fb573a72334b5e577afad9ed2b0aab5d009381,,,,,,,
UNRESOLVED_IMAGE,1000000.0,validation_in_class,WIENER_GAUSSIAN,0.5,0.7671595982142857,SUPPORTED,,e9c3a2d32a8bc24f638b0cb6e8fb573a72334b5e577afad9ed2b0aab5d009381,512.0,,,,,,
UNRESOLVED_IMAGE,1000000.0,validation_in_class,WIENER_GAUSSIAN,0.9,0.9292776925223214,SUPPORTED,,e9c3a2d32a8bc24f638b0cb6e8fb573a72334b5e577afad9ed2b0aab5d009381,512.0,,,,,,
UNRESOLVED_IMAGE,1000000.0,validation_in_class,WIENER_GAUSSIAN,0.95,0.9429408482142857,SUPPORTED,,e9c3a2d32a8bc24f638b0cb6e8fb573a72334b5e577afad9ed2b0aab5d009381,512.0,,,,,,
UNRESOLVED_IMAGE,1000000.0,validation_in_class,WIENER_GAUSSIAN,,,SUPPORTED,joint chi-square calibration,e9c3a2d32a8bc24f638b0cb6e8fb573a72334b5e577afad9ed2b0aab5d009381,,653.9422093953796,224.0,2.91938486337223,0.0006406186431645752,0.0,224.0
UNRESOLVED_IMAGE,1000000.0,validation_off_grid,WIENER_GAUSSIAN,0.5,0.8219308035714286,SUPPORTED,,e9c3a2d32a8bc24f638b0cb6e8fb573a72334b5e577afad9ed2b0aab5d009381,320.0,,,,,,
UNRESOLVED_IMAGE,1000000.0,validation_off_grid,WIENER_GAUSSIAN,0.9,0.9486886160714286,SUPPORTED,,e9c3a2d32a8bc24f638b0cb6e8fb573a72334b5e577afad9ed2b0aab5d009381,320.0,,,,,,
UNRESOLVED_IMAGE,1000000.0,validation_off_grid,WIENER_GAUSSIAN,0.95,0.9586216517857142,SUPPORTED,,e9c3a2d32a8bc24f638b0cb6e8fb573a72334b5e577afad9ed2b0aab5d009381,320.0,,,,,,
UNRESOLVED_IMAGE,1000000.0,validation_off_grid,WIENER_GAUSSIAN,,,SUPPORTED,joint chi-square calibration,e9c3a2d32a8bc24f638b0cb6e8fb573a72334b5e577afad9ed2b0aab5d009381,,1301.6030860434828,224.0,5.810728062694119,1.1241116097578994e-13,0.0,224.0
UNRESOLVED_IMAGE,1000000.0,validation_ood,WIENER_GAUSSIAN,0.5,0.7977818080357143,SUPPORTED,,e9c3a2d32a8bc24f638b0cb6e8fb573a72334b5e577afad9ed2b0aab5d009381,256.0,,,,,,
UNRESOLVED_IMAGE,1000000.0,validation_ood,WIENER_GAUSSIAN,0.9,0.9291817801339286,SUPPORTED,,e9c3a2d32a8bc24f638b0cb6e8fb573a72334b5e577afad9ed2b0aab5d009381,256.0,,,,,,
UNRESOLVED_IMAGE,1000000.0,validation_ood,WIENER_GAUSSIAN,0.95,0.9384416852678571,SUPPORTED,,e9c3a2d32a8bc24f638b0cb6e8fb573a72334b5e577afad9ed2b0aab5d009381,256.0,,,,,,
UNRESOLVED_IMAGE,1000000.0,validation_ood,WIENER_GAUSSIAN,,,SUPPORTED,joint chi-square calibration,e9c3a2d32a8bc24f638b0cb6e8fb573a72334b5e577afad9ed2b0aab5d009381,,9217.08179083624,224.0,41.14768656623322,0.0,0.0,224.0
UNRESOLVED_IMAGE,1000000.0,validation_in_class,LINEAR_STATE_SPACE,0.5,0.9729875837053571,SUPPORTED,,e9c3a2d32a8bc24f638b0cb6e8fb573a72334b5e577afad9ed2b0aab5d009381,512.0,,,,,,
UNRESOLVED_IMAGE,1000000.0,validation_in_class,LINEAR_STATE_SPACE,0.9,0.9987531389508929,SUPPORTED,,e9c3a2d32a8bc24f638b0cb6e8fb573a72334b5e577afad9ed2b0aab5d009381,512.0,,,,,,
UNRESOLVED_IMAGE,1000000.0,validation_in_class,LINEAR_STATE_SPACE,0.95,0.9995553152901786,SUPPORTED,,e9c3a2d32a8bc24f638b0cb6e8fb573a72334b5e577afad9ed2b0aab5d009381,512.0,,,,,,
UNRESOLVED_IMAGE,1000000.0,validation_in_class,LINEAR_STATE_SPACE,,,SUPPORTED,joint chi-square calibration,e9c3a2d32a8bc24f638b0cb6e8fb573a72334b5e577afad9ed2b0aab5d009381,,6.804605912193538,224.0,0.030377704965149722,1.0,0.0,224.0
UNRESOLVED_IMAGE,1000000.0,validation_off_grid,LINEAR_STATE_SPACE,0.5,0.9900251116071429,SUPPORTED,,e9c3a2d32a8bc24f638b0cb6e8fb573a72334b5e577afad9ed2b0aab5d009381,320.0,,,,,,
UNRESOLVED_IMAGE,1000000.0,validation_off_grid,LINEAR_STATE_SPACE,0.9,0.9999441964285715,SUPPORTED,,e9c3a2d32a8bc24f638b0cb6e8fb573a72334b5e577afad9ed2b0aab5d009381,320.0,,,,,,
UNRESOLVED_IMAGE,1000000.0,validation_off_grid,LINEAR_STATE_SPACE,0.95,1.0,SUPPORTED,,e9c3a2d32a8bc24f638b0cb6e8fb573a72334b5e577afad9ed2b0aab5d009381,320.0,,,,,,
UNRESOLVED_IMAGE,1000000.0,validation_off_grid,LINEAR_STATE_SPACE,,,SUPPORTED,joint chi-square calibration,e9c3a2d32a8bc24f638b0cb6e8fb573a72334b5e577afad9ed2b0aab5d009381,,3.438858147971223,224.0,0.01535204530344296,1.0,0.0,224.0
UNRESOLVED_IMAGE,1000000.0,validation_ood,LINEAR_STATE_SPACE,0.5,0.9911586216517857,SUPPORTED,,e9c3a2d32a8bc24f638b0cb6e8fb573a72334b5e577afad9ed2b0aab5d009381,256.0,,,,,,
UNRESOLVED_IMAGE,1000000.0,validation_ood,LINEAR_STATE_SPACE,0.9,1.0,SUPPORTED,,e9c3a2d32a8bc24f638b0cb6e8fb573a72334b5e577afad9ed2b0aab5d009381,256.0,,,,,,
UNRESOLVED_IMAGE,1000000.0,validation_ood,LINEAR_STATE_SPACE,0.95,1.0,SUPPORTED,,e9c3a2d32a8bc24f638b0cb6e8fb573a72334b5e577afad9ed2b0aab5d009381,256.0,,,,,,
UNRESOLVED_IMAGE,1000000.0,validation_ood,LINEAR_STATE_SPACE,,,SUPPORTED,joint chi-square calibration,e9c3a2d32a8bc24f638b0cb6e8fb573a72334b5e577afad9ed2b0aab5d009381,,2.9198749240051316,224.0,0.013035155910737195,1.0,0.0,224.0
TOTAL_FLUX,1.0,validation_in_class,TSVD,0.5,,NOT_APPLICABLE,point estimator with no posterior covariance,e9c3a2d32a8bc24f638b0cb6e8fb573a72334b5e577afad9ed2b0aab5d009381,,,,,,,
TOTAL_FLUX,1.0,validation_in_class,TSVD,0.9,,NOT_APPLICABLE,point estimator with no posterior covariance,e9c3a2d32a8bc24f638b0cb6e8fb573a72334b5e577afad9ed2b0aab5d009381,,,,,,,
TOTAL_FLUX,1.0,validation_in_class,TSVD,0.95,,NOT_APPLICABLE,point estimator with no posterior covariance,e9c3a2d32a8bc24f638b0cb6e8fb573a72334b5e577afad9ed2b0aab5d009381,,,,,,,
TOTAL_FLUX,1.0,validation_off_grid,TSVD,0.5,,NOT_APPLICABLE,point estimator with no posterior covariance,e9c3a2d32a8bc24f638b0cb6e8fb573a72334b5e577afad9ed2b0aab5d009381,,,,,,,
TOTAL_FLUX,1.0,validation_off_grid,TSVD,0.9,,NOT_APPLICABLE,point estimator with no posterior covariance,e9c3a2d32a8bc24f638b0cb6e8fb573a72334b5e577afad9ed2b0aab5d009381,,,,,,,
TOTAL_FLUX,1.0,validation_off_grid,TSVD,0.95,,NOT_APPLICABLE,point estimator with no posterior covariance,e9c3a2d32a8bc24f638b0cb6e8fb573a72334b5e577afad9ed2b0aab5d009381,,,,,,,
TOTAL_FLUX,1.0,validation_ood,TSVD,0.5,,NOT_APPLICABLE,point estimator with no posterior covariance,e9c3a2d32a8bc24f638b0cb6e8fb573a72334b5e577afad9ed2b0aab5d009381,,,,,,,
TOTAL_FLUX,1.0,validation_ood,TSVD,0.9,,NOT_APPLICABLE,point estimator with no posterior covariance,e9c3a2d32a8bc24f638b0cb6e8fb573a72334b5e577afad9ed2b0aab5d009381,,,,,,,
TOTAL_FLUX,1.0,validation_ood,TSVD,0.95,,NOT_APPLICABLE,point estimator with no posterior covariance,e9c3a2d32a8bc24f638b0cb6e8fb573a72334b5e577afad9ed2b0aab5d009381,,,,,,,
TOTAL_FLUX,1.0,validation_in_class,RIDGE_IDENTITY,0.5,,NOT_APPLICABLE,point estimator with no posterior covariance,e9c3a2d32a8bc24f638b0cb6e8fb573a72334b5e577afad9ed2b0aab5d009381,,,,,,,
TOTAL_FLUX,1.0,validation_in_class,RIDGE_IDENTITY,0.9,,NOT_APPLICABLE,point estimator with no posterior covariance,e9c3a2d32a8bc24f638b0cb6e8fb573a72334b5e577afad9ed2b0aab5d009381,,,,,,,
TOTAL_FLUX,1.0,validation_in_class,RIDGE_IDENTITY,0.95,,NOT_APPLICABLE,point estimator with no posterior covariance,e9c3a2d32a8bc24f638b0cb6e8fb573a72334b5e577afad9ed2b0aab5d009381,,,,,,,
TOTAL_FLUX,1.0,validation_off_grid,RIDGE_IDENTITY,0.5,,NOT_APPLICABLE,point estimator with no posterior covariance,e9c3a2d32a8bc24f638b0cb6e8fb573a72334b5e577afad9ed2b0aab5d009381,,,,,,,
TOTAL_FLUX,1.0,validation_off_grid,RIDGE_IDENTITY,0.9,,NOT_APPLICABLE,point estimator with no posterior covariance,e9c3a2d32a8bc24f638b0cb6e8fb573a72334b5e577afad9ed2b0aab5d009381,,,,,,,
TOTAL_FLUX,1.0,validation_off_grid,RIDGE_IDENTITY,0.95,,NOT_APPLICABLE,point estimator with no posterior covariance,e9c3a2d32a8bc24f638b0cb6e8fb573a72334b5e577afad9ed2b0aab5d009381,,,,,,,
TOTAL_FLUX,1.0,validation_ood,RIDGE_IDENTITY,0.5,,NOT_APPLICABLE,point estimator with no posterior covariance,e9c3a2d32a8bc24f638b0cb6e8fb573a72334b5e577afad9ed2b0aab5d009381,,,,,,,
TOTAL_FLUX,1.0,validation_ood,RIDGE_IDENTITY,0.9,,NOT_APPLICABLE,point estimator with no posterior covariance,e9c3a2d32a8bc24f638b0cb6e8fb573a72334b5e577afad9ed2b0aab5d009381,,,,,,,
TOTAL_FLUX,1.0,validation_ood,RIDGE_IDENTITY,0.95,,NOT_APPLICABLE,point estimator with no posterior covariance,e9c3a2d32a8bc24f638b0cb6e8fb573a72334b5e577afad9ed2b0aab5d009381,,,,,,,
TOTAL_FLUX,1.0,validation_in_class,TIKHONOV_TEMPORAL,0.5,,NOT_APPLICABLE,point estimator with no posterior covariance,e9c3a2d32a8bc24f638b0cb6e8fb573a72334b5e577afad9ed2b0aab5d009381,,,,,,,
TOTAL_FLUX,1.0,validation_in_class,TIKHONOV_TEMPORAL,0.9,,NOT_APPLICABLE,point estimator with no posterior covariance,e9c3a2d32a8bc24f638b0cb6e8fb573a72334b5e577afad9ed2b0aab5d009381,,,,,,,
TOTAL_FLUX,1.0,validation_in_class,TIKHONOV_TEMPORAL,0.95,,NOT_APPLICABLE,point estimator with no posterior covariance,e9c3a2d32a8bc24f638b0cb6e8fb573a72334b5e577afad9ed2b0aab5d009381,,,,,,,
TOTAL_FLUX,1.0,validation_off_grid,TIKHONOV_TEMPORAL,0.5,,NOT_APPLICABLE,point estimator with no posterior covariance,e9c3a2d32a8bc24f638b0cb6e8fb573a72334b5e577afad9ed2b0aab5d009381,,,,,,,
TOTAL_FLUX,1.0,validation_off_grid,TIKHONOV_TEMPORAL,0.9,,NOT_APPLICABLE,point estimator with no posterior covariance,e9c3a2d32a8bc24f638b0cb6e8fb573a72334b5e577afad9ed2b0aab5d009381,,,,,,,
TOTAL_FLUX,1.0,validation_off_grid,TIKHONOV_TEMPORAL,0.95,,NOT_APPLICABLE,point estimator with no posterior covariance,e9c3a2d32a8bc24f638b0cb6e8fb573a72334b5e577afad9ed2b0aab5d009381,,,,,,,
TOTAL_FLUX,1.0,validation_ood,TIKHONOV_TEMPORAL,0.5,,NOT_APPLICABLE,point estimator with no posterior covariance,e9c3a2d32a8bc24f638b0cb6e8fb573a72334b5e577afad9ed2b0aab5d009381,,,,,,,
TOTAL_FLUX,1.0,validation_ood,TIKHONOV_TEMPORAL,0.9,,NOT_APPLICABLE,point estimator with no posterior covariance,e9c3a2d32a8bc24f638b0cb6e8fb573a72334b5e577afad9ed2b0aab5d009381,,,,,,,
TOTAL_FLUX,1.0,validation_ood,TIKHONOV_TEMPORAL,0.95,,NOT_APPLICABLE,point estimator with no posterior covariance,e9c3a2d32a8bc24f638b0cb6e8fb573a72334b5e577afad9ed2b0aab5d009381,,,,,,,
TOTAL_FLUX,1.0,validation_in_class,WIENER_GAUSSIAN,0.5,0.9117867606026786,SUPPORTED,,e9c3a2d32a8bc24f638b0cb6e8fb573a72334b5e577afad9ed2b0aab5d009381,512.0,,,,,,
TOTAL_FLUX,1.0,validation_in_class,WIENER_GAUSSIAN,0.9,0.9684361049107143,SUPPORTED,,e9c3a2d32a8bc24f638b0cb6e8fb573a72334b5e577afad9ed2b0aab5d009381,512.0,,,,,,
TOTAL_FLUX,1.0,validation_in_class,WIENER_GAUSSIAN,0.95,0.9756992885044643,SUPPORTED,,e9c3a2d32a8bc24f638b0cb6e8fb573a72334b5e577afad9ed2b0aab5d009381,512.0,,,,,,
TOTAL_FLUX,1.0,validation_in_class,WIENER_GAUSSIAN,,,SUPPORTED,joint chi-square calibration,e9c3a2d32a8bc24f638b0cb6e8fb573a72334b5e577afad9ed2b0aab5d009381,,90.22463777611145,224.0,0.4027885615004975,1.0,0.0,224.0
TOTAL_FLUX,1.0,validation_off_grid,WIENER_GAUSSIAN,0.5,0.9581194196428572,SUPPORTED,,e9c3a2d32a8bc24f638b0cb6e8fb573a72334b5e577afad9ed2b0aab5d009381,320.0,,,,,,
TOTAL_FLUX,1.0,validation_off_grid,WIENER_GAUSSIAN,0.9,0.9882114955357143,SUPPORTED,,e9c3a2d32a8bc24f638b0cb6e8fb573a72334b5e577afad9ed2b0aab5d009381,320.0,,,,,,
TOTAL_FLUX,1.0,validation_off_grid,WIENER_GAUSSIAN,0.95,0.9911411830357143,SUPPORTED,,e9c3a2d32a8bc24f638b0cb6e8fb573a72334b5e577afad9ed2b0aab5d009381,320.0,,,,,,
TOTAL_FLUX,1.0,validation_off_grid,WIENER_GAUSSIAN,,,SUPPORTED,joint chi-square calibration,e9c3a2d32a8bc24f638b0cb6e8fb573a72334b5e577afad9ed2b0aab5d009381,,60.544487120196685,224.0,0.2702878889294495,1.0,0.0,224.0
TOTAL_FLUX,1.0,validation_ood,WIENER_GAUSSIAN,0.5,0.9689069475446429,SUPPORTED,,e9c3a2d32a8bc24f638b0cb6e8fb573a72334b5e577afad9ed2b0aab5d009381,256.0,,,,,,
TOTAL_FLUX,1.0,validation_ood,WIENER_GAUSSIAN,0.9,0.9942626953125,SUPPORTED,,e9c3a2d32a8bc24f638b0cb6e8fb573a72334b5e577afad9ed2b0aab5d009381,256.0,,,,,,
TOTAL_FLUX,1.0,validation_ood,WIENER_GAUSSIAN,0.95,0.9961286272321429,SUPPORTED,,e9c3a2d32a8bc24f638b0cb6e8fb573a72334b5e577afad9ed2b0aab5d009381,256.0,,,,,,
TOTAL_FLUX,1.0,validation_ood,WIENER_GAUSSIAN,,,SUPPORTED,joint chi-square calibration,e9c3a2d32a8bc24f638b0cb6e8fb573a72334b5e577afad9ed2b0aab5d009381,,26.07149018327752,224.0,0.11639058117534606,1.0,0.0,224.0
TOTAL_FLUX,1.0,validation_in_class,LINEAR_STATE_SPACE,0.5,0.9760829380580357,SUPPORTED,,e9c3a2d32a8bc24f638b0cb6e8fb573a72334b5e577afad9ed2b0aab5d009381,512.0,,,,,,
TOTAL_FLUX,1.0,validation_in_class,LINEAR_STATE_SPACE,0.9,0.9996512276785714,SUPPORTED,,e9c3a2d32a8bc24f638b0cb6e8fb573a72334b5e577afad9ed2b0aab5d009381,512.0,,,,,,
TOTAL_FLUX,1.0,validation_in_class,LINEAR_STATE_SPACE,0.95,0.9998604910714286,SUPPORTED,,e9c3a2d32a8bc24f638b0cb6e8fb573a72334b5e577afad9ed2b0aab5d009381,512.0,,,,,,
TOTAL_FLUX,1.0,validation_in_class,LINEAR_STATE_SPACE,,,SUPPORTED,joint chi-square calibration,e9c3a2d32a8bc24f638b0cb6e8fb573a72334b5e577afad9ed2b0aab5d009381,,22.414373502845326,224.0,0.10006416742341663,1.0,0.0,224.0
TOTAL_FLUX,1.0,validation_off_grid,LINEAR_STATE_SPACE,0.5,0.9763113839285714,SUPPORTED,,e9c3a2d32a8bc24f638b0cb6e8fb573a72334b5e577afad9ed2b0aab5d009381,320.0,,,,,,
TOTAL_FLUX,1.0,validation_off_grid,LINEAR_STATE_SPACE,0.9,0.9994419642857143,SUPPORTED,,e9c3a2d32a8bc24f638b0cb6e8fb573a72334b5e577afad9ed2b0aab5d009381,320.0,,,,,,
TOTAL_FLUX,1.0,validation_off_grid,LINEAR_STATE_SPACE,0.95,0.9998883928571428,SUPPORTED,,e9c3a2d32a8bc24f638b0cb6e8fb573a72334b5e577afad9ed2b0aab5d009381,320.0,,,,,,
TOTAL_FLUX,1.0,validation_off_grid,LINEAR_STATE_SPACE,,,SUPPORTED,joint chi-square calibration,e9c3a2d32a8bc24f638b0cb6e8fb573a72334b5e577afad9ed2b0aab5d009381,,17.592129375683506,224.0,0.07853629185572994,1.0,0.0,224.0
TOTAL_FLUX,1.0,validation_ood,LINEAR_STATE_SPACE,0.5,0.9762486049107143,SUPPORTED,,e9c3a2d32a8bc24f638b0cb6e8fb573a72334b5e577afad9ed2b0aab5d009381,256.0,,,,,,
TOTAL_FLUX,1.0,validation_ood,LINEAR_STATE_SPACE,0.9,0.9993024553571429,SUPPORTED,,e9c3a2d32a8bc24f638b0cb6e8fb573a72334b5e577afad9ed2b0aab5d009381,256.0,,,,,,
TOTAL_FLUX,1.0,validation_ood,LINEAR_STATE_SPACE,0.95,0.9998604910714286,SUPPORTED,,e9c3a2d32a8bc24f638b0cb6e8fb573a72334b5e577afad9ed2b0aab5d009381,256.0,,,,,,
TOTAL_FLUX,1.0,validation_ood,LINEAR_STATE_SPACE,,,SUPPORTED,joint chi-square calibration,e9c3a2d32a8bc24f638b0cb6e8fb573a72334b5e577afad9ed2b0aab5d009381,,16.702386241358134,224.0,0.07456422429177738,1.0,0.0,224.0
TOTAL_FLUX,3.0,validation_in_class,TSVD,0.5,,NOT_APPLICABLE,point estimator with no posterior covariance,e9c3a2d32a8bc24f638b0cb6e8fb573a72334b5e577afad9ed2b0aab5d009381,,,,,,,
TOTAL_FLUX,3.0,validation_in_class,TSVD,0.9,,NOT_APPLICABLE,point estimator with no posterior covariance,e9c3a2d32a8bc24f638b0cb6e8fb573a72334b5e577afad9ed2b0aab5d009381,,,,,,,
TOTAL_FLUX,3.0,validation_in_class,TSVD,0.95,,NOT_APPLICABLE,point estimator with no posterior covariance,e9c3a2d32a8bc24f638b0cb6e8fb573a72334b5e577afad9ed2b0aab5d009381,,,,,,,
TOTAL_FLUX,3.0,validation_off_grid,TSVD,0.5,,NOT_APPLICABLE,point estimator with no posterior covariance,e9c3a2d32a8bc24f638b0cb6e8fb573a72334b5e577afad9ed2b0aab5d009381,,,,,,,
TOTAL_FLUX,3.0,validation_off_grid,TSVD,0.9,,NOT_APPLICABLE,point estimator with no posterior covariance,e9c3a2d32a8bc24f638b0cb6e8fb573a72334b5e577afad9ed2b0aab5d009381,,,,,,,
TOTAL_FLUX,3.0,validation_off_grid,TSVD,0.95,,NOT_APPLICABLE,point estimator with no posterior covariance,e9c3a2d32a8bc24f638b0cb6e8fb573a72334b5e577afad9ed2b0aab5d009381,,,,,,,
TOTAL_FLUX,3.0,validation_ood,TSVD,0.5,,NOT_APPLICABLE,point estimator with no posterior covariance,e9c3a2d32a8bc24f638b0cb6e8fb573a72334b5e577afad9ed2b0aab5d009381,,,,,,,
TOTAL_FLUX,3.0,validation_ood,TSVD,0.9,,NOT_APPLICABLE,point estimator with no posterior covariance,e9c3a2d32a8bc24f638b0cb6e8fb573a72334b5e577afad9ed2b0aab5d009381,,,,,,,
TOTAL_FLUX,3.0,validation_ood,TSVD,0.95,,NOT_APPLICABLE,point estimator with no posterior covariance,e9c3a2d32a8bc24f638b0cb6e8fb573a72334b5e577afad9ed2b0aab5d009381,,,,,,,
TOTAL_FLUX,3.0,validation_in_class,RIDGE_IDENTITY,0.5,,NOT_APPLICABLE,point estimator with no posterior covariance,e9c3a2d32a8bc24f638b0cb6e8fb573a72334b5e577afad9ed2b0aab5d009381,,,,,,,
TOTAL_FLUX,3.0,validation_in_class,RIDGE_IDENTITY,0.9,,NOT_APPLICABLE,point estimator with no posterior covariance,e9c3a2d32a8bc24f638b0cb6e8fb573a72334b5e577afad9ed2b0aab5d009381,,,,,,,
TOTAL_FLUX,3.0,validation_in_class,RIDGE_IDENTITY,0.95,,NOT_APPLICABLE,point estimator with no posterior covariance,e9c3a2d32a8bc24f638b0cb6e8fb573a72334b5e577afad9ed2b0aab5d009381,,,,,,,
TOTAL_FLUX,3.0,validation_off_grid,RIDGE_IDENTITY,0.5,,NOT_APPLICABLE,point estimator with no posterior covariance,e9c3a2d32a8bc24f638b0cb6e8fb573a72334b5e577afad9ed2b0aab5d009381,,,,,,,
TOTAL_FLUX,3.0,validation_off_grid,RIDGE_IDENTITY,0.9,,NOT_APPLICABLE,point estimator with no posterior covariance,e9c3a2d32a8bc24f638b0cb6e8fb573a72334b5e577afad9ed2b0aab5d009381,,,,,,,
TOTAL_FLUX,3.0,validation_off_grid,RIDGE_IDENTITY,0.95,,NOT_APPLICABLE,point estimator with no posterior covariance,e9c3a2d32a8bc24f638b0cb6e8fb573a72334b5e577afad9ed2b0aab5d009381,,,,,,,
TOTAL_FLUX,3.0,validation_ood,RIDGE_IDENTITY,0.5,,NOT_APPLICABLE,point estimator with no posterior covariance,e9c3a2d32a8bc24f638b0cb6e8fb573a72334b5e577afad9ed2b0aab5d009381,,,,,,,
TOTAL_FLUX,3.0,validation_ood,RIDGE_IDENTITY,0.9,,NOT_APPLICABLE,point estimator with no posterior covariance,e9c3a2d32a8bc24f638b0cb6e8fb573a72334b5e577afad9ed2b0aab5d009381,,,,,,,
TOTAL_FLUX,3.0,validation_ood,RIDGE_IDENTITY,0.95,,NOT_APPLICABLE,point estimator with no posterior covariance,e9c3a2d32a8bc24f638b0cb6e8fb573a72334b5e577afad9ed2b0aab5d009381,,,,,,,
TOTAL_FLUX,3.0,validation_in_class,TIKHONOV_TEMPORAL,0.5,,NOT_APPLICABLE,point estimator with no posterior covariance,e9c3a2d32a8bc24f638b0cb6e8fb573a72334b5e577afad9ed2b0aab5d009381,,,,,,,
TOTAL_FLUX,3.0,validation_in_class,TIKHONOV_TEMPORAL,0.9,,NOT_APPLICABLE,point estimator with no posterior covariance,e9c3a2d32a8bc24f638b0cb6e8fb573a72334b5e577afad9ed2b0aab5d009381,,,,,,,
TOTAL_FLUX,3.0,validation_in_class,TIKHONOV_TEMPORAL,0.95,,NOT_APPLICABLE,point estimator with no posterior covariance,e9c3a2d32a8bc24f638b0cb6e8fb573a72334b5e577afad9ed2b0aab5d009381,,,,,,,
TOTAL_FLUX,3.0,validation_off_grid,TIKHONOV_TEMPORAL,0.5,,NOT_APPLICABLE,point estimator with no posterior covariance,e9c3a2d32a8bc24f638b0cb6e8fb573a72334b5e577afad9ed2b0aab5d009381,,,,,,,
TOTAL_FLUX,3.0,validation_off_grid,TIKHONOV_TEMPORAL,0.9,,NOT_APPLICABLE,point estimator with no posterior covariance,e9c3a2d32a8bc24f638b0cb6e8fb573a72334b5e577afad9ed2b0aab5d009381,,,,,,,
TOTAL_FLUX,3.0,validation_off_grid,TIKHONOV_TEMPORAL,0.95,,NOT_APPLICABLE,point estimator with no posterior covariance,e9c3a2d32a8bc24f638b0cb6e8fb573a72334b5e577afad9ed2b0aab5d009381,,,,,,,
TOTAL_FLUX,3.0,validation_ood,TIKHONOV_TEMPORAL,0.5,,NOT_APPLICABLE,point estimator with no posterior covariance,e9c3a2d32a8bc24f638b0cb6e8fb573a72334b5e577afad9ed2b0aab5d009381,,,,,,,
TOTAL_FLUX,3.0,validation_ood,TIKHONOV_TEMPORAL,0.9,,NOT_APPLICABLE,point estimator with no posterior covariance,e9c3a2d32a8bc24f638b0cb6e8fb573a72334b5e577afad9ed2b0aab5d009381,,,,,,,
TOTAL_FLUX,3.0,validation_ood,TIKHONOV_TEMPORAL,0.95,,NOT_APPLICABLE,point estimator with no posterior covariance,e9c3a2d32a8bc24f638b0cb6e8fb573a72334b5e577afad9ed2b0aab5d009381,,,,,,,
TOTAL_FLUX,3.0,validation_in_class,WIENER_GAUSSIAN,0.5,0.86810302734375,SUPPORTED,,e9c3a2d32a8bc24f638b0cb6e8fb573a72334b5e577afad9ed2b0aab5d009381,512.0,,,,,,
TOTAL_FLUX,3.0,validation_in_class,WIENER_GAUSSIAN,0.9,0.9447806222098214,SUPPORTED,,e9c3a2d32a8bc24f638b0cb6e8fb573a72334b5e577afad9ed2b0aab5d009381,512.0,,,,,,
TOTAL_FLUX,3.0,validation_in_class,WIENER_GAUSSIAN,0.95,0.95440673828125,SUPPORTED,,e9c3a2d32a8bc24f638b0cb6e8fb573a72334b5e577afad9ed2b0aab5d009381,512.0,,,,,,
TOTAL_FLUX,3.0,validation_in_class,WIENER_GAUSSIAN,,,SUPPORTED,joint chi-square calibration,e9c3a2d32a8bc24f638b0cb6e8fb573a72334b5e577afad9ed2b0aab5d009381,,623.7781631589994,224.0,2.7847239426741046,0.046262259887879735,0.0,224.0
TOTAL_FLUX,3.0,validation_off_grid,WIENER_GAUSSIAN,0.5,0.9183314732142858,SUPPORTED,,e9c3a2d32a8bc24f638b0cb6e8fb573a72334b5e577afad9ed2b0aab5d009381,320.0,,,,,,
TOTAL_FLUX,3.0,validation_off_grid,WIENER_GAUSSIAN,0.9,0.96669921875,SUPPORTED,,e9c3a2d32a8bc24f638b0cb6e8fb573a72334b5e577afad9ed2b0aab5d009381,320.0,,,,,,
TOTAL_FLUX,3.0,validation_off_grid,WIENER_GAUSSIAN,0.95,0.9714564732142857,SUPPORTED,,e9c3a2d32a8bc24f638b0cb6e8fb573a72334b5e577afad9ed2b0aab5d009381,320.0,,,,,,
TOTAL_FLUX,3.0,validation_off_grid,WIENER_GAUSSIAN,,,SUPPORTED,joint chi-square calibration,e9c3a2d32a8bc24f638b0cb6e8fb573a72334b5e577afad9ed2b0aab5d009381,,1259.0610097738347,224.0,5.620808079347476,1.2364148775938691e-08,0.0,224.0
TOTAL_FLUX,3.0,validation_ood,WIENER_GAUSSIAN,0.5,0.8950020926339286,SUPPORTED,,e9c3a2d32a8bc24f638b0cb6e8fb573a72334b5e577afad9ed2b0aab5d009381,256.0,,,,,,
TOTAL_FLUX,3.0,validation_ood,WIENER_GAUSSIAN,0.9,0.9459926060267857,SUPPORTED,,e9c3a2d32a8bc24f638b0cb6e8fb573a72334b5e577afad9ed2b0aab5d009381,256.0,,,,,,
TOTAL_FLUX,3.0,validation_ood,WIENER_GAUSSIAN,0.95,0.9513462611607143,SUPPORTED,,e9c3a2d32a8bc24f638b0cb6e8fb573a72334b5e577afad9ed2b0aab5d009381,256.0,,,,,,
TOTAL_FLUX,3.0,validation_ood,WIENER_GAUSSIAN,,,SUPPORTED,joint chi-square calibration,e9c3a2d32a8bc24f638b0cb6e8fb573a72334b5e577afad9ed2b0aab5d009381,,9172.610735166572,224.0,40.94915506770791,0.0,0.0,224.0
TOTAL_FLUX,3.0,validation_in_class,LINEAR_STATE_SPACE,0.5,0.9999302455357143,SUPPORTED,,e9c3a2d32a8bc24f638b0cb6e8fb573a72334b5e577afad9ed2b0aab5d009381,512.0,,,,,,
TOTAL_FLUX,3.0,validation_in_class,LINEAR_STATE_SPACE,0.9,1.0,SUPPORTED,,e9c3a2d32a8bc24f638b0cb6e8fb573a72334b5e577afad9ed2b0aab5d009381,512.0,,,,,,
TOTAL_FLUX,3.0,validation_in_class,LINEAR_STATE_SPACE,0.95,1.0,SUPPORTED,,e9c3a2d32a8bc24f638b0cb6e8fb573a72334b5e577afad9ed2b0aab5d009381,512.0,,,,,,
TOTAL_FLUX,3.0,validation_in_class,LINEAR_STATE_SPACE,,,SUPPORTED,joint chi-square calibration,e9c3a2d32a8bc24f638b0cb6e8fb573a72334b5e577afad9ed2b0aab5d009381,,11.488981943461084,224.0,0.05129009796187984,1.0,0.0,224.0
TOTAL_FLUX,3.0,validation_off_grid,LINEAR_STATE_SPACE,0.5,0.9998883928571428,SUPPORTED,,e9c3a2d32a8bc24f638b0cb6e8fb573a72334b5e577afad9ed2b0aab5d009381,320.0,,,,,,
TOTAL_FLUX,3.0,validation_off_grid,LINEAR_STATE_SPACE,0.9,1.0,SUPPORTED,,e9c3a2d32a8bc24f638b0cb6e8fb573a72334b5e577afad9ed2b0aab5d009381,320.0,,,,,,
TOTAL_FLUX,3.0,validation_off_grid,LINEAR_STATE_SPACE,0.95,1.0,SUPPORTED,,e9c3a2d32a8bc24f638b0cb6e8fb573a72334b5e577afad9ed2b0aab5d009381,320.0,,,,,,
TOTAL_FLUX,3.0,validation_off_grid,LINEAR_STATE_SPACE,,,SUPPORTED,joint chi-square calibration,e9c3a2d32a8bc24f638b0cb6e8fb573a72334b5e577afad9ed2b0aab5d009381,,6.6482558750060745,224.0,0.02967971372770569,1.0,0.0,224.0
TOTAL_FLUX,3.0,validation_ood,LINEAR_STATE_SPACE,0.5,1.0,SUPPORTED,,e9c3a2d32a8bc24f638b0cb6e8fb573a72334b5e577afad9ed2b0aab5d009381,256.0,,,,,,
TOTAL_FLUX,3.0,validation_ood,LINEAR_STATE_SPACE,0.9,1.0,SUPPORTED,,e9c3a2d32a8bc24f638b0cb6e8fb573a72334b5e577afad9ed2b0aab5d009381,256.0,,,,,,
TOTAL_FLUX,3.0,validation_ood,LINEAR_STATE_SPACE,0.95,1.0,SUPPORTED,,e9c3a2d32a8bc24f638b0cb6e8fb573a72334b5e577afad9ed2b0aab5d009381,256.0,,,,,,
TOTAL_FLUX,3.0,validation_ood,LINEAR_STATE_SPACE,,,SUPPORTED,joint chi-square calibration,e9c3a2d32a8bc24f638b0cb6e8fb573a72334b5e577afad9ed2b0aab5d009381,,5.923054170128388,224.0,0.02644220611664459,1.0,0.0,224.0
TOTAL_FLUX,10.0,validation_in_class,TSVD,0.5,,NOT_APPLICABLE,point estimator with no posterior covariance,e9c3a2d32a8bc24f638b0cb6e8fb573a72334b5e577afad9ed2b0aab5d009381,,,,,,,
TOTAL_FLUX,10.0,validation_in_class,TSVD,0.9,,NOT_APPLICABLE,point estimator with no posterior covariance,e9c3a2d32a8bc24f638b0cb6e8fb573a72334b5e577afad9ed2b0aab5d009381,,,,,,,
TOTAL_FLUX,10.0,validation_in_class,TSVD,0.95,,NOT_APPLICABLE,point estimator with no posterior covariance,e9c3a2d32a8bc24f638b0cb6e8fb573a72334b5e577afad9ed2b0aab5d009381,,,,,,,
TOTAL_FLUX,10.0,validation_off_grid,TSVD,0.5,,NOT_APPLICABLE,point estimator with no posterior covariance,e9c3a2d32a8bc24f638b0cb6e8fb573a72334b5e577afad9ed2b0aab5d009381,,,,,,,
TOTAL_FLUX,10.0,validation_off_grid,TSVD,0.9,,NOT_APPLICABLE,point estimator with no posterior covariance,e9c3a2d32a8bc24f638b0cb6e8fb573a72334b5e577afad9ed2b0aab5d009381,,,,,,,
TOTAL_FLUX,10.0,validation_off_grid,TSVD,0.95,,NOT_APPLICABLE,point estimator with no posterior covariance,e9c3a2d32a8bc24f638b0cb6e8fb573a72334b5e577afad9ed2b0aab5d009381,,,,,,,
TOTAL_FLUX,10.0,validation_ood,TSVD,0.5,,NOT_APPLICABLE,point estimator with no posterior covariance,e9c3a2d32a8bc24f638b0cb6e8fb573a72334b5e577afad9ed2b0aab5d009381,,,,,,,
TOTAL_FLUX,10.0,validation_ood,TSVD,0.9,,NOT_APPLICABLE,point estimator with no posterior covariance,e9c3a2d32a8bc24f638b0cb6e8fb573a72334b5e577afad9ed2b0aab5d009381,,,,,,,
TOTAL_FLUX,10.0,validation_ood,TSVD,0.95,,NOT_APPLICABLE,point estimator with no posterior covariance,e9c3a2d32a8bc24f638b0cb6e8fb573a72334b5e577afad9ed2b0aab5d009381,,,,,,,
TOTAL_FLUX,10.0,validation_in_class,RIDGE_IDENTITY,0.5,,NOT_APPLICABLE,point estimator with no posterior covariance,e9c3a2d32a8bc24f638b0cb6e8fb573a72334b5e577afad9ed2b0aab5d009381,,,,,,,
TOTAL_FLUX,10.0,validation_in_class,RIDGE_IDENTITY,0.9,,NOT_APPLICABLE,point estimator with no posterior covariance,e9c3a2d32a8bc24f638b0cb6e8fb573a72334b5e577afad9ed2b0aab5d009381,,,,,,,
TOTAL_FLUX,10.0,validation_in_class,RIDGE_IDENTITY,0.95,,NOT_APPLICABLE,point estimator with no posterior covariance,e9c3a2d32a8bc24f638b0cb6e8fb573a72334b5e577afad9ed2b0aab5d009381,,,,,,,
TOTAL_FLUX,10.0,validation_off_grid,RIDGE_IDENTITY,0.5,,NOT_APPLICABLE,point estimator with no posterior covariance,e9c3a2d32a8bc24f638b0cb6e8fb573a72334b5e577afad9ed2b0aab5d009381,,,,,,,
TOTAL_FLUX,10.0,validation_off_grid,RIDGE_IDENTITY,0.9,,NOT_APPLICABLE,point estimator with no posterior covariance,e9c3a2d32a8bc24f638b0cb6e8fb573a72334b5e577afad9ed2b0aab5d009381,,,,,,,
TOTAL_FLUX,10.0,validation_off_grid,RIDGE_IDENTITY,0.95,,NOT_APPLICABLE,point estimator with no posterior covariance,e9c3a2d32a8bc24f638b0cb6e8fb573a72334b5e577afad9ed2b0aab5d009381,,,,,,,
TOTAL_FLUX,10.0,validation_ood,RIDGE_IDENTITY,0.5,,NOT_APPLICABLE,point estimator with no posterior covariance,e9c3a2d32a8bc24f638b0cb6e8fb573a72334b5e577afad9ed2b0aab5d009381,,,,,,,
TOTAL_FLUX,10.0,validation_ood,RIDGE_IDENTITY,0.9,,NOT_APPLICABLE,point estimator with no posterior covariance,e9c3a2d32a8bc24f638b0cb6e8fb573a72334b5e577afad9ed2b0aab5d009381,,,,,,,
TOTAL_FLUX,10.0,validation_ood,RIDGE_IDENTITY,0.95,,NOT_APPLICABLE,point estimator with no posterior covariance,e9c3a2d32a8bc24f638b0cb6e8fb573a72334b5e577afad9ed2b0aab5d009381,,,,,,,
TOTAL_FLUX,10.0,validation_in_class,TIKHONOV_TEMPORAL,0.5,,NOT_APPLICABLE,point estimator with no posterior covariance,e9c3a2d32a8bc24f638b0cb6e8fb573a72334b5e577afad9ed2b0aab5d009381,,,,,,,
TOTAL_FLUX,10.0,validation_in_class,TIKHONOV_TEMPORAL,0.9,,NOT_APPLICABLE,point estimator with no posterior covariance,e9c3a2d32a8bc24f638b0cb6e8fb573a72334b5e577afad9ed2b0aab5d009381,,,,,,,
TOTAL_FLUX,10.0,validation_in_class,TIKHONOV_TEMPORAL,0.95,,NOT_APPLICABLE,point estimator with no posterior covariance,e9c3a2d32a8bc24f638b0cb6e8fb573a72334b5e577afad9ed2b0aab5d009381,,,,,,,
TOTAL_FLUX,10.0,validation_off_grid,TIKHONOV_TEMPORAL,0.5,,NOT_APPLICABLE,point estimator with no posterior covariance,e9c3a2d32a8bc24f638b0cb6e8fb573a72334b5e577afad9ed2b0aab5d009381,,,,,,,
TOTAL_FLUX,10.0,validation_off_grid,TIKHONOV_TEMPORAL,0.9,,NOT_APPLICABLE,point estimator with no posterior covariance,e9c3a2d32a8bc24f638b0cb6e8fb573a72334b5e577afad9ed2b0aab5d009381,,,,,,,
TOTAL_FLUX,10.0,validation_off_grid,TIKHONOV_TEMPORAL,0.95,,NOT_APPLICABLE,point estimator with no posterior covariance,e9c3a2d32a8bc24f638b0cb6e8fb573a72334b5e577afad9ed2b0aab5d009381,,,,,,,
TOTAL_FLUX,10.0,validation_ood,TIKHONOV_TEMPORAL,0.5,,NOT_APPLICABLE,point estimator with no posterior covariance,e9c3a2d32a8bc24f638b0cb6e8fb573a72334b5e577afad9ed2b0aab5d009381,,,,,,,
TOTAL_FLUX,10.0,validation_ood,TIKHONOV_TEMPORAL,0.9,,NOT_APPLICABLE,point estimator with no posterior covariance,e9c3a2d32a8bc24f638b0cb6e8fb573a72334b5e577afad9ed2b0aab5d009381,,,,,,,
TOTAL_FLUX,10.0,validation_ood,TIKHONOV_TEMPORAL,0.95,,NOT_APPLICABLE,point estimator with no posterior covariance,e9c3a2d32a8bc24f638b0cb6e8fb573a72334b5e577afad9ed2b0aab5d009381,,,,,,,
TOTAL_FLUX,10.0,validation_in_class,WIENER_GAUSSIAN,0.5,0.8558436802455357,SUPPORTED,,e9c3a2d32a8bc24f638b0cb6e8fb573a72334b5e577afad9ed2b0aab5d009381,512.0,,,,,,
TOTAL_FLUX,10.0,validation_in_class,WIENER_GAUSSIAN,0.9,0.9432460239955357,SUPPORTED,,e9c3a2d32a8bc24f638b0cb6e8fb573a72334b5e577afad9ed2b0aab5d009381,512.0,,,,,,
TOTAL_FLUX,10.0,validation_in_class,WIENER_GAUSSIAN,0.95,0.9527936662946429,SUPPORTED,,e9c3a2d32a8bc24f638b0cb6e8fb573a72334b5e577afad9ed2b0aab5d009381,512.0,,,,,,
TOTAL_FLUX,10.0,validation_in_class,WIENER_GAUSSIAN,,,SUPPORTED,joint chi-square calibration,e9c3a2d32a8bc24f638b0cb6e8fb573a72334b5e577afad9ed2b0aab5d009381,,764.8179356617964,224.0,3.414365784204448,1.8959775061735865e-12,0.0,224.0
TOTAL_FLUX,10.0,validation_off_grid,WIENER_GAUSSIAN,0.5,0.9105329241071428,SUPPORTED,,e9c3a2d32a8bc24f638b0cb6e8fb573a72334b5e577afad9ed2b0aab5d009381,320.0,,,,,,
TOTAL_FLUX,10.0,validation_off_grid,WIENER_GAUSSIAN,0.9,0.9660574776785714,SUPPORTED,,e9c3a2d32a8bc24f638b0cb6e8fb573a72334b5e577afad9ed2b0aab5d009381,320.0,,,,,,
TOTAL_FLUX,10.0,validation_off_grid,WIENER_GAUSSIAN,0.95,0.9712332589285714,SUPPORTED,,e9c3a2d32a8bc24f638b0cb6e8fb573a72334b5e577afad9ed2b0aab5d009381,320.0,,,,,,
TOTAL_FLUX,10.0,validation_off_grid,WIENER_GAUSSIAN,,,SUPPORTED,joint chi-square calibration,e9c3a2d32a8bc24f638b0cb6e8fb573a72334b5e577afad9ed2b0aab5d009381,,1398.891500946072,224.0,6.2450513435092505,2.5015490479755294e-23,0.0,224.0
TOTAL_FLUX,10.0,validation_ood,WIENER_GAUSSIAN,0.5,0.8885149274553571,SUPPORTED,,e9c3a2d32a8bc24f638b0cb6e8fb573a72334b5e577afad9ed2b0aab5d009381,256.0,,,,,,
TOTAL_FLUX,10.0,validation_ood,WIENER_GAUSSIAN,0.9,0.9454868861607143,SUPPORTED,,e9c3a2d32a8bc24f638b0cb6e8fb573a72334b5e577afad9ed2b0aab5d009381,256.0,,,,,,
TOTAL_FLUX,10.0,validation_ood,WIENER_GAUSSIAN,0.95,0.9512416294642857,SUPPORTED,,e9c3a2d32a8bc24f638b0cb6e8fb573a72334b5e577afad9ed2b0aab5d009381,256.0,,,,,,
TOTAL_FLUX,10.0,validation_ood,WIENER_GAUSSIAN,,,SUPPORTED,joint chi-square calibration,e9c3a2d32a8bc24f638b0cb6e8fb573a72334b5e577afad9ed2b0aab5d009381,,9313.43515740507,224.0,41.57783552412978,0.0,0.0,224.0
TOTAL_FLUX,10.0,validation_in_class,LINEAR_STATE_SPACE,0.5,1.0,SUPPORTED,,e9c3a2d32a8bc24f638b0cb6e8fb573a72334b5e577afad9ed2b0aab5d009381,512.0,,,,,,
TOTAL_FLUX,10.0,validation_in_class,LINEAR_STATE_SPACE,0.9,1.0,SUPPORTED,,e9c3a2d32a8bc24f638b0cb6e8fb573a72334b5e577afad9ed2b0aab5d009381,512.0,,,,,,
TOTAL_FLUX,10.0,validation_in_class,LINEAR_STATE_SPACE,0.95,1.0,SUPPORTED,,e9c3a2d32a8bc24f638b0cb6e8fb573a72334b5e577afad9ed2b0aab5d009381,512.0,,,,,,
TOTAL_FLUX,10.0,validation_in_class,LINEAR_STATE_SPACE,,,SUPPORTED,joint chi-square calibration,e9c3a2d32a8bc24f638b0cb6e8fb573a72334b5e577afad9ed2b0aab5d009381,,10.21612125722034,224.0,0.04560768418401938,1.0,0.0,224.0
TOTAL_FLUX,10.0,validation_off_grid,LINEAR_STATE_SPACE,0.5,1.0,SUPPORTED,,e9c3a2d32a8bc24f638b0cb6e8fb573a72334b5e577afad9ed2b0aab5d009381,320.0,,,,,,
TOTAL_FLUX,10.0,validation_off_grid,LINEAR_STATE_SPACE,0.9,1.0,SUPPORTED,,e9c3a2d32a8bc24f638b0cb6e8fb573a72334b5e577afad9ed2b0aab5d009381,320.0,,,,,,
TOTAL_FLUX,10.0,validation_off_grid,LINEAR_STATE_SPACE,0.95,1.0,SUPPORTED,,e9c3a2d32a8bc24f638b0cb6e8fb573a72334b5e577afad9ed2b0aab5d009381,320.0,,,,,,
TOTAL_FLUX,10.0,validation_off_grid,LINEAR_STATE_SPACE,,,SUPPORTED,joint chi-square calibration,e9c3a2d32a8bc24f638b0cb6e8fb573a72334b5e577afad9ed2b0aab5d009381,,5.360886305470065,224.0,0.023932528149419933,1.0,0.0,224.0
TOTAL_FLUX,10.0,validation_ood,LINEAR_STATE_SPACE,0.5,1.0,SUPPORTED,,e9c3a2d32a8bc24f638b0cb6e8fb573a72334b5e577afad9ed2b0aab5d009381,256.0,,,,,,
TOTAL_FLUX,10.0,validation_ood,LINEAR_STATE_SPACE,0.9,1.0,SUPPORTED,,e9c3a2d32a8bc24f638b0cb6e8fb573a72334b5e577afad9ed2b0aab5d009381,256.0,,,,,,
TOTAL_FLUX,10.0,validation_ood,LINEAR_STATE_SPACE,0.95,1.0,SUPPORTED,,e9c3a2d32a8bc24f638b0cb6e8fb573a72334b5e577afad9ed2b0aab5d009381,256.0,,,,,,
TOTAL_FLUX,10.0,validation_ood,LINEAR_STATE_SPACE,,,SUPPORTED,joint chi-square calibration,e9c3a2d32a8bc24f638b0cb6e8fb573a72334b5e577afad9ed2b0aab5d009381,,4.620338136358681,224.0,0.02062650953731554,1.0,0.0,224.0
TOTAL_FLUX,30.0,validation_in_class,TSVD,0.5,,NOT_APPLICABLE,point estimator with no posterior covariance,e9c3a2d32a8bc24f638b0cb6e8fb573a72334b5e577afad9ed2b0aab5d009381,,,,,,,
TOTAL_FLUX,30.0,validation_in_class,TSVD,0.9,,NOT_APPLICABLE,point estimator with no posterior covariance,e9c3a2d32a8bc24f638b0cb6e8fb573a72334b5e577afad9ed2b0aab5d009381,,,,,,,
TOTAL_FLUX,30.0,validation_in_class,TSVD,0.95,,NOT_APPLICABLE,point estimator with no posterior covariance,e9c3a2d32a8bc24f638b0cb6e8fb573a72334b5e577afad9ed2b0aab5d009381,,,,,,,
TOTAL_FLUX,30.0,validation_off_grid,TSVD,0.5,,NOT_APPLICABLE,point estimator with no posterior covariance,e9c3a2d32a8bc24f638b0cb6e8fb573a72334b5e577afad9ed2b0aab5d009381,,,,,,,
TOTAL_FLUX,30.0,validation_off_grid,TSVD,0.9,,NOT_APPLICABLE,point estimator with no posterior covariance,e9c3a2d32a8bc24f638b0cb6e8fb573a72334b5e577afad9ed2b0aab5d009381,,,,,,,
TOTAL_FLUX,30.0,validation_off_grid,TSVD,0.95,,NOT_APPLICABLE,point estimator with no posterior covariance,e9c3a2d32a8bc24f638b0cb6e8fb573a72334b5e577afad9ed2b0aab5d009381,,,,,,,
TOTAL_FLUX,30.0,validation_ood,TSVD,0.5,,NOT_APPLICABLE,point estimator with no posterior covariance,e9c3a2d32a8bc24f638b0cb6e8fb573a72334b5e577afad9ed2b0aab5d009381,,,,,,,
TOTAL_FLUX,30.0,validation_ood,TSVD,0.9,,NOT_APPLICABLE,point estimator with no posterior covariance,e9c3a2d32a8bc24f638b0cb6e8fb573a72334b5e577afad9ed2b0aab5d009381,,,,,,,
TOTAL_FLUX,30.0,validation_ood,TSVD,0.95,,NOT_APPLICABLE,point estimator with no posterior covariance,e9c3a2d32a8bc24f638b0cb6e8fb573a72334b5e577afad9ed2b0aab5d009381,,,,,,,
TOTAL_FLUX,30.0,validation_in_class,RIDGE_IDENTITY,0.5,,NOT_APPLICABLE,point estimator with no posterior covariance,e9c3a2d32a8bc24f638b0cb6e8fb573a72334b5e577afad9ed2b0aab5d009381,,,,,,,
TOTAL_FLUX,30.0,validation_in_class,RIDGE_IDENTITY,0.9,,NOT_APPLICABLE,point estimator with no posterior covariance,e9c3a2d32a8bc24f638b0cb6e8fb573a72334b5e577afad9ed2b0aab5d009381,,,,,,,
TOTAL_FLUX,30.0,validation_in_class,RIDGE_IDENTITY,0.95,,NOT_APPLICABLE,point estimator with no posterior covariance,e9c3a2d32a8bc24f638b0cb6e8fb573a72334b5e577afad9ed2b0aab5d009381,,,,,,,
TOTAL_FLUX,30.0,validation_off_grid,RIDGE_IDENTITY,0.5,,NOT_APPLICABLE,point estimator with no posterior covariance,e9c3a2d32a8bc24f638b0cb6e8fb573a72334b5e577afad9ed2b0aab5d009381,,,,,,,
TOTAL_FLUX,30.0,validation_off_grid,RIDGE_IDENTITY,0.9,,NOT_APPLICABLE,point estimator with no posterior covariance,e9c3a2d32a8bc24f638b0cb6e8fb573a72334b5e577afad9ed2b0aab5d009381,,,,,,,
TOTAL_FLUX,30.0,validation_off_grid,RIDGE_IDENTITY,0.95,,NOT_APPLICABLE,point estimator with no posterior covariance,e9c3a2d32a8bc24f638b0cb6e8fb573a72334b5e577afad9ed2b0aab5d009381,,,,,,,
TOTAL_FLUX,30.0,validation_ood,RIDGE_IDENTITY,0.5,,NOT_APPLICABLE,point estimator with no posterior covariance,e9c3a2d32a8bc24f638b0cb6e8fb573a72334b5e577afad9ed2b0aab5d009381,,,,,,,
TOTAL_FLUX,30.0,validation_ood,RIDGE_IDENTITY,0.9,,NOT_APPLICABLE,point estimator with no posterior covariance,e9c3a2d32a8bc24f638b0cb6e8fb573a72334b5e577afad9ed2b0aab5d009381,,,,,,,
TOTAL_FLUX,30.0,validation_ood,RIDGE_IDENTITY,0.95,,NOT_APPLICABLE,point estimator with no posterior covariance,e9c3a2d32a8bc24f638b0cb6e8fb573a72334b5e577afad9ed2b0aab5d009381,,,,,,,
TOTAL_FLUX,30.0,validation_in_class,TIKHONOV_TEMPORAL,0.5,,NOT_APPLICABLE,point estimator with no posterior covariance,e9c3a2d32a8bc24f638b0cb6e8fb573a72334b5e577afad9ed2b0aab5d009381,,,,,,,
TOTAL_FLUX,30.0,validation_in_class,TIKHONOV_TEMPORAL,0.9,,NOT_APPLICABLE,point estimator with no posterior covariance,e9c3a2d32a8bc24f638b0cb6e8fb573a72334b5e577afad9ed2b0aab5d009381,,,,,,,
TOTAL_FLUX,30.0,validation_in_class,TIKHONOV_TEMPORAL,0.95,,NOT_APPLICABLE,point estimator with no posterior covariance,e9c3a2d32a8bc24f638b0cb6e8fb573a72334b5e577afad9ed2b0aab5d009381,,,,,,,
TOTAL_FLUX,30.0,validation_off_grid,TIKHONOV_TEMPORAL,0.5,,NOT_APPLICABLE,point estimator with no posterior covariance,e9c3a2d32a8bc24f638b0cb6e8fb573a72334b5e577afad9ed2b0aab5d009381,,,,,,,
TOTAL_FLUX,30.0,validation_off_grid,TIKHONOV_TEMPORAL,0.9,,NOT_APPLICABLE,point estimator with no posterior covariance,e9c3a2d32a8bc24f638b0cb6e8fb573a72334b5e577afad9ed2b0aab5d009381,,,,,,,
TOTAL_FLUX,30.0,validation_off_grid,TIKHONOV_TEMPORAL,0.95,,NOT_APPLICABLE,point estimator with no posterior covariance,e9c3a2d32a8bc24f638b0cb6e8fb573a72334b5e577afad9ed2b0aab5d009381,,,,,,,
TOTAL_FLUX,30.0,validation_ood,TIKHONOV_TEMPORAL,0.5,,NOT_APPLICABLE,point estimator with no posterior covariance,e9c3a2d32a8bc24f638b0cb6e8fb573a72334b5e577afad9ed2b0aab5d009381,,,,,,,
TOTAL_FLUX,30.0,validation_ood,TIKHONOV_TEMPORAL,0.9,,NOT_APPLICABLE,point estimator with no posterior covariance,e9c3a2d32a8bc24f638b0cb6e8fb573a72334b5e577afad9ed2b0aab5d009381,,,,,,,
TOTAL_FLUX,30.0,validation_ood,TIKHONOV_TEMPORAL,0.95,,NOT_APPLICABLE,point estimator with no posterior covariance,e9c3a2d32a8bc24f638b0cb6e8fb573a72334b5e577afad9ed2b0aab5d009381,,,,,,,
TOTAL_FLUX,30.0,validation_in_class,WIENER_GAUSSIAN,0.5,0.8516758510044643,SUPPORTED,,e9c3a2d32a8bc24f638b0cb6e8fb573a72334b5e577afad9ed2b0aab5d009381,512.0,,,,,,
TOTAL_FLUX,30.0,validation_in_class,WIENER_GAUSSIAN,0.9,0.9426007952008929,SUPPORTED,,e9c3a2d32a8bc24f638b0cb6e8fb573a72334b5e577afad9ed2b0aab5d009381,512.0,,,,,,
TOTAL_FLUX,30.0,validation_in_class,WIENER_GAUSSIAN,0.95,0.95257568359375,SUPPORTED,,e9c3a2d32a8bc24f638b0cb6e8fb573a72334b5e577afad9ed2b0aab5d009381,512.0,,,,,,
TOTAL_FLUX,30.0,validation_in_class,WIENER_GAUSSIAN,,,SUPPORTED,joint chi-square calibration,e9c3a2d32a8bc24f638b0cb6e8fb573a72334b5e577afad9ed2b0aab5d009381,,812.8901798828155,224.0,3.6289740173339977,7.251888912649939e-18,0.0,224.0
TOTAL_FLUX,30.0,validation_off_grid,WIENER_GAUSSIAN,0.5,0.9066964285714286,SUPPORTED,,e9c3a2d32a8bc24f638b0cb6e8fb573a72334b5e577afad9ed2b0aab5d009381,320.0,,,,,,
TOTAL_FLUX,30.0,validation_off_grid,WIENER_GAUSSIAN,0.9,0.9658203125,SUPPORTED,,e9c3a2d32a8bc24f638b0cb6e8fb573a72334b5e577afad9ed2b0aab5d009381,320.0,,,,,,
TOTAL_FLUX,30.0,validation_off_grid,WIENER_GAUSSIAN,0.95,0.9710518973214286,SUPPORTED,,e9c3a2d32a8bc24f638b0cb6e8fb573a72334b5e577afad9ed2b0aab5d009381,320.0,,,,,,
TOTAL_FLUX,30.0,validation_off_grid,WIENER_GAUSSIAN,,,SUPPORTED,joint chi-square calibration,e9c3a2d32a8bc24f638b0cb6e8fb573a72334b5e577afad9ed2b0aab5d009381,,1446.6249655406173,224.0,6.458147167592041,2.4485532144746652e-29,0.0,224.0
TOTAL_FLUX,30.0,validation_ood,WIENER_GAUSSIAN,0.5,0.8857073102678571,SUPPORTED,,e9c3a2d32a8bc24f638b0cb6e8fb573a72334b5e577afad9ed2b0aab5d009381,256.0,,,,,,
TOTAL_FLUX,30.0,validation_ood,WIENER_GAUSSIAN,0.9,0.9443708147321429,SUPPORTED,,e9c3a2d32a8bc24f638b0cb6e8fb573a72334b5e577afad9ed2b0aab5d009381,256.0,,,,,,
TOTAL_FLUX,30.0,validation_ood,WIENER_GAUSSIAN,0.95,0.9511195591517857,SUPPORTED,,e9c3a2d32a8bc24f638b0cb6e8fb573a72334b5e577afad9ed2b0aab5d009381,256.0,,,,,,
TOTAL_FLUX,30.0,validation_ood,WIENER_GAUSSIAN,,,SUPPORTED,joint chi-square calibration,e9c3a2d32a8bc24f638b0cb6e8fb573a72334b5e577afad9ed2b0aab5d009381,,9361.46272114776,224.0,41.79224429083821,0.0,0.0,224.0
TOTAL_FLUX,30.0,validation_in_class,LINEAR_STATE_SPACE,0.5,1.0,SUPPORTED,,e9c3a2d32a8bc24f638b0cb6e8fb573a72334b5e577afad9ed2b0aab5d009381,512.0,,,,,,
TOTAL_FLUX,30.0,validation_in_class,LINEAR_STATE_SPACE,0.9,1.0,SUPPORTED,,e9c3a2d32a8bc24f638b0cb6e8fb573a72334b5e577afad9ed2b0aab5d009381,512.0,,,,,,
TOTAL_FLUX,30.0,validation_in_class,LINEAR_STATE_SPACE,0.95,1.0,SUPPORTED,,e9c3a2d32a8bc24f638b0cb6e8fb573a72334b5e577afad9ed2b0aab5d009381,512.0,,,,,,
TOTAL_FLUX,30.0,validation_in_class,LINEAR_STATE_SPACE,,,SUPPORTED,joint chi-square calibration,e9c3a2d32a8bc24f638b0cb6e8fb573a72334b5e577afad9ed2b0aab5d009381,,10.10592700278184,224.0,0.04511574554813321,1.0,0.0,224.0
TOTAL_FLUX,30.0,validation_off_grid,LINEAR_STATE_SPACE,0.5,1.0,SUPPORTED,,e9c3a2d32a8bc24f638b0cb6e8fb573a72334b5e577afad9ed2b0aab5d009381,320.0,,,,,,
TOTAL_FLUX,30.0,validation_off_grid,LINEAR_STATE_SPACE,0.9,1.0,SUPPORTED,,e9c3a2d32a8bc24f638b0cb6e8fb573a72334b5e577afad9ed2b0aab5d009381,320.0,,,,,,
TOTAL_FLUX,30.0,validation_off_grid,LINEAR_STATE_SPACE,0.95,1.0,SUPPORTED,,e9c3a2d32a8bc24f638b0cb6e8fb573a72334b5e577afad9ed2b0aab5d009381,320.0,,,,,,
TOTAL_FLUX,30.0,validation_off_grid,LINEAR_STATE_SPACE,,,SUPPORTED,joint chi-square calibration,e9c3a2d32a8bc24f638b0cb6e8fb573a72334b5e577afad9ed2b0aab5d009381,,5.249501746214299,224.0,0.023435275652742404,1.0,0.0,224.0
TOTAL_FLUX,30.0,validation_ood,LINEAR_STATE_SPACE,0.5,1.0,SUPPORTED,,e9c3a2d32a8bc24f638b0cb6e8fb573a72334b5e577afad9ed2b0aab5d009381,256.0,,,,,,
TOTAL_FLUX,30.0,validation_ood,LINEAR_STATE_SPACE,0.9,1.0,SUPPORTED,,e9c3a2d32a8bc24f638b0cb6e8fb573a72334b5e577afad9ed2b0aab5d009381,256.0,,,,,,
TOTAL_FLUX,30.0,validation_ood,LINEAR_STATE_SPACE,0.95,1.0,SUPPORTED,,e9c3a2d32a8bc24f638b0cb6e8fb573a72334b5e577afad9ed2b0aab5d009381,256.0,,,,,,
TOTAL_FLUX,30.0,validation_ood,LINEAR_STATE_SPACE,,,SUPPORTED,joint chi-square calibration,e9c3a2d32a8bc24f638b0cb6e8fb573a72334b5e577afad9ed2b0aab5d009381,,4.509795609460221,224.0,0.0201330161136617,1.0,0.0,224.0
TOTAL_FLUX,100.0,validation_in_class,TSVD,0.5,,NOT_APPLICABLE,point estimator with no posterior covariance,e9c3a2d32a8bc24f638b0cb6e8fb573a72334b5e577afad9ed2b0aab5d009381,,,,,,,
TOTAL_FLUX,100.0,validation_in_class,TSVD,0.9,,NOT_APPLICABLE,point estimator with no posterior covariance,e9c3a2d32a8bc24f638b0cb6e8fb573a72334b5e577afad9ed2b0aab5d009381,,,,,,,
TOTAL_FLUX,100.0,validation_in_class,TSVD,0.95,,NOT_APPLICABLE,point estimator with no posterior covariance,e9c3a2d32a8bc24f638b0cb6e8fb573a72334b5e577afad9ed2b0aab5d009381,,,,,,,
TOTAL_FLUX,100.0,validation_off_grid,TSVD,0.5,,NOT_APPLICABLE,point estimator with no posterior covariance,e9c3a2d32a8bc24f638b0cb6e8fb573a72334b5e577afad9ed2b0aab5d009381,,,,,,,
TOTAL_FLUX,100.0,validation_off_grid,TSVD,0.9,,NOT_APPLICABLE,point estimator with no posterior covariance,e9c3a2d32a8bc24f638b0cb6e8fb573a72334b5e577afad9ed2b0aab5d009381,,,,,,,
TOTAL_FLUX,100.0,validation_off_grid,TSVD,0.95,,NOT_APPLICABLE,point estimator with no posterior covariance,e9c3a2d32a8bc24f638b0cb6e8fb573a72334b5e577afad9ed2b0aab5d009381,,,,,,,
TOTAL_FLUX,100.0,validation_ood,TSVD,0.5,,NOT_APPLICABLE,point estimator with no posterior covariance,e9c3a2d32a8bc24f638b0cb6e8fb573a72334b5e577afad9ed2b0aab5d009381,,,,,,,
TOTAL_FLUX,100.0,validation_ood,TSVD,0.9,,NOT_APPLICABLE,point estimator with no posterior covariance,e9c3a2d32a8bc24f638b0cb6e8fb573a72334b5e577afad9ed2b0aab5d009381,,,,,,,
TOTAL_FLUX,100.0,validation_ood,TSVD,0.95,,NOT_APPLICABLE,point estimator with no posterior covariance,e9c3a2d32a8bc24f638b0cb6e8fb573a72334b5e577afad9ed2b0aab5d009381,,,,,,,
TOTAL_FLUX,100.0,validation_in_class,RIDGE_IDENTITY,0.5,,NOT_APPLICABLE,point estimator with no posterior covariance,e9c3a2d32a8bc24f638b0cb6e8fb573a72334b5e577afad9ed2b0aab5d009381,,,,,,,
TOTAL_FLUX,100.0,validation_in_class,RIDGE_IDENTITY,0.9,,NOT_APPLICABLE,point estimator with no posterior covariance,e9c3a2d32a8bc24f638b0cb6e8fb573a72334b5e577afad9ed2b0aab5d009381,,,,,,,
TOTAL_FLUX,100.0,validation_in_class,RIDGE_IDENTITY,0.95,,NOT_APPLICABLE,point estimator with no posterior covariance,e9c3a2d32a8bc24f638b0cb6e8fb573a72334b5e577afad9ed2b0aab5d009381,,,,,,,
TOTAL_FLUX,100.0,validation_off_grid,RIDGE_IDENTITY,0.5,,NOT_APPLICABLE,point estimator with no posterior covariance,e9c3a2d32a8bc24f638b0cb6e8fb573a72334b5e577afad9ed2b0aab5d009381,,,,,,,
TOTAL_FLUX,100.0,validation_off_grid,RIDGE_IDENTITY,0.9,,NOT_APPLICABLE,point estimator with no posterior covariance,e9c3a2d32a8bc24f638b0cb6e8fb573a72334b5e577afad9ed2b0aab5d009381,,,,,,,
TOTAL_FLUX,100.0,validation_off_grid,RIDGE_IDENTITY,0.95,,NOT_APPLICABLE,point estimator with no posterior covariance,e9c3a2d32a8bc24f638b0cb6e8fb573a72334b5e577afad9ed2b0aab5d009381,,,,,,,
TOTAL_FLUX,100.0,validation_ood,RIDGE_IDENTITY,0.5,,NOT_APPLICABLE,point estimator with no posterior covariance,e9c3a2d32a8bc24f638b0cb6e8fb573a72334b5e577afad9ed2b0aab5d009381,,,,,,,
TOTAL_FLUX,100.0,validation_ood,RIDGE_IDENTITY,0.9,,NOT_APPLICABLE,point estimator with no posterior covariance,e9c3a2d32a8bc24f638b0cb6e8fb573a72334b5e577afad9ed2b0aab5d009381,,,,,,,
TOTAL_FLUX,100.0,validation_ood,RIDGE_IDENTITY,0.95,,NOT_APPLICABLE,point estimator with no posterior covariance,e9c3a2d32a8bc24f638b0cb6e8fb573a72334b5e577afad9ed2b0aab5d009381,,,,,,,
TOTAL_FLUX,100.0,validation_in_class,TIKHONOV_TEMPORAL,0.5,,NOT_APPLICABLE,point estimator with no posterior covariance,e9c3a2d32a8bc24f638b0cb6e8fb573a72334b5e577afad9ed2b0aab5d009381,,,,,,,
TOTAL_FLUX,100.0,validation_in_class,TIKHONOV_TEMPORAL,0.9,,NOT_APPLICABLE,point estimator with no posterior covariance,e9c3a2d32a8bc24f638b0cb6e8fb573a72334b5e577afad9ed2b0aab5d009381,,,,,,,
TOTAL_FLUX,100.0,validation_in_class,TIKHONOV_TEMPORAL,0.95,,NOT_APPLICABLE,point estimator with no posterior covariance,e9c3a2d32a8bc24f638b0cb6e8fb573a72334b5e577afad9ed2b0aab5d009381,,,,,,,
TOTAL_FLUX,100.0,validation_off_grid,TIKHONOV_TEMPORAL,0.5,,NOT_APPLICABLE,point estimator with no posterior covariance,e9c3a2d32a8bc24f638b0cb6e8fb573a72334b5e577afad9ed2b0aab5d009381,,,,,,,
TOTAL_FLUX,100.0,validation_off_grid,TIKHONOV_TEMPORAL,0.9,,NOT_APPLICABLE,point estimator with no posterior covariance,e9c3a2d32a8bc24f638b0cb6e8fb573a72334b5e577afad9ed2b0aab5d009381,,,,,,,
TOTAL_FLUX,100.0,validation_off_grid,TIKHONOV_TEMPORAL,0.95,,NOT_APPLICABLE,point estimator with no posterior covariance,e9c3a2d32a8bc24f638b0cb6e8fb573a72334b5e577afad9ed2b0aab5d009381,,,,,,,
TOTAL_FLUX,100.0,validation_ood,TIKHONOV_TEMPORAL,0.5,,NOT_APPLICABLE,point estimator with no posterior covariance,e9c3a2d32a8bc24f638b0cb6e8fb573a72334b5e577afad9ed2b0aab5d009381,,,,,,,
TOTAL_FLUX,100.0,validation_ood,TIKHONOV_TEMPORAL,0.9,,NOT_APPLICABLE,point estimator with no posterior covariance,e9c3a2d32a8bc24f638b0cb6e8fb573a72334b5e577afad9ed2b0aab5d009381,,,,,,,
TOTAL_FLUX,100.0,validation_ood,TIKHONOV_TEMPORAL,0.95,,NOT_APPLICABLE,point estimator with no posterior covariance,e9c3a2d32a8bc24f638b0cb6e8fb573a72334b5e577afad9ed2b0aab5d009381,,,,,,,
TOTAL_FLUX,100.0,validation_in_class,WIENER_GAUSSIAN,0.5,0.85028076171875,SUPPORTED,,e9c3a2d32a8bc24f638b0cb6e8fb573a72334b5e577afad9ed2b0aab5d009381,512.0,,,,,,
TOTAL_FLUX,100.0,validation_in_class,WIENER_GAUSSIAN,0.9,0.9422869001116071,SUPPORTED,,e9c3a2d32a8bc24f638b0cb6e8fb573a72334b5e577afad9ed2b0aab5d009381,512.0,,,,,,
TOTAL_FLUX,100.0,validation_in_class,WIENER_GAUSSIAN,0.95,0.9524448939732143,SUPPORTED,,e9c3a2d32a8bc24f638b0cb6e8fb573a72334b5e577afad9ed2b0aab5d009381,512.0,,,,,,
TOTAL_FLUX,100.0,validation_in_class,WIENER_GAUSSIAN,,,SUPPORTED,joint chi-square calibration,e9c3a2d32a8bc24f638b0cb6e8fb573a72334b5e577afad9ed2b0aab5d009381,,830.5274195624781,224.0,3.707711694475349,6.067807972265228e-20,0.0,224.0
TOTAL_FLUX,100.0,validation_off_grid,WIENER_GAUSSIAN,0.5,0.9054966517857143,SUPPORTED,,e9c3a2d32a8bc24f638b0cb6e8fb573a72334b5e577afad9ed2b0aab5d009381,320.0,,,,,,
TOTAL_FLUX,100.0,validation_off_grid,WIENER_GAUSSIAN,0.9,0.9653599330357143,SUPPORTED,,e9c3a2d32a8bc24f638b0cb6e8fb573a72334b5e577afad9ed2b0aab5d009381,320.0,,,,,,
TOTAL_FLUX,100.0,validation_off_grid,WIENER_GAUSSIAN,0.95,0.9709821428571429,SUPPORTED,,e9c3a2d32a8bc24f638b0cb6e8fb573a72334b5e577afad9ed2b0aab5d009381,320.0,,,,,,
TOTAL_FLUX,100.0,validation_off_grid,WIENER_GAUSSIAN,,,SUPPORTED,joint chi-square calibration,e9c3a2d32a8bc24f638b0cb6e8fb573a72334b5e577afad9ed2b0aab5d009381,,1464.1478316817697,224.0,6.536374248579329,1.2291316523074568e-31,0.0,224.0
TOTAL_FLUX,100.0,validation_ood,WIENER_GAUSSIAN,0.5,0.884521484375,SUPPORTED,,e9c3a2d32a8bc24f638b0cb6e8fb573a72334b5e577afad9ed2b0aab5d009381,256.0,,,,,,
TOTAL_FLUX,100.0,validation_ood,WIENER_GAUSSIAN,0.9,0.9436732700892857,SUPPORTED,,e9c3a2d32a8bc24f638b0cb6e8fb573a72334b5e577afad9ed2b0aab5d009381,256.0,,,,,,
TOTAL_FLUX,100.0,validation_ood,WIENER_GAUSSIAN,0.95,0.9510846819196429,SUPPORTED,,e9c3a2d32a8bc24f638b0cb6e8fb573a72334b5e577afad9ed2b0aab5d009381,256.0,,,,,,
TOTAL_FLUX,100.0,validation_ood,WIENER_GAUSSIAN,,,SUPPORTED,joint chi-square calibration,e9c3a2d32a8bc24f638b0cb6e8fb573a72334b5e577afad9ed2b0aab5d009381,,9379.089110358764,224.0,41.87093352838734,0.0,0.0,224.0
TOTAL_FLUX,100.0,validation_in_class,LINEAR_STATE_SPACE,0.5,1.0,SUPPORTED,,e9c3a2d32a8bc24f638b0cb6e8fb573a72334b5e577afad9ed2b0aab5d009381,512.0,,,,,,
TOTAL_FLUX,100.0,validation_in_class,LINEAR_STATE_SPACE,0.9,1.0,SUPPORTED,,e9c3a2d32a8bc24f638b0cb6e8fb573a72334b5e577afad9ed2b0aab5d009381,512.0,,,,,,
TOTAL_FLUX,100.0,validation_in_class,LINEAR_STATE_SPACE,0.95,1.0,SUPPORTED,,e9c3a2d32a8bc24f638b0cb6e8fb573a72334b5e577afad9ed2b0aab5d009381,512.0,,,,,,
TOTAL_FLUX,100.0,validation_in_class,LINEAR_STATE_SPACE,,,SUPPORTED,joint chi-square calibration,e9c3a2d32a8bc24f638b0cb6e8fb573a72334b5e577afad9ed2b0aab5d009381,,10.09330394142418,224.0,0.04505939259564366,1.0,0.0,224.0
TOTAL_FLUX,100.0,validation_off_grid,LINEAR_STATE_SPACE,0.5,1.0,SUPPORTED,,e9c3a2d32a8bc24f638b0cb6e8fb573a72334b5e577afad9ed2b0aab5d009381,320.0,,,,,,
TOTAL_FLUX,100.0,validation_off_grid,LINEAR_STATE_SPACE,0.9,1.0,SUPPORTED,,e9c3a2d32a8bc24f638b0cb6e8fb573a72334b5e577afad9ed2b0aab5d009381,320.0,,,,,,
TOTAL_FLUX,100.0,validation_off_grid,LINEAR_STATE_SPACE,0.95,1.0,SUPPORTED,,e9c3a2d32a8bc24f638b0cb6e8fb573a72334b5e577afad9ed2b0aab5d009381,320.0,,,,,,
TOTAL_FLUX,100.0,validation_off_grid,LINEAR_STATE_SPACE,,,SUPPORTED,joint chi-square calibration,e9c3a2d32a8bc24f638b0cb6e8fb573a72334b5e577afad9ed2b0aab5d009381,,5.237251779423576,224.0,0.023380588300998106,1.0,0.0,224.0
TOTAL_FLUX,100.0,validation_ood,LINEAR_STATE_SPACE,0.5,1.0,SUPPORTED,,e9c3a2d32a8bc24f638b0cb6e8fb573a72334b5e577afad9ed2b0aab5d009381,256.0,,,,,,
TOTAL_FLUX,100.0,validation_ood,LINEAR_STATE_SPACE,0.9,1.0,SUPPORTED,,e9c3a2d32a8bc24f638b0cb6e8fb573a72334b5e577afad9ed2b0aab5d009381,256.0,,,,,,
TOTAL_FLUX,100.0,validation_ood,LINEAR_STATE_SPACE,0.95,1.0,SUPPORTED,,e9c3a2d32a8bc24f638b0cb6e8fb573a72334b5e577afad9ed2b0aab5d009381,256.0,,,,,,
TOTAL_FLUX,100.0,validation_ood,LINEAR_STATE_SPACE,,,SUPPORTED,joint chi-square calibration,e9c3a2d32a8bc24f638b0cb6e8fb573a72334b5e577afad9ed2b0aab5d009381,,4.497394139968464,224.0,0.0200776524105735,1.0,0.0,224.0
TOTAL_FLUX,300.0,validation_in_class,TSVD,0.5,,NOT_APPLICABLE,point estimator with no posterior covariance,e9c3a2d32a8bc24f638b0cb6e8fb573a72334b5e577afad9ed2b0aab5d009381,,,,,,,
TOTAL_FLUX,300.0,validation_in_class,TSVD,0.9,,NOT_APPLICABLE,point estimator with no posterior covariance,e9c3a2d32a8bc24f638b0cb6e8fb573a72334b5e577afad9ed2b0aab5d009381,,,,,,,
TOTAL_FLUX,300.0,validation_in_class,TSVD,0.95,,NOT_APPLICABLE,point estimator with no posterior covariance,e9c3a2d32a8bc24f638b0cb6e8fb573a72334b5e577afad9ed2b0aab5d009381,,,,,,,
TOTAL_FLUX,300.0,validation_off_grid,TSVD,0.5,,NOT_APPLICABLE,point estimator with no posterior covariance,e9c3a2d32a8bc24f638b0cb6e8fb573a72334b5e577afad9ed2b0aab5d009381,,,,,,,
TOTAL_FLUX,300.0,validation_off_grid,TSVD,0.9,,NOT_APPLICABLE,point estimator with no posterior covariance,e9c3a2d32a8bc24f638b0cb6e8fb573a72334b5e577afad9ed2b0aab5d009381,,,,,,,
TOTAL_FLUX,300.0,validation_off_grid,TSVD,0.95,,NOT_APPLICABLE,point estimator with no posterior covariance,e9c3a2d32a8bc24f638b0cb6e8fb573a72334b5e577afad9ed2b0aab5d009381,,,,,,,
TOTAL_FLUX,300.0,validation_ood,TSVD,0.5,,NOT_APPLICABLE,point estimator with no posterior covariance,e9c3a2d32a8bc24f638b0cb6e8fb573a72334b5e577afad9ed2b0aab5d009381,,,,,,,
TOTAL_FLUX,300.0,validation_ood,TSVD,0.9,,NOT_APPLICABLE,point estimator with no posterior covariance,e9c3a2d32a8bc24f638b0cb6e8fb573a72334b5e577afad9ed2b0aab5d009381,,,,,,,
TOTAL_FLUX,300.0,validation_ood,TSVD,0.95,,NOT_APPLICABLE,point estimator with no posterior covariance,e9c3a2d32a8bc24f638b0cb6e8fb573a72334b5e577afad9ed2b0aab5d009381,,,,,,,
TOTAL_FLUX,300.0,validation_in_class,RIDGE_IDENTITY,0.5,,NOT_APPLICABLE,point estimator with no posterior covariance,e9c3a2d32a8bc24f638b0cb6e8fb573a72334b5e577afad9ed2b0aab5d009381,,,,,,,
TOTAL_FLUX,300.0,validation_in_class,RIDGE_IDENTITY,0.9,,NOT_APPLICABLE,point estimator with no posterior covariance,e9c3a2d32a8bc24f638b0cb6e8fb573a72334b5e577afad9ed2b0aab5d009381,,,,,,,
TOTAL_FLUX,300.0,validation_in_class,RIDGE_IDENTITY,0.95,,NOT_APPLICABLE,point estimator with no posterior covariance,e9c3a2d32a8bc24f638b0cb6e8fb573a72334b5e577afad9ed2b0aab5d009381,,,,,,,
TOTAL_FLUX,300.0,validation_off_grid,RIDGE_IDENTITY,0.5,,NOT_APPLICABLE,point estimator with no posterior covariance,e9c3a2d32a8bc24f638b0cb6e8fb573a72334b5e577afad9ed2b0aab5d009381,,,,,,,
TOTAL_FLUX,300.0,validation_off_grid,RIDGE_IDENTITY,0.9,,NOT_APPLICABLE,point estimator with no posterior covariance,e9c3a2d32a8bc24f638b0cb6e8fb573a72334b5e577afad9ed2b0aab5d009381,,,,,,,
TOTAL_FLUX,300.0,validation_off_grid,RIDGE_IDENTITY,0.95,,NOT_APPLICABLE,point estimator with no posterior covariance,e9c3a2d32a8bc24f638b0cb6e8fb573a72334b5e577afad9ed2b0aab5d009381,,,,,,,
TOTAL_FLUX,300.0,validation_ood,RIDGE_IDENTITY,0.5,,NOT_APPLICABLE,point estimator with no posterior covariance,e9c3a2d32a8bc24f638b0cb6e8fb573a72334b5e577afad9ed2b0aab5d009381,,,,,,,
TOTAL_FLUX,300.0,validation_ood,RIDGE_IDENTITY,0.9,,NOT_APPLICABLE,point estimator with no posterior covariance,e9c3a2d32a8bc24f638b0cb6e8fb573a72334b5e577afad9ed2b0aab5d009381,,,,,,,
TOTAL_FLUX,300.0,validation_ood,RIDGE_IDENTITY,0.95,,NOT_APPLICABLE,point estimator with no posterior covariance,e9c3a2d32a8bc24f638b0cb6e8fb573a72334b5e577afad9ed2b0aab5d009381,,,,,,,
TOTAL_FLUX,300.0,validation_in_class,TIKHONOV_TEMPORAL,0.5,,NOT_APPLICABLE,point estimator with no posterior covariance,e9c3a2d32a8bc24f638b0cb6e8fb573a72334b5e577afad9ed2b0aab5d009381,,,,,,,
TOTAL_FLUX,300.0,validation_in_class,TIKHONOV_TEMPORAL,0.9,,NOT_APPLICABLE,point estimator with no posterior covariance,e9c3a2d32a8bc24f638b0cb6e8fb573a72334b5e577afad9ed2b0aab5d009381,,,,,,,
TOTAL_FLUX,300.0,validation_in_class,TIKHONOV_TEMPORAL,0.95,,NOT_APPLICABLE,point estimator with no posterior covariance,e9c3a2d32a8bc24f638b0cb6e8fb573a72334b5e577afad9ed2b0aab5d009381,,,,,,,
TOTAL_FLUX,300.0,validation_off_grid,TIKHONOV_TEMPORAL,0.5,,NOT_APPLICABLE,point estimator with no posterior covariance,e9c3a2d32a8bc24f638b0cb6e8fb573a72334b5e577afad9ed2b0aab5d009381,,,,,,,
TOTAL_FLUX,300.0,validation_off_grid,TIKHONOV_TEMPORAL,0.9,,NOT_APPLICABLE,point estimator with no posterior covariance,e9c3a2d32a8bc24f638b0cb6e8fb573a72334b5e577afad9ed2b0aab5d009381,,,,,,,
TOTAL_FLUX,300.0,validation_off_grid,TIKHONOV_TEMPORAL,0.95,,NOT_APPLICABLE,point estimator with no posterior covariance,e9c3a2d32a8bc24f638b0cb6e8fb573a72334b5e577afad9ed2b0aab5d009381,,,,,,,
TOTAL_FLUX,300.0,validation_ood,TIKHONOV_TEMPORAL,0.5,,NOT_APPLICABLE,point estimator with no posterior covariance,e9c3a2d32a8bc24f638b0cb6e8fb573a72334b5e577afad9ed2b0aab5d009381,,,,,,,
TOTAL_FLUX,300.0,validation_ood,TIKHONOV_TEMPORAL,0.9,,NOT_APPLICABLE,point estimator with no posterior covariance,e9c3a2d32a8bc24f638b0cb6e8fb573a72334b5e577afad9ed2b0aab5d009381,,,,,,,
TOTAL_FLUX,300.0,validation_ood,TIKHONOV_TEMPORAL,0.95,,NOT_APPLICABLE,point estimator with no posterior covariance,e9c3a2d32a8bc24f638b0cb6e8fb573a72334b5e577afad9ed2b0aab5d009381,,,,,,,
TOTAL_FLUX,300.0,validation_in_class,WIENER_GAUSSIAN,0.5,0.84991455078125,SUPPORTED,,e9c3a2d32a8bc24f638b0cb6e8fb573a72334b5e577afad9ed2b0aab5d009381,512.0,,,,,,
TOTAL_FLUX,300.0,validation_in_class,WIENER_GAUSSIAN,0.9,0.9420863560267857,SUPPORTED,,e9c3a2d32a8bc24f638b0cb6e8fb573a72334b5e577afad9ed2b0aab5d009381,512.0,,,,,,
TOTAL_FLUX,300.0,validation_in_class,WIENER_GAUSSIAN,0.95,0.9523751395089286,SUPPORTED,,e9c3a2d32a8bc24f638b0cb6e8fb573a72334b5e577afad9ed2b0aab5d009381,512.0,,,,,,
TOTAL_FLUX,300.0,validation_in_class,WIENER_GAUSSIAN,,,SUPPORTED,joint chi-square calibration,e9c3a2d32a8bc24f638b0cb6e8fb573a72334b5e577afad9ed2b0aab5d009381,,835.6448208980239,224.0,3.7305572361518924,1.5436683370916733e-20,0.0,224.0
TOTAL_FLUX,300.0,validation_off_grid,WIENER_GAUSSIAN,0.5,0.9052315848214286,SUPPORTED,,e9c3a2d32a8bc24f638b0cb6e8fb573a72334b5e577afad9ed2b0aab5d009381,320.0,,,,,,
TOTAL_FLUX,300.0,validation_off_grid,WIENER_GAUSSIAN,0.9,0.96513671875,SUPPORTED,,e9c3a2d32a8bc24f638b0cb6e8fb573a72334b5e577afad9ed2b0aab5d009381,320.0,,,,,,
TOTAL_FLUX,300.0,validation_off_grid,WIENER_GAUSSIAN,0.95,0.9709681919642857,SUPPORTED,,e9c3a2d32a8bc24f638b0cb6e8fb573a72334b5e577afad9ed2b0aab5d009381,320.0,,,,,,
TOTAL_FLUX,300.0,validation_off_grid,WIENER_GAUSSIAN,,,SUPPORTED,joint chi-square calibration,e9c3a2d32a8bc24f638b0cb6e8fb573a72334b5e577afad9ed2b0aab5d009381,,1469.2313086488562,224.0,6.559068342182393,2.585516904070535e-32,0.0,224.0
TOTAL_FLUX,300.0,validation_ood,WIENER_GAUSSIAN,0.5,0.8843122209821429,SUPPORTED,,e9c3a2d32a8bc24f638b0cb6e8fb573a72334b5e577afad9ed2b0aab5d009381,256.0,,,,,,
TOTAL_FLUX,300.0,validation_ood,WIENER_GAUSSIAN,0.9,0.9432547433035714,SUPPORTED,,e9c3a2d32a8bc24f638b0cb6e8fb573a72334b5e577afad9ed2b0aab5d009381,256.0,,,,,,
TOTAL_FLUX,300.0,validation_ood,WIENER_GAUSSIAN,0.95,0.9510323660714286,SUPPORTED,,e9c3a2d32a8bc24f638b0cb6e8fb573a72334b5e577afad9ed2b0aab5d009381,256.0,,,,,,
TOTAL_FLUX,300.0,validation_ood,WIENER_GAUSSIAN,,,SUPPORTED,joint chi-square calibration,e9c3a2d32a8bc24f638b0cb6e8fb573a72334b5e577afad9ed2b0aab5d009381,,9384.201339879328,224.0,41.893755981604144,0.0,0.0,224.0
TOTAL_FLUX,300.0,validation_in_class,LINEAR_STATE_SPACE,0.5,1.0,SUPPORTED,,e9c3a2d32a8bc24f638b0cb6e8fb573a72334b5e577afad9ed2b0aab5d009381,512.0,,,,,,
TOTAL_FLUX,300.0,validation_in_class,LINEAR_STATE_SPACE,0.9,1.0,SUPPORTED,,e9c3a2d32a8bc24f638b0cb6e8fb573a72334b5e577afad9ed2b0aab5d009381,512.0,,,,,,
TOTAL_FLUX,300.0,validation_in_class,LINEAR_STATE_SPACE,0.95,1.0,SUPPORTED,,e9c3a2d32a8bc24f638b0cb6e8fb573a72334b5e577afad9ed2b0aab5d009381,512.0,,,,,,
TOTAL_FLUX,300.0,validation_in_class,LINEAR_STATE_SPACE,,,SUPPORTED,joint chi-square calibration,e9c3a2d32a8bc24f638b0cb6e8fb573a72334b5e577afad9ed2b0aab5d009381,,10.09220215020196,224.0,0.04505447388483018,1.0,0.0,224.0
TOTAL_FLUX,300.0,validation_off_grid,LINEAR_STATE_SPACE,0.5,1.0,SUPPORTED,,e9c3a2d32a8bc24f638b0cb6e8fb573a72334b5e577afad9ed2b0aab5d009381,320.0,,,,,,
TOTAL_FLUX,300.0,validation_off_grid,LINEAR_STATE_SPACE,0.9,1.0,SUPPORTED,,e9c3a2d32a8bc24f638b0cb6e8fb573a72334b5e577afad9ed2b0aab5d009381,320.0,,,,,,
TOTAL_FLUX,300.0,validation_off_grid,LINEAR_STATE_SPACE,0.95,1.0,SUPPORTED,,e9c3a2d32a8bc24f638b0cb6e8fb573a72334b5e577afad9ed2b0aab5d009381,320.0,,,,,,
TOTAL_FLUX,300.0,validation_off_grid,LINEAR_STATE_SPACE,,,SUPPORTED,joint chi-square calibration,e9c3a2d32a8bc24f638b0cb6e8fb573a72334b5e577afad9ed2b0aab5d009381,,5.236114286675912,224.0,0.023375510208374608,1.0,0.0,224.0
TOTAL_FLUX,300.0,validation_ood,LINEAR_STATE_SPACE,0.5,1.0,SUPPORTED,,e9c3a2d32a8bc24f638b0cb6e8fb573a72334b5e577afad9ed2b0aab5d009381,256.0,,,,,,
TOTAL_FLUX,300.0,validation_ood,LINEAR_STATE_SPACE,0.9,1.0,SUPPORTED,,e9c3a2d32a8bc24f638b0cb6e8fb573a72334b5e577afad9ed2b0aab5d009381,256.0,,,,,,
TOTAL_FLUX,300.0,validation_ood,LINEAR_STATE_SPACE,0.95,1.0,SUPPORTED,,e9c3a2d32a8bc24f638b0cb6e8fb573a72334b5e577afad9ed2b0aab5d009381,256.0,,,,,,
TOTAL_FLUX,300.0,validation_ood,LINEAR_STATE_SPACE,,,SUPPORTED,joint chi-square calibration,e9c3a2d32a8bc24f638b0cb6e8fb573a72334b5e577afad9ed2b0aab5d009381,,4.496265995392299,224.0,0.02007261605085848,1.0,0.0,224.0
TOTAL_FLUX,1000.0,validation_in_class,TSVD,0.5,,NOT_APPLICABLE,point estimator with no posterior covariance,e9c3a2d32a8bc24f638b0cb6e8fb573a72334b5e577afad9ed2b0aab5d009381,,,,,,,
TOTAL_FLUX,1000.0,validation_in_class,TSVD,0.9,,NOT_APPLICABLE,point estimator with no posterior covariance,e9c3a2d32a8bc24f638b0cb6e8fb573a72334b5e577afad9ed2b0aab5d009381,,,,,,,
TOTAL_FLUX,1000.0,validation_in_class,TSVD,0.95,,NOT_APPLICABLE,point estimator with no posterior covariance,e9c3a2d32a8bc24f638b0cb6e8fb573a72334b5e577afad9ed2b0aab5d009381,,,,,,,
TOTAL_FLUX,1000.0,validation_off_grid,TSVD,0.5,,NOT_APPLICABLE,point estimator with no posterior covariance,e9c3a2d32a8bc24f638b0cb6e8fb573a72334b5e577afad9ed2b0aab5d009381,,,,,,,
TOTAL_FLUX,1000.0,validation_off_grid,TSVD,0.9,,NOT_APPLICABLE,point estimator with no posterior covariance,e9c3a2d32a8bc24f638b0cb6e8fb573a72334b5e577afad9ed2b0aab5d009381,,,,,,,
TOTAL_FLUX,1000.0,validation_off_grid,TSVD,0.95,,NOT_APPLICABLE,point estimator with no posterior covariance,e9c3a2d32a8bc24f638b0cb6e8fb573a72334b5e577afad9ed2b0aab5d009381,,,,,,,
TOTAL_FLUX,1000.0,validation_ood,TSVD,0.5,,NOT_APPLICABLE,point estimator with no posterior covariance,e9c3a2d32a8bc24f638b0cb6e8fb573a72334b5e577afad9ed2b0aab5d009381,,,,,,,
TOTAL_FLUX,1000.0,validation_ood,TSVD,0.9,,NOT_APPLICABLE,point estimator with no posterior covariance,e9c3a2d32a8bc24f638b0cb6e8fb573a72334b5e577afad9ed2b0aab5d009381,,,,,,,
TOTAL_FLUX,1000.0,validation_ood,TSVD,0.95,,NOT_APPLICABLE,point estimator with no posterior covariance,e9c3a2d32a8bc24f638b0cb6e8fb573a72334b5e577afad9ed2b0aab5d009381,,,,,,,
TOTAL_FLUX,1000.0,validation_in_class,RIDGE_IDENTITY,0.5,,NOT_APPLICABLE,point estimator with no posterior covariance,e9c3a2d32a8bc24f638b0cb6e8fb573a72334b5e577afad9ed2b0aab5d009381,,,,,,,
TOTAL_FLUX,1000.0,validation_in_class,RIDGE_IDENTITY,0.9,,NOT_APPLICABLE,point estimator with no posterior covariance,e9c3a2d32a8bc24f638b0cb6e8fb573a72334b5e577afad9ed2b0aab5d009381,,,,,,,
TOTAL_FLUX,1000.0,validation_in_class,RIDGE_IDENTITY,0.95,,NOT_APPLICABLE,point estimator with no posterior covariance,e9c3a2d32a8bc24f638b0cb6e8fb573a72334b5e577afad9ed2b0aab5d009381,,,,,,,
TOTAL_FLUX,1000.0,validation_off_grid,RIDGE_IDENTITY,0.5,,NOT_APPLICABLE,point estimator with no posterior covariance,e9c3a2d32a8bc24f638b0cb6e8fb573a72334b5e577afad9ed2b0aab5d009381,,,,,,,
TOTAL_FLUX,1000.0,validation_off_grid,RIDGE_IDENTITY,0.9,,NOT_APPLICABLE,point estimator with no posterior covariance,e9c3a2d32a8bc24f638b0cb6e8fb573a72334b5e577afad9ed2b0aab5d009381,,,,,,,
TOTAL_FLUX,1000.0,validation_off_grid,RIDGE_IDENTITY,0.95,,NOT_APPLICABLE,point estimator with no posterior covariance,e9c3a2d32a8bc24f638b0cb6e8fb573a72334b5e577afad9ed2b0aab5d009381,,,,,,,
TOTAL_FLUX,1000.0,validation_ood,RIDGE_IDENTITY,0.5,,NOT_APPLICABLE,point estimator with no posterior covariance,e9c3a2d32a8bc24f638b0cb6e8fb573a72334b5e577afad9ed2b0aab5d009381,,,,,,,
TOTAL_FLUX,1000.0,validation_ood,RIDGE_IDENTITY,0.9,,NOT_APPLICABLE,point estimator with no posterior covariance,e9c3a2d32a8bc24f638b0cb6e8fb573a72334b5e577afad9ed2b0aab5d009381,,,,,,,
TOTAL_FLUX,1000.0,validation_ood,RIDGE_IDENTITY,0.95,,NOT_APPLICABLE,point estimator with no posterior covariance,e9c3a2d32a8bc24f638b0cb6e8fb573a72334b5e577afad9ed2b0aab5d009381,,,,,,,
TOTAL_FLUX,1000.0,validation_in_class,TIKHONOV_TEMPORAL,0.5,,NOT_APPLICABLE,point estimator with no posterior covariance,e9c3a2d32a8bc24f638b0cb6e8fb573a72334b5e577afad9ed2b0aab5d009381,,,,,,,
TOTAL_FLUX,1000.0,validation_in_class,TIKHONOV_TEMPORAL,0.9,,NOT_APPLICABLE,point estimator with no posterior covariance,e9c3a2d32a8bc24f638b0cb6e8fb573a72334b5e577afad9ed2b0aab5d009381,,,,,,,
TOTAL_FLUX,1000.0,validation_in_class,TIKHONOV_TEMPORAL,0.95,,NOT_APPLICABLE,point estimator with no posterior covariance,e9c3a2d32a8bc24f638b0cb6e8fb573a72334b5e577afad9ed2b0aab5d009381,,,,,,,
TOTAL_FLUX,1000.0,validation_off_grid,TIKHONOV_TEMPORAL,0.5,,NOT_APPLICABLE,point estimator with no posterior covariance,e9c3a2d32a8bc24f638b0cb6e8fb573a72334b5e577afad9ed2b0aab5d009381,,,,,,,
TOTAL_FLUX,1000.0,validation_off_grid,TIKHONOV_TEMPORAL,0.9,,NOT_APPLICABLE,point estimator with no posterior covariance,e9c3a2d32a8bc24f638b0cb6e8fb573a72334b5e577afad9ed2b0aab5d009381,,,,,,,
TOTAL_FLUX,1000.0,validation_off_grid,TIKHONOV_TEMPORAL,0.95,,NOT_APPLICABLE,point estimator with no posterior covariance,e9c3a2d32a8bc24f638b0cb6e8fb573a72334b5e577afad9ed2b0aab5d009381,,,,,,,
TOTAL_FLUX,1000.0,validation_ood,TIKHONOV_TEMPORAL,0.5,,NOT_APPLICABLE,point estimator with no posterior covariance,e9c3a2d32a8bc24f638b0cb6e8fb573a72334b5e577afad9ed2b0aab5d009381,,,,,,,
TOTAL_FLUX,1000.0,validation_ood,TIKHONOV_TEMPORAL,0.9,,NOT_APPLICABLE,point estimator with no posterior covariance,e9c3a2d32a8bc24f638b0cb6e8fb573a72334b5e577afad9ed2b0aab5d009381,,,,,,,
TOTAL_FLUX,1000.0,validation_ood,TIKHONOV_TEMPORAL,0.95,,NOT_APPLICABLE,point estimator with no posterior covariance,e9c3a2d32a8bc24f638b0cb6e8fb573a72334b5e577afad9ed2b0aab5d009381,,,,,,,
TOTAL_FLUX,1000.0,validation_in_class,WIENER_GAUSSIAN,0.5,0.8498011997767857,SUPPORTED,,e9c3a2d32a8bc24f638b0cb6e8fb573a72334b5e577afad9ed2b0aab5d009381,512.0,,,,,,
TOTAL_FLUX,1000.0,validation_in_class,WIENER_GAUSSIAN,0.9,0.9419991629464286,SUPPORTED,,e9c3a2d32a8bc24f638b0cb6e8fb573a72334b5e577afad9ed2b0aab5d009381,512.0,,,,,,
TOTAL_FLUX,1000.0,validation_in_class,WIENER_GAUSSIAN,0.95,0.9523664202008929,SUPPORTED,,e9c3a2d32a8bc24f638b0cb6e8fb573a72334b5e577afad9ed2b0aab5d009381,512.0,,,,,,
TOTAL_FLUX,1000.0,validation_in_class,WIENER_GAUSSIAN,,,SUPPORTED,joint chi-square calibration,e9c3a2d32a8bc24f638b0cb6e8fb573a72334b5e577afad9ed2b0aab5d009381,,837.444012611538,224.0,3.738589342015795,9.525736944863684e-21,0.0,224.0
TOTAL_FLUX,1000.0,validation_off_grid,WIENER_GAUSSIAN,0.5,0.9051199776785714,SUPPORTED,,e9c3a2d32a8bc24f638b0cb6e8fb573a72334b5e577afad9ed2b0aab5d009381,320.0,,,,,,
TOTAL_FLUX,1000.0,validation_off_grid,WIENER_GAUSSIAN,0.9,0.9650111607142857,SUPPORTED,,e9c3a2d32a8bc24f638b0cb6e8fb573a72334b5e577afad9ed2b0aab5d009381,320.0,,,,,,
TOTAL_FLUX,1000.0,validation_off_grid,WIENER_GAUSSIAN,0.95,0.9709681919642857,SUPPORTED,,e9c3a2d32a8bc24f638b0cb6e8fb573a72334b5e577afad9ed2b0aab5d009381,320.0,,,,,,
TOTAL_FLUX,1000.0,validation_off_grid,WIENER_GAUSSIAN,,,SUPPORTED,joint chi-square calibration,e9c3a2d32a8bc24f638b0cb6e8fb573a72334b5e577afad9ed2b0aab5d009381,,1471.0192733316776,224.0,6.56705032737356,1.490878660719628e-32,0.0,224.0
TOTAL_FLUX,1000.0,validation_ood,WIENER_GAUSSIAN,0.5,0.8841727120535714,SUPPORTED,,e9c3a2d32a8bc24f638b0cb6e8fb573a72334b5e577afad9ed2b0aab5d009381,256.0,,,,,,
TOTAL_FLUX,1000.0,validation_ood,WIENER_GAUSSIAN,0.9,0.943115234375,SUPPORTED,,e9c3a2d32a8bc24f638b0cb6e8fb573a72334b5e577afad9ed2b0aab5d009381,256.0,,,,,,
TOTAL_FLUX,1000.0,validation_ood,WIENER_GAUSSIAN,0.95,0.9510323660714286,SUPPORTED,,e9c3a2d32a8bc24f638b0cb6e8fb573a72334b5e577afad9ed2b0aab5d009381,256.0,,,,,,
TOTAL_FLUX,1000.0,validation_ood,WIENER_GAUSSIAN,,,SUPPORTED,joint chi-square calibration,e9c3a2d32a8bc24f638b0cb6e8fb573a72334b5e577afad9ed2b0aab5d009381,,9385.999452823362,224.0,41.901783271532864,0.0,0.0,224.0
TOTAL_FLUX,1000.0,validation_in_class,LINEAR_STATE_SPACE,0.5,1.0,SUPPORTED,,e9c3a2d32a8bc24f638b0cb6e8fb573a72334b5e577afad9ed2b0aab5d009381,512.0,,,,,,
TOTAL_FLUX,1000.0,validation_in_class,LINEAR_STATE_SPACE,0.9,1.0,SUPPORTED,,e9c3a2d32a8bc24f638b0cb6e8fb573a72334b5e577afad9ed2b0aab5d009381,512.0,,,,,,
TOTAL_FLUX,1000.0,validation_in_class,LINEAR_STATE_SPACE,0.95,1.0,SUPPORTED,,e9c3a2d32a8bc24f638b0cb6e8fb573a72334b5e577afad9ed2b0aab5d009381,512.0,,,,,,
TOTAL_FLUX,1000.0,validation_in_class,LINEAR_STATE_SPACE,,,SUPPORTED,joint chi-square calibration,e9c3a2d32a8bc24f638b0cb6e8fb573a72334b5e577afad9ed2b0aab5d009381,,10.092073954880293,224.0,0.04505390158428702,1.0,0.0,224.0
TOTAL_FLUX,1000.0,validation_off_grid,LINEAR_STATE_SPACE,0.5,1.0,SUPPORTED,,e9c3a2d32a8bc24f638b0cb6e8fb573a72334b5e577afad9ed2b0aab5d009381,320.0,,,,,,
TOTAL_FLUX,1000.0,validation_off_grid,LINEAR_STATE_SPACE,0.9,1.0,SUPPORTED,,e9c3a2d32a8bc24f638b0cb6e8fb573a72334b5e577afad9ed2b0aab5d009381,320.0,,,,,,
TOTAL_FLUX,1000.0,validation_off_grid,LINEAR_STATE_SPACE,0.95,1.0,SUPPORTED,,e9c3a2d32a8bc24f638b0cb6e8fb573a72334b5e577afad9ed2b0aab5d009381,320.0,,,,,,
TOTAL_FLUX,1000.0,validation_off_grid,LINEAR_STATE_SPACE,,,SUPPORTED,joint chi-square calibration,e9c3a2d32a8bc24f638b0cb6e8fb573a72334b5e577afad9ed2b0aab5d009381,,5.235986685878108,224.0,0.023374940561955836,1.0,0.0,224.0
TOTAL_FLUX,1000.0,validation_ood,LINEAR_STATE_SPACE,0.5,1.0,SUPPORTED,,e9c3a2d32a8bc24f638b0cb6e8fb573a72334b5e577afad9ed2b0aab5d009381,256.0,,,,,,
TOTAL_FLUX,1000.0,validation_ood,LINEAR_STATE_SPACE,0.9,1.0,SUPPORTED,,e9c3a2d32a8bc24f638b0cb6e8fb573a72334b5e577afad9ed2b0aab5d009381,256.0,,,,,,
TOTAL_FLUX,1000.0,validation_ood,LINEAR_STATE_SPACE,0.95,1.0,SUPPORTED,,e9c3a2d32a8bc24f638b0cb6e8fb573a72334b5e577afad9ed2b0aab5d009381,256.0,,,,,,
TOTAL_FLUX,1000.0,validation_ood,LINEAR_STATE_SPACE,,,SUPPORTED,joint chi-square calibration,e9c3a2d32a8bc24f638b0cb6e8fb573a72334b5e577afad9ed2b0aab5d009381,,4.496142210110217,224.0,0.02007206343799204,1.0,0.0,224.0
TOTAL_FLUX,3000.0,validation_in_class,TSVD,0.5,,NOT_APPLICABLE,point estimator with no posterior covariance,e9c3a2d32a8bc24f638b0cb6e8fb573a72334b5e577afad9ed2b0aab5d009381,,,,,,,
TOTAL_FLUX,3000.0,validation_in_class,TSVD,0.9,,NOT_APPLICABLE,point estimator with no posterior covariance,e9c3a2d32a8bc24f638b0cb6e8fb573a72334b5e577afad9ed2b0aab5d009381,,,,,,,
TOTAL_FLUX,3000.0,validation_in_class,TSVD,0.95,,NOT_APPLICABLE,point estimator with no posterior covariance,e9c3a2d32a8bc24f638b0cb6e8fb573a72334b5e577afad9ed2b0aab5d009381,,,,,,,
TOTAL_FLUX,3000.0,validation_off_grid,TSVD,0.5,,NOT_APPLICABLE,point estimator with no posterior covariance,e9c3a2d32a8bc24f638b0cb6e8fb573a72334b5e577afad9ed2b0aab5d009381,,,,,,,
TOTAL_FLUX,3000.0,validation_off_grid,TSVD,0.9,,NOT_APPLICABLE,point estimator with no posterior covariance,e9c3a2d32a8bc24f638b0cb6e8fb573a72334b5e577afad9ed2b0aab5d009381,,,,,,,
TOTAL_FLUX,3000.0,validation_off_grid,TSVD,0.95,,NOT_APPLICABLE,point estimator with no posterior covariance,e9c3a2d32a8bc24f638b0cb6e8fb573a72334b5e577afad9ed2b0aab5d009381,,,,,,,
TOTAL_FLUX,3000.0,validation_ood,TSVD,0.5,,NOT_APPLICABLE,point estimator with no posterior covariance,e9c3a2d32a8bc24f638b0cb6e8fb573a72334b5e577afad9ed2b0aab5d009381,,,,,,,
TOTAL_FLUX,3000.0,validation_ood,TSVD,0.9,,NOT_APPLICABLE,point estimator with no posterior covariance,e9c3a2d32a8bc24f638b0cb6e8fb573a72334b5e577afad9ed2b0aab5d009381,,,,,,,
TOTAL_FLUX,3000.0,validation_ood,TSVD,0.95,,NOT_APPLICABLE,point estimator with no posterior covariance,e9c3a2d32a8bc24f638b0cb6e8fb573a72334b5e577afad9ed2b0aab5d009381,,,,,,,
TOTAL_FLUX,3000.0,validation_in_class,RIDGE_IDENTITY,0.5,,NOT_APPLICABLE,point estimator with no posterior covariance,e9c3a2d32a8bc24f638b0cb6e8fb573a72334b5e577afad9ed2b0aab5d009381,,,,,,,
TOTAL_FLUX,3000.0,validation_in_class,RIDGE_IDENTITY,0.9,,NOT_APPLICABLE,point estimator with no posterior covariance,e9c3a2d32a8bc24f638b0cb6e8fb573a72334b5e577afad9ed2b0aab5d009381,,,,,,,
TOTAL_FLUX,3000.0,validation_in_class,RIDGE_IDENTITY,0.95,,NOT_APPLICABLE,point estimator with no posterior covariance,e9c3a2d32a8bc24f638b0cb6e8fb573a72334b5e577afad9ed2b0aab5d009381,,,,,,,
TOTAL_FLUX,3000.0,validation_off_grid,RIDGE_IDENTITY,0.5,,NOT_APPLICABLE,point estimator with no posterior covariance,e9c3a2d32a8bc24f638b0cb6e8fb573a72334b5e577afad9ed2b0aab5d009381,,,,,,,
TOTAL_FLUX,3000.0,validation_off_grid,RIDGE_IDENTITY,0.9,,NOT_APPLICABLE,point estimator with no posterior covariance,e9c3a2d32a8bc24f638b0cb6e8fb573a72334b5e577afad9ed2b0aab5d009381,,,,,,,
TOTAL_FLUX,3000.0,validation_off_grid,RIDGE_IDENTITY,0.95,,NOT_APPLICABLE,point estimator with no posterior covariance,e9c3a2d32a8bc24f638b0cb6e8fb573a72334b5e577afad9ed2b0aab5d009381,,,,,,,
TOTAL_FLUX,3000.0,validation_ood,RIDGE_IDENTITY,0.5,,NOT_APPLICABLE,point estimator with no posterior covariance,e9c3a2d32a8bc24f638b0cb6e8fb573a72334b5e577afad9ed2b0aab5d009381,,,,,,,
TOTAL_FLUX,3000.0,validation_ood,RIDGE_IDENTITY,0.9,,NOT_APPLICABLE,point estimator with no posterior covariance,e9c3a2d32a8bc24f638b0cb6e8fb573a72334b5e577afad9ed2b0aab5d009381,,,,,,,
TOTAL_FLUX,3000.0,validation_ood,RIDGE_IDENTITY,0.95,,NOT_APPLICABLE,point estimator with no posterior covariance,e9c3a2d32a8bc24f638b0cb6e8fb573a72334b5e577afad9ed2b0aab5d009381,,,,,,,
TOTAL_FLUX,3000.0,validation_in_class,TIKHONOV_TEMPORAL,0.5,,NOT_APPLICABLE,point estimator with no posterior covariance,e9c3a2d32a8bc24f638b0cb6e8fb573a72334b5e577afad9ed2b0aab5d009381,,,,,,,
TOTAL_FLUX,3000.0,validation_in_class,TIKHONOV_TEMPORAL,0.9,,NOT_APPLICABLE,point estimator with no posterior covariance,e9c3a2d32a8bc24f638b0cb6e8fb573a72334b5e577afad9ed2b0aab5d009381,,,,,,,
TOTAL_FLUX,3000.0,validation_in_class,TIKHONOV_TEMPORAL,0.95,,NOT_APPLICABLE,point estimator with no posterior covariance,e9c3a2d32a8bc24f638b0cb6e8fb573a72334b5e577afad9ed2b0aab5d009381,,,,,,,
TOTAL_FLUX,3000.0,validation_off_grid,TIKHONOV_TEMPORAL,0.5,,NOT_APPLICABLE,point estimator with no posterior covariance,e9c3a2d32a8bc24f638b0cb6e8fb573a72334b5e577afad9ed2b0aab5d009381,,,,,,,
TOTAL_FLUX,3000.0,validation_off_grid,TIKHONOV_TEMPORAL,0.9,,NOT_APPLICABLE,point estimator with no posterior covariance,e9c3a2d32a8bc24f638b0cb6e8fb573a72334b5e577afad9ed2b0aab5d009381,,,,,,,
TOTAL_FLUX,3000.0,validation_off_grid,TIKHONOV_TEMPORAL,0.95,,NOT_APPLICABLE,point estimator with no posterior covariance,e9c3a2d32a8bc24f638b0cb6e8fb573a72334b5e577afad9ed2b0aab5d009381,,,,,,,
TOTAL_FLUX,3000.0,validation_ood,TIKHONOV_TEMPORAL,0.5,,NOT_APPLICABLE,point estimator with no posterior covariance,e9c3a2d32a8bc24f638b0cb6e8fb573a72334b5e577afad9ed2b0aab5d009381,,,,,,,
TOTAL_FLUX,3000.0,validation_ood,TIKHONOV_TEMPORAL,0.9,,NOT_APPLICABLE,point estimator with no posterior covariance,e9c3a2d32a8bc24f638b0cb6e8fb573a72334b5e577afad9ed2b0aab5d009381,,,,,,,
TOTAL_FLUX,3000.0,validation_ood,TIKHONOV_TEMPORAL,0.95,,NOT_APPLICABLE,point estimator with no posterior covariance,e9c3a2d32a8bc24f638b0cb6e8fb573a72334b5e577afad9ed2b0aab5d009381,,,,,,,
TOTAL_FLUX,3000.0,validation_in_class,WIENER_GAUSSIAN,0.5,0.8497576032366071,SUPPORTED,,e9c3a2d32a8bc24f638b0cb6e8fb573a72334b5e577afad9ed2b0aab5d009381,512.0,,,,,,
TOTAL_FLUX,3000.0,validation_in_class,WIENER_GAUSSIAN,0.9,0.9419817243303571,SUPPORTED,,e9c3a2d32a8bc24f638b0cb6e8fb573a72334b5e577afad9ed2b0aab5d009381,512.0,,,,,,
TOTAL_FLUX,3000.0,validation_in_class,WIENER_GAUSSIAN,0.95,0.9523751395089286,SUPPORTED,,e9c3a2d32a8bc24f638b0cb6e8fb573a72334b5e577afad9ed2b0aab5d009381,512.0,,,,,,
TOTAL_FLUX,3000.0,validation_in_class,WIENER_GAUSSIAN,,,SUPPORTED,joint chi-square calibration,e9c3a2d32a8bc24f638b0cb6e8fb573a72334b5e577afad9ed2b0aab5d009381,,837.9589873719888,224.0,3.740888336482093,8.297625384878694e-21,0.0,224.0
TOTAL_FLUX,3000.0,validation_off_grid,WIENER_GAUSSIAN,0.5,0.905078125,SUPPORTED,,e9c3a2d32a8bc24f638b0cb6e8fb573a72334b5e577afad9ed2b0aab5d009381,320.0,,,,,,
TOTAL_FLUX,3000.0,validation_off_grid,WIENER_GAUSSIAN,0.9,0.9649693080357142,SUPPORTED,,e9c3a2d32a8bc24f638b0cb6e8fb573a72334b5e577afad9ed2b0aab5d009381,320.0,,,,,,
TOTAL_FLUX,3000.0,validation_off_grid,WIENER_GAUSSIAN,0.95,0.9709681919642857,SUPPORTED,,e9c3a2d32a8bc24f638b0cb6e8fb573a72334b5e577afad9ed2b0aab5d009381,320.0,,,,,,
TOTAL_FLUX,3000.0,validation_off_grid,WIENER_GAUSSIAN,,,SUPPORTED,joint chi-square calibration,e9c3a2d32a8bc24f638b0cb6e8fb573a72334b5e577afad9ed2b0aab5d009381,,1471.5308119725953,224.0,6.569333982020515,1.2735937975875182e-32,0.0,224.0
TOTAL_FLUX,3000.0,validation_ood,WIENER_GAUSSIAN,0.5,0.8841727120535714,SUPPORTED,,e9c3a2d32a8bc24f638b0cb6e8fb573a72334b5e577afad9ed2b0aab5d009381,256.0,,,,,,
TOTAL_FLUX,3000.0,validation_ood,WIENER_GAUSSIAN,0.9,0.9430803571428571,SUPPORTED,,e9c3a2d32a8bc24f638b0cb6e8fb573a72334b5e577afad9ed2b0aab5d009381,256.0,,,,,,
TOTAL_FLUX,3000.0,validation_ood,WIENER_GAUSSIAN,0.95,0.9510323660714286,SUPPORTED,,e9c3a2d32a8bc24f638b0cb6e8fb573a72334b5e577afad9ed2b0aab5d009381,256.0,,,,,,
TOTAL_FLUX,3000.0,validation_ood,WIENER_GAUSSIAN,,,SUPPORTED,joint chi-square calibration,e9c3a2d32a8bc24f638b0cb6e8fb573a72334b5e577afad9ed2b0aab5d009381,,9386.513919411505,224.0,41.90407999737279,0.0,0.0,224.0
TOTAL_FLUX,3000.0,validation_in_class,LINEAR_STATE_SPACE,0.5,1.0,SUPPORTED,,e9c3a2d32a8bc24f638b0cb6e8fb573a72334b5e577afad9ed2b0aab5d009381,512.0,,,,,,
TOTAL_FLUX,3000.0,validation_in_class,LINEAR_STATE_SPACE,0.9,1.0,SUPPORTED,,e9c3a2d32a8bc24f638b0cb6e8fb573a72334b5e577afad9ed2b0aab5d009381,512.0,,,,,,
TOTAL_FLUX,3000.0,validation_in_class,LINEAR_STATE_SPACE,0.95,1.0,SUPPORTED,,e9c3a2d32a8bc24f638b0cb6e8fb573a72334b5e577afad9ed2b0aab5d009381,512.0,,,,,,
TOTAL_FLUX,3000.0,validation_in_class,LINEAR_STATE_SPACE,,,SUPPORTED,joint chi-square calibration,e9c3a2d32a8bc24f638b0cb6e8fb573a72334b5e577afad9ed2b0aab5d009381,,10.092062528414743,224.0,0.0450538505732801,1.0,0.0,224.0
TOTAL_FLUX,3000.0,validation_off_grid,LINEAR_STATE_SPACE,0.5,1.0,SUPPORTED,,e9c3a2d32a8bc24f638b0cb6e8fb573a72334b5e577afad9ed2b0aab5d009381,320.0,,,,,,
TOTAL_FLUX,3000.0,validation_off_grid,LINEAR_STATE_SPACE,0.9,1.0,SUPPORTED,,e9c3a2d32a8bc24f638b0cb6e8fb573a72334b5e577afad9ed2b0aab5d009381,320.0,,,,,,
TOTAL_FLUX,3000.0,validation_off_grid,LINEAR_STATE_SPACE,0.95,1.0,SUPPORTED,,e9c3a2d32a8bc24f638b0cb6e8fb573a72334b5e577afad9ed2b0aab5d009381,320.0,,,,,,
TOTAL_FLUX,3000.0,validation_off_grid,LINEAR_STATE_SPACE,,,SUPPORTED,joint chi-square calibration,e9c3a2d32a8bc24f638b0cb6e8fb573a72334b5e577afad9ed2b0aab5d009381,,5.235976147754035,224.0,0.023374893516759084,1.0,0.0,224.0
TOTAL_FLUX,3000.0,validation_ood,LINEAR_STATE_SPACE,0.5,1.0,SUPPORTED,,e9c3a2d32a8bc24f638b0cb6e8fb573a72334b5e577afad9ed2b0aab5d009381,256.0,,,,,,
TOTAL_FLUX,3000.0,validation_ood,LINEAR_STATE_SPACE,0.9,1.0,SUPPORTED,,e9c3a2d32a8bc24f638b0cb6e8fb573a72334b5e577afad9ed2b0aab5d009381,256.0,,,,,,
TOTAL_FLUX,3000.0,validation_ood,LINEAR_STATE_SPACE,0.95,1.0,SUPPORTED,,e9c3a2d32a8bc24f638b0cb6e8fb573a72334b5e577afad9ed2b0aab5d009381,256.0,,,,,,
TOTAL_FLUX,3000.0,validation_ood,LINEAR_STATE_SPACE,,,SUPPORTED,joint chi-square calibration,e9c3a2d32a8bc24f638b0cb6e8fb573a72334b5e577afad9ed2b0aab5d009381,,4.496130254550426,224.0,0.02007201006495726,1.0,0.0,224.0
TOTAL_FLUX,10000.0,validation_in_class,TSVD,0.5,,NOT_APPLICABLE,point estimator with no posterior covariance,e9c3a2d32a8bc24f638b0cb6e8fb573a72334b5e577afad9ed2b0aab5d009381,,,,,,,
TOTAL_FLUX,10000.0,validation_in_class,TSVD,0.9,,NOT_APPLICABLE,point estimator with no posterior covariance,e9c3a2d32a8bc24f638b0cb6e8fb573a72334b5e577afad9ed2b0aab5d009381,,,,,,,
TOTAL_FLUX,10000.0,validation_in_class,TSVD,0.95,,NOT_APPLICABLE,point estimator with no posterior covariance,e9c3a2d32a8bc24f638b0cb6e8fb573a72334b5e577afad9ed2b0aab5d009381,,,,,,,
TOTAL_FLUX,10000.0,validation_off_grid,TSVD,0.5,,NOT_APPLICABLE,point estimator with no posterior covariance,e9c3a2d32a8bc24f638b0cb6e8fb573a72334b5e577afad9ed2b0aab5d009381,,,,,,,
TOTAL_FLUX,10000.0,validation_off_grid,TSVD,0.9,,NOT_APPLICABLE,point estimator with no posterior covariance,e9c3a2d32a8bc24f638b0cb6e8fb573a72334b5e577afad9ed2b0aab5d009381,,,,,,,
TOTAL_FLUX,10000.0,validation_off_grid,TSVD,0.95,,NOT_APPLICABLE,point estimator with no posterior covariance,e9c3a2d32a8bc24f638b0cb6e8fb573a72334b5e577afad9ed2b0aab5d009381,,,,,,,
TOTAL_FLUX,10000.0,validation_ood,TSVD,0.5,,NOT_APPLICABLE,point estimator with no posterior covariance,e9c3a2d32a8bc24f638b0cb6e8fb573a72334b5e577afad9ed2b0aab5d009381,,,,,,,
TOTAL_FLUX,10000.0,validation_ood,TSVD,0.9,,NOT_APPLICABLE,point estimator with no posterior covariance,e9c3a2d32a8bc24f638b0cb6e8fb573a72334b5e577afad9ed2b0aab5d009381,,,,,,,
TOTAL_FLUX,10000.0,validation_ood,TSVD,0.95,,NOT_APPLICABLE,point estimator with no posterior covariance,e9c3a2d32a8bc24f638b0cb6e8fb573a72334b5e577afad9ed2b0aab5d009381,,,,,,,
TOTAL_FLUX,10000.0,validation_in_class,RIDGE_IDENTITY,0.5,,NOT_APPLICABLE,point estimator with no posterior covariance,e9c3a2d32a8bc24f638b0cb6e8fb573a72334b5e577afad9ed2b0aab5d009381,,,,,,,
TOTAL_FLUX,10000.0,validation_in_class,RIDGE_IDENTITY,0.9,,NOT_APPLICABLE,point estimator with no posterior covariance,e9c3a2d32a8bc24f638b0cb6e8fb573a72334b5e577afad9ed2b0aab5d009381,,,,,,,
TOTAL_FLUX,10000.0,validation_in_class,RIDGE_IDENTITY,0.95,,NOT_APPLICABLE,point estimator with no posterior covariance,e9c3a2d32a8bc24f638b0cb6e8fb573a72334b5e577afad9ed2b0aab5d009381,,,,,,,
TOTAL_FLUX,10000.0,validation_off_grid,RIDGE_IDENTITY,0.5,,NOT_APPLICABLE,point estimator with no posterior covariance,e9c3a2d32a8bc24f638b0cb6e8fb573a72334b5e577afad9ed2b0aab5d009381,,,,,,,
TOTAL_FLUX,10000.0,validation_off_grid,RIDGE_IDENTITY,0.9,,NOT_APPLICABLE,point estimator with no posterior covariance,e9c3a2d32a8bc24f638b0cb6e8fb573a72334b5e577afad9ed2b0aab5d009381,,,,,,,
TOTAL_FLUX,10000.0,validation_off_grid,RIDGE_IDENTITY,0.95,,NOT_APPLICABLE,point estimator with no posterior covariance,e9c3a2d32a8bc24f638b0cb6e8fb573a72334b5e577afad9ed2b0aab5d009381,,,,,,,
TOTAL_FLUX,10000.0,validation_ood,RIDGE_IDENTITY,0.5,,NOT_APPLICABLE,point estimator with no posterior covariance,e9c3a2d32a8bc24f638b0cb6e8fb573a72334b5e577afad9ed2b0aab5d009381,,,,,,,
TOTAL_FLUX,10000.0,validation_ood,RIDGE_IDENTITY,0.9,,NOT_APPLICABLE,point estimator with no posterior covariance,e9c3a2d32a8bc24f638b0cb6e8fb573a72334b5e577afad9ed2b0aab5d009381,,,,,,,
TOTAL_FLUX,10000.0,validation_ood,RIDGE_IDENTITY,0.95,,NOT_APPLICABLE,point estimator with no posterior covariance,e9c3a2d32a8bc24f638b0cb6e8fb573a72334b5e577afad9ed2b0aab5d009381,,,,,,,
TOTAL_FLUX,10000.0,validation_in_class,TIKHONOV_TEMPORAL,0.5,,NOT_APPLICABLE,point estimator with no posterior covariance,e9c3a2d32a8bc24f638b0cb6e8fb573a72334b5e577afad9ed2b0aab5d009381,,,,,,,
TOTAL_FLUX,10000.0,validation_in_class,TIKHONOV_TEMPORAL,0.9,,NOT_APPLICABLE,point estimator with no posterior covariance,e9c3a2d32a8bc24f638b0cb6e8fb573a72334b5e577afad9ed2b0aab5d009381,,,,,,,
TOTAL_FLUX,10000.0,validation_in_class,TIKHONOV_TEMPORAL,0.95,,NOT_APPLICABLE,point estimator with no posterior covariance,e9c3a2d32a8bc24f638b0cb6e8fb573a72334b5e577afad9ed2b0aab5d009381,,,,,,,
TOTAL_FLUX,10000.0,validation_off_grid,TIKHONOV_TEMPORAL,0.5,,NOT_APPLICABLE,point estimator with no posterior covariance,e9c3a2d32a8bc24f638b0cb6e8fb573a72334b5e577afad9ed2b0aab5d009381,,,,,,,
TOTAL_FLUX,10000.0,validation_off_grid,TIKHONOV_TEMPORAL,0.9,,NOT_APPLICABLE,point estimator with no posterior covariance,e9c3a2d32a8bc24f638b0cb6e8fb573a72334b5e577afad9ed2b0aab5d009381,,,,,,,
TOTAL_FLUX,10000.0,validation_off_grid,TIKHONOV_TEMPORAL,0.95,,NOT_APPLICABLE,point estimator with no posterior covariance,e9c3a2d32a8bc24f638b0cb6e8fb573a72334b5e577afad9ed2b0aab5d009381,,,,,,,
TOTAL_FLUX,10000.0,validation_ood,TIKHONOV_TEMPORAL,0.5,,NOT_APPLICABLE,point estimator with no posterior covariance,e9c3a2d32a8bc24f638b0cb6e8fb573a72334b5e577afad9ed2b0aab5d009381,,,,,,,
TOTAL_FLUX,10000.0,validation_ood,TIKHONOV_TEMPORAL,0.9,,NOT_APPLICABLE,point estimator with no posterior covariance,e9c3a2d32a8bc24f638b0cb6e8fb573a72334b5e577afad9ed2b0aab5d009381,,,,,,,
TOTAL_FLUX,10000.0,validation_ood,TIKHONOV_TEMPORAL,0.95,,NOT_APPLICABLE,point estimator with no posterior covariance,e9c3a2d32a8bc24f638b0cb6e8fb573a72334b5e577afad9ed2b0aab5d009381,,,,,,,
TOTAL_FLUX,10000.0,validation_in_class,WIENER_GAUSSIAN,0.5,0.8497314453125,SUPPORTED,,e9c3a2d32a8bc24f638b0cb6e8fb573a72334b5e577afad9ed2b0aab5d009381,512.0,,,,,,
TOTAL_FLUX,10000.0,validation_in_class,WIENER_GAUSSIAN,0.9,0.9419730050223214,SUPPORTED,,e9c3a2d32a8bc24f638b0cb6e8fb573a72334b5e577afad9ed2b0aab5d009381,512.0,,,,,,
TOTAL_FLUX,10000.0,validation_in_class,WIENER_GAUSSIAN,0.95,0.9523751395089286,SUPPORTED,,e9c3a2d32a8bc24f638b0cb6e8fb573a72334b5e577afad9ed2b0aab5d009381,512.0,,,,,,
TOTAL_FLUX,10000.0,validation_in_class,WIENER_GAUSSIAN,,,SUPPORTED,joint chi-square calibration,e9c3a2d32a8bc24f638b0cb6e8fb573a72334b5e577afad9ed2b0aab5d009381,,838.1393011988105,224.0,3.741693308923261,7.907302870494166e-21,0.0,224.0
TOTAL_FLUX,10000.0,validation_off_grid,WIENER_GAUSSIAN,0.5,0.9050641741071429,SUPPORTED,,e9c3a2d32a8bc24f638b0cb6e8fb573a72334b5e577afad9ed2b0aab5d009381,320.0,,,,,,
TOTAL_FLUX,10000.0,validation_off_grid,WIENER_GAUSSIAN,0.9,0.9649693080357142,SUPPORTED,,e9c3a2d32a8bc24f638b0cb6e8fb573a72334b5e577afad9ed2b0aab5d009381,320.0,,,,,,
TOTAL_FLUX,10000.0,validation_off_grid,WIENER_GAUSSIAN,0.95,0.9709681919642857,SUPPORTED,,e9c3a2d32a8bc24f638b0cb6e8fb573a72334b5e577afad9ed2b0aab5d009381,320.0,,,,,,
TOTAL_FLUX,10000.0,validation_off_grid,WIENER_GAUSSIAN,,,SUPPORTED,joint chi-square calibration,e9c3a2d32a8bc24f638b0cb6e8fb573a72334b5e577afad9ed2b0aab5d009381,,1471.709922105636,224.0,6.570133580828732,1.205217531103397e-32,0.0,224.0
TOTAL_FLUX,10000.0,validation_ood,WIENER_GAUSSIAN,0.5,0.8841727120535714,SUPPORTED,,e9c3a2d32a8bc24f638b0cb6e8fb573a72334b5e577afad9ed2b0aab5d009381,256.0,,,,,,
TOTAL_FLUX,10000.0,validation_ood,WIENER_GAUSSIAN,0.9,0.9430454799107143,SUPPORTED,,e9c3a2d32a8bc24f638b0cb6e8fb573a72334b5e577afad9ed2b0aab5d009381,256.0,,,,,,
TOTAL_FLUX,10000.0,validation_ood,WIENER_GAUSSIAN,0.95,0.9510323660714286,SUPPORTED,,e9c3a2d32a8bc24f638b0cb6e8fb573a72334b5e577afad9ed2b0aab5d009381,256.0,,,,,,
TOTAL_FLUX,10000.0,validation_ood,WIENER_GAUSSIAN,,,SUPPORTED,joint chi-square calibration,e9c3a2d32a8bc24f638b0cb6e8fb573a72334b5e577afad9ed2b0aab5d009381,,9386.694059269987,224.0,41.904884193169586,0.0,0.0,224.0
TOTAL_FLUX,10000.0,validation_in_class,LINEAR_STATE_SPACE,0.5,1.0,SUPPORTED,,e9c3a2d32a8bc24f638b0cb6e8fb573a72334b5e577afad9ed2b0aab5d009381,512.0,,,,,,
TOTAL_FLUX,10000.0,validation_in_class,LINEAR_STATE_SPACE,0.9,1.0,SUPPORTED,,e9c3a2d32a8bc24f638b0cb6e8fb573a72334b5e577afad9ed2b0aab5d009381,512.0,,,,,,
TOTAL_FLUX,10000.0,validation_in_class,LINEAR_STATE_SPACE,0.95,1.0,SUPPORTED,,e9c3a2d32a8bc24f638b0cb6e8fb573a72334b5e577afad9ed2b0aab5d009381,512.0,,,,,,
TOTAL_FLUX,10000.0,validation_in_class,LINEAR_STATE_SPACE,,,SUPPORTED,joint chi-square calibration,e9c3a2d32a8bc24f638b0cb6e8fb573a72334b5e577afad9ed2b0aab5d009381,,10.092061716187327,224.0,0.04505384694726485,1.0,0.0,224.0
TOTAL_FLUX,10000.0,validation_off_grid,LINEAR_STATE_SPACE,0.5,1.0,SUPPORTED,,e9c3a2d32a8bc24f638b0cb6e8fb573a72334b5e577afad9ed2b0aab5d009381,320.0,,,,,,
TOTAL_FLUX,10000.0,validation_off_grid,LINEAR_STATE_SPACE,0.9,1.0,SUPPORTED,,e9c3a2d32a8bc24f638b0cb6e8fb573a72334b5e577afad9ed2b0aab5d009381,320.0,,,,,,
TOTAL_FLUX,10000.0,validation_off_grid,LINEAR_STATE_SPACE,0.95,1.0,SUPPORTED,,e9c3a2d32a8bc24f638b0cb6e8fb573a72334b5e577afad9ed2b0aab5d009381,320.0,,,,,,
TOTAL_FLUX,10000.0,validation_off_grid,LINEAR_STATE_SPACE,,,SUPPORTED,joint chi-square calibration,e9c3a2d32a8bc24f638b0cb6e8fb573a72334b5e577afad9ed2b0aab5d009381,,5.235975411830007,224.0,0.02337489023138396,1.0,0.0,224.0
TOTAL_FLUX,10000.0,validation_ood,LINEAR_STATE_SPACE,0.5,1.0,SUPPORTED,,e9c3a2d32a8bc24f638b0cb6e8fb573a72334b5e577afad9ed2b0aab5d009381,256.0,,,,,,
TOTAL_FLUX,10000.0,validation_ood,LINEAR_STATE_SPACE,0.9,1.0,SUPPORTED,,e9c3a2d32a8bc24f638b0cb6e8fb573a72334b5e577afad9ed2b0aab5d009381,256.0,,,,,,
TOTAL_FLUX,10000.0,validation_ood,LINEAR_STATE_SPACE,0.95,1.0,SUPPORTED,,e9c3a2d32a8bc24f638b0cb6e8fb573a72334b5e577afad9ed2b0aab5d009381,256.0,,,,,,
TOTAL_FLUX,10000.0,validation_ood,LINEAR_STATE_SPACE,,,SUPPORTED,joint chi-square calibration,e9c3a2d32a8bc24f638b0cb6e8fb573a72334b5e577afad9ed2b0aab5d009381,,4.496129625861595,224.0,0.02007200725831069,1.0,0.0,224.0
TOTAL_FLUX,30000.0,validation_in_class,TSVD,0.5,,NOT_APPLICABLE,point estimator with no posterior covariance,e9c3a2d32a8bc24f638b0cb6e8fb573a72334b5e577afad9ed2b0aab5d009381,,,,,,,
TOTAL_FLUX,30000.0,validation_in_class,TSVD,0.9,,NOT_APPLICABLE,point estimator with no posterior covariance,e9c3a2d32a8bc24f638b0cb6e8fb573a72334b5e577afad9ed2b0aab5d009381,,,,,,,
TOTAL_FLUX,30000.0,validation_in_class,TSVD,0.95,,NOT_APPLICABLE,point estimator with no posterior covariance,e9c3a2d32a8bc24f638b0cb6e8fb573a72334b5e577afad9ed2b0aab5d009381,,,,,,,
TOTAL_FLUX,30000.0,validation_off_grid,TSVD,0.5,,NOT_APPLICABLE,point estimator with no posterior covariance,e9c3a2d32a8bc24f638b0cb6e8fb573a72334b5e577afad9ed2b0aab5d009381,,,,,,,
TOTAL_FLUX,30000.0,validation_off_grid,TSVD,0.9,,NOT_APPLICABLE,point estimator with no posterior covariance,e9c3a2d32a8bc24f638b0cb6e8fb573a72334b5e577afad9ed2b0aab5d009381,,,,,,,
TOTAL_FLUX,30000.0,validation_off_grid,TSVD,0.95,,NOT_APPLICABLE,point estimator with no posterior covariance,e9c3a2d32a8bc24f638b0cb6e8fb573a72334b5e577afad9ed2b0aab5d009381,,,,,,,
TOTAL_FLUX,30000.0,validation_ood,TSVD,0.5,,NOT_APPLICABLE,point estimator with no posterior covariance,e9c3a2d32a8bc24f638b0cb6e8fb573a72334b5e577afad9ed2b0aab5d009381,,,,,,,
TOTAL_FLUX,30000.0,validation_ood,TSVD,0.9,,NOT_APPLICABLE,point estimator with no posterior covariance,e9c3a2d32a8bc24f638b0cb6e8fb573a72334b5e577afad9ed2b0aab5d009381,,,,,,,
TOTAL_FLUX,30000.0,validation_ood,TSVD,0.95,,NOT_APPLICABLE,point estimator with no posterior covariance,e9c3a2d32a8bc24f638b0cb6e8fb573a72334b5e577afad9ed2b0aab5d009381,,,,,,,
TOTAL_FLUX,30000.0,validation_in_class,RIDGE_IDENTITY,0.5,,NOT_APPLICABLE,point estimator with no posterior covariance,e9c3a2d32a8bc24f638b0cb6e8fb573a72334b5e577afad9ed2b0aab5d009381,,,,,,,
TOTAL_FLUX,30000.0,validation_in_class,RIDGE_IDENTITY,0.9,,NOT_APPLICABLE,point estimator with no posterior covariance,e9c3a2d32a8bc24f638b0cb6e8fb573a72334b5e577afad9ed2b0aab5d009381,,,,,,,
TOTAL_FLUX,30000.0,validation_in_class,RIDGE_IDENTITY,0.95,,NOT_APPLICABLE,point estimator with no posterior covariance,e9c3a2d32a8bc24f638b0cb6e8fb573a72334b5e577afad9ed2b0aab5d009381,,,,,,,
TOTAL_FLUX,30000.0,validation_off_grid,RIDGE_IDENTITY,0.5,,NOT_APPLICABLE,point estimator with no posterior covariance,e9c3a2d32a8bc24f638b0cb6e8fb573a72334b5e577afad9ed2b0aab5d009381,,,,,,,
TOTAL_FLUX,30000.0,validation_off_grid,RIDGE_IDENTITY,0.9,,NOT_APPLICABLE,point estimator with no posterior covariance,e9c3a2d32a8bc24f638b0cb6e8fb573a72334b5e577afad9ed2b0aab5d009381,,,,,,,
TOTAL_FLUX,30000.0,validation_off_grid,RIDGE_IDENTITY,0.95,,NOT_APPLICABLE,point estimator with no posterior covariance,e9c3a2d32a8bc24f638b0cb6e8fb573a72334b5e577afad9ed2b0aab5d009381,,,,,,,
TOTAL_FLUX,30000.0,validation_ood,RIDGE_IDENTITY,0.5,,NOT_APPLICABLE,point estimator with no posterior covariance,e9c3a2d32a8bc24f638b0cb6e8fb573a72334b5e577afad9ed2b0aab5d009381,,,,,,,
TOTAL_FLUX,30000.0,validation_ood,RIDGE_IDENTITY,0.9,,NOT_APPLICABLE,point estimator with no posterior covariance,e9c3a2d32a8bc24f638b0cb6e8fb573a72334b5e577afad9ed2b0aab5d009381,,,,,,,
TOTAL_FLUX,30000.0,validation_ood,RIDGE_IDENTITY,0.95,,NOT_APPLICABLE,point estimator with no posterior covariance,e9c3a2d32a8bc24f638b0cb6e8fb573a72334b5e577afad9ed2b0aab5d009381,,,,,,,
TOTAL_FLUX,30000.0,validation_in_class,TIKHONOV_TEMPORAL,0.5,,NOT_APPLICABLE,point estimator with no posterior covariance,e9c3a2d32a8bc24f638b0cb6e8fb573a72334b5e577afad9ed2b0aab5d009381,,,,,,,
TOTAL_FLUX,30000.0,validation_in_class,TIKHONOV_TEMPORAL,0.9,,NOT_APPLICABLE,point estimator with no posterior covariance,e9c3a2d32a8bc24f638b0cb6e8fb573a72334b5e577afad9ed2b0aab5d009381,,,,,,,
TOTAL_FLUX,30000.0,validation_in_class,TIKHONOV_TEMPORAL,0.95,,NOT_APPLICABLE,point estimator with no posterior covariance,e9c3a2d32a8bc24f638b0cb6e8fb573a72334b5e577afad9ed2b0aab5d009381,,,,,,,
TOTAL_FLUX,30000.0,validation_off_grid,TIKHONOV_TEMPORAL,0.5,,NOT_APPLICABLE,point estimator with no posterior covariance,e9c3a2d32a8bc24f638b0cb6e8fb573a72334b5e577afad9ed2b0aab5d009381,,,,,,,
TOTAL_FLUX,30000.0,validation_off_grid,TIKHONOV_TEMPORAL,0.9,,NOT_APPLICABLE,point estimator with no posterior covariance,e9c3a2d32a8bc24f638b0cb6e8fb573a72334b5e577afad9ed2b0aab5d009381,,,,,,,
TOTAL_FLUX,30000.0,validation_off_grid,TIKHONOV_TEMPORAL,0.95,,NOT_APPLICABLE,point estimator with no posterior covariance,e9c3a2d32a8bc24f638b0cb6e8fb573a72334b5e577afad9ed2b0aab5d009381,,,,,,,
TOTAL_FLUX,30000.0,validation_ood,TIKHONOV_TEMPORAL,0.5,,NOT_APPLICABLE,point estimator with no posterior covariance,e9c3a2d32a8bc24f638b0cb6e8fb573a72334b5e577afad9ed2b0aab5d009381,,,,,,,
TOTAL_FLUX,30000.0,validation_ood,TIKHONOV_TEMPORAL,0.9,,NOT_APPLICABLE,point estimator with no posterior covariance,e9c3a2d32a8bc24f638b0cb6e8fb573a72334b5e577afad9ed2b0aab5d009381,,,,,,,
TOTAL_FLUX,30000.0,validation_ood,TIKHONOV_TEMPORAL,0.95,,NOT_APPLICABLE,point estimator with no posterior covariance,e9c3a2d32a8bc24f638b0cb6e8fb573a72334b5e577afad9ed2b0aab5d009381,,,,,,,
TOTAL_FLUX,30000.0,validation_in_class,WIENER_GAUSSIAN,0.5,0.8497227260044643,SUPPORTED,,e9c3a2d32a8bc24f638b0cb6e8fb573a72334b5e577afad9ed2b0aab5d009381,512.0,,,,,,
TOTAL_FLUX,30000.0,validation_in_class,WIENER_GAUSSIAN,0.9,0.9419730050223214,SUPPORTED,,e9c3a2d32a8bc24f638b0cb6e8fb573a72334b5e577afad9ed2b0aab5d009381,512.0,,,,,,
TOTAL_FLUX,30000.0,validation_in_class,WIENER_GAUSSIAN,0.95,0.9523751395089286,SUPPORTED,,e9c3a2d32a8bc24f638b0cb6e8fb573a72334b5e577afad9ed2b0aab5d009381,512.0,,,,,,
TOTAL_FLUX,30000.0,validation_in_class,WIENER_GAUSSIAN,,,SUPPORTED,joint chi-square calibration,e9c3a2d32a8bc24f638b0cb6e8fb573a72334b5e577afad9ed2b0aab5d009381,,838.1908276624284,224.0,3.7419233377786982,7.798952289836341e-21,0.0,224.0
TOTAL_FLUX,30000.0,validation_off_grid,WIENER_GAUSSIAN,0.5,0.9050641741071429,SUPPORTED,,e9c3a2d32a8bc24f638b0cb6e8fb573a72334b5e577afad9ed2b0aab5d009381,320.0,,,,,,
TOTAL_FLUX,30000.0,validation_off_grid,WIENER_GAUSSIAN,0.9,0.9649693080357142,SUPPORTED,,e9c3a2d32a8bc24f638b0cb6e8fb573a72334b5e577afad9ed2b0aab5d009381,320.0,,,,,,
TOTAL_FLUX,30000.0,validation_off_grid,WIENER_GAUSSIAN,0.95,0.9709681919642857,SUPPORTED,,e9c3a2d32a8bc24f638b0cb6e8fb573a72334b5e577afad9ed2b0aab5d009381,320.0,,,,,,
TOTAL_FLUX,30000.0,validation_off_grid,WIENER_GAUSSIAN,,,SUPPORTED,joint chi-square calibration,e9c3a2d32a8bc24f638b0cb6e8fb573a72334b5e577afad9ed2b0aab5d009381,,1471.7611132610587,224.0,6.5703621127725835,1.1863073099210208e-32,0.0,224.0
TOTAL_FLUX,30000.0,validation_ood,WIENER_GAUSSIAN,0.5,0.8841727120535714,SUPPORTED,,e9c3a2d32a8bc24f638b0cb6e8fb573a72334b5e577afad9ed2b0aab5d009381,256.0,,,,,,
TOTAL_FLUX,30000.0,validation_ood,WIENER_GAUSSIAN,0.9,0.9430454799107143,SUPPORTED,,e9c3a2d32a8bc24f638b0cb6e8fb573a72334b5e577afad9ed2b0aab5d009381,256.0,,,,,,
TOTAL_FLUX,30000.0,validation_ood,WIENER_GAUSSIAN,0.95,0.9510323660714286,SUPPORTED,,e9c3a2d32a8bc24f638b0cb6e8fb573a72334b5e577afad9ed2b0aab5d009381,256.0,,,,,,
TOTAL_FLUX,30000.0,validation_ood,WIENER_GAUSSIAN,,,SUPPORTED,joint chi-square calibration,e9c3a2d32a8bc24f638b0cb6e8fb573a72334b5e577afad9ed2b0aab5d009381,,9386.745545664864,224.0,41.90511404314672,0.0,0.0,224.0
TOTAL_FLUX,30000.0,validation_in_class,LINEAR_STATE_SPACE,0.5,1.0,SUPPORTED,,e9c3a2d32a8bc24f638b0cb6e8fb573a72334b5e577afad9ed2b0aab5d009381,512.0,,,,,,
TOTAL_FLUX,30000.0,validation_in_class,LINEAR_STATE_SPACE,0.9,1.0,SUPPORTED,,e9c3a2d32a8bc24f638b0cb6e8fb573a72334b5e577afad9ed2b0aab5d009381,512.0,,,,,,
TOTAL_FLUX,30000.0,validation_in_class,LINEAR_STATE_SPACE,0.95,1.0,SUPPORTED,,e9c3a2d32a8bc24f638b0cb6e8fb573a72334b5e577afad9ed2b0aab5d009381,512.0,,,,,,
TOTAL_FLUX,30000.0,validation_in_class,LINEAR_STATE_SPACE,,,SUPPORTED,joint chi-square calibration,e9c3a2d32a8bc24f638b0cb6e8fb573a72334b5e577afad9ed2b0aab5d009381,,10.092061475253043,224.0,0.045053845871665374,1.0,0.0,224.0
TOTAL_FLUX,30000.0,validation_off_grid,LINEAR_STATE_SPACE,0.5,1.0,SUPPORTED,,e9c3a2d32a8bc24f638b0cb6e8fb573a72334b5e577afad9ed2b0aab5d009381,320.0,,,,,,
TOTAL_FLUX,30000.0,validation_off_grid,LINEAR_STATE_SPACE,0.9,1.0,SUPPORTED,,e9c3a2d32a8bc24f638b0cb6e8fb573a72334b5e577afad9ed2b0aab5d009381,320.0,,,,,,
TOTAL_FLUX,30000.0,validation_off_grid,LINEAR_STATE_SPACE,0.95,1.0,SUPPORTED,,e9c3a2d32a8bc24f638b0cb6e8fb573a72334b5e577afad9ed2b0aab5d009381,320.0,,,,,,
TOTAL_FLUX,30000.0,validation_off_grid,LINEAR_STATE_SPACE,,,SUPPORTED,joint chi-square calibration,e9c3a2d32a8bc24f638b0cb6e8fb573a72334b5e577afad9ed2b0aab5d009381,,5.2359752913482485,224.0,0.023374889693518967,1.0,0.0,224.0
TOTAL_FLUX,30000.0,validation_ood,LINEAR_STATE_SPACE,0.5,1.0,SUPPORTED,,e9c3a2d32a8bc24f638b0cb6e8fb573a72334b5e577afad9ed2b0aab5d009381,256.0,,,,,,
TOTAL_FLUX,30000.0,validation_ood,LINEAR_STATE_SPACE,0.9,1.0,SUPPORTED,,e9c3a2d32a8bc24f638b0cb6e8fb573a72334b5e577afad9ed2b0aab5d009381,256.0,,,,,,
TOTAL_FLUX,30000.0,validation_ood,LINEAR_STATE_SPACE,0.95,1.0,SUPPORTED,,e9c3a2d32a8bc24f638b0cb6e8fb573a72334b5e577afad9ed2b0aab5d009381,256.0,,,,,,
TOTAL_FLUX,30000.0,validation_ood,LINEAR_STATE_SPACE,,,SUPPORTED,joint chi-square calibration,e9c3a2d32a8bc24f638b0cb6e8fb573a72334b5e577afad9ed2b0aab5d009381,,4.496129463616907,224.0,0.02007200653400405,1.0,0.0,224.0
TOTAL_FLUX,100000.0,validation_in_class,TSVD,0.5,,NOT_APPLICABLE,point estimator with no posterior covariance,e9c3a2d32a8bc24f638b0cb6e8fb573a72334b5e577afad9ed2b0aab5d009381,,,,,,,
TOTAL_FLUX,100000.0,validation_in_class,TSVD,0.9,,NOT_APPLICABLE,point estimator with no posterior covariance,e9c3a2d32a8bc24f638b0cb6e8fb573a72334b5e577afad9ed2b0aab5d009381,,,,,,,
TOTAL_FLUX,100000.0,validation_in_class,TSVD,0.95,,NOT_APPLICABLE,point estimator with no posterior covariance,e9c3a2d32a8bc24f638b0cb6e8fb573a72334b5e577afad9ed2b0aab5d009381,,,,,,,
TOTAL_FLUX,100000.0,validation_off_grid,TSVD,0.5,,NOT_APPLICABLE,point estimator with no posterior covariance,e9c3a2d32a8bc24f638b0cb6e8fb573a72334b5e577afad9ed2b0aab5d009381,,,,,,,
TOTAL_FLUX,100000.0,validation_off_grid,TSVD,0.9,,NOT_APPLICABLE,point estimator with no posterior covariance,e9c3a2d32a8bc24f638b0cb6e8fb573a72334b5e577afad9ed2b0aab5d009381,,,,,,,
TOTAL_FLUX,100000.0,validation_off_grid,TSVD,0.95,,NOT_APPLICABLE,point estimator with no posterior covariance,e9c3a2d32a8bc24f638b0cb6e8fb573a72334b5e577afad9ed2b0aab5d009381,,,,,,,
TOTAL_FLUX,100000.0,validation_ood,TSVD,0.5,,NOT_APPLICABLE,point estimator with no posterior covariance,e9c3a2d32a8bc24f638b0cb6e8fb573a72334b5e577afad9ed2b0aab5d009381,,,,,,,
TOTAL_FLUX,100000.0,validation_ood,TSVD,0.9,,NOT_APPLICABLE,point estimator with no posterior covariance,e9c3a2d32a8bc24f638b0cb6e8fb573a72334b5e577afad9ed2b0aab5d009381,,,,,,,
TOTAL_FLUX,100000.0,validation_ood,TSVD,0.95,,NOT_APPLICABLE,point estimator with no posterior covariance,e9c3a2d32a8bc24f638b0cb6e8fb573a72334b5e577afad9ed2b0aab5d009381,,,,,,,
TOTAL_FLUX,100000.0,validation_in_class,RIDGE_IDENTITY,0.5,,NOT_APPLICABLE,point estimator with no posterior covariance,e9c3a2d32a8bc24f638b0cb6e8fb573a72334b5e577afad9ed2b0aab5d009381,,,,,,,
TOTAL_FLUX,100000.0,validation_in_class,RIDGE_IDENTITY,0.9,,NOT_APPLICABLE,point estimator with no posterior covariance,e9c3a2d32a8bc24f638b0cb6e8fb573a72334b5e577afad9ed2b0aab5d009381,,,,,,,
TOTAL_FLUX,100000.0,validation_in_class,RIDGE_IDENTITY,0.95,,NOT_APPLICABLE,point estimator with no posterior covariance,e9c3a2d32a8bc24f638b0cb6e8fb573a72334b5e577afad9ed2b0aab5d009381,,,,,,,
TOTAL_FLUX,100000.0,validation_off_grid,RIDGE_IDENTITY,0.5,,NOT_APPLICABLE,point estimator with no posterior covariance,e9c3a2d32a8bc24f638b0cb6e8fb573a72334b5e577afad9ed2b0aab5d009381,,,,,,,
TOTAL_FLUX,100000.0,validation_off_grid,RIDGE_IDENTITY,0.9,,NOT_APPLICABLE,point estimator with no posterior covariance,e9c3a2d32a8bc24f638b0cb6e8fb573a72334b5e577afad9ed2b0aab5d009381,,,,,,,
TOTAL_FLUX,100000.0,validation_off_grid,RIDGE_IDENTITY,0.95,,NOT_APPLICABLE,point estimator with no posterior covariance,e9c3a2d32a8bc24f638b0cb6e8fb573a72334b5e577afad9ed2b0aab5d009381,,,,,,,
TOTAL_FLUX,100000.0,validation_ood,RIDGE_IDENTITY,0.5,,NOT_APPLICABLE,point estimator with no posterior covariance,e9c3a2d32a8bc24f638b0cb6e8fb573a72334b5e577afad9ed2b0aab5d009381,,,,,,,
TOTAL_FLUX,100000.0,validation_ood,RIDGE_IDENTITY,0.9,,NOT_APPLICABLE,point estimator with no posterior covariance,e9c3a2d32a8bc24f638b0cb6e8fb573a72334b5e577afad9ed2b0aab5d009381,,,,,,,
TOTAL_FLUX,100000.0,validation_ood,RIDGE_IDENTITY,0.95,,NOT_APPLICABLE,point estimator with no posterior covariance,e9c3a2d32a8bc24f638b0cb6e8fb573a72334b5e577afad9ed2b0aab5d009381,,,,,,,
TOTAL_FLUX,100000.0,validation_in_class,TIKHONOV_TEMPORAL,0.5,,NOT_APPLICABLE,point estimator with no posterior covariance,e9c3a2d32a8bc24f638b0cb6e8fb573a72334b5e577afad9ed2b0aab5d009381,,,,,,,
TOTAL_FLUX,100000.0,validation_in_class,TIKHONOV_TEMPORAL,0.9,,NOT_APPLICABLE,point estimator with no posterior covariance,e9c3a2d32a8bc24f638b0cb6e8fb573a72334b5e577afad9ed2b0aab5d009381,,,,,,,
TOTAL_FLUX,100000.0,validation_in_class,TIKHONOV_TEMPORAL,0.95,,NOT_APPLICABLE,point estimator with no posterior covariance,e9c3a2d32a8bc24f638b0cb6e8fb573a72334b5e577afad9ed2b0aab5d009381,,,,,,,
TOTAL_FLUX,100000.0,validation_off_grid,TIKHONOV_TEMPORAL,0.5,,NOT_APPLICABLE,point estimator with no posterior covariance,e9c3a2d32a8bc24f638b0cb6e8fb573a72334b5e577afad9ed2b0aab5d009381,,,,,,,
TOTAL_FLUX,100000.0,validation_off_grid,TIKHONOV_TEMPORAL,0.9,,NOT_APPLICABLE,point estimator with no posterior covariance,e9c3a2d32a8bc24f638b0cb6e8fb573a72334b5e577afad9ed2b0aab5d009381,,,,,,,
TOTAL_FLUX,100000.0,validation_off_grid,TIKHONOV_TEMPORAL,0.95,,NOT_APPLICABLE,point estimator with no posterior covariance,e9c3a2d32a8bc24f638b0cb6e8fb573a72334b5e577afad9ed2b0aab5d009381,,,,,,,
TOTAL_FLUX,100000.0,validation_ood,TIKHONOV_TEMPORAL,0.5,,NOT_APPLICABLE,point estimator with no posterior covariance,e9c3a2d32a8bc24f638b0cb6e8fb573a72334b5e577afad9ed2b0aab5d009381,,,,,,,
TOTAL_FLUX,100000.0,validation_ood,TIKHONOV_TEMPORAL,0.9,,NOT_APPLICABLE,point estimator with no posterior covariance,e9c3a2d32a8bc24f638b0cb6e8fb573a72334b5e577afad9ed2b0aab5d009381,,,,,,,
TOTAL_FLUX,100000.0,validation_ood,TIKHONOV_TEMPORAL,0.95,,NOT_APPLICABLE,point estimator with no posterior covariance,e9c3a2d32a8bc24f638b0cb6e8fb573a72334b5e577afad9ed2b0aab5d009381,,,,,,,
TOTAL_FLUX,100000.0,validation_in_class,WIENER_GAUSSIAN,0.5,0.8497314453125,SUPPORTED,,e9c3a2d32a8bc24f638b0cb6e8fb573a72334b5e577afad9ed2b0aab5d009381,512.0,,,,,,
TOTAL_FLUX,100000.0,validation_in_class,WIENER_GAUSSIAN,0.9,0.9419730050223214,SUPPORTED,,e9c3a2d32a8bc24f638b0cb6e8fb573a72334b5e577afad9ed2b0aab5d009381,512.0,,,,,,
TOTAL_FLUX,100000.0,validation_in_class,WIENER_GAUSSIAN,0.95,0.9523751395089286,SUPPORTED,,e9c3a2d32a8bc24f638b0cb6e8fb573a72334b5e577afad9ed2b0aab5d009381,512.0,,,,,,
TOTAL_FLUX,100000.0,validation_in_class,WIENER_GAUSSIAN,,,SUPPORTED,joint chi-square calibration,e9c3a2d32a8bc24f638b0cb6e8fb573a72334b5e577afad9ed2b0aab5d009381,,838.2088612765983,224.0,3.742003844984814,7.761397781540437e-21,0.0,224.0
TOTAL_FLUX,100000.0,validation_off_grid,WIENER_GAUSSIAN,0.5,0.9050641741071429,SUPPORTED,,e9c3a2d32a8bc24f638b0cb6e8fb573a72334b5e577afad9ed2b0aab5d009381,320.0,,,,,,
TOTAL_FLUX,100000.0,validation_off_grid,WIENER_GAUSSIAN,0.9,0.9649693080357142,SUPPORTED,,e9c3a2d32a8bc24f638b0cb6e8fb573a72334b5e577afad9ed2b0aab5d009381,320.0,,,,,,
TOTAL_FLUX,100000.0,validation_off_grid,WIENER_GAUSSIAN,0.95,0.9709681919642857,SUPPORTED,,e9c3a2d32a8bc24f638b0cb6e8fb573a72334b5e577afad9ed2b0aab5d009381,320.0,,,,,,
TOTAL_FLUX,100000.0,validation_off_grid,WIENER_GAUSSIAN,,,SUPPORTED,joint chi-square calibration,e9c3a2d32a8bc24f638b0cb6e8fb573a72334b5e577afad9ed2b0aab5d009381,,1471.7790297572733,224.0,6.570442097130685,1.1797882702233671e-32,0.0,224.0
TOTAL_FLUX,100000.0,validation_ood,WIENER_GAUSSIAN,0.5,0.8841727120535714,SUPPORTED,,e9c3a2d32a8bc24f638b0cb6e8fb573a72334b5e577afad9ed2b0aab5d009381,256.0,,,,,,
TOTAL_FLUX,100000.0,validation_ood,WIENER_GAUSSIAN,0.9,0.9430454799107143,SUPPORTED,,e9c3a2d32a8bc24f638b0cb6e8fb573a72334b5e577afad9ed2b0aab5d009381,256.0,,,,,,
TOTAL_FLUX,100000.0,validation_ood,WIENER_GAUSSIAN,0.95,0.9510323660714286,SUPPORTED,,e9c3a2d32a8bc24f638b0cb6e8fb573a72334b5e577afad9ed2b0aab5d009381,256.0,,,,,,
TOTAL_FLUX,100000.0,validation_ood,WIENER_GAUSSIAN,,,SUPPORTED,joint chi-square calibration,e9c3a2d32a8bc24f638b0cb6e8fb573a72334b5e577afad9ed2b0aab5d009381,,9386.763561703328,224.0,41.90519447188986,0.0,0.0,224.0
TOTAL_FLUX,100000.0,validation_in_class,LINEAR_STATE_SPACE,0.5,1.0,SUPPORTED,,e9c3a2d32a8bc24f638b0cb6e8fb573a72334b5e577afad9ed2b0aab5d009381,512.0,,,,,,
TOTAL_FLUX,100000.0,validation_in_class,LINEAR_STATE_SPACE,0.9,1.0,SUPPORTED,,e9c3a2d32a8bc24f638b0cb6e8fb573a72334b5e577afad9ed2b0aab5d009381,512.0,,,,,,
TOTAL_FLUX,100000.0,validation_in_class,LINEAR_STATE_SPACE,0.95,1.0,SUPPORTED,,e9c3a2d32a8bc24f638b0cb6e8fb573a72334b5e577afad9ed2b0aab5d009381,512.0,,,,,,
TOTAL_FLUX,100000.0,validation_in_class,LINEAR_STATE_SPACE,,,SUPPORTED,joint chi-square calibration,e9c3a2d32a8bc24f638b0cb6e8fb573a72334b5e577afad9ed2b0aab5d009381,,10.092061446141285,224.0,0.04505384574170217,1.0,0.0,224.0
TOTAL_FLUX,100000.0,validation_off_grid,LINEAR_STATE_SPACE,0.5,1.0,SUPPORTED,,e9c3a2d32a8bc24f638b0cb6e8fb573a72334b5e577afad9ed2b0aab5d009381,320.0,,,,,,
TOTAL_FLUX,100000.0,validation_off_grid,LINEAR_STATE_SPACE,0.9,1.0,SUPPORTED,,e9c3a2d32a8bc24f638b0cb6e8fb573a72334b5e577afad9ed2b0aab5d009381,320.0,,,,,,
TOTAL_FLUX,100000.0,validation_off_grid,LINEAR_STATE_SPACE,0.95,1.0,SUPPORTED,,e9c3a2d32a8bc24f638b0cb6e8fb573a72334b5e577afad9ed2b0aab5d009381,320.0,,,,,,
TOTAL_FLUX,100000.0,validation_off_grid,LINEAR_STATE_SPACE,,,SUPPORTED,joint chi-square calibration,e9c3a2d32a8bc24f638b0cb6e8fb573a72334b5e577afad9ed2b0aab5d009381,,5.235975264772181,224.0,0.023374889574875806,1.0,0.0,224.0
TOTAL_FLUX,100000.0,validation_ood,LINEAR_STATE_SPACE,0.5,1.0,SUPPORTED,,e9c3a2d32a8bc24f638b0cb6e8fb573a72334b5e577afad9ed2b0aab5d009381,256.0,,,,,,
TOTAL_FLUX,100000.0,validation_ood,LINEAR_STATE_SPACE,0.9,1.0,SUPPORTED,,e9c3a2d32a8bc24f638b0cb6e8fb573a72334b5e577afad9ed2b0aab5d009381,256.0,,,,,,
TOTAL_FLUX,100000.0,validation_ood,LINEAR_STATE_SPACE,0.95,1.0,SUPPORTED,,e9c3a2d32a8bc24f638b0cb6e8fb573a72334b5e577afad9ed2b0aab5d009381,256.0,,,,,,
TOTAL_FLUX,100000.0,validation_ood,LINEAR_STATE_SPACE,,,SUPPORTED,joint chi-square calibration,e9c3a2d32a8bc24f638b0cb6e8fb573a72334b5e577afad9ed2b0aab5d009381,,4.496129448690807,224.0,0.020072006467369674,1.0,0.0,224.0
TOTAL_FLUX,1000000.0,validation_in_class,TSVD,0.5,,NOT_APPLICABLE,point estimator with no posterior covariance,e9c3a2d32a8bc24f638b0cb6e8fb573a72334b5e577afad9ed2b0aab5d009381,,,,,,,
TOTAL_FLUX,1000000.0,validation_in_class,TSVD,0.9,,NOT_APPLICABLE,point estimator with no posterior covariance,e9c3a2d32a8bc24f638b0cb6e8fb573a72334b5e577afad9ed2b0aab5d009381,,,,,,,
TOTAL_FLUX,1000000.0,validation_in_class,TSVD,0.95,,NOT_APPLICABLE,point estimator with no posterior covariance,e9c3a2d32a8bc24f638b0cb6e8fb573a72334b5e577afad9ed2b0aab5d009381,,,,,,,
TOTAL_FLUX,1000000.0,validation_off_grid,TSVD,0.5,,NOT_APPLICABLE,point estimator with no posterior covariance,e9c3a2d32a8bc24f638b0cb6e8fb573a72334b5e577afad9ed2b0aab5d009381,,,,,,,
TOTAL_FLUX,1000000.0,validation_off_grid,TSVD,0.9,,NOT_APPLICABLE,point estimator with no posterior covariance,e9c3a2d32a8bc24f638b0cb6e8fb573a72334b5e577afad9ed2b0aab5d009381,,,,,,,
TOTAL_FLUX,1000000.0,validation_off_grid,TSVD,0.95,,NOT_APPLICABLE,point estimator with no posterior covariance,e9c3a2d32a8bc24f638b0cb6e8fb573a72334b5e577afad9ed2b0aab5d009381,,,,,,,
TOTAL_FLUX,1000000.0,validation_ood,TSVD,0.5,,NOT_APPLICABLE,point estimator with no posterior covariance,e9c3a2d32a8bc24f638b0cb6e8fb573a72334b5e577afad9ed2b0aab5d009381,,,,,,,
TOTAL_FLUX,1000000.0,validation_ood,TSVD,0.9,,NOT_APPLICABLE,point estimator with no posterior covariance,e9c3a2d32a8bc24f638b0cb6e8fb573a72334b5e577afad9ed2b0aab5d009381,,,,,,,
TOTAL_FLUX,1000000.0,validation_ood,TSVD,0.95,,NOT_APPLICABLE,point estimator with no posterior covariance,e9c3a2d32a8bc24f638b0cb6e8fb573a72334b5e577afad9ed2b0aab5d009381,,,,,,,
TOTAL_FLUX,1000000.0,validation_in_class,RIDGE_IDENTITY,0.5,,NOT_APPLICABLE,point estimator with no posterior covariance,e9c3a2d32a8bc24f638b0cb6e8fb573a72334b5e577afad9ed2b0aab5d009381,,,,,,,
TOTAL_FLUX,1000000.0,validation_in_class,RIDGE_IDENTITY,0.9,,NOT_APPLICABLE,point estimator with no posterior covariance,e9c3a2d32a8bc24f638b0cb6e8fb573a72334b5e577afad9ed2b0aab5d009381,,,,,,,
TOTAL_FLUX,1000000.0,validation_in_class,RIDGE_IDENTITY,0.95,,NOT_APPLICABLE,point estimator with no posterior covariance,e9c3a2d32a8bc24f638b0cb6e8fb573a72334b5e577afad9ed2b0aab5d009381,,,,,,,
TOTAL_FLUX,1000000.0,validation_off_grid,RIDGE_IDENTITY,0.5,,NOT_APPLICABLE,point estimator with no posterior covariance,e9c3a2d32a8bc24f638b0cb6e8fb573a72334b5e577afad9ed2b0aab5d009381,,,,,,,
TOTAL_FLUX,1000000.0,validation_off_grid,RIDGE_IDENTITY,0.9,,NOT_APPLICABLE,point estimator with no posterior covariance,e9c3a2d32a8bc24f638b0cb6e8fb573a72334b5e577afad9ed2b0aab5d009381,,,,,,,
TOTAL_FLUX,1000000.0,validation_off_grid,RIDGE_IDENTITY,0.95,,NOT_APPLICABLE,point estimator with no posterior covariance,e9c3a2d32a8bc24f638b0cb6e8fb573a72334b5e577afad9ed2b0aab5d009381,,,,,,,
TOTAL_FLUX,1000000.0,validation_ood,RIDGE_IDENTITY,0.5,,NOT_APPLICABLE,point estimator with no posterior covariance,e9c3a2d32a8bc24f638b0cb6e8fb573a72334b5e577afad9ed2b0aab5d009381,,,,,,,
TOTAL_FLUX,1000000.0,validation_ood,RIDGE_IDENTITY,0.9,,NOT_APPLICABLE,point estimator with no posterior covariance,e9c3a2d32a8bc24f638b0cb6e8fb573a72334b5e577afad9ed2b0aab5d009381,,,,,,,
TOTAL_FLUX,1000000.0,validation_ood,RIDGE_IDENTITY,0.95,,NOT_APPLICABLE,point estimator with no posterior covariance,e9c3a2d32a8bc24f638b0cb6e8fb573a72334b5e577afad9ed2b0aab5d009381,,,,,,,
TOTAL_FLUX,1000000.0,validation_in_class,TIKHONOV_TEMPORAL,0.5,,NOT_APPLICABLE,point estimator with no posterior covariance,e9c3a2d32a8bc24f638b0cb6e8fb573a72334b5e577afad9ed2b0aab5d009381,,,,,,,
TOTAL_FLUX,1000000.0,validation_in_class,TIKHONOV_TEMPORAL,0.9,,NOT_APPLICABLE,point estimator with no posterior covariance,e9c3a2d32a8bc24f638b0cb6e8fb573a72334b5e577afad9ed2b0aab5d009381,,,,,,,
TOTAL_FLUX,1000000.0,validation_in_class,TIKHONOV_TEMPORAL,0.95,,NOT_APPLICABLE,point estimator with no posterior covariance,e9c3a2d32a8bc24f638b0cb6e8fb573a72334b5e577afad9ed2b0aab5d009381,,,,,,,
TOTAL_FLUX,1000000.0,validation_off_grid,TIKHONOV_TEMPORAL,0.5,,NOT_APPLICABLE,point estimator with no posterior covariance,e9c3a2d32a8bc24f638b0cb6e8fb573a72334b5e577afad9ed2b0aab5d009381,,,,,,,
TOTAL_FLUX,1000000.0,validation_off_grid,TIKHONOV_TEMPORAL,0.9,,NOT_APPLICABLE,point estimator with no posterior covariance,e9c3a2d32a8bc24f638b0cb6e8fb573a72334b5e577afad9ed2b0aab5d009381,,,,,,,
TOTAL_FLUX,1000000.0,validation_off_grid,TIKHONOV_TEMPORAL,0.95,,NOT_APPLICABLE,point estimator with no posterior covariance,e9c3a2d32a8bc24f638b0cb6e8fb573a72334b5e577afad9ed2b0aab5d009381,,,,,,,
TOTAL_FLUX,1000000.0,validation_ood,TIKHONOV_TEMPORAL,0.5,,NOT_APPLICABLE,point estimator with no posterior covariance,e9c3a2d32a8bc24f638b0cb6e8fb573a72334b5e577afad9ed2b0aab5d009381,,,,,,,
TOTAL_FLUX,1000000.0,validation_ood,TIKHONOV_TEMPORAL,0.9,,NOT_APPLICABLE,point estimator with no posterior covariance,e9c3a2d32a8bc24f638b0cb6e8fb573a72334b5e577afad9ed2b0aab5d009381,,,,,,,
TOTAL_FLUX,1000000.0,validation_ood,TIKHONOV_TEMPORAL,0.95,,NOT_APPLICABLE,point estimator with no posterior covariance,e9c3a2d32a8bc24f638b0cb6e8fb573a72334b5e577afad9ed2b0aab5d009381,,,,,,,
TOTAL_FLUX,1000000.0,validation_in_class,WIENER_GAUSSIAN,0.5,0.8497314453125,SUPPORTED,,e9c3a2d32a8bc24f638b0cb6e8fb573a72334b5e577afad9ed2b0aab5d009381,512.0,,,,,,
TOTAL_FLUX,1000000.0,validation_in_class,WIENER_GAUSSIAN,0.9,0.9419730050223214,SUPPORTED,,e9c3a2d32a8bc24f638b0cb6e8fb573a72334b5e577afad9ed2b0aab5d009381,512.0,,,,,,
TOTAL_FLUX,1000000.0,validation_in_class,WIENER_GAUSSIAN,0.95,0.9523751395089286,SUPPORTED,,e9c3a2d32a8bc24f638b0cb6e8fb573a72334b5e577afad9ed2b0aab5d009381,512.0,,,,,,
TOTAL_FLUX,1000000.0,validation_in_class,WIENER_GAUSSIAN,,,SUPPORTED,joint chi-square calibration,e9c3a2d32a8bc24f638b0cb6e8fb573a72334b5e577afad9ed2b0aab5d009381,,838.2158162535984,224.0,3.7420348939892785,7.746960890130403e-21,0.0,224.0
TOTAL_FLUX,1000000.0,validation_off_grid,WIENER_GAUSSIAN,0.5,0.9050641741071429,SUPPORTED,,e9c3a2d32a8bc24f638b0cb6e8fb573a72334b5e577afad9ed2b0aab5d009381,320.0,,,,,,
TOTAL_FLUX,1000000.0,validation_off_grid,WIENER_GAUSSIAN,0.9,0.9649693080357142,SUPPORTED,,e9c3a2d32a8bc24f638b0cb6e8fb573a72334b5e577afad9ed2b0aab5d009381,320.0,,,,,,
TOTAL_FLUX,1000000.0,validation_off_grid,WIENER_GAUSSIAN,0.95,0.9709681919642857,SUPPORTED,,e9c3a2d32a8bc24f638b0cb6e8fb573a72334b5e577afad9ed2b0aab5d009381,320.0,,,,,,
TOTAL_FLUX,1000000.0,validation_off_grid,WIENER_GAUSSIAN,,,SUPPORTED,joint chi-square calibration,e9c3a2d32a8bc24f638b0cb6e8fb573a72334b5e577afad9ed2b0aab5d009381,,1471.7859399828778,224.0,6.570472946352133,1.1772761045165184e-32,0.0,224.0
TOTAL_FLUX,1000000.0,validation_ood,WIENER_GAUSSIAN,0.5,0.8841727120535714,SUPPORTED,,e9c3a2d32a8bc24f638b0cb6e8fb573a72334b5e577afad9ed2b0aab5d009381,256.0,,,,,,
TOTAL_FLUX,1000000.0,validation_ood,WIENER_GAUSSIAN,0.9,0.9430454799107143,SUPPORTED,,e9c3a2d32a8bc24f638b0cb6e8fb573a72334b5e577afad9ed2b0aab5d009381,256.0,,,,,,
TOTAL_FLUX,1000000.0,validation_ood,WIENER_GAUSSIAN,0.95,0.9510323660714286,SUPPORTED,,e9c3a2d32a8bc24f638b0cb6e8fb573a72334b5e577afad9ed2b0aab5d009381,256.0,,,,,,
TOTAL_FLUX,1000000.0,validation_ood,WIENER_GAUSSIAN,,,SUPPORTED,joint chi-square calibration,e9c3a2d32a8bc24f638b0cb6e8fb573a72334b5e577afad9ed2b0aab5d009381,,9386.770511240415,224.0,41.90522549660899,0.0,0.0,224.0
TOTAL_FLUX,1000000.0,validation_in_class,LINEAR_STATE_SPACE,0.5,1.0,SUPPORTED,,e9c3a2d32a8bc24f638b0cb6e8fb573a72334b5e577afad9ed2b0aab5d009381,512.0,,,,,,
TOTAL_FLUX,1000000.0,validation_in_class,LINEAR_STATE_SPACE,0.9,1.0,SUPPORTED,,e9c3a2d32a8bc24f638b0cb6e8fb573a72334b5e577afad9ed2b0aab5d009381,512.0,,,,,,
TOTAL_FLUX,1000000.0,validation_in_class,LINEAR_STATE_SPACE,0.95,1.0,SUPPORTED,,e9c3a2d32a8bc24f638b0cb6e8fb573a72334b5e577afad9ed2b0aab5d009381,512.0,,,,,,
TOTAL_FLUX,1000000.0,validation_in_class,LINEAR_STATE_SPACE,,,SUPPORTED,joint chi-square calibration,e9c3a2d32a8bc24f638b0cb6e8fb573a72334b5e577afad9ed2b0aab5d009381,,10.09206146264972,224.0,0.04505384581540054,1.0,0.0,224.0
TOTAL_FLUX,1000000.0,validation_off_grid,LINEAR_STATE_SPACE,0.5,1.0,SUPPORTED,,e9c3a2d32a8bc24f638b0cb6e8fb573a72334b5e577afad9ed2b0aab5d009381,320.0,,,,,,
TOTAL_FLUX,1000000.0,validation_off_grid,LINEAR_STATE_SPACE,0.9,1.0,SUPPORTED,,e9c3a2d32a8bc24f638b0cb6e8fb573a72334b5e577afad9ed2b0aab5d009381,320.0,,,,,,
TOTAL_FLUX,1000000.0,validation_off_grid,LINEAR_STATE_SPACE,0.95,1.0,SUPPORTED,,e9c3a2d32a8bc24f638b0cb6e8fb573a72334b5e577afad9ed2b0aab5d009381,320.0,,,,,,
TOTAL_FLUX,1000000.0,validation_off_grid,LINEAR_STATE_SPACE,,,SUPPORTED,joint chi-square calibration,e9c3a2d32a8bc24f638b0cb6e8fb573a72334b5e577afad9ed2b0aab5d009381,,5.235975318837629,224.0,0.023374889816239416,1.0,0.0,224.0
TOTAL_FLUX,1000000.0,validation_ood,LINEAR_STATE_SPACE,0.5,1.0,SUPPORTED,,e9c3a2d32a8bc24f638b0cb6e8fb573a72334b5e577afad9ed2b0aab5d009381,256.0,,,,,,
TOTAL_FLUX,1000000.0,validation_ood,LINEAR_STATE_SPACE,0.9,1.0,SUPPORTED,,e9c3a2d32a8bc24f638b0cb6e8fb573a72334b5e577afad9ed2b0aab5d009381,256.0,,,,,,
TOTAL_FLUX,1000000.0,validation_ood,LINEAR_STATE_SPACE,0.95,1.0,SUPPORTED,,e9c3a2d32a8bc24f638b0cb6e8fb573a72334b5e577afad9ed2b0aab5d009381,256.0,,,,,,
TOTAL_FLUX,1000000.0,validation_ood,LINEAR_STATE_SPACE,,,SUPPORTED,joint chi-square calibration,e9c3a2d32a8bc24f638b0cb6e8fb573a72334b5e577afad9ed2b0aab5d009381,,4.496129442445964,224.0,0.020072006439490912,1.0,0.0,224.0
