arm,target_delta,pair,realized_delta,relative_delta_error,bayes_accuracy,observed_accuracy,monte_carlo_tolerance,exceeds_bayes,disposition,reason,admissible_amplitude_note,freeze_sha256
DIRECT_PHYSICAL,0.25,0,0.25,0.0,0.5497382248301129,0.54296875,0.04397496704365141,False,SUPPORTED,,signed perturbation about a positive baseline; the amplitude that keeps the rendered movie non-negative is recorded in the source bank manifest,e9c3a2d32a8bc24f638b0cb6e8fb573a72334b5e577afad9ed2b0aab5d009381
DIRECT_PHYSICAL,0.25,1,0.25000000000000006,2.220446049250313e-16,0.5497382248301129,0.58203125,0.04397496704365141,False,SUPPORTED,,signed perturbation about a positive baseline; the amplitude that keeps the rendered movie non-negative is recorded in the source bank manifest,e9c3a2d32a8bc24f638b0cb6e8fb573a72334b5e577afad9ed2b0aab5d009381
DIRECT_PHYSICAL,0.25,2,0.24999999999999997,1.1102230246251565e-16,0.5497382248301129,0.552734375,0.04397496704365141,False,SUPPORTED,,signed perturbation about a positive baseline; the amplitude that keeps the rendered movie non-negative is recorded in the source bank manifest,e9c3a2d32a8bc24f638b0cb6e8fb573a72334b5e577afad9ed2b0aab5d009381
DIRECT_PHYSICAL,0.25,3,0.25000000000000006,2.220446049250313e-16,0.5497382248301129,0.5625,0.04397496704365141,False,SUPPORTED,,signed perturbation about a positive baseline; the amplitude that keeps the rendered movie non-negative is recorded in the source bank manifest,e9c3a2d32a8bc24f638b0cb6e8fb573a72334b5e577afad9ed2b0aab5d009381
DIRECT_PHYSICAL,0.25,4,0.24999999999999997,1.1102230246251565e-16,0.5497382248301129,0.52734375,0.04397496704365141,False,SUPPORTED,,signed perturbation about a positive baseline; the amplitude that keeps the rendered movie non-negative is recorded in the source bank manifest,e9c3a2d32a8bc24f638b0cb6e8fb573a72334b5e577afad9ed2b0aab5d009381
DIRECT_PHYSICAL,0.25,5,0.24999999999999994,2.220446049250313e-16,0.5497382248301129,0.62109375,0.04397496704365141,True,SUPPORTED,,signed perturbation about a positive baseline; the amplitude that keeps the rendered movie non-negative is recorded in the source bank manifest,e9c3a2d32a8bc24f638b0cb6e8fb573a72334b5e577afad9ed2b0aab5d009381
DIRECT_PHYSICAL,0.25,6,0.25000000000000006,2.220446049250313e-16,0.5497382248301129,0.54296875,0.04397496704365141,False,SUPPORTED,,signed perturbation about a positive baseline; the amplitude that keeps the rendered movie non-negative is recorded in the source bank manifest,e9c3a2d32a8bc24f638b0cb6e8fb573a72334b5e577afad9ed2b0aab5d009381
DIRECT_PHYSICAL,0.25,7,0.25,0.0,0.5497382248301129,0.5546875,0.04397496704365141,False,SUPPORTED,,signed perturbation about a positive baseline; the amplitude that keeps the rendered movie non-negative is recorded in the source bank manifest,e9c3a2d32a8bc24f638b0cb6e8fb573a72334b5e577afad9ed2b0aab5d009381
DIRECT_PHYSICAL,0.25,8,0.25,0.0,0.5497382248301129,0.5703125,0.04397496704365141,False,SUPPORTED,,signed perturbation about a positive baseline; the amplitude that keeps the rendered movie non-negative is recorded in the source bank manifest,e9c3a2d32a8bc24f638b0cb6e8fb573a72334b5e577afad9ed2b0aab5d009381
DIRECT_PHYSICAL,0.25,9,0.24999999999999994,2.220446049250313e-16,0.5497382248301129,0.552734375,0.04397496704365141,False,SUPPORTED,,signed perturbation about a positive baseline; the amplitude that keeps the rendered movie non-negative is recorded in the source bank manifest,e9c3a2d32a8bc24f638b0cb6e8fb573a72334b5e577afad9ed2b0aab5d009381
DIRECT_PHYSICAL,0.25,10,0.24999999999999994,2.220446049250313e-16,0.5497382248301129,0.560546875,0.04397496704365141,False,SUPPORTED,,signed perturbation about a positive baseline; the amplitude that keeps the rendered movie non-negative is recorded in the source bank manifest,e9c3a2d32a8bc24f638b0cb6e8fb573a72334b5e577afad9ed2b0aab5d009381
DIRECT_PHYSICAL,0.25,11,0.24999999999999994,2.220446049250313e-16,0.5497382248301129,0.546875,0.04397496704365141,False,SUPPORTED,,signed perturbation about a positive baseline; the amplitude that keeps the rendered movie non-negative is recorded in the source bank manifest,e9c3a2d32a8bc24f638b0cb6e8fb573a72334b5e577afad9ed2b0aab5d009381
DIRECT_PHYSICAL,0.25,12,0.24999999999999997,1.1102230246251565e-16,0.5497382248301129,0.537109375,0.04397496704365141,False,SUPPORTED,,signed perturbation about a positive baseline; the amplitude that keeps the rendered movie non-negative is recorded in the source bank manifest,e9c3a2d32a8bc24f638b0cb6e8fb573a72334b5e577afad9ed2b0aab5d009381
DIRECT_PHYSICAL,0.25,13,0.25000000000000006,2.220446049250313e-16,0.5497382248301129,0.517578125,0.04397496704365141,False,SUPPORTED,,signed perturbation about a positive baseline; the amplitude that keeps the rendered movie non-negative is recorded in the source bank manifest,e9c3a2d32a8bc24f638b0cb6e8fb573a72334b5e577afad9ed2b0aab5d009381
DIRECT_PHYSICAL,0.25,14,0.25,0.0,0.5497382248301129,0.58203125,0.04397496704365141,False,SUPPORTED,,signed perturbation about a positive baseline; the amplitude that keeps the rendered movie non-negative is recorded in the source bank manifest,e9c3a2d32a8bc24f638b0cb6e8fb573a72334b5e577afad9ed2b0aab5d009381
DIRECT_PHYSICAL,0.25,15,0.24999999999999997,1.1102230246251565e-16,0.5497382248301129,0.53515625,0.04397496704365141,False,SUPPORTED,,signed perturbation about a positive baseline; the amplitude that keeps the rendered movie non-negative is recorded in the source bank manifest,e9c3a2d32a8bc24f638b0cb6e8fb573a72334b5e577afad9ed2b0aab5d009381
DIRECT_PHYSICAL,0.25,16,0.25,0.0,0.5497382248301129,0.54296875,0.04397496704365141,False,SUPPORTED,,signed perturbation about a positive baseline; the amplitude that keeps the rendered movie non-negative is recorded in the source bank manifest,e9c3a2d32a8bc24f638b0cb6e8fb573a72334b5e577afad9ed2b0aab5d009381
DIRECT_PHYSICAL,0.25,17,0.24999999999999992,3.3306690738754696e-16,0.5497382248301129,0.51171875,0.04397496704365141,False,SUPPORTED,,signed perturbation about a positive baseline; the amplitude that keeps the rendered movie non-negative is recorded in the source bank manifest,e9c3a2d32a8bc24f638b0cb6e8fb573a72334b5e577afad9ed2b0aab5d009381
DIRECT_PHYSICAL,0.25,18,0.25,0.0,0.5497382248301129,0.53125,0.04397496704365141,False,SUPPORTED,,signed perturbation about a positive baseline; the amplitude that keeps the rendered movie non-negative is recorded in the source bank manifest,e9c3a2d32a8bc24f638b0cb6e8fb573a72334b5e577afad9ed2b0aab5d009381
DIRECT_PHYSICAL,0.25,19,0.24999999999999997,1.1102230246251565e-16,0.5497382248301129,0.556640625,0.04397496704365141,False,SUPPORTED,,signed perturbation about a positive baseline; the amplitude that keeps the rendered movie non-negative is recorded in the source bank manifest,e9c3a2d32a8bc24f638b0cb6e8fb573a72334b5e577afad9ed2b0aab5d009381
DIRECT_PHYSICAL,0.25,20,0.25000000000000006,2.220446049250313e-16,0.5497382248301129,0.55859375,0.04397496704365141,False,SUPPORTED,,signed perturbation about a positive baseline; the amplitude that keeps the rendered movie non-negative is recorded in the source bank manifest,e9c3a2d32a8bc24f638b0cb6e8fb573a72334b5e577afad9ed2b0aab5d009381
DIRECT_PHYSICAL,0.25,21,0.25,0.0,0.5497382248301129,0.548828125,0.04397496704365141,False,SUPPORTED,,signed perturbation about a positive baseline; the amplitude that keeps the rendered movie non-negative is recorded in the source bank manifest,e9c3a2d32a8bc24f638b0cb6e8fb573a72334b5e577afad9ed2b0aab5d009381
DIRECT_PHYSICAL,0.25,22,0.25000000000000006,2.220446049250313e-16,0.5497382248301129,0.54296875,0.04397496704365141,False,SUPPORTED,,signed perturbation about a positive baseline; the amplitude that keeps the rendered movie non-negative is recorded in the source bank manifest,e9c3a2d32a8bc24f638b0cb6e8fb573a72334b5e577afad9ed2b0aab5d009381
DIRECT_PHYSICAL,0.25,23,0.25,0.0,0.5497382248301129,0.51953125,0.04397496704365141,False,SUPPORTED,,signed perturbation about a positive baseline; the amplitude that keeps the rendered movie non-negative is recorded in the source bank manifest,e9c3a2d32a8bc24f638b0cb6e8fb573a72334b5e577afad9ed2b0aab5d009381
DIRECT_PHYSICAL,0.25,24,0.25,0.0,0.5497382248301129,0.546875,0.04397496704365141,False,SUPPORTED,,signed perturbation about a positive baseline; the amplitude that keeps the rendered movie non-negative is recorded in the source bank manifest,e9c3a2d32a8bc24f638b0cb6e8fb573a72334b5e577afad9ed2b0aab5d009381
DIRECT_PHYSICAL,0.25,25,0.25000000000000006,2.220446049250313e-16,0.5497382248301129,0.5546875,0.04397496704365141,False,SUPPORTED,,signed perturbation about a positive baseline; the amplitude that keeps the rendered movie non-negative is recorded in the source bank manifest,e9c3a2d32a8bc24f638b0cb6e8fb573a72334b5e577afad9ed2b0aab5d009381
DIRECT_PHYSICAL,0.25,26,0.25,0.0,0.5497382248301129,0.525390625,0.04397496704365141,False,SUPPORTED,,signed perturbation about a positive baseline; the amplitude that keeps the rendered movie non-negative is recorded in the source bank manifest,e9c3a2d32a8bc24f638b0cb6e8fb573a72334b5e577afad9ed2b0aab5d009381
DIRECT_PHYSICAL,0.25,27,0.24999999999999994,2.220446049250313e-16,0.5497382248301129,0.599609375,0.04397496704365141,True,SUPPORTED,,signed perturbation about a positive baseline; the amplitude that keeps the rendered movie non-negative is recorded in the source bank manifest,e9c3a2d32a8bc24f638b0cb6e8fb573a72334b5e577afad9ed2b0aab5d009381
DIRECT_PHYSICAL,0.25,28,0.24999999999999994,2.220446049250313e-16,0.5497382248301129,0.548828125,0.04397496704365141,False,SUPPORTED,,signed perturbation about a positive baseline; the amplitude that keeps the rendered movie non-negative is recorded in the source bank manifest,e9c3a2d32a8bc24f638b0cb6e8fb573a72334b5e577afad9ed2b0aab5d009381
DIRECT_PHYSICAL,0.25,29,0.25,0.0,0.5497382248301129,0.54296875,0.04397496704365141,False,SUPPORTED,,signed perturbation about a positive baseline; the amplitude that keeps the rendered movie non-negative is recorded in the source bank manifest,e9c3a2d32a8bc24f638b0cb6e8fb573a72334b5e577afad9ed2b0aab5d009381
DIRECT_PHYSICAL,0.25,30,0.25,0.0,0.5497382248301129,0.55859375,0.04397496704365141,False,SUPPORTED,,signed perturbation about a positive baseline; the amplitude that keeps the rendered movie non-negative is recorded in the source bank manifest,e9c3a2d32a8bc24f638b0cb6e8fb573a72334b5e577afad9ed2b0aab5d009381
DIRECT_PHYSICAL,0.25,31,0.25,0.0,0.5497382248301129,0.521484375,0.04397496704365141,False,SUPPORTED,,signed perturbation about a positive baseline; the amplitude that keeps the rendered movie non-negative is recorded in the source bank manifest,e9c3a2d32a8bc24f638b0cb6e8fb573a72334b5e577afad9ed2b0aab5d009381
DIRECT_PHYSICAL,0.25,32,0.25000000000000006,2.220446049250313e-16,0.5497382248301129,0.576171875,0.04397496704365141,False,SUPPORTED,,signed perturbation about a positive baseline; the amplitude that keeps the rendered movie non-negative is recorded in the source bank manifest,e9c3a2d32a8bc24f638b0cb6e8fb573a72334b5e577afad9ed2b0aab5d009381
DIRECT_PHYSICAL,0.25,33,0.25000000000000006,2.220446049250313e-16,0.5497382248301129,0.52734375,0.04397496704365141,False,SUPPORTED,,signed perturbation about a positive baseline; the amplitude that keeps the rendered movie non-negative is recorded in the source bank manifest,e9c3a2d32a8bc24f638b0cb6e8fb573a72334b5e577afad9ed2b0aab5d009381
DIRECT_PHYSICAL,0.25,34,0.25,0.0,0.5497382248301129,0.583984375,0.04397496704365141,False,SUPPORTED,,signed perturbation about a positive baseline; the amplitude that keeps the rendered movie non-negative is recorded in the source bank manifest,e9c3a2d32a8bc24f638b0cb6e8fb573a72334b5e577afad9ed2b0aab5d009381
DIRECT_PHYSICAL,0.25,35,0.24999999999999997,1.1102230246251565e-16,0.5497382248301129,0.537109375,0.04397496704365141,False,SUPPORTED,,signed perturbation about a positive baseline; the amplitude that keeps the rendered movie non-negative is recorded in the source bank manifest,e9c3a2d32a8bc24f638b0cb6e8fb573a72334b5e577afad9ed2b0aab5d009381
DIRECT_PHYSICAL,0.25,36,0.25,0.0,0.5497382248301129,0.56640625,0.04397496704365141,False,SUPPORTED,,signed perturbation about a positive baseline; the amplitude that keeps the rendered movie non-negative is recorded in the source bank manifest,e9c3a2d32a8bc24f638b0cb6e8fb573a72334b5e577afad9ed2b0aab5d009381
DIRECT_PHYSICAL,0.25,37,0.25,0.0,0.5497382248301129,0.5546875,0.04397496704365141,False,SUPPORTED,,signed perturbation about a positive baseline; the amplitude that keeps the rendered movie non-negative is recorded in the source bank manifest,e9c3a2d32a8bc24f638b0cb6e8fb573a72334b5e577afad9ed2b0aab5d009381
DIRECT_PHYSICAL,0.25,38,0.2499999999999999,4.440892098500626e-16,0.5497382248301129,0.572265625,0.04397496704365141,False,SUPPORTED,,signed perturbation about a positive baseline; the amplitude that keeps the rendered movie non-negative is recorded in the source bank manifest,e9c3a2d32a8bc24f638b0cb6e8fb573a72334b5e577afad9ed2b0aab5d009381
DIRECT_PHYSICAL,0.25,39,0.25,0.0,0.5497382248301129,0.568359375,0.04397496704365141,False,SUPPORTED,,signed perturbation about a positive baseline; the amplitude that keeps the rendered movie non-negative is recorded in the source bank manifest,e9c3a2d32a8bc24f638b0cb6e8fb573a72334b5e577afad9ed2b0aab5d009381
DIRECT_PHYSICAL,0.5,0,0.4999999999999999,2.220446049250313e-16,0.5987063256829237,0.607421875,0.04332445373196591,False,SUPPORTED,,signed perturbation about a positive baseline; the amplitude that keeps the rendered movie non-negative is recorded in the source bank manifest,e9c3a2d32a8bc24f638b0cb6e8fb573a72334b5e577afad9ed2b0aab5d009381
DIRECT_PHYSICAL,0.5,1,0.5000000000000001,2.220446049250313e-16,0.5987063256829237,0.57421875,0.04332445373196591,False,SUPPORTED,,signed perturbation about a positive baseline; the amplitude that keeps the rendered movie non-negative is recorded in the source bank manifest,e9c3a2d32a8bc24f638b0cb6e8fb573a72334b5e577afad9ed2b0aab5d009381
DIRECT_PHYSICAL,0.5,2,0.5000000000000001,2.220446049250313e-16,0.5987063256829237,0.611328125,0.04332445373196591,False,SUPPORTED,,signed perturbation about a positive baseline; the amplitude that keeps the rendered movie non-negative is recorded in the source bank manifest,e9c3a2d32a8bc24f638b0cb6e8fb573a72334b5e577afad9ed2b0aab5d009381
DIRECT_PHYSICAL,0.5,3,0.49999999999999994,1.1102230246251565e-16,0.5987063256829237,0.59765625,0.04332445373196591,False,SUPPORTED,,signed perturbation about a positive baseline; the amplitude that keeps the rendered movie non-negative is recorded in the source bank manifest,e9c3a2d32a8bc24f638b0cb6e8fb573a72334b5e577afad9ed2b0aab5d009381
DIRECT_PHYSICAL,0.5,4,0.5000000000000001,2.220446049250313e-16,0.5987063256829237,0.583984375,0.04332445373196591,False,SUPPORTED,,signed perturbation about a positive baseline; the amplitude that keeps the rendered movie non-negative is recorded in the source bank manifest,e9c3a2d32a8bc24f638b0cb6e8fb573a72334b5e577afad9ed2b0aab5d009381
DIRECT_PHYSICAL,0.5,5,0.5,0.0,0.5987063256829237,0.599609375,0.04332445373196591,False,SUPPORTED,,signed perturbation about a positive baseline; the amplitude that keeps the rendered movie non-negative is recorded in the source bank manifest,e9c3a2d32a8bc24f638b0cb6e8fb573a72334b5e577afad9ed2b0aab5d009381
DIRECT_PHYSICAL,0.5,6,0.5,0.0,0.5987063256829237,0.60546875,0.04332445373196591,False,SUPPORTED,,signed perturbation about a positive baseline; the amplitude that keeps the rendered movie non-negative is recorded in the source bank manifest,e9c3a2d32a8bc24f638b0cb6e8fb573a72334b5e577afad9ed2b0aab5d009381
DIRECT_PHYSICAL,0.5,7,0.4999999999999999,2.220446049250313e-16,0.5987063256829237,0.6328125,0.04332445373196591,False,SUPPORTED,,signed perturbation about a positive baseline; the amplitude that keeps the rendered movie non-negative is recorded in the source bank manifest,e9c3a2d32a8bc24f638b0cb6e8fb573a72334b5e577afad9ed2b0aab5d009381
DIRECT_PHYSICAL,0.5,8,0.49999999999999994,1.1102230246251565e-16,0.5987063256829237,0.5859375,0.04332445373196591,False,SUPPORTED,,signed perturbation about a positive baseline; the amplitude that keeps the rendered movie non-negative is recorded in the source bank manifest,e9c3a2d32a8bc24f638b0cb6e8fb573a72334b5e577afad9ed2b0aab5d009381
DIRECT_PHYSICAL,0.5,9,0.5,0.0,0.5987063256829237,0.5625,0.04332445373196591,False,SUPPORTED,,signed perturbation about a positive baseline; the amplitude that keeps the rendered movie non-negative is recorded in the source bank manifest,e9c3a2d32a8bc24f638b0cb6e8fb573a72334b5e577afad9ed2b0aab5d009381
DIRECT_PHYSICAL,0.5,10,0.49999999999999994,1.1102230246251565e-16,0.5987063256829237,0.62109375,0.04332445373196591,False,SUPPORTED,,signed perturbation about a positive baseline; the amplitude that keeps the rendered movie non-negative is recorded in the source bank manifest,e9c3a2d32a8bc24f638b0cb6e8fb573a72334b5e577afad9ed2b0aab5d009381
DIRECT_PHYSICAL,0.5,11,0.49999999999999994,1.1102230246251565e-16,0.5987063256829237,0.57421875,0.04332445373196591,False,SUPPORTED,,signed perturbation about a positive baseline; the amplitude that keeps the rendered movie non-negative is recorded in the source bank manifest,e9c3a2d32a8bc24f638b0cb6e8fb573a72334b5e577afad9ed2b0aab5d009381
DIRECT_PHYSICAL,0.5,12,0.5,0.0,0.5987063256829237,0.591796875,0.04332445373196591,False,SUPPORTED,,signed perturbation about a positive baseline; the amplitude that keeps the rendered movie non-negative is recorded in the source bank manifest,e9c3a2d32a8bc24f638b0cb6e8fb573a72334b5e577afad9ed2b0aab5d009381
DIRECT_PHYSICAL,0.5,13,0.4999999999999999,2.220446049250313e-16,0.5987063256829237,0.6015625,0.04332445373196591,False,SUPPORTED,,signed perturbation about a positive baseline; the amplitude that keeps the rendered movie non-negative is recorded in the source bank manifest,e9c3a2d32a8bc24f638b0cb6e8fb573a72334b5e577afad9ed2b0aab5d009381
DIRECT_PHYSICAL,0.5,14,0.5,0.0,0.5987063256829237,0.58203125,0.04332445373196591,False,SUPPORTED,,signed perturbation about a positive baseline; the amplitude that keeps the rendered movie non-negative is recorded in the source bank manifest,e9c3a2d32a8bc24f638b0cb6e8fb573a72334b5e577afad9ed2b0aab5d009381
DIRECT_PHYSICAL,0.5,15,0.4999999999999999,2.220446049250313e-16,0.5987063256829237,0.587890625,0.04332445373196591,False,SUPPORTED,,signed perturbation about a positive baseline; the amplitude that keeps the rendered movie non-negative is recorded in the source bank manifest,e9c3a2d32a8bc24f638b0cb6e8fb573a72334b5e577afad9ed2b0aab5d009381
DIRECT_PHYSICAL,0.5,16,0.5,0.0,0.5987063256829237,0.578125,0.04332445373196591,False,SUPPORTED,,signed perturbation about a positive baseline; the amplitude that keeps the rendered movie non-negative is recorded in the source bank manifest,e9c3a2d32a8bc24f638b0cb6e8fb573a72334b5e577afad9ed2b0aab5d009381
DIRECT_PHYSICAL,0.5,17,0.5,0.0,0.5987063256829237,0.63671875,0.04332445373196591,False,SUPPORTED,,signed perturbation about a positive baseline; the amplitude that keeps the rendered movie non-negative is recorded in the source bank manifest,e9c3a2d32a8bc24f638b0cb6e8fb573a72334b5e577afad9ed2b0aab5d009381
DIRECT_PHYSICAL,0.5,18,0.49999999999999994,1.1102230246251565e-16,0.5987063256829237,0.6171875,0.04332445373196591,False,SUPPORTED,,signed perturbation about a positive baseline; the amplitude that keeps the rendered movie non-negative is recorded in the source bank manifest,e9c3a2d32a8bc24f638b0cb6e8fb573a72334b5e577afad9ed2b0aab5d009381
DIRECT_PHYSICAL,0.5,19,0.5,0.0,0.5987063256829237,0.607421875,0.04332445373196591,False,SUPPORTED,,signed perturbation about a positive baseline; the amplitude that keeps the rendered movie non-negative is recorded in the source bank manifest,e9c3a2d32a8bc24f638b0cb6e8fb573a72334b5e577afad9ed2b0aab5d009381
DIRECT_PHYSICAL,0.5,20,0.5000000000000001,2.220446049250313e-16,0.5987063256829237,0.576171875,0.04332445373196591,False,SUPPORTED,,signed perturbation about a positive baseline; the amplitude that keeps the rendered movie non-negative is recorded in the source bank manifest,e9c3a2d32a8bc24f638b0cb6e8fb573a72334b5e577afad9ed2b0aab5d009381
DIRECT_PHYSICAL,0.5,21,0.5,0.0,0.5987063256829237,0.583984375,0.04332445373196591,False,SUPPORTED,,signed perturbation about a positive baseline; the amplitude that keeps the rendered movie non-negative is recorded in the source bank manifest,e9c3a2d32a8bc24f638b0cb6e8fb573a72334b5e577afad9ed2b0aab5d009381
DIRECT_PHYSICAL,0.5,22,0.5,0.0,0.5987063256829237,0.5703125,0.04332445373196591,False,SUPPORTED,,signed perturbation about a positive baseline; the amplitude that keeps the rendered movie non-negative is recorded in the source bank manifest,e9c3a2d32a8bc24f638b0cb6e8fb573a72334b5e577afad9ed2b0aab5d009381
DIRECT_PHYSICAL,0.5,23,0.5000000000000001,2.220446049250313e-16,0.5987063256829237,0.5703125,0.04332445373196591,False,SUPPORTED,,signed perturbation about a positive baseline; the amplitude that keeps the rendered movie non-negative is recorded in the source bank manifest,e9c3a2d32a8bc24f638b0cb6e8fb573a72334b5e577afad9ed2b0aab5d009381
DIRECT_PHYSICAL,0.5,24,0.5000000000000001,2.220446049250313e-16,0.5987063256829237,0.5859375,0.04332445373196591,False,SUPPORTED,,signed perturbation about a positive baseline; the amplitude that keeps the rendered movie non-negative is recorded in the source bank manifest,e9c3a2d32a8bc24f638b0cb6e8fb573a72334b5e577afad9ed2b0aab5d009381
DIRECT_PHYSICAL,0.5,25,0.49999999999999994,1.1102230246251565e-16,0.5987063256829237,0.603515625,0.04332445373196591,False,SUPPORTED,,signed perturbation about a positive baseline; the amplitude that keeps the rendered movie non-negative is recorded in the source bank manifest,e9c3a2d32a8bc24f638b0cb6e8fb573a72334b5e577afad9ed2b0aab5d009381
DIRECT_PHYSICAL,0.5,26,0.4999999999999999,2.220446049250313e-16,0.5987063256829237,0.5859375,0.04332445373196591,False,SUPPORTED,,signed perturbation about a positive baseline; the amplitude that keeps the rendered movie non-negative is recorded in the source bank manifest,e9c3a2d32a8bc24f638b0cb6e8fb573a72334b5e577afad9ed2b0aab5d009381
DIRECT_PHYSICAL,0.5,27,0.5000000000000001,2.220446049250313e-16,0.5987063256829237,0.611328125,0.04332445373196591,False,SUPPORTED,,signed perturbation about a positive baseline; the amplitude that keeps the rendered movie non-negative is recorded in the source bank manifest,e9c3a2d32a8bc24f638b0cb6e8fb573a72334b5e577afad9ed2b0aab5d009381
DIRECT_PHYSICAL,0.5,28,0.49999999999999994,1.1102230246251565e-16,0.5987063256829237,0.6328125,0.04332445373196591,False,SUPPORTED,,signed perturbation about a positive baseline; the amplitude that keeps the rendered movie non-negative is recorded in the source bank manifest,e9c3a2d32a8bc24f638b0cb6e8fb573a72334b5e577afad9ed2b0aab5d009381
DIRECT_PHYSICAL,0.5,29,0.5,0.0,0.5987063256829237,0.615234375,0.04332445373196591,False,SUPPORTED,,signed perturbation about a positive baseline; the amplitude that keeps the rendered movie non-negative is recorded in the source bank manifest,e9c3a2d32a8bc24f638b0cb6e8fb573a72334b5e577afad9ed2b0aab5d009381
DIRECT_PHYSICAL,0.5,30,0.5,0.0,0.5987063256829237,0.5859375,0.04332445373196591,False,SUPPORTED,,signed perturbation about a positive baseline; the amplitude that keeps the rendered movie non-negative is recorded in the source bank manifest,e9c3a2d32a8bc24f638b0cb6e8fb573a72334b5e577afad9ed2b0aab5d009381
DIRECT_PHYSICAL,0.5,31,0.5,0.0,0.5987063256829237,0.564453125,0.04332445373196591,False,SUPPORTED,,signed perturbation about a positive baseline; the amplitude that keeps the rendered movie non-negative is recorded in the source bank manifest,e9c3a2d32a8bc24f638b0cb6e8fb573a72334b5e577afad9ed2b0aab5d009381
DIRECT_PHYSICAL,0.5,32,0.5,0.0,0.5987063256829237,0.603515625,0.04332445373196591,False,SUPPORTED,,signed perturbation about a positive baseline; the amplitude that keeps the rendered movie non-negative is recorded in the source bank manifest,e9c3a2d32a8bc24f638b0cb6e8fb573a72334b5e577afad9ed2b0aab5d009381
DIRECT_PHYSICAL,0.5,33,0.5,0.0,0.5987063256829237,0.591796875,0.04332445373196591,False,SUPPORTED,,signed perturbation about a positive baseline; the amplitude that keeps the rendered movie non-negative is recorded in the source bank manifest,e9c3a2d32a8bc24f638b0cb6e8fb573a72334b5e577afad9ed2b0aab5d009381
DIRECT_PHYSICAL,0.5,34,0.4999999999999999,2.220446049250313e-16,0.5987063256829237,0.58203125,0.04332445373196591,False,SUPPORTED,,signed perturbation about a positive baseline; the amplitude that keeps the rendered movie non-negative is recorded in the source bank manifest,e9c3a2d32a8bc24f638b0cb6e8fb573a72334b5e577afad9ed2b0aab5d009381
DIRECT_PHYSICAL,0.5,35,0.5000000000000002,4.440892098500626e-16,0.5987063256829238,0.599609375,0.0433244537319659,False,SUPPORTED,,signed perturbation about a positive baseline; the amplitude that keeps the rendered movie non-negative is recorded in the source bank manifest,e9c3a2d32a8bc24f638b0cb6e8fb573a72334b5e577afad9ed2b0aab5d009381
DIRECT_PHYSICAL,0.5,36,0.5,0.0,0.5987063256829237,0.5859375,0.04332445373196591,False,SUPPORTED,,signed perturbation about a positive baseline; the amplitude that keeps the rendered movie non-negative is recorded in the source bank manifest,e9c3a2d32a8bc24f638b0cb6e8fb573a72334b5e577afad9ed2b0aab5d009381
DIRECT_PHYSICAL,0.5,37,0.4999999999999999,2.220446049250313e-16,0.5987063256829237,0.595703125,0.04332445373196591,False,SUPPORTED,,signed perturbation about a positive baseline; the amplitude that keeps the rendered movie non-negative is recorded in the source bank manifest,e9c3a2d32a8bc24f638b0cb6e8fb573a72334b5e577afad9ed2b0aab5d009381
DIRECT_PHYSICAL,0.5,38,0.49999999999999994,1.1102230246251565e-16,0.5987063256829237,0.5859375,0.04332445373196591,False,SUPPORTED,,signed perturbation about a positive baseline; the amplitude that keeps the rendered movie non-negative is recorded in the source bank manifest,e9c3a2d32a8bc24f638b0cb6e8fb573a72334b5e577afad9ed2b0aab5d009381
DIRECT_PHYSICAL,0.5,39,0.5,0.0,0.5987063256829237,0.615234375,0.04332445373196591,False,SUPPORTED,,signed perturbation about a positive baseline; the amplitude that keeps the rendered movie non-negative is recorded in the source bank manifest,e9c3a2d32a8bc24f638b0cb6e8fb573a72334b5e577afad9ed2b0aab5d009381
DIRECT_PHYSICAL,1.0,0,1.0,0.0,0.6914624612740131,0.677734375,0.040825670340762725,False,SUPPORTED,,signed perturbation about a positive baseline; the amplitude that keeps the rendered movie non-negative is recorded in the source bank manifest,e9c3a2d32a8bc24f638b0cb6e8fb573a72334b5e577afad9ed2b0aab5d009381
DIRECT_PHYSICAL,1.0,1,0.9999999999999999,1.1102230246251565e-16,0.691462461274013,0.697265625,0.040825670340762725,False,SUPPORTED,,signed perturbation about a positive baseline; the amplitude that keeps the rendered movie non-negative is recorded in the source bank manifest,e9c3a2d32a8bc24f638b0cb6e8fb573a72334b5e577afad9ed2b0aab5d009381
DIRECT_PHYSICAL,1.0,2,1.0,0.0,0.6914624612740131,0.68359375,0.040825670340762725,False,SUPPORTED,,signed perturbation about a positive baseline; the amplitude that keeps the rendered movie non-negative is recorded in the source bank manifest,e9c3a2d32a8bc24f638b0cb6e8fb573a72334b5e577afad9ed2b0aab5d009381
DIRECT_PHYSICAL,1.0,3,1.0000000000000002,2.220446049250313e-16,0.6914624612740131,0.705078125,0.040825670340762725,False,SUPPORTED,,signed perturbation about a positive baseline; the amplitude that keeps the rendered movie non-negative is recorded in the source bank manifest,e9c3a2d32a8bc24f638b0cb6e8fb573a72334b5e577afad9ed2b0aab5d009381
DIRECT_PHYSICAL,1.0,4,1.0,0.0,0.6914624612740131,0.720703125,0.040825670340762725,False,SUPPORTED,,signed perturbation about a positive baseline; the amplitude that keeps the rendered movie non-negative is recorded in the source bank manifest,e9c3a2d32a8bc24f638b0cb6e8fb573a72334b5e577afad9ed2b0aab5d009381
DIRECT_PHYSICAL,1.0,5,1.0,0.0,0.6914624612740131,0.6875,0.040825670340762725,False,SUPPORTED,,signed perturbation about a positive baseline; the amplitude that keeps the rendered movie non-negative is recorded in the source bank manifest,e9c3a2d32a8bc24f638b0cb6e8fb573a72334b5e577afad9ed2b0aab5d009381
DIRECT_PHYSICAL,1.0,6,1.0,0.0,0.6914624612740131,0.685546875,0.040825670340762725,False,SUPPORTED,,signed perturbation about a positive baseline; the amplitude that keeps the rendered movie non-negative is recorded in the source bank manifest,e9c3a2d32a8bc24f638b0cb6e8fb573a72334b5e577afad9ed2b0aab5d009381
DIRECT_PHYSICAL,1.0,7,1.0,0.0,0.6914624612740131,0.69140625,0.040825670340762725,False,SUPPORTED,,signed perturbation about a positive baseline; the amplitude that keeps the rendered movie non-negative is recorded in the source bank manifest,e9c3a2d32a8bc24f638b0cb6e8fb573a72334b5e577afad9ed2b0aab5d009381
DIRECT_PHYSICAL,1.0,8,1.0,0.0,0.6914624612740131,0.705078125,0.040825670340762725,False,SUPPORTED,,signed perturbation about a positive baseline; the amplitude that keeps the rendered movie non-negative is recorded in the source bank manifest,e9c3a2d32a8bc24f638b0cb6e8fb573a72334b5e577afad9ed2b0aab5d009381
DIRECT_PHYSICAL,1.0,9,0.9999999999999999,1.1102230246251565e-16,0.691462461274013,0.71875,0.040825670340762725,False,SUPPORTED,,signed perturbation about a positive baseline; the amplitude that keeps the rendered movie non-negative is recorded in the source bank manifest,e9c3a2d32a8bc24f638b0cb6e8fb573a72334b5e577afad9ed2b0aab5d009381
DIRECT_PHYSICAL,1.0,10,1.0,0.0,0.6914624612740131,0.677734375,0.040825670340762725,False,SUPPORTED,,signed perturbation about a positive baseline; the amplitude that keeps the rendered movie non-negative is recorded in the source bank manifest,e9c3a2d32a8bc24f638b0cb6e8fb573a72334b5e577afad9ed2b0aab5d009381
DIRECT_PHYSICAL,1.0,11,0.9999999999999999,1.1102230246251565e-16,0.691462461274013,0.705078125,0.040825670340762725,False,SUPPORTED,,signed perturbation about a positive baseline; the amplitude that keeps the rendered movie non-negative is recorded in the source bank manifest,e9c3a2d32a8bc24f638b0cb6e8fb573a72334b5e577afad9ed2b0aab5d009381
DIRECT_PHYSICAL,1.0,12,1.0,0.0,0.6914624612740131,0.697265625,0.040825670340762725,False,SUPPORTED,,signed perturbation about a positive baseline; the amplitude that keeps the rendered movie non-negative is recorded in the source bank manifest,e9c3a2d32a8bc24f638b0cb6e8fb573a72334b5e577afad9ed2b0aab5d009381
DIRECT_PHYSICAL,1.0,13,1.0,0.0,0.6914624612740131,0.662109375,0.040825670340762725,False,SUPPORTED,,signed perturbation about a positive baseline; the amplitude that keeps the rendered movie non-negative is recorded in the source bank manifest,e9c3a2d32a8bc24f638b0cb6e8fb573a72334b5e577afad9ed2b0aab5d009381
DIRECT_PHYSICAL,1.0,14,0.9999999999999999,1.1102230246251565e-16,0.691462461274013,0.70703125,0.040825670340762725,False,SUPPORTED,,signed perturbation about a positive baseline; the amplitude that keeps the rendered movie non-negative is recorded in the source bank manifest,e9c3a2d32a8bc24f638b0cb6e8fb573a72334b5e577afad9ed2b0aab5d009381
DIRECT_PHYSICAL,1.0,15,1.0,0.0,0.6914624612740131,0.65625,0.040825670340762725,False,SUPPORTED,,signed perturbation about a positive baseline; the amplitude that keeps the rendered movie non-negative is recorded in the source bank manifest,e9c3a2d32a8bc24f638b0cb6e8fb573a72334b5e577afad9ed2b0aab5d009381
DIRECT_PHYSICAL,1.0,16,0.9999999999999998,2.220446049250313e-16,0.691462461274013,0.685546875,0.040825670340762725,False,SUPPORTED,,signed perturbation about a positive baseline; the amplitude that keeps the rendered movie non-negative is recorded in the source bank manifest,e9c3a2d32a8bc24f638b0cb6e8fb573a72334b5e577afad9ed2b0aab5d009381
DIRECT_PHYSICAL,1.0,17,0.9999999999999999,1.1102230246251565e-16,0.691462461274013,0.693359375,0.040825670340762725,False,SUPPORTED,,signed perturbation about a positive baseline; the amplitude that keeps the rendered movie non-negative is recorded in the source bank manifest,e9c3a2d32a8bc24f638b0cb6e8fb573a72334b5e577afad9ed2b0aab5d009381
DIRECT_PHYSICAL,1.0,18,1.0,0.0,0.6914624612740131,0.732421875,0.040825670340762725,True,SUPPORTED,,signed perturbation about a positive baseline; the amplitude that keeps the rendered movie non-negative is recorded in the source bank manifest,e9c3a2d32a8bc24f638b0cb6e8fb573a72334b5e577afad9ed2b0aab5d009381
DIRECT_PHYSICAL,1.0,19,0.9999999999999999,1.1102230246251565e-16,0.691462461274013,0.71484375,0.040825670340762725,False,SUPPORTED,,signed perturbation about a positive baseline; the amplitude that keeps the rendered movie non-negative is recorded in the source bank manifest,e9c3a2d32a8bc24f638b0cb6e8fb573a72334b5e577afad9ed2b0aab5d009381
DIRECT_PHYSICAL,1.0,20,0.9999999999999999,1.1102230246251565e-16,0.691462461274013,0.685546875,0.040825670340762725,False,SUPPORTED,,signed perturbation about a positive baseline; the amplitude that keeps the rendered movie non-negative is recorded in the source bank manifest,e9c3a2d32a8bc24f638b0cb6e8fb573a72334b5e577afad9ed2b0aab5d009381
DIRECT_PHYSICAL,1.0,21,0.9999999999999999,1.1102230246251565e-16,0.691462461274013,0.685546875,0.040825670340762725,False,SUPPORTED,,signed perturbation about a positive baseline; the amplitude that keeps the rendered movie non-negative is recorded in the source bank manifest,e9c3a2d32a8bc24f638b0cb6e8fb573a72334b5e577afad9ed2b0aab5d009381
DIRECT_PHYSICAL,1.0,22,0.9999999999999997,3.3306690738754696e-16,0.691462461274013,0.685546875,0.040825670340762725,False,SUPPORTED,,signed perturbation about a positive baseline; the amplitude that keeps the rendered movie non-negative is recorded in the source bank manifest,e9c3a2d32a8bc24f638b0cb6e8fb573a72334b5e577afad9ed2b0aab5d009381
DIRECT_PHYSICAL,1.0,23,0.9999999999999999,1.1102230246251565e-16,0.691462461274013,0.6796875,0.040825670340762725,False,SUPPORTED,,signed perturbation about a positive baseline; the amplitude that keeps the rendered movie non-negative is recorded in the source bank manifest,e9c3a2d32a8bc24f638b0cb6e8fb573a72334b5e577afad9ed2b0aab5d009381
DIRECT_PHYSICAL,1.0,24,0.9999999999999999,1.1102230246251565e-16,0.691462461274013,0.69140625,0.040825670340762725,False,SUPPORTED,,signed perturbation about a positive baseline; the amplitude that keeps the rendered movie non-negative is recorded in the source bank manifest,e9c3a2d32a8bc24f638b0cb6e8fb573a72334b5e577afad9ed2b0aab5d009381
DIRECT_PHYSICAL,1.0,25,1.0,0.0,0.6914624612740131,0.69140625,0.040825670340762725,False,SUPPORTED,,signed perturbation about a positive baseline; the amplitude that keeps the rendered movie non-negative is recorded in the source bank manifest,e9c3a2d32a8bc24f638b0cb6e8fb573a72334b5e577afad9ed2b0aab5d009381
DIRECT_PHYSICAL,1.0,26,0.9999999999999998,2.220446049250313e-16,0.691462461274013,0.681640625,0.040825670340762725,False,SUPPORTED,,signed perturbation about a positive baseline; the amplitude that keeps the rendered movie non-negative is recorded in the source bank manifest,e9c3a2d32a8bc24f638b0cb6e8fb573a72334b5e577afad9ed2b0aab5d009381
DIRECT_PHYSICAL,1.0,27,0.9999999999999998,2.220446049250313e-16,0.691462461274013,0.703125,0.040825670340762725,False,SUPPORTED,,signed perturbation about a positive baseline; the amplitude that keeps the rendered movie non-negative is recorded in the source bank manifest,e9c3a2d32a8bc24f638b0cb6e8fb573a72334b5e577afad9ed2b0aab5d009381
DIRECT_PHYSICAL,1.0,28,0.9999999999999998,2.220446049250313e-16,0.691462461274013,0.671875,0.040825670340762725,False,SUPPORTED,,signed perturbation about a positive baseline; the amplitude that keeps the rendered movie non-negative is recorded in the source bank manifest,e9c3a2d32a8bc24f638b0cb6e8fb573a72334b5e577afad9ed2b0aab5d009381
DIRECT_PHYSICAL,1.0,29,0.9999999999999999,1.1102230246251565e-16,0.691462461274013,0.693359375,0.040825670340762725,False,SUPPORTED,,signed perturbation about a positive baseline; the amplitude that keeps the rendered movie non-negative is recorded in the source bank manifest,e9c3a2d32a8bc24f638b0cb6e8fb573a72334b5e577afad9ed2b0aab5d009381
DIRECT_PHYSICAL,1.0,30,0.9999999999999999,1.1102230246251565e-16,0.691462461274013,0.6875,0.040825670340762725,False,SUPPORTED,,signed perturbation about a positive baseline; the amplitude that keeps the rendered movie non-negative is recorded in the source bank manifest,e9c3a2d32a8bc24f638b0cb6e8fb573a72334b5e577afad9ed2b0aab5d009381
DIRECT_PHYSICAL,1.0,31,1.0,0.0,0.6914624612740131,0.69921875,0.040825670340762725,False,SUPPORTED,,signed perturbation about a positive baseline; the amplitude that keeps the rendered movie non-negative is recorded in the source bank manifest,e9c3a2d32a8bc24f638b0cb6e8fb573a72334b5e577afad9ed2b0aab5d009381
DIRECT_PHYSICAL,1.0,32,0.9999999999999999,1.1102230246251565e-16,0.691462461274013,0.708984375,0.040825670340762725,False,SUPPORTED,,signed perturbation about a positive baseline; the amplitude that keeps the rendered movie non-negative is recorded in the source bank manifest,e9c3a2d32a8bc24f638b0cb6e8fb573a72334b5e577afad9ed2b0aab5d009381
DIRECT_PHYSICAL,1.0,33,0.9999999999999999,1.1102230246251565e-16,0.691462461274013,0.669921875,0.040825670340762725,False,SUPPORTED,,signed perturbation about a positive baseline; the amplitude that keeps the rendered movie non-negative is recorded in the source bank manifest,e9c3a2d32a8bc24f638b0cb6e8fb573a72334b5e577afad9ed2b0aab5d009381
DIRECT_PHYSICAL,1.0,34,1.0,0.0,0.6914624612740131,0.646484375,0.040825670340762725,False,SUPPORTED,,signed perturbation about a positive baseline; the amplitude that keeps the rendered movie non-negative is recorded in the source bank manifest,e9c3a2d32a8bc24f638b0cb6e8fb573a72334b5e577afad9ed2b0aab5d009381
DIRECT_PHYSICAL,1.0,35,0.9999999999999999,1.1102230246251565e-16,0.691462461274013,0.724609375,0.040825670340762725,False,SUPPORTED,,signed perturbation about a positive baseline; the amplitude that keeps the rendered movie non-negative is recorded in the source bank manifest,e9c3a2d32a8bc24f638b0cb6e8fb573a72334b5e577afad9ed2b0aab5d009381
DIRECT_PHYSICAL,1.0,36,1.0,0.0,0.6914624612740131,0.705078125,0.040825670340762725,False,SUPPORTED,,signed perturbation about a positive baseline; the amplitude that keeps the rendered movie non-negative is recorded in the source bank manifest,e9c3a2d32a8bc24f638b0cb6e8fb573a72334b5e577afad9ed2b0aab5d009381
DIRECT_PHYSICAL,1.0,37,1.0,0.0,0.6914624612740131,0.69140625,0.040825670340762725,False,SUPPORTED,,signed perturbation about a positive baseline; the amplitude that keeps the rendered movie non-negative is recorded in the source bank manifest,e9c3a2d32a8bc24f638b0cb6e8fb573a72334b5e577afad9ed2b0aab5d009381
DIRECT_PHYSICAL,1.0,38,0.9999999999999998,2.220446049250313e-16,0.691462461274013,0.689453125,0.040825670340762725,False,SUPPORTED,,signed perturbation about a positive baseline; the amplitude that keeps the rendered movie non-negative is recorded in the source bank manifest,e9c3a2d32a8bc24f638b0cb6e8fb573a72334b5e577afad9ed2b0aab5d009381
DIRECT_PHYSICAL,1.0,39,0.9999999999999997,3.3306690738754696e-16,0.691462461274013,0.6953125,0.040825670340762725,False,SUPPORTED,,signed perturbation about a positive baseline; the amplitude that keeps the rendered movie non-negative is recorded in the source bank manifest,e9c3a2d32a8bc24f638b0cb6e8fb573a72334b5e577afad9ed2b0aab5d009381
DIRECT_PHYSICAL,2.0,0,2.0,0.0,0.8413447460685429,0.859375,0.03229306285936776,False,SUPPORTED,,signed perturbation about a positive baseline; the amplitude that keeps the rendered movie non-negative is recorded in the source bank manifest,e9c3a2d32a8bc24f638b0cb6e8fb573a72334b5e577afad9ed2b0aab5d009381
DIRECT_PHYSICAL,2.0,1,2.0,0.0,0.8413447460685429,0.859375,0.03229306285936776,False,SUPPORTED,,signed perturbation about a positive baseline; the amplitude that keeps the rendered movie non-negative is recorded in the source bank manifest,e9c3a2d32a8bc24f638b0cb6e8fb573a72334b5e577afad9ed2b0aab5d009381
DIRECT_PHYSICAL,2.0,2,1.9999999999999998,1.1102230246251565e-16,0.8413447460685429,0.826171875,0.03229306285936776,False,SUPPORTED,,signed perturbation about a positive baseline; the amplitude that keeps the rendered movie non-negative is recorded in the source bank manifest,e9c3a2d32a8bc24f638b0cb6e8fb573a72334b5e577afad9ed2b0aab5d009381
DIRECT_PHYSICAL,2.0,3,2.0,0.0,0.8413447460685429,0.830078125,0.03229306285936776,False,SUPPORTED,,signed perturbation about a positive baseline; the amplitude that keeps the rendered movie non-negative is recorded in the source bank manifest,e9c3a2d32a8bc24f638b0cb6e8fb573a72334b5e577afad9ed2b0aab5d009381
DIRECT_PHYSICAL,2.0,4,2.0,0.0,0.8413447460685429,0.86328125,0.03229306285936776,False,SUPPORTED,,signed perturbation about a positive baseline; the amplitude that keeps the rendered movie non-negative is recorded in the source bank manifest,e9c3a2d32a8bc24f638b0cb6e8fb573a72334b5e577afad9ed2b0aab5d009381
DIRECT_PHYSICAL,2.0,5,1.9999999999999996,2.220446049250313e-16,0.8413447460685429,0.83203125,0.03229306285936776,False,SUPPORTED,,signed perturbation about a positive baseline; the amplitude that keeps the rendered movie non-negative is recorded in the source bank manifest,e9c3a2d32a8bc24f638b0cb6e8fb573a72334b5e577afad9ed2b0aab5d009381
DIRECT_PHYSICAL,2.0,6,2.0,0.0,0.8413447460685429,0.84375,0.03229306285936776,False,SUPPORTED,,signed perturbation about a positive baseline; the amplitude that keeps the rendered movie non-negative is recorded in the source bank manifest,e9c3a2d32a8bc24f638b0cb6e8fb573a72334b5e577afad9ed2b0aab5d009381
DIRECT_PHYSICAL,2.0,7,1.9999999999999996,2.220446049250313e-16,0.8413447460685429,0.8125,0.03229306285936776,False,SUPPORTED,,signed perturbation about a positive baseline; the amplitude that keeps the rendered movie non-negative is recorded in the source bank manifest,e9c3a2d32a8bc24f638b0cb6e8fb573a72334b5e577afad9ed2b0aab5d009381
DIRECT_PHYSICAL,2.0,8,1.9999999999999996,2.220446049250313e-16,0.8413447460685429,0.8125,0.03229306285936776,False,SUPPORTED,,signed perturbation about a positive baseline; the amplitude that keeps the rendered movie non-negative is recorded in the source bank manifest,e9c3a2d32a8bc24f638b0cb6e8fb573a72334b5e577afad9ed2b0aab5d009381
DIRECT_PHYSICAL,2.0,9,1.9999999999999998,1.1102230246251565e-16,0.8413447460685429,0.833984375,0.03229306285936776,False,SUPPORTED,,signed perturbation about a positive baseline; the amplitude that keeps the rendered movie non-negative is recorded in the source bank manifest,e9c3a2d32a8bc24f638b0cb6e8fb573a72334b5e577afad9ed2b0aab5d009381
DIRECT_PHYSICAL,2.0,10,1.9999999999999998,1.1102230246251565e-16,0.8413447460685429,0.85546875,0.03229306285936776,False,SUPPORTED,,signed perturbation about a positive baseline; the amplitude that keeps the rendered movie non-negative is recorded in the source bank manifest,e9c3a2d32a8bc24f638b0cb6e8fb573a72334b5e577afad9ed2b0aab5d009381
DIRECT_PHYSICAL,2.0,11,2.0,0.0,0.8413447460685429,0.833984375,0.03229306285936776,False,SUPPORTED,,signed perturbation about a positive baseline; the amplitude that keeps the rendered movie non-negative is recorded in the source bank manifest,e9c3a2d32a8bc24f638b0cb6e8fb573a72334b5e577afad9ed2b0aab5d009381
DIRECT_PHYSICAL,2.0,12,1.9999999999999996,2.220446049250313e-16,0.8413447460685429,0.83203125,0.03229306285936776,False,SUPPORTED,,signed perturbation about a positive baseline; the amplitude that keeps the rendered movie non-negative is recorded in the source bank manifest,e9c3a2d32a8bc24f638b0cb6e8fb573a72334b5e577afad9ed2b0aab5d009381
DIRECT_PHYSICAL,2.0,13,1.9999999999999993,3.3306690738754696e-16,0.8413447460685428,0.84765625,0.032293062859367776,False,SUPPORTED,,signed perturbation about a positive baseline; the amplitude that keeps the rendered movie non-negative is recorded in the source bank manifest,e9c3a2d32a8bc24f638b0cb6e8fb573a72334b5e577afad9ed2b0aab5d009381
DIRECT_PHYSICAL,2.0,14,2.0,0.0,0.8413447460685429,0.81640625,0.03229306285936776,False,SUPPORTED,,signed perturbation about a positive baseline; the amplitude that keeps the rendered movie non-negative is recorded in the source bank manifest,e9c3a2d32a8bc24f638b0cb6e8fb573a72334b5e577afad9ed2b0aab5d009381
DIRECT_PHYSICAL,2.0,15,2.0,0.0,0.8413447460685429,0.8203125,0.03229306285936776,False,SUPPORTED,,signed perturbation about a positive baseline; the amplitude that keeps the rendered movie non-negative is recorded in the source bank manifest,e9c3a2d32a8bc24f638b0cb6e8fb573a72334b5e577afad9ed2b0aab5d009381
DIRECT_PHYSICAL,2.0,16,2.0,0.0,0.8413447460685429,0.857421875,0.03229306285936776,False,SUPPORTED,,signed perturbation about a positive baseline; the amplitude that keeps the rendered movie non-negative is recorded in the source bank manifest,e9c3a2d32a8bc24f638b0cb6e8fb573a72334b5e577afad9ed2b0aab5d009381
DIRECT_PHYSICAL,2.0,17,2.0,0.0,0.8413447460685429,0.84375,0.03229306285936776,False,SUPPORTED,,signed perturbation about a positive baseline; the amplitude that keeps the rendered movie non-negative is recorded in the source bank manifest,e9c3a2d32a8bc24f638b0cb6e8fb573a72334b5e577afad9ed2b0aab5d009381
DIRECT_PHYSICAL,2.0,18,1.9999999999999993,3.3306690738754696e-16,0.8413447460685428,0.85546875,0.032293062859367776,False,SUPPORTED,,signed perturbation about a positive baseline; the amplitude that keeps the rendered movie non-negative is recorded in the source bank manifest,e9c3a2d32a8bc24f638b0cb6e8fb573a72334b5e577afad9ed2b0aab5d009381
DIRECT_PHYSICAL,2.0,19,1.9999999999999996,2.220446049250313e-16,0.8413447460685429,0.810546875,0.03229306285936776,False,SUPPORTED,,signed perturbation about a positive baseline; the amplitude that keeps the rendered movie non-negative is recorded in the source bank manifest,e9c3a2d32a8bc24f638b0cb6e8fb573a72334b5e577afad9ed2b0aab5d009381
DIRECT_PHYSICAL,2.0,20,2.0000000000000004,2.220446049250313e-16,0.841344746068543,0.857421875,0.032293062859367755,False,SUPPORTED,,signed perturbation about a positive baseline; the amplitude that keeps the rendered movie non-negative is recorded in the source bank manifest,e9c3a2d32a8bc24f638b0cb6e8fb573a72334b5e577afad9ed2b0aab5d009381
DIRECT_PHYSICAL,2.0,21,1.9999999999999996,2.220446049250313e-16,0.8413447460685429,0.814453125,0.03229306285936776,False,SUPPORTED,,signed perturbation about a positive baseline; the amplitude that keeps the rendered movie non-negative is recorded in the source bank manifest,e9c3a2d32a8bc24f638b0cb6e8fb573a72334b5e577afad9ed2b0aab5d009381
DIRECT_PHYSICAL,2.0,22,2.0,0.0,0.8413447460685429,0.837890625,0.03229306285936776,False,SUPPORTED,,signed perturbation about a positive baseline; the amplitude that keeps the rendered movie non-negative is recorded in the source bank manifest,e9c3a2d32a8bc24f638b0cb6e8fb573a72334b5e577afad9ed2b0aab5d009381
DIRECT_PHYSICAL,2.0,23,2.0,0.0,0.8413447460685429,0.892578125,0.03229306285936776,True,SUPPORTED,,signed perturbation about a positive baseline; the amplitude that keeps the rendered movie non-negative is recorded in the source bank manifest,e9c3a2d32a8bc24f638b0cb6e8fb573a72334b5e577afad9ed2b0aab5d009381
DIRECT_PHYSICAL,2.0,24,2.0,0.0,0.8413447460685429,0.83203125,0.03229306285936776,False,SUPPORTED,,signed perturbation about a positive baseline; the amplitude that keeps the rendered movie non-negative is recorded in the source bank manifest,e9c3a2d32a8bc24f638b0cb6e8fb573a72334b5e577afad9ed2b0aab5d009381
DIRECT_PHYSICAL,2.0,25,1.9999999999999996,2.220446049250313e-16,0.8413447460685429,0.857421875,0.03229306285936776,False,SUPPORTED,,signed perturbation about a positive baseline; the amplitude that keeps the rendered movie non-negative is recorded in the source bank manifest,e9c3a2d32a8bc24f638b0cb6e8fb573a72334b5e577afad9ed2b0aab5d009381
DIRECT_PHYSICAL,2.0,26,2.0,0.0,0.8413447460685429,0.84375,0.03229306285936776,False,SUPPORTED,,signed perturbation about a positive baseline; the amplitude that keeps the rendered movie non-negative is recorded in the source bank manifest,e9c3a2d32a8bc24f638b0cb6e8fb573a72334b5e577afad9ed2b0aab5d009381
DIRECT_PHYSICAL,2.0,27,1.9999999999999996,2.220446049250313e-16,0.8413447460685429,0.841796875,0.03229306285936776,False,SUPPORTED,,signed perturbation about a positive baseline; the amplitude that keeps the rendered movie non-negative is recorded in the source bank manifest,e9c3a2d32a8bc24f638b0cb6e8fb573a72334b5e577afad9ed2b0aab5d009381
DIRECT_PHYSICAL,2.0,28,2.0000000000000004,2.220446049250313e-16,0.841344746068543,0.83984375,0.032293062859367755,False,SUPPORTED,,signed perturbation about a positive baseline; the amplitude that keeps the rendered movie non-negative is recorded in the source bank manifest,e9c3a2d32a8bc24f638b0cb6e8fb573a72334b5e577afad9ed2b0aab5d009381
DIRECT_PHYSICAL,2.0,29,2.0,0.0,0.8413447460685429,0.82421875,0.03229306285936776,False,SUPPORTED,,signed perturbation about a positive baseline; the amplitude that keeps the rendered movie non-negative is recorded in the source bank manifest,e9c3a2d32a8bc24f638b0cb6e8fb573a72334b5e577afad9ed2b0aab5d009381
DIRECT_PHYSICAL,2.0,30,2.0,0.0,0.8413447460685429,0.8515625,0.03229306285936776,False,SUPPORTED,,signed perturbation about a positive baseline; the amplitude that keeps the rendered movie non-negative is recorded in the source bank manifest,e9c3a2d32a8bc24f638b0cb6e8fb573a72334b5e577afad9ed2b0aab5d009381
DIRECT_PHYSICAL,2.0,31,1.9999999999999998,1.1102230246251565e-16,0.8413447460685429,0.8359375,0.03229306285936776,False,SUPPORTED,,signed perturbation about a positive baseline; the amplitude that keeps the rendered movie non-negative is recorded in the source bank manifest,e9c3a2d32a8bc24f638b0cb6e8fb573a72334b5e577afad9ed2b0aab5d009381
DIRECT_PHYSICAL,2.0,32,1.9999999999999998,1.1102230246251565e-16,0.8413447460685429,0.8671875,0.03229306285936776,False,SUPPORTED,,signed perturbation about a positive baseline; the amplitude that keeps the rendered movie non-negative is recorded in the source bank manifest,e9c3a2d32a8bc24f638b0cb6e8fb573a72334b5e577afad9ed2b0aab5d009381
DIRECT_PHYSICAL,2.0,33,1.9999999999999998,1.1102230246251565e-16,0.8413447460685429,0.86328125,0.03229306285936776,False,SUPPORTED,,signed perturbation about a positive baseline; the amplitude that keeps the rendered movie non-negative is recorded in the source bank manifest,e9c3a2d32a8bc24f638b0cb6e8fb573a72334b5e577afad9ed2b0aab5d009381
DIRECT_PHYSICAL,2.0,34,2.0,0.0,0.8413447460685429,0.84375,0.03229306285936776,False,SUPPORTED,,signed perturbation about a positive baseline; the amplitude that keeps the rendered movie non-negative is recorded in the source bank manifest,e9c3a2d32a8bc24f638b0cb6e8fb573a72334b5e577afad9ed2b0aab5d009381
DIRECT_PHYSICAL,2.0,35,2.0,0.0,0.8413447460685429,0.853515625,0.03229306285936776,False,SUPPORTED,,signed perturbation about a positive baseline; the amplitude that keeps the rendered movie non-negative is recorded in the source bank manifest,e9c3a2d32a8bc24f638b0cb6e8fb573a72334b5e577afad9ed2b0aab5d009381
DIRECT_PHYSICAL,2.0,36,2.0,0.0,0.8413447460685429,0.833984375,0.03229306285936776,False,SUPPORTED,,signed perturbation about a positive baseline; the amplitude that keeps the rendered movie non-negative is recorded in the source bank manifest,e9c3a2d32a8bc24f638b0cb6e8fb573a72334b5e577afad9ed2b0aab5d009381
DIRECT_PHYSICAL,2.0,37,1.9999999999999998,1.1102230246251565e-16,0.8413447460685429,0.828125,0.03229306285936776,False,SUPPORTED,,signed perturbation about a positive baseline; the amplitude that keeps the rendered movie non-negative is recorded in the source bank manifest,e9c3a2d32a8bc24f638b0cb6e8fb573a72334b5e577afad9ed2b0aab5d009381
DIRECT_PHYSICAL,2.0,38,2.0,0.0,0.8413447460685429,0.826171875,0.03229306285936776,False,SUPPORTED,,signed perturbation about a positive baseline; the amplitude that keeps the rendered movie non-negative is recorded in the source bank manifest,e9c3a2d32a8bc24f638b0cb6e8fb573a72334b5e577afad9ed2b0aab5d009381
DIRECT_PHYSICAL,2.0,39,2.0,0.0,0.8413447460685429,0.83984375,0.03229306285936776,False,SUPPORTED,,signed perturbation about a positive baseline; the amplitude that keeps the rendered movie non-negative is recorded in the source bank manifest,e9c3a2d32a8bc24f638b0cb6e8fb573a72334b5e577afad9ed2b0aab5d009381
DIRECT_PHYSICAL,4.0,0,4.0,0.0,0.9772498680518208,0.978515625,0.013179222356053854,False,SUPPORTED,,signed perturbation about a positive baseline; the amplitude that keeps the rendered movie non-negative is recorded in the source bank manifest,e9c3a2d32a8bc24f638b0cb6e8fb573a72334b5e577afad9ed2b0aab5d009381
DIRECT_PHYSICAL,4.0,1,3.9999999999999996,1.1102230246251565e-16,0.9772498680518208,0.966796875,0.013179222356053854,False,SUPPORTED,,signed perturbation about a positive baseline; the amplitude that keeps the rendered movie non-negative is recorded in the source bank manifest,e9c3a2d32a8bc24f638b0cb6e8fb573a72334b5e577afad9ed2b0aab5d009381
DIRECT_PHYSICAL,4.0,2,4.0,0.0,0.9772498680518208,0.97265625,0.013179222356053854,False,SUPPORTED,,signed perturbation about a positive baseline; the amplitude that keeps the rendered movie non-negative is recorded in the source bank manifest,e9c3a2d32a8bc24f638b0cb6e8fb573a72334b5e577afad9ed2b0aab5d009381
DIRECT_PHYSICAL,4.0,3,4.0,0.0,0.9772498680518208,0.984375,0.013179222356053854,False,SUPPORTED,,signed perturbation about a positive baseline; the amplitude that keeps the rendered movie non-negative is recorded in the source bank manifest,e9c3a2d32a8bc24f638b0cb6e8fb573a72334b5e577afad9ed2b0aab5d009381
DIRECT_PHYSICAL,4.0,4,4.0,0.0,0.9772498680518208,0.98046875,0.013179222356053854,False,SUPPORTED,,signed perturbation about a positive baseline; the amplitude that keeps the rendered movie non-negative is recorded in the source bank manifest,e9c3a2d32a8bc24f638b0cb6e8fb573a72334b5e577afad9ed2b0aab5d009381
DIRECT_PHYSICAL,4.0,5,4.0,0.0,0.9772498680518208,0.962890625,0.013179222356053854,False,SUPPORTED,,signed perturbation about a positive baseline; the amplitude that keeps the rendered movie non-negative is recorded in the source bank manifest,e9c3a2d32a8bc24f638b0cb6e8fb573a72334b5e577afad9ed2b0aab5d009381
DIRECT_PHYSICAL,4.0,6,3.9999999999999996,1.1102230246251565e-16,0.9772498680518208,0.9765625,0.013179222356053854,False,SUPPORTED,,signed perturbation about a positive baseline; the amplitude that keeps the rendered movie non-negative is recorded in the source bank manifest,e9c3a2d32a8bc24f638b0cb6e8fb573a72334b5e577afad9ed2b0aab5d009381
DIRECT_PHYSICAL,4.0,7,3.9999999999999996,1.1102230246251565e-16,0.9772498680518208,0.9765625,0.013179222356053854,False,SUPPORTED,,signed perturbation about a positive baseline; the amplitude that keeps the rendered movie non-negative is recorded in the source bank manifest,e9c3a2d32a8bc24f638b0cb6e8fb573a72334b5e577afad9ed2b0aab5d009381
DIRECT_PHYSICAL,4.0,8,3.999999999999999,2.220446049250313e-16,0.9772498680518208,0.974609375,0.013179222356053854,False,SUPPORTED,,signed perturbation about a positive baseline; the amplitude that keeps the rendered movie non-negative is recorded in the source bank manifest,e9c3a2d32a8bc24f638b0cb6e8fb573a72334b5e577afad9ed2b0aab5d009381
DIRECT_PHYSICAL,4.0,9,3.9999999999999987,3.3306690738754696e-16,0.9772498680518208,0.9921875,0.013179222356053854,True,SUPPORTED,,signed perturbation about a positive baseline; the amplitude that keeps the rendered movie non-negative is recorded in the source bank manifest,e9c3a2d32a8bc24f638b0cb6e8fb573a72334b5e577afad9ed2b0aab5d009381
DIRECT_PHYSICAL,4.0,10,4.0,0.0,0.9772498680518208,0.978515625,0.013179222356053854,False,SUPPORTED,,signed perturbation about a positive baseline; the amplitude that keeps the rendered movie non-negative is recorded in the source bank manifest,e9c3a2d32a8bc24f638b0cb6e8fb573a72334b5e577afad9ed2b0aab5d009381
DIRECT_PHYSICAL,4.0,11,4.0,0.0,0.9772498680518208,0.970703125,0.013179222356053854,False,SUPPORTED,,signed perturbation about a positive baseline; the amplitude that keeps the rendered movie non-negative is recorded in the source bank manifest,e9c3a2d32a8bc24f638b0cb6e8fb573a72334b5e577afad9ed2b0aab5d009381
DIRECT_PHYSICAL,4.0,12,4.000000000000001,2.220446049250313e-16,0.9772498680518208,0.966796875,0.013179222356053854,False,SUPPORTED,,signed perturbation about a positive baseline; the amplitude that keeps the rendered movie non-negative is recorded in the source bank manifest,e9c3a2d32a8bc24f638b0cb6e8fb573a72334b5e577afad9ed2b0aab5d009381
DIRECT_PHYSICAL,4.0,13,3.999999999999999,2.220446049250313e-16,0.9772498680518208,0.974609375,0.013179222356053854,False,SUPPORTED,,signed perturbation about a positive baseline; the amplitude that keeps the rendered movie non-negative is recorded in the source bank manifest,e9c3a2d32a8bc24f638b0cb6e8fb573a72334b5e577afad9ed2b0aab5d009381
DIRECT_PHYSICAL,4.0,14,4.000000000000001,2.220446049250313e-16,0.9772498680518208,0.974609375,0.013179222356053854,False,SUPPORTED,,signed perturbation about a positive baseline; the amplitude that keeps the rendered movie non-negative is recorded in the source bank manifest,e9c3a2d32a8bc24f638b0cb6e8fb573a72334b5e577afad9ed2b0aab5d009381
DIRECT_PHYSICAL,4.0,15,3.9999999999999996,1.1102230246251565e-16,0.9772498680518208,0.9765625,0.013179222356053854,False,SUPPORTED,,signed perturbation about a positive baseline; the amplitude that keeps the rendered movie non-negative is recorded in the source bank manifest,e9c3a2d32a8bc24f638b0cb6e8fb573a72334b5e577afad9ed2b0aab5d009381
DIRECT_PHYSICAL,4.0,16,3.9999999999999996,1.1102230246251565e-16,0.9772498680518208,0.978515625,0.013179222356053854,False,SUPPORTED,,signed perturbation about a positive baseline; the amplitude that keeps the rendered movie non-negative is recorded in the source bank manifest,e9c3a2d32a8bc24f638b0cb6e8fb573a72334b5e577afad9ed2b0aab5d009381
DIRECT_PHYSICAL,4.0,17,4.000000000000001,2.220446049250313e-16,0.9772498680518208,0.970703125,0.013179222356053854,False,SUPPORTED,,signed perturbation about a positive baseline; the amplitude that keeps the rendered movie non-negative is recorded in the source bank manifest,e9c3a2d32a8bc24f638b0cb6e8fb573a72334b5e577afad9ed2b0aab5d009381
DIRECT_PHYSICAL,4.0,18,4.000000000000001,2.220446049250313e-16,0.9772498680518208,0.982421875,0.013179222356053854,False,SUPPORTED,,signed perturbation about a positive baseline; the amplitude that keeps the rendered movie non-negative is recorded in the source bank manifest,e9c3a2d32a8bc24f638b0cb6e8fb573a72334b5e577afad9ed2b0aab5d009381
DIRECT_PHYSICAL,4.0,19,4.0,0.0,0.9772498680518208,0.982421875,0.013179222356053854,False,SUPPORTED,,signed perturbation about a positive baseline; the amplitude that keeps the rendered movie non-negative is recorded in the source bank manifest,e9c3a2d32a8bc24f638b0cb6e8fb573a72334b5e577afad9ed2b0aab5d009381
DIRECT_PHYSICAL,4.0,20,4.0,0.0,0.9772498680518208,0.986328125,0.013179222356053854,False,SUPPORTED,,signed perturbation about a positive baseline; the amplitude that keeps the rendered movie non-negative is recorded in the source bank manifest,e9c3a2d32a8bc24f638b0cb6e8fb573a72334b5e577afad9ed2b0aab5d009381
DIRECT_PHYSICAL,4.0,21,4.0,0.0,0.9772498680518208,0.978515625,0.013179222356053854,False,SUPPORTED,,signed perturbation about a positive baseline; the amplitude that keeps the rendered movie non-negative is recorded in the source bank manifest,e9c3a2d32a8bc24f638b0cb6e8fb573a72334b5e577afad9ed2b0aab5d009381
DIRECT_PHYSICAL,4.0,22,4.0,0.0,0.9772498680518208,0.974609375,0.013179222356053854,False,SUPPORTED,,signed perturbation about a positive baseline; the amplitude that keeps the rendered movie non-negative is recorded in the source bank manifest,e9c3a2d32a8bc24f638b0cb6e8fb573a72334b5e577afad9ed2b0aab5d009381
DIRECT_PHYSICAL,4.0,23,3.999999999999999,2.220446049250313e-16,0.9772498680518208,0.9765625,0.013179222356053854,False,SUPPORTED,,signed perturbation about a positive baseline; the amplitude that keeps the rendered movie non-negative is recorded in the source bank manifest,e9c3a2d32a8bc24f638b0cb6e8fb573a72334b5e577afad9ed2b0aab5d009381
DIRECT_PHYSICAL,4.0,24,3.9999999999999996,1.1102230246251565e-16,0.9772498680518208,0.98046875,0.013179222356053854,False,SUPPORTED,,signed perturbation about a positive baseline; the amplitude that keeps the rendered movie non-negative is recorded in the source bank manifest,e9c3a2d32a8bc24f638b0cb6e8fb573a72334b5e577afad9ed2b0aab5d009381
DIRECT_PHYSICAL,4.0,25,3.999999999999999,2.220446049250313e-16,0.9772498680518208,0.970703125,0.013179222356053854,False,SUPPORTED,,signed perturbation about a positive baseline; the amplitude that keeps the rendered movie non-negative is recorded in the source bank manifest,e9c3a2d32a8bc24f638b0cb6e8fb573a72334b5e577afad9ed2b0aab5d009381
DIRECT_PHYSICAL,4.0,26,3.9999999999999996,1.1102230246251565e-16,0.9772498680518208,0.974609375,0.013179222356053854,False,SUPPORTED,,signed perturbation about a positive baseline; the amplitude that keeps the rendered movie non-negative is recorded in the source bank manifest,e9c3a2d32a8bc24f638b0cb6e8fb573a72334b5e577afad9ed2b0aab5d009381
DIRECT_PHYSICAL,4.0,27,3.9999999999999996,1.1102230246251565e-16,0.9772498680518208,0.974609375,0.013179222356053854,False,SUPPORTED,,signed perturbation about a positive baseline; the amplitude that keeps the rendered movie non-negative is recorded in the source bank manifest,e9c3a2d32a8bc24f638b0cb6e8fb573a72334b5e577afad9ed2b0aab5d009381
DIRECT_PHYSICAL,4.0,28,3.9999999999999996,1.1102230246251565e-16,0.9772498680518208,0.984375,0.013179222356053854,False,SUPPORTED,,signed perturbation about a positive baseline; the amplitude that keeps the rendered movie non-negative is recorded in the source bank manifest,e9c3a2d32a8bc24f638b0cb6e8fb573a72334b5e577afad9ed2b0aab5d009381
DIRECT_PHYSICAL,4.0,29,4.0,0.0,0.9772498680518208,0.96875,0.013179222356053854,False,SUPPORTED,,signed perturbation about a positive baseline; the amplitude that keeps the rendered movie non-negative is recorded in the source bank manifest,e9c3a2d32a8bc24f638b0cb6e8fb573a72334b5e577afad9ed2b0aab5d009381
DIRECT_PHYSICAL,4.0,30,4.0,0.0,0.9772498680518208,0.978515625,0.013179222356053854,False,SUPPORTED,,signed perturbation about a positive baseline; the amplitude that keeps the rendered movie non-negative is recorded in the source bank manifest,e9c3a2d32a8bc24f638b0cb6e8fb573a72334b5e577afad9ed2b0aab5d009381
DIRECT_PHYSICAL,4.0,31,4.0,0.0,0.9772498680518208,0.978515625,0.013179222356053854,False,SUPPORTED,,signed perturbation about a positive baseline; the amplitude that keeps the rendered movie non-negative is recorded in the source bank manifest,e9c3a2d32a8bc24f638b0cb6e8fb573a72334b5e577afad9ed2b0aab5d009381
DIRECT_PHYSICAL,4.0,32,4.0,0.0,0.9772498680518208,0.974609375,0.013179222356053854,False,SUPPORTED,,signed perturbation about a positive baseline; the amplitude that keeps the rendered movie non-negative is recorded in the source bank manifest,e9c3a2d32a8bc24f638b0cb6e8fb573a72334b5e577afad9ed2b0aab5d009381
DIRECT_PHYSICAL,4.0,33,4.0,0.0,0.9772498680518208,0.966796875,0.013179222356053854,False,SUPPORTED,,signed perturbation about a positive baseline; the amplitude that keeps the rendered movie non-negative is recorded in the source bank manifest,e9c3a2d32a8bc24f638b0cb6e8fb573a72334b5e577afad9ed2b0aab5d009381
DIRECT_PHYSICAL,4.0,34,3.9999999999999996,1.1102230246251565e-16,0.9772498680518208,0.978515625,0.013179222356053854,False,SUPPORTED,,signed perturbation about a positive baseline; the amplitude that keeps the rendered movie non-negative is recorded in the source bank manifest,e9c3a2d32a8bc24f638b0cb6e8fb573a72334b5e577afad9ed2b0aab5d009381
DIRECT_PHYSICAL,4.0,35,4.0,0.0,0.9772498680518208,0.97265625,0.013179222356053854,False,SUPPORTED,,signed perturbation about a positive baseline; the amplitude that keeps the rendered movie non-negative is recorded in the source bank manifest,e9c3a2d32a8bc24f638b0cb6e8fb573a72334b5e577afad9ed2b0aab5d009381
DIRECT_PHYSICAL,4.0,36,3.9999999999999987,3.3306690738754696e-16,0.9772498680518208,0.984375,0.013179222356053854,False,SUPPORTED,,signed perturbation about a positive baseline; the amplitude that keeps the rendered movie non-negative is recorded in the source bank manifest,e9c3a2d32a8bc24f638b0cb6e8fb573a72334b5e577afad9ed2b0aab5d009381
DIRECT_PHYSICAL,4.0,37,3.9999999999999996,1.1102230246251565e-16,0.9772498680518208,0.978515625,0.013179222356053854,False,SUPPORTED,,signed perturbation about a positive baseline; the amplitude that keeps the rendered movie non-negative is recorded in the source bank manifest,e9c3a2d32a8bc24f638b0cb6e8fb573a72334b5e577afad9ed2b0aab5d009381
DIRECT_PHYSICAL,4.0,38,4.000000000000001,2.220446049250313e-16,0.9772498680518208,0.96484375,0.013179222356053854,False,SUPPORTED,,signed perturbation about a positive baseline; the amplitude that keeps the rendered movie non-negative is recorded in the source bank manifest,e9c3a2d32a8bc24f638b0cb6e8fb573a72334b5e577afad9ed2b0aab5d009381
DIRECT_PHYSICAL,4.0,39,4.0,0.0,0.9772498680518208,0.986328125,0.013179222356053854,False,SUPPORTED,,signed perturbation about a positive baseline; the amplitude that keeps the rendered movie non-negative is recorded in the source bank manifest,e9c3a2d32a8bc24f638b0cb6e8fb573a72334b5e577afad9ed2b0aab5d009381
RESOLVED_PHYSICAL,0.25,0,0.25,0.0,0.5497382248301129,0.513671875,0.04397496704365141,False,SUPPORTED,,signed perturbation about a positive baseline; the amplitude that keeps the rendered movie non-negative is recorded in the source bank manifest,e9c3a2d32a8bc24f638b0cb6e8fb573a72334b5e577afad9ed2b0aab5d009381
RESOLVED_PHYSICAL,0.25,1,0.25,0.0,0.5497382248301129,0.51953125,0.04397496704365141,False,SUPPORTED,,signed perturbation about a positive baseline; the amplitude that keeps the rendered movie non-negative is recorded in the source bank manifest,e9c3a2d32a8bc24f638b0cb6e8fb573a72334b5e577afad9ed2b0aab5d009381
RESOLVED_PHYSICAL,0.25,2,0.25,0.0,0.5497382248301129,0.55078125,0.04397496704365141,False,SUPPORTED,,signed perturbation about a positive baseline; the amplitude that keeps the rendered movie non-negative is recorded in the source bank manifest,e9c3a2d32a8bc24f638b0cb6e8fb573a72334b5e577afad9ed2b0aab5d009381
RESOLVED_PHYSICAL,0.25,3,0.2499999999999999,4.440892098500626e-16,0.5497382248301129,0.517578125,0.04397496704365141,False,SUPPORTED,,signed perturbation about a positive baseline; the amplitude that keeps the rendered movie non-negative is recorded in the source bank manifest,e9c3a2d32a8bc24f638b0cb6e8fb573a72334b5e577afad9ed2b0aab5d009381
RESOLVED_PHYSICAL,0.25,4,0.25,0.0,0.5497382248301129,0.51953125,0.04397496704365141,False,SUPPORTED,,signed perturbation about a positive baseline; the amplitude that keeps the rendered movie non-negative is recorded in the source bank manifest,e9c3a2d32a8bc24f638b0cb6e8fb573a72334b5e577afad9ed2b0aab5d009381
RESOLVED_PHYSICAL,0.25,5,0.25,0.0,0.5497382248301129,0.5859375,0.04397496704365141,False,SUPPORTED,,signed perturbation about a positive baseline; the amplitude that keeps the rendered movie non-negative is recorded in the source bank manifest,e9c3a2d32a8bc24f638b0cb6e8fb573a72334b5e577afad9ed2b0aab5d009381
RESOLVED_PHYSICAL,0.25,6,0.25,0.0,0.5497382248301129,0.533203125,0.04397496704365141,False,SUPPORTED,,signed perturbation about a positive baseline; the amplitude that keeps the rendered movie non-negative is recorded in the source bank manifest,e9c3a2d32a8bc24f638b0cb6e8fb573a72334b5e577afad9ed2b0aab5d009381
RESOLVED_PHYSICAL,0.25,7,0.25,0.0,0.5497382248301129,0.52734375,0.04397496704365141,False,SUPPORTED,,signed perturbation about a positive baseline; the amplitude that keeps the rendered movie non-negative is recorded in the source bank manifest,e9c3a2d32a8bc24f638b0cb6e8fb573a72334b5e577afad9ed2b0aab5d009381
RESOLVED_PHYSICAL,0.25,8,0.25,0.0,0.5497382248301129,0.603515625,0.04397496704365141,True,SUPPORTED,,signed perturbation about a positive baseline; the amplitude that keeps the rendered movie non-negative is recorded in the source bank manifest,e9c3a2d32a8bc24f638b0cb6e8fb573a72334b5e577afad9ed2b0aab5d009381
RESOLVED_PHYSICAL,0.25,9,0.25,0.0,0.5497382248301129,0.578125,0.04397496704365141,False,SUPPORTED,,signed perturbation about a positive baseline; the amplitude that keeps the rendered movie non-negative is recorded in the source bank manifest,e9c3a2d32a8bc24f638b0cb6e8fb573a72334b5e577afad9ed2b0aab5d009381
RESOLVED_PHYSICAL,0.25,10,0.25000000000000006,2.220446049250313e-16,0.5497382248301129,0.560546875,0.04397496704365141,False,SUPPORTED,,signed perturbation about a positive baseline; the amplitude that keeps the rendered movie non-negative is recorded in the source bank manifest,e9c3a2d32a8bc24f638b0cb6e8fb573a72334b5e577afad9ed2b0aab5d009381
RESOLVED_PHYSICAL,0.25,11,0.24999999999999997,1.1102230246251565e-16,0.5497382248301129,0.53125,0.04397496704365141,False,SUPPORTED,,signed perturbation about a positive baseline; the amplitude that keeps the rendered movie non-negative is recorded in the source bank manifest,e9c3a2d32a8bc24f638b0cb6e8fb573a72334b5e577afad9ed2b0aab5d009381
RESOLVED_PHYSICAL,0.25,12,0.25000000000000006,2.220446049250313e-16,0.5497382248301129,0.591796875,0.04397496704365141,False,SUPPORTED,,signed perturbation about a positive baseline; the amplitude that keeps the rendered movie non-negative is recorded in the source bank manifest,e9c3a2d32a8bc24f638b0cb6e8fb573a72334b5e577afad9ed2b0aab5d009381
RESOLVED_PHYSICAL,0.25,13,0.25,0.0,0.5497382248301129,0.556640625,0.04397496704365141,False,SUPPORTED,,signed perturbation about a positive baseline; the amplitude that keeps the rendered movie non-negative is recorded in the source bank manifest,e9c3a2d32a8bc24f638b0cb6e8fb573a72334b5e577afad9ed2b0aab5d009381
RESOLVED_PHYSICAL,0.25,14,0.25,0.0,0.5497382248301129,0.537109375,0.04397496704365141,False,SUPPORTED,,signed perturbation about a positive baseline; the amplitude that keeps the rendered movie non-negative is recorded in the source bank manifest,e9c3a2d32a8bc24f638b0cb6e8fb573a72334b5e577afad9ed2b0aab5d009381
RESOLVED_PHYSICAL,0.25,15,0.25,0.0,0.5497382248301129,0.55078125,0.04397496704365141,False,SUPPORTED,,signed perturbation about a positive baseline; the amplitude that keeps the rendered movie non-negative is recorded in the source bank manifest,e9c3a2d32a8bc24f638b0cb6e8fb573a72334b5e577afad9ed2b0aab5d009381
RESOLVED_PHYSICAL,0.25,16,0.25000000000000006,2.220446049250313e-16,0.5497382248301129,0.51953125,0.04397496704365141,False,SUPPORTED,,signed perturbation about a positive baseline; the amplitude that keeps the rendered movie non-negative is recorded in the source bank manifest,e9c3a2d32a8bc24f638b0cb6e8fb573a72334b5e577afad9ed2b0aab5d009381
RESOLVED_PHYSICAL,0.25,17,0.25,0.0,0.5497382248301129,0.529296875,0.04397496704365141,False,SUPPORTED,,signed perturbation about a positive baseline; the amplitude that keeps the rendered movie non-negative is recorded in the source bank manifest,e9c3a2d32a8bc24f638b0cb6e8fb573a72334b5e577afad9ed2b0aab5d009381
RESOLVED_PHYSICAL,0.25,18,0.24999999999999992,3.3306690738754696e-16,0.5497382248301129,0.59375,0.04397496704365141,True,SUPPORTED,,signed perturbation about a positive baseline; the amplitude that keeps the rendered movie non-negative is recorded in the source bank manifest,e9c3a2d32a8bc24f638b0cb6e8fb573a72334b5e577afad9ed2b0aab5d009381
RESOLVED_PHYSICAL,0.25,19,0.25,0.0,0.5497382248301129,0.560546875,0.04397496704365141,False,SUPPORTED,,signed perturbation about a positive baseline; the amplitude that keeps the rendered movie non-negative is recorded in the source bank manifest,e9c3a2d32a8bc24f638b0cb6e8fb573a72334b5e577afad9ed2b0aab5d009381
RESOLVED_PHYSICAL,0.25,20,0.25000000000000006,2.220446049250313e-16,0.5497382248301129,0.564453125,0.04397496704365141,False,SUPPORTED,,signed perturbation about a positive baseline; the amplitude that keeps the rendered movie non-negative is recorded in the source bank manifest,e9c3a2d32a8bc24f638b0cb6e8fb573a72334b5e577afad9ed2b0aab5d009381
RESOLVED_PHYSICAL,0.25,21,0.25,0.0,0.5497382248301129,0.560546875,0.04397496704365141,False,SUPPORTED,,signed perturbation about a positive baseline; the amplitude that keeps the rendered movie non-negative is recorded in the source bank manifest,e9c3a2d32a8bc24f638b0cb6e8fb573a72334b5e577afad9ed2b0aab5d009381
RESOLVED_PHYSICAL,0.25,22,0.2500000000000001,4.440892098500626e-16,0.5497382248301129,0.552734375,0.04397496704365141,False,SUPPORTED,,signed perturbation about a positive baseline; the amplitude that keeps the rendered movie non-negative is recorded in the source bank manifest,e9c3a2d32a8bc24f638b0cb6e8fb573a72334b5e577afad9ed2b0aab5d009381
RESOLVED_PHYSICAL,0.25,23,0.24999999999999997,1.1102230246251565e-16,0.5497382248301129,0.587890625,0.04397496704365141,False,SUPPORTED,,signed perturbation about a positive baseline; the amplitude that keeps the rendered movie non-negative is recorded in the source bank manifest,e9c3a2d32a8bc24f638b0cb6e8fb573a72334b5e577afad9ed2b0aab5d009381
RESOLVED_PHYSICAL,0.25,24,0.25,0.0,0.5497382248301129,0.513671875,0.04397496704365141,False,SUPPORTED,,signed perturbation about a positive baseline; the amplitude that keeps the rendered movie non-negative is recorded in the source bank manifest,e9c3a2d32a8bc24f638b0cb6e8fb573a72334b5e577afad9ed2b0aab5d009381
RESOLVED_PHYSICAL,0.25,25,0.24999999999999997,1.1102230246251565e-16,0.5497382248301129,0.5234375,0.04397496704365141,False,SUPPORTED,,signed perturbation about a positive baseline; the amplitude that keeps the rendered movie non-negative is recorded in the source bank manifest,e9c3a2d32a8bc24f638b0cb6e8fb573a72334b5e577afad9ed2b0aab5d009381
RESOLVED_PHYSICAL,0.25,26,0.25,0.0,0.5497382248301129,0.5546875,0.04397496704365141,False,SUPPORTED,,signed perturbation about a positive baseline; the amplitude that keeps the rendered movie non-negative is recorded in the source bank manifest,e9c3a2d32a8bc24f638b0cb6e8fb573a72334b5e577afad9ed2b0aab5d009381
RESOLVED_PHYSICAL,0.25,27,0.25000000000000006,2.220446049250313e-16,0.5497382248301129,0.544921875,0.04397496704365141,False,SUPPORTED,,signed perturbation about a positive baseline; the amplitude that keeps the rendered movie non-negative is recorded in the source bank manifest,e9c3a2d32a8bc24f638b0cb6e8fb573a72334b5e577afad9ed2b0aab5d009381
RESOLVED_PHYSICAL,0.25,28,0.25000000000000006,2.220446049250313e-16,0.5497382248301129,0.52734375,0.04397496704365141,False,SUPPORTED,,signed perturbation about a positive baseline; the amplitude that keeps the rendered movie non-negative is recorded in the source bank manifest,e9c3a2d32a8bc24f638b0cb6e8fb573a72334b5e577afad9ed2b0aab5d009381
RESOLVED_PHYSICAL,0.25,29,0.25000000000000006,2.220446049250313e-16,0.5497382248301129,0.54296875,0.04397496704365141,False,SUPPORTED,,signed perturbation about a positive baseline; the amplitude that keeps the rendered movie non-negative is recorded in the source bank manifest,e9c3a2d32a8bc24f638b0cb6e8fb573a72334b5e577afad9ed2b0aab5d009381
RESOLVED_PHYSICAL,0.25,30,0.25,0.0,0.5497382248301129,0.5390625,0.04397496704365141,False,SUPPORTED,,signed perturbation about a positive baseline; the amplitude that keeps the rendered movie non-negative is recorded in the source bank manifest,e9c3a2d32a8bc24f638b0cb6e8fb573a72334b5e577afad9ed2b0aab5d009381
RESOLVED_PHYSICAL,0.25,31,0.24999999999999994,2.220446049250313e-16,0.5497382248301129,0.525390625,0.04397496704365141,False,SUPPORTED,,signed perturbation about a positive baseline; the amplitude that keeps the rendered movie non-negative is recorded in the source bank manifest,e9c3a2d32a8bc24f638b0cb6e8fb573a72334b5e577afad9ed2b0aab5d009381
RESOLVED_PHYSICAL,0.25,32,0.24999999999999997,1.1102230246251565e-16,0.5497382248301129,0.53515625,0.04397496704365141,False,SUPPORTED,,signed perturbation about a positive baseline; the amplitude that keeps the rendered movie non-negative is recorded in the source bank manifest,e9c3a2d32a8bc24f638b0cb6e8fb573a72334b5e577afad9ed2b0aab5d009381
RESOLVED_PHYSICAL,0.25,33,0.25,0.0,0.5497382248301129,0.501953125,0.04397496704365141,False,SUPPORTED,,signed perturbation about a positive baseline; the amplitude that keeps the rendered movie non-negative is recorded in the source bank manifest,e9c3a2d32a8bc24f638b0cb6e8fb573a72334b5e577afad9ed2b0aab5d009381
RESOLVED_PHYSICAL,0.25,34,0.25,0.0,0.5497382248301129,0.53515625,0.04397496704365141,False,SUPPORTED,,signed perturbation about a positive baseline; the amplitude that keeps the rendered movie non-negative is recorded in the source bank manifest,e9c3a2d32a8bc24f638b0cb6e8fb573a72334b5e577afad9ed2b0aab5d009381
RESOLVED_PHYSICAL,0.25,35,0.25,0.0,0.5497382248301129,0.552734375,0.04397496704365141,False,SUPPORTED,,signed perturbation about a positive baseline; the amplitude that keeps the rendered movie non-negative is recorded in the source bank manifest,e9c3a2d32a8bc24f638b0cb6e8fb573a72334b5e577afad9ed2b0aab5d009381
RESOLVED_PHYSICAL,0.25,36,0.24999999999999997,1.1102230246251565e-16,0.5497382248301129,0.583984375,0.04397496704365141,False,SUPPORTED,,signed perturbation about a positive baseline; the amplitude that keeps the rendered movie non-negative is recorded in the source bank manifest,e9c3a2d32a8bc24f638b0cb6e8fb573a72334b5e577afad9ed2b0aab5d009381
RESOLVED_PHYSICAL,0.25,37,0.24999999999999994,2.220446049250313e-16,0.5497382248301129,0.537109375,0.04397496704365141,False,SUPPORTED,,signed perturbation about a positive baseline; the amplitude that keeps the rendered movie non-negative is recorded in the source bank manifest,e9c3a2d32a8bc24f638b0cb6e8fb573a72334b5e577afad9ed2b0aab5d009381
RESOLVED_PHYSICAL,0.25,38,0.25000000000000006,2.220446049250313e-16,0.5497382248301129,0.591796875,0.04397496704365141,False,SUPPORTED,,signed perturbation about a positive baseline; the amplitude that keeps the rendered movie non-negative is recorded in the source bank manifest,e9c3a2d32a8bc24f638b0cb6e8fb573a72334b5e577afad9ed2b0aab5d009381
RESOLVED_PHYSICAL,0.25,39,0.24999999999999986,5.551115123125783e-16,0.5497382248301128,0.490234375,0.04397496704365141,False,SUPPORTED,,signed perturbation about a positive baseline; the amplitude that keeps the rendered movie non-negative is recorded in the source bank manifest,e9c3a2d32a8bc24f638b0cb6e8fb573a72334b5e577afad9ed2b0aab5d009381
RESOLVED_PHYSICAL,0.5,0,0.5,0.0,0.5987063256829237,0.59375,0.04332445373196591,False,SUPPORTED,,signed perturbation about a positive baseline; the amplitude that keeps the rendered movie non-negative is recorded in the source bank manifest,e9c3a2d32a8bc24f638b0cb6e8fb573a72334b5e577afad9ed2b0aab5d009381
RESOLVED_PHYSICAL,0.5,1,0.49999999999999994,1.1102230246251565e-16,0.5987063256829237,0.61328125,0.04332445373196591,False,SUPPORTED,,signed perturbation about a positive baseline; the amplitude that keeps the rendered movie non-negative is recorded in the source bank manifest,e9c3a2d32a8bc24f638b0cb6e8fb573a72334b5e577afad9ed2b0aab5d009381
RESOLVED_PHYSICAL,0.5,2,0.5,0.0,0.5987063256829237,0.603515625,0.04332445373196591,False,SUPPORTED,,signed perturbation about a positive baseline; the amplitude that keeps the rendered movie non-negative is recorded in the source bank manifest,e9c3a2d32a8bc24f638b0cb6e8fb573a72334b5e577afad9ed2b0aab5d009381
RESOLVED_PHYSICAL,0.5,3,0.49999999999999983,3.3306690738754696e-16,0.5987063256829237,0.607421875,0.04332445373196591,False,SUPPORTED,,signed perturbation about a positive baseline; the amplitude that keeps the rendered movie non-negative is recorded in the source bank manifest,e9c3a2d32a8bc24f638b0cb6e8fb573a72334b5e577afad9ed2b0aab5d009381
RESOLVED_PHYSICAL,0.5,4,0.5,0.0,0.5987063256829237,0.603515625,0.04332445373196591,False,SUPPORTED,,signed perturbation about a positive baseline; the amplitude that keeps the rendered movie non-negative is recorded in the source bank manifest,e9c3a2d32a8bc24f638b0cb6e8fb573a72334b5e577afad9ed2b0aab5d009381
RESOLVED_PHYSICAL,0.5,5,0.4999999999999999,2.220446049250313e-16,0.5987063256829237,0.58984375,0.04332445373196591,False,SUPPORTED,,signed perturbation about a positive baseline; the amplitude that keeps the rendered movie non-negative is recorded in the source bank manifest,e9c3a2d32a8bc24f638b0cb6e8fb573a72334b5e577afad9ed2b0aab5d009381
RESOLVED_PHYSICAL,0.5,6,0.5,0.0,0.5987063256829237,0.56640625,0.04332445373196591,False,SUPPORTED,,signed perturbation about a positive baseline; the amplitude that keeps the rendered movie non-negative is recorded in the source bank manifest,e9c3a2d32a8bc24f638b0cb6e8fb573a72334b5e577afad9ed2b0aab5d009381
RESOLVED_PHYSICAL,0.5,7,0.5,0.0,0.5987063256829237,0.60546875,0.04332445373196591,False,SUPPORTED,,signed perturbation about a positive baseline; the amplitude that keeps the rendered movie non-negative is recorded in the source bank manifest,e9c3a2d32a8bc24f638b0cb6e8fb573a72334b5e577afad9ed2b0aab5d009381
RESOLVED_PHYSICAL,0.5,8,0.4999999999999999,2.220446049250313e-16,0.5987063256829237,0.6015625,0.04332445373196591,False,SUPPORTED,,signed perturbation about a positive baseline; the amplitude that keeps the rendered movie non-negative is recorded in the source bank manifest,e9c3a2d32a8bc24f638b0cb6e8fb573a72334b5e577afad9ed2b0aab5d009381
RESOLVED_PHYSICAL,0.5,9,0.5,0.0,0.5987063256829237,0.61328125,0.04332445373196591,False,SUPPORTED,,signed perturbation about a positive baseline; the amplitude that keeps the rendered movie non-negative is recorded in the source bank manifest,e9c3a2d32a8bc24f638b0cb6e8fb573a72334b5e577afad9ed2b0aab5d009381
RESOLVED_PHYSICAL,0.5,10,0.49999999999999994,1.1102230246251565e-16,0.5987063256829237,0.6171875,0.04332445373196591,False,SUPPORTED,,signed perturbation about a positive baseline; the amplitude that keeps the rendered movie non-negative is recorded in the source bank manifest,e9c3a2d32a8bc24f638b0cb6e8fb573a72334b5e577afad9ed2b0aab5d009381
RESOLVED_PHYSICAL,0.5,11,0.5,0.0,0.5987063256829237,0.591796875,0.04332445373196591,False,SUPPORTED,,signed perturbation about a positive baseline; the amplitude that keeps the rendered movie non-negative is recorded in the source bank manifest,e9c3a2d32a8bc24f638b0cb6e8fb573a72334b5e577afad9ed2b0aab5d009381
RESOLVED_PHYSICAL,0.5,12,0.5,0.0,0.5987063256829237,0.599609375,0.04332445373196591,False,SUPPORTED,,signed perturbation about a positive baseline; the amplitude that keeps the rendered movie non-negative is recorded in the source bank manifest,e9c3a2d32a8bc24f638b0cb6e8fb573a72334b5e577afad9ed2b0aab5d009381
RESOLVED_PHYSICAL,0.5,13,0.4999999999999999,2.220446049250313e-16,0.5987063256829237,0.591796875,0.04332445373196591,False,SUPPORTED,,signed perturbation about a positive baseline; the amplitude that keeps the rendered movie non-negative is recorded in the source bank manifest,e9c3a2d32a8bc24f638b0cb6e8fb573a72334b5e577afad9ed2b0aab5d009381
RESOLVED_PHYSICAL,0.5,14,0.49999999999999994,1.1102230246251565e-16,0.5987063256829237,0.619140625,0.04332445373196591,False,SUPPORTED,,signed perturbation about a positive baseline; the amplitude that keeps the rendered movie non-negative is recorded in the source bank manifest,e9c3a2d32a8bc24f638b0cb6e8fb573a72334b5e577afad9ed2b0aab5d009381
RESOLVED_PHYSICAL,0.5,15,0.4999999999999999,2.220446049250313e-16,0.5987063256829237,0.541015625,0.04332445373196591,False,SUPPORTED,,signed perturbation about a positive baseline; the amplitude that keeps the rendered movie non-negative is recorded in the source bank manifest,e9c3a2d32a8bc24f638b0cb6e8fb573a72334b5e577afad9ed2b0aab5d009381
RESOLVED_PHYSICAL,0.5,16,0.5,0.0,0.5987063256829237,0.62109375,0.04332445373196591,False,SUPPORTED,,signed perturbation about a positive baseline; the amplitude that keeps the rendered movie non-negative is recorded in the source bank manifest,e9c3a2d32a8bc24f638b0cb6e8fb573a72334b5e577afad9ed2b0aab5d009381
RESOLVED_PHYSICAL,0.5,17,0.5,0.0,0.5987063256829237,0.609375,0.04332445373196591,False,SUPPORTED,,signed perturbation about a positive baseline; the amplitude that keeps the rendered movie non-negative is recorded in the source bank manifest,e9c3a2d32a8bc24f638b0cb6e8fb573a72334b5e577afad9ed2b0aab5d009381
RESOLVED_PHYSICAL,0.5,18,0.4999999999999999,2.220446049250313e-16,0.5987063256829237,0.607421875,0.04332445373196591,False,SUPPORTED,,signed perturbation about a positive baseline; the amplitude that keeps the rendered movie non-negative is recorded in the source bank manifest,e9c3a2d32a8bc24f638b0cb6e8fb573a72334b5e577afad9ed2b0aab5d009381
RESOLVED_PHYSICAL,0.5,19,0.5,0.0,0.5987063256829237,0.568359375,0.04332445373196591,False,SUPPORTED,,signed perturbation about a positive baseline; the amplitude that keeps the rendered movie non-negative is recorded in the source bank manifest,e9c3a2d32a8bc24f638b0cb6e8fb573a72334b5e577afad9ed2b0aab5d009381
RESOLVED_PHYSICAL,0.5,20,0.4999999999999999,2.220446049250313e-16,0.5987063256829237,0.583984375,0.04332445373196591,False,SUPPORTED,,signed perturbation about a positive baseline; the amplitude that keeps the rendered movie non-negative is recorded in the source bank manifest,e9c3a2d32a8bc24f638b0cb6e8fb573a72334b5e577afad9ed2b0aab5d009381
RESOLVED_PHYSICAL,0.5,21,0.5000000000000001,2.220446049250313e-16,0.5987063256829237,0.603515625,0.04332445373196591,False,SUPPORTED,,signed perturbation about a positive baseline; the amplitude that keeps the rendered movie non-negative is recorded in the source bank manifest,e9c3a2d32a8bc24f638b0cb6e8fb573a72334b5e577afad9ed2b0aab5d009381
RESOLVED_PHYSICAL,0.5,22,0.5,0.0,0.5987063256829237,0.59375,0.04332445373196591,False,SUPPORTED,,signed perturbation about a positive baseline; the amplitude that keeps the rendered movie non-negative is recorded in the source bank manifest,e9c3a2d32a8bc24f638b0cb6e8fb573a72334b5e577afad9ed2b0aab5d009381
RESOLVED_PHYSICAL,0.5,23,0.4999999999999998,4.440892098500626e-16,0.5987063256829237,0.572265625,0.04332445373196591,False,SUPPORTED,,signed perturbation about a positive baseline; the amplitude that keeps the rendered movie non-negative is recorded in the source bank manifest,e9c3a2d32a8bc24f638b0cb6e8fb573a72334b5e577afad9ed2b0aab5d009381
RESOLVED_PHYSICAL,0.5,24,0.4999999999999999,2.220446049250313e-16,0.5987063256829237,0.646484375,0.04332445373196591,True,SUPPORTED,,signed perturbation about a positive baseline; the amplitude that keeps the rendered movie non-negative is recorded in the source bank manifest,e9c3a2d32a8bc24f638b0cb6e8fb573a72334b5e577afad9ed2b0aab5d009381
RESOLVED_PHYSICAL,0.5,25,0.49999999999999994,1.1102230246251565e-16,0.5987063256829237,0.57421875,0.04332445373196591,False,SUPPORTED,,signed perturbation about a positive baseline; the amplitude that keeps the rendered movie non-negative is recorded in the source bank manifest,e9c3a2d32a8bc24f638b0cb6e8fb573a72334b5e577afad9ed2b0aab5d009381
RESOLVED_PHYSICAL,0.5,26,0.5000000000000001,2.220446049250313e-16,0.5987063256829237,0.640625,0.04332445373196591,False,SUPPORTED,,signed perturbation about a positive baseline; the amplitude that keeps the rendered movie non-negative is recorded in the source bank manifest,e9c3a2d32a8bc24f638b0cb6e8fb573a72334b5e577afad9ed2b0aab5d009381
RESOLVED_PHYSICAL,0.5,27,0.5000000000000001,2.220446049250313e-16,0.5987063256829237,0.6015625,0.04332445373196591,False,SUPPORTED,,signed perturbation about a positive baseline; the amplitude that keeps the rendered movie non-negative is recorded in the source bank manifest,e9c3a2d32a8bc24f638b0cb6e8fb573a72334b5e577afad9ed2b0aab5d009381
RESOLVED_PHYSICAL,0.5,28,0.49999999999999994,1.1102230246251565e-16,0.5987063256829237,0.607421875,0.04332445373196591,False,SUPPORTED,,signed perturbation about a positive baseline; the amplitude that keeps the rendered movie non-negative is recorded in the source bank manifest,e9c3a2d32a8bc24f638b0cb6e8fb573a72334b5e577afad9ed2b0aab5d009381
RESOLVED_PHYSICAL,0.5,29,0.5,0.0,0.5987063256829237,0.62109375,0.04332445373196591,False,SUPPORTED,,signed perturbation about a positive baseline; the amplitude that keeps the rendered movie non-negative is recorded in the source bank manifest,e9c3a2d32a8bc24f638b0cb6e8fb573a72334b5e577afad9ed2b0aab5d009381
RESOLVED_PHYSICAL,0.5,30,0.5,0.0,0.5987063256829237,0.58984375,0.04332445373196591,False,SUPPORTED,,signed perturbation about a positive baseline; the amplitude that keeps the rendered movie non-negative is recorded in the source bank manifest,e9c3a2d32a8bc24f638b0cb6e8fb573a72334b5e577afad9ed2b0aab5d009381
RESOLVED_PHYSICAL,0.5,31,0.5,0.0,0.5987063256829237,0.576171875,0.04332445373196591,False,SUPPORTED,,signed perturbation about a positive baseline; the amplitude that keeps the rendered movie non-negative is recorded in the source bank manifest,e9c3a2d32a8bc24f638b0cb6e8fb573a72334b5e577afad9ed2b0aab5d009381
RESOLVED_PHYSICAL,0.5,32,0.49999999999999994,1.1102230246251565e-16,0.5987063256829237,0.560546875,0.04332445373196591,False,SUPPORTED,,signed perturbation about a positive baseline; the amplitude that keeps the rendered movie non-negative is recorded in the source bank manifest,e9c3a2d32a8bc24f638b0cb6e8fb573a72334b5e577afad9ed2b0aab5d009381
RESOLVED_PHYSICAL,0.5,33,0.5,0.0,0.5987063256829237,0.615234375,0.04332445373196591,False,SUPPORTED,,signed perturbation about a positive baseline; the amplitude that keeps the rendered movie non-negative is recorded in the source bank manifest,e9c3a2d32a8bc24f638b0cb6e8fb573a72334b5e577afad9ed2b0aab5d009381
RESOLVED_PHYSICAL,0.5,34,0.49999999999999994,1.1102230246251565e-16,0.5987063256829237,0.65234375,0.04332445373196591,True,SUPPORTED,,signed perturbation about a positive baseline; the amplitude that keeps the rendered movie non-negative is recorded in the source bank manifest,e9c3a2d32a8bc24f638b0cb6e8fb573a72334b5e577afad9ed2b0aab5d009381
RESOLVED_PHYSICAL,0.5,35,0.49999999999999994,1.1102230246251565e-16,0.5987063256829237,0.6171875,0.04332445373196591,False,SUPPORTED,,signed perturbation about a positive baseline; the amplitude that keeps the rendered movie non-negative is recorded in the source bank manifest,e9c3a2d32a8bc24f638b0cb6e8fb573a72334b5e577afad9ed2b0aab5d009381
RESOLVED_PHYSICAL,0.5,36,0.5,0.0,0.5987063256829237,0.591796875,0.04332445373196591,False,SUPPORTED,,signed perturbation about a positive baseline; the amplitude that keeps the rendered movie non-negative is recorded in the source bank manifest,e9c3a2d32a8bc24f638b0cb6e8fb573a72334b5e577afad9ed2b0aab5d009381
RESOLVED_PHYSICAL,0.5,37,0.5,0.0,0.5987063256829237,0.61328125,0.04332445373196591,False,SUPPORTED,,signed perturbation about a positive baseline; the amplitude that keeps the rendered movie non-negative is recorded in the source bank manifest,e9c3a2d32a8bc24f638b0cb6e8fb573a72334b5e577afad9ed2b0aab5d009381
RESOLVED_PHYSICAL,0.5,38,0.49999999999999994,1.1102230246251565e-16,0.5987063256829237,0.583984375,0.04332445373196591,False,SUPPORTED,,signed perturbation about a positive baseline; the amplitude that keeps the rendered movie non-negative is recorded in the source bank manifest,e9c3a2d32a8bc24f638b0cb6e8fb573a72334b5e577afad9ed2b0aab5d009381
RESOLVED_PHYSICAL,0.5,39,0.49999999999999994,1.1102230246251565e-16,0.5987063256829237,0.609375,0.04332445373196591,False,SUPPORTED,,signed perturbation about a positive baseline; the amplitude that keeps the rendered movie non-negative is recorded in the source bank manifest,e9c3a2d32a8bc24f638b0cb6e8fb573a72334b5e577afad9ed2b0aab5d009381
RESOLVED_PHYSICAL,1.0,0,0.9999999999999999,1.1102230246251565e-16,0.691462461274013,0.67578125,0.040825670340762725,False,SUPPORTED,,signed perturbation about a positive baseline; the amplitude that keeps the rendered movie non-negative is recorded in the source bank manifest,e9c3a2d32a8bc24f638b0cb6e8fb573a72334b5e577afad9ed2b0aab5d009381
RESOLVED_PHYSICAL,1.0,1,0.9999999999999998,2.220446049250313e-16,0.691462461274013,0.740234375,0.040825670340762725,True,SUPPORTED,,signed perturbation about a positive baseline; the amplitude that keeps the rendered movie non-negative is recorded in the source bank manifest,e9c3a2d32a8bc24f638b0cb6e8fb573a72334b5e577afad9ed2b0aab5d009381
RESOLVED_PHYSICAL,1.0,2,0.9999999999999998,2.220446049250313e-16,0.691462461274013,0.654296875,0.040825670340762725,False,SUPPORTED,,signed perturbation about a positive baseline; the amplitude that keeps the rendered movie non-negative is recorded in the source bank manifest,e9c3a2d32a8bc24f638b0cb6e8fb573a72334b5e577afad9ed2b0aab5d009381
RESOLVED_PHYSICAL,1.0,3,0.9999999999999999,1.1102230246251565e-16,0.691462461274013,0.671875,0.040825670340762725,False,SUPPORTED,,signed perturbation about a positive baseline; the amplitude that keeps the rendered movie non-negative is recorded in the source bank manifest,e9c3a2d32a8bc24f638b0cb6e8fb573a72334b5e577afad9ed2b0aab5d009381
RESOLVED_PHYSICAL,1.0,4,0.9999999999999999,1.1102230246251565e-16,0.691462461274013,0.669921875,0.040825670340762725,False,SUPPORTED,,signed perturbation about a positive baseline; the amplitude that keeps the rendered movie non-negative is recorded in the source bank manifest,e9c3a2d32a8bc24f638b0cb6e8fb573a72334b5e577afad9ed2b0aab5d009381
RESOLVED_PHYSICAL,1.0,5,0.9999999999999999,1.1102230246251565e-16,0.691462461274013,0.67578125,0.040825670340762725,False,SUPPORTED,,signed perturbation about a positive baseline; the amplitude that keeps the rendered movie non-negative is recorded in the source bank manifest,e9c3a2d32a8bc24f638b0cb6e8fb573a72334b5e577afad9ed2b0aab5d009381
RESOLVED_PHYSICAL,1.0,6,1.0000000000000004,4.440892098500626e-16,0.6914624612740132,0.7265625,0.04082567034076272,False,SUPPORTED,,signed perturbation about a positive baseline; the amplitude that keeps the rendered movie non-negative is recorded in the source bank manifest,e9c3a2d32a8bc24f638b0cb6e8fb573a72334b5e577afad9ed2b0aab5d009381
RESOLVED_PHYSICAL,1.0,7,1.0000000000000002,2.220446049250313e-16,0.6914624612740131,0.681640625,0.040825670340762725,False,SUPPORTED,,signed perturbation about a positive baseline; the amplitude that keeps the rendered movie non-negative is recorded in the source bank manifest,e9c3a2d32a8bc24f638b0cb6e8fb573a72334b5e577afad9ed2b0aab5d009381
RESOLVED_PHYSICAL,1.0,8,1.0,0.0,0.6914624612740131,0.689453125,0.040825670340762725,False,SUPPORTED,,signed perturbation about a positive baseline; the amplitude that keeps the rendered movie non-negative is recorded in the source bank manifest,e9c3a2d32a8bc24f638b0cb6e8fb573a72334b5e577afad9ed2b0aab5d009381
RESOLVED_PHYSICAL,1.0,9,1.0,0.0,0.6914624612740131,0.67578125,0.040825670340762725,False,SUPPORTED,,signed perturbation about a positive baseline; the amplitude that keeps the rendered movie non-negative is recorded in the source bank manifest,e9c3a2d32a8bc24f638b0cb6e8fb573a72334b5e577afad9ed2b0aab5d009381
RESOLVED_PHYSICAL,1.0,10,1.0,0.0,0.6914624612740131,0.69921875,0.040825670340762725,False,SUPPORTED,,signed perturbation about a positive baseline; the amplitude that keeps the rendered movie non-negative is recorded in the source bank manifest,e9c3a2d32a8bc24f638b0cb6e8fb573a72334b5e577afad9ed2b0aab5d009381
RESOLVED_PHYSICAL,1.0,11,1.0000000000000002,2.220446049250313e-16,0.6914624612740131,0.732421875,0.040825670340762725,True,SUPPORTED,,signed perturbation about a positive baseline; the amplitude that keeps the rendered movie non-negative is recorded in the source bank manifest,e9c3a2d32a8bc24f638b0cb6e8fb573a72334b5e577afad9ed2b0aab5d009381
RESOLVED_PHYSICAL,1.0,12,0.9999999999999999,1.1102230246251565e-16,0.691462461274013,0.73046875,0.040825670340762725,False,SUPPORTED,,signed perturbation about a positive baseline; the amplitude that keeps the rendered movie non-negative is recorded in the source bank manifest,e9c3a2d32a8bc24f638b0cb6e8fb573a72334b5e577afad9ed2b0aab5d009381
RESOLVED_PHYSICAL,1.0,13,1.0,0.0,0.6914624612740131,0.724609375,0.040825670340762725,False,SUPPORTED,,signed perturbation about a positive baseline; the amplitude that keeps the rendered movie non-negative is recorded in the source bank manifest,e9c3a2d32a8bc24f638b0cb6e8fb573a72334b5e577afad9ed2b0aab5d009381
RESOLVED_PHYSICAL,1.0,14,0.9999999999999999,1.1102230246251565e-16,0.691462461274013,0.689453125,0.040825670340762725,False,SUPPORTED,,signed perturbation about a positive baseline; the amplitude that keeps the rendered movie non-negative is recorded in the source bank manifest,e9c3a2d32a8bc24f638b0cb6e8fb573a72334b5e577afad9ed2b0aab5d009381
RESOLVED_PHYSICAL,1.0,15,0.9999999999999999,1.1102230246251565e-16,0.691462461274013,0.654296875,0.040825670340762725,False,SUPPORTED,,signed perturbation about a positive baseline; the amplitude that keeps the rendered movie non-negative is recorded in the source bank manifest,e9c3a2d32a8bc24f638b0cb6e8fb573a72334b5e577afad9ed2b0aab5d009381
RESOLVED_PHYSICAL,1.0,16,1.0000000000000002,2.220446049250313e-16,0.6914624612740131,0.677734375,0.040825670340762725,False,SUPPORTED,,signed perturbation about a positive baseline; the amplitude that keeps the rendered movie non-negative is recorded in the source bank manifest,e9c3a2d32a8bc24f638b0cb6e8fb573a72334b5e577afad9ed2b0aab5d009381
RESOLVED_PHYSICAL,1.0,17,0.9999999999999997,3.3306690738754696e-16,0.691462461274013,0.685546875,0.040825670340762725,False,SUPPORTED,,signed perturbation about a positive baseline; the amplitude that keeps the rendered movie non-negative is recorded in the source bank manifest,e9c3a2d32a8bc24f638b0cb6e8fb573a72334b5e577afad9ed2b0aab5d009381
RESOLVED_PHYSICAL,1.0,18,0.9999999999999998,2.220446049250313e-16,0.691462461274013,0.6484375,0.040825670340762725,False,SUPPORTED,,signed perturbation about a positive baseline; the amplitude that keeps the rendered movie non-negative is recorded in the source bank manifest,e9c3a2d32a8bc24f638b0cb6e8fb573a72334b5e577afad9ed2b0aab5d009381
RESOLVED_PHYSICAL,1.0,19,1.0000000000000004,4.440892098500626e-16,0.6914624612740132,0.69921875,0.04082567034076272,False,SUPPORTED,,signed perturbation about a positive baseline; the amplitude that keeps the rendered movie non-negative is recorded in the source bank manifest,e9c3a2d32a8bc24f638b0cb6e8fb573a72334b5e577afad9ed2b0aab5d009381
RESOLVED_PHYSICAL,1.0,20,1.0000000000000002,2.220446049250313e-16,0.6914624612740131,0.69921875,0.040825670340762725,False,SUPPORTED,,signed perturbation about a positive baseline; the amplitude that keeps the rendered movie non-negative is recorded in the source bank manifest,e9c3a2d32a8bc24f638b0cb6e8fb573a72334b5e577afad9ed2b0aab5d009381
RESOLVED_PHYSICAL,1.0,21,1.0,0.0,0.6914624612740131,0.701171875,0.040825670340762725,False,SUPPORTED,,signed perturbation about a positive baseline; the amplitude that keeps the rendered movie non-negative is recorded in the source bank manifest,e9c3a2d32a8bc24f638b0cb6e8fb573a72334b5e577afad9ed2b0aab5d009381
RESOLVED_PHYSICAL,1.0,22,0.9999999999999999,1.1102230246251565e-16,0.691462461274013,0.703125,0.040825670340762725,False,SUPPORTED,,signed perturbation about a positive baseline; the amplitude that keeps the rendered movie non-negative is recorded in the source bank manifest,e9c3a2d32a8bc24f638b0cb6e8fb573a72334b5e577afad9ed2b0aab5d009381
RESOLVED_PHYSICAL,1.0,23,0.9999999999999998,2.220446049250313e-16,0.691462461274013,0.71875,0.040825670340762725,False,SUPPORTED,,signed perturbation about a positive baseline; the amplitude that keeps the rendered movie non-negative is recorded in the source bank manifest,e9c3a2d32a8bc24f638b0cb6e8fb573a72334b5e577afad9ed2b0aab5d009381
RESOLVED_PHYSICAL,1.0,24,1.0,0.0,0.6914624612740131,0.64453125,0.040825670340762725,False,SUPPORTED,,signed perturbation about a positive baseline; the amplitude that keeps the rendered movie non-negative is recorded in the source bank manifest,e9c3a2d32a8bc24f638b0cb6e8fb573a72334b5e577afad9ed2b0aab5d009381
RESOLVED_PHYSICAL,1.0,25,1.0,0.0,0.6914624612740131,0.70703125,0.040825670340762725,False,SUPPORTED,,signed perturbation about a positive baseline; the amplitude that keeps the rendered movie non-negative is recorded in the source bank manifest,e9c3a2d32a8bc24f638b0cb6e8fb573a72334b5e577afad9ed2b0aab5d009381
RESOLVED_PHYSICAL,1.0,26,1.0,0.0,0.6914624612740131,0.71875,0.040825670340762725,False,SUPPORTED,,signed perturbation about a positive baseline; the amplitude that keeps the rendered movie non-negative is recorded in the source bank manifest,e9c3a2d32a8bc24f638b0cb6e8fb573a72334b5e577afad9ed2b0aab5d009381
RESOLVED_PHYSICAL,1.0,27,0.9999999999999999,1.1102230246251565e-16,0.691462461274013,0.6953125,0.040825670340762725,False,SUPPORTED,,signed perturbation about a positive baseline; the amplitude that keeps the rendered movie non-negative is recorded in the source bank manifest,e9c3a2d32a8bc24f638b0cb6e8fb573a72334b5e577afad9ed2b0aab5d009381
RESOLVED_PHYSICAL,1.0,28,1.0,0.0,0.6914624612740131,0.689453125,0.040825670340762725,False,SUPPORTED,,signed perturbation about a positive baseline; the amplitude that keeps the rendered movie non-negative is recorded in the source bank manifest,e9c3a2d32a8bc24f638b0cb6e8fb573a72334b5e577afad9ed2b0aab5d009381
RESOLVED_PHYSICAL,1.0,29,1.0,0.0,0.6914624612740131,0.68359375,0.040825670340762725,False,SUPPORTED,,signed perturbation about a positive baseline; the amplitude that keeps the rendered movie non-negative is recorded in the source bank manifest,e9c3a2d32a8bc24f638b0cb6e8fb573a72334b5e577afad9ed2b0aab5d009381
RESOLVED_PHYSICAL,1.0,30,1.0000000000000002,2.220446049250313e-16,0.6914624612740131,0.703125,0.040825670340762725,False,SUPPORTED,,signed perturbation about a positive baseline; the amplitude that keeps the rendered movie non-negative is recorded in the source bank manifest,e9c3a2d32a8bc24f638b0cb6e8fb573a72334b5e577afad9ed2b0aab5d009381
RESOLVED_PHYSICAL,1.0,31,1.0,0.0,0.6914624612740131,0.703125,0.040825670340762725,False,SUPPORTED,,signed perturbation about a positive baseline; the amplitude that keeps the rendered movie non-negative is recorded in the source bank manifest,e9c3a2d32a8bc24f638b0cb6e8fb573a72334b5e577afad9ed2b0aab5d009381
RESOLVED_PHYSICAL,1.0,32,1.0000000000000002,2.220446049250313e-16,0.6914624612740131,0.69140625,0.040825670340762725,False,SUPPORTED,,signed perturbation about a positive baseline; the amplitude that keeps the rendered movie non-negative is recorded in the source bank manifest,e9c3a2d32a8bc24f638b0cb6e8fb573a72334b5e577afad9ed2b0aab5d009381
RESOLVED_PHYSICAL,1.0,33,0.9999999999999998,2.220446049250313e-16,0.691462461274013,0.6796875,0.040825670340762725,False,SUPPORTED,,signed perturbation about a positive baseline; the amplitude that keeps the rendered movie non-negative is recorded in the source bank manifest,e9c3a2d32a8bc24f638b0cb6e8fb573a72334b5e577afad9ed2b0aab5d009381
RESOLVED_PHYSICAL,1.0,34,0.9999999999999999,1.1102230246251565e-16,0.691462461274013,0.693359375,0.040825670340762725,False,SUPPORTED,,signed perturbation about a positive baseline; the amplitude that keeps the rendered movie non-negative is recorded in the source bank manifest,e9c3a2d32a8bc24f638b0cb6e8fb573a72334b5e577afad9ed2b0aab5d009381
RESOLVED_PHYSICAL,1.0,35,1.0000000000000002,2.220446049250313e-16,0.6914624612740131,0.70703125,0.040825670340762725,False,SUPPORTED,,signed perturbation about a positive baseline; the amplitude that keeps the rendered movie non-negative is recorded in the source bank manifest,e9c3a2d32a8bc24f638b0cb6e8fb573a72334b5e577afad9ed2b0aab5d009381
RESOLVED_PHYSICAL,1.0,36,1.0000000000000002,2.220446049250313e-16,0.6914624612740131,0.67578125,0.040825670340762725,False,SUPPORTED,,signed perturbation about a positive baseline; the amplitude that keeps the rendered movie non-negative is recorded in the source bank manifest,e9c3a2d32a8bc24f638b0cb6e8fb573a72334b5e577afad9ed2b0aab5d009381
RESOLVED_PHYSICAL,1.0,37,0.9999999999999997,3.3306690738754696e-16,0.691462461274013,0.673828125,0.040825670340762725,False,SUPPORTED,,signed perturbation about a positive baseline; the amplitude that keeps the rendered movie non-negative is recorded in the source bank manifest,e9c3a2d32a8bc24f638b0cb6e8fb573a72334b5e577afad9ed2b0aab5d009381
RESOLVED_PHYSICAL,1.0,38,1.0,0.0,0.6914624612740131,0.689453125,0.040825670340762725,False,SUPPORTED,,signed perturbation about a positive baseline; the amplitude that keeps the rendered movie non-negative is recorded in the source bank manifest,e9c3a2d32a8bc24f638b0cb6e8fb573a72334b5e577afad9ed2b0aab5d009381
RESOLVED_PHYSICAL,1.0,39,1.0000000000000002,2.220446049250313e-16,0.6914624612740131,0.716796875,0.040825670340762725,False,SUPPORTED,,signed perturbation about a positive baseline; the amplitude that keeps the rendered movie non-negative is recorded in the source bank manifest,e9c3a2d32a8bc24f638b0cb6e8fb573a72334b5e577afad9ed2b0aab5d009381
RESOLVED_PHYSICAL,2.0,0,2.0,0.0,0.8413447460685429,0.810546875,0.03229306285936776,False,SUPPORTED,,signed perturbation about a positive baseline; the amplitude that keeps the rendered movie non-negative is recorded in the source bank manifest,e9c3a2d32a8bc24f638b0cb6e8fb573a72334b5e577afad9ed2b0aab5d009381
RESOLVED_PHYSICAL,2.0,1,2.0,0.0,0.8413447460685429,0.8828125,0.03229306285936776,True,SUPPORTED,,signed perturbation about a positive baseline; the amplitude that keeps the rendered movie non-negative is recorded in the source bank manifest,e9c3a2d32a8bc24f638b0cb6e8fb573a72334b5e577afad9ed2b0aab5d009381
RESOLVED_PHYSICAL,2.0,2,2.0000000000000004,2.220446049250313e-16,0.841344746068543,0.8515625,0.032293062859367755,False,SUPPORTED,,signed perturbation about a positive baseline; the amplitude that keeps the rendered movie non-negative is recorded in the source bank manifest,e9c3a2d32a8bc24f638b0cb6e8fb573a72334b5e577afad9ed2b0aab5d009381
RESOLVED_PHYSICAL,2.0,3,2.0,0.0,0.8413447460685429,0.828125,0.03229306285936776,False,SUPPORTED,,signed perturbation about a positive baseline; the amplitude that keeps the rendered movie non-negative is recorded in the source bank manifest,e9c3a2d32a8bc24f638b0cb6e8fb573a72334b5e577afad9ed2b0aab5d009381
RESOLVED_PHYSICAL,2.0,4,2.0000000000000004,2.220446049250313e-16,0.841344746068543,0.8515625,0.032293062859367755,False,SUPPORTED,,signed perturbation about a positive baseline; the amplitude that keeps the rendered movie non-negative is recorded in the source bank manifest,e9c3a2d32a8bc24f638b0cb6e8fb573a72334b5e577afad9ed2b0aab5d009381
RESOLVED_PHYSICAL,2.0,5,1.9999999999999996,2.220446049250313e-16,0.8413447460685429,0.828125,0.03229306285936776,False,SUPPORTED,,signed perturbation about a positive baseline; the amplitude that keeps the rendered movie non-negative is recorded in the source bank manifest,e9c3a2d32a8bc24f638b0cb6e8fb573a72334b5e577afad9ed2b0aab5d009381
RESOLVED_PHYSICAL,2.0,6,2.0000000000000004,2.220446049250313e-16,0.841344746068543,0.84375,0.032293062859367755,False,SUPPORTED,,signed perturbation about a positive baseline; the amplitude that keeps the rendered movie non-negative is recorded in the source bank manifest,e9c3a2d32a8bc24f638b0cb6e8fb573a72334b5e577afad9ed2b0aab5d009381
RESOLVED_PHYSICAL,2.0,7,2.0000000000000004,2.220446049250313e-16,0.841344746068543,0.87109375,0.032293062859367755,False,SUPPORTED,,signed perturbation about a positive baseline; the amplitude that keeps the rendered movie non-negative is recorded in the source bank manifest,e9c3a2d32a8bc24f638b0cb6e8fb573a72334b5e577afad9ed2b0aab5d009381
RESOLVED_PHYSICAL,2.0,8,2.0,0.0,0.8413447460685429,0.833984375,0.03229306285936776,False,SUPPORTED,,signed perturbation about a positive baseline; the amplitude that keeps the rendered movie non-negative is recorded in the source bank manifest,e9c3a2d32a8bc24f638b0cb6e8fb573a72334b5e577afad9ed2b0aab5d009381
RESOLVED_PHYSICAL,2.0,9,2.0,0.0,0.8413447460685429,0.826171875,0.03229306285936776,False,SUPPORTED,,signed perturbation about a positive baseline; the amplitude that keeps the rendered movie non-negative is recorded in the source bank manifest,e9c3a2d32a8bc24f638b0cb6e8fb573a72334b5e577afad9ed2b0aab5d009381
RESOLVED_PHYSICAL,2.0,10,1.9999999999999998,1.1102230246251565e-16,0.8413447460685429,0.84765625,0.03229306285936776,False,SUPPORTED,,signed perturbation about a positive baseline; the amplitude that keeps the rendered movie non-negative is recorded in the source bank manifest,e9c3a2d32a8bc24f638b0cb6e8fb573a72334b5e577afad9ed2b0aab5d009381
RESOLVED_PHYSICAL,2.0,11,2.0,0.0,0.8413447460685429,0.84375,0.03229306285936776,False,SUPPORTED,,signed perturbation about a positive baseline; the amplitude that keeps the rendered movie non-negative is recorded in the source bank manifest,e9c3a2d32a8bc24f638b0cb6e8fb573a72334b5e577afad9ed2b0aab5d009381
RESOLVED_PHYSICAL,2.0,12,1.9999999999999998,1.1102230246251565e-16,0.8413447460685429,0.833984375,0.03229306285936776,False,SUPPORTED,,signed perturbation about a positive baseline; the amplitude that keeps the rendered movie non-negative is recorded in the source bank manifest,e9c3a2d32a8bc24f638b0cb6e8fb573a72334b5e577afad9ed2b0aab5d009381
RESOLVED_PHYSICAL,2.0,13,2.0000000000000004,2.220446049250313e-16,0.841344746068543,0.8359375,0.032293062859367755,False,SUPPORTED,,signed perturbation about a positive baseline; the amplitude that keeps the rendered movie non-negative is recorded in the source bank manifest,e9c3a2d32a8bc24f638b0cb6e8fb573a72334b5e577afad9ed2b0aab5d009381
RESOLVED_PHYSICAL,2.0,14,1.9999999999999998,1.1102230246251565e-16,0.8413447460685429,0.830078125,0.03229306285936776,False,SUPPORTED,,signed perturbation about a positive baseline; the amplitude that keeps the rendered movie non-negative is recorded in the source bank manifest,e9c3a2d32a8bc24f638b0cb6e8fb573a72334b5e577afad9ed2b0aab5d009381
RESOLVED_PHYSICAL,2.0,15,2.0,0.0,0.8413447460685429,0.84765625,0.03229306285936776,False,SUPPORTED,,signed perturbation about a positive baseline; the amplitude that keeps the rendered movie non-negative is recorded in the source bank manifest,e9c3a2d32a8bc24f638b0cb6e8fb573a72334b5e577afad9ed2b0aab5d009381
RESOLVED_PHYSICAL,2.0,16,2.0000000000000004,2.220446049250313e-16,0.841344746068543,0.84765625,0.032293062859367755,False,SUPPORTED,,signed perturbation about a positive baseline; the amplitude that keeps the rendered movie non-negative is recorded in the source bank manifest,e9c3a2d32a8bc24f638b0cb6e8fb573a72334b5e577afad9ed2b0aab5d009381
RESOLVED_PHYSICAL,2.0,17,1.9999999999999998,1.1102230246251565e-16,0.8413447460685429,0.84375,0.03229306285936776,False,SUPPORTED,,signed perturbation about a positive baseline; the amplitude that keeps the rendered movie non-negative is recorded in the source bank manifest,e9c3a2d32a8bc24f638b0cb6e8fb573a72334b5e577afad9ed2b0aab5d009381
RESOLVED_PHYSICAL,2.0,18,2.0,0.0,0.8413447460685429,0.833984375,0.03229306285936776,False,SUPPORTED,,signed perturbation about a positive baseline; the amplitude that keeps the rendered movie non-negative is recorded in the source bank manifest,e9c3a2d32a8bc24f638b0cb6e8fb573a72334b5e577afad9ed2b0aab5d009381
RESOLVED_PHYSICAL,2.0,19,2.0,0.0,0.8413447460685429,0.849609375,0.03229306285936776,False,SUPPORTED,,signed perturbation about a positive baseline; the amplitude that keeps the rendered movie non-negative is recorded in the source bank manifest,e9c3a2d32a8bc24f638b0cb6e8fb573a72334b5e577afad9ed2b0aab5d009381
RESOLVED_PHYSICAL,2.0,20,2.0,0.0,0.8413447460685429,0.83984375,0.03229306285936776,False,SUPPORTED,,signed perturbation about a positive baseline; the amplitude that keeps the rendered movie non-negative is recorded in the source bank manifest,e9c3a2d32a8bc24f638b0cb6e8fb573a72334b5e577afad9ed2b0aab5d009381
RESOLVED_PHYSICAL,2.0,21,2.0,0.0,0.8413447460685429,0.826171875,0.03229306285936776,False,SUPPORTED,,signed perturbation about a positive baseline; the amplitude that keeps the rendered movie non-negative is recorded in the source bank manifest,e9c3a2d32a8bc24f638b0cb6e8fb573a72334b5e577afad9ed2b0aab5d009381
RESOLVED_PHYSICAL,2.0,22,2.0,0.0,0.8413447460685429,0.845703125,0.03229306285936776,False,SUPPORTED,,signed perturbation about a positive baseline; the amplitude that keeps the rendered movie non-negative is recorded in the source bank manifest,e9c3a2d32a8bc24f638b0cb6e8fb573a72334b5e577afad9ed2b0aab5d009381
RESOLVED_PHYSICAL,2.0,23,2.0,0.0,0.8413447460685429,0.80859375,0.03229306285936776,False,SUPPORTED,,signed perturbation about a positive baseline; the amplitude that keeps the rendered movie non-negative is recorded in the source bank manifest,e9c3a2d32a8bc24f638b0cb6e8fb573a72334b5e577afad9ed2b0aab5d009381
RESOLVED_PHYSICAL,2.0,24,2.0,0.0,0.8413447460685429,0.822265625,0.03229306285936776,False,SUPPORTED,,signed perturbation about a positive baseline; the amplitude that keeps the rendered movie non-negative is recorded in the source bank manifest,e9c3a2d32a8bc24f638b0cb6e8fb573a72334b5e577afad9ed2b0aab5d009381
RESOLVED_PHYSICAL,2.0,25,2.0,0.0,0.8413447460685429,0.85546875,0.03229306285936776,False,SUPPORTED,,signed perturbation about a positive baseline; the amplitude that keeps the rendered movie non-negative is recorded in the source bank manifest,e9c3a2d32a8bc24f638b0cb6e8fb573a72334b5e577afad9ed2b0aab5d009381
RESOLVED_PHYSICAL,2.0,26,2.0,0.0,0.8413447460685429,0.8125,0.03229306285936776,False,SUPPORTED,,signed perturbation about a positive baseline; the amplitude that keeps the rendered movie non-negative is recorded in the source bank manifest,e9c3a2d32a8bc24f638b0cb6e8fb573a72334b5e577afad9ed2b0aab5d009381
RESOLVED_PHYSICAL,2.0,27,1.9999999999999996,2.220446049250313e-16,0.8413447460685429,0.814453125,0.03229306285936776,False,SUPPORTED,,signed perturbation about a positive baseline; the amplitude that keeps the rendered movie non-negative is recorded in the source bank manifest,e9c3a2d32a8bc24f638b0cb6e8fb573a72334b5e577afad9ed2b0aab5d009381
RESOLVED_PHYSICAL,2.0,28,1.9999999999999996,2.220446049250313e-16,0.8413447460685429,0.849609375,0.03229306285936776,False,SUPPORTED,,signed perturbation about a positive baseline; the amplitude that keeps the rendered movie non-negative is recorded in the source bank manifest,e9c3a2d32a8bc24f638b0cb6e8fb573a72334b5e577afad9ed2b0aab5d009381
RESOLVED_PHYSICAL,2.0,29,1.9999999999999998,1.1102230246251565e-16,0.8413447460685429,0.83984375,0.03229306285936776,False,SUPPORTED,,signed perturbation about a positive baseline; the amplitude that keeps the rendered movie non-negative is recorded in the source bank manifest,e9c3a2d32a8bc24f638b0cb6e8fb573a72334b5e577afad9ed2b0aab5d009381
RESOLVED_PHYSICAL,2.0,30,1.9999999999999996,2.220446049250313e-16,0.8413447460685429,0.83984375,0.03229306285936776,False,SUPPORTED,,signed perturbation about a positive baseline; the amplitude that keeps the rendered movie non-negative is recorded in the source bank manifest,e9c3a2d32a8bc24f638b0cb6e8fb573a72334b5e577afad9ed2b0aab5d009381
RESOLVED_PHYSICAL,2.0,31,1.9999999999999996,2.220446049250313e-16,0.8413447460685429,0.8359375,0.03229306285936776,False,SUPPORTED,,signed perturbation about a positive baseline; the amplitude that keeps the rendered movie non-negative is recorded in the source bank manifest,e9c3a2d32a8bc24f638b0cb6e8fb573a72334b5e577afad9ed2b0aab5d009381
RESOLVED_PHYSICAL,2.0,32,1.9999999999999998,1.1102230246251565e-16,0.8413447460685429,0.85546875,0.03229306285936776,False,SUPPORTED,,signed perturbation about a positive baseline; the amplitude that keeps the rendered movie non-negative is recorded in the source bank manifest,e9c3a2d32a8bc24f638b0cb6e8fb573a72334b5e577afad9ed2b0aab5d009381
RESOLVED_PHYSICAL,2.0,33,1.9999999999999998,1.1102230246251565e-16,0.8413447460685429,0.828125,0.03229306285936776,False,SUPPORTED,,signed perturbation about a positive baseline; the amplitude that keeps the rendered movie non-negative is recorded in the source bank manifest,e9c3a2d32a8bc24f638b0cb6e8fb573a72334b5e577afad9ed2b0aab5d009381
RESOLVED_PHYSICAL,2.0,34,1.9999999999999998,1.1102230246251565e-16,0.8413447460685429,0.87109375,0.03229306285936776,False,SUPPORTED,,signed perturbation about a positive baseline; the amplitude that keeps the rendered movie non-negative is recorded in the source bank manifest,e9c3a2d32a8bc24f638b0cb6e8fb573a72334b5e577afad9ed2b0aab5d009381
RESOLVED_PHYSICAL,2.0,35,1.9999999999999998,1.1102230246251565e-16,0.8413447460685429,0.853515625,0.03229306285936776,False,SUPPORTED,,signed perturbation about a positive baseline; the amplitude that keeps the rendered movie non-negative is recorded in the source bank manifest,e9c3a2d32a8bc24f638b0cb6e8fb573a72334b5e577afad9ed2b0aab5d009381
RESOLVED_PHYSICAL,2.0,36,1.9999999999999998,1.1102230246251565e-16,0.8413447460685429,0.837890625,0.03229306285936776,False,SUPPORTED,,signed perturbation about a positive baseline; the amplitude that keeps the rendered movie non-negative is recorded in the source bank manifest,e9c3a2d32a8bc24f638b0cb6e8fb573a72334b5e577afad9ed2b0aab5d009381
RESOLVED_PHYSICAL,2.0,37,2.0,0.0,0.8413447460685429,0.833984375,0.03229306285936776,False,SUPPORTED,,signed perturbation about a positive baseline; the amplitude that keeps the rendered movie non-negative is recorded in the source bank manifest,e9c3a2d32a8bc24f638b0cb6e8fb573a72334b5e577afad9ed2b0aab5d009381
RESOLVED_PHYSICAL,2.0,38,2.0,0.0,0.8413447460685429,0.84765625,0.03229306285936776,False,SUPPORTED,,signed perturbation about a positive baseline; the amplitude that keeps the rendered movie non-negative is recorded in the source bank manifest,e9c3a2d32a8bc24f638b0cb6e8fb573a72334b5e577afad9ed2b0aab5d009381
RESOLVED_PHYSICAL,2.0,39,2.0000000000000004,2.220446049250313e-16,0.841344746068543,0.849609375,0.032293062859367755,False,SUPPORTED,,signed perturbation about a positive baseline; the amplitude that keeps the rendered movie non-negative is recorded in the source bank manifest,e9c3a2d32a8bc24f638b0cb6e8fb573a72334b5e577afad9ed2b0aab5d009381
RESOLVED_PHYSICAL,4.0,0,3.999999999999999,2.220446049250313e-16,0.9772498680518208,0.974609375,0.013179222356053854,False,SUPPORTED,,signed perturbation about a positive baseline; the amplitude that keeps the rendered movie non-negative is recorded in the source bank manifest,e9c3a2d32a8bc24f638b0cb6e8fb573a72334b5e577afad9ed2b0aab5d009381
RESOLVED_PHYSICAL,4.0,1,3.9999999999999996,1.1102230246251565e-16,0.9772498680518208,0.982421875,0.013179222356053854,False,SUPPORTED,,signed perturbation about a positive baseline; the amplitude that keeps the rendered movie non-negative is recorded in the source bank manifest,e9c3a2d32a8bc24f638b0cb6e8fb573a72334b5e577afad9ed2b0aab5d009381
RESOLVED_PHYSICAL,4.0,2,3.999999999999999,2.220446049250313e-16,0.9772498680518208,0.9765625,0.013179222356053854,False,SUPPORTED,,signed perturbation about a positive baseline; the amplitude that keeps the rendered movie non-negative is recorded in the source bank manifest,e9c3a2d32a8bc24f638b0cb6e8fb573a72334b5e577afad9ed2b0aab5d009381
RESOLVED_PHYSICAL,4.0,3,4.000000000000001,2.220446049250313e-16,0.9772498680518208,0.978515625,0.013179222356053854,False,SUPPORTED,,signed perturbation about a positive baseline; the amplitude that keeps the rendered movie non-negative is recorded in the source bank manifest,e9c3a2d32a8bc24f638b0cb6e8fb573a72334b5e577afad9ed2b0aab5d009381
RESOLVED_PHYSICAL,4.0,4,4.0,0.0,0.9772498680518208,0.986328125,0.013179222356053854,False,SUPPORTED,,signed perturbation about a positive baseline; the amplitude that keeps the rendered movie non-negative is recorded in the source bank manifest,e9c3a2d32a8bc24f638b0cb6e8fb573a72334b5e577afad9ed2b0aab5d009381
RESOLVED_PHYSICAL,4.0,5,4.000000000000001,2.220446049250313e-16,0.9772498680518208,0.98046875,0.013179222356053854,False,SUPPORTED,,signed perturbation about a positive baseline; the amplitude that keeps the rendered movie non-negative is recorded in the source bank manifest,e9c3a2d32a8bc24f638b0cb6e8fb573a72334b5e577afad9ed2b0aab5d009381
RESOLVED_PHYSICAL,4.0,6,4.0,0.0,0.9772498680518208,0.98828125,0.013179222356053854,False,SUPPORTED,,signed perturbation about a positive baseline; the amplitude that keeps the rendered movie non-negative is recorded in the source bank manifest,e9c3a2d32a8bc24f638b0cb6e8fb573a72334b5e577afad9ed2b0aab5d009381
RESOLVED_PHYSICAL,4.0,7,3.9999999999999996,1.1102230246251565e-16,0.9772498680518208,0.98046875,0.013179222356053854,False,SUPPORTED,,signed perturbation about a positive baseline; the amplitude that keeps the rendered movie non-negative is recorded in the source bank manifest,e9c3a2d32a8bc24f638b0cb6e8fb573a72334b5e577afad9ed2b0aab5d009381
RESOLVED_PHYSICAL,4.0,8,4.0,0.0,0.9772498680518208,0.974609375,0.013179222356053854,False,SUPPORTED,,signed perturbation about a positive baseline; the amplitude that keeps the rendered movie non-negative is recorded in the source bank manifest,e9c3a2d32a8bc24f638b0cb6e8fb573a72334b5e577afad9ed2b0aab5d009381
RESOLVED_PHYSICAL,4.0,9,4.000000000000001,2.220446049250313e-16,0.9772498680518208,0.9765625,0.013179222356053854,False,SUPPORTED,,signed perturbation about a positive baseline; the amplitude that keeps the rendered movie non-negative is recorded in the source bank manifest,e9c3a2d32a8bc24f638b0cb6e8fb573a72334b5e577afad9ed2b0aab5d009381
RESOLVED_PHYSICAL,4.0,10,3.999999999999999,2.220446049250313e-16,0.9772498680518208,0.98046875,0.013179222356053854,False,SUPPORTED,,signed perturbation about a positive baseline; the amplitude that keeps the rendered movie non-negative is recorded in the source bank manifest,e9c3a2d32a8bc24f638b0cb6e8fb573a72334b5e577afad9ed2b0aab5d009381
RESOLVED_PHYSICAL,4.0,11,4.0,0.0,0.9772498680518208,0.974609375,0.013179222356053854,False,SUPPORTED,,signed perturbation about a positive baseline; the amplitude that keeps the rendered movie non-negative is recorded in the source bank manifest,e9c3a2d32a8bc24f638b0cb6e8fb573a72334b5e577afad9ed2b0aab5d009381
RESOLVED_PHYSICAL,4.0,12,3.9999999999999996,1.1102230246251565e-16,0.9772498680518208,0.990234375,0.013179222356053854,False,SUPPORTED,,signed perturbation about a positive baseline; the amplitude that keeps the rendered movie non-negative is recorded in the source bank manifest,e9c3a2d32a8bc24f638b0cb6e8fb573a72334b5e577afad9ed2b0aab5d009381
RESOLVED_PHYSICAL,4.0,13,4.000000000000001,2.220446049250313e-16,0.9772498680518208,0.978515625,0.013179222356053854,False,SUPPORTED,,signed perturbation about a positive baseline; the amplitude that keeps the rendered movie non-negative is recorded in the source bank manifest,e9c3a2d32a8bc24f638b0cb6e8fb573a72334b5e577afad9ed2b0aab5d009381
RESOLVED_PHYSICAL,4.0,14,3.9999999999999996,1.1102230246251565e-16,0.9772498680518208,0.966796875,0.013179222356053854,False,SUPPORTED,,signed perturbation about a positive baseline; the amplitude that keeps the rendered movie non-negative is recorded in the source bank manifest,e9c3a2d32a8bc24f638b0cb6e8fb573a72334b5e577afad9ed2b0aab5d009381
RESOLVED_PHYSICAL,4.0,15,4.0,0.0,0.9772498680518208,0.97265625,0.013179222356053854,False,SUPPORTED,,signed perturbation about a positive baseline; the amplitude that keeps the rendered movie non-negative is recorded in the source bank manifest,e9c3a2d32a8bc24f638b0cb6e8fb573a72334b5e577afad9ed2b0aab5d009381
RESOLVED_PHYSICAL,4.0,16,3.999999999999999,2.220446049250313e-16,0.9772498680518208,0.978515625,0.013179222356053854,False,SUPPORTED,,signed perturbation about a positive baseline; the amplitude that keeps the rendered movie non-negative is recorded in the source bank manifest,e9c3a2d32a8bc24f638b0cb6e8fb573a72334b5e577afad9ed2b0aab5d009381
RESOLVED_PHYSICAL,4.0,17,4.0,0.0,0.9772498680518208,0.986328125,0.013179222356053854,False,SUPPORTED,,signed perturbation about a positive baseline; the amplitude that keeps the rendered movie non-negative is recorded in the source bank manifest,e9c3a2d32a8bc24f638b0cb6e8fb573a72334b5e577afad9ed2b0aab5d009381
RESOLVED_PHYSICAL,4.0,18,3.999999999999999,2.220446049250313e-16,0.9772498680518208,0.98046875,0.013179222356053854,False,SUPPORTED,,signed perturbation about a positive baseline; the amplitude that keeps the rendered movie non-negative is recorded in the source bank manifest,e9c3a2d32a8bc24f638b0cb6e8fb573a72334b5e577afad9ed2b0aab5d009381
RESOLVED_PHYSICAL,4.0,19,3.9999999999999996,1.1102230246251565e-16,0.9772498680518208,0.974609375,0.013179222356053854,False,SUPPORTED,,signed perturbation about a positive baseline; the amplitude that keeps the rendered movie non-negative is recorded in the source bank manifest,e9c3a2d32a8bc24f638b0cb6e8fb573a72334b5e577afad9ed2b0aab5d009381
RESOLVED_PHYSICAL,4.0,20,4.0,0.0,0.9772498680518208,0.986328125,0.013179222356053854,False,SUPPORTED,,signed perturbation about a positive baseline; the amplitude that keeps the rendered movie non-negative is recorded in the source bank manifest,e9c3a2d32a8bc24f638b0cb6e8fb573a72334b5e577afad9ed2b0aab5d009381
RESOLVED_PHYSICAL,4.0,21,4.0,0.0,0.9772498680518208,0.98828125,0.013179222356053854,False,SUPPORTED,,signed perturbation about a positive baseline; the amplitude that keeps the rendered movie non-negative is recorded in the source bank manifest,e9c3a2d32a8bc24f638b0cb6e8fb573a72334b5e577afad9ed2b0aab5d009381
RESOLVED_PHYSICAL,4.0,22,4.0,0.0,0.9772498680518208,0.974609375,0.013179222356053854,False,SUPPORTED,,signed perturbation about a positive baseline; the amplitude that keeps the rendered movie non-negative is recorded in the source bank manifest,e9c3a2d32a8bc24f638b0cb6e8fb573a72334b5e577afad9ed2b0aab5d009381
RESOLVED_PHYSICAL,4.0,23,3.9999999999999996,1.1102230246251565e-16,0.9772498680518208,0.978515625,0.013179222356053854,False,SUPPORTED,,signed perturbation about a positive baseline; the amplitude that keeps the rendered movie non-negative is recorded in the source bank manifest,e9c3a2d32a8bc24f638b0cb6e8fb573a72334b5e577afad9ed2b0aab5d009381
RESOLVED_PHYSICAL,4.0,24,4.0,0.0,0.9772498680518208,0.986328125,0.013179222356053854,False,SUPPORTED,,signed perturbation about a positive baseline; the amplitude that keeps the rendered movie non-negative is recorded in the source bank manifest,e9c3a2d32a8bc24f638b0cb6e8fb573a72334b5e577afad9ed2b0aab5d009381
RESOLVED_PHYSICAL,4.0,25,4.0,0.0,0.9772498680518208,0.974609375,0.013179222356053854,False,SUPPORTED,,signed perturbation about a positive baseline; the amplitude that keeps the rendered movie non-negative is recorded in the source bank manifest,e9c3a2d32a8bc24f638b0cb6e8fb573a72334b5e577afad9ed2b0aab5d009381
RESOLVED_PHYSICAL,4.0,26,4.0,0.0,0.9772498680518208,0.974609375,0.013179222356053854,False,SUPPORTED,,signed perturbation about a positive baseline; the amplitude that keeps the rendered movie non-negative is recorded in the source bank manifest,e9c3a2d32a8bc24f638b0cb6e8fb573a72334b5e577afad9ed2b0aab5d009381
RESOLVED_PHYSICAL,4.0,27,3.999999999999999,2.220446049250313e-16,0.9772498680518208,0.978515625,0.013179222356053854,False,SUPPORTED,,signed perturbation about a positive baseline; the amplitude that keeps the rendered movie non-negative is recorded in the source bank manifest,e9c3a2d32a8bc24f638b0cb6e8fb573a72334b5e577afad9ed2b0aab5d009381
RESOLVED_PHYSICAL,4.0,28,4.0,0.0,0.9772498680518208,0.990234375,0.013179222356053854,False,SUPPORTED,,signed perturbation about a positive baseline; the amplitude that keeps the rendered movie non-negative is recorded in the source bank manifest,e9c3a2d32a8bc24f638b0cb6e8fb573a72334b5e577afad9ed2b0aab5d009381
RESOLVED_PHYSICAL,4.0,29,3.999999999999999,2.220446049250313e-16,0.9772498680518208,0.984375,0.013179222356053854,False,SUPPORTED,,signed perturbation about a positive baseline; the amplitude that keeps the rendered movie non-negative is recorded in the source bank manifest,e9c3a2d32a8bc24f638b0cb6e8fb573a72334b5e577afad9ed2b0aab5d009381
RESOLVED_PHYSICAL,4.0,30,4.0,0.0,0.9772498680518208,0.97265625,0.013179222356053854,False,SUPPORTED,,signed perturbation about a positive baseline; the amplitude that keeps the rendered movie non-negative is recorded in the source bank manifest,e9c3a2d32a8bc24f638b0cb6e8fb573a72334b5e577afad9ed2b0aab5d009381
RESOLVED_PHYSICAL,4.0,31,3.9999999999999996,1.1102230246251565e-16,0.9772498680518208,0.97265625,0.013179222356053854,False,SUPPORTED,,signed perturbation about a positive baseline; the amplitude that keeps the rendered movie non-negative is recorded in the source bank manifest,e9c3a2d32a8bc24f638b0cb6e8fb573a72334b5e577afad9ed2b0aab5d009381
RESOLVED_PHYSICAL,4.0,32,3.9999999999999996,1.1102230246251565e-16,0.9772498680518208,0.9765625,0.013179222356053854,False,SUPPORTED,,signed perturbation about a positive baseline; the amplitude that keeps the rendered movie non-negative is recorded in the source bank manifest,e9c3a2d32a8bc24f638b0cb6e8fb573a72334b5e577afad9ed2b0aab5d009381
RESOLVED_PHYSICAL,4.0,33,4.0,0.0,0.9772498680518208,0.970703125,0.013179222356053854,False,SUPPORTED,,signed perturbation about a positive baseline; the amplitude that keeps the rendered movie non-negative is recorded in the source bank manifest,e9c3a2d32a8bc24f638b0cb6e8fb573a72334b5e577afad9ed2b0aab5d009381
RESOLVED_PHYSICAL,4.0,34,4.000000000000001,2.220446049250313e-16,0.9772498680518208,0.97265625,0.013179222356053854,False,SUPPORTED,,signed perturbation about a positive baseline; the amplitude that keeps the rendered movie non-negative is recorded in the source bank manifest,e9c3a2d32a8bc24f638b0cb6e8fb573a72334b5e577afad9ed2b0aab5d009381
RESOLVED_PHYSICAL,4.0,35,3.999999999999999,2.220446049250313e-16,0.9772498680518208,0.97265625,0.013179222356053854,False,SUPPORTED,,signed perturbation about a positive baseline; the amplitude that keeps the rendered movie non-negative is recorded in the source bank manifest,e9c3a2d32a8bc24f638b0cb6e8fb573a72334b5e577afad9ed2b0aab5d009381
RESOLVED_PHYSICAL,4.0,36,4.0,0.0,0.9772498680518208,0.974609375,0.013179222356053854,False,SUPPORTED,,signed perturbation about a positive baseline; the amplitude that keeps the rendered movie non-negative is recorded in the source bank manifest,e9c3a2d32a8bc24f638b0cb6e8fb573a72334b5e577afad9ed2b0aab5d009381
RESOLVED_PHYSICAL,4.0,37,3.9999999999999982,4.440892098500626e-16,0.9772498680518208,0.97265625,0.013179222356053854,False,SUPPORTED,,signed perturbation about a positive baseline; the amplitude that keeps the rendered movie non-negative is recorded in the source bank manifest,e9c3a2d32a8bc24f638b0cb6e8fb573a72334b5e577afad9ed2b0aab5d009381
RESOLVED_PHYSICAL,4.0,38,4.000000000000001,2.220446049250313e-16,0.9772498680518208,0.974609375,0.013179222356053854,False,SUPPORTED,,signed perturbation about a positive baseline; the amplitude that keeps the rendered movie non-negative is recorded in the source bank manifest,e9c3a2d32a8bc24f638b0cb6e8fb573a72334b5e577afad9ed2b0aab5d009381
RESOLVED_PHYSICAL,4.0,39,4.000000000000001,2.220446049250313e-16,0.9772498680518208,0.986328125,0.013179222356053854,False,SUPPORTED,,signed perturbation about a positive baseline; the amplitude that keeps the rendered movie non-negative is recorded in the source bank manifest,e9c3a2d32a8bc24f638b0cb6e8fb573a72334b5e577afad9ed2b0aab5d009381
UNRESOLVED_IMAGE,0.25,0,0.25000000000000006,2.220446049250313e-16,0.5497382248301129,0.525390625,0.04397496704365141,False,SUPPORTED,,signed perturbation about a positive baseline; the amplitude that keeps the rendered movie non-negative is recorded in the source bank manifest,e9c3a2d32a8bc24f638b0cb6e8fb573a72334b5e577afad9ed2b0aab5d009381
UNRESOLVED_IMAGE,0.25,1,0.24999999999999994,2.220446049250313e-16,0.5497382248301129,0.548828125,0.04397496704365141,False,SUPPORTED,,signed perturbation about a positive baseline; the amplitude that keeps the rendered movie non-negative is recorded in the source bank manifest,e9c3a2d32a8bc24f638b0cb6e8fb573a72334b5e577afad9ed2b0aab5d009381
UNRESOLVED_IMAGE,0.25,2,0.25,0.0,0.5497382248301129,0.5703125,0.04397496704365141,False,SUPPORTED,,signed perturbation about a positive baseline; the amplitude that keeps the rendered movie non-negative is recorded in the source bank manifest,e9c3a2d32a8bc24f638b0cb6e8fb573a72334b5e577afad9ed2b0aab5d009381
UNRESOLVED_IMAGE,0.25,3,0.25,0.0,0.5497382248301129,0.548828125,0.04397496704365141,False,SUPPORTED,,signed perturbation about a positive baseline; the amplitude that keeps the rendered movie non-negative is recorded in the source bank manifest,e9c3a2d32a8bc24f638b0cb6e8fb573a72334b5e577afad9ed2b0aab5d009381
UNRESOLVED_IMAGE,0.25,4,0.25000000000000006,2.220446049250313e-16,0.5497382248301129,0.544921875,0.04397496704365141,False,SUPPORTED,,signed perturbation about a positive baseline; the amplitude that keeps the rendered movie non-negative is recorded in the source bank manifest,e9c3a2d32a8bc24f638b0cb6e8fb573a72334b5e577afad9ed2b0aab5d009381
UNRESOLVED_IMAGE,0.25,5,0.25,0.0,0.5497382248301129,0.48046875,0.04397496704365141,False,SUPPORTED,,signed perturbation about a positive baseline; the amplitude that keeps the rendered movie non-negative is recorded in the source bank manifest,e9c3a2d32a8bc24f638b0cb6e8fb573a72334b5e577afad9ed2b0aab5d009381
UNRESOLVED_IMAGE,0.25,6,0.24999999999999997,1.1102230246251565e-16,0.5497382248301129,0.541015625,0.04397496704365141,False,SUPPORTED,,signed perturbation about a positive baseline; the amplitude that keeps the rendered movie non-negative is recorded in the source bank manifest,e9c3a2d32a8bc24f638b0cb6e8fb573a72334b5e577afad9ed2b0aab5d009381
UNRESOLVED_IMAGE,0.25,7,0.2500000000000001,4.440892098500626e-16,0.5497382248301129,0.533203125,0.04397496704365141,False,SUPPORTED,,signed perturbation about a positive baseline; the amplitude that keeps the rendered movie non-negative is recorded in the source bank manifest,e9c3a2d32a8bc24f638b0cb6e8fb573a72334b5e577afad9ed2b0aab5d009381
UNRESOLVED_IMAGE,0.25,8,0.25000000000000006,2.220446049250313e-16,0.5497382248301129,0.541015625,0.04397496704365141,False,SUPPORTED,,signed perturbation about a positive baseline; the amplitude that keeps the rendered movie non-negative is recorded in the source bank manifest,e9c3a2d32a8bc24f638b0cb6e8fb573a72334b5e577afad9ed2b0aab5d009381
UNRESOLVED_IMAGE,0.25,9,0.25000000000000006,2.220446049250313e-16,0.5497382248301129,0.5703125,0.04397496704365141,False,SUPPORTED,,signed perturbation about a positive baseline; the amplitude that keeps the rendered movie non-negative is recorded in the source bank manifest,e9c3a2d32a8bc24f638b0cb6e8fb573a72334b5e577afad9ed2b0aab5d009381
UNRESOLVED_IMAGE,0.25,10,0.25,0.0,0.5497382248301129,0.5625,0.04397496704365141,False,SUPPORTED,,signed perturbation about a positive baseline; the amplitude that keeps the rendered movie non-negative is recorded in the source bank manifest,e9c3a2d32a8bc24f638b0cb6e8fb573a72334b5e577afad9ed2b0aab5d009381
UNRESOLVED_IMAGE,0.25,11,0.24999999999999994,2.220446049250313e-16,0.5497382248301129,0.533203125,0.04397496704365141,False,SUPPORTED,,signed perturbation about a positive baseline; the amplitude that keeps the rendered movie non-negative is recorded in the source bank manifest,e9c3a2d32a8bc24f638b0cb6e8fb573a72334b5e577afad9ed2b0aab5d009381
UNRESOLVED_IMAGE,0.25,12,0.25,0.0,0.5497382248301129,0.572265625,0.04397496704365141,False,SUPPORTED,,signed perturbation about a positive baseline; the amplitude that keeps the rendered movie non-negative is recorded in the source bank manifest,e9c3a2d32a8bc24f638b0cb6e8fb573a72334b5e577afad9ed2b0aab5d009381
UNRESOLVED_IMAGE,0.25,13,0.25000000000000006,2.220446049250313e-16,0.5497382248301129,0.55078125,0.04397496704365141,False,SUPPORTED,,signed perturbation about a positive baseline; the amplitude that keeps the rendered movie non-negative is recorded in the source bank manifest,e9c3a2d32a8bc24f638b0cb6e8fb573a72334b5e577afad9ed2b0aab5d009381
UNRESOLVED_IMAGE,0.25,14,0.25000000000000006,2.220446049250313e-16,0.5497382248301129,0.51953125,0.04397496704365141,False,SUPPORTED,,signed perturbation about a positive baseline; the amplitude that keeps the rendered movie non-negative is recorded in the source bank manifest,e9c3a2d32a8bc24f638b0cb6e8fb573a72334b5e577afad9ed2b0aab5d009381
UNRESOLVED_IMAGE,0.25,15,0.25,0.0,0.5497382248301129,0.513671875,0.04397496704365141,False,SUPPORTED,,signed perturbation about a positive baseline; the amplitude that keeps the rendered movie non-negative is recorded in the source bank manifest,e9c3a2d32a8bc24f638b0cb6e8fb573a72334b5e577afad9ed2b0aab5d009381
UNRESOLVED_IMAGE,0.25,16,0.24999999999999994,2.220446049250313e-16,0.5497382248301129,0.54296875,0.04397496704365141,False,SUPPORTED,,signed perturbation about a positive baseline; the amplitude that keeps the rendered movie non-negative is recorded in the source bank manifest,e9c3a2d32a8bc24f638b0cb6e8fb573a72334b5e577afad9ed2b0aab5d009381
UNRESOLVED_IMAGE,0.25,17,0.25,0.0,0.5497382248301129,0.5859375,0.04397496704365141,False,SUPPORTED,,signed perturbation about a positive baseline; the amplitude that keeps the rendered movie non-negative is recorded in the source bank manifest,e9c3a2d32a8bc24f638b0cb6e8fb573a72334b5e577afad9ed2b0aab5d009381
UNRESOLVED_IMAGE,0.25,18,0.24999999999999997,1.1102230246251565e-16,0.5497382248301129,0.529296875,0.04397496704365141,False,SUPPORTED,,signed perturbation about a positive baseline; the amplitude that keeps the rendered movie non-negative is recorded in the source bank manifest,e9c3a2d32a8bc24f638b0cb6e8fb573a72334b5e577afad9ed2b0aab5d009381
UNRESOLVED_IMAGE,0.25,19,0.25,0.0,0.5497382248301129,0.537109375,0.04397496704365141,False,SUPPORTED,,signed perturbation about a positive baseline; the amplitude that keeps the rendered movie non-negative is recorded in the source bank manifest,e9c3a2d32a8bc24f638b0cb6e8fb573a72334b5e577afad9ed2b0aab5d009381
UNRESOLVED_IMAGE,0.25,20,0.24999999999999997,1.1102230246251565e-16,0.5497382248301129,0.5390625,0.04397496704365141,False,SUPPORTED,,signed perturbation about a positive baseline; the amplitude that keeps the rendered movie non-negative is recorded in the source bank manifest,e9c3a2d32a8bc24f638b0cb6e8fb573a72334b5e577afad9ed2b0aab5d009381
UNRESOLVED_IMAGE,0.25,21,0.25,0.0,0.5497382248301129,0.521484375,0.04397496704365141,False,SUPPORTED,,signed perturbation about a positive baseline; the amplitude that keeps the rendered movie non-negative is recorded in the source bank manifest,e9c3a2d32a8bc24f638b0cb6e8fb573a72334b5e577afad9ed2b0aab5d009381
UNRESOLVED_IMAGE,0.25,22,0.24999999999999994,2.220446049250313e-16,0.5497382248301129,0.51953125,0.04397496704365141,False,SUPPORTED,,signed perturbation about a positive baseline; the amplitude that keeps the rendered movie non-negative is recorded in the source bank manifest,e9c3a2d32a8bc24f638b0cb6e8fb573a72334b5e577afad9ed2b0aab5d009381
UNRESOLVED_IMAGE,0.25,23,0.25000000000000006,2.220446049250313e-16,0.5497382248301129,0.529296875,0.04397496704365141,False,SUPPORTED,,signed perturbation about a positive baseline; the amplitude that keeps the rendered movie non-negative is recorded in the source bank manifest,e9c3a2d32a8bc24f638b0cb6e8fb573a72334b5e577afad9ed2b0aab5d009381
UNRESOLVED_IMAGE,0.25,24,0.24999999999999994,2.220446049250313e-16,0.5497382248301129,0.53515625,0.04397496704365141,False,SUPPORTED,,signed perturbation about a positive baseline; the amplitude that keeps the rendered movie non-negative is recorded in the source bank manifest,e9c3a2d32a8bc24f638b0cb6e8fb573a72334b5e577afad9ed2b0aab5d009381
UNRESOLVED_IMAGE,0.25,25,0.25,0.0,0.5497382248301129,0.533203125,0.04397496704365141,False,SUPPORTED,,signed perturbation about a positive baseline; the amplitude that keeps the rendered movie non-negative is recorded in the source bank manifest,e9c3a2d32a8bc24f638b0cb6e8fb573a72334b5e577afad9ed2b0aab5d009381
UNRESOLVED_IMAGE,0.25,26,0.24999999999999997,1.1102230246251565e-16,0.5497382248301129,0.537109375,0.04397496704365141,False,SUPPORTED,,signed perturbation about a positive baseline; the amplitude that keeps the rendered movie non-negative is recorded in the source bank manifest,e9c3a2d32a8bc24f638b0cb6e8fb573a72334b5e577afad9ed2b0aab5d009381
UNRESOLVED_IMAGE,0.25,27,0.24999999999999997,1.1102230246251565e-16,0.5497382248301129,0.525390625,0.04397496704365141,False,SUPPORTED,,signed perturbation about a positive baseline; the amplitude that keeps the rendered movie non-negative is recorded in the source bank manifest,e9c3a2d32a8bc24f638b0cb6e8fb573a72334b5e577afad9ed2b0aab5d009381
UNRESOLVED_IMAGE,0.25,28,0.25,0.0,0.5497382248301129,0.548828125,0.04397496704365141,False,SUPPORTED,,signed perturbation about a positive baseline; the amplitude that keeps the rendered movie non-negative is recorded in the source bank manifest,e9c3a2d32a8bc24f638b0cb6e8fb573a72334b5e577afad9ed2b0aab5d009381
UNRESOLVED_IMAGE,0.25,29,0.25,0.0,0.5497382248301129,0.525390625,0.04397496704365141,False,SUPPORTED,,signed perturbation about a positive baseline; the amplitude that keeps the rendered movie non-negative is recorded in the source bank manifest,e9c3a2d32a8bc24f638b0cb6e8fb573a72334b5e577afad9ed2b0aab5d009381
UNRESOLVED_IMAGE,0.25,30,0.24999999999999997,1.1102230246251565e-16,0.5497382248301129,0.560546875,0.04397496704365141,False,SUPPORTED,,signed perturbation about a positive baseline; the amplitude that keeps the rendered movie non-negative is recorded in the source bank manifest,e9c3a2d32a8bc24f638b0cb6e8fb573a72334b5e577afad9ed2b0aab5d009381
UNRESOLVED_IMAGE,0.25,31,0.25,0.0,0.5497382248301129,0.537109375,0.04397496704365141,False,SUPPORTED,,signed perturbation about a positive baseline; the amplitude that keeps the rendered movie non-negative is recorded in the source bank manifest,e9c3a2d32a8bc24f638b0cb6e8fb573a72334b5e577afad9ed2b0aab5d009381
UNRESOLVED_IMAGE,0.25,32,0.25,0.0,0.5497382248301129,0.55078125,0.04397496704365141,False,SUPPORTED,,signed perturbation about a positive baseline; the amplitude that keeps the rendered movie non-negative is recorded in the source bank manifest,e9c3a2d32a8bc24f638b0cb6e8fb573a72334b5e577afad9ed2b0aab5d009381
UNRESOLVED_IMAGE,0.25,33,0.2499999999999999,4.440892098500626e-16,0.5497382248301129,0.568359375,0.04397496704365141,False,SUPPORTED,,signed perturbation about a positive baseline; the amplitude that keeps the rendered movie non-negative is recorded in the source bank manifest,e9c3a2d32a8bc24f638b0cb6e8fb573a72334b5e577afad9ed2b0aab5d009381
UNRESOLVED_IMAGE,0.25,34,0.25,0.0,0.5497382248301129,0.556640625,0.04397496704365141,False,SUPPORTED,,signed perturbation about a positive baseline; the amplitude that keeps the rendered movie non-negative is recorded in the source bank manifest,e9c3a2d32a8bc24f638b0cb6e8fb573a72334b5e577afad9ed2b0aab5d009381
UNRESOLVED_IMAGE,0.25,35,0.25,0.0,0.5497382248301129,0.5703125,0.04397496704365141,False,SUPPORTED,,signed perturbation about a positive baseline; the amplitude that keeps the rendered movie non-negative is recorded in the source bank manifest,e9c3a2d32a8bc24f638b0cb6e8fb573a72334b5e577afad9ed2b0aab5d009381
UNRESOLVED_IMAGE,0.25,36,0.24999999999999997,1.1102230246251565e-16,0.5497382248301129,0.572265625,0.04397496704365141,False,SUPPORTED,,signed perturbation about a positive baseline; the amplitude that keeps the rendered movie non-negative is recorded in the source bank manifest,e9c3a2d32a8bc24f638b0cb6e8fb573a72334b5e577afad9ed2b0aab5d009381
UNRESOLVED_IMAGE,0.25,37,0.25,0.0,0.5497382248301129,0.56640625,0.04397496704365141,False,SUPPORTED,,signed perturbation about a positive baseline; the amplitude that keeps the rendered movie non-negative is recorded in the source bank manifest,e9c3a2d32a8bc24f638b0cb6e8fb573a72334b5e577afad9ed2b0aab5d009381
UNRESOLVED_IMAGE,0.25,38,0.2499999999999999,4.440892098500626e-16,0.5497382248301129,0.583984375,0.04397496704365141,False,SUPPORTED,,signed perturbation about a positive baseline; the amplitude that keeps the rendered movie non-negative is recorded in the source bank manifest,e9c3a2d32a8bc24f638b0cb6e8fb573a72334b5e577afad9ed2b0aab5d009381
UNRESOLVED_IMAGE,0.25,39,0.25,0.0,0.5497382248301129,0.525390625,0.04397496704365141,False,SUPPORTED,,signed perturbation about a positive baseline; the amplitude that keeps the rendered movie non-negative is recorded in the source bank manifest,e9c3a2d32a8bc24f638b0cb6e8fb573a72334b5e577afad9ed2b0aab5d009381
UNRESOLVED_IMAGE,0.5,0,0.5,0.0,0.5987063256829237,0.59765625,0.04332445373196591,False,SUPPORTED,,signed perturbation about a positive baseline; the amplitude that keeps the rendered movie non-negative is recorded in the source bank manifest,e9c3a2d32a8bc24f638b0cb6e8fb573a72334b5e577afad9ed2b0aab5d009381
UNRESOLVED_IMAGE,0.5,1,0.49999999999999994,1.1102230246251565e-16,0.5987063256829237,0.607421875,0.04332445373196591,False,SUPPORTED,,signed perturbation about a positive baseline; the amplitude that keeps the rendered movie non-negative is recorded in the source bank manifest,e9c3a2d32a8bc24f638b0cb6e8fb573a72334b5e577afad9ed2b0aab5d009381
UNRESOLVED_IMAGE,0.5,2,0.5,0.0,0.5987063256829237,0.5546875,0.04332445373196591,False,SUPPORTED,,signed perturbation about a positive baseline; the amplitude that keeps the rendered movie non-negative is recorded in the source bank manifest,e9c3a2d32a8bc24f638b0cb6e8fb573a72334b5e577afad9ed2b0aab5d009381
UNRESOLVED_IMAGE,0.5,3,0.5,0.0,0.5987063256829237,0.62109375,0.04332445373196591,False,SUPPORTED,,signed perturbation about a positive baseline; the amplitude that keeps the rendered movie non-negative is recorded in the source bank manifest,e9c3a2d32a8bc24f638b0cb6e8fb573a72334b5e577afad9ed2b0aab5d009381
UNRESOLVED_IMAGE,0.5,4,0.49999999999999994,1.1102230246251565e-16,0.5987063256829237,0.5703125,0.04332445373196591,False,SUPPORTED,,signed perturbation about a positive baseline; the amplitude that keeps the rendered movie non-negative is recorded in the source bank manifest,e9c3a2d32a8bc24f638b0cb6e8fb573a72334b5e577afad9ed2b0aab5d009381
UNRESOLVED_IMAGE,0.5,5,0.4999999999999999,2.220446049250313e-16,0.5987063256829237,0.615234375,0.04332445373196591,False,SUPPORTED,,signed perturbation about a positive baseline; the amplitude that keeps the rendered movie non-negative is recorded in the source bank manifest,e9c3a2d32a8bc24f638b0cb6e8fb573a72334b5e577afad9ed2b0aab5d009381
UNRESOLVED_IMAGE,0.5,6,0.5,0.0,0.5987063256829237,0.572265625,0.04332445373196591,False,SUPPORTED,,signed perturbation about a positive baseline; the amplitude that keeps the rendered movie non-negative is recorded in the source bank manifest,e9c3a2d32a8bc24f638b0cb6e8fb573a72334b5e577afad9ed2b0aab5d009381
UNRESOLVED_IMAGE,0.5,7,0.5000000000000002,4.440892098500626e-16,0.5987063256829238,0.634765625,0.0433244537319659,False,SUPPORTED,,signed perturbation about a positive baseline; the amplitude that keeps the rendered movie non-negative is recorded in the source bank manifest,e9c3a2d32a8bc24f638b0cb6e8fb573a72334b5e577afad9ed2b0aab5d009381
UNRESOLVED_IMAGE,0.5,8,0.4999999999999999,2.220446049250313e-16,0.5987063256829237,0.564453125,0.04332445373196591,False,SUPPORTED,,signed perturbation about a positive baseline; the amplitude that keeps the rendered movie non-negative is recorded in the source bank manifest,e9c3a2d32a8bc24f638b0cb6e8fb573a72334b5e577afad9ed2b0aab5d009381
UNRESOLVED_IMAGE,0.5,9,0.49999999999999994,1.1102230246251565e-16,0.5987063256829237,0.572265625,0.04332445373196591,False,SUPPORTED,,signed perturbation about a positive baseline; the amplitude that keeps the rendered movie non-negative is recorded in the source bank manifest,e9c3a2d32a8bc24f638b0cb6e8fb573a72334b5e577afad9ed2b0aab5d009381
UNRESOLVED_IMAGE,0.5,10,0.49999999999999994,1.1102230246251565e-16,0.5987063256829237,0.578125,0.04332445373196591,False,SUPPORTED,,signed perturbation about a positive baseline; the amplitude that keeps the rendered movie non-negative is recorded in the source bank manifest,e9c3a2d32a8bc24f638b0cb6e8fb573a72334b5e577afad9ed2b0aab5d009381
UNRESOLVED_IMAGE,0.5,11,0.49999999999999994,1.1102230246251565e-16,0.5987063256829237,0.5859375,0.04332445373196591,False,SUPPORTED,,signed perturbation about a positive baseline; the amplitude that keeps the rendered movie non-negative is recorded in the source bank manifest,e9c3a2d32a8bc24f638b0cb6e8fb573a72334b5e577afad9ed2b0aab5d009381
UNRESOLVED_IMAGE,0.5,12,0.5000000000000001,2.220446049250313e-16,0.5987063256829237,0.603515625,0.04332445373196591,False,SUPPORTED,,signed perturbation about a positive baseline; the amplitude that keeps the rendered movie non-negative is recorded in the source bank manifest,e9c3a2d32a8bc24f638b0cb6e8fb573a72334b5e577afad9ed2b0aab5d009381
UNRESOLVED_IMAGE,0.5,13,0.49999999999999994,1.1102230246251565e-16,0.5987063256829237,0.61328125,0.04332445373196591,False,SUPPORTED,,signed perturbation about a positive baseline; the amplitude that keeps the rendered movie non-negative is recorded in the source bank manifest,e9c3a2d32a8bc24f638b0cb6e8fb573a72334b5e577afad9ed2b0aab5d009381
UNRESOLVED_IMAGE,0.5,14,0.49999999999999994,1.1102230246251565e-16,0.5987063256829237,0.609375,0.04332445373196591,False,SUPPORTED,,signed perturbation about a positive baseline; the amplitude that keeps the rendered movie non-negative is recorded in the source bank manifest,e9c3a2d32a8bc24f638b0cb6e8fb573a72334b5e577afad9ed2b0aab5d009381
UNRESOLVED_IMAGE,0.5,15,0.49999999999999994,1.1102230246251565e-16,0.5987063256829237,0.640625,0.04332445373196591,False,SUPPORTED,,signed perturbation about a positive baseline; the amplitude that keeps the rendered movie non-negative is recorded in the source bank manifest,e9c3a2d32a8bc24f638b0cb6e8fb573a72334b5e577afad9ed2b0aab5d009381
UNRESOLVED_IMAGE,0.5,16,0.5,0.0,0.5987063256829237,0.6171875,0.04332445373196591,False,SUPPORTED,,signed perturbation about a positive baseline; the amplitude that keeps the rendered movie non-negative is recorded in the source bank manifest,e9c3a2d32a8bc24f638b0cb6e8fb573a72334b5e577afad9ed2b0aab5d009381
UNRESOLVED_IMAGE,0.5,17,0.5,0.0,0.5987063256829237,0.587890625,0.04332445373196591,False,SUPPORTED,,signed perturbation about a positive baseline; the amplitude that keeps the rendered movie non-negative is recorded in the source bank manifest,e9c3a2d32a8bc24f638b0cb6e8fb573a72334b5e577afad9ed2b0aab5d009381
UNRESOLVED_IMAGE,0.5,18,0.49999999999999994,1.1102230246251565e-16,0.5987063256829237,0.544921875,0.04332445373196591,False,SUPPORTED,,signed perturbation about a positive baseline; the amplitude that keeps the rendered movie non-negative is recorded in the source bank manifest,e9c3a2d32a8bc24f638b0cb6e8fb573a72334b5e577afad9ed2b0aab5d009381
UNRESOLVED_IMAGE,0.5,19,0.49999999999999994,1.1102230246251565e-16,0.5987063256829237,0.61328125,0.04332445373196591,False,SUPPORTED,,signed perturbation about a positive baseline; the amplitude that keeps the rendered movie non-negative is recorded in the source bank manifest,e9c3a2d32a8bc24f638b0cb6e8fb573a72334b5e577afad9ed2b0aab5d009381
UNRESOLVED_IMAGE,0.5,20,0.5,0.0,0.5987063256829237,0.615234375,0.04332445373196591,False,SUPPORTED,,signed perturbation about a positive baseline; the amplitude that keeps the rendered movie non-negative is recorded in the source bank manifest,e9c3a2d32a8bc24f638b0cb6e8fb573a72334b5e577afad9ed2b0aab5d009381
UNRESOLVED_IMAGE,0.5,21,0.5000000000000001,2.220446049250313e-16,0.5987063256829237,0.576171875,0.04332445373196591,False,SUPPORTED,,signed perturbation about a positive baseline; the amplitude that keeps the rendered movie non-negative is recorded in the source bank manifest,e9c3a2d32a8bc24f638b0cb6e8fb573a72334b5e577afad9ed2b0aab5d009381
UNRESOLVED_IMAGE,0.5,22,0.5,0.0,0.5987063256829237,0.591796875,0.04332445373196591,False,SUPPORTED,,signed perturbation about a positive baseline; the amplitude that keeps the rendered movie non-negative is recorded in the source bank manifest,e9c3a2d32a8bc24f638b0cb6e8fb573a72334b5e577afad9ed2b0aab5d009381
UNRESOLVED_IMAGE,0.5,23,0.5,0.0,0.5987063256829237,0.5546875,0.04332445373196591,False,SUPPORTED,,signed perturbation about a positive baseline; the amplitude that keeps the rendered movie non-negative is recorded in the source bank manifest,e9c3a2d32a8bc24f638b0cb6e8fb573a72334b5e577afad9ed2b0aab5d009381
UNRESOLVED_IMAGE,0.5,24,0.4999999999999999,2.220446049250313e-16,0.5987063256829237,0.583984375,0.04332445373196591,False,SUPPORTED,,signed perturbation about a positive baseline; the amplitude that keeps the rendered movie non-negative is recorded in the source bank manifest,e9c3a2d32a8bc24f638b0cb6e8fb573a72334b5e577afad9ed2b0aab5d009381
UNRESOLVED_IMAGE,0.5,25,0.5,0.0,0.5987063256829237,0.59765625,0.04332445373196591,False,SUPPORTED,,signed perturbation about a positive baseline; the amplitude that keeps the rendered movie non-negative is recorded in the source bank manifest,e9c3a2d32a8bc24f638b0cb6e8fb573a72334b5e577afad9ed2b0aab5d009381
UNRESOLVED_IMAGE,0.5,26,0.5,0.0,0.5987063256829237,0.6015625,0.04332445373196591,False,SUPPORTED,,signed perturbation about a positive baseline; the amplitude that keeps the rendered movie non-negative is recorded in the source bank manifest,e9c3a2d32a8bc24f638b0cb6e8fb573a72334b5e577afad9ed2b0aab5d009381
UNRESOLVED_IMAGE,0.5,27,0.49999999999999994,1.1102230246251565e-16,0.5987063256829237,0.607421875,0.04332445373196591,False,SUPPORTED,,signed perturbation about a positive baseline; the amplitude that keeps the rendered movie non-negative is recorded in the source bank manifest,e9c3a2d32a8bc24f638b0cb6e8fb573a72334b5e577afad9ed2b0aab5d009381
UNRESOLVED_IMAGE,0.5,28,0.5,0.0,0.5987063256829237,0.58984375,0.04332445373196591,False,SUPPORTED,,signed perturbation about a positive baseline; the amplitude that keeps the rendered movie non-negative is recorded in the source bank manifest,e9c3a2d32a8bc24f638b0cb6e8fb573a72334b5e577afad9ed2b0aab5d009381
UNRESOLVED_IMAGE,0.5,29,0.5000000000000001,2.220446049250313e-16,0.5987063256829237,0.56640625,0.04332445373196591,False,SUPPORTED,,signed perturbation about a positive baseline; the amplitude that keeps the rendered movie non-negative is recorded in the source bank manifest,e9c3a2d32a8bc24f638b0cb6e8fb573a72334b5e577afad9ed2b0aab5d009381
UNRESOLVED_IMAGE,0.5,30,0.5,0.0,0.5987063256829237,0.56640625,0.04332445373196591,False,SUPPORTED,,signed perturbation about a positive baseline; the amplitude that keeps the rendered movie non-negative is recorded in the source bank manifest,e9c3a2d32a8bc24f638b0cb6e8fb573a72334b5e577afad9ed2b0aab5d009381
UNRESOLVED_IMAGE,0.5,31,0.5,0.0,0.5987063256829237,0.595703125,0.04332445373196591,False,SUPPORTED,,signed perturbation about a positive baseline; the amplitude that keeps the rendered movie non-negative is recorded in the source bank manifest,e9c3a2d32a8bc24f638b0cb6e8fb573a72334b5e577afad9ed2b0aab5d009381
UNRESOLVED_IMAGE,0.5,32,0.49999999999999994,1.1102230246251565e-16,0.5987063256829237,0.599609375,0.04332445373196591,False,SUPPORTED,,signed perturbation about a positive baseline; the amplitude that keeps the rendered movie non-negative is recorded in the source bank manifest,e9c3a2d32a8bc24f638b0cb6e8fb573a72334b5e577afad9ed2b0aab5d009381
UNRESOLVED_IMAGE,0.5,33,0.5,0.0,0.5987063256829237,0.60546875,0.04332445373196591,False,SUPPORTED,,signed perturbation about a positive baseline; the amplitude that keeps the rendered movie non-negative is recorded in the source bank manifest,e9c3a2d32a8bc24f638b0cb6e8fb573a72334b5e577afad9ed2b0aab5d009381
UNRESOLVED_IMAGE,0.5,34,0.49999999999999994,1.1102230246251565e-16,0.5987063256829237,0.572265625,0.04332445373196591,False,SUPPORTED,,signed perturbation about a positive baseline; the amplitude that keeps the rendered movie non-negative is recorded in the source bank manifest,e9c3a2d32a8bc24f638b0cb6e8fb573a72334b5e577afad9ed2b0aab5d009381
UNRESOLVED_IMAGE,0.5,35,0.5000000000000001,2.220446049250313e-16,0.5987063256829237,0.57421875,0.04332445373196591,False,SUPPORTED,,signed perturbation about a positive baseline; the amplitude that keeps the rendered movie non-negative is recorded in the source bank manifest,e9c3a2d32a8bc24f638b0cb6e8fb573a72334b5e577afad9ed2b0aab5d009381
UNRESOLVED_IMAGE,0.5,36,0.5,0.0,0.5987063256829237,0.625,0.04332445373196591,False,SUPPORTED,,signed perturbation about a positive baseline; the amplitude that keeps the rendered movie non-negative is recorded in the source bank manifest,e9c3a2d32a8bc24f638b0cb6e8fb573a72334b5e577afad9ed2b0aab5d009381
UNRESOLVED_IMAGE,0.5,37,0.5,0.0,0.5987063256829237,0.595703125,0.04332445373196591,False,SUPPORTED,,signed perturbation about a positive baseline; the amplitude that keeps the rendered movie non-negative is recorded in the source bank manifest,e9c3a2d32a8bc24f638b0cb6e8fb573a72334b5e577afad9ed2b0aab5d009381
UNRESOLVED_IMAGE,0.5,38,0.5,0.0,0.5987063256829237,0.609375,0.04332445373196591,False,SUPPORTED,,signed perturbation about a positive baseline; the amplitude that keeps the rendered movie non-negative is recorded in the source bank manifest,e9c3a2d32a8bc24f638b0cb6e8fb573a72334b5e577afad9ed2b0aab5d009381
UNRESOLVED_IMAGE,0.5,39,0.5000000000000001,2.220446049250313e-16,0.5987063256829237,0.615234375,0.04332445373196591,False,SUPPORTED,,signed perturbation about a positive baseline; the amplitude that keeps the rendered movie non-negative is recorded in the source bank manifest,e9c3a2d32a8bc24f638b0cb6e8fb573a72334b5e577afad9ed2b0aab5d009381
UNRESOLVED_IMAGE,1.0,0,1.0,0.0,0.6914624612740131,0.72265625,0.040825670340762725,False,SUPPORTED,,signed perturbation about a positive baseline; the amplitude that keeps the rendered movie non-negative is recorded in the source bank manifest,e9c3a2d32a8bc24f638b0cb6e8fb573a72334b5e577afad9ed2b0aab5d009381
UNRESOLVED_IMAGE,1.0,1,0.9999999999999999,1.1102230246251565e-16,0.691462461274013,0.650390625,0.040825670340762725,False,SUPPORTED,,signed perturbation about a positive baseline; the amplitude that keeps the rendered movie non-negative is recorded in the source bank manifest,e9c3a2d32a8bc24f638b0cb6e8fb573a72334b5e577afad9ed2b0aab5d009381
UNRESOLVED_IMAGE,1.0,2,1.0,0.0,0.6914624612740131,0.7265625,0.040825670340762725,False,SUPPORTED,,signed perturbation about a positive baseline; the amplitude that keeps the rendered movie non-negative is recorded in the source bank manifest,e9c3a2d32a8bc24f638b0cb6e8fb573a72334b5e577afad9ed2b0aab5d009381
UNRESOLVED_IMAGE,1.0,3,0.9999999999999999,1.1102230246251565e-16,0.691462461274013,0.66015625,0.040825670340762725,False,SUPPORTED,,signed perturbation about a positive baseline; the amplitude that keeps the rendered movie non-negative is recorded in the source bank manifest,e9c3a2d32a8bc24f638b0cb6e8fb573a72334b5e577afad9ed2b0aab5d009381
UNRESOLVED_IMAGE,1.0,4,1.0,0.0,0.6914624612740131,0.6953125,0.040825670340762725,False,SUPPORTED,,signed perturbation about a positive baseline; the amplitude that keeps the rendered movie non-negative is recorded in the source bank manifest,e9c3a2d32a8bc24f638b0cb6e8fb573a72334b5e577afad9ed2b0aab5d009381
UNRESOLVED_IMAGE,1.0,5,0.9999999999999997,3.3306690738754696e-16,0.691462461274013,0.654296875,0.040825670340762725,False,SUPPORTED,,signed perturbation about a positive baseline; the amplitude that keeps the rendered movie non-negative is recorded in the source bank manifest,e9c3a2d32a8bc24f638b0cb6e8fb573a72334b5e577afad9ed2b0aab5d009381
UNRESOLVED_IMAGE,1.0,6,0.9999999999999999,1.1102230246251565e-16,0.691462461274013,0.68359375,0.040825670340762725,False,SUPPORTED,,signed perturbation about a positive baseline; the amplitude that keeps the rendered movie non-negative is recorded in the source bank manifest,e9c3a2d32a8bc24f638b0cb6e8fb573a72334b5e577afad9ed2b0aab5d009381
UNRESOLVED_IMAGE,1.0,7,1.0000000000000002,2.220446049250313e-16,0.6914624612740131,0.701171875,0.040825670340762725,False,SUPPORTED,,signed perturbation about a positive baseline; the amplitude that keeps the rendered movie non-negative is recorded in the source bank manifest,e9c3a2d32a8bc24f638b0cb6e8fb573a72334b5e577afad9ed2b0aab5d009381
UNRESOLVED_IMAGE,1.0,8,1.0000000000000002,2.220446049250313e-16,0.6914624612740131,0.685546875,0.040825670340762725,False,SUPPORTED,,signed perturbation about a positive baseline; the amplitude that keeps the rendered movie non-negative is recorded in the source bank manifest,e9c3a2d32a8bc24f638b0cb6e8fb573a72334b5e577afad9ed2b0aab5d009381
UNRESOLVED_IMAGE,1.0,9,1.0,0.0,0.6914624612740131,0.703125,0.040825670340762725,False,SUPPORTED,,signed perturbation about a positive baseline; the amplitude that keeps the rendered movie non-negative is recorded in the source bank manifest,e9c3a2d32a8bc24f638b0cb6e8fb573a72334b5e577afad9ed2b0aab5d009381
UNRESOLVED_IMAGE,1.0,10,1.0,0.0,0.6914624612740131,0.712890625,0.040825670340762725,False,SUPPORTED,,signed perturbation about a positive baseline; the amplitude that keeps the rendered movie non-negative is recorded in the source bank manifest,e9c3a2d32a8bc24f638b0cb6e8fb573a72334b5e577afad9ed2b0aab5d009381
UNRESOLVED_IMAGE,1.0,11,1.0000000000000002,2.220446049250313e-16,0.6914624612740131,0.7109375,0.040825670340762725,False,SUPPORTED,,signed perturbation about a positive baseline; the amplitude that keeps the rendered movie non-negative is recorded in the source bank manifest,e9c3a2d32a8bc24f638b0cb6e8fb573a72334b5e577afad9ed2b0aab5d009381
UNRESOLVED_IMAGE,1.0,12,1.0,0.0,0.6914624612740131,0.68359375,0.040825670340762725,False,SUPPORTED,,signed perturbation about a positive baseline; the amplitude that keeps the rendered movie non-negative is recorded in the source bank manifest,e9c3a2d32a8bc24f638b0cb6e8fb573a72334b5e577afad9ed2b0aab5d009381
UNRESOLVED_IMAGE,1.0,13,1.0,0.0,0.6914624612740131,0.728515625,0.040825670340762725,False,SUPPORTED,,signed perturbation about a positive baseline; the amplitude that keeps the rendered movie non-negative is recorded in the source bank manifest,e9c3a2d32a8bc24f638b0cb6e8fb573a72334b5e577afad9ed2b0aab5d009381
UNRESOLVED_IMAGE,1.0,14,0.9999999999999999,1.1102230246251565e-16,0.691462461274013,0.732421875,0.040825670340762725,True,SUPPORTED,,signed perturbation about a positive baseline; the amplitude that keeps the rendered movie non-negative is recorded in the source bank manifest,e9c3a2d32a8bc24f638b0cb6e8fb573a72334b5e577afad9ed2b0aab5d009381
UNRESOLVED_IMAGE,1.0,15,0.9999999999999997,3.3306690738754696e-16,0.691462461274013,0.685546875,0.040825670340762725,False,SUPPORTED,,signed perturbation about a positive baseline; the amplitude that keeps the rendered movie non-negative is recorded in the source bank manifest,e9c3a2d32a8bc24f638b0cb6e8fb573a72334b5e577afad9ed2b0aab5d009381
UNRESOLVED_IMAGE,1.0,16,1.0,0.0,0.6914624612740131,0.6953125,0.040825670340762725,False,SUPPORTED,,signed perturbation about a positive baseline; the amplitude that keeps the rendered movie non-negative is recorded in the source bank manifest,e9c3a2d32a8bc24f638b0cb6e8fb573a72334b5e577afad9ed2b0aab5d009381
UNRESOLVED_IMAGE,1.0,17,0.9999999999999999,1.1102230246251565e-16,0.691462461274013,0.67578125,0.040825670340762725,False,SUPPORTED,,signed perturbation about a positive baseline; the amplitude that keeps the rendered movie non-negative is recorded in the source bank manifest,e9c3a2d32a8bc24f638b0cb6e8fb573a72334b5e577afad9ed2b0aab5d009381
UNRESOLVED_IMAGE,1.0,18,1.0,0.0,0.6914624612740131,0.6796875,0.040825670340762725,False,SUPPORTED,,signed perturbation about a positive baseline; the amplitude that keeps the rendered movie non-negative is recorded in the source bank manifest,e9c3a2d32a8bc24f638b0cb6e8fb573a72334b5e577afad9ed2b0aab5d009381
UNRESOLVED_IMAGE,1.0,19,1.0,0.0,0.6914624612740131,0.7109375,0.040825670340762725,False,SUPPORTED,,signed perturbation about a positive baseline; the amplitude that keeps the rendered movie non-negative is recorded in the source bank manifest,e9c3a2d32a8bc24f638b0cb6e8fb573a72334b5e577afad9ed2b0aab5d009381
UNRESOLVED_IMAGE,1.0,20,0.9999999999999999,1.1102230246251565e-16,0.691462461274013,0.681640625,0.040825670340762725,False,SUPPORTED,,signed perturbation about a positive baseline; the amplitude that keeps the rendered movie non-negative is recorded in the source bank manifest,e9c3a2d32a8bc24f638b0cb6e8fb573a72334b5e577afad9ed2b0aab5d009381
UNRESOLVED_IMAGE,1.0,21,0.9999999999999998,2.220446049250313e-16,0.691462461274013,0.677734375,0.040825670340762725,False,SUPPORTED,,signed perturbation about a positive baseline; the amplitude that keeps the rendered movie non-negative is recorded in the source bank manifest,e9c3a2d32a8bc24f638b0cb6e8fb573a72334b5e577afad9ed2b0aab5d009381
UNRESOLVED_IMAGE,1.0,22,1.0,0.0,0.6914624612740131,0.7265625,0.040825670340762725,False,SUPPORTED,,signed perturbation about a positive baseline; the amplitude that keeps the rendered movie non-negative is recorded in the source bank manifest,e9c3a2d32a8bc24f638b0cb6e8fb573a72334b5e577afad9ed2b0aab5d009381
UNRESOLVED_IMAGE,1.0,23,0.9999999999999999,1.1102230246251565e-16,0.691462461274013,0.6953125,0.040825670340762725,False,SUPPORTED,,signed perturbation about a positive baseline; the amplitude that keeps the rendered movie non-negative is recorded in the source bank manifest,e9c3a2d32a8bc24f638b0cb6e8fb573a72334b5e577afad9ed2b0aab5d009381
UNRESOLVED_IMAGE,1.0,24,1.0,0.0,0.6914624612740131,0.697265625,0.040825670340762725,False,SUPPORTED,,signed perturbation about a positive baseline; the amplitude that keeps the rendered movie non-negative is recorded in the source bank manifest,e9c3a2d32a8bc24f638b0cb6e8fb573a72334b5e577afad9ed2b0aab5d009381
UNRESOLVED_IMAGE,1.0,25,1.0000000000000002,2.220446049250313e-16,0.6914624612740131,0.666015625,0.040825670340762725,False,SUPPORTED,,signed perturbation about a positive baseline; the amplitude that keeps the rendered movie non-negative is recorded in the source bank manifest,e9c3a2d32a8bc24f638b0cb6e8fb573a72334b5e577afad9ed2b0aab5d009381
UNRESOLVED_IMAGE,1.0,26,0.9999999999999999,1.1102230246251565e-16,0.691462461274013,0.6484375,0.040825670340762725,False,SUPPORTED,,signed perturbation about a positive baseline; the amplitude that keeps the rendered movie non-negative is recorded in the source bank manifest,e9c3a2d32a8bc24f638b0cb6e8fb573a72334b5e577afad9ed2b0aab5d009381
UNRESOLVED_IMAGE,1.0,27,1.0,0.0,0.6914624612740131,0.677734375,0.040825670340762725,False,SUPPORTED,,signed perturbation about a positive baseline; the amplitude that keeps the rendered movie non-negative is recorded in the source bank manifest,e9c3a2d32a8bc24f638b0cb6e8fb573a72334b5e577afad9ed2b0aab5d009381
UNRESOLVED_IMAGE,1.0,28,1.0,0.0,0.6914624612740131,0.697265625,0.040825670340762725,False,SUPPORTED,,signed perturbation about a positive baseline; the amplitude that keeps the rendered movie non-negative is recorded in the source bank manifest,e9c3a2d32a8bc24f638b0cb6e8fb573a72334b5e577afad9ed2b0aab5d009381
UNRESOLVED_IMAGE,1.0,29,1.0,0.0,0.6914624612740131,0.69140625,0.040825670340762725,False,SUPPORTED,,signed perturbation about a positive baseline; the amplitude that keeps the rendered movie non-negative is recorded in the source bank manifest,e9c3a2d32a8bc24f638b0cb6e8fb573a72334b5e577afad9ed2b0aab5d009381
UNRESOLVED_IMAGE,1.0,30,0.9999999999999999,1.1102230246251565e-16,0.691462461274013,0.671875,0.040825670340762725,False,SUPPORTED,,signed perturbation about a positive baseline; the amplitude that keeps the rendered movie non-negative is recorded in the source bank manifest,e9c3a2d32a8bc24f638b0cb6e8fb573a72334b5e577afad9ed2b0aab5d009381
UNRESOLVED_IMAGE,1.0,31,0.9999999999999999,1.1102230246251565e-16,0.691462461274013,0.693359375,0.040825670340762725,False,SUPPORTED,,signed perturbation about a positive baseline; the amplitude that keeps the rendered movie non-negative is recorded in the source bank manifest,e9c3a2d32a8bc24f638b0cb6e8fb573a72334b5e577afad9ed2b0aab5d009381
UNRESOLVED_IMAGE,1.0,32,0.9999999999999998,2.220446049250313e-16,0.691462461274013,0.703125,0.040825670340762725,False,SUPPORTED,,signed perturbation about a positive baseline; the amplitude that keeps the rendered movie non-negative is recorded in the source bank manifest,e9c3a2d32a8bc24f638b0cb6e8fb573a72334b5e577afad9ed2b0aab5d009381
UNRESOLVED_IMAGE,1.0,33,0.9999999999999998,2.220446049250313e-16,0.691462461274013,0.6796875,0.040825670340762725,False,SUPPORTED,,signed perturbation about a positive baseline; the amplitude that keeps the rendered movie non-negative is recorded in the source bank manifest,e9c3a2d32a8bc24f638b0cb6e8fb573a72334b5e577afad9ed2b0aab5d009381
UNRESOLVED_IMAGE,1.0,34,0.9999999999999999,1.1102230246251565e-16,0.691462461274013,0.6796875,0.040825670340762725,False,SUPPORTED,,signed perturbation about a positive baseline; the amplitude that keeps the rendered movie non-negative is recorded in the source bank manifest,e9c3a2d32a8bc24f638b0cb6e8fb573a72334b5e577afad9ed2b0aab5d009381
UNRESOLVED_IMAGE,1.0,35,0.9999999999999999,1.1102230246251565e-16,0.691462461274013,0.67578125,0.040825670340762725,False,SUPPORTED,,signed perturbation about a positive baseline; the amplitude that keeps the rendered movie non-negative is recorded in the source bank manifest,e9c3a2d32a8bc24f638b0cb6e8fb573a72334b5e577afad9ed2b0aab5d009381
UNRESOLVED_IMAGE,1.0,36,0.9999999999999998,2.220446049250313e-16,0.691462461274013,0.6796875,0.040825670340762725,False,SUPPORTED,,signed perturbation about a positive baseline; the amplitude that keeps the rendered movie non-negative is recorded in the source bank manifest,e9c3a2d32a8bc24f638b0cb6e8fb573a72334b5e577afad9ed2b0aab5d009381
UNRESOLVED_IMAGE,1.0,37,1.0,0.0,0.6914624612740131,0.69921875,0.040825670340762725,False,SUPPORTED,,signed perturbation about a positive baseline; the amplitude that keeps the rendered movie non-negative is recorded in the source bank manifest,e9c3a2d32a8bc24f638b0cb6e8fb573a72334b5e577afad9ed2b0aab5d009381
UNRESOLVED_IMAGE,1.0,38,1.0000000000000002,2.220446049250313e-16,0.6914624612740131,0.6484375,0.040825670340762725,False,SUPPORTED,,signed perturbation about a positive baseline; the amplitude that keeps the rendered movie non-negative is recorded in the source bank manifest,e9c3a2d32a8bc24f638b0cb6e8fb573a72334b5e577afad9ed2b0aab5d009381
UNRESOLVED_IMAGE,1.0,39,0.9999999999999999,1.1102230246251565e-16,0.691462461274013,0.6953125,0.040825670340762725,False,SUPPORTED,,signed perturbation about a positive baseline; the amplitude that keeps the rendered movie non-negative is recorded in the source bank manifest,e9c3a2d32a8bc24f638b0cb6e8fb573a72334b5e577afad9ed2b0aab5d009381
UNRESOLVED_IMAGE,2.0,0,1.9999999999999998,1.1102230246251565e-16,0.8413447460685429,0.837890625,0.03229306285936776,False,SUPPORTED,,signed perturbation about a positive baseline; the amplitude that keeps the rendered movie non-negative is recorded in the source bank manifest,e9c3a2d32a8bc24f638b0cb6e8fb573a72334b5e577afad9ed2b0aab5d009381
UNRESOLVED_IMAGE,2.0,1,2.0,0.0,0.8413447460685429,0.84375,0.03229306285936776,False,SUPPORTED,,signed perturbation about a positive baseline; the amplitude that keeps the rendered movie non-negative is recorded in the source bank manifest,e9c3a2d32a8bc24f638b0cb6e8fb573a72334b5e577afad9ed2b0aab5d009381
UNRESOLVED_IMAGE,2.0,2,2.0,0.0,0.8413447460685429,0.822265625,0.03229306285936776,False,SUPPORTED,,signed perturbation about a positive baseline; the amplitude that keeps the rendered movie non-negative is recorded in the source bank manifest,e9c3a2d32a8bc24f638b0cb6e8fb573a72334b5e577afad9ed2b0aab5d009381
UNRESOLVED_IMAGE,2.0,3,2.0,0.0,0.8413447460685429,0.86328125,0.03229306285936776,False,SUPPORTED,,signed perturbation about a positive baseline; the amplitude that keeps the rendered movie non-negative is recorded in the source bank manifest,e9c3a2d32a8bc24f638b0cb6e8fb573a72334b5e577afad9ed2b0aab5d009381
UNRESOLVED_IMAGE,2.0,4,2.0,0.0,0.8413447460685429,0.873046875,0.03229306285936776,False,SUPPORTED,,signed perturbation about a positive baseline; the amplitude that keeps the rendered movie non-negative is recorded in the source bank manifest,e9c3a2d32a8bc24f638b0cb6e8fb573a72334b5e577afad9ed2b0aab5d009381
UNRESOLVED_IMAGE,2.0,5,2.0,0.0,0.8413447460685429,0.84765625,0.03229306285936776,False,SUPPORTED,,signed perturbation about a positive baseline; the amplitude that keeps the rendered movie non-negative is recorded in the source bank manifest,e9c3a2d32a8bc24f638b0cb6e8fb573a72334b5e577afad9ed2b0aab5d009381
UNRESOLVED_IMAGE,2.0,6,2.0,0.0,0.8413447460685429,0.8125,0.03229306285936776,False,SUPPORTED,,signed perturbation about a positive baseline; the amplitude that keeps the rendered movie non-negative is recorded in the source bank manifest,e9c3a2d32a8bc24f638b0cb6e8fb573a72334b5e577afad9ed2b0aab5d009381
UNRESOLVED_IMAGE,2.0,7,1.9999999999999998,1.1102230246251565e-16,0.8413447460685429,0.83984375,0.03229306285936776,False,SUPPORTED,,signed perturbation about a positive baseline; the amplitude that keeps the rendered movie non-negative is recorded in the source bank manifest,e9c3a2d32a8bc24f638b0cb6e8fb573a72334b5e577afad9ed2b0aab5d009381
UNRESOLVED_IMAGE,2.0,8,2.0000000000000004,2.220446049250313e-16,0.841344746068543,0.83984375,0.032293062859367755,False,SUPPORTED,,signed perturbation about a positive baseline; the amplitude that keeps the rendered movie non-negative is recorded in the source bank manifest,e9c3a2d32a8bc24f638b0cb6e8fb573a72334b5e577afad9ed2b0aab5d009381
UNRESOLVED_IMAGE,2.0,9,1.9999999999999998,1.1102230246251565e-16,0.8413447460685429,0.8359375,0.03229306285936776,False,SUPPORTED,,signed perturbation about a positive baseline; the amplitude that keeps the rendered movie non-negative is recorded in the source bank manifest,e9c3a2d32a8bc24f638b0cb6e8fb573a72334b5e577afad9ed2b0aab5d009381
UNRESOLVED_IMAGE,2.0,10,2.0000000000000004,2.220446049250313e-16,0.841344746068543,0.857421875,0.032293062859367755,False,SUPPORTED,,signed perturbation about a positive baseline; the amplitude that keeps the rendered movie non-negative is recorded in the source bank manifest,e9c3a2d32a8bc24f638b0cb6e8fb573a72334b5e577afad9ed2b0aab5d009381
UNRESOLVED_IMAGE,2.0,11,1.9999999999999998,1.1102230246251565e-16,0.8413447460685429,0.81640625,0.03229306285936776,False,SUPPORTED,,signed perturbation about a positive baseline; the amplitude that keeps the rendered movie non-negative is recorded in the source bank manifest,e9c3a2d32a8bc24f638b0cb6e8fb573a72334b5e577afad9ed2b0aab5d009381
UNRESOLVED_IMAGE,2.0,12,1.9999999999999998,1.1102230246251565e-16,0.8413447460685429,0.84765625,0.03229306285936776,False,SUPPORTED,,signed perturbation about a positive baseline; the amplitude that keeps the rendered movie non-negative is recorded in the source bank manifest,e9c3a2d32a8bc24f638b0cb6e8fb573a72334b5e577afad9ed2b0aab5d009381
UNRESOLVED_IMAGE,2.0,13,2.0000000000000004,2.220446049250313e-16,0.841344746068543,0.85546875,0.032293062859367755,False,SUPPORTED,,signed perturbation about a positive baseline; the amplitude that keeps the rendered movie non-negative is recorded in the source bank manifest,e9c3a2d32a8bc24f638b0cb6e8fb573a72334b5e577afad9ed2b0aab5d009381
UNRESOLVED_IMAGE,2.0,14,2.0,0.0,0.8413447460685429,0.83203125,0.03229306285936776,False,SUPPORTED,,signed perturbation about a positive baseline; the amplitude that keeps the rendered movie non-negative is recorded in the source bank manifest,e9c3a2d32a8bc24f638b0cb6e8fb573a72334b5e577afad9ed2b0aab5d009381
UNRESOLVED_IMAGE,2.0,15,2.0,0.0,0.8413447460685429,0.82421875,0.03229306285936776,False,SUPPORTED,,signed perturbation about a positive baseline; the amplitude that keeps the rendered movie non-negative is recorded in the source bank manifest,e9c3a2d32a8bc24f638b0cb6e8fb573a72334b5e577afad9ed2b0aab5d009381
UNRESOLVED_IMAGE,2.0,16,1.9999999999999996,2.220446049250313e-16,0.8413447460685429,0.830078125,0.03229306285936776,False,SUPPORTED,,signed perturbation about a positive baseline; the amplitude that keeps the rendered movie non-negative is recorded in the source bank manifest,e9c3a2d32a8bc24f638b0cb6e8fb573a72334b5e577afad9ed2b0aab5d009381
UNRESOLVED_IMAGE,2.0,17,1.9999999999999998,1.1102230246251565e-16,0.8413447460685429,0.841796875,0.03229306285936776,False,SUPPORTED,,signed perturbation about a positive baseline; the amplitude that keeps the rendered movie non-negative is recorded in the source bank manifest,e9c3a2d32a8bc24f638b0cb6e8fb573a72334b5e577afad9ed2b0aab5d009381
UNRESOLVED_IMAGE,2.0,18,1.9999999999999998,1.1102230246251565e-16,0.8413447460685429,0.84375,0.03229306285936776,False,SUPPORTED,,signed perturbation about a positive baseline; the amplitude that keeps the rendered movie non-negative is recorded in the source bank manifest,e9c3a2d32a8bc24f638b0cb6e8fb573a72334b5e577afad9ed2b0aab5d009381
UNRESOLVED_IMAGE,2.0,19,2.0000000000000004,2.220446049250313e-16,0.841344746068543,0.86328125,0.032293062859367755,False,SUPPORTED,,signed perturbation about a positive baseline; the amplitude that keeps the rendered movie non-negative is recorded in the source bank manifest,e9c3a2d32a8bc24f638b0cb6e8fb573a72334b5e577afad9ed2b0aab5d009381
UNRESOLVED_IMAGE,2.0,20,2.0,0.0,0.8413447460685429,0.84375,0.03229306285936776,False,SUPPORTED,,signed perturbation about a positive baseline; the amplitude that keeps the rendered movie non-negative is recorded in the source bank manifest,e9c3a2d32a8bc24f638b0cb6e8fb573a72334b5e577afad9ed2b0aab5d009381
UNRESOLVED_IMAGE,2.0,21,2.0,0.0,0.8413447460685429,0.82421875,0.03229306285936776,False,SUPPORTED,,signed perturbation about a positive baseline; the amplitude that keeps the rendered movie non-negative is recorded in the source bank manifest,e9c3a2d32a8bc24f638b0cb6e8fb573a72334b5e577afad9ed2b0aab5d009381
UNRESOLVED_IMAGE,2.0,22,2.0,0.0,0.8413447460685429,0.857421875,0.03229306285936776,False,SUPPORTED,,signed perturbation about a positive baseline; the amplitude that keeps the rendered movie non-negative is recorded in the source bank manifest,e9c3a2d32a8bc24f638b0cb6e8fb573a72334b5e577afad9ed2b0aab5d009381
UNRESOLVED_IMAGE,2.0,23,1.9999999999999996,2.220446049250313e-16,0.8413447460685429,0.82421875,0.03229306285936776,False,SUPPORTED,,signed perturbation about a positive baseline; the amplitude that keeps the rendered movie non-negative is recorded in the source bank manifest,e9c3a2d32a8bc24f638b0cb6e8fb573a72334b5e577afad9ed2b0aab5d009381
UNRESOLVED_IMAGE,2.0,24,1.9999999999999993,3.3306690738754696e-16,0.8413447460685428,0.822265625,0.032293062859367776,False,SUPPORTED,,signed perturbation about a positive baseline; the amplitude that keeps the rendered movie non-negative is recorded in the source bank manifest,e9c3a2d32a8bc24f638b0cb6e8fb573a72334b5e577afad9ed2b0aab5d009381
UNRESOLVED_IMAGE,2.0,25,1.9999999999999998,1.1102230246251565e-16,0.8413447460685429,0.865234375,0.03229306285936776,False,SUPPORTED,,signed perturbation about a positive baseline; the amplitude that keeps the rendered movie non-negative is recorded in the source bank manifest,e9c3a2d32a8bc24f638b0cb6e8fb573a72334b5e577afad9ed2b0aab5d009381
UNRESOLVED_IMAGE,2.0,26,2.0,0.0,0.8413447460685429,0.8671875,0.03229306285936776,False,SUPPORTED,,signed perturbation about a positive baseline; the amplitude that keeps the rendered movie non-negative is recorded in the source bank manifest,e9c3a2d32a8bc24f638b0cb6e8fb573a72334b5e577afad9ed2b0aab5d009381
UNRESOLVED_IMAGE,2.0,27,2.0,0.0,0.8413447460685429,0.826171875,0.03229306285936776,False,SUPPORTED,,signed perturbation about a positive baseline; the amplitude that keeps the rendered movie non-negative is recorded in the source bank manifest,e9c3a2d32a8bc24f638b0cb6e8fb573a72334b5e577afad9ed2b0aab5d009381
UNRESOLVED_IMAGE,2.0,28,1.9999999999999998,1.1102230246251565e-16,0.8413447460685429,0.85546875,0.03229306285936776,False,SUPPORTED,,signed perturbation about a positive baseline; the amplitude that keeps the rendered movie non-negative is recorded in the source bank manifest,e9c3a2d32a8bc24f638b0cb6e8fb573a72334b5e577afad9ed2b0aab5d009381
UNRESOLVED_IMAGE,2.0,29,2.0,0.0,0.8413447460685429,0.841796875,0.03229306285936776,False,SUPPORTED,,signed perturbation about a positive baseline; the amplitude that keeps the rendered movie non-negative is recorded in the source bank manifest,e9c3a2d32a8bc24f638b0cb6e8fb573a72334b5e577afad9ed2b0aab5d009381
UNRESOLVED_IMAGE,2.0,30,1.9999999999999993,3.3306690738754696e-16,0.8413447460685428,0.8359375,0.032293062859367776,False,SUPPORTED,,signed perturbation about a positive baseline; the amplitude that keeps the rendered movie non-negative is recorded in the source bank manifest,e9c3a2d32a8bc24f638b0cb6e8fb573a72334b5e577afad9ed2b0aab5d009381
UNRESOLVED_IMAGE,2.0,31,1.9999999999999998,1.1102230246251565e-16,0.8413447460685429,0.84375,0.03229306285936776,False,SUPPORTED,,signed perturbation about a positive baseline; the amplitude that keeps the rendered movie non-negative is recorded in the source bank manifest,e9c3a2d32a8bc24f638b0cb6e8fb573a72334b5e577afad9ed2b0aab5d009381
UNRESOLVED_IMAGE,2.0,32,2.0000000000000004,2.220446049250313e-16,0.841344746068543,0.84375,0.032293062859367755,False,SUPPORTED,,signed perturbation about a positive baseline; the amplitude that keeps the rendered movie non-negative is recorded in the source bank manifest,e9c3a2d32a8bc24f638b0cb6e8fb573a72334b5e577afad9ed2b0aab5d009381
UNRESOLVED_IMAGE,2.0,33,1.9999999999999998,1.1102230246251565e-16,0.8413447460685429,0.865234375,0.03229306285936776,False,SUPPORTED,,signed perturbation about a positive baseline; the amplitude that keeps the rendered movie non-negative is recorded in the source bank manifest,e9c3a2d32a8bc24f638b0cb6e8fb573a72334b5e577afad9ed2b0aab5d009381
UNRESOLVED_IMAGE,2.0,34,2.0,0.0,0.8413447460685429,0.83984375,0.03229306285936776,False,SUPPORTED,,signed perturbation about a positive baseline; the amplitude that keeps the rendered movie non-negative is recorded in the source bank manifest,e9c3a2d32a8bc24f638b0cb6e8fb573a72334b5e577afad9ed2b0aab5d009381
UNRESOLVED_IMAGE,2.0,35,2.0,0.0,0.8413447460685429,0.833984375,0.03229306285936776,False,SUPPORTED,,signed perturbation about a positive baseline; the amplitude that keeps the rendered movie non-negative is recorded in the source bank manifest,e9c3a2d32a8bc24f638b0cb6e8fb573a72334b5e577afad9ed2b0aab5d009381
UNRESOLVED_IMAGE,2.0,36,2.0,0.0,0.8413447460685429,0.84765625,0.03229306285936776,False,SUPPORTED,,signed perturbation about a positive baseline; the amplitude that keeps the rendered movie non-negative is recorded in the source bank manifest,e9c3a2d32a8bc24f638b0cb6e8fb573a72334b5e577afad9ed2b0aab5d009381
UNRESOLVED_IMAGE,2.0,37,1.9999999999999998,1.1102230246251565e-16,0.8413447460685429,0.837890625,0.03229306285936776,False,SUPPORTED,,signed perturbation about a positive baseline; the amplitude that keeps the rendered movie non-negative is recorded in the source bank manifest,e9c3a2d32a8bc24f638b0cb6e8fb573a72334b5e577afad9ed2b0aab5d009381
UNRESOLVED_IMAGE,2.0,38,2.0,0.0,0.8413447460685429,0.833984375,0.03229306285936776,False,SUPPORTED,,signed perturbation about a positive baseline; the amplitude that keeps the rendered movie non-negative is recorded in the source bank manifest,e9c3a2d32a8bc24f638b0cb6e8fb573a72334b5e577afad9ed2b0aab5d009381
UNRESOLVED_IMAGE,2.0,39,2.0000000000000004,2.220446049250313e-16,0.841344746068543,0.82421875,0.032293062859367755,False,SUPPORTED,,signed perturbation about a positive baseline; the amplitude that keeps the rendered movie non-negative is recorded in the source bank manifest,e9c3a2d32a8bc24f638b0cb6e8fb573a72334b5e577afad9ed2b0aab5d009381
UNRESOLVED_IMAGE,4.0,0,4.0,0.0,0.9772498680518208,0.97265625,0.013179222356053854,False,SUPPORTED,,signed perturbation about a positive baseline; the amplitude that keeps the rendered movie non-negative is recorded in the source bank manifest,e9c3a2d32a8bc24f638b0cb6e8fb573a72334b5e577afad9ed2b0aab5d009381
UNRESOLVED_IMAGE,4.0,1,3.9999999999999996,1.1102230246251565e-16,0.9772498680518208,0.9765625,0.013179222356053854,False,SUPPORTED,,signed perturbation about a positive baseline; the amplitude that keeps the rendered movie non-negative is recorded in the source bank manifest,e9c3a2d32a8bc24f638b0cb6e8fb573a72334b5e577afad9ed2b0aab5d009381
UNRESOLVED_IMAGE,4.0,2,4.0,0.0,0.9772498680518208,0.982421875,0.013179222356053854,False,SUPPORTED,,signed perturbation about a positive baseline; the amplitude that keeps the rendered movie non-negative is recorded in the source bank manifest,e9c3a2d32a8bc24f638b0cb6e8fb573a72334b5e577afad9ed2b0aab5d009381
UNRESOLVED_IMAGE,4.0,3,3.9999999999999996,1.1102230246251565e-16,0.9772498680518208,0.982421875,0.013179222356053854,False,SUPPORTED,,signed perturbation about a positive baseline; the amplitude that keeps the rendered movie non-negative is recorded in the source bank manifest,e9c3a2d32a8bc24f638b0cb6e8fb573a72334b5e577afad9ed2b0aab5d009381
UNRESOLVED_IMAGE,4.0,4,3.9999999999999996,1.1102230246251565e-16,0.9772498680518208,0.974609375,0.013179222356053854,False,SUPPORTED,,signed perturbation about a positive baseline; the amplitude that keeps the rendered movie non-negative is recorded in the source bank manifest,e9c3a2d32a8bc24f638b0cb6e8fb573a72334b5e577afad9ed2b0aab5d009381
UNRESOLVED_IMAGE,4.0,5,4.000000000000001,2.220446049250313e-16,0.9772498680518208,0.982421875,0.013179222356053854,False,SUPPORTED,,signed perturbation about a positive baseline; the amplitude that keeps the rendered movie non-negative is recorded in the source bank manifest,e9c3a2d32a8bc24f638b0cb6e8fb573a72334b5e577afad9ed2b0aab5d009381
UNRESOLVED_IMAGE,4.0,6,4.000000000000001,2.220446049250313e-16,0.9772498680518208,0.970703125,0.013179222356053854,False,SUPPORTED,,signed perturbation about a positive baseline; the amplitude that keeps the rendered movie non-negative is recorded in the source bank manifest,e9c3a2d32a8bc24f638b0cb6e8fb573a72334b5e577afad9ed2b0aab5d009381
UNRESOLVED_IMAGE,4.0,7,4.0,0.0,0.9772498680518208,0.9765625,0.013179222356053854,False,SUPPORTED,,signed perturbation about a positive baseline; the amplitude that keeps the rendered movie non-negative is recorded in the source bank manifest,e9c3a2d32a8bc24f638b0cb6e8fb573a72334b5e577afad9ed2b0aab5d009381
UNRESOLVED_IMAGE,4.0,8,4.0,0.0,0.9772498680518208,0.982421875,0.013179222356053854,False,SUPPORTED,,signed perturbation about a positive baseline; the amplitude that keeps the rendered movie non-negative is recorded in the source bank manifest,e9c3a2d32a8bc24f638b0cb6e8fb573a72334b5e577afad9ed2b0aab5d009381
UNRESOLVED_IMAGE,4.0,9,4.0,0.0,0.9772498680518208,0.986328125,0.013179222356053854,False,SUPPORTED,,signed perturbation about a positive baseline; the amplitude that keeps the rendered movie non-negative is recorded in the source bank manifest,e9c3a2d32a8bc24f638b0cb6e8fb573a72334b5e577afad9ed2b0aab5d009381
UNRESOLVED_IMAGE,4.0,10,4.0,0.0,0.9772498680518208,0.9765625,0.013179222356053854,False,SUPPORTED,,signed perturbation about a positive baseline; the amplitude that keeps the rendered movie non-negative is recorded in the source bank manifest,e9c3a2d32a8bc24f638b0cb6e8fb573a72334b5e577afad9ed2b0aab5d009381
UNRESOLVED_IMAGE,4.0,11,4.000000000000002,4.440892098500626e-16,0.9772498680518209,0.9765625,0.013179222356053824,False,SUPPORTED,,signed perturbation about a positive baseline; the amplitude that keeps the rendered movie non-negative is recorded in the source bank manifest,e9c3a2d32a8bc24f638b0cb6e8fb573a72334b5e577afad9ed2b0aab5d009381
UNRESOLVED_IMAGE,4.0,12,4.0,0.0,0.9772498680518208,0.974609375,0.013179222356053854,False,SUPPORTED,,signed perturbation about a positive baseline; the amplitude that keeps the rendered movie non-negative is recorded in the source bank manifest,e9c3a2d32a8bc24f638b0cb6e8fb573a72334b5e577afad9ed2b0aab5d009381
UNRESOLVED_IMAGE,4.0,13,4.000000000000001,2.220446049250313e-16,0.9772498680518208,0.982421875,0.013179222356053854,False,SUPPORTED,,signed perturbation about a positive baseline; the amplitude that keeps the rendered movie non-negative is recorded in the source bank manifest,e9c3a2d32a8bc24f638b0cb6e8fb573a72334b5e577afad9ed2b0aab5d009381
UNRESOLVED_IMAGE,4.0,14,3.9999999999999996,1.1102230246251565e-16,0.9772498680518208,0.978515625,0.013179222356053854,False,SUPPORTED,,signed perturbation about a positive baseline; the amplitude that keeps the rendered movie non-negative is recorded in the source bank manifest,e9c3a2d32a8bc24f638b0cb6e8fb573a72334b5e577afad9ed2b0aab5d009381
UNRESOLVED_IMAGE,4.0,15,4.0,0.0,0.9772498680518208,0.982421875,0.013179222356053854,False,SUPPORTED,,signed perturbation about a positive baseline; the amplitude that keeps the rendered movie non-negative is recorded in the source bank manifest,e9c3a2d32a8bc24f638b0cb6e8fb573a72334b5e577afad9ed2b0aab5d009381
UNRESOLVED_IMAGE,4.0,16,3.9999999999999996,1.1102230246251565e-16,0.9772498680518208,0.97265625,0.013179222356053854,False,SUPPORTED,,signed perturbation about a positive baseline; the amplitude that keeps the rendered movie non-negative is recorded in the source bank manifest,e9c3a2d32a8bc24f638b0cb6e8fb573a72334b5e577afad9ed2b0aab5d009381
UNRESOLVED_IMAGE,4.0,17,3.9999999999999996,1.1102230246251565e-16,0.9772498680518208,0.96875,0.013179222356053854,False,SUPPORTED,,signed perturbation about a positive baseline; the amplitude that keeps the rendered movie non-negative is recorded in the source bank manifest,e9c3a2d32a8bc24f638b0cb6e8fb573a72334b5e577afad9ed2b0aab5d009381
UNRESOLVED_IMAGE,4.0,18,4.0,0.0,0.9772498680518208,0.978515625,0.013179222356053854,False,SUPPORTED,,signed perturbation about a positive baseline; the amplitude that keeps the rendered movie non-negative is recorded in the source bank manifest,e9c3a2d32a8bc24f638b0cb6e8fb573a72334b5e577afad9ed2b0aab5d009381
UNRESOLVED_IMAGE,4.0,19,4.0,0.0,0.9772498680518208,0.986328125,0.013179222356053854,False,SUPPORTED,,signed perturbation about a positive baseline; the amplitude that keeps the rendered movie non-negative is recorded in the source bank manifest,e9c3a2d32a8bc24f638b0cb6e8fb573a72334b5e577afad9ed2b0aab5d009381
UNRESOLVED_IMAGE,4.0,20,3.9999999999999996,1.1102230246251565e-16,0.9772498680518208,0.974609375,0.013179222356053854,False,SUPPORTED,,signed perturbation about a positive baseline; the amplitude that keeps the rendered movie non-negative is recorded in the source bank manifest,e9c3a2d32a8bc24f638b0cb6e8fb573a72334b5e577afad9ed2b0aab5d009381
UNRESOLVED_IMAGE,4.0,21,4.0,0.0,0.9772498680518208,0.958984375,0.013179222356053854,False,SUPPORTED,,signed perturbation about a positive baseline; the amplitude that keeps the rendered movie non-negative is recorded in the source bank manifest,e9c3a2d32a8bc24f638b0cb6e8fb573a72334b5e577afad9ed2b0aab5d009381
UNRESOLVED_IMAGE,4.0,22,4.000000000000001,2.220446049250313e-16,0.9772498680518208,0.990234375,0.013179222356053854,False,SUPPORTED,,signed perturbation about a positive baseline; the amplitude that keeps the rendered movie non-negative is recorded in the source bank manifest,e9c3a2d32a8bc24f638b0cb6e8fb573a72334b5e577afad9ed2b0aab5d009381
UNRESOLVED_IMAGE,4.0,23,4.0,0.0,0.9772498680518208,0.982421875,0.013179222356053854,False,SUPPORTED,,signed perturbation about a positive baseline; the amplitude that keeps the rendered movie non-negative is recorded in the source bank manifest,e9c3a2d32a8bc24f638b0cb6e8fb573a72334b5e577afad9ed2b0aab5d009381
UNRESOLVED_IMAGE,4.0,24,4.0,0.0,0.9772498680518208,0.978515625,0.013179222356053854,False,SUPPORTED,,signed perturbation about a positive baseline; the amplitude that keeps the rendered movie non-negative is recorded in the source bank manifest,e9c3a2d32a8bc24f638b0cb6e8fb573a72334b5e577afad9ed2b0aab5d009381
UNRESOLVED_IMAGE,4.0,25,4.0,0.0,0.9772498680518208,0.970703125,0.013179222356053854,False,SUPPORTED,,signed perturbation about a positive baseline; the amplitude that keeps the rendered movie non-negative is recorded in the source bank manifest,e9c3a2d32a8bc24f638b0cb6e8fb573a72334b5e577afad9ed2b0aab5d009381
UNRESOLVED_IMAGE,4.0,26,3.9999999999999996,1.1102230246251565e-16,0.9772498680518208,0.966796875,0.013179222356053854,False,SUPPORTED,,signed perturbation about a positive baseline; the amplitude that keeps the rendered movie non-negative is recorded in the source bank manifest,e9c3a2d32a8bc24f638b0cb6e8fb573a72334b5e577afad9ed2b0aab5d009381
UNRESOLVED_IMAGE,4.0,27,4.0,0.0,0.9772498680518208,0.984375,0.013179222356053854,False,SUPPORTED,,signed perturbation about a positive baseline; the amplitude that keeps the rendered movie non-negative is recorded in the source bank manifest,e9c3a2d32a8bc24f638b0cb6e8fb573a72334b5e577afad9ed2b0aab5d009381
UNRESOLVED_IMAGE,4.0,28,3.9999999999999996,1.1102230246251565e-16,0.9772498680518208,0.978515625,0.013179222356053854,False,SUPPORTED,,signed perturbation about a positive baseline; the amplitude that keeps the rendered movie non-negative is recorded in the source bank manifest,e9c3a2d32a8bc24f638b0cb6e8fb573a72334b5e577afad9ed2b0aab5d009381
UNRESOLVED_IMAGE,4.0,29,4.0,0.0,0.9772498680518208,0.982421875,0.013179222356053854,False,SUPPORTED,,signed perturbation about a positive baseline; the amplitude that keeps the rendered movie non-negative is recorded in the source bank manifest,e9c3a2d32a8bc24f638b0cb6e8fb573a72334b5e577afad9ed2b0aab5d009381
UNRESOLVED_IMAGE,4.0,30,4.000000000000001,2.220446049250313e-16,0.9772498680518208,0.970703125,0.013179222356053854,False,SUPPORTED,,signed perturbation about a positive baseline; the amplitude that keeps the rendered movie non-negative is recorded in the source bank manifest,e9c3a2d32a8bc24f638b0cb6e8fb573a72334b5e577afad9ed2b0aab5d009381
UNRESOLVED_IMAGE,4.0,31,4.0,0.0,0.9772498680518208,0.96875,0.013179222356053854,False,SUPPORTED,,signed perturbation about a positive baseline; the amplitude that keeps the rendered movie non-negative is recorded in the source bank manifest,e9c3a2d32a8bc24f638b0cb6e8fb573a72334b5e577afad9ed2b0aab5d009381
UNRESOLVED_IMAGE,4.0,32,3.9999999999999996,1.1102230246251565e-16,0.9772498680518208,0.984375,0.013179222356053854,False,SUPPORTED,,signed perturbation about a positive baseline; the amplitude that keeps the rendered movie non-negative is recorded in the source bank manifest,e9c3a2d32a8bc24f638b0cb6e8fb573a72334b5e577afad9ed2b0aab5d009381
UNRESOLVED_IMAGE,4.0,33,4.0,0.0,0.9772498680518208,0.9765625,0.013179222356053854,False,SUPPORTED,,signed perturbation about a positive baseline; the amplitude that keeps the rendered movie non-negative is recorded in the source bank manifest,e9c3a2d32a8bc24f638b0cb6e8fb573a72334b5e577afad9ed2b0aab5d009381
UNRESOLVED_IMAGE,4.0,34,4.0,0.0,0.9772498680518208,0.98046875,0.013179222356053854,False,SUPPORTED,,signed perturbation about a positive baseline; the amplitude that keeps the rendered movie non-negative is recorded in the source bank manifest,e9c3a2d32a8bc24f638b0cb6e8fb573a72334b5e577afad9ed2b0aab5d009381
UNRESOLVED_IMAGE,4.0,35,4.0,0.0,0.9772498680518208,0.97265625,0.013179222356053854,False,SUPPORTED,,signed perturbation about a positive baseline; the amplitude that keeps the rendered movie non-negative is recorded in the source bank manifest,e9c3a2d32a8bc24f638b0cb6e8fb573a72334b5e577afad9ed2b0aab5d009381
UNRESOLVED_IMAGE,4.0,36,3.9999999999999996,1.1102230246251565e-16,0.9772498680518208,0.986328125,0.013179222356053854,False,SUPPORTED,,signed perturbation about a positive baseline; the amplitude that keeps the rendered movie non-negative is recorded in the source bank manifest,e9c3a2d32a8bc24f638b0cb6e8fb573a72334b5e577afad9ed2b0aab5d009381
UNRESOLVED_IMAGE,4.0,37,4.0,0.0,0.9772498680518208,0.98046875,0.013179222356053854,False,SUPPORTED,,signed perturbation about a positive baseline; the amplitude that keeps the rendered movie non-negative is recorded in the source bank manifest,e9c3a2d32a8bc24f638b0cb6e8fb573a72334b5e577afad9ed2b0aab5d009381
UNRESOLVED_IMAGE,4.0,38,3.9999999999999987,3.3306690738754696e-16,0.9772498680518208,0.98046875,0.013179222356053854,False,SUPPORTED,,signed perturbation about a positive baseline; the amplitude that keeps the rendered movie non-negative is recorded in the source bank manifest,e9c3a2d32a8bc24f638b0cb6e8fb573a72334b5e577afad9ed2b0aab5d009381
UNRESOLVED_IMAGE,4.0,39,4.0,0.0,0.9772498680518208,0.974609375,0.013179222356053854,False,SUPPORTED,,signed perturbation about a positive baseline; the amplitude that keeps the rendered movie non-negative is recorded in the source bank manifest,e9c3a2d32a8bc24f638b0cb6e8fb573a72334b5e577afad9ed2b0aab5d009381
TOTAL_FLUX,0.25,0,0.25,0.0,0.5497382248301129,0.537109375,0.04397496704365141,False,SUPPORTED,,signed perturbation about a positive baseline; the amplitude that keeps the rendered movie non-negative is recorded in the source bank manifest,e9c3a2d32a8bc24f638b0cb6e8fb573a72334b5e577afad9ed2b0aab5d009381
TOTAL_FLUX,0.25,1,0.24999999999999994,2.220446049250313e-16,0.5497382248301129,0.583984375,0.04397496704365141,False,SUPPORTED,,signed perturbation about a positive baseline; the amplitude that keeps the rendered movie non-negative is recorded in the source bank manifest,e9c3a2d32a8bc24f638b0cb6e8fb573a72334b5e577afad9ed2b0aab5d009381
TOTAL_FLUX,0.25,2,0.25000000000000006,2.220446049250313e-16,0.5497382248301129,0.564453125,0.04397496704365141,False,SUPPORTED,,signed perturbation about a positive baseline; the amplitude that keeps the rendered movie non-negative is recorded in the source bank manifest,e9c3a2d32a8bc24f638b0cb6e8fb573a72334b5e577afad9ed2b0aab5d009381
TOTAL_FLUX,0.25,3,0.25000000000000006,2.220446049250313e-16,0.5497382248301129,0.548828125,0.04397496704365141,False,SUPPORTED,,signed perturbation about a positive baseline; the amplitude that keeps the rendered movie non-negative is recorded in the source bank manifest,e9c3a2d32a8bc24f638b0cb6e8fb573a72334b5e577afad9ed2b0aab5d009381
TOTAL_FLUX,0.25,4,0.24999999999999992,3.3306690738754696e-16,0.5497382248301129,0.54296875,0.04397496704365141,False,SUPPORTED,,signed perturbation about a positive baseline; the amplitude that keeps the rendered movie non-negative is recorded in the source bank manifest,e9c3a2d32a8bc24f638b0cb6e8fb573a72334b5e577afad9ed2b0aab5d009381
TOTAL_FLUX,0.25,5,0.25,0.0,0.5497382248301129,0.54296875,0.04397496704365141,False,SUPPORTED,,signed perturbation about a positive baseline; the amplitude that keeps the rendered movie non-negative is recorded in the source bank manifest,e9c3a2d32a8bc24f638b0cb6e8fb573a72334b5e577afad9ed2b0aab5d009381
TOTAL_FLUX,0.25,6,0.24999999999999994,2.220446049250313e-16,0.5497382248301129,0.54296875,0.04397496704365141,False,SUPPORTED,,signed perturbation about a positive baseline; the amplitude that keeps the rendered movie non-negative is recorded in the source bank manifest,e9c3a2d32a8bc24f638b0cb6e8fb573a72334b5e577afad9ed2b0aab5d009381
TOTAL_FLUX,0.25,7,0.24999999999999994,2.220446049250313e-16,0.5497382248301129,0.546875,0.04397496704365141,False,SUPPORTED,,signed perturbation about a positive baseline; the amplitude that keeps the rendered movie non-negative is recorded in the source bank manifest,e9c3a2d32a8bc24f638b0cb6e8fb573a72334b5e577afad9ed2b0aab5d009381
TOTAL_FLUX,0.25,8,0.25000000000000006,2.220446049250313e-16,0.5497382248301129,0.55859375,0.04397496704365141,False,SUPPORTED,,signed perturbation about a positive baseline; the amplitude that keeps the rendered movie non-negative is recorded in the source bank manifest,e9c3a2d32a8bc24f638b0cb6e8fb573a72334b5e577afad9ed2b0aab5d009381
TOTAL_FLUX,0.25,9,0.24999999999999994,2.220446049250313e-16,0.5497382248301129,0.55078125,0.04397496704365141,False,SUPPORTED,,signed perturbation about a positive baseline; the amplitude that keeps the rendered movie non-negative is recorded in the source bank manifest,e9c3a2d32a8bc24f638b0cb6e8fb573a72334b5e577afad9ed2b0aab5d009381
TOTAL_FLUX,0.25,10,0.24999999999999997,1.1102230246251565e-16,0.5497382248301129,0.5703125,0.04397496704365141,False,SUPPORTED,,signed perturbation about a positive baseline; the amplitude that keeps the rendered movie non-negative is recorded in the source bank manifest,e9c3a2d32a8bc24f638b0cb6e8fb573a72334b5e577afad9ed2b0aab5d009381
TOTAL_FLUX,0.25,11,0.2500000000000001,4.440892098500626e-16,0.5497382248301129,0.5546875,0.04397496704365141,False,SUPPORTED,,signed perturbation about a positive baseline; the amplitude that keeps the rendered movie non-negative is recorded in the source bank manifest,e9c3a2d32a8bc24f638b0cb6e8fb573a72334b5e577afad9ed2b0aab5d009381
TOTAL_FLUX,0.25,12,0.25,0.0,0.5497382248301129,0.53515625,0.04397496704365141,False,SUPPORTED,,signed perturbation about a positive baseline; the amplitude that keeps the rendered movie non-negative is recorded in the source bank manifest,e9c3a2d32a8bc24f638b0cb6e8fb573a72334b5e577afad9ed2b0aab5d009381
TOTAL_FLUX,0.25,13,0.2499999999999999,4.440892098500626e-16,0.5497382248301129,0.533203125,0.04397496704365141,False,SUPPORTED,,signed perturbation about a positive baseline; the amplitude that keeps the rendered movie non-negative is recorded in the source bank manifest,e9c3a2d32a8bc24f638b0cb6e8fb573a72334b5e577afad9ed2b0aab5d009381
TOTAL_FLUX,0.25,14,0.2500000000000001,4.440892098500626e-16,0.5497382248301129,0.53125,0.04397496704365141,False,SUPPORTED,,signed perturbation about a positive baseline; the amplitude that keeps the rendered movie non-negative is recorded in the source bank manifest,e9c3a2d32a8bc24f638b0cb6e8fb573a72334b5e577afad9ed2b0aab5d009381
TOTAL_FLUX,0.25,15,0.24999999999999994,2.220446049250313e-16,0.5497382248301129,0.53125,0.04397496704365141,False,SUPPORTED,,signed perturbation about a positive baseline; the amplitude that keeps the rendered movie non-negative is recorded in the source bank manifest,e9c3a2d32a8bc24f638b0cb6e8fb573a72334b5e577afad9ed2b0aab5d009381
TOTAL_FLUX,0.25,16,0.24999999999999994,2.220446049250313e-16,0.5497382248301129,0.568359375,0.04397496704365141,False,SUPPORTED,,signed perturbation about a positive baseline; the amplitude that keeps the rendered movie non-negative is recorded in the source bank manifest,e9c3a2d32a8bc24f638b0cb6e8fb573a72334b5e577afad9ed2b0aab5d009381
TOTAL_FLUX,0.25,17,0.2499999999999999,4.440892098500626e-16,0.5497382248301129,0.509765625,0.04397496704365141,False,SUPPORTED,,signed perturbation about a positive baseline; the amplitude that keeps the rendered movie non-negative is recorded in the source bank manifest,e9c3a2d32a8bc24f638b0cb6e8fb573a72334b5e577afad9ed2b0aab5d009381
TOTAL_FLUX,0.25,18,0.25,0.0,0.5497382248301129,0.552734375,0.04397496704365141,False,SUPPORTED,,signed perturbation about a positive baseline; the amplitude that keeps the rendered movie non-negative is recorded in the source bank manifest,e9c3a2d32a8bc24f638b0cb6e8fb573a72334b5e577afad9ed2b0aab5d009381
TOTAL_FLUX,0.25,19,0.24999999999999997,1.1102230246251565e-16,0.5497382248301129,0.5625,0.04397496704365141,False,SUPPORTED,,signed perturbation about a positive baseline; the amplitude that keeps the rendered movie non-negative is recorded in the source bank manifest,e9c3a2d32a8bc24f638b0cb6e8fb573a72334b5e577afad9ed2b0aab5d009381
TOTAL_FLUX,0.25,20,0.2500000000000001,4.440892098500626e-16,0.5497382248301129,0.537109375,0.04397496704365141,False,SUPPORTED,,signed perturbation about a positive baseline; the amplitude that keeps the rendered movie non-negative is recorded in the source bank manifest,e9c3a2d32a8bc24f638b0cb6e8fb573a72334b5e577afad9ed2b0aab5d009381
TOTAL_FLUX,0.25,21,0.24999999999999992,3.3306690738754696e-16,0.5497382248301129,0.533203125,0.04397496704365141,False,SUPPORTED,,signed perturbation about a positive baseline; the amplitude that keeps the rendered movie non-negative is recorded in the source bank manifest,e9c3a2d32a8bc24f638b0cb6e8fb573a72334b5e577afad9ed2b0aab5d009381
TOTAL_FLUX,0.25,22,0.2499999999999999,4.440892098500626e-16,0.5497382248301129,0.52734375,0.04397496704365141,False,SUPPORTED,,signed perturbation about a positive baseline; the amplitude that keeps the rendered movie non-negative is recorded in the source bank manifest,e9c3a2d32a8bc24f638b0cb6e8fb573a72334b5e577afad9ed2b0aab5d009381
TOTAL_FLUX,0.25,23,0.24999999999999994,2.220446049250313e-16,0.5497382248301129,0.53125,0.04397496704365141,False,SUPPORTED,,signed perturbation about a positive baseline; the amplitude that keeps the rendered movie non-negative is recorded in the source bank manifest,e9c3a2d32a8bc24f638b0cb6e8fb573a72334b5e577afad9ed2b0aab5d009381
TOTAL_FLUX,0.25,24,0.2500000000000001,4.440892098500626e-16,0.5497382248301129,0.5390625,0.04397496704365141,False,SUPPORTED,,signed perturbation about a positive baseline; the amplitude that keeps the rendered movie non-negative is recorded in the source bank manifest,e9c3a2d32a8bc24f638b0cb6e8fb573a72334b5e577afad9ed2b0aab5d009381
TOTAL_FLUX,0.25,25,0.2500000000000001,4.440892098500626e-16,0.5497382248301129,0.52734375,0.04397496704365141,False,SUPPORTED,,signed perturbation about a positive baseline; the amplitude that keeps the rendered movie non-negative is recorded in the source bank manifest,e9c3a2d32a8bc24f638b0cb6e8fb573a72334b5e577afad9ed2b0aab5d009381
TOTAL_FLUX,0.25,26,0.25,0.0,0.5497382248301129,0.5390625,0.04397496704365141,False,SUPPORTED,,signed perturbation about a positive baseline; the amplitude that keeps the rendered movie non-negative is recorded in the source bank manifest,e9c3a2d32a8bc24f638b0cb6e8fb573a72334b5e577afad9ed2b0aab5d009381
TOTAL_FLUX,0.25,27,0.24999999999999997,1.1102230246251565e-16,0.5497382248301129,0.529296875,0.04397496704365141,False,SUPPORTED,,signed perturbation about a positive baseline; the amplitude that keeps the rendered movie non-negative is recorded in the source bank manifest,e9c3a2d32a8bc24f638b0cb6e8fb573a72334b5e577afad9ed2b0aab5d009381
TOTAL_FLUX,0.25,28,0.24999999999999992,3.3306690738754696e-16,0.5497382248301129,0.54296875,0.04397496704365141,False,SUPPORTED,,signed perturbation about a positive baseline; the amplitude that keeps the rendered movie non-negative is recorded in the source bank manifest,e9c3a2d32a8bc24f638b0cb6e8fb573a72334b5e577afad9ed2b0aab5d009381
TOTAL_FLUX,0.25,29,0.24999999999999997,1.1102230246251565e-16,0.5497382248301129,0.552734375,0.04397496704365141,False,SUPPORTED,,signed perturbation about a positive baseline; the amplitude that keeps the rendered movie non-negative is recorded in the source bank manifest,e9c3a2d32a8bc24f638b0cb6e8fb573a72334b5e577afad9ed2b0aab5d009381
TOTAL_FLUX,0.25,30,0.25000000000000006,2.220446049250313e-16,0.5497382248301129,0.552734375,0.04397496704365141,False,SUPPORTED,,signed perturbation about a positive baseline; the amplitude that keeps the rendered movie non-negative is recorded in the source bank manifest,e9c3a2d32a8bc24f638b0cb6e8fb573a72334b5e577afad9ed2b0aab5d009381
TOTAL_FLUX,0.25,31,0.25,0.0,0.5497382248301129,0.53515625,0.04397496704365141,False,SUPPORTED,,signed perturbation about a positive baseline; the amplitude that keeps the rendered movie non-negative is recorded in the source bank manifest,e9c3a2d32a8bc24f638b0cb6e8fb573a72334b5e577afad9ed2b0aab5d009381
TOTAL_FLUX,0.25,32,0.24999999999999997,1.1102230246251565e-16,0.5497382248301129,0.529296875,0.04397496704365141,False,SUPPORTED,,signed perturbation about a positive baseline; the amplitude that keeps the rendered movie non-negative is recorded in the source bank manifest,e9c3a2d32a8bc24f638b0cb6e8fb573a72334b5e577afad9ed2b0aab5d009381
TOTAL_FLUX,0.25,33,0.24999999999999994,2.220446049250313e-16,0.5497382248301129,0.521484375,0.04397496704365141,False,SUPPORTED,,signed perturbation about a positive baseline; the amplitude that keeps the rendered movie non-negative is recorded in the source bank manifest,e9c3a2d32a8bc24f638b0cb6e8fb573a72334b5e577afad9ed2b0aab5d009381
TOTAL_FLUX,0.25,34,0.25,0.0,0.5497382248301129,0.533203125,0.04397496704365141,False,SUPPORTED,,signed perturbation about a positive baseline; the amplitude that keeps the rendered movie non-negative is recorded in the source bank manifest,e9c3a2d32a8bc24f638b0cb6e8fb573a72334b5e577afad9ed2b0aab5d009381
TOTAL_FLUX,0.25,35,0.24999999999999992,3.3306690738754696e-16,0.5497382248301129,0.5546875,0.04397496704365141,False,SUPPORTED,,signed perturbation about a positive baseline; the amplitude that keeps the rendered movie non-negative is recorded in the source bank manifest,e9c3a2d32a8bc24f638b0cb6e8fb573a72334b5e577afad9ed2b0aab5d009381
TOTAL_FLUX,0.25,36,0.25000000000000006,2.220446049250313e-16,0.5497382248301129,0.537109375,0.04397496704365141,False,SUPPORTED,,signed perturbation about a positive baseline; the amplitude that keeps the rendered movie non-negative is recorded in the source bank manifest,e9c3a2d32a8bc24f638b0cb6e8fb573a72334b5e577afad9ed2b0aab5d009381
TOTAL_FLUX,0.25,37,0.24999999999999992,3.3306690738754696e-16,0.5497382248301129,0.58203125,0.04397496704365141,False,SUPPORTED,,signed perturbation about a positive baseline; the amplitude that keeps the rendered movie non-negative is recorded in the source bank manifest,e9c3a2d32a8bc24f638b0cb6e8fb573a72334b5e577afad9ed2b0aab5d009381
TOTAL_FLUX,0.25,38,0.24999999999999997,1.1102230246251565e-16,0.5497382248301129,0.564453125,0.04397496704365141,False,SUPPORTED,,signed perturbation about a positive baseline; the amplitude that keeps the rendered movie non-negative is recorded in the source bank manifest,e9c3a2d32a8bc24f638b0cb6e8fb573a72334b5e577afad9ed2b0aab5d009381
TOTAL_FLUX,0.25,39,0.25,0.0,0.5497382248301129,0.583984375,0.04397496704365141,False,SUPPORTED,,signed perturbation about a positive baseline; the amplitude that keeps the rendered movie non-negative is recorded in the source bank manifest,e9c3a2d32a8bc24f638b0cb6e8fb573a72334b5e577afad9ed2b0aab5d009381
TOTAL_FLUX,0.5,0,0.49999999999999994,1.1102230246251565e-16,0.5987063256829237,0.548828125,0.04332445373196591,False,SUPPORTED,,signed perturbation about a positive baseline; the amplitude that keeps the rendered movie non-negative is recorded in the source bank manifest,e9c3a2d32a8bc24f638b0cb6e8fb573a72334b5e577afad9ed2b0aab5d009381
TOTAL_FLUX,0.5,1,0.5000000000000001,2.220446049250313e-16,0.5987063256829237,0.58984375,0.04332445373196591,False,SUPPORTED,,signed perturbation about a positive baseline; the amplitude that keeps the rendered movie non-negative is recorded in the source bank manifest,e9c3a2d32a8bc24f638b0cb6e8fb573a72334b5e577afad9ed2b0aab5d009381
TOTAL_FLUX,0.5,2,0.4999999999999999,2.220446049250313e-16,0.5987063256829237,0.58984375,0.04332445373196591,False,SUPPORTED,,signed perturbation about a positive baseline; the amplitude that keeps the rendered movie non-negative is recorded in the source bank manifest,e9c3a2d32a8bc24f638b0cb6e8fb573a72334b5e577afad9ed2b0aab5d009381
TOTAL_FLUX,0.5,3,0.4999999999999998,4.440892098500626e-16,0.5987063256829237,0.57421875,0.04332445373196591,False,SUPPORTED,,signed perturbation about a positive baseline; the amplitude that keeps the rendered movie non-negative is recorded in the source bank manifest,e9c3a2d32a8bc24f638b0cb6e8fb573a72334b5e577afad9ed2b0aab5d009381
TOTAL_FLUX,0.5,4,0.5000000000000001,2.220446049250313e-16,0.5987063256829237,0.58984375,0.04332445373196591,False,SUPPORTED,,signed perturbation about a positive baseline; the amplitude that keeps the rendered movie non-negative is recorded in the source bank manifest,e9c3a2d32a8bc24f638b0cb6e8fb573a72334b5e577afad9ed2b0aab5d009381
TOTAL_FLUX,0.5,5,0.5,0.0,0.5987063256829237,0.611328125,0.04332445373196591,False,SUPPORTED,,signed perturbation about a positive baseline; the amplitude that keeps the rendered movie non-negative is recorded in the source bank manifest,e9c3a2d32a8bc24f638b0cb6e8fb573a72334b5e577afad9ed2b0aab5d009381
TOTAL_FLUX,0.5,6,0.5,0.0,0.5987063256829237,0.57421875,0.04332445373196591,False,SUPPORTED,,signed perturbation about a positive baseline; the amplitude that keeps the rendered movie non-negative is recorded in the source bank manifest,e9c3a2d32a8bc24f638b0cb6e8fb573a72334b5e577afad9ed2b0aab5d009381
TOTAL_FLUX,0.5,7,0.5,0.0,0.5987063256829237,0.548828125,0.04332445373196591,False,SUPPORTED,,signed perturbation about a positive baseline; the amplitude that keeps the rendered movie non-negative is recorded in the source bank manifest,e9c3a2d32a8bc24f638b0cb6e8fb573a72334b5e577afad9ed2b0aab5d009381
TOTAL_FLUX,0.5,8,0.5000000000000001,2.220446049250313e-16,0.5987063256829237,0.599609375,0.04332445373196591,False,SUPPORTED,,signed perturbation about a positive baseline; the amplitude that keeps the rendered movie non-negative is recorded in the source bank manifest,e9c3a2d32a8bc24f638b0cb6e8fb573a72334b5e577afad9ed2b0aab5d009381
TOTAL_FLUX,0.5,9,0.4999999999999997,5.551115123125783e-16,0.5987063256829237,0.591796875,0.04332445373196591,False,SUPPORTED,,signed perturbation about a positive baseline; the amplitude that keeps the rendered movie non-negative is recorded in the source bank manifest,e9c3a2d32a8bc24f638b0cb6e8fb573a72334b5e577afad9ed2b0aab5d009381
TOTAL_FLUX,0.5,10,0.5000000000000001,2.220446049250313e-16,0.5987063256829237,0.599609375,0.04332445373196591,False,SUPPORTED,,signed perturbation about a positive baseline; the amplitude that keeps the rendered movie non-negative is recorded in the source bank manifest,e9c3a2d32a8bc24f638b0cb6e8fb573a72334b5e577afad9ed2b0aab5d009381
TOTAL_FLUX,0.5,11,0.5000000000000001,2.220446049250313e-16,0.5987063256829237,0.591796875,0.04332445373196591,False,SUPPORTED,,signed perturbation about a positive baseline; the amplitude that keeps the rendered movie non-negative is recorded in the source bank manifest,e9c3a2d32a8bc24f638b0cb6e8fb573a72334b5e577afad9ed2b0aab5d009381
TOTAL_FLUX,0.5,12,0.5,0.0,0.5987063256829237,0.57421875,0.04332445373196591,False,SUPPORTED,,signed perturbation about a positive baseline; the amplitude that keeps the rendered movie non-negative is recorded in the source bank manifest,e9c3a2d32a8bc24f638b0cb6e8fb573a72334b5e577afad9ed2b0aab5d009381
TOTAL_FLUX,0.5,13,0.5000000000000001,2.220446049250313e-16,0.5987063256829237,0.57421875,0.04332445373196591,False,SUPPORTED,,signed perturbation about a positive baseline; the amplitude that keeps the rendered movie non-negative is recorded in the source bank manifest,e9c3a2d32a8bc24f638b0cb6e8fb573a72334b5e577afad9ed2b0aab5d009381
TOTAL_FLUX,0.5,14,0.49999999999999983,3.3306690738754696e-16,0.5987063256829237,0.619140625,0.04332445373196591,False,SUPPORTED,,signed perturbation about a positive baseline; the amplitude that keeps the rendered movie non-negative is recorded in the source bank manifest,e9c3a2d32a8bc24f638b0cb6e8fb573a72334b5e577afad9ed2b0aab5d009381
TOTAL_FLUX,0.5,15,0.5000000000000002,4.440892098500626e-16,0.5987063256829238,0.62109375,0.0433244537319659,False,SUPPORTED,,signed perturbation about a positive baseline; the amplitude that keeps the rendered movie non-negative is recorded in the source bank manifest,e9c3a2d32a8bc24f638b0cb6e8fb573a72334b5e577afad9ed2b0aab5d009381
TOTAL_FLUX,0.5,16,0.5,0.0,0.5987063256829237,0.580078125,0.04332445373196591,False,SUPPORTED,,signed perturbation about a positive baseline; the amplitude that keeps the rendered movie non-negative is recorded in the source bank manifest,e9c3a2d32a8bc24f638b0cb6e8fb573a72334b5e577afad9ed2b0aab5d009381
TOTAL_FLUX,0.5,17,0.49999999999999983,3.3306690738754696e-16,0.5987063256829237,0.615234375,0.04332445373196591,False,SUPPORTED,,signed perturbation about a positive baseline; the amplitude that keeps the rendered movie non-negative is recorded in the source bank manifest,e9c3a2d32a8bc24f638b0cb6e8fb573a72334b5e577afad9ed2b0aab5d009381
TOTAL_FLUX,0.5,18,0.5000000000000001,2.220446049250313e-16,0.5987063256829237,0.603515625,0.04332445373196591,False,SUPPORTED,,signed perturbation about a positive baseline; the amplitude that keeps the rendered movie non-negative is recorded in the source bank manifest,e9c3a2d32a8bc24f638b0cb6e8fb573a72334b5e577afad9ed2b0aab5d009381
TOTAL_FLUX,0.5,19,0.5000000000000001,2.220446049250313e-16,0.5987063256829237,0.578125,0.04332445373196591,False,SUPPORTED,,signed perturbation about a positive baseline; the amplitude that keeps the rendered movie non-negative is recorded in the source bank manifest,e9c3a2d32a8bc24f638b0cb6e8fb573a72334b5e577afad9ed2b0aab5d009381
TOTAL_FLUX,0.5,20,0.4999999999999999,2.220446049250313e-16,0.5987063256829237,0.640625,0.04332445373196591,False,SUPPORTED,,signed perturbation about a positive baseline; the amplitude that keeps the rendered movie non-negative is recorded in the source bank manifest,e9c3a2d32a8bc24f638b0cb6e8fb573a72334b5e577afad9ed2b0aab5d009381
TOTAL_FLUX,0.5,21,0.5,0.0,0.5987063256829237,0.591796875,0.04332445373196591,False,SUPPORTED,,signed perturbation about a positive baseline; the amplitude that keeps the rendered movie non-negative is recorded in the source bank manifest,e9c3a2d32a8bc24f638b0cb6e8fb573a72334b5e577afad9ed2b0aab5d009381
TOTAL_FLUX,0.5,22,0.5000000000000001,2.220446049250313e-16,0.5987063256829237,0.541015625,0.04332445373196591,False,SUPPORTED,,signed perturbation about a positive baseline; the amplitude that keeps the rendered movie non-negative is recorded in the source bank manifest,e9c3a2d32a8bc24f638b0cb6e8fb573a72334b5e577afad9ed2b0aab5d009381
TOTAL_FLUX,0.5,23,0.5000000000000001,2.220446049250313e-16,0.5987063256829237,0.595703125,0.04332445373196591,False,SUPPORTED,,signed perturbation about a positive baseline; the amplitude that keeps the rendered movie non-negative is recorded in the source bank manifest,e9c3a2d32a8bc24f638b0cb6e8fb573a72334b5e577afad9ed2b0aab5d009381
TOTAL_FLUX,0.5,24,0.4999999999999997,5.551115123125783e-16,0.5987063256829237,0.615234375,0.04332445373196591,False,SUPPORTED,,signed perturbation about a positive baseline; the amplitude that keeps the rendered movie non-negative is recorded in the source bank manifest,e9c3a2d32a8bc24f638b0cb6e8fb573a72334b5e577afad9ed2b0aab5d009381
TOTAL_FLUX,0.5,25,0.49999999999999983,3.3306690738754696e-16,0.5987063256829237,0.5859375,0.04332445373196591,False,SUPPORTED,,signed perturbation about a positive baseline; the amplitude that keeps the rendered movie non-negative is recorded in the source bank manifest,e9c3a2d32a8bc24f638b0cb6e8fb573a72334b5e577afad9ed2b0aab5d009381
TOTAL_FLUX,0.5,26,0.4999999999999996,7.771561172376096e-16,0.5987063256829237,0.6015625,0.04332445373196591,False,SUPPORTED,,signed perturbation about a positive baseline; the amplitude that keeps the rendered movie non-negative is recorded in the source bank manifest,e9c3a2d32a8bc24f638b0cb6e8fb573a72334b5e577afad9ed2b0aab5d009381
TOTAL_FLUX,0.5,27,0.5000000000000001,2.220446049250313e-16,0.5987063256829237,0.5859375,0.04332445373196591,False,SUPPORTED,,signed perturbation about a positive baseline; the amplitude that keeps the rendered movie non-negative is recorded in the source bank manifest,e9c3a2d32a8bc24f638b0cb6e8fb573a72334b5e577afad9ed2b0aab5d009381
TOTAL_FLUX,0.5,28,0.49999999999999944,1.1102230246251565e-15,0.5987063256829236,0.55859375,0.04332445373196591,False,SUPPORTED,,signed perturbation about a positive baseline; the amplitude that keeps the rendered movie non-negative is recorded in the source bank manifest,e9c3a2d32a8bc24f638b0cb6e8fb573a72334b5e577afad9ed2b0aab5d009381
TOTAL_FLUX,0.5,29,0.5000000000000001,2.220446049250313e-16,0.5987063256829237,0.5703125,0.04332445373196591,False,SUPPORTED,,signed perturbation about a positive baseline; the amplitude that keeps the rendered movie non-negative is recorded in the source bank manifest,e9c3a2d32a8bc24f638b0cb6e8fb573a72334b5e577afad9ed2b0aab5d009381
TOTAL_FLUX,0.5,30,0.4999999999999999,2.220446049250313e-16,0.5987063256829237,0.61328125,0.04332445373196591,False,SUPPORTED,,signed perturbation about a positive baseline; the amplitude that keeps the rendered movie non-negative is recorded in the source bank manifest,e9c3a2d32a8bc24f638b0cb6e8fb573a72334b5e577afad9ed2b0aab5d009381
TOTAL_FLUX,0.5,31,0.4999999999999994,1.2212453270876722e-15,0.5987063256829236,0.615234375,0.04332445373196591,False,SUPPORTED,,signed perturbation about a positive baseline; the amplitude that keeps the rendered movie non-negative is recorded in the source bank manifest,e9c3a2d32a8bc24f638b0cb6e8fb573a72334b5e577afad9ed2b0aab5d009381
TOTAL_FLUX,0.5,32,0.5,0.0,0.5987063256829237,0.578125,0.04332445373196591,False,SUPPORTED,,signed perturbation about a positive baseline; the amplitude that keeps the rendered movie non-negative is recorded in the source bank manifest,e9c3a2d32a8bc24f638b0cb6e8fb573a72334b5e577afad9ed2b0aab5d009381
TOTAL_FLUX,0.5,33,0.49999999999999983,3.3306690738754696e-16,0.5987063256829237,0.623046875,0.04332445373196591,False,SUPPORTED,,signed perturbation about a positive baseline; the amplitude that keeps the rendered movie non-negative is recorded in the source bank manifest,e9c3a2d32a8bc24f638b0cb6e8fb573a72334b5e577afad9ed2b0aab5d009381
TOTAL_FLUX,0.5,34,0.5000000000000001,2.220446049250313e-16,0.5987063256829237,0.626953125,0.04332445373196591,False,SUPPORTED,,signed perturbation about a positive baseline; the amplitude that keeps the rendered movie non-negative is recorded in the source bank manifest,e9c3a2d32a8bc24f638b0cb6e8fb573a72334b5e577afad9ed2b0aab5d009381
TOTAL_FLUX,0.5,35,0.4999999999999999,2.220446049250313e-16,0.5987063256829237,0.61328125,0.04332445373196591,False,SUPPORTED,,signed perturbation about a positive baseline; the amplitude that keeps the rendered movie non-negative is recorded in the source bank manifest,e9c3a2d32a8bc24f638b0cb6e8fb573a72334b5e577afad9ed2b0aab5d009381
TOTAL_FLUX,0.5,36,0.4999999999999999,2.220446049250313e-16,0.5987063256829237,0.56640625,0.04332445373196591,False,SUPPORTED,,signed perturbation about a positive baseline; the amplitude that keeps the rendered movie non-negative is recorded in the source bank manifest,e9c3a2d32a8bc24f638b0cb6e8fb573a72334b5e577afad9ed2b0aab5d009381
TOTAL_FLUX,0.5,37,0.5,0.0,0.5987063256829237,0.564453125,0.04332445373196591,False,SUPPORTED,,signed perturbation about a positive baseline; the amplitude that keeps the rendered movie non-negative is recorded in the source bank manifest,e9c3a2d32a8bc24f638b0cb6e8fb573a72334b5e577afad9ed2b0aab5d009381
TOTAL_FLUX,0.5,38,0.4999999999999999,2.220446049250313e-16,0.5987063256829237,0.619140625,0.04332445373196591,False,SUPPORTED,,signed perturbation about a positive baseline; the amplitude that keeps the rendered movie non-negative is recorded in the source bank manifest,e9c3a2d32a8bc24f638b0cb6e8fb573a72334b5e577afad9ed2b0aab5d009381
TOTAL_FLUX,0.5,39,0.49999999999999983,3.3306690738754696e-16,0.5987063256829237,0.580078125,0.04332445373196591,False,SUPPORTED,,signed perturbation about a positive baseline; the amplitude that keeps the rendered movie non-negative is recorded in the source bank manifest,e9c3a2d32a8bc24f638b0cb6e8fb573a72334b5e577afad9ed2b0aab5d009381
TOTAL_FLUX,1.0,0,0.9999999999999998,2.220446049250313e-16,0.691462461274013,0.6875,0.040825670340762725,False,SUPPORTED,,signed perturbation about a positive baseline; the amplitude that keeps the rendered movie non-negative is recorded in the source bank manifest,e9c3a2d32a8bc24f638b0cb6e8fb573a72334b5e577afad9ed2b0aab5d009381
TOTAL_FLUX,1.0,1,0.9999999999999993,6.661338147750939e-16,0.691462461274013,0.689453125,0.040825670340762725,False,SUPPORTED,,signed perturbation about a positive baseline; the amplitude that keeps the rendered movie non-negative is recorded in the source bank manifest,e9c3a2d32a8bc24f638b0cb6e8fb573a72334b5e577afad9ed2b0aab5d009381
TOTAL_FLUX,1.0,2,1.0000000000000009,8.881784197001252e-16,0.6914624612740132,0.65625,0.04082567034076272,False,SUPPORTED,,signed perturbation about a positive baseline; the amplitude that keeps the rendered movie non-negative is recorded in the source bank manifest,e9c3a2d32a8bc24f638b0cb6e8fb573a72334b5e577afad9ed2b0aab5d009381
TOTAL_FLUX,1.0,3,0.9999999999999992,7.771561172376096e-16,0.691462461274013,0.69921875,0.040825670340762725,False,SUPPORTED,,signed perturbation about a positive baseline; the amplitude that keeps the rendered movie non-negative is recorded in the source bank manifest,e9c3a2d32a8bc24f638b0cb6e8fb573a72334b5e577afad9ed2b0aab5d009381
TOTAL_FLUX,1.0,4,0.9999999999999998,2.220446049250313e-16,0.691462461274013,0.68359375,0.040825670340762725,False,SUPPORTED,,signed perturbation about a positive baseline; the amplitude that keeps the rendered movie non-negative is recorded in the source bank manifest,e9c3a2d32a8bc24f638b0cb6e8fb573a72334b5e577afad9ed2b0aab5d009381
TOTAL_FLUX,1.0,5,1.0,0.0,0.6914624612740131,0.6640625,0.040825670340762725,False,SUPPORTED,,signed perturbation about a positive baseline; the amplitude that keeps the rendered movie non-negative is recorded in the source bank manifest,e9c3a2d32a8bc24f638b0cb6e8fb573a72334b5e577afad9ed2b0aab5d009381
TOTAL_FLUX,1.0,6,1.0,0.0,0.6914624612740131,0.69921875,0.040825670340762725,False,SUPPORTED,,signed perturbation about a positive baseline; the amplitude that keeps the rendered movie non-negative is recorded in the source bank manifest,e9c3a2d32a8bc24f638b0cb6e8fb573a72334b5e577afad9ed2b0aab5d009381
TOTAL_FLUX,1.0,7,1.0,0.0,0.6914624612740131,0.708984375,0.040825670340762725,False,SUPPORTED,,signed perturbation about a positive baseline; the amplitude that keeps the rendered movie non-negative is recorded in the source bank manifest,e9c3a2d32a8bc24f638b0cb6e8fb573a72334b5e577afad9ed2b0aab5d009381
TOTAL_FLUX,1.0,8,1.0,0.0,0.6914624612740131,0.7109375,0.040825670340762725,False,SUPPORTED,,signed perturbation about a positive baseline; the amplitude that keeps the rendered movie non-negative is recorded in the source bank manifest,e9c3a2d32a8bc24f638b0cb6e8fb573a72334b5e577afad9ed2b0aab5d009381
TOTAL_FLUX,1.0,9,1.0000000000000004,4.440892098500626e-16,0.6914624612740132,0.677734375,0.04082567034076272,False,SUPPORTED,,signed perturbation about a positive baseline; the amplitude that keeps the rendered movie non-negative is recorded in the source bank manifest,e9c3a2d32a8bc24f638b0cb6e8fb573a72334b5e577afad9ed2b0aab5d009381
TOTAL_FLUX,1.0,10,1.0,0.0,0.6914624612740131,0.69140625,0.040825670340762725,False,SUPPORTED,,signed perturbation about a positive baseline; the amplitude that keeps the rendered movie non-negative is recorded in the source bank manifest,e9c3a2d32a8bc24f638b0cb6e8fb573a72334b5e577afad9ed2b0aab5d009381
TOTAL_FLUX,1.0,11,1.0,0.0,0.6914624612740131,0.701171875,0.040825670340762725,False,SUPPORTED,,signed perturbation about a positive baseline; the amplitude that keeps the rendered movie non-negative is recorded in the source bank manifest,e9c3a2d32a8bc24f638b0cb6e8fb573a72334b5e577afad9ed2b0aab5d009381
TOTAL_FLUX,1.0,12,1.0,0.0,0.6914624612740131,0.69921875,0.040825670340762725,False,SUPPORTED,,signed perturbation about a positive baseline; the amplitude that keeps the rendered movie non-negative is recorded in the source bank manifest,e9c3a2d32a8bc24f638b0cb6e8fb573a72334b5e577afad9ed2b0aab5d009381
TOTAL_FLUX,1.0,13,0.9999999999999999,1.1102230246251565e-16,0.691462461274013,0.689453125,0.040825670340762725,False,SUPPORTED,,signed perturbation about a positive baseline; the amplitude that keeps the rendered movie non-negative is recorded in the source bank manifest,e9c3a2d32a8bc24f638b0cb6e8fb573a72334b5e577afad9ed2b0aab5d009381
TOTAL_FLUX,1.0,14,0.9999999999999997,3.3306690738754696e-16,0.691462461274013,0.685546875,0.040825670340762725,False,SUPPORTED,,signed perturbation about a positive baseline; the amplitude that keeps the rendered movie non-negative is recorded in the source bank manifest,e9c3a2d32a8bc24f638b0cb6e8fb573a72334b5e577afad9ed2b0aab5d009381
TOTAL_FLUX,1.0,15,1.0,0.0,0.6914624612740131,0.697265625,0.040825670340762725,False,SUPPORTED,,signed perturbation about a positive baseline; the amplitude that keeps the rendered movie non-negative is recorded in the source bank manifest,e9c3a2d32a8bc24f638b0cb6e8fb573a72334b5e577afad9ed2b0aab5d009381
TOTAL_FLUX,1.0,16,1.0000000000000013,1.3322676295501878e-15,0.6914624612740133,0.68359375,0.04082567034076272,False,SUPPORTED,,signed perturbation about a positive baseline; the amplitude that keeps the rendered movie non-negative is recorded in the source bank manifest,e9c3a2d32a8bc24f638b0cb6e8fb573a72334b5e577afad9ed2b0aab5d009381
TOTAL_FLUX,1.0,17,0.9999999999999996,4.440892098500626e-16,0.691462461274013,0.681640625,0.040825670340762725,False,SUPPORTED,,signed perturbation about a positive baseline; the amplitude that keeps the rendered movie non-negative is recorded in the source bank manifest,e9c3a2d32a8bc24f638b0cb6e8fb573a72334b5e577afad9ed2b0aab5d009381
TOTAL_FLUX,1.0,18,1.0,0.0,0.6914624612740131,0.685546875,0.040825670340762725,False,SUPPORTED,,signed perturbation about a positive baseline; the amplitude that keeps the rendered movie non-negative is recorded in the source bank manifest,e9c3a2d32a8bc24f638b0cb6e8fb573a72334b5e577afad9ed2b0aab5d009381
TOTAL_FLUX,1.0,19,1.0,0.0,0.6914624612740131,0.693359375,0.040825670340762725,False,SUPPORTED,,signed perturbation about a positive baseline; the amplitude that keeps the rendered movie non-negative is recorded in the source bank manifest,e9c3a2d32a8bc24f638b0cb6e8fb573a72334b5e577afad9ed2b0aab5d009381
TOTAL_FLUX,1.0,20,1.0000000000000004,4.440892098500626e-16,0.6914624612740132,0.732421875,0.04082567034076272,True,SUPPORTED,,signed perturbation about a positive baseline; the amplitude that keeps the rendered movie non-negative is recorded in the source bank manifest,e9c3a2d32a8bc24f638b0cb6e8fb573a72334b5e577afad9ed2b0aab5d009381
TOTAL_FLUX,1.0,21,1.0000000000000009,8.881784197001252e-16,0.6914624612740132,0.681640625,0.04082567034076272,False,SUPPORTED,,signed perturbation about a positive baseline; the amplitude that keeps the rendered movie non-negative is recorded in the source bank manifest,e9c3a2d32a8bc24f638b0cb6e8fb573a72334b5e577afad9ed2b0aab5d009381
TOTAL_FLUX,1.0,22,1.0000000000000004,4.440892098500626e-16,0.6914624612740132,0.70703125,0.04082567034076272,False,SUPPORTED,,signed perturbation about a positive baseline; the amplitude that keeps the rendered movie non-negative is recorded in the source bank manifest,e9c3a2d32a8bc24f638b0cb6e8fb573a72334b5e577afad9ed2b0aab5d009381
TOTAL_FLUX,1.0,23,1.0000000000000004,4.440892098500626e-16,0.6914624612740132,0.68359375,0.04082567034076272,False,SUPPORTED,,signed perturbation about a positive baseline; the amplitude that keeps the rendered movie non-negative is recorded in the source bank manifest,e9c3a2d32a8bc24f638b0cb6e8fb573a72334b5e577afad9ed2b0aab5d009381
TOTAL_FLUX,1.0,24,0.9999999999999993,6.661338147750939e-16,0.691462461274013,0.70703125,0.040825670340762725,False,SUPPORTED,,signed perturbation about a positive baseline; the amplitude that keeps the rendered movie non-negative is recorded in the source bank manifest,e9c3a2d32a8bc24f638b0cb6e8fb573a72334b5e577afad9ed2b0aab5d009381
TOTAL_FLUX,1.0,25,1.0000000000000007,6.661338147750939e-16,0.6914624612740132,0.681640625,0.04082567034076272,False,SUPPORTED,,signed perturbation about a positive baseline; the amplitude that keeps the rendered movie non-negative is recorded in the source bank manifest,e9c3a2d32a8bc24f638b0cb6e8fb573a72334b5e577afad9ed2b0aab5d009381
TOTAL_FLUX,1.0,26,0.9999999999999999,1.1102230246251565e-16,0.691462461274013,0.72265625,0.040825670340762725,False,SUPPORTED,,signed perturbation about a positive baseline; the amplitude that keeps the rendered movie non-negative is recorded in the source bank manifest,e9c3a2d32a8bc24f638b0cb6e8fb573a72334b5e577afad9ed2b0aab5d009381
TOTAL_FLUX,1.0,27,0.9999999999999999,1.1102230246251565e-16,0.691462461274013,0.673828125,0.040825670340762725,False,SUPPORTED,,signed perturbation about a positive baseline; the amplitude that keeps the rendered movie non-negative is recorded in the source bank manifest,e9c3a2d32a8bc24f638b0cb6e8fb573a72334b5e577afad9ed2b0aab5d009381
TOTAL_FLUX,1.0,28,1.0000000000000007,6.661338147750939e-16,0.6914624612740132,0.697265625,0.04082567034076272,False,SUPPORTED,,signed perturbation about a positive baseline; the amplitude that keeps the rendered movie non-negative is recorded in the source bank manifest,e9c3a2d32a8bc24f638b0cb6e8fb573a72334b5e577afad9ed2b0aab5d009381
TOTAL_FLUX,1.0,29,0.999999999999999,9.992007221626409e-16,0.6914624612740129,0.68359375,0.04082567034076273,False,SUPPORTED,,signed perturbation about a positive baseline; the amplitude that keeps the rendered movie non-negative is recorded in the source bank manifest,e9c3a2d32a8bc24f638b0cb6e8fb573a72334b5e577afad9ed2b0aab5d009381
TOTAL_FLUX,1.0,30,0.9999999999999999,1.1102230246251565e-16,0.691462461274013,0.732421875,0.040825670340762725,True,SUPPORTED,,signed perturbation about a positive baseline; the amplitude that keeps the rendered movie non-negative is recorded in the source bank manifest,e9c3a2d32a8bc24f638b0cb6e8fb573a72334b5e577afad9ed2b0aab5d009381
TOTAL_FLUX,1.0,31,1.0000000000000004,4.440892098500626e-16,0.6914624612740132,0.70703125,0.04082567034076272,False,SUPPORTED,,signed perturbation about a positive baseline; the amplitude that keeps the rendered movie non-negative is recorded in the source bank manifest,e9c3a2d32a8bc24f638b0cb6e8fb573a72334b5e577afad9ed2b0aab5d009381
TOTAL_FLUX,1.0,32,1.000000000000001,1.1102230246251565e-15,0.6914624612740133,0.68359375,0.04082567034076272,False,SUPPORTED,,signed perturbation about a positive baseline; the amplitude that keeps the rendered movie non-negative is recorded in the source bank manifest,e9c3a2d32a8bc24f638b0cb6e8fb573a72334b5e577afad9ed2b0aab5d009381
TOTAL_FLUX,1.0,33,1.0000000000000004,4.440892098500626e-16,0.6914624612740132,0.6875,0.04082567034076272,False,SUPPORTED,,signed perturbation about a positive baseline; the amplitude that keeps the rendered movie non-negative is recorded in the source bank manifest,e9c3a2d32a8bc24f638b0cb6e8fb573a72334b5e577afad9ed2b0aab5d009381
TOTAL_FLUX,1.0,34,1.0000000000000004,4.440892098500626e-16,0.6914624612740132,0.6640625,0.04082567034076272,False,SUPPORTED,,signed perturbation about a positive baseline; the amplitude that keeps the rendered movie non-negative is recorded in the source bank manifest,e9c3a2d32a8bc24f638b0cb6e8fb573a72334b5e577afad9ed2b0aab5d009381
TOTAL_FLUX,1.0,35,0.9999999999999998,2.220446049250313e-16,0.691462461274013,0.7265625,0.040825670340762725,False,SUPPORTED,,signed perturbation about a positive baseline; the amplitude that keeps the rendered movie non-negative is recorded in the source bank manifest,e9c3a2d32a8bc24f638b0cb6e8fb573a72334b5e577afad9ed2b0aab5d009381
TOTAL_FLUX,1.0,36,0.9999999999999999,1.1102230246251565e-16,0.691462461274013,0.7421875,0.040825670340762725,True,SUPPORTED,,signed perturbation about a positive baseline; the amplitude that keeps the rendered movie non-negative is recorded in the source bank manifest,e9c3a2d32a8bc24f638b0cb6e8fb573a72334b5e577afad9ed2b0aab5d009381
TOTAL_FLUX,1.0,37,0.9999999999999996,4.440892098500626e-16,0.691462461274013,0.681640625,0.040825670340762725,False,SUPPORTED,,signed perturbation about a positive baseline; the amplitude that keeps the rendered movie non-negative is recorded in the source bank manifest,e9c3a2d32a8bc24f638b0cb6e8fb573a72334b5e577afad9ed2b0aab5d009381
TOTAL_FLUX,1.0,38,0.9999999999999999,1.1102230246251565e-16,0.691462461274013,0.673828125,0.040825670340762725,False,SUPPORTED,,signed perturbation about a positive baseline; the amplitude that keeps the rendered movie non-negative is recorded in the source bank manifest,e9c3a2d32a8bc24f638b0cb6e8fb573a72334b5e577afad9ed2b0aab5d009381
TOTAL_FLUX,1.0,39,0.9999999999999998,2.220446049250313e-16,0.691462461274013,0.69921875,0.040825670340762725,False,SUPPORTED,,signed perturbation about a positive baseline; the amplitude that keeps the rendered movie non-negative is recorded in the source bank manifest,e9c3a2d32a8bc24f638b0cb6e8fb573a72334b5e577afad9ed2b0aab5d009381
TOTAL_FLUX,2.0,0,2.0000000000000013,6.661338147750939e-16,0.841344746068543,0.859375,0.032293062859367755,False,SUPPORTED,,signed perturbation about a positive baseline; the amplitude that keeps the rendered movie non-negative is recorded in the source bank manifest,e9c3a2d32a8bc24f638b0cb6e8fb573a72334b5e577afad9ed2b0aab5d009381
TOTAL_FLUX,2.0,1,2.0000000000000004,2.220446049250313e-16,0.841344746068543,0.833984375,0.032293062859367755,False,SUPPORTED,,signed perturbation about a positive baseline; the amplitude that keeps the rendered movie non-negative is recorded in the source bank manifest,e9c3a2d32a8bc24f638b0cb6e8fb573a72334b5e577afad9ed2b0aab5d009381
TOTAL_FLUX,2.0,2,2.0,0.0,0.8413447460685429,0.853515625,0.03229306285936776,False,SUPPORTED,,signed perturbation about a positive baseline; the amplitude that keeps the rendered movie non-negative is recorded in the source bank manifest,e9c3a2d32a8bc24f638b0cb6e8fb573a72334b5e577afad9ed2b0aab5d009381
TOTAL_FLUX,2.0,3,2.000000000000001,4.440892098500626e-16,0.841344746068543,0.822265625,0.032293062859367755,False,SUPPORTED,,signed perturbation about a positive baseline; the amplitude that keeps the rendered movie non-negative is recorded in the source bank manifest,e9c3a2d32a8bc24f638b0cb6e8fb573a72334b5e577afad9ed2b0aab5d009381
TOTAL_FLUX,2.0,4,1.9999999999999998,1.1102230246251565e-16,0.8413447460685429,0.84375,0.03229306285936776,False,SUPPORTED,,signed perturbation about a positive baseline; the amplitude that keeps the rendered movie non-negative is recorded in the source bank manifest,e9c3a2d32a8bc24f638b0cb6e8fb573a72334b5e577afad9ed2b0aab5d009381
TOTAL_FLUX,2.0,5,1.9999999999999998,1.1102230246251565e-16,0.8413447460685429,0.84765625,0.03229306285936776,False,SUPPORTED,,signed perturbation about a positive baseline; the amplitude that keeps the rendered movie non-negative is recorded in the source bank manifest,e9c3a2d32a8bc24f638b0cb6e8fb573a72334b5e577afad9ed2b0aab5d009381
TOTAL_FLUX,2.0,6,2.0000000000000004,2.220446049250313e-16,0.841344746068543,0.828125,0.032293062859367755,False,SUPPORTED,,signed perturbation about a positive baseline; the amplitude that keeps the rendered movie non-negative is recorded in the source bank manifest,e9c3a2d32a8bc24f638b0cb6e8fb573a72334b5e577afad9ed2b0aab5d009381
TOTAL_FLUX,2.0,7,2.0000000000000004,2.220446049250313e-16,0.841344746068543,0.84765625,0.032293062859367755,False,SUPPORTED,,signed perturbation about a positive baseline; the amplitude that keeps the rendered movie non-negative is recorded in the source bank manifest,e9c3a2d32a8bc24f638b0cb6e8fb573a72334b5e577afad9ed2b0aab5d009381
TOTAL_FLUX,2.0,8,2.0000000000000004,2.220446049250313e-16,0.841344746068543,0.8515625,0.032293062859367755,False,SUPPORTED,,signed perturbation about a positive baseline; the amplitude that keeps the rendered movie non-negative is recorded in the source bank manifest,e9c3a2d32a8bc24f638b0cb6e8fb573a72334b5e577afad9ed2b0aab5d009381
TOTAL_FLUX,2.0,9,2.0,0.0,0.8413447460685429,0.828125,0.03229306285936776,False,SUPPORTED,,signed perturbation about a positive baseline; the amplitude that keeps the rendered movie non-negative is recorded in the source bank manifest,e9c3a2d32a8bc24f638b0cb6e8fb573a72334b5e577afad9ed2b0aab5d009381
TOTAL_FLUX,2.0,10,2.0000000000000004,2.220446049250313e-16,0.841344746068543,0.845703125,0.032293062859367755,False,SUPPORTED,,signed perturbation about a positive baseline; the amplitude that keeps the rendered movie non-negative is recorded in the source bank manifest,e9c3a2d32a8bc24f638b0cb6e8fb573a72334b5e577afad9ed2b0aab5d009381
TOTAL_FLUX,2.0,11,2.0,0.0,0.8413447460685429,0.85546875,0.03229306285936776,False,SUPPORTED,,signed perturbation about a positive baseline; the amplitude that keeps the rendered movie non-negative is recorded in the source bank manifest,e9c3a2d32a8bc24f638b0cb6e8fb573a72334b5e577afad9ed2b0aab5d009381
TOTAL_FLUX,2.0,12,1.9999999999999991,4.440892098500626e-16,0.8413447460685428,0.8671875,0.032293062859367776,False,SUPPORTED,,signed perturbation about a positive baseline; the amplitude that keeps the rendered movie non-negative is recorded in the source bank manifest,e9c3a2d32a8bc24f638b0cb6e8fb573a72334b5e577afad9ed2b0aab5d009381
TOTAL_FLUX,2.0,13,2.0,0.0,0.8413447460685429,0.830078125,0.03229306285936776,False,SUPPORTED,,signed perturbation about a positive baseline; the amplitude that keeps the rendered movie non-negative is recorded in the source bank manifest,e9c3a2d32a8bc24f638b0cb6e8fb573a72334b5e577afad9ed2b0aab5d009381
TOTAL_FLUX,2.0,14,2.0000000000000004,2.220446049250313e-16,0.841344746068543,0.81640625,0.032293062859367755,False,SUPPORTED,,signed perturbation about a positive baseline; the amplitude that keeps the rendered movie non-negative is recorded in the source bank manifest,e9c3a2d32a8bc24f638b0cb6e8fb573a72334b5e577afad9ed2b0aab5d009381
TOTAL_FLUX,2.0,15,2.0,0.0,0.8413447460685429,0.853515625,0.03229306285936776,False,SUPPORTED,,signed perturbation about a positive baseline; the amplitude that keeps the rendered movie non-negative is recorded in the source bank manifest,e9c3a2d32a8bc24f638b0cb6e8fb573a72334b5e577afad9ed2b0aab5d009381
TOTAL_FLUX,2.0,16,2.0,0.0,0.8413447460685429,0.82421875,0.03229306285936776,False,SUPPORTED,,signed perturbation about a positive baseline; the amplitude that keeps the rendered movie non-negative is recorded in the source bank manifest,e9c3a2d32a8bc24f638b0cb6e8fb573a72334b5e577afad9ed2b0aab5d009381
TOTAL_FLUX,2.0,17,2.0000000000000018,8.881784197001252e-16,0.8413447460685431,0.82421875,0.03229306285936775,False,SUPPORTED,,signed perturbation about a positive baseline; the amplitude that keeps the rendered movie non-negative is recorded in the source bank manifest,e9c3a2d32a8bc24f638b0cb6e8fb573a72334b5e577afad9ed2b0aab5d009381
TOTAL_FLUX,2.0,18,2.0,0.0,0.8413447460685429,0.857421875,0.03229306285936776,False,SUPPORTED,,signed perturbation about a positive baseline; the amplitude that keeps the rendered movie non-negative is recorded in the source bank manifest,e9c3a2d32a8bc24f638b0cb6e8fb573a72334b5e577afad9ed2b0aab5d009381
TOTAL_FLUX,2.0,19,2.0000000000000013,6.661338147750939e-16,0.841344746068543,0.822265625,0.032293062859367755,False,SUPPORTED,,signed perturbation about a positive baseline; the amplitude that keeps the rendered movie non-negative is recorded in the source bank manifest,e9c3a2d32a8bc24f638b0cb6e8fb573a72334b5e577afad9ed2b0aab5d009381
TOTAL_FLUX,2.0,20,1.9999999999999996,2.220446049250313e-16,0.8413447460685429,0.828125,0.03229306285936776,False,SUPPORTED,,signed perturbation about a positive baseline; the amplitude that keeps the rendered movie non-negative is recorded in the source bank manifest,e9c3a2d32a8bc24f638b0cb6e8fb573a72334b5e577afad9ed2b0aab5d009381
TOTAL_FLUX,2.0,21,2.000000000000002,1.1102230246251565e-15,0.8413447460685433,0.845703125,0.032293062859367734,False,SUPPORTED,,signed perturbation about a positive baseline; the amplitude that keeps the rendered movie non-negative is recorded in the source bank manifest,e9c3a2d32a8bc24f638b0cb6e8fb573a72334b5e577afad9ed2b0aab5d009381
TOTAL_FLUX,2.0,22,1.9999999999999996,2.220446049250313e-16,0.8413447460685429,0.86328125,0.03229306285936776,False,SUPPORTED,,signed perturbation about a positive baseline; the amplitude that keeps the rendered movie non-negative is recorded in the source bank manifest,e9c3a2d32a8bc24f638b0cb6e8fb573a72334b5e577afad9ed2b0aab5d009381
TOTAL_FLUX,2.0,23,2.0,0.0,0.8413447460685429,0.841796875,0.03229306285936776,False,SUPPORTED,,signed perturbation about a positive baseline; the amplitude that keeps the rendered movie non-negative is recorded in the source bank manifest,e9c3a2d32a8bc24f638b0cb6e8fb573a72334b5e577afad9ed2b0aab5d009381
TOTAL_FLUX,2.0,24,1.9999999999999991,4.440892098500626e-16,0.8413447460685428,0.837890625,0.032293062859367776,False,SUPPORTED,,signed perturbation about a positive baseline; the amplitude that keeps the rendered movie non-negative is recorded in the source bank manifest,e9c3a2d32a8bc24f638b0cb6e8fb573a72334b5e577afad9ed2b0aab5d009381
TOTAL_FLUX,2.0,25,1.9999999999999998,1.1102230246251565e-16,0.8413447460685429,0.849609375,0.03229306285936776,False,SUPPORTED,,signed perturbation about a positive baseline; the amplitude that keeps the rendered movie non-negative is recorded in the source bank manifest,e9c3a2d32a8bc24f638b0cb6e8fb573a72334b5e577afad9ed2b0aab5d009381
TOTAL_FLUX,2.0,26,1.999999999999999,5.551115123125783e-16,0.8413447460685428,0.814453125,0.032293062859367776,False,SUPPORTED,,signed perturbation about a positive baseline; the amplitude that keeps the rendered movie non-negative is recorded in the source bank manifest,e9c3a2d32a8bc24f638b0cb6e8fb573a72334b5e577afad9ed2b0aab5d009381
TOTAL_FLUX,2.0,27,2.0,0.0,0.8413447460685429,0.87109375,0.03229306285936776,False,SUPPORTED,,signed perturbation about a positive baseline; the amplitude that keeps the rendered movie non-negative is recorded in the source bank manifest,e9c3a2d32a8bc24f638b0cb6e8fb573a72334b5e577afad9ed2b0aab5d009381
TOTAL_FLUX,2.0,28,2.0,0.0,0.8413447460685429,0.845703125,0.03229306285936776,False,SUPPORTED,,signed perturbation about a positive baseline; the amplitude that keeps the rendered movie non-negative is recorded in the source bank manifest,e9c3a2d32a8bc24f638b0cb6e8fb573a72334b5e577afad9ed2b0aab5d009381
TOTAL_FLUX,2.0,29,1.9999999999999993,3.3306690738754696e-16,0.8413447460685428,0.853515625,0.032293062859367776,False,SUPPORTED,,signed perturbation about a positive baseline; the amplitude that keeps the rendered movie non-negative is recorded in the source bank manifest,e9c3a2d32a8bc24f638b0cb6e8fb573a72334b5e577afad9ed2b0aab5d009381
TOTAL_FLUX,2.0,30,1.9999999999999982,8.881784197001252e-16,0.8413447460685426,0.84375,0.032293062859367797,False,SUPPORTED,,signed perturbation about a positive baseline; the amplitude that keeps the rendered movie non-negative is recorded in the source bank manifest,e9c3a2d32a8bc24f638b0cb6e8fb573a72334b5e577afad9ed2b0aab5d009381
TOTAL_FLUX,2.0,31,1.9999999999999993,3.3306690738754696e-16,0.8413447460685428,0.86328125,0.032293062859367776,False,SUPPORTED,,signed perturbation about a positive baseline; the amplitude that keeps the rendered movie non-negative is recorded in the source bank manifest,e9c3a2d32a8bc24f638b0cb6e8fb573a72334b5e577afad9ed2b0aab5d009381
TOTAL_FLUX,2.0,32,1.9999999999999996,2.220446049250313e-16,0.8413447460685429,0.83203125,0.03229306285936776,False,SUPPORTED,,signed perturbation about a positive baseline; the amplitude that keeps the rendered movie non-negative is recorded in the source bank manifest,e9c3a2d32a8bc24f638b0cb6e8fb573a72334b5e577afad9ed2b0aab5d009381
TOTAL_FLUX,2.0,33,1.9999999999999996,2.220446049250313e-16,0.8413447460685429,0.8359375,0.03229306285936776,False,SUPPORTED,,signed perturbation about a positive baseline; the amplitude that keeps the rendered movie non-negative is recorded in the source bank manifest,e9c3a2d32a8bc24f638b0cb6e8fb573a72334b5e577afad9ed2b0aab5d009381
TOTAL_FLUX,2.0,34,2.0,0.0,0.8413447460685429,0.84375,0.03229306285936776,False,SUPPORTED,,signed perturbation about a positive baseline; the amplitude that keeps the rendered movie non-negative is recorded in the source bank manifest,e9c3a2d32a8bc24f638b0cb6e8fb573a72334b5e577afad9ed2b0aab5d009381
TOTAL_FLUX,2.0,35,1.9999999999999998,1.1102230246251565e-16,0.8413447460685429,0.8515625,0.03229306285936776,False,SUPPORTED,,signed perturbation about a positive baseline; the amplitude that keeps the rendered movie non-negative is recorded in the source bank manifest,e9c3a2d32a8bc24f638b0cb6e8fb573a72334b5e577afad9ed2b0aab5d009381
TOTAL_FLUX,2.0,36,2.0000000000000004,2.220446049250313e-16,0.841344746068543,0.875,0.032293062859367755,True,SUPPORTED,,signed perturbation about a positive baseline; the amplitude that keeps the rendered movie non-negative is recorded in the source bank manifest,e9c3a2d32a8bc24f638b0cb6e8fb573a72334b5e577afad9ed2b0aab5d009381
TOTAL_FLUX,2.0,37,1.9999999999999998,1.1102230246251565e-16,0.8413447460685429,0.84375,0.03229306285936776,False,SUPPORTED,,signed perturbation about a positive baseline; the amplitude that keeps the rendered movie non-negative is recorded in the source bank manifest,e9c3a2d32a8bc24f638b0cb6e8fb573a72334b5e577afad9ed2b0aab5d009381
TOTAL_FLUX,2.0,38,2.0,0.0,0.8413447460685429,0.845703125,0.03229306285936776,False,SUPPORTED,,signed perturbation about a positive baseline; the amplitude that keeps the rendered movie non-negative is recorded in the source bank manifest,e9c3a2d32a8bc24f638b0cb6e8fb573a72334b5e577afad9ed2b0aab5d009381
TOTAL_FLUX,2.0,39,2.0,0.0,0.8413447460685429,0.83984375,0.03229306285936776,False,SUPPORTED,,signed perturbation about a positive baseline; the amplitude that keeps the rendered movie non-negative is recorded in the source bank manifest,e9c3a2d32a8bc24f638b0cb6e8fb573a72334b5e577afad9ed2b0aab5d009381
TOTAL_FLUX,4.0,0,4.000000000000001,2.220446049250313e-16,0.9772498680518208,0.966796875,0.013179222356053854,False,SUPPORTED,,signed perturbation about a positive baseline; the amplitude that keeps the rendered movie non-negative is recorded in the source bank manifest,e9c3a2d32a8bc24f638b0cb6e8fb573a72334b5e577afad9ed2b0aab5d009381
TOTAL_FLUX,4.0,1,3.9999999999999982,4.440892098500626e-16,0.9772498680518208,0.986328125,0.013179222356053854,False,SUPPORTED,,signed perturbation about a positive baseline; the amplitude that keeps the rendered movie non-negative is recorded in the source bank manifest,e9c3a2d32a8bc24f638b0cb6e8fb573a72334b5e577afad9ed2b0aab5d009381
TOTAL_FLUX,4.0,2,3.9999999999999982,4.440892098500626e-16,0.9772498680518208,0.986328125,0.013179222356053854,False,SUPPORTED,,signed perturbation about a positive baseline; the amplitude that keeps the rendered movie non-negative is recorded in the source bank manifest,e9c3a2d32a8bc24f638b0cb6e8fb573a72334b5e577afad9ed2b0aab5d009381
TOTAL_FLUX,4.0,3,3.9999999999999996,1.1102230246251565e-16,0.9772498680518208,0.98046875,0.013179222356053854,False,SUPPORTED,,signed perturbation about a positive baseline; the amplitude that keeps the rendered movie non-negative is recorded in the source bank manifest,e9c3a2d32a8bc24f638b0cb6e8fb573a72334b5e577afad9ed2b0aab5d009381
TOTAL_FLUX,4.0,4,3.9999999999999987,3.3306690738754696e-16,0.9772498680518208,0.978515625,0.013179222356053854,False,SUPPORTED,,signed perturbation about a positive baseline; the amplitude that keeps the rendered movie non-negative is recorded in the source bank manifest,e9c3a2d32a8bc24f638b0cb6e8fb573a72334b5e577afad9ed2b0aab5d009381
TOTAL_FLUX,4.0,5,4.000000000000002,4.440892098500626e-16,0.9772498680518209,0.986328125,0.013179222356053824,False,SUPPORTED,,signed perturbation about a positive baseline; the amplitude that keeps the rendered movie non-negative is recorded in the source bank manifest,e9c3a2d32a8bc24f638b0cb6e8fb573a72334b5e577afad9ed2b0aab5d009381
TOTAL_FLUX,4.0,6,4.0,0.0,0.9772498680518208,0.9765625,0.013179222356053854,False,SUPPORTED,,signed perturbation about a positive baseline; the amplitude that keeps the rendered movie non-negative is recorded in the source bank manifest,e9c3a2d32a8bc24f638b0cb6e8fb573a72334b5e577afad9ed2b0aab5d009381
TOTAL_FLUX,4.0,7,4.000000000000002,4.440892098500626e-16,0.9772498680518209,0.97265625,0.013179222356053824,False,SUPPORTED,,signed perturbation about a positive baseline; the amplitude that keeps the rendered movie non-negative is recorded in the source bank manifest,e9c3a2d32a8bc24f638b0cb6e8fb573a72334b5e577afad9ed2b0aab5d009381
TOTAL_FLUX,4.0,8,3.9999999999999982,4.440892098500626e-16,0.9772498680518208,0.96484375,0.013179222356053854,False,SUPPORTED,,signed perturbation about a positive baseline; the amplitude that keeps the rendered movie non-negative is recorded in the source bank manifest,e9c3a2d32a8bc24f638b0cb6e8fb573a72334b5e577afad9ed2b0aab5d009381
TOTAL_FLUX,4.0,9,3.999999999999999,2.220446049250313e-16,0.9772498680518208,0.97265625,0.013179222356053854,False,SUPPORTED,,signed perturbation about a positive baseline; the amplitude that keeps the rendered movie non-negative is recorded in the source bank manifest,e9c3a2d32a8bc24f638b0cb6e8fb573a72334b5e577afad9ed2b0aab5d009381
TOTAL_FLUX,4.0,10,3.999999999999999,2.220446049250313e-16,0.9772498680518208,0.98046875,0.013179222356053854,False,SUPPORTED,,signed perturbation about a positive baseline; the amplitude that keeps the rendered movie non-negative is recorded in the source bank manifest,e9c3a2d32a8bc24f638b0cb6e8fb573a72334b5e577afad9ed2b0aab5d009381
TOTAL_FLUX,4.0,11,3.999999999999999,2.220446049250313e-16,0.9772498680518208,0.982421875,0.013179222356053854,False,SUPPORTED,,signed perturbation about a positive baseline; the amplitude that keeps the rendered movie non-negative is recorded in the source bank manifest,e9c3a2d32a8bc24f638b0cb6e8fb573a72334b5e577afad9ed2b0aab5d009381
TOTAL_FLUX,4.0,12,4.000000000000001,2.220446049250313e-16,0.9772498680518208,0.962890625,0.013179222356053854,False,SUPPORTED,,signed perturbation about a positive baseline; the amplitude that keeps the rendered movie non-negative is recorded in the source bank manifest,e9c3a2d32a8bc24f638b0cb6e8fb573a72334b5e577afad9ed2b0aab5d009381
TOTAL_FLUX,4.0,13,4.000000000000002,4.440892098500626e-16,0.9772498680518209,0.970703125,0.013179222356053824,False,SUPPORTED,,signed perturbation about a positive baseline; the amplitude that keeps the rendered movie non-negative is recorded in the source bank manifest,e9c3a2d32a8bc24f638b0cb6e8fb573a72334b5e577afad9ed2b0aab5d009381
TOTAL_FLUX,4.0,14,4.0,0.0,0.9772498680518208,0.970703125,0.013179222356053854,False,SUPPORTED,,signed perturbation about a positive baseline; the amplitude that keeps the rendered movie non-negative is recorded in the source bank manifest,e9c3a2d32a8bc24f638b0cb6e8fb573a72334b5e577afad9ed2b0aab5d009381
TOTAL_FLUX,4.0,15,4.0,0.0,0.9772498680518208,0.974609375,0.013179222356053854,False,SUPPORTED,,signed perturbation about a positive baseline; the amplitude that keeps the rendered movie non-negative is recorded in the source bank manifest,e9c3a2d32a8bc24f638b0cb6e8fb573a72334b5e577afad9ed2b0aab5d009381
TOTAL_FLUX,4.0,16,3.9999999999999987,3.3306690738754696e-16,0.9772498680518208,0.9765625,0.013179222356053854,False,SUPPORTED,,signed perturbation about a positive baseline; the amplitude that keeps the rendered movie non-negative is recorded in the source bank manifest,e9c3a2d32a8bc24f638b0cb6e8fb573a72334b5e577afad9ed2b0aab5d009381
TOTAL_FLUX,4.0,17,3.9999999999999987,3.3306690738754696e-16,0.9772498680518208,0.96484375,0.013179222356053854,False,SUPPORTED,,signed perturbation about a positive baseline; the amplitude that keeps the rendered movie non-negative is recorded in the source bank manifest,e9c3a2d32a8bc24f638b0cb6e8fb573a72334b5e577afad9ed2b0aab5d009381
TOTAL_FLUX,4.0,18,4.000000000000002,4.440892098500626e-16,0.9772498680518209,0.982421875,0.013179222356053824,False,SUPPORTED,,signed perturbation about a positive baseline; the amplitude that keeps the rendered movie non-negative is recorded in the source bank manifest,e9c3a2d32a8bc24f638b0cb6e8fb573a72334b5e577afad9ed2b0aab5d009381
TOTAL_FLUX,4.0,19,4.000000000000001,2.220446049250313e-16,0.9772498680518208,0.9765625,0.013179222356053854,False,SUPPORTED,,signed perturbation about a positive baseline; the amplitude that keeps the rendered movie non-negative is recorded in the source bank manifest,e9c3a2d32a8bc24f638b0cb6e8fb573a72334b5e577afad9ed2b0aab5d009381
TOTAL_FLUX,4.0,20,3.9999999999999987,3.3306690738754696e-16,0.9772498680518208,0.986328125,0.013179222356053854,False,SUPPORTED,,signed perturbation about a positive baseline; the amplitude that keeps the rendered movie non-negative is recorded in the source bank manifest,e9c3a2d32a8bc24f638b0cb6e8fb573a72334b5e577afad9ed2b0aab5d009381
TOTAL_FLUX,4.0,21,4.000000000000001,2.220446049250313e-16,0.9772498680518208,0.98046875,0.013179222356053854,False,SUPPORTED,,signed perturbation about a positive baseline; the amplitude that keeps the rendered movie non-negative is recorded in the source bank manifest,e9c3a2d32a8bc24f638b0cb6e8fb573a72334b5e577afad9ed2b0aab5d009381
TOTAL_FLUX,4.0,22,3.999999999999998,5.551115123125783e-16,0.9772498680518207,0.986328125,0.013179222356053887,False,SUPPORTED,,signed perturbation about a positive baseline; the amplitude that keeps the rendered movie non-negative is recorded in the source bank manifest,e9c3a2d32a8bc24f638b0cb6e8fb573a72334b5e577afad9ed2b0aab5d009381
TOTAL_FLUX,4.0,23,4.0,0.0,0.9772498680518208,0.978515625,0.013179222356053854,False,SUPPORTED,,signed perturbation about a positive baseline; the amplitude that keeps the rendered movie non-negative is recorded in the source bank manifest,e9c3a2d32a8bc24f638b0cb6e8fb573a72334b5e577afad9ed2b0aab5d009381
TOTAL_FLUX,4.0,24,3.999999999999999,2.220446049250313e-16,0.9772498680518208,0.978515625,0.013179222356053854,False,SUPPORTED,,signed perturbation about a positive baseline; the amplitude that keeps the rendered movie non-negative is recorded in the source bank manifest,e9c3a2d32a8bc24f638b0cb6e8fb573a72334b5e577afad9ed2b0aab5d009381
TOTAL_FLUX,4.0,25,4.000000000000001,2.220446049250313e-16,0.9772498680518208,0.974609375,0.013179222356053854,False,SUPPORTED,,signed perturbation about a positive baseline; the amplitude that keeps the rendered movie non-negative is recorded in the source bank manifest,e9c3a2d32a8bc24f638b0cb6e8fb573a72334b5e577afad9ed2b0aab5d009381
TOTAL_FLUX,4.0,26,4.000000000000001,2.220446049250313e-16,0.9772498680518208,0.974609375,0.013179222356053854,False,SUPPORTED,,signed perturbation about a positive baseline; the amplitude that keeps the rendered movie non-negative is recorded in the source bank manifest,e9c3a2d32a8bc24f638b0cb6e8fb573a72334b5e577afad9ed2b0aab5d009381
TOTAL_FLUX,4.0,27,3.9999999999999987,3.3306690738754696e-16,0.9772498680518208,0.982421875,0.013179222356053854,False,SUPPORTED,,signed perturbation about a positive baseline; the amplitude that keeps the rendered movie non-negative is recorded in the source bank manifest,e9c3a2d32a8bc24f638b0cb6e8fb573a72334b5e577afad9ed2b0aab5d009381
TOTAL_FLUX,4.0,28,3.9999999999999982,4.440892098500626e-16,0.9772498680518208,0.974609375,0.013179222356053854,False,SUPPORTED,,signed perturbation about a positive baseline; the amplitude that keeps the rendered movie non-negative is recorded in the source bank manifest,e9c3a2d32a8bc24f638b0cb6e8fb573a72334b5e577afad9ed2b0aab5d009381
TOTAL_FLUX,4.0,29,4.000000000000001,2.220446049250313e-16,0.9772498680518208,0.986328125,0.013179222356053854,False,SUPPORTED,,signed perturbation about a positive baseline; the amplitude that keeps the rendered movie non-negative is recorded in the source bank manifest,e9c3a2d32a8bc24f638b0cb6e8fb573a72334b5e577afad9ed2b0aab5d009381
TOTAL_FLUX,4.0,30,4.0,0.0,0.9772498680518208,0.990234375,0.013179222356053854,False,SUPPORTED,,signed perturbation about a positive baseline; the amplitude that keeps the rendered movie non-negative is recorded in the source bank manifest,e9c3a2d32a8bc24f638b0cb6e8fb573a72334b5e577afad9ed2b0aab5d009381
TOTAL_FLUX,4.0,31,4.000000000000001,2.220446049250313e-16,0.9772498680518208,0.9765625,0.013179222356053854,False,SUPPORTED,,signed perturbation about a positive baseline; the amplitude that keeps the rendered movie non-negative is recorded in the source bank manifest,e9c3a2d32a8bc24f638b0cb6e8fb573a72334b5e577afad9ed2b0aab5d009381
TOTAL_FLUX,4.0,32,4.000000000000001,2.220446049250313e-16,0.9772498680518208,0.984375,0.013179222356053854,False,SUPPORTED,,signed perturbation about a positive baseline; the amplitude that keeps the rendered movie non-negative is recorded in the source bank manifest,e9c3a2d32a8bc24f638b0cb6e8fb573a72334b5e577afad9ed2b0aab5d009381
TOTAL_FLUX,4.0,33,4.0,0.0,0.9772498680518208,0.9765625,0.013179222356053854,False,SUPPORTED,,signed perturbation about a positive baseline; the amplitude that keeps the rendered movie non-negative is recorded in the source bank manifest,e9c3a2d32a8bc24f638b0cb6e8fb573a72334b5e577afad9ed2b0aab5d009381
TOTAL_FLUX,4.0,34,3.9999999999999973,6.661338147750939e-16,0.9772498680518207,0.978515625,0.013179222356053887,False,SUPPORTED,,signed perturbation about a positive baseline; the amplitude that keeps the rendered movie non-negative is recorded in the source bank manifest,e9c3a2d32a8bc24f638b0cb6e8fb573a72334b5e577afad9ed2b0aab5d009381
TOTAL_FLUX,4.0,35,4.000000000000001,2.220446049250313e-16,0.9772498680518208,0.9765625,0.013179222356053854,False,SUPPORTED,,signed perturbation about a positive baseline; the amplitude that keeps the rendered movie non-negative is recorded in the source bank manifest,e9c3a2d32a8bc24f638b0cb6e8fb573a72334b5e577afad9ed2b0aab5d009381
TOTAL_FLUX,4.0,36,4.0,0.0,0.9772498680518208,0.974609375,0.013179222356053854,False,SUPPORTED,,signed perturbation about a positive baseline; the amplitude that keeps the rendered movie non-negative is recorded in the source bank manifest,e9c3a2d32a8bc24f638b0cb6e8fb573a72334b5e577afad9ed2b0aab5d009381
TOTAL_FLUX,4.0,37,4.000000000000005,1.3322676295501878e-15,0.9772498680518209,0.970703125,0.013179222356053824,False,SUPPORTED,,signed perturbation about a positive baseline; the amplitude that keeps the rendered movie non-negative is recorded in the source bank manifest,e9c3a2d32a8bc24f638b0cb6e8fb573a72334b5e577afad9ed2b0aab5d009381
TOTAL_FLUX,4.0,38,4.000000000000001,2.220446049250313e-16,0.9772498680518208,0.9765625,0.013179222356053854,False,SUPPORTED,,signed perturbation about a positive baseline; the amplitude that keeps the rendered movie non-negative is recorded in the source bank manifest,e9c3a2d32a8bc24f638b0cb6e8fb573a72334b5e577afad9ed2b0aab5d009381
TOTAL_FLUX,4.0,39,4.0,0.0,0.9772498680518208,0.96875,0.013179222356053854,False,SUPPORTED,,signed perturbation about a positive baseline; the amplitude that keeps the rendered movie non-negative is recorded in the source bank manifest,e9c3a2d32a8bc24f638b0cb6e8fb573a72334b5e577afad9ed2b0aab5d009381
