arm,estimator,snr0,regime,n_truths,n_draws,seconds,iterations,note,freeze_sha256
DIRECT_PHYSICAL,TSVD,1.0,IN_CLASS_ID,32,2,0.013715267181396484,1,direct linear solve; no iterative scheme,5a59d5e6203d965723777be41180d81bdb39d6dd1c26867b8a59aa94e91e6e51
DIRECT_PHYSICAL,TSVD,1.0,IN_CLASS_OOD,13,2,0.01910996437072754,1,direct linear solve; no iterative scheme,5a59d5e6203d965723777be41180d81bdb39d6dd1c26867b8a59aa94e91e6e51
DIRECT_PHYSICAL,TSVD,1.0,OFF_GRID_ID,32,2,0.015503168106079102,1,direct linear solve; no iterative scheme,5a59d5e6203d965723777be41180d81bdb39d6dd1c26867b8a59aa94e91e6e51
DIRECT_PHYSICAL,TSVD,1.0,OFF_GRID_OOD,13,2,0.016889572143554688,1,direct linear solve; no iterative scheme,5a59d5e6203d965723777be41180d81bdb39d6dd1c26867b8a59aa94e91e6e51
DIRECT_PHYSICAL,RIDGE_IDENTITY,1.0,IN_CLASS_ID,32,2,0.015345096588134766,1,direct linear solve; no iterative scheme,5a59d5e6203d965723777be41180d81bdb39d6dd1c26867b8a59aa94e91e6e51
DIRECT_PHYSICAL,RIDGE_IDENTITY,1.0,IN_CLASS_OOD,13,2,0.01719379425048828,1,direct linear solve; no iterative scheme,5a59d5e6203d965723777be41180d81bdb39d6dd1c26867b8a59aa94e91e6e51
DIRECT_PHYSICAL,RIDGE_IDENTITY,1.0,OFF_GRID_ID,32,2,0.01533961296081543,1,direct linear solve; no iterative scheme,5a59d5e6203d965723777be41180d81bdb39d6dd1c26867b8a59aa94e91e6e51
DIRECT_PHYSICAL,RIDGE_IDENTITY,1.0,OFF_GRID_OOD,13,2,0.015260696411132812,1,direct linear solve; no iterative scheme,5a59d5e6203d965723777be41180d81bdb39d6dd1c26867b8a59aa94e91e6e51
DIRECT_PHYSICAL,TIKHONOV_TEMPORAL,1.0,IN_CLASS_ID,32,2,0.013970613479614258,1,direct linear solve; no iterative scheme,5a59d5e6203d965723777be41180d81bdb39d6dd1c26867b8a59aa94e91e6e51
DIRECT_PHYSICAL,TIKHONOV_TEMPORAL,1.0,IN_CLASS_OOD,13,2,0.01633763313293457,1,direct linear solve; no iterative scheme,5a59d5e6203d965723777be41180d81bdb39d6dd1c26867b8a59aa94e91e6e51
DIRECT_PHYSICAL,TIKHONOV_TEMPORAL,1.0,OFF_GRID_ID,32,2,0.014703750610351562,1,direct linear solve; no iterative scheme,5a59d5e6203d965723777be41180d81bdb39d6dd1c26867b8a59aa94e91e6e51
DIRECT_PHYSICAL,TIKHONOV_TEMPORAL,1.0,OFF_GRID_OOD,13,2,0.016207456588745117,1,direct linear solve; no iterative scheme,5a59d5e6203d965723777be41180d81bdb39d6dd1c26867b8a59aa94e91e6e51
DIRECT_PHYSICAL,WIENER_GAUSSIAN,1.0,IN_CLASS_ID,32,2,0.025157690048217773,1,direct linear solve; no iterative scheme,5a59d5e6203d965723777be41180d81bdb39d6dd1c26867b8a59aa94e91e6e51
DIRECT_PHYSICAL,WIENER_GAUSSIAN,1.0,IN_CLASS_OOD,13,2,0.02712273597717285,1,direct linear solve; no iterative scheme,5a59d5e6203d965723777be41180d81bdb39d6dd1c26867b8a59aa94e91e6e51
DIRECT_PHYSICAL,WIENER_GAUSSIAN,1.0,OFF_GRID_ID,32,2,0.02284097671508789,1,direct linear solve; no iterative scheme,5a59d5e6203d965723777be41180d81bdb39d6dd1c26867b8a59aa94e91e6e51
DIRECT_PHYSICAL,WIENER_GAUSSIAN,1.0,OFF_GRID_OOD,13,2,0.024816513061523438,1,direct linear solve; no iterative scheme,5a59d5e6203d965723777be41180d81bdb39d6dd1c26867b8a59aa94e91e6e51
DIRECT_PHYSICAL,LINEAR_STATE_SPACE,1.0,IN_CLASS_ID,32,2,0.023467063903808594,1,direct linear solve; no iterative scheme,5a59d5e6203d965723777be41180d81bdb39d6dd1c26867b8a59aa94e91e6e51
DIRECT_PHYSICAL,LINEAR_STATE_SPACE,1.0,IN_CLASS_OOD,13,2,0.026934385299682617,1,direct linear solve; no iterative scheme,5a59d5e6203d965723777be41180d81bdb39d6dd1c26867b8a59aa94e91e6e51
DIRECT_PHYSICAL,LINEAR_STATE_SPACE,1.0,OFF_GRID_ID,32,2,0.025299072265625,1,direct linear solve; no iterative scheme,5a59d5e6203d965723777be41180d81bdb39d6dd1c26867b8a59aa94e91e6e51
DIRECT_PHYSICAL,LINEAR_STATE_SPACE,1.0,OFF_GRID_OOD,13,2,0.027358293533325195,1,direct linear solve; no iterative scheme,5a59d5e6203d965723777be41180d81bdb39d6dd1c26867b8a59aa94e91e6e51
DIRECT_PHYSICAL,TSVD,3.0,IN_CLASS_ID,32,2,0.014058113098144531,1,direct linear solve; no iterative scheme,5a59d5e6203d965723777be41180d81bdb39d6dd1c26867b8a59aa94e91e6e51
DIRECT_PHYSICAL,TSVD,3.0,IN_CLASS_OOD,13,2,0.021970033645629883,1,direct linear solve; no iterative scheme,5a59d5e6203d965723777be41180d81bdb39d6dd1c26867b8a59aa94e91e6e51
DIRECT_PHYSICAL,TSVD,3.0,OFF_GRID_ID,32,2,0.016346454620361328,1,direct linear solve; no iterative scheme,5a59d5e6203d965723777be41180d81bdb39d6dd1c26867b8a59aa94e91e6e51
DIRECT_PHYSICAL,TSVD,3.0,OFF_GRID_OOD,13,2,0.01907205581665039,1,direct linear solve; no iterative scheme,5a59d5e6203d965723777be41180d81bdb39d6dd1c26867b8a59aa94e91e6e51
DIRECT_PHYSICAL,RIDGE_IDENTITY,3.0,IN_CLASS_ID,32,2,0.014314889907836914,1,direct linear solve; no iterative scheme,5a59d5e6203d965723777be41180d81bdb39d6dd1c26867b8a59aa94e91e6e51
DIRECT_PHYSICAL,RIDGE_IDENTITY,3.0,IN_CLASS_OOD,13,2,0.015729427337646484,1,direct linear solve; no iterative scheme,5a59d5e6203d965723777be41180d81bdb39d6dd1c26867b8a59aa94e91e6e51
DIRECT_PHYSICAL,RIDGE_IDENTITY,3.0,OFF_GRID_ID,32,2,0.015201091766357422,1,direct linear solve; no iterative scheme,5a59d5e6203d965723777be41180d81bdb39d6dd1c26867b8a59aa94e91e6e51
DIRECT_PHYSICAL,RIDGE_IDENTITY,3.0,OFF_GRID_OOD,13,2,0.015461444854736328,1,direct linear solve; no iterative scheme,5a59d5e6203d965723777be41180d81bdb39d6dd1c26867b8a59aa94e91e6e51
DIRECT_PHYSICAL,TIKHONOV_TEMPORAL,3.0,IN_CLASS_ID,32,2,0.014645099639892578,1,direct linear solve; no iterative scheme,5a59d5e6203d965723777be41180d81bdb39d6dd1c26867b8a59aa94e91e6e51
DIRECT_PHYSICAL,TIKHONOV_TEMPORAL,3.0,IN_CLASS_OOD,13,2,0.01677250862121582,1,direct linear solve; no iterative scheme,5a59d5e6203d965723777be41180d81bdb39d6dd1c26867b8a59aa94e91e6e51
DIRECT_PHYSICAL,TIKHONOV_TEMPORAL,3.0,OFF_GRID_ID,32,2,0.015450000762939453,1,direct linear solve; no iterative scheme,5a59d5e6203d965723777be41180d81bdb39d6dd1c26867b8a59aa94e91e6e51
DIRECT_PHYSICAL,TIKHONOV_TEMPORAL,3.0,OFF_GRID_OOD,13,2,0.017167329788208008,1,direct linear solve; no iterative scheme,5a59d5e6203d965723777be41180d81bdb39d6dd1c26867b8a59aa94e91e6e51
DIRECT_PHYSICAL,WIENER_GAUSSIAN,3.0,IN_CLASS_ID,32,2,0.02361273765563965,1,direct linear solve; no iterative scheme,5a59d5e6203d965723777be41180d81bdb39d6dd1c26867b8a59aa94e91e6e51
DIRECT_PHYSICAL,WIENER_GAUSSIAN,3.0,IN_CLASS_OOD,13,2,0.026427745819091797,1,direct linear solve; no iterative scheme,5a59d5e6203d965723777be41180d81bdb39d6dd1c26867b8a59aa94e91e6e51
DIRECT_PHYSICAL,WIENER_GAUSSIAN,3.0,OFF_GRID_ID,32,2,0.022448062896728516,1,direct linear solve; no iterative scheme,5a59d5e6203d965723777be41180d81bdb39d6dd1c26867b8a59aa94e91e6e51
DIRECT_PHYSICAL,WIENER_GAUSSIAN,3.0,OFF_GRID_OOD,13,2,0.030745983123779297,1,direct linear solve; no iterative scheme,5a59d5e6203d965723777be41180d81bdb39d6dd1c26867b8a59aa94e91e6e51
DIRECT_PHYSICAL,LINEAR_STATE_SPACE,3.0,IN_CLASS_ID,32,2,0.023263216018676758,1,direct linear solve; no iterative scheme,5a59d5e6203d965723777be41180d81bdb39d6dd1c26867b8a59aa94e91e6e51
DIRECT_PHYSICAL,LINEAR_STATE_SPACE,3.0,IN_CLASS_OOD,13,2,0.024404525756835938,1,direct linear solve; no iterative scheme,5a59d5e6203d965723777be41180d81bdb39d6dd1c26867b8a59aa94e91e6e51
DIRECT_PHYSICAL,LINEAR_STATE_SPACE,3.0,OFF_GRID_ID,32,2,0.023387432098388672,1,direct linear solve; no iterative scheme,5a59d5e6203d965723777be41180d81bdb39d6dd1c26867b8a59aa94e91e6e51
DIRECT_PHYSICAL,LINEAR_STATE_SPACE,3.0,OFF_GRID_OOD,13,2,0.025496244430541992,1,direct linear solve; no iterative scheme,5a59d5e6203d965723777be41180d81bdb39d6dd1c26867b8a59aa94e91e6e51
DIRECT_PHYSICAL,TSVD,10.0,IN_CLASS_ID,32,2,0.01567840576171875,1,direct linear solve; no iterative scheme,5a59d5e6203d965723777be41180d81bdb39d6dd1c26867b8a59aa94e91e6e51
DIRECT_PHYSICAL,TSVD,10.0,IN_CLASS_OOD,13,2,0.018386125564575195,1,direct linear solve; no iterative scheme,5a59d5e6203d965723777be41180d81bdb39d6dd1c26867b8a59aa94e91e6e51
DIRECT_PHYSICAL,TSVD,10.0,OFF_GRID_ID,32,2,0.01573014259338379,1,direct linear solve; no iterative scheme,5a59d5e6203d965723777be41180d81bdb39d6dd1c26867b8a59aa94e91e6e51
DIRECT_PHYSICAL,TSVD,10.0,OFF_GRID_OOD,13,2,0.017406225204467773,1,direct linear solve; no iterative scheme,5a59d5e6203d965723777be41180d81bdb39d6dd1c26867b8a59aa94e91e6e51
DIRECT_PHYSICAL,RIDGE_IDENTITY,10.0,IN_CLASS_ID,32,2,0.01537632942199707,1,direct linear solve; no iterative scheme,5a59d5e6203d965723777be41180d81bdb39d6dd1c26867b8a59aa94e91e6e51
DIRECT_PHYSICAL,RIDGE_IDENTITY,10.0,IN_CLASS_OOD,13,2,0.015737533569335938,1,direct linear solve; no iterative scheme,5a59d5e6203d965723777be41180d81bdb39d6dd1c26867b8a59aa94e91e6e51
DIRECT_PHYSICAL,RIDGE_IDENTITY,10.0,OFF_GRID_ID,32,2,0.015404224395751953,1,direct linear solve; no iterative scheme,5a59d5e6203d965723777be41180d81bdb39d6dd1c26867b8a59aa94e91e6e51
DIRECT_PHYSICAL,RIDGE_IDENTITY,10.0,OFF_GRID_OOD,13,2,0.016944169998168945,1,direct linear solve; no iterative scheme,5a59d5e6203d965723777be41180d81bdb39d6dd1c26867b8a59aa94e91e6e51
DIRECT_PHYSICAL,TIKHONOV_TEMPORAL,10.0,IN_CLASS_ID,32,2,0.015432357788085938,1,direct linear solve; no iterative scheme,5a59d5e6203d965723777be41180d81bdb39d6dd1c26867b8a59aa94e91e6e51
DIRECT_PHYSICAL,TIKHONOV_TEMPORAL,10.0,IN_CLASS_OOD,13,2,0.01666998863220215,1,direct linear solve; no iterative scheme,5a59d5e6203d965723777be41180d81bdb39d6dd1c26867b8a59aa94e91e6e51
DIRECT_PHYSICAL,TIKHONOV_TEMPORAL,10.0,OFF_GRID_ID,32,2,0.01605510711669922,1,direct linear solve; no iterative scheme,5a59d5e6203d965723777be41180d81bdb39d6dd1c26867b8a59aa94e91e6e51
DIRECT_PHYSICAL,TIKHONOV_TEMPORAL,10.0,OFF_GRID_OOD,13,2,0.016071796417236328,1,direct linear solve; no iterative scheme,5a59d5e6203d965723777be41180d81bdb39d6dd1c26867b8a59aa94e91e6e51
DIRECT_PHYSICAL,WIENER_GAUSSIAN,10.0,IN_CLASS_ID,32,2,0.021802425384521484,1,direct linear solve; no iterative scheme,5a59d5e6203d965723777be41180d81bdb39d6dd1c26867b8a59aa94e91e6e51
DIRECT_PHYSICAL,WIENER_GAUSSIAN,10.0,IN_CLASS_OOD,13,2,0.024016141891479492,1,direct linear solve; no iterative scheme,5a59d5e6203d965723777be41180d81bdb39d6dd1c26867b8a59aa94e91e6e51
DIRECT_PHYSICAL,WIENER_GAUSSIAN,10.0,OFF_GRID_ID,32,2,0.02200937271118164,1,direct linear solve; no iterative scheme,5a59d5e6203d965723777be41180d81bdb39d6dd1c26867b8a59aa94e91e6e51
DIRECT_PHYSICAL,WIENER_GAUSSIAN,10.0,OFF_GRID_OOD,13,2,0.023084402084350586,1,direct linear solve; no iterative scheme,5a59d5e6203d965723777be41180d81bdb39d6dd1c26867b8a59aa94e91e6e51
DIRECT_PHYSICAL,LINEAR_STATE_SPACE,10.0,IN_CLASS_ID,32,2,0.02221083641052246,1,direct linear solve; no iterative scheme,5a59d5e6203d965723777be41180d81bdb39d6dd1c26867b8a59aa94e91e6e51
DIRECT_PHYSICAL,LINEAR_STATE_SPACE,10.0,IN_CLASS_OOD,13,2,0.023975849151611328,1,direct linear solve; no iterative scheme,5a59d5e6203d965723777be41180d81bdb39d6dd1c26867b8a59aa94e91e6e51
DIRECT_PHYSICAL,LINEAR_STATE_SPACE,10.0,OFF_GRID_ID,32,2,0.02249622344970703,1,direct linear solve; no iterative scheme,5a59d5e6203d965723777be41180d81bdb39d6dd1c26867b8a59aa94e91e6e51
DIRECT_PHYSICAL,LINEAR_STATE_SPACE,10.0,OFF_GRID_OOD,13,2,0.026214122772216797,1,direct linear solve; no iterative scheme,5a59d5e6203d965723777be41180d81bdb39d6dd1c26867b8a59aa94e91e6e51
DIRECT_PHYSICAL,TSVD,30.0,IN_CLASS_ID,32,2,0.015883684158325195,1,direct linear solve; no iterative scheme,5a59d5e6203d965723777be41180d81bdb39d6dd1c26867b8a59aa94e91e6e51
DIRECT_PHYSICAL,TSVD,30.0,IN_CLASS_OOD,13,2,0.017113685607910156,1,direct linear solve; no iterative scheme,5a59d5e6203d965723777be41180d81bdb39d6dd1c26867b8a59aa94e91e6e51
DIRECT_PHYSICAL,TSVD,30.0,OFF_GRID_ID,32,2,0.016867637634277344,1,direct linear solve; no iterative scheme,5a59d5e6203d965723777be41180d81bdb39d6dd1c26867b8a59aa94e91e6e51
DIRECT_PHYSICAL,TSVD,30.0,OFF_GRID_OOD,13,2,0.019610166549682617,1,direct linear solve; no iterative scheme,5a59d5e6203d965723777be41180d81bdb39d6dd1c26867b8a59aa94e91e6e51
DIRECT_PHYSICAL,RIDGE_IDENTITY,30.0,IN_CLASS_ID,32,2,0.016266345977783203,1,direct linear solve; no iterative scheme,5a59d5e6203d965723777be41180d81bdb39d6dd1c26867b8a59aa94e91e6e51
DIRECT_PHYSICAL,RIDGE_IDENTITY,30.0,IN_CLASS_OOD,13,2,0.01762104034423828,1,direct linear solve; no iterative scheme,5a59d5e6203d965723777be41180d81bdb39d6dd1c26867b8a59aa94e91e6e51
DIRECT_PHYSICAL,RIDGE_IDENTITY,30.0,OFF_GRID_ID,32,2,0.01724410057067871,1,direct linear solve; no iterative scheme,5a59d5e6203d965723777be41180d81bdb39d6dd1c26867b8a59aa94e91e6e51
DIRECT_PHYSICAL,RIDGE_IDENTITY,30.0,OFF_GRID_OOD,13,2,0.017431259155273438,1,direct linear solve; no iterative scheme,5a59d5e6203d965723777be41180d81bdb39d6dd1c26867b8a59aa94e91e6e51
DIRECT_PHYSICAL,TIKHONOV_TEMPORAL,30.0,IN_CLASS_ID,32,2,0.01694178581237793,1,direct linear solve; no iterative scheme,5a59d5e6203d965723777be41180d81bdb39d6dd1c26867b8a59aa94e91e6e51
DIRECT_PHYSICAL,TIKHONOV_TEMPORAL,30.0,IN_CLASS_OOD,13,2,0.021045923233032227,1,direct linear solve; no iterative scheme,5a59d5e6203d965723777be41180d81bdb39d6dd1c26867b8a59aa94e91e6e51
DIRECT_PHYSICAL,TIKHONOV_TEMPORAL,30.0,OFF_GRID_ID,32,2,0.0164639949798584,1,direct linear solve; no iterative scheme,5a59d5e6203d965723777be41180d81bdb39d6dd1c26867b8a59aa94e91e6e51
DIRECT_PHYSICAL,TIKHONOV_TEMPORAL,30.0,OFF_GRID_OOD,13,2,0.01819157600402832,1,direct linear solve; no iterative scheme,5a59d5e6203d965723777be41180d81bdb39d6dd1c26867b8a59aa94e91e6e51
DIRECT_PHYSICAL,WIENER_GAUSSIAN,30.0,IN_CLASS_ID,32,2,0.023341655731201172,1,direct linear solve; no iterative scheme,5a59d5e6203d965723777be41180d81bdb39d6dd1c26867b8a59aa94e91e6e51
DIRECT_PHYSICAL,WIENER_GAUSSIAN,30.0,IN_CLASS_OOD,13,2,0.02337932586669922,1,direct linear solve; no iterative scheme,5a59d5e6203d965723777be41180d81bdb39d6dd1c26867b8a59aa94e91e6e51
DIRECT_PHYSICAL,WIENER_GAUSSIAN,30.0,OFF_GRID_ID,32,2,0.0250704288482666,1,direct linear solve; no iterative scheme,5a59d5e6203d965723777be41180d81bdb39d6dd1c26867b8a59aa94e91e6e51
DIRECT_PHYSICAL,WIENER_GAUSSIAN,30.0,OFF_GRID_OOD,13,2,0.026206016540527344,1,direct linear solve; no iterative scheme,5a59d5e6203d965723777be41180d81bdb39d6dd1c26867b8a59aa94e91e6e51
DIRECT_PHYSICAL,LINEAR_STATE_SPACE,30.0,IN_CLASS_ID,32,2,0.022661685943603516,1,direct linear solve; no iterative scheme,5a59d5e6203d965723777be41180d81bdb39d6dd1c26867b8a59aa94e91e6e51
DIRECT_PHYSICAL,LINEAR_STATE_SPACE,30.0,IN_CLASS_OOD,13,2,0.025566577911376953,1,direct linear solve; no iterative scheme,5a59d5e6203d965723777be41180d81bdb39d6dd1c26867b8a59aa94e91e6e51
DIRECT_PHYSICAL,LINEAR_STATE_SPACE,30.0,OFF_GRID_ID,32,2,0.022226333618164062,1,direct linear solve; no iterative scheme,5a59d5e6203d965723777be41180d81bdb39d6dd1c26867b8a59aa94e91e6e51
DIRECT_PHYSICAL,LINEAR_STATE_SPACE,30.0,OFF_GRID_OOD,13,2,0.03194880485534668,1,direct linear solve; no iterative scheme,5a59d5e6203d965723777be41180d81bdb39d6dd1c26867b8a59aa94e91e6e51
DIRECT_PHYSICAL,TSVD,100.0,IN_CLASS_ID,32,2,0.0176541805267334,1,direct linear solve; no iterative scheme,5a59d5e6203d965723777be41180d81bdb39d6dd1c26867b8a59aa94e91e6e51
DIRECT_PHYSICAL,TSVD,100.0,IN_CLASS_OOD,13,2,0.020888090133666992,1,direct linear solve; no iterative scheme,5a59d5e6203d965723777be41180d81bdb39d6dd1c26867b8a59aa94e91e6e51
DIRECT_PHYSICAL,TSVD,100.0,OFF_GRID_ID,32,2,0.015462875366210938,1,direct linear solve; no iterative scheme,5a59d5e6203d965723777be41180d81bdb39d6dd1c26867b8a59aa94e91e6e51
DIRECT_PHYSICAL,TSVD,100.0,OFF_GRID_OOD,13,2,0.016013383865356445,1,direct linear solve; no iterative scheme,5a59d5e6203d965723777be41180d81bdb39d6dd1c26867b8a59aa94e91e6e51
DIRECT_PHYSICAL,RIDGE_IDENTITY,100.0,IN_CLASS_ID,32,2,0.01621413230895996,1,direct linear solve; no iterative scheme,5a59d5e6203d965723777be41180d81bdb39d6dd1c26867b8a59aa94e91e6e51
DIRECT_PHYSICAL,RIDGE_IDENTITY,100.0,IN_CLASS_OOD,13,2,0.016846418380737305,1,direct linear solve; no iterative scheme,5a59d5e6203d965723777be41180d81bdb39d6dd1c26867b8a59aa94e91e6e51
DIRECT_PHYSICAL,RIDGE_IDENTITY,100.0,OFF_GRID_ID,32,2,0.016557693481445312,1,direct linear solve; no iterative scheme,5a59d5e6203d965723777be41180d81bdb39d6dd1c26867b8a59aa94e91e6e51
DIRECT_PHYSICAL,RIDGE_IDENTITY,100.0,OFF_GRID_OOD,13,2,0.01703190803527832,1,direct linear solve; no iterative scheme,5a59d5e6203d965723777be41180d81bdb39d6dd1c26867b8a59aa94e91e6e51
DIRECT_PHYSICAL,TIKHONOV_TEMPORAL,100.0,IN_CLASS_ID,32,2,0.01592540740966797,1,direct linear solve; no iterative scheme,5a59d5e6203d965723777be41180d81bdb39d6dd1c26867b8a59aa94e91e6e51
DIRECT_PHYSICAL,TIKHONOV_TEMPORAL,100.0,IN_CLASS_OOD,13,2,0.01813650131225586,1,direct linear solve; no iterative scheme,5a59d5e6203d965723777be41180d81bdb39d6dd1c26867b8a59aa94e91e6e51
DIRECT_PHYSICAL,TIKHONOV_TEMPORAL,100.0,OFF_GRID_ID,32,2,0.01636528968811035,1,direct linear solve; no iterative scheme,5a59d5e6203d965723777be41180d81bdb39d6dd1c26867b8a59aa94e91e6e51
DIRECT_PHYSICAL,TIKHONOV_TEMPORAL,100.0,OFF_GRID_OOD,13,2,0.01753830909729004,1,direct linear solve; no iterative scheme,5a59d5e6203d965723777be41180d81bdb39d6dd1c26867b8a59aa94e91e6e51
DIRECT_PHYSICAL,WIENER_GAUSSIAN,100.0,IN_CLASS_ID,32,2,0.021712541580200195,1,direct linear solve; no iterative scheme,5a59d5e6203d965723777be41180d81bdb39d6dd1c26867b8a59aa94e91e6e51
DIRECT_PHYSICAL,WIENER_GAUSSIAN,100.0,IN_CLASS_OOD,13,2,0.02561211585998535,1,direct linear solve; no iterative scheme,5a59d5e6203d965723777be41180d81bdb39d6dd1c26867b8a59aa94e91e6e51
DIRECT_PHYSICAL,WIENER_GAUSSIAN,100.0,OFF_GRID_ID,32,2,0.02340078353881836,1,direct linear solve; no iterative scheme,5a59d5e6203d965723777be41180d81bdb39d6dd1c26867b8a59aa94e91e6e51
DIRECT_PHYSICAL,WIENER_GAUSSIAN,100.0,OFF_GRID_OOD,13,2,0.025396347045898438,1,direct linear solve; no iterative scheme,5a59d5e6203d965723777be41180d81bdb39d6dd1c26867b8a59aa94e91e6e51
DIRECT_PHYSICAL,LINEAR_STATE_SPACE,100.0,IN_CLASS_ID,32,2,0.02288818359375,1,direct linear solve; no iterative scheme,5a59d5e6203d965723777be41180d81bdb39d6dd1c26867b8a59aa94e91e6e51
DIRECT_PHYSICAL,LINEAR_STATE_SPACE,100.0,IN_CLASS_OOD,13,2,0.02621912956237793,1,direct linear solve; no iterative scheme,5a59d5e6203d965723777be41180d81bdb39d6dd1c26867b8a59aa94e91e6e51
DIRECT_PHYSICAL,LINEAR_STATE_SPACE,100.0,OFF_GRID_ID,32,2,0.023906707763671875,1,direct linear solve; no iterative scheme,5a59d5e6203d965723777be41180d81bdb39d6dd1c26867b8a59aa94e91e6e51
DIRECT_PHYSICAL,LINEAR_STATE_SPACE,100.0,OFF_GRID_OOD,13,2,0.02639603614807129,1,direct linear solve; no iterative scheme,5a59d5e6203d965723777be41180d81bdb39d6dd1c26867b8a59aa94e91e6e51
DIRECT_PHYSICAL,TSVD,300.0,IN_CLASS_ID,32,2,0.02297186851501465,1,direct linear solve; no iterative scheme,5a59d5e6203d965723777be41180d81bdb39d6dd1c26867b8a59aa94e91e6e51
DIRECT_PHYSICAL,TSVD,300.0,IN_CLASS_OOD,13,2,0.022263288497924805,1,direct linear solve; no iterative scheme,5a59d5e6203d965723777be41180d81bdb39d6dd1c26867b8a59aa94e91e6e51
DIRECT_PHYSICAL,TSVD,300.0,OFF_GRID_ID,32,2,0.016544342041015625,1,direct linear solve; no iterative scheme,5a59d5e6203d965723777be41180d81bdb39d6dd1c26867b8a59aa94e91e6e51
DIRECT_PHYSICAL,TSVD,300.0,OFF_GRID_OOD,13,2,0.018210887908935547,1,direct linear solve; no iterative scheme,5a59d5e6203d965723777be41180d81bdb39d6dd1c26867b8a59aa94e91e6e51
DIRECT_PHYSICAL,RIDGE_IDENTITY,300.0,IN_CLASS_ID,32,2,0.019686222076416016,1,direct linear solve; no iterative scheme,5a59d5e6203d965723777be41180d81bdb39d6dd1c26867b8a59aa94e91e6e51
DIRECT_PHYSICAL,RIDGE_IDENTITY,300.0,IN_CLASS_OOD,13,2,0.019644975662231445,1,direct linear solve; no iterative scheme,5a59d5e6203d965723777be41180d81bdb39d6dd1c26867b8a59aa94e91e6e51
DIRECT_PHYSICAL,RIDGE_IDENTITY,300.0,OFF_GRID_ID,32,2,0.01746511459350586,1,direct linear solve; no iterative scheme,5a59d5e6203d965723777be41180d81bdb39d6dd1c26867b8a59aa94e91e6e51
DIRECT_PHYSICAL,RIDGE_IDENTITY,300.0,OFF_GRID_OOD,13,2,0.01772308349609375,1,direct linear solve; no iterative scheme,5a59d5e6203d965723777be41180d81bdb39d6dd1c26867b8a59aa94e91e6e51
DIRECT_PHYSICAL,TIKHONOV_TEMPORAL,300.0,IN_CLASS_ID,32,2,0.018683195114135742,1,direct linear solve; no iterative scheme,5a59d5e6203d965723777be41180d81bdb39d6dd1c26867b8a59aa94e91e6e51
DIRECT_PHYSICAL,TIKHONOV_TEMPORAL,300.0,IN_CLASS_OOD,13,2,0.017206430435180664,1,direct linear solve; no iterative scheme,5a59d5e6203d965723777be41180d81bdb39d6dd1c26867b8a59aa94e91e6e51
DIRECT_PHYSICAL,TIKHONOV_TEMPORAL,300.0,OFF_GRID_ID,32,2,0.017153024673461914,1,direct linear solve; no iterative scheme,5a59d5e6203d965723777be41180d81bdb39d6dd1c26867b8a59aa94e91e6e51
DIRECT_PHYSICAL,TIKHONOV_TEMPORAL,300.0,OFF_GRID_OOD,13,2,0.022475004196166992,1,direct linear solve; no iterative scheme,5a59d5e6203d965723777be41180d81bdb39d6dd1c26867b8a59aa94e91e6e51
DIRECT_PHYSICAL,WIENER_GAUSSIAN,300.0,IN_CLASS_ID,32,2,0.025777101516723633,1,direct linear solve; no iterative scheme,5a59d5e6203d965723777be41180d81bdb39d6dd1c26867b8a59aa94e91e6e51
DIRECT_PHYSICAL,WIENER_GAUSSIAN,300.0,IN_CLASS_OOD,13,2,0.025398731231689453,1,direct linear solve; no iterative scheme,5a59d5e6203d965723777be41180d81bdb39d6dd1c26867b8a59aa94e91e6e51
DIRECT_PHYSICAL,WIENER_GAUSSIAN,300.0,OFF_GRID_ID,32,2,0.02338099479675293,1,direct linear solve; no iterative scheme,5a59d5e6203d965723777be41180d81bdb39d6dd1c26867b8a59aa94e91e6e51
DIRECT_PHYSICAL,WIENER_GAUSSIAN,300.0,OFF_GRID_OOD,13,2,0.0264279842376709,1,direct linear solve; no iterative scheme,5a59d5e6203d965723777be41180d81bdb39d6dd1c26867b8a59aa94e91e6e51
DIRECT_PHYSICAL,LINEAR_STATE_SPACE,300.0,IN_CLASS_ID,32,2,0.024951934814453125,1,direct linear solve; no iterative scheme,5a59d5e6203d965723777be41180d81bdb39d6dd1c26867b8a59aa94e91e6e51
DIRECT_PHYSICAL,LINEAR_STATE_SPACE,300.0,IN_CLASS_OOD,13,2,0.028365373611450195,1,direct linear solve; no iterative scheme,5a59d5e6203d965723777be41180d81bdb39d6dd1c26867b8a59aa94e91e6e51
DIRECT_PHYSICAL,LINEAR_STATE_SPACE,300.0,OFF_GRID_ID,32,2,0.02414846420288086,1,direct linear solve; no iterative scheme,5a59d5e6203d965723777be41180d81bdb39d6dd1c26867b8a59aa94e91e6e51
DIRECT_PHYSICAL,LINEAR_STATE_SPACE,300.0,OFF_GRID_OOD,13,2,0.02577996253967285,1,direct linear solve; no iterative scheme,5a59d5e6203d965723777be41180d81bdb39d6dd1c26867b8a59aa94e91e6e51
DIRECT_PHYSICAL,TSVD,1000.0,IN_CLASS_ID,32,2,0.016777992248535156,1,direct linear solve; no iterative scheme,5a59d5e6203d965723777be41180d81bdb39d6dd1c26867b8a59aa94e91e6e51
DIRECT_PHYSICAL,TSVD,1000.0,IN_CLASS_OOD,13,2,0.020143985748291016,1,direct linear solve; no iterative scheme,5a59d5e6203d965723777be41180d81bdb39d6dd1c26867b8a59aa94e91e6e51
DIRECT_PHYSICAL,TSVD,1000.0,OFF_GRID_ID,32,2,0.015533685684204102,1,direct linear solve; no iterative scheme,5a59d5e6203d965723777be41180d81bdb39d6dd1c26867b8a59aa94e91e6e51
DIRECT_PHYSICAL,TSVD,1000.0,OFF_GRID_OOD,13,2,0.014635086059570312,1,direct linear solve; no iterative scheme,5a59d5e6203d965723777be41180d81bdb39d6dd1c26867b8a59aa94e91e6e51
DIRECT_PHYSICAL,RIDGE_IDENTITY,1000.0,IN_CLASS_ID,32,2,0.018125295639038086,1,direct linear solve; no iterative scheme,5a59d5e6203d965723777be41180d81bdb39d6dd1c26867b8a59aa94e91e6e51
DIRECT_PHYSICAL,RIDGE_IDENTITY,1000.0,IN_CLASS_OOD,13,2,0.01749396324157715,1,direct linear solve; no iterative scheme,5a59d5e6203d965723777be41180d81bdb39d6dd1c26867b8a59aa94e91e6e51
DIRECT_PHYSICAL,RIDGE_IDENTITY,1000.0,OFF_GRID_ID,32,2,0.016477346420288086,1,direct linear solve; no iterative scheme,5a59d5e6203d965723777be41180d81bdb39d6dd1c26867b8a59aa94e91e6e51
DIRECT_PHYSICAL,RIDGE_IDENTITY,1000.0,OFF_GRID_OOD,13,2,0.019659996032714844,1,direct linear solve; no iterative scheme,5a59d5e6203d965723777be41180d81bdb39d6dd1c26867b8a59aa94e91e6e51
DIRECT_PHYSICAL,TIKHONOV_TEMPORAL,1000.0,IN_CLASS_ID,32,2,0.017199993133544922,1,direct linear solve; no iterative scheme,5a59d5e6203d965723777be41180d81bdb39d6dd1c26867b8a59aa94e91e6e51
DIRECT_PHYSICAL,TIKHONOV_TEMPORAL,1000.0,IN_CLASS_OOD,13,2,0.016998291015625,1,direct linear solve; no iterative scheme,5a59d5e6203d965723777be41180d81bdb39d6dd1c26867b8a59aa94e91e6e51
DIRECT_PHYSICAL,TIKHONOV_TEMPORAL,1000.0,OFF_GRID_ID,32,2,0.01584148406982422,1,direct linear solve; no iterative scheme,5a59d5e6203d965723777be41180d81bdb39d6dd1c26867b8a59aa94e91e6e51
DIRECT_PHYSICAL,TIKHONOV_TEMPORAL,1000.0,OFF_GRID_OOD,13,2,0.017062902450561523,1,direct linear solve; no iterative scheme,5a59d5e6203d965723777be41180d81bdb39d6dd1c26867b8a59aa94e91e6e51
DIRECT_PHYSICAL,WIENER_GAUSSIAN,1000.0,IN_CLASS_ID,32,2,0.024071693420410156,1,direct linear solve; no iterative scheme,5a59d5e6203d965723777be41180d81bdb39d6dd1c26867b8a59aa94e91e6e51
DIRECT_PHYSICAL,WIENER_GAUSSIAN,1000.0,IN_CLASS_OOD,13,2,0.026485204696655273,1,direct linear solve; no iterative scheme,5a59d5e6203d965723777be41180d81bdb39d6dd1c26867b8a59aa94e91e6e51
DIRECT_PHYSICAL,WIENER_GAUSSIAN,1000.0,OFF_GRID_ID,32,2,0.024432897567749023,1,direct linear solve; no iterative scheme,5a59d5e6203d965723777be41180d81bdb39d6dd1c26867b8a59aa94e91e6e51
DIRECT_PHYSICAL,WIENER_GAUSSIAN,1000.0,OFF_GRID_OOD,13,2,0.024124860763549805,1,direct linear solve; no iterative scheme,5a59d5e6203d965723777be41180d81bdb39d6dd1c26867b8a59aa94e91e6e51
DIRECT_PHYSICAL,LINEAR_STATE_SPACE,1000.0,IN_CLASS_ID,32,2,0.022279977798461914,1,direct linear solve; no iterative scheme,5a59d5e6203d965723777be41180d81bdb39d6dd1c26867b8a59aa94e91e6e51
DIRECT_PHYSICAL,LINEAR_STATE_SPACE,1000.0,IN_CLASS_OOD,13,2,0.024574756622314453,1,direct linear solve; no iterative scheme,5a59d5e6203d965723777be41180d81bdb39d6dd1c26867b8a59aa94e91e6e51
DIRECT_PHYSICAL,LINEAR_STATE_SPACE,1000.0,OFF_GRID_ID,32,2,0.021375656127929688,1,direct linear solve; no iterative scheme,5a59d5e6203d965723777be41180d81bdb39d6dd1c26867b8a59aa94e91e6e51
DIRECT_PHYSICAL,LINEAR_STATE_SPACE,1000.0,OFF_GRID_OOD,13,2,0.02472829818725586,1,direct linear solve; no iterative scheme,5a59d5e6203d965723777be41180d81bdb39d6dd1c26867b8a59aa94e91e6e51
DIRECT_PHYSICAL,TSVD,3000.0,IN_CLASS_ID,32,2,0.016813278198242188,1,direct linear solve; no iterative scheme,5a59d5e6203d965723777be41180d81bdb39d6dd1c26867b8a59aa94e91e6e51
DIRECT_PHYSICAL,TSVD,3000.0,IN_CLASS_OOD,13,2,0.01647210121154785,1,direct linear solve; no iterative scheme,5a59d5e6203d965723777be41180d81bdb39d6dd1c26867b8a59aa94e91e6e51
DIRECT_PHYSICAL,TSVD,3000.0,OFF_GRID_ID,32,2,0.015641212463378906,1,direct linear solve; no iterative scheme,5a59d5e6203d965723777be41180d81bdb39d6dd1c26867b8a59aa94e91e6e51
DIRECT_PHYSICAL,TSVD,3000.0,OFF_GRID_OOD,13,2,0.015523672103881836,1,direct linear solve; no iterative scheme,5a59d5e6203d965723777be41180d81bdb39d6dd1c26867b8a59aa94e91e6e51
DIRECT_PHYSICAL,RIDGE_IDENTITY,3000.0,IN_CLASS_ID,32,2,0.017791271209716797,1,direct linear solve; no iterative scheme,5a59d5e6203d965723777be41180d81bdb39d6dd1c26867b8a59aa94e91e6e51
DIRECT_PHYSICAL,RIDGE_IDENTITY,3000.0,IN_CLASS_OOD,13,2,0.02071833610534668,1,direct linear solve; no iterative scheme,5a59d5e6203d965723777be41180d81bdb39d6dd1c26867b8a59aa94e91e6e51
DIRECT_PHYSICAL,RIDGE_IDENTITY,3000.0,OFF_GRID_ID,32,2,0.016991376876831055,1,direct linear solve; no iterative scheme,5a59d5e6203d965723777be41180d81bdb39d6dd1c26867b8a59aa94e91e6e51
DIRECT_PHYSICAL,RIDGE_IDENTITY,3000.0,OFF_GRID_OOD,13,2,0.018631696701049805,1,direct linear solve; no iterative scheme,5a59d5e6203d965723777be41180d81bdb39d6dd1c26867b8a59aa94e91e6e51
DIRECT_PHYSICAL,TIKHONOV_TEMPORAL,3000.0,IN_CLASS_ID,32,2,0.01709890365600586,1,direct linear solve; no iterative scheme,5a59d5e6203d965723777be41180d81bdb39d6dd1c26867b8a59aa94e91e6e51
DIRECT_PHYSICAL,TIKHONOV_TEMPORAL,3000.0,IN_CLASS_OOD,13,2,0.020853757858276367,1,direct linear solve; no iterative scheme,5a59d5e6203d965723777be41180d81bdb39d6dd1c26867b8a59aa94e91e6e51
DIRECT_PHYSICAL,TIKHONOV_TEMPORAL,3000.0,OFF_GRID_ID,32,2,0.018061161041259766,1,direct linear solve; no iterative scheme,5a59d5e6203d965723777be41180d81bdb39d6dd1c26867b8a59aa94e91e6e51
DIRECT_PHYSICAL,TIKHONOV_TEMPORAL,3000.0,OFF_GRID_OOD,13,2,0.016849756240844727,1,direct linear solve; no iterative scheme,5a59d5e6203d965723777be41180d81bdb39d6dd1c26867b8a59aa94e91e6e51
DIRECT_PHYSICAL,WIENER_GAUSSIAN,3000.0,IN_CLASS_ID,32,2,0.021432161331176758,1,direct linear solve; no iterative scheme,5a59d5e6203d965723777be41180d81bdb39d6dd1c26867b8a59aa94e91e6e51
DIRECT_PHYSICAL,WIENER_GAUSSIAN,3000.0,IN_CLASS_OOD,13,2,0.0292513370513916,1,direct linear solve; no iterative scheme,5a59d5e6203d965723777be41180d81bdb39d6dd1c26867b8a59aa94e91e6e51
DIRECT_PHYSICAL,WIENER_GAUSSIAN,3000.0,OFF_GRID_ID,32,2,0.022233963012695312,1,direct linear solve; no iterative scheme,5a59d5e6203d965723777be41180d81bdb39d6dd1c26867b8a59aa94e91e6e51
DIRECT_PHYSICAL,WIENER_GAUSSIAN,3000.0,OFF_GRID_OOD,13,2,0.02374863624572754,1,direct linear solve; no iterative scheme,5a59d5e6203d965723777be41180d81bdb39d6dd1c26867b8a59aa94e91e6e51
DIRECT_PHYSICAL,LINEAR_STATE_SPACE,3000.0,IN_CLASS_ID,32,2,0.02261972427368164,1,direct linear solve; no iterative scheme,5a59d5e6203d965723777be41180d81bdb39d6dd1c26867b8a59aa94e91e6e51
DIRECT_PHYSICAL,LINEAR_STATE_SPACE,3000.0,IN_CLASS_OOD,13,2,0.026834964752197266,1,direct linear solve; no iterative scheme,5a59d5e6203d965723777be41180d81bdb39d6dd1c26867b8a59aa94e91e6e51
DIRECT_PHYSICAL,LINEAR_STATE_SPACE,3000.0,OFF_GRID_ID,32,2,0.022312402725219727,1,direct linear solve; no iterative scheme,5a59d5e6203d965723777be41180d81bdb39d6dd1c26867b8a59aa94e91e6e51
DIRECT_PHYSICAL,LINEAR_STATE_SPACE,3000.0,OFF_GRID_OOD,13,2,0.024709701538085938,1,direct linear solve; no iterative scheme,5a59d5e6203d965723777be41180d81bdb39d6dd1c26867b8a59aa94e91e6e51
DIRECT_PHYSICAL,TSVD,10000.0,IN_CLASS_ID,32,2,0.01633930206298828,1,direct linear solve; no iterative scheme,5a59d5e6203d965723777be41180d81bdb39d6dd1c26867b8a59aa94e91e6e51
DIRECT_PHYSICAL,TSVD,10000.0,IN_CLASS_OOD,13,2,0.0179140567779541,1,direct linear solve; no iterative scheme,5a59d5e6203d965723777be41180d81bdb39d6dd1c26867b8a59aa94e91e6e51
DIRECT_PHYSICAL,TSVD,10000.0,OFF_GRID_ID,32,2,0.01686716079711914,1,direct linear solve; no iterative scheme,5a59d5e6203d965723777be41180d81bdb39d6dd1c26867b8a59aa94e91e6e51
DIRECT_PHYSICAL,TSVD,10000.0,OFF_GRID_OOD,13,2,0.017002582550048828,1,direct linear solve; no iterative scheme,5a59d5e6203d965723777be41180d81bdb39d6dd1c26867b8a59aa94e91e6e51
DIRECT_PHYSICAL,RIDGE_IDENTITY,10000.0,IN_CLASS_ID,32,2,0.017004013061523438,1,direct linear solve; no iterative scheme,5a59d5e6203d965723777be41180d81bdb39d6dd1c26867b8a59aa94e91e6e51
DIRECT_PHYSICAL,RIDGE_IDENTITY,10000.0,IN_CLASS_OOD,13,2,0.01666259765625,1,direct linear solve; no iterative scheme,5a59d5e6203d965723777be41180d81bdb39d6dd1c26867b8a59aa94e91e6e51
DIRECT_PHYSICAL,RIDGE_IDENTITY,10000.0,OFF_GRID_ID,32,2,0.025647401809692383,1,direct linear solve; no iterative scheme,5a59d5e6203d965723777be41180d81bdb39d6dd1c26867b8a59aa94e91e6e51
DIRECT_PHYSICAL,RIDGE_IDENTITY,10000.0,OFF_GRID_OOD,13,2,0.016796588897705078,1,direct linear solve; no iterative scheme,5a59d5e6203d965723777be41180d81bdb39d6dd1c26867b8a59aa94e91e6e51
DIRECT_PHYSICAL,TIKHONOV_TEMPORAL,10000.0,IN_CLASS_ID,32,2,0.017640352249145508,1,direct linear solve; no iterative scheme,5a59d5e6203d965723777be41180d81bdb39d6dd1c26867b8a59aa94e91e6e51
DIRECT_PHYSICAL,TIKHONOV_TEMPORAL,10000.0,IN_CLASS_OOD,13,2,0.016602277755737305,1,direct linear solve; no iterative scheme,5a59d5e6203d965723777be41180d81bdb39d6dd1c26867b8a59aa94e91e6e51
DIRECT_PHYSICAL,TIKHONOV_TEMPORAL,10000.0,OFF_GRID_ID,32,2,0.016675233840942383,1,direct linear solve; no iterative scheme,5a59d5e6203d965723777be41180d81bdb39d6dd1c26867b8a59aa94e91e6e51
DIRECT_PHYSICAL,TIKHONOV_TEMPORAL,10000.0,OFF_GRID_OOD,13,2,0.016468048095703125,1,direct linear solve; no iterative scheme,5a59d5e6203d965723777be41180d81bdb39d6dd1c26867b8a59aa94e91e6e51
DIRECT_PHYSICAL,WIENER_GAUSSIAN,10000.0,IN_CLASS_ID,32,2,0.02167201042175293,1,direct linear solve; no iterative scheme,5a59d5e6203d965723777be41180d81bdb39d6dd1c26867b8a59aa94e91e6e51
DIRECT_PHYSICAL,WIENER_GAUSSIAN,10000.0,IN_CLASS_OOD,13,2,0.023484468460083008,1,direct linear solve; no iterative scheme,5a59d5e6203d965723777be41180d81bdb39d6dd1c26867b8a59aa94e91e6e51
DIRECT_PHYSICAL,WIENER_GAUSSIAN,10000.0,OFF_GRID_ID,32,2,0.02369546890258789,1,direct linear solve; no iterative scheme,5a59d5e6203d965723777be41180d81bdb39d6dd1c26867b8a59aa94e91e6e51
DIRECT_PHYSICAL,WIENER_GAUSSIAN,10000.0,OFF_GRID_OOD,13,2,0.02457427978515625,1,direct linear solve; no iterative scheme,5a59d5e6203d965723777be41180d81bdb39d6dd1c26867b8a59aa94e91e6e51
DIRECT_PHYSICAL,LINEAR_STATE_SPACE,10000.0,IN_CLASS_ID,32,2,0.022066593170166016,1,direct linear solve; no iterative scheme,5a59d5e6203d965723777be41180d81bdb39d6dd1c26867b8a59aa94e91e6e51
DIRECT_PHYSICAL,LINEAR_STATE_SPACE,10000.0,IN_CLASS_OOD,13,2,0.023922443389892578,1,direct linear solve; no iterative scheme,5a59d5e6203d965723777be41180d81bdb39d6dd1c26867b8a59aa94e91e6e51
DIRECT_PHYSICAL,LINEAR_STATE_SPACE,10000.0,OFF_GRID_ID,32,2,0.022872447967529297,1,direct linear solve; no iterative scheme,5a59d5e6203d965723777be41180d81bdb39d6dd1c26867b8a59aa94e91e6e51
DIRECT_PHYSICAL,LINEAR_STATE_SPACE,10000.0,OFF_GRID_OOD,13,2,0.022636890411376953,1,direct linear solve; no iterative scheme,5a59d5e6203d965723777be41180d81bdb39d6dd1c26867b8a59aa94e91e6e51
DIRECT_PHYSICAL,TSVD,30000.0,IN_CLASS_ID,32,2,0.01693892478942871,1,direct linear solve; no iterative scheme,5a59d5e6203d965723777be41180d81bdb39d6dd1c26867b8a59aa94e91e6e51
DIRECT_PHYSICAL,TSVD,30000.0,IN_CLASS_OOD,13,2,0.019441604614257812,1,direct linear solve; no iterative scheme,5a59d5e6203d965723777be41180d81bdb39d6dd1c26867b8a59aa94e91e6e51
DIRECT_PHYSICAL,TSVD,30000.0,OFF_GRID_ID,32,2,0.01747727394104004,1,direct linear solve; no iterative scheme,5a59d5e6203d965723777be41180d81bdb39d6dd1c26867b8a59aa94e91e6e51
DIRECT_PHYSICAL,TSVD,30000.0,OFF_GRID_OOD,13,2,0.019778013229370117,1,direct linear solve; no iterative scheme,5a59d5e6203d965723777be41180d81bdb39d6dd1c26867b8a59aa94e91e6e51
DIRECT_PHYSICAL,RIDGE_IDENTITY,30000.0,IN_CLASS_ID,32,2,0.016718626022338867,1,direct linear solve; no iterative scheme,5a59d5e6203d965723777be41180d81bdb39d6dd1c26867b8a59aa94e91e6e51
DIRECT_PHYSICAL,RIDGE_IDENTITY,30000.0,IN_CLASS_OOD,13,2,0.01766514778137207,1,direct linear solve; no iterative scheme,5a59d5e6203d965723777be41180d81bdb39d6dd1c26867b8a59aa94e91e6e51
DIRECT_PHYSICAL,RIDGE_IDENTITY,30000.0,OFF_GRID_ID,32,2,0.0174105167388916,1,direct linear solve; no iterative scheme,5a59d5e6203d965723777be41180d81bdb39d6dd1c26867b8a59aa94e91e6e51
DIRECT_PHYSICAL,RIDGE_IDENTITY,30000.0,OFF_GRID_OOD,13,2,0.020075321197509766,1,direct linear solve; no iterative scheme,5a59d5e6203d965723777be41180d81bdb39d6dd1c26867b8a59aa94e91e6e51
DIRECT_PHYSICAL,TIKHONOV_TEMPORAL,30000.0,IN_CLASS_ID,32,2,0.016962528228759766,1,direct linear solve; no iterative scheme,5a59d5e6203d965723777be41180d81bdb39d6dd1c26867b8a59aa94e91e6e51
DIRECT_PHYSICAL,TIKHONOV_TEMPORAL,30000.0,IN_CLASS_OOD,13,2,0.02066826820373535,1,direct linear solve; no iterative scheme,5a59d5e6203d965723777be41180d81bdb39d6dd1c26867b8a59aa94e91e6e51
DIRECT_PHYSICAL,TIKHONOV_TEMPORAL,30000.0,OFF_GRID_ID,32,2,0.016831159591674805,1,direct linear solve; no iterative scheme,5a59d5e6203d965723777be41180d81bdb39d6dd1c26867b8a59aa94e91e6e51
DIRECT_PHYSICAL,TIKHONOV_TEMPORAL,30000.0,OFF_GRID_OOD,13,2,0.017839670181274414,1,direct linear solve; no iterative scheme,5a59d5e6203d965723777be41180d81bdb39d6dd1c26867b8a59aa94e91e6e51
DIRECT_PHYSICAL,WIENER_GAUSSIAN,30000.0,IN_CLASS_ID,32,2,0.022540569305419922,1,direct linear solve; no iterative scheme,5a59d5e6203d965723777be41180d81bdb39d6dd1c26867b8a59aa94e91e6e51
DIRECT_PHYSICAL,WIENER_GAUSSIAN,30000.0,IN_CLASS_OOD,13,2,0.026775598526000977,1,direct linear solve; no iterative scheme,5a59d5e6203d965723777be41180d81bdb39d6dd1c26867b8a59aa94e91e6e51
DIRECT_PHYSICAL,WIENER_GAUSSIAN,30000.0,OFF_GRID_ID,32,2,0.021582841873168945,1,direct linear solve; no iterative scheme,5a59d5e6203d965723777be41180d81bdb39d6dd1c26867b8a59aa94e91e6e51
DIRECT_PHYSICAL,WIENER_GAUSSIAN,30000.0,OFF_GRID_OOD,13,2,0.023955106735229492,1,direct linear solve; no iterative scheme,5a59d5e6203d965723777be41180d81bdb39d6dd1c26867b8a59aa94e91e6e51
DIRECT_PHYSICAL,LINEAR_STATE_SPACE,30000.0,IN_CLASS_ID,32,2,0.022625446319580078,1,direct linear solve; no iterative scheme,5a59d5e6203d965723777be41180d81bdb39d6dd1c26867b8a59aa94e91e6e51
DIRECT_PHYSICAL,LINEAR_STATE_SPACE,30000.0,IN_CLASS_OOD,13,2,0.02768564224243164,1,direct linear solve; no iterative scheme,5a59d5e6203d965723777be41180d81bdb39d6dd1c26867b8a59aa94e91e6e51
DIRECT_PHYSICAL,LINEAR_STATE_SPACE,30000.0,OFF_GRID_ID,32,2,0.024237871170043945,1,direct linear solve; no iterative scheme,5a59d5e6203d965723777be41180d81bdb39d6dd1c26867b8a59aa94e91e6e51
DIRECT_PHYSICAL,LINEAR_STATE_SPACE,30000.0,OFF_GRID_OOD,13,2,0.025319576263427734,1,direct linear solve; no iterative scheme,5a59d5e6203d965723777be41180d81bdb39d6dd1c26867b8a59aa94e91e6e51
DIRECT_PHYSICAL,TSVD,100000.0,IN_CLASS_ID,32,2,0.018724679946899414,1,direct linear solve; no iterative scheme,5a59d5e6203d965723777be41180d81bdb39d6dd1c26867b8a59aa94e91e6e51
DIRECT_PHYSICAL,TSVD,100000.0,IN_CLASS_OOD,13,2,0.020656347274780273,1,direct linear solve; no iterative scheme,5a59d5e6203d965723777be41180d81bdb39d6dd1c26867b8a59aa94e91e6e51
DIRECT_PHYSICAL,TSVD,100000.0,OFF_GRID_ID,32,2,0.016420364379882812,1,direct linear solve; no iterative scheme,5a59d5e6203d965723777be41180d81bdb39d6dd1c26867b8a59aa94e91e6e51
DIRECT_PHYSICAL,TSVD,100000.0,OFF_GRID_OOD,13,2,0.018073558807373047,1,direct linear solve; no iterative scheme,5a59d5e6203d965723777be41180d81bdb39d6dd1c26867b8a59aa94e91e6e51
DIRECT_PHYSICAL,RIDGE_IDENTITY,100000.0,IN_CLASS_ID,32,2,0.01769089698791504,1,direct linear solve; no iterative scheme,5a59d5e6203d965723777be41180d81bdb39d6dd1c26867b8a59aa94e91e6e51
DIRECT_PHYSICAL,RIDGE_IDENTITY,100000.0,IN_CLASS_OOD,13,2,0.02121281623840332,1,direct linear solve; no iterative scheme,5a59d5e6203d965723777be41180d81bdb39d6dd1c26867b8a59aa94e91e6e51
DIRECT_PHYSICAL,RIDGE_IDENTITY,100000.0,OFF_GRID_ID,32,2,0.018082380294799805,1,direct linear solve; no iterative scheme,5a59d5e6203d965723777be41180d81bdb39d6dd1c26867b8a59aa94e91e6e51
DIRECT_PHYSICAL,RIDGE_IDENTITY,100000.0,OFF_GRID_OOD,13,2,0.019019126892089844,1,direct linear solve; no iterative scheme,5a59d5e6203d965723777be41180d81bdb39d6dd1c26867b8a59aa94e91e6e51
DIRECT_PHYSICAL,TIKHONOV_TEMPORAL,100000.0,IN_CLASS_ID,32,2,0.01890730857849121,1,direct linear solve; no iterative scheme,5a59d5e6203d965723777be41180d81bdb39d6dd1c26867b8a59aa94e91e6e51
DIRECT_PHYSICAL,TIKHONOV_TEMPORAL,100000.0,IN_CLASS_OOD,13,2,0.025178194046020508,1,direct linear solve; no iterative scheme,5a59d5e6203d965723777be41180d81bdb39d6dd1c26867b8a59aa94e91e6e51
DIRECT_PHYSICAL,TIKHONOV_TEMPORAL,100000.0,OFF_GRID_ID,32,2,0.017227649688720703,1,direct linear solve; no iterative scheme,5a59d5e6203d965723777be41180d81bdb39d6dd1c26867b8a59aa94e91e6e51
DIRECT_PHYSICAL,TIKHONOV_TEMPORAL,100000.0,OFF_GRID_OOD,13,2,0.02239990234375,1,direct linear solve; no iterative scheme,5a59d5e6203d965723777be41180d81bdb39d6dd1c26867b8a59aa94e91e6e51
DIRECT_PHYSICAL,WIENER_GAUSSIAN,100000.0,IN_CLASS_ID,32,2,0.026354074478149414,1,direct linear solve; no iterative scheme,5a59d5e6203d965723777be41180d81bdb39d6dd1c26867b8a59aa94e91e6e51
DIRECT_PHYSICAL,WIENER_GAUSSIAN,100000.0,IN_CLASS_OOD,13,2,0.024669885635375977,1,direct linear solve; no iterative scheme,5a59d5e6203d965723777be41180d81bdb39d6dd1c26867b8a59aa94e91e6e51
DIRECT_PHYSICAL,WIENER_GAUSSIAN,100000.0,OFF_GRID_ID,32,2,0.024753093719482422,1,direct linear solve; no iterative scheme,5a59d5e6203d965723777be41180d81bdb39d6dd1c26867b8a59aa94e91e6e51
DIRECT_PHYSICAL,WIENER_GAUSSIAN,100000.0,OFF_GRID_OOD,13,2,0.02414083480834961,1,direct linear solve; no iterative scheme,5a59d5e6203d965723777be41180d81bdb39d6dd1c26867b8a59aa94e91e6e51
DIRECT_PHYSICAL,LINEAR_STATE_SPACE,100000.0,IN_CLASS_ID,32,2,0.02291584014892578,1,direct linear solve; no iterative scheme,5a59d5e6203d965723777be41180d81bdb39d6dd1c26867b8a59aa94e91e6e51
DIRECT_PHYSICAL,LINEAR_STATE_SPACE,100000.0,IN_CLASS_OOD,13,2,0.02457118034362793,1,direct linear solve; no iterative scheme,5a59d5e6203d965723777be41180d81bdb39d6dd1c26867b8a59aa94e91e6e51
DIRECT_PHYSICAL,LINEAR_STATE_SPACE,100000.0,OFF_GRID_ID,32,2,0.023133277893066406,1,direct linear solve; no iterative scheme,5a59d5e6203d965723777be41180d81bdb39d6dd1c26867b8a59aa94e91e6e51
DIRECT_PHYSICAL,LINEAR_STATE_SPACE,100000.0,OFF_GRID_OOD,13,2,0.026761293411254883,1,direct linear solve; no iterative scheme,5a59d5e6203d965723777be41180d81bdb39d6dd1c26867b8a59aa94e91e6e51
DIRECT_PHYSICAL,TSVD,1000000.0,IN_CLASS_ID,32,2,0.017821311950683594,1,direct linear solve; no iterative scheme,5a59d5e6203d965723777be41180d81bdb39d6dd1c26867b8a59aa94e91e6e51
DIRECT_PHYSICAL,TSVD,1000000.0,IN_CLASS_OOD,13,2,0.019637107849121094,1,direct linear solve; no iterative scheme,5a59d5e6203d965723777be41180d81bdb39d6dd1c26867b8a59aa94e91e6e51
DIRECT_PHYSICAL,TSVD,1000000.0,OFF_GRID_ID,32,2,0.016358613967895508,1,direct linear solve; no iterative scheme,5a59d5e6203d965723777be41180d81bdb39d6dd1c26867b8a59aa94e91e6e51
DIRECT_PHYSICAL,TSVD,1000000.0,OFF_GRID_OOD,13,2,0.016942739486694336,1,direct linear solve; no iterative scheme,5a59d5e6203d965723777be41180d81bdb39d6dd1c26867b8a59aa94e91e6e51
DIRECT_PHYSICAL,RIDGE_IDENTITY,1000000.0,IN_CLASS_ID,32,2,0.019191503524780273,1,direct linear solve; no iterative scheme,5a59d5e6203d965723777be41180d81bdb39d6dd1c26867b8a59aa94e91e6e51
DIRECT_PHYSICAL,RIDGE_IDENTITY,1000000.0,IN_CLASS_OOD,13,2,0.019990205764770508,1,direct linear solve; no iterative scheme,5a59d5e6203d965723777be41180d81bdb39d6dd1c26867b8a59aa94e91e6e51
DIRECT_PHYSICAL,RIDGE_IDENTITY,1000000.0,OFF_GRID_ID,32,2,0.016559600830078125,1,direct linear solve; no iterative scheme,5a59d5e6203d965723777be41180d81bdb39d6dd1c26867b8a59aa94e91e6e51
DIRECT_PHYSICAL,RIDGE_IDENTITY,1000000.0,OFF_GRID_OOD,13,2,0.018486976623535156,1,direct linear solve; no iterative scheme,5a59d5e6203d965723777be41180d81bdb39d6dd1c26867b8a59aa94e91e6e51
DIRECT_PHYSICAL,TIKHONOV_TEMPORAL,1000000.0,IN_CLASS_ID,32,2,0.017664432525634766,1,direct linear solve; no iterative scheme,5a59d5e6203d965723777be41180d81bdb39d6dd1c26867b8a59aa94e91e6e51
DIRECT_PHYSICAL,TIKHONOV_TEMPORAL,1000000.0,IN_CLASS_OOD,13,2,0.01861095428466797,1,direct linear solve; no iterative scheme,5a59d5e6203d965723777be41180d81bdb39d6dd1c26867b8a59aa94e91e6e51
DIRECT_PHYSICAL,TIKHONOV_TEMPORAL,1000000.0,OFF_GRID_ID,32,2,0.023584842681884766,1,direct linear solve; no iterative scheme,5a59d5e6203d965723777be41180d81bdb39d6dd1c26867b8a59aa94e91e6e51
DIRECT_PHYSICAL,TIKHONOV_TEMPORAL,1000000.0,OFF_GRID_OOD,13,2,0.01751875877380371,1,direct linear solve; no iterative scheme,5a59d5e6203d965723777be41180d81bdb39d6dd1c26867b8a59aa94e91e6e51
DIRECT_PHYSICAL,WIENER_GAUSSIAN,1000000.0,IN_CLASS_ID,32,2,0.022206544876098633,1,direct linear solve; no iterative scheme,5a59d5e6203d965723777be41180d81bdb39d6dd1c26867b8a59aa94e91e6e51
DIRECT_PHYSICAL,WIENER_GAUSSIAN,1000000.0,IN_CLASS_OOD,13,2,0.025791406631469727,1,direct linear solve; no iterative scheme,5a59d5e6203d965723777be41180d81bdb39d6dd1c26867b8a59aa94e91e6e51
DIRECT_PHYSICAL,WIENER_GAUSSIAN,1000000.0,OFF_GRID_ID,32,2,0.0250852108001709,1,direct linear solve; no iterative scheme,5a59d5e6203d965723777be41180d81bdb39d6dd1c26867b8a59aa94e91e6e51
DIRECT_PHYSICAL,WIENER_GAUSSIAN,1000000.0,OFF_GRID_OOD,13,2,0.024132490158081055,1,direct linear solve; no iterative scheme,5a59d5e6203d965723777be41180d81bdb39d6dd1c26867b8a59aa94e91e6e51
DIRECT_PHYSICAL,LINEAR_STATE_SPACE,1000000.0,IN_CLASS_ID,32,2,0.02302098274230957,1,direct linear solve; no iterative scheme,5a59d5e6203d965723777be41180d81bdb39d6dd1c26867b8a59aa94e91e6e51
DIRECT_PHYSICAL,LINEAR_STATE_SPACE,1000000.0,IN_CLASS_OOD,13,2,0.02531147003173828,1,direct linear solve; no iterative scheme,5a59d5e6203d965723777be41180d81bdb39d6dd1c26867b8a59aa94e91e6e51
DIRECT_PHYSICAL,LINEAR_STATE_SPACE,1000000.0,OFF_GRID_ID,32,2,0.0231478214263916,1,direct linear solve; no iterative scheme,5a59d5e6203d965723777be41180d81bdb39d6dd1c26867b8a59aa94e91e6e51
DIRECT_PHYSICAL,LINEAR_STATE_SPACE,1000000.0,OFF_GRID_OOD,13,2,0.026402950286865234,1,direct linear solve; no iterative scheme,5a59d5e6203d965723777be41180d81bdb39d6dd1c26867b8a59aa94e91e6e51
RESOLVED_PHYSICAL,TSVD,1.0,IN_CLASS_ID,32,2,0.02148914337158203,1,direct linear solve; no iterative scheme,5a59d5e6203d965723777be41180d81bdb39d6dd1c26867b8a59aa94e91e6e51
RESOLVED_PHYSICAL,TSVD,1.0,IN_CLASS_OOD,13,2,0.02045297622680664,1,direct linear solve; no iterative scheme,5a59d5e6203d965723777be41180d81bdb39d6dd1c26867b8a59aa94e91e6e51
RESOLVED_PHYSICAL,TSVD,1.0,OFF_GRID_ID,32,2,0.01605081558227539,1,direct linear solve; no iterative scheme,5a59d5e6203d965723777be41180d81bdb39d6dd1c26867b8a59aa94e91e6e51
RESOLVED_PHYSICAL,TSVD,1.0,OFF_GRID_OOD,13,2,0.017851591110229492,1,direct linear solve; no iterative scheme,5a59d5e6203d965723777be41180d81bdb39d6dd1c26867b8a59aa94e91e6e51
RESOLVED_PHYSICAL,RIDGE_IDENTITY,1.0,IN_CLASS_ID,32,2,0.015479564666748047,1,direct linear solve; no iterative scheme,5a59d5e6203d965723777be41180d81bdb39d6dd1c26867b8a59aa94e91e6e51
RESOLVED_PHYSICAL,RIDGE_IDENTITY,1.0,IN_CLASS_OOD,13,2,0.01794600486755371,1,direct linear solve; no iterative scheme,5a59d5e6203d965723777be41180d81bdb39d6dd1c26867b8a59aa94e91e6e51
RESOLVED_PHYSICAL,RIDGE_IDENTITY,1.0,OFF_GRID_ID,32,2,0.015640974044799805,1,direct linear solve; no iterative scheme,5a59d5e6203d965723777be41180d81bdb39d6dd1c26867b8a59aa94e91e6e51
RESOLVED_PHYSICAL,RIDGE_IDENTITY,1.0,OFF_GRID_OOD,13,2,0.01718902587890625,1,direct linear solve; no iterative scheme,5a59d5e6203d965723777be41180d81bdb39d6dd1c26867b8a59aa94e91e6e51
RESOLVED_PHYSICAL,TIKHONOV_TEMPORAL,1.0,IN_CLASS_ID,32,2,0.015246868133544922,1,direct linear solve; no iterative scheme,5a59d5e6203d965723777be41180d81bdb39d6dd1c26867b8a59aa94e91e6e51
RESOLVED_PHYSICAL,TIKHONOV_TEMPORAL,1.0,IN_CLASS_OOD,13,2,0.01766824722290039,1,direct linear solve; no iterative scheme,5a59d5e6203d965723777be41180d81bdb39d6dd1c26867b8a59aa94e91e6e51
RESOLVED_PHYSICAL,TIKHONOV_TEMPORAL,1.0,OFF_GRID_ID,32,2,0.014756917953491211,1,direct linear solve; no iterative scheme,5a59d5e6203d965723777be41180d81bdb39d6dd1c26867b8a59aa94e91e6e51
RESOLVED_PHYSICAL,TIKHONOV_TEMPORAL,1.0,OFF_GRID_OOD,13,2,0.01701211929321289,1,direct linear solve; no iterative scheme,5a59d5e6203d965723777be41180d81bdb39d6dd1c26867b8a59aa94e91e6e51
RESOLVED_PHYSICAL,WIENER_GAUSSIAN,1.0,IN_CLASS_ID,32,2,0.022976160049438477,1,direct linear solve; no iterative scheme,5a59d5e6203d965723777be41180d81bdb39d6dd1c26867b8a59aa94e91e6e51
RESOLVED_PHYSICAL,WIENER_GAUSSIAN,1.0,IN_CLASS_OOD,13,2,0.026457548141479492,1,direct linear solve; no iterative scheme,5a59d5e6203d965723777be41180d81bdb39d6dd1c26867b8a59aa94e91e6e51
RESOLVED_PHYSICAL,WIENER_GAUSSIAN,1.0,OFF_GRID_ID,32,2,0.02271294593811035,1,direct linear solve; no iterative scheme,5a59d5e6203d965723777be41180d81bdb39d6dd1c26867b8a59aa94e91e6e51
RESOLVED_PHYSICAL,WIENER_GAUSSIAN,1.0,OFF_GRID_OOD,13,2,0.024910926818847656,1,direct linear solve; no iterative scheme,5a59d5e6203d965723777be41180d81bdb39d6dd1c26867b8a59aa94e91e6e51
RESOLVED_PHYSICAL,LINEAR_STATE_SPACE,1.0,IN_CLASS_ID,32,2,0.021394729614257812,1,direct linear solve; no iterative scheme,5a59d5e6203d965723777be41180d81bdb39d6dd1c26867b8a59aa94e91e6e51
RESOLVED_PHYSICAL,LINEAR_STATE_SPACE,1.0,IN_CLASS_OOD,13,2,0.024316787719726562,1,direct linear solve; no iterative scheme,5a59d5e6203d965723777be41180d81bdb39d6dd1c26867b8a59aa94e91e6e51
RESOLVED_PHYSICAL,LINEAR_STATE_SPACE,1.0,OFF_GRID_ID,32,2,0.021744728088378906,1,direct linear solve; no iterative scheme,5a59d5e6203d965723777be41180d81bdb39d6dd1c26867b8a59aa94e91e6e51
RESOLVED_PHYSICAL,LINEAR_STATE_SPACE,1.0,OFF_GRID_OOD,13,2,0.026244163513183594,1,direct linear solve; no iterative scheme,5a59d5e6203d965723777be41180d81bdb39d6dd1c26867b8a59aa94e91e6e51
RESOLVED_PHYSICAL,TSVD,3.0,IN_CLASS_ID,32,2,0.01580500602722168,1,direct linear solve; no iterative scheme,5a59d5e6203d965723777be41180d81bdb39d6dd1c26867b8a59aa94e91e6e51
RESOLVED_PHYSICAL,TSVD,3.0,IN_CLASS_OOD,13,2,0.01718926429748535,1,direct linear solve; no iterative scheme,5a59d5e6203d965723777be41180d81bdb39d6dd1c26867b8a59aa94e91e6e51
RESOLVED_PHYSICAL,TSVD,3.0,OFF_GRID_ID,32,2,0.015729904174804688,1,direct linear solve; no iterative scheme,5a59d5e6203d965723777be41180d81bdb39d6dd1c26867b8a59aa94e91e6e51
RESOLVED_PHYSICAL,TSVD,3.0,OFF_GRID_OOD,13,2,0.01729297637939453,1,direct linear solve; no iterative scheme,5a59d5e6203d965723777be41180d81bdb39d6dd1c26867b8a59aa94e91e6e51
RESOLVED_PHYSICAL,RIDGE_IDENTITY,3.0,IN_CLASS_ID,32,2,0.014983892440795898,1,direct linear solve; no iterative scheme,5a59d5e6203d965723777be41180d81bdb39d6dd1c26867b8a59aa94e91e6e51
RESOLVED_PHYSICAL,RIDGE_IDENTITY,3.0,IN_CLASS_OOD,13,2,0.01604294776916504,1,direct linear solve; no iterative scheme,5a59d5e6203d965723777be41180d81bdb39d6dd1c26867b8a59aa94e91e6e51
RESOLVED_PHYSICAL,RIDGE_IDENTITY,3.0,OFF_GRID_ID,32,2,0.018250465393066406,1,direct linear solve; no iterative scheme,5a59d5e6203d965723777be41180d81bdb39d6dd1c26867b8a59aa94e91e6e51
RESOLVED_PHYSICAL,RIDGE_IDENTITY,3.0,OFF_GRID_OOD,13,2,0.015935420989990234,1,direct linear solve; no iterative scheme,5a59d5e6203d965723777be41180d81bdb39d6dd1c26867b8a59aa94e91e6e51
RESOLVED_PHYSICAL,TIKHONOV_TEMPORAL,3.0,IN_CLASS_ID,32,2,0.015016317367553711,1,direct linear solve; no iterative scheme,5a59d5e6203d965723777be41180d81bdb39d6dd1c26867b8a59aa94e91e6e51
RESOLVED_PHYSICAL,TIKHONOV_TEMPORAL,3.0,IN_CLASS_OOD,13,2,0.017180681228637695,1,direct linear solve; no iterative scheme,5a59d5e6203d965723777be41180d81bdb39d6dd1c26867b8a59aa94e91e6e51
RESOLVED_PHYSICAL,TIKHONOV_TEMPORAL,3.0,OFF_GRID_ID,32,2,0.01566791534423828,1,direct linear solve; no iterative scheme,5a59d5e6203d965723777be41180d81bdb39d6dd1c26867b8a59aa94e91e6e51
RESOLVED_PHYSICAL,TIKHONOV_TEMPORAL,3.0,OFF_GRID_OOD,13,2,0.01695728302001953,1,direct linear solve; no iterative scheme,5a59d5e6203d965723777be41180d81bdb39d6dd1c26867b8a59aa94e91e6e51
RESOLVED_PHYSICAL,WIENER_GAUSSIAN,3.0,IN_CLASS_ID,32,2,0.02881789207458496,1,direct linear solve; no iterative scheme,5a59d5e6203d965723777be41180d81bdb39d6dd1c26867b8a59aa94e91e6e51
RESOLVED_PHYSICAL,WIENER_GAUSSIAN,3.0,IN_CLASS_OOD,13,2,0.024168729782104492,1,direct linear solve; no iterative scheme,5a59d5e6203d965723777be41180d81bdb39d6dd1c26867b8a59aa94e91e6e51
RESOLVED_PHYSICAL,WIENER_GAUSSIAN,3.0,OFF_GRID_ID,32,2,0.022388935089111328,1,direct linear solve; no iterative scheme,5a59d5e6203d965723777be41180d81bdb39d6dd1c26867b8a59aa94e91e6e51
RESOLVED_PHYSICAL,WIENER_GAUSSIAN,3.0,OFF_GRID_OOD,13,2,0.024071216583251953,1,direct linear solve; no iterative scheme,5a59d5e6203d965723777be41180d81bdb39d6dd1c26867b8a59aa94e91e6e51
RESOLVED_PHYSICAL,LINEAR_STATE_SPACE,3.0,IN_CLASS_ID,32,2,0.023828983306884766,1,direct linear solve; no iterative scheme,5a59d5e6203d965723777be41180d81bdb39d6dd1c26867b8a59aa94e91e6e51
RESOLVED_PHYSICAL,LINEAR_STATE_SPACE,3.0,IN_CLASS_OOD,13,2,0.02386307716369629,1,direct linear solve; no iterative scheme,5a59d5e6203d965723777be41180d81bdb39d6dd1c26867b8a59aa94e91e6e51
RESOLVED_PHYSICAL,LINEAR_STATE_SPACE,3.0,OFF_GRID_ID,32,2,0.032369136810302734,1,direct linear solve; no iterative scheme,5a59d5e6203d965723777be41180d81bdb39d6dd1c26867b8a59aa94e91e6e51
RESOLVED_PHYSICAL,LINEAR_STATE_SPACE,3.0,OFF_GRID_OOD,13,2,0.027153968811035156,1,direct linear solve; no iterative scheme,5a59d5e6203d965723777be41180d81bdb39d6dd1c26867b8a59aa94e91e6e51
RESOLVED_PHYSICAL,TSVD,10.0,IN_CLASS_ID,32,2,0.017727136611938477,1,direct linear solve; no iterative scheme,5a59d5e6203d965723777be41180d81bdb39d6dd1c26867b8a59aa94e91e6e51
RESOLVED_PHYSICAL,TSVD,10.0,IN_CLASS_OOD,13,2,0.017366647720336914,1,direct linear solve; no iterative scheme,5a59d5e6203d965723777be41180d81bdb39d6dd1c26867b8a59aa94e91e6e51
RESOLVED_PHYSICAL,TSVD,10.0,OFF_GRID_ID,32,2,0.01858973503112793,1,direct linear solve; no iterative scheme,5a59d5e6203d965723777be41180d81bdb39d6dd1c26867b8a59aa94e91e6e51
RESOLVED_PHYSICAL,TSVD,10.0,OFF_GRID_OOD,13,2,0.01800227165222168,1,direct linear solve; no iterative scheme,5a59d5e6203d965723777be41180d81bdb39d6dd1c26867b8a59aa94e91e6e51
RESOLVED_PHYSICAL,RIDGE_IDENTITY,10.0,IN_CLASS_ID,32,2,0.017438411712646484,1,direct linear solve; no iterative scheme,5a59d5e6203d965723777be41180d81bdb39d6dd1c26867b8a59aa94e91e6e51
RESOLVED_PHYSICAL,RIDGE_IDENTITY,10.0,IN_CLASS_OOD,13,2,0.018891334533691406,1,direct linear solve; no iterative scheme,5a59d5e6203d965723777be41180d81bdb39d6dd1c26867b8a59aa94e91e6e51
RESOLVED_PHYSICAL,RIDGE_IDENTITY,10.0,OFF_GRID_ID,32,2,0.019731521606445312,1,direct linear solve; no iterative scheme,5a59d5e6203d965723777be41180d81bdb39d6dd1c26867b8a59aa94e91e6e51
RESOLVED_PHYSICAL,RIDGE_IDENTITY,10.0,OFF_GRID_OOD,13,2,0.020216703414916992,1,direct linear solve; no iterative scheme,5a59d5e6203d965723777be41180d81bdb39d6dd1c26867b8a59aa94e91e6e51
RESOLVED_PHYSICAL,TIKHONOV_TEMPORAL,10.0,IN_CLASS_ID,32,2,0.018187761306762695,1,direct linear solve; no iterative scheme,5a59d5e6203d965723777be41180d81bdb39d6dd1c26867b8a59aa94e91e6e51
RESOLVED_PHYSICAL,TIKHONOV_TEMPORAL,10.0,IN_CLASS_OOD,13,2,0.0188138484954834,1,direct linear solve; no iterative scheme,5a59d5e6203d965723777be41180d81bdb39d6dd1c26867b8a59aa94e91e6e51
RESOLVED_PHYSICAL,TIKHONOV_TEMPORAL,10.0,OFF_GRID_ID,32,2,0.02074432373046875,1,direct linear solve; no iterative scheme,5a59d5e6203d965723777be41180d81bdb39d6dd1c26867b8a59aa94e91e6e51
RESOLVED_PHYSICAL,TIKHONOV_TEMPORAL,10.0,OFF_GRID_OOD,13,2,0.018876075744628906,1,direct linear solve; no iterative scheme,5a59d5e6203d965723777be41180d81bdb39d6dd1c26867b8a59aa94e91e6e51
RESOLVED_PHYSICAL,WIENER_GAUSSIAN,10.0,IN_CLASS_ID,32,2,0.034296274185180664,1,direct linear solve; no iterative scheme,5a59d5e6203d965723777be41180d81bdb39d6dd1c26867b8a59aa94e91e6e51
RESOLVED_PHYSICAL,WIENER_GAUSSIAN,10.0,IN_CLASS_OOD,13,2,0.026607751846313477,1,direct linear solve; no iterative scheme,5a59d5e6203d965723777be41180d81bdb39d6dd1c26867b8a59aa94e91e6e51
RESOLVED_PHYSICAL,WIENER_GAUSSIAN,10.0,OFF_GRID_ID,32,2,0.02630472183227539,1,direct linear solve; no iterative scheme,5a59d5e6203d965723777be41180d81bdb39d6dd1c26867b8a59aa94e91e6e51
RESOLVED_PHYSICAL,WIENER_GAUSSIAN,10.0,OFF_GRID_OOD,13,2,0.027144670486450195,1,direct linear solve; no iterative scheme,5a59d5e6203d965723777be41180d81bdb39d6dd1c26867b8a59aa94e91e6e51
RESOLVED_PHYSICAL,LINEAR_STATE_SPACE,10.0,IN_CLASS_ID,32,2,0.029135704040527344,1,direct linear solve; no iterative scheme,5a59d5e6203d965723777be41180d81bdb39d6dd1c26867b8a59aa94e91e6e51
RESOLVED_PHYSICAL,LINEAR_STATE_SPACE,10.0,IN_CLASS_OOD,13,2,0.02642202377319336,1,direct linear solve; no iterative scheme,5a59d5e6203d965723777be41180d81bdb39d6dd1c26867b8a59aa94e91e6e51
RESOLVED_PHYSICAL,LINEAR_STATE_SPACE,10.0,OFF_GRID_ID,32,2,0.026561498641967773,1,direct linear solve; no iterative scheme,5a59d5e6203d965723777be41180d81bdb39d6dd1c26867b8a59aa94e91e6e51
RESOLVED_PHYSICAL,LINEAR_STATE_SPACE,10.0,OFF_GRID_OOD,13,2,0.02593708038330078,1,direct linear solve; no iterative scheme,5a59d5e6203d965723777be41180d81bdb39d6dd1c26867b8a59aa94e91e6e51
RESOLVED_PHYSICAL,TSVD,30.0,IN_CLASS_ID,32,2,0.01920461654663086,1,direct linear solve; no iterative scheme,5a59d5e6203d965723777be41180d81bdb39d6dd1c26867b8a59aa94e91e6e51
RESOLVED_PHYSICAL,TSVD,30.0,IN_CLASS_OOD,13,2,0.021185874938964844,1,direct linear solve; no iterative scheme,5a59d5e6203d965723777be41180d81bdb39d6dd1c26867b8a59aa94e91e6e51
RESOLVED_PHYSICAL,TSVD,30.0,OFF_GRID_ID,32,2,0.018752336502075195,1,direct linear solve; no iterative scheme,5a59d5e6203d965723777be41180d81bdb39d6dd1c26867b8a59aa94e91e6e51
RESOLVED_PHYSICAL,TSVD,30.0,OFF_GRID_OOD,13,2,0.018958330154418945,1,direct linear solve; no iterative scheme,5a59d5e6203d965723777be41180d81bdb39d6dd1c26867b8a59aa94e91e6e51
RESOLVED_PHYSICAL,RIDGE_IDENTITY,30.0,IN_CLASS_ID,32,2,0.01784038543701172,1,direct linear solve; no iterative scheme,5a59d5e6203d965723777be41180d81bdb39d6dd1c26867b8a59aa94e91e6e51
RESOLVED_PHYSICAL,RIDGE_IDENTITY,30.0,IN_CLASS_OOD,13,2,0.018529415130615234,1,direct linear solve; no iterative scheme,5a59d5e6203d965723777be41180d81bdb39d6dd1c26867b8a59aa94e91e6e51
RESOLVED_PHYSICAL,RIDGE_IDENTITY,30.0,OFF_GRID_ID,32,2,0.020328998565673828,1,direct linear solve; no iterative scheme,5a59d5e6203d965723777be41180d81bdb39d6dd1c26867b8a59aa94e91e6e51
RESOLVED_PHYSICAL,RIDGE_IDENTITY,30.0,OFF_GRID_OOD,13,2,0.017625093460083008,1,direct linear solve; no iterative scheme,5a59d5e6203d965723777be41180d81bdb39d6dd1c26867b8a59aa94e91e6e51
RESOLVED_PHYSICAL,TIKHONOV_TEMPORAL,30.0,IN_CLASS_ID,32,2,0.019250869750976562,1,direct linear solve; no iterative scheme,5a59d5e6203d965723777be41180d81bdb39d6dd1c26867b8a59aa94e91e6e51
RESOLVED_PHYSICAL,TIKHONOV_TEMPORAL,30.0,IN_CLASS_OOD,13,2,0.019251346588134766,1,direct linear solve; no iterative scheme,5a59d5e6203d965723777be41180d81bdb39d6dd1c26867b8a59aa94e91e6e51
RESOLVED_PHYSICAL,TIKHONOV_TEMPORAL,30.0,OFF_GRID_ID,32,2,0.01908588409423828,1,direct linear solve; no iterative scheme,5a59d5e6203d965723777be41180d81bdb39d6dd1c26867b8a59aa94e91e6e51
RESOLVED_PHYSICAL,TIKHONOV_TEMPORAL,30.0,OFF_GRID_OOD,13,2,0.017412185668945312,1,direct linear solve; no iterative scheme,5a59d5e6203d965723777be41180d81bdb39d6dd1c26867b8a59aa94e91e6e51
RESOLVED_PHYSICAL,WIENER_GAUSSIAN,30.0,IN_CLASS_ID,32,2,0.032813072204589844,1,direct linear solve; no iterative scheme,5a59d5e6203d965723777be41180d81bdb39d6dd1c26867b8a59aa94e91e6e51
RESOLVED_PHYSICAL,WIENER_GAUSSIAN,30.0,IN_CLASS_OOD,13,2,0.023029565811157227,1,direct linear solve; no iterative scheme,5a59d5e6203d965723777be41180d81bdb39d6dd1c26867b8a59aa94e91e6e51
RESOLVED_PHYSICAL,WIENER_GAUSSIAN,30.0,OFF_GRID_ID,32,2,0.025913715362548828,1,direct linear solve; no iterative scheme,5a59d5e6203d965723777be41180d81bdb39d6dd1c26867b8a59aa94e91e6e51
RESOLVED_PHYSICAL,WIENER_GAUSSIAN,30.0,OFF_GRID_OOD,13,2,0.02423882484436035,1,direct linear solve; no iterative scheme,5a59d5e6203d965723777be41180d81bdb39d6dd1c26867b8a59aa94e91e6e51
RESOLVED_PHYSICAL,LINEAR_STATE_SPACE,30.0,IN_CLASS_ID,32,2,0.028059720993041992,1,direct linear solve; no iterative scheme,5a59d5e6203d965723777be41180d81bdb39d6dd1c26867b8a59aa94e91e6e51
RESOLVED_PHYSICAL,LINEAR_STATE_SPACE,30.0,IN_CLASS_OOD,13,2,0.025022506713867188,1,direct linear solve; no iterative scheme,5a59d5e6203d965723777be41180d81bdb39d6dd1c26867b8a59aa94e91e6e51
RESOLVED_PHYSICAL,LINEAR_STATE_SPACE,30.0,OFF_GRID_ID,32,2,0.02536916732788086,1,direct linear solve; no iterative scheme,5a59d5e6203d965723777be41180d81bdb39d6dd1c26867b8a59aa94e91e6e51
RESOLVED_PHYSICAL,LINEAR_STATE_SPACE,30.0,OFF_GRID_OOD,13,2,0.02314019203186035,1,direct linear solve; no iterative scheme,5a59d5e6203d965723777be41180d81bdb39d6dd1c26867b8a59aa94e91e6e51
RESOLVED_PHYSICAL,TSVD,100.0,IN_CLASS_ID,32,2,0.0199429988861084,1,direct linear solve; no iterative scheme,5a59d5e6203d965723777be41180d81bdb39d6dd1c26867b8a59aa94e91e6e51
RESOLVED_PHYSICAL,TSVD,100.0,IN_CLASS_OOD,13,2,0.0186769962310791,1,direct linear solve; no iterative scheme,5a59d5e6203d965723777be41180d81bdb39d6dd1c26867b8a59aa94e91e6e51
RESOLVED_PHYSICAL,TSVD,100.0,OFF_GRID_ID,32,2,0.019217967987060547,1,direct linear solve; no iterative scheme,5a59d5e6203d965723777be41180d81bdb39d6dd1c26867b8a59aa94e91e6e51
RESOLVED_PHYSICAL,TSVD,100.0,OFF_GRID_OOD,13,2,0.017940044403076172,1,direct linear solve; no iterative scheme,5a59d5e6203d965723777be41180d81bdb39d6dd1c26867b8a59aa94e91e6e51
RESOLVED_PHYSICAL,RIDGE_IDENTITY,100.0,IN_CLASS_ID,32,2,0.018351316452026367,1,direct linear solve; no iterative scheme,5a59d5e6203d965723777be41180d81bdb39d6dd1c26867b8a59aa94e91e6e51
RESOLVED_PHYSICAL,RIDGE_IDENTITY,100.0,IN_CLASS_OOD,13,2,0.016786575317382812,1,direct linear solve; no iterative scheme,5a59d5e6203d965723777be41180d81bdb39d6dd1c26867b8a59aa94e91e6e51
RESOLVED_PHYSICAL,RIDGE_IDENTITY,100.0,OFF_GRID_ID,32,2,0.019649505615234375,1,direct linear solve; no iterative scheme,5a59d5e6203d965723777be41180d81bdb39d6dd1c26867b8a59aa94e91e6e51
RESOLVED_PHYSICAL,RIDGE_IDENTITY,100.0,OFF_GRID_OOD,13,2,0.017411231994628906,1,direct linear solve; no iterative scheme,5a59d5e6203d965723777be41180d81bdb39d6dd1c26867b8a59aa94e91e6e51
RESOLVED_PHYSICAL,TIKHONOV_TEMPORAL,100.0,IN_CLASS_ID,32,2,0.017699480056762695,1,direct linear solve; no iterative scheme,5a59d5e6203d965723777be41180d81bdb39d6dd1c26867b8a59aa94e91e6e51
RESOLVED_PHYSICAL,TIKHONOV_TEMPORAL,100.0,IN_CLASS_OOD,13,2,0.015447139739990234,1,direct linear solve; no iterative scheme,5a59d5e6203d965723777be41180d81bdb39d6dd1c26867b8a59aa94e91e6e51
RESOLVED_PHYSICAL,TIKHONOV_TEMPORAL,100.0,OFF_GRID_ID,32,2,0.019930124282836914,1,direct linear solve; no iterative scheme,5a59d5e6203d965723777be41180d81bdb39d6dd1c26867b8a59aa94e91e6e51
RESOLVED_PHYSICAL,TIKHONOV_TEMPORAL,100.0,OFF_GRID_OOD,13,2,0.016158103942871094,1,direct linear solve; no iterative scheme,5a59d5e6203d965723777be41180d81bdb39d6dd1c26867b8a59aa94e91e6e51
RESOLVED_PHYSICAL,WIENER_GAUSSIAN,100.0,IN_CLASS_ID,32,2,0.033553361892700195,1,direct linear solve; no iterative scheme,5a59d5e6203d965723777be41180d81bdb39d6dd1c26867b8a59aa94e91e6e51
RESOLVED_PHYSICAL,WIENER_GAUSSIAN,100.0,IN_CLASS_OOD,13,2,0.025101184844970703,1,direct linear solve; no iterative scheme,5a59d5e6203d965723777be41180d81bdb39d6dd1c26867b8a59aa94e91e6e51
RESOLVED_PHYSICAL,WIENER_GAUSSIAN,100.0,OFF_GRID_ID,32,2,0.027484893798828125,1,direct linear solve; no iterative scheme,5a59d5e6203d965723777be41180d81bdb39d6dd1c26867b8a59aa94e91e6e51
RESOLVED_PHYSICAL,WIENER_GAUSSIAN,100.0,OFF_GRID_OOD,13,2,0.025514602661132812,1,direct linear solve; no iterative scheme,5a59d5e6203d965723777be41180d81bdb39d6dd1c26867b8a59aa94e91e6e51
RESOLVED_PHYSICAL,LINEAR_STATE_SPACE,100.0,IN_CLASS_ID,32,2,0.03142261505126953,1,direct linear solve; no iterative scheme,5a59d5e6203d965723777be41180d81bdb39d6dd1c26867b8a59aa94e91e6e51
RESOLVED_PHYSICAL,LINEAR_STATE_SPACE,100.0,IN_CLASS_OOD,13,2,0.02513861656188965,1,direct linear solve; no iterative scheme,5a59d5e6203d965723777be41180d81bdb39d6dd1c26867b8a59aa94e91e6e51
RESOLVED_PHYSICAL,LINEAR_STATE_SPACE,100.0,OFF_GRID_ID,32,2,0.027669668197631836,1,direct linear solve; no iterative scheme,5a59d5e6203d965723777be41180d81bdb39d6dd1c26867b8a59aa94e91e6e51
RESOLVED_PHYSICAL,LINEAR_STATE_SPACE,100.0,OFF_GRID_OOD,13,2,0.027507543563842773,1,direct linear solve; no iterative scheme,5a59d5e6203d965723777be41180d81bdb39d6dd1c26867b8a59aa94e91e6e51
RESOLVED_PHYSICAL,TSVD,300.0,IN_CLASS_ID,32,2,0.01920914649963379,1,direct linear solve; no iterative scheme,5a59d5e6203d965723777be41180d81bdb39d6dd1c26867b8a59aa94e91e6e51
RESOLVED_PHYSICAL,TSVD,300.0,IN_CLASS_OOD,13,2,0.016988515853881836,1,direct linear solve; no iterative scheme,5a59d5e6203d965723777be41180d81bdb39d6dd1c26867b8a59aa94e91e6e51
RESOLVED_PHYSICAL,TSVD,300.0,OFF_GRID_ID,32,2,0.019406795501708984,1,direct linear solve; no iterative scheme,5a59d5e6203d965723777be41180d81bdb39d6dd1c26867b8a59aa94e91e6e51
RESOLVED_PHYSICAL,TSVD,300.0,OFF_GRID_OOD,13,2,0.0185849666595459,1,direct linear solve; no iterative scheme,5a59d5e6203d965723777be41180d81bdb39d6dd1c26867b8a59aa94e91e6e51
RESOLVED_PHYSICAL,RIDGE_IDENTITY,300.0,IN_CLASS_ID,32,2,0.017823219299316406,1,direct linear solve; no iterative scheme,5a59d5e6203d965723777be41180d81bdb39d6dd1c26867b8a59aa94e91e6e51
RESOLVED_PHYSICAL,RIDGE_IDENTITY,300.0,IN_CLASS_OOD,13,2,0.017071962356567383,1,direct linear solve; no iterative scheme,5a59d5e6203d965723777be41180d81bdb39d6dd1c26867b8a59aa94e91e6e51
RESOLVED_PHYSICAL,RIDGE_IDENTITY,300.0,OFF_GRID_ID,32,2,0.01868462562561035,1,direct linear solve; no iterative scheme,5a59d5e6203d965723777be41180d81bdb39d6dd1c26867b8a59aa94e91e6e51
RESOLVED_PHYSICAL,RIDGE_IDENTITY,300.0,OFF_GRID_OOD,13,2,0.016658782958984375,1,direct linear solve; no iterative scheme,5a59d5e6203d965723777be41180d81bdb39d6dd1c26867b8a59aa94e91e6e51
RESOLVED_PHYSICAL,TIKHONOV_TEMPORAL,300.0,IN_CLASS_ID,32,2,0.018536806106567383,1,direct linear solve; no iterative scheme,5a59d5e6203d965723777be41180d81bdb39d6dd1c26867b8a59aa94e91e6e51
RESOLVED_PHYSICAL,TIKHONOV_TEMPORAL,300.0,IN_CLASS_OOD,13,2,0.01615166664123535,1,direct linear solve; no iterative scheme,5a59d5e6203d965723777be41180d81bdb39d6dd1c26867b8a59aa94e91e6e51
RESOLVED_PHYSICAL,TIKHONOV_TEMPORAL,300.0,OFF_GRID_ID,32,2,0.018421411514282227,1,direct linear solve; no iterative scheme,5a59d5e6203d965723777be41180d81bdb39d6dd1c26867b8a59aa94e91e6e51
RESOLVED_PHYSICAL,TIKHONOV_TEMPORAL,300.0,OFF_GRID_OOD,13,2,0.015941619873046875,1,direct linear solve; no iterative scheme,5a59d5e6203d965723777be41180d81bdb39d6dd1c26867b8a59aa94e91e6e51
RESOLVED_PHYSICAL,WIENER_GAUSSIAN,300.0,IN_CLASS_ID,32,2,0.03127694129943848,1,direct linear solve; no iterative scheme,5a59d5e6203d965723777be41180d81bdb39d6dd1c26867b8a59aa94e91e6e51
RESOLVED_PHYSICAL,WIENER_GAUSSIAN,300.0,IN_CLASS_OOD,13,2,0.023710012435913086,1,direct linear solve; no iterative scheme,5a59d5e6203d965723777be41180d81bdb39d6dd1c26867b8a59aa94e91e6e51
RESOLVED_PHYSICAL,WIENER_GAUSSIAN,300.0,OFF_GRID_ID,32,2,0.025471925735473633,1,direct linear solve; no iterative scheme,5a59d5e6203d965723777be41180d81bdb39d6dd1c26867b8a59aa94e91e6e51
RESOLVED_PHYSICAL,WIENER_GAUSSIAN,300.0,OFF_GRID_OOD,13,2,0.023628950119018555,1,direct linear solve; no iterative scheme,5a59d5e6203d965723777be41180d81bdb39d6dd1c26867b8a59aa94e91e6e51
RESOLVED_PHYSICAL,LINEAR_STATE_SPACE,300.0,IN_CLASS_ID,32,2,0.0247800350189209,1,direct linear solve; no iterative scheme,5a59d5e6203d965723777be41180d81bdb39d6dd1c26867b8a59aa94e91e6e51
RESOLVED_PHYSICAL,LINEAR_STATE_SPACE,300.0,IN_CLASS_OOD,13,2,0.027060985565185547,1,direct linear solve; no iterative scheme,5a59d5e6203d965723777be41180d81bdb39d6dd1c26867b8a59aa94e91e6e51
RESOLVED_PHYSICAL,LINEAR_STATE_SPACE,300.0,OFF_GRID_ID,32,2,0.025656700134277344,1,direct linear solve; no iterative scheme,5a59d5e6203d965723777be41180d81bdb39d6dd1c26867b8a59aa94e91e6e51
RESOLVED_PHYSICAL,LINEAR_STATE_SPACE,300.0,OFF_GRID_OOD,13,2,0.023679018020629883,1,direct linear solve; no iterative scheme,5a59d5e6203d965723777be41180d81bdb39d6dd1c26867b8a59aa94e91e6e51
RESOLVED_PHYSICAL,TSVD,1000.0,IN_CLASS_ID,32,2,0.018532514572143555,1,direct linear solve; no iterative scheme,5a59d5e6203d965723777be41180d81bdb39d6dd1c26867b8a59aa94e91e6e51
RESOLVED_PHYSICAL,TSVD,1000.0,IN_CLASS_OOD,13,2,0.01834249496459961,1,direct linear solve; no iterative scheme,5a59d5e6203d965723777be41180d81bdb39d6dd1c26867b8a59aa94e91e6e51
RESOLVED_PHYSICAL,TSVD,1000.0,OFF_GRID_ID,32,2,0.020137786865234375,1,direct linear solve; no iterative scheme,5a59d5e6203d965723777be41180d81bdb39d6dd1c26867b8a59aa94e91e6e51
RESOLVED_PHYSICAL,TSVD,1000.0,OFF_GRID_OOD,13,2,0.01844477653503418,1,direct linear solve; no iterative scheme,5a59d5e6203d965723777be41180d81bdb39d6dd1c26867b8a59aa94e91e6e51
RESOLVED_PHYSICAL,RIDGE_IDENTITY,1000.0,IN_CLASS_ID,32,2,0.018429040908813477,1,direct linear solve; no iterative scheme,5a59d5e6203d965723777be41180d81bdb39d6dd1c26867b8a59aa94e91e6e51
RESOLVED_PHYSICAL,RIDGE_IDENTITY,1000.0,IN_CLASS_OOD,13,2,0.017893552780151367,1,direct linear solve; no iterative scheme,5a59d5e6203d965723777be41180d81bdb39d6dd1c26867b8a59aa94e91e6e51
RESOLVED_PHYSICAL,RIDGE_IDENTITY,1000.0,OFF_GRID_ID,32,2,0.019206762313842773,1,direct linear solve; no iterative scheme,5a59d5e6203d965723777be41180d81bdb39d6dd1c26867b8a59aa94e91e6e51
RESOLVED_PHYSICAL,RIDGE_IDENTITY,1000.0,OFF_GRID_OOD,13,2,0.017482995986938477,1,direct linear solve; no iterative scheme,5a59d5e6203d965723777be41180d81bdb39d6dd1c26867b8a59aa94e91e6e51
RESOLVED_PHYSICAL,TIKHONOV_TEMPORAL,1000.0,IN_CLASS_ID,32,2,0.019196033477783203,1,direct linear solve; no iterative scheme,5a59d5e6203d965723777be41180d81bdb39d6dd1c26867b8a59aa94e91e6e51
RESOLVED_PHYSICAL,TIKHONOV_TEMPORAL,1000.0,IN_CLASS_OOD,13,2,0.01739192008972168,1,direct linear solve; no iterative scheme,5a59d5e6203d965723777be41180d81bdb39d6dd1c26867b8a59aa94e91e6e51
RESOLVED_PHYSICAL,TIKHONOV_TEMPORAL,1000.0,OFF_GRID_ID,32,2,0.018909215927124023,1,direct linear solve; no iterative scheme,5a59d5e6203d965723777be41180d81bdb39d6dd1c26867b8a59aa94e91e6e51
RESOLVED_PHYSICAL,TIKHONOV_TEMPORAL,1000.0,OFF_GRID_OOD,13,2,0.018908023834228516,1,direct linear solve; no iterative scheme,5a59d5e6203d965723777be41180d81bdb39d6dd1c26867b8a59aa94e91e6e51
RESOLVED_PHYSICAL,WIENER_GAUSSIAN,1000.0,IN_CLASS_ID,32,2,0.0256195068359375,1,direct linear solve; no iterative scheme,5a59d5e6203d965723777be41180d81bdb39d6dd1c26867b8a59aa94e91e6e51
RESOLVED_PHYSICAL,WIENER_GAUSSIAN,1000.0,IN_CLASS_OOD,13,2,0.03325343132019043,1,direct linear solve; no iterative scheme,5a59d5e6203d965723777be41180d81bdb39d6dd1c26867b8a59aa94e91e6e51
RESOLVED_PHYSICAL,WIENER_GAUSSIAN,1000.0,OFF_GRID_ID,32,2,0.026145219802856445,1,direct linear solve; no iterative scheme,5a59d5e6203d965723777be41180d81bdb39d6dd1c26867b8a59aa94e91e6e51
RESOLVED_PHYSICAL,WIENER_GAUSSIAN,1000.0,OFF_GRID_OOD,13,2,0.0291750431060791,1,direct linear solve; no iterative scheme,5a59d5e6203d965723777be41180d81bdb39d6dd1c26867b8a59aa94e91e6e51
RESOLVED_PHYSICAL,LINEAR_STATE_SPACE,1000.0,IN_CLASS_ID,32,2,0.025063276290893555,1,direct linear solve; no iterative scheme,5a59d5e6203d965723777be41180d81bdb39d6dd1c26867b8a59aa94e91e6e51
RESOLVED_PHYSICAL,LINEAR_STATE_SPACE,1000.0,IN_CLASS_OOD,13,2,0.027071475982666016,1,direct linear solve; no iterative scheme,5a59d5e6203d965723777be41180d81bdb39d6dd1c26867b8a59aa94e91e6e51
RESOLVED_PHYSICAL,LINEAR_STATE_SPACE,1000.0,OFF_GRID_ID,32,2,0.026920557022094727,1,direct linear solve; no iterative scheme,5a59d5e6203d965723777be41180d81bdb39d6dd1c26867b8a59aa94e91e6e51
RESOLVED_PHYSICAL,LINEAR_STATE_SPACE,1000.0,OFF_GRID_OOD,13,2,0.024107933044433594,1,direct linear solve; no iterative scheme,5a59d5e6203d965723777be41180d81bdb39d6dd1c26867b8a59aa94e91e6e51
RESOLVED_PHYSICAL,TSVD,3000.0,IN_CLASS_ID,32,2,0.019775390625,1,direct linear solve; no iterative scheme,5a59d5e6203d965723777be41180d81bdb39d6dd1c26867b8a59aa94e91e6e51
RESOLVED_PHYSICAL,TSVD,3000.0,IN_CLASS_OOD,13,2,0.018540143966674805,1,direct linear solve; no iterative scheme,5a59d5e6203d965723777be41180d81bdb39d6dd1c26867b8a59aa94e91e6e51
RESOLVED_PHYSICAL,TSVD,3000.0,OFF_GRID_ID,32,2,0.01880335807800293,1,direct linear solve; no iterative scheme,5a59d5e6203d965723777be41180d81bdb39d6dd1c26867b8a59aa94e91e6e51
RESOLVED_PHYSICAL,TSVD,3000.0,OFF_GRID_OOD,13,2,0.01635003089904785,1,direct linear solve; no iterative scheme,5a59d5e6203d965723777be41180d81bdb39d6dd1c26867b8a59aa94e91e6e51
RESOLVED_PHYSICAL,RIDGE_IDENTITY,3000.0,IN_CLASS_ID,32,2,0.018729209899902344,1,direct linear solve; no iterative scheme,5a59d5e6203d965723777be41180d81bdb39d6dd1c26867b8a59aa94e91e6e51
RESOLVED_PHYSICAL,RIDGE_IDENTITY,3000.0,IN_CLASS_OOD,13,2,0.016634464263916016,1,direct linear solve; no iterative scheme,5a59d5e6203d965723777be41180d81bdb39d6dd1c26867b8a59aa94e91e6e51
RESOLVED_PHYSICAL,RIDGE_IDENTITY,3000.0,OFF_GRID_ID,32,2,0.019419431686401367,1,direct linear solve; no iterative scheme,5a59d5e6203d965723777be41180d81bdb39d6dd1c26867b8a59aa94e91e6e51
RESOLVED_PHYSICAL,RIDGE_IDENTITY,3000.0,OFF_GRID_OOD,13,2,0.017699241638183594,1,direct linear solve; no iterative scheme,5a59d5e6203d965723777be41180d81bdb39d6dd1c26867b8a59aa94e91e6e51
RESOLVED_PHYSICAL,TIKHONOV_TEMPORAL,3000.0,IN_CLASS_ID,32,2,0.018821001052856445,1,direct linear solve; no iterative scheme,5a59d5e6203d965723777be41180d81bdb39d6dd1c26867b8a59aa94e91e6e51
RESOLVED_PHYSICAL,TIKHONOV_TEMPORAL,3000.0,IN_CLASS_OOD,13,2,0.016808748245239258,1,direct linear solve; no iterative scheme,5a59d5e6203d965723777be41180d81bdb39d6dd1c26867b8a59aa94e91e6e51
RESOLVED_PHYSICAL,TIKHONOV_TEMPORAL,3000.0,OFF_GRID_ID,32,2,0.01961231231689453,1,direct linear solve; no iterative scheme,5a59d5e6203d965723777be41180d81bdb39d6dd1c26867b8a59aa94e91e6e51
RESOLVED_PHYSICAL,TIKHONOV_TEMPORAL,3000.0,OFF_GRID_OOD,13,2,0.017101764678955078,1,direct linear solve; no iterative scheme,5a59d5e6203d965723777be41180d81bdb39d6dd1c26867b8a59aa94e91e6e51
RESOLVED_PHYSICAL,WIENER_GAUSSIAN,3000.0,IN_CLASS_ID,32,2,0.024799823760986328,1,direct linear solve; no iterative scheme,5a59d5e6203d965723777be41180d81bdb39d6dd1c26867b8a59aa94e91e6e51
RESOLVED_PHYSICAL,WIENER_GAUSSIAN,3000.0,IN_CLASS_OOD,13,2,0.032387495040893555,1,direct linear solve; no iterative scheme,5a59d5e6203d965723777be41180d81bdb39d6dd1c26867b8a59aa94e91e6e51
RESOLVED_PHYSICAL,WIENER_GAUSSIAN,3000.0,OFF_GRID_ID,32,2,0.02649235725402832,1,direct linear solve; no iterative scheme,5a59d5e6203d965723777be41180d81bdb39d6dd1c26867b8a59aa94e91e6e51
RESOLVED_PHYSICAL,WIENER_GAUSSIAN,3000.0,OFF_GRID_OOD,13,2,0.024509191513061523,1,direct linear solve; no iterative scheme,5a59d5e6203d965723777be41180d81bdb39d6dd1c26867b8a59aa94e91e6e51
RESOLVED_PHYSICAL,LINEAR_STATE_SPACE,3000.0,IN_CLASS_ID,32,2,0.02664923667907715,1,direct linear solve; no iterative scheme,5a59d5e6203d965723777be41180d81bdb39d6dd1c26867b8a59aa94e91e6e51
RESOLVED_PHYSICAL,LINEAR_STATE_SPACE,3000.0,IN_CLASS_OOD,13,2,0.02579784393310547,1,direct linear solve; no iterative scheme,5a59d5e6203d965723777be41180d81bdb39d6dd1c26867b8a59aa94e91e6e51
RESOLVED_PHYSICAL,LINEAR_STATE_SPACE,3000.0,OFF_GRID_ID,32,2,0.02541208267211914,1,direct linear solve; no iterative scheme,5a59d5e6203d965723777be41180d81bdb39d6dd1c26867b8a59aa94e91e6e51
RESOLVED_PHYSICAL,LINEAR_STATE_SPACE,3000.0,OFF_GRID_OOD,13,2,0.023509979248046875,1,direct linear solve; no iterative scheme,5a59d5e6203d965723777be41180d81bdb39d6dd1c26867b8a59aa94e91e6e51
RESOLVED_PHYSICAL,TSVD,10000.0,IN_CLASS_ID,32,2,0.01892876625061035,1,direct linear solve; no iterative scheme,5a59d5e6203d965723777be41180d81bdb39d6dd1c26867b8a59aa94e91e6e51
RESOLVED_PHYSICAL,TSVD,10000.0,IN_CLASS_OOD,13,2,0.017365217208862305,1,direct linear solve; no iterative scheme,5a59d5e6203d965723777be41180d81bdb39d6dd1c26867b8a59aa94e91e6e51
RESOLVED_PHYSICAL,TSVD,10000.0,OFF_GRID_ID,32,2,0.01848912239074707,1,direct linear solve; no iterative scheme,5a59d5e6203d965723777be41180d81bdb39d6dd1c26867b8a59aa94e91e6e51
RESOLVED_PHYSICAL,TSVD,10000.0,OFF_GRID_OOD,13,2,0.017174720764160156,1,direct linear solve; no iterative scheme,5a59d5e6203d965723777be41180d81bdb39d6dd1c26867b8a59aa94e91e6e51
RESOLVED_PHYSICAL,RIDGE_IDENTITY,10000.0,IN_CLASS_ID,32,2,0.018433570861816406,1,direct linear solve; no iterative scheme,5a59d5e6203d965723777be41180d81bdb39d6dd1c26867b8a59aa94e91e6e51
RESOLVED_PHYSICAL,RIDGE_IDENTITY,10000.0,IN_CLASS_OOD,13,2,0.01556396484375,1,direct linear solve; no iterative scheme,5a59d5e6203d965723777be41180d81bdb39d6dd1c26867b8a59aa94e91e6e51
RESOLVED_PHYSICAL,RIDGE_IDENTITY,10000.0,OFF_GRID_ID,32,2,0.018885374069213867,1,direct linear solve; no iterative scheme,5a59d5e6203d965723777be41180d81bdb39d6dd1c26867b8a59aa94e91e6e51
RESOLVED_PHYSICAL,RIDGE_IDENTITY,10000.0,OFF_GRID_OOD,13,2,0.016718149185180664,1,direct linear solve; no iterative scheme,5a59d5e6203d965723777be41180d81bdb39d6dd1c26867b8a59aa94e91e6e51
RESOLVED_PHYSICAL,TIKHONOV_TEMPORAL,10000.0,IN_CLASS_ID,32,2,0.01910114288330078,1,direct linear solve; no iterative scheme,5a59d5e6203d965723777be41180d81bdb39d6dd1c26867b8a59aa94e91e6e51
RESOLVED_PHYSICAL,TIKHONOV_TEMPORAL,10000.0,IN_CLASS_OOD,13,2,0.016993284225463867,1,direct linear solve; no iterative scheme,5a59d5e6203d965723777be41180d81bdb39d6dd1c26867b8a59aa94e91e6e51
RESOLVED_PHYSICAL,TIKHONOV_TEMPORAL,10000.0,OFF_GRID_ID,32,2,0.019294261932373047,1,direct linear solve; no iterative scheme,5a59d5e6203d965723777be41180d81bdb39d6dd1c26867b8a59aa94e91e6e51
RESOLVED_PHYSICAL,TIKHONOV_TEMPORAL,10000.0,OFF_GRID_OOD,13,2,0.016770601272583008,1,direct linear solve; no iterative scheme,5a59d5e6203d965723777be41180d81bdb39d6dd1c26867b8a59aa94e91e6e51
RESOLVED_PHYSICAL,WIENER_GAUSSIAN,10000.0,IN_CLASS_ID,32,2,0.02459883689880371,1,direct linear solve; no iterative scheme,5a59d5e6203d965723777be41180d81bdb39d6dd1c26867b8a59aa94e91e6e51
RESOLVED_PHYSICAL,WIENER_GAUSSIAN,10000.0,IN_CLASS_OOD,13,2,0.025306224822998047,1,direct linear solve; no iterative scheme,5a59d5e6203d965723777be41180d81bdb39d6dd1c26867b8a59aa94e91e6e51
RESOLVED_PHYSICAL,WIENER_GAUSSIAN,10000.0,OFF_GRID_ID,32,2,0.03166007995605469,1,direct linear solve; no iterative scheme,5a59d5e6203d965723777be41180d81bdb39d6dd1c26867b8a59aa94e91e6e51
RESOLVED_PHYSICAL,WIENER_GAUSSIAN,10000.0,OFF_GRID_OOD,13,2,0.026293039321899414,1,direct linear solve; no iterative scheme,5a59d5e6203d965723777be41180d81bdb39d6dd1c26867b8a59aa94e91e6e51
RESOLVED_PHYSICAL,LINEAR_STATE_SPACE,10000.0,IN_CLASS_ID,32,2,0.02822399139404297,1,direct linear solve; no iterative scheme,5a59d5e6203d965723777be41180d81bdb39d6dd1c26867b8a59aa94e91e6e51
RESOLVED_PHYSICAL,LINEAR_STATE_SPACE,10000.0,IN_CLASS_OOD,13,2,0.029431581497192383,1,direct linear solve; no iterative scheme,5a59d5e6203d965723777be41180d81bdb39d6dd1c26867b8a59aa94e91e6e51
RESOLVED_PHYSICAL,LINEAR_STATE_SPACE,10000.0,OFF_GRID_ID,32,2,0.027475595474243164,1,direct linear solve; no iterative scheme,5a59d5e6203d965723777be41180d81bdb39d6dd1c26867b8a59aa94e91e6e51
RESOLVED_PHYSICAL,LINEAR_STATE_SPACE,10000.0,OFF_GRID_OOD,13,2,0.024571657180786133,1,direct linear solve; no iterative scheme,5a59d5e6203d965723777be41180d81bdb39d6dd1c26867b8a59aa94e91e6e51
RESOLVED_PHYSICAL,TSVD,30000.0,IN_CLASS_ID,32,2,0.019191265106201172,1,direct linear solve; no iterative scheme,5a59d5e6203d965723777be41180d81bdb39d6dd1c26867b8a59aa94e91e6e51
RESOLVED_PHYSICAL,TSVD,30000.0,IN_CLASS_OOD,13,2,0.018651962280273438,1,direct linear solve; no iterative scheme,5a59d5e6203d965723777be41180d81bdb39d6dd1c26867b8a59aa94e91e6e51
RESOLVED_PHYSICAL,TSVD,30000.0,OFF_GRID_ID,32,2,0.019283294677734375,1,direct linear solve; no iterative scheme,5a59d5e6203d965723777be41180d81bdb39d6dd1c26867b8a59aa94e91e6e51
RESOLVED_PHYSICAL,TSVD,30000.0,OFF_GRID_OOD,13,2,0.016914844512939453,1,direct linear solve; no iterative scheme,5a59d5e6203d965723777be41180d81bdb39d6dd1c26867b8a59aa94e91e6e51
RESOLVED_PHYSICAL,RIDGE_IDENTITY,30000.0,IN_CLASS_ID,32,2,0.01916813850402832,1,direct linear solve; no iterative scheme,5a59d5e6203d965723777be41180d81bdb39d6dd1c26867b8a59aa94e91e6e51
RESOLVED_PHYSICAL,RIDGE_IDENTITY,30000.0,IN_CLASS_OOD,13,2,0.017553091049194336,1,direct linear solve; no iterative scheme,5a59d5e6203d965723777be41180d81bdb39d6dd1c26867b8a59aa94e91e6e51
RESOLVED_PHYSICAL,RIDGE_IDENTITY,30000.0,OFF_GRID_ID,32,2,0.019534587860107422,1,direct linear solve; no iterative scheme,5a59d5e6203d965723777be41180d81bdb39d6dd1c26867b8a59aa94e91e6e51
RESOLVED_PHYSICAL,RIDGE_IDENTITY,30000.0,OFF_GRID_OOD,13,2,0.018886327743530273,1,direct linear solve; no iterative scheme,5a59d5e6203d965723777be41180d81bdb39d6dd1c26867b8a59aa94e91e6e51
RESOLVED_PHYSICAL,TIKHONOV_TEMPORAL,30000.0,IN_CLASS_ID,32,2,0.018375396728515625,1,direct linear solve; no iterative scheme,5a59d5e6203d965723777be41180d81bdb39d6dd1c26867b8a59aa94e91e6e51
RESOLVED_PHYSICAL,TIKHONOV_TEMPORAL,30000.0,IN_CLASS_OOD,13,2,0.018208742141723633,1,direct linear solve; no iterative scheme,5a59d5e6203d965723777be41180d81bdb39d6dd1c26867b8a59aa94e91e6e51
RESOLVED_PHYSICAL,TIKHONOV_TEMPORAL,30000.0,OFF_GRID_ID,32,2,0.017243385314941406,1,direct linear solve; no iterative scheme,5a59d5e6203d965723777be41180d81bdb39d6dd1c26867b8a59aa94e91e6e51
RESOLVED_PHYSICAL,TIKHONOV_TEMPORAL,30000.0,OFF_GRID_OOD,13,2,0.01711130142211914,1,direct linear solve; no iterative scheme,5a59d5e6203d965723777be41180d81bdb39d6dd1c26867b8a59aa94e91e6e51
RESOLVED_PHYSICAL,WIENER_GAUSSIAN,30000.0,IN_CLASS_ID,32,2,0.03903675079345703,1,direct linear solve; no iterative scheme,5a59d5e6203d965723777be41180d81bdb39d6dd1c26867b8a59aa94e91e6e51
RESOLVED_PHYSICAL,WIENER_GAUSSIAN,30000.0,IN_CLASS_OOD,13,2,0.025242328643798828,1,direct linear solve; no iterative scheme,5a59d5e6203d965723777be41180d81bdb39d6dd1c26867b8a59aa94e91e6e51
RESOLVED_PHYSICAL,WIENER_GAUSSIAN,30000.0,OFF_GRID_ID,32,2,0.027385473251342773,1,direct linear solve; no iterative scheme,5a59d5e6203d965723777be41180d81bdb39d6dd1c26867b8a59aa94e91e6e51
RESOLVED_PHYSICAL,WIENER_GAUSSIAN,30000.0,OFF_GRID_OOD,13,2,0.024796724319458008,1,direct linear solve; no iterative scheme,5a59d5e6203d965723777be41180d81bdb39d6dd1c26867b8a59aa94e91e6e51
RESOLVED_PHYSICAL,LINEAR_STATE_SPACE,30000.0,IN_CLASS_ID,32,2,0.03243756294250488,1,direct linear solve; no iterative scheme,5a59d5e6203d965723777be41180d81bdb39d6dd1c26867b8a59aa94e91e6e51
RESOLVED_PHYSICAL,LINEAR_STATE_SPACE,30000.0,IN_CLASS_OOD,13,2,0.027317285537719727,1,direct linear solve; no iterative scheme,5a59d5e6203d965723777be41180d81bdb39d6dd1c26867b8a59aa94e91e6e51
RESOLVED_PHYSICAL,LINEAR_STATE_SPACE,30000.0,OFF_GRID_ID,32,2,0.028351545333862305,1,direct linear solve; no iterative scheme,5a59d5e6203d965723777be41180d81bdb39d6dd1c26867b8a59aa94e91e6e51
RESOLVED_PHYSICAL,LINEAR_STATE_SPACE,30000.0,OFF_GRID_OOD,13,2,0.030152559280395508,1,direct linear solve; no iterative scheme,5a59d5e6203d965723777be41180d81bdb39d6dd1c26867b8a59aa94e91e6e51
RESOLVED_PHYSICAL,TSVD,100000.0,IN_CLASS_ID,32,2,0.020183086395263672,1,direct linear solve; no iterative scheme,5a59d5e6203d965723777be41180d81bdb39d6dd1c26867b8a59aa94e91e6e51
RESOLVED_PHYSICAL,TSVD,100000.0,IN_CLASS_OOD,13,2,0.01855778694152832,1,direct linear solve; no iterative scheme,5a59d5e6203d965723777be41180d81bdb39d6dd1c26867b8a59aa94e91e6e51
RESOLVED_PHYSICAL,TSVD,100000.0,OFF_GRID_ID,32,2,0.01986527442932129,1,direct linear solve; no iterative scheme,5a59d5e6203d965723777be41180d81bdb39d6dd1c26867b8a59aa94e91e6e51
RESOLVED_PHYSICAL,TSVD,100000.0,OFF_GRID_OOD,13,2,0.017742633819580078,1,direct linear solve; no iterative scheme,5a59d5e6203d965723777be41180d81bdb39d6dd1c26867b8a59aa94e91e6e51
RESOLVED_PHYSICAL,RIDGE_IDENTITY,100000.0,IN_CLASS_ID,32,2,0.02259683609008789,1,direct linear solve; no iterative scheme,5a59d5e6203d965723777be41180d81bdb39d6dd1c26867b8a59aa94e91e6e51
RESOLVED_PHYSICAL,RIDGE_IDENTITY,100000.0,IN_CLASS_OOD,13,2,0.024858713150024414,1,direct linear solve; no iterative scheme,5a59d5e6203d965723777be41180d81bdb39d6dd1c26867b8a59aa94e91e6e51
RESOLVED_PHYSICAL,RIDGE_IDENTITY,100000.0,OFF_GRID_ID,32,2,0.021300792694091797,1,direct linear solve; no iterative scheme,5a59d5e6203d965723777be41180d81bdb39d6dd1c26867b8a59aa94e91e6e51
RESOLVED_PHYSICAL,RIDGE_IDENTITY,100000.0,OFF_GRID_OOD,13,2,0.01968240737915039,1,direct linear solve; no iterative scheme,5a59d5e6203d965723777be41180d81bdb39d6dd1c26867b8a59aa94e91e6e51
RESOLVED_PHYSICAL,TIKHONOV_TEMPORAL,100000.0,IN_CLASS_ID,32,2,0.01962113380432129,1,direct linear solve; no iterative scheme,5a59d5e6203d965723777be41180d81bdb39d6dd1c26867b8a59aa94e91e6e51
RESOLVED_PHYSICAL,TIKHONOV_TEMPORAL,100000.0,IN_CLASS_OOD,13,2,0.023200273513793945,1,direct linear solve; no iterative scheme,5a59d5e6203d965723777be41180d81bdb39d6dd1c26867b8a59aa94e91e6e51
RESOLVED_PHYSICAL,TIKHONOV_TEMPORAL,100000.0,OFF_GRID_ID,32,2,0.02092909812927246,1,direct linear solve; no iterative scheme,5a59d5e6203d965723777be41180d81bdb39d6dd1c26867b8a59aa94e91e6e51
RESOLVED_PHYSICAL,TIKHONOV_TEMPORAL,100000.0,OFF_GRID_OOD,13,2,0.01874065399169922,1,direct linear solve; no iterative scheme,5a59d5e6203d965723777be41180d81bdb39d6dd1c26867b8a59aa94e91e6e51
RESOLVED_PHYSICAL,WIENER_GAUSSIAN,100000.0,IN_CLASS_ID,32,2,0.027222633361816406,1,direct linear solve; no iterative scheme,5a59d5e6203d965723777be41180d81bdb39d6dd1c26867b8a59aa94e91e6e51
RESOLVED_PHYSICAL,WIENER_GAUSSIAN,100000.0,IN_CLASS_OOD,13,2,0.02493882179260254,1,direct linear solve; no iterative scheme,5a59d5e6203d965723777be41180d81bdb39d6dd1c26867b8a59aa94e91e6e51
RESOLVED_PHYSICAL,WIENER_GAUSSIAN,100000.0,OFF_GRID_ID,32,2,0.02767634391784668,1,direct linear solve; no iterative scheme,5a59d5e6203d965723777be41180d81bdb39d6dd1c26867b8a59aa94e91e6e51
RESOLVED_PHYSICAL,WIENER_GAUSSIAN,100000.0,OFF_GRID_OOD,13,2,0.024533748626708984,1,direct linear solve; no iterative scheme,5a59d5e6203d965723777be41180d81bdb39d6dd1c26867b8a59aa94e91e6e51
RESOLVED_PHYSICAL,LINEAR_STATE_SPACE,100000.0,IN_CLASS_ID,32,2,0.028002262115478516,1,direct linear solve; no iterative scheme,5a59d5e6203d965723777be41180d81bdb39d6dd1c26867b8a59aa94e91e6e51
RESOLVED_PHYSICAL,LINEAR_STATE_SPACE,100000.0,IN_CLASS_OOD,13,2,0.027605056762695312,1,direct linear solve; no iterative scheme,5a59d5e6203d965723777be41180d81bdb39d6dd1c26867b8a59aa94e91e6e51
RESOLVED_PHYSICAL,LINEAR_STATE_SPACE,100000.0,OFF_GRID_ID,32,2,0.027148723602294922,1,direct linear solve; no iterative scheme,5a59d5e6203d965723777be41180d81bdb39d6dd1c26867b8a59aa94e91e6e51
RESOLVED_PHYSICAL,LINEAR_STATE_SPACE,100000.0,OFF_GRID_OOD,13,2,0.026029109954833984,1,direct linear solve; no iterative scheme,5a59d5e6203d965723777be41180d81bdb39d6dd1c26867b8a59aa94e91e6e51
RESOLVED_PHYSICAL,TSVD,1000000.0,IN_CLASS_ID,32,2,0.020029783248901367,1,direct linear solve; no iterative scheme,5a59d5e6203d965723777be41180d81bdb39d6dd1c26867b8a59aa94e91e6e51
RESOLVED_PHYSICAL,TSVD,1000000.0,IN_CLASS_OOD,13,2,0.020621776580810547,1,direct linear solve; no iterative scheme,5a59d5e6203d965723777be41180d81bdb39d6dd1c26867b8a59aa94e91e6e51
RESOLVED_PHYSICAL,TSVD,1000000.0,OFF_GRID_ID,32,2,0.027472496032714844,1,direct linear solve; no iterative scheme,5a59d5e6203d965723777be41180d81bdb39d6dd1c26867b8a59aa94e91e6e51
RESOLVED_PHYSICAL,TSVD,1000000.0,OFF_GRID_OOD,13,2,0.018236875534057617,1,direct linear solve; no iterative scheme,5a59d5e6203d965723777be41180d81bdb39d6dd1c26867b8a59aa94e91e6e51
RESOLVED_PHYSICAL,RIDGE_IDENTITY,1000000.0,IN_CLASS_ID,32,2,0.019567251205444336,1,direct linear solve; no iterative scheme,5a59d5e6203d965723777be41180d81bdb39d6dd1c26867b8a59aa94e91e6e51
RESOLVED_PHYSICAL,RIDGE_IDENTITY,1000000.0,IN_CLASS_OOD,13,2,0.018193960189819336,1,direct linear solve; no iterative scheme,5a59d5e6203d965723777be41180d81bdb39d6dd1c26867b8a59aa94e91e6e51
RESOLVED_PHYSICAL,RIDGE_IDENTITY,1000000.0,OFF_GRID_ID,32,2,0.018529415130615234,1,direct linear solve; no iterative scheme,5a59d5e6203d965723777be41180d81bdb39d6dd1c26867b8a59aa94e91e6e51
RESOLVED_PHYSICAL,RIDGE_IDENTITY,1000000.0,OFF_GRID_OOD,13,2,0.016360759735107422,1,direct linear solve; no iterative scheme,5a59d5e6203d965723777be41180d81bdb39d6dd1c26867b8a59aa94e91e6e51
RESOLVED_PHYSICAL,TIKHONOV_TEMPORAL,1000000.0,IN_CLASS_ID,32,2,0.018415451049804688,1,direct linear solve; no iterative scheme,5a59d5e6203d965723777be41180d81bdb39d6dd1c26867b8a59aa94e91e6e51
RESOLVED_PHYSICAL,TIKHONOV_TEMPORAL,1000000.0,IN_CLASS_OOD,13,2,0.016856908798217773,1,direct linear solve; no iterative scheme,5a59d5e6203d965723777be41180d81bdb39d6dd1c26867b8a59aa94e91e6e51
RESOLVED_PHYSICAL,TIKHONOV_TEMPORAL,1000000.0,OFF_GRID_ID,32,2,0.02170538902282715,1,direct linear solve; no iterative scheme,5a59d5e6203d965723777be41180d81bdb39d6dd1c26867b8a59aa94e91e6e51
RESOLVED_PHYSICAL,TIKHONOV_TEMPORAL,1000000.0,OFF_GRID_OOD,13,2,0.019535064697265625,1,direct linear solve; no iterative scheme,5a59d5e6203d965723777be41180d81bdb39d6dd1c26867b8a59aa94e91e6e51
RESOLVED_PHYSICAL,WIENER_GAUSSIAN,1000000.0,IN_CLASS_ID,32,2,0.025861263275146484,1,direct linear solve; no iterative scheme,5a59d5e6203d965723777be41180d81bdb39d6dd1c26867b8a59aa94e91e6e51
RESOLVED_PHYSICAL,WIENER_GAUSSIAN,1000000.0,IN_CLASS_OOD,13,2,0.025095701217651367,1,direct linear solve; no iterative scheme,5a59d5e6203d965723777be41180d81bdb39d6dd1c26867b8a59aa94e91e6e51
RESOLVED_PHYSICAL,WIENER_GAUSSIAN,1000000.0,OFF_GRID_ID,32,2,0.02803945541381836,1,direct linear solve; no iterative scheme,5a59d5e6203d965723777be41180d81bdb39d6dd1c26867b8a59aa94e91e6e51
RESOLVED_PHYSICAL,WIENER_GAUSSIAN,1000000.0,OFF_GRID_OOD,13,2,0.023038864135742188,1,direct linear solve; no iterative scheme,5a59d5e6203d965723777be41180d81bdb39d6dd1c26867b8a59aa94e91e6e51
RESOLVED_PHYSICAL,LINEAR_STATE_SPACE,1000000.0,IN_CLASS_ID,32,2,0.025648117065429688,1,direct linear solve; no iterative scheme,5a59d5e6203d965723777be41180d81bdb39d6dd1c26867b8a59aa94e91e6e51
RESOLVED_PHYSICAL,LINEAR_STATE_SPACE,1000000.0,IN_CLASS_OOD,13,2,0.02815532684326172,1,direct linear solve; no iterative scheme,5a59d5e6203d965723777be41180d81bdb39d6dd1c26867b8a59aa94e91e6e51
RESOLVED_PHYSICAL,LINEAR_STATE_SPACE,1000000.0,OFF_GRID_ID,32,2,0.026726961135864258,1,direct linear solve; no iterative scheme,5a59d5e6203d965723777be41180d81bdb39d6dd1c26867b8a59aa94e91e6e51
RESOLVED_PHYSICAL,LINEAR_STATE_SPACE,1000000.0,OFF_GRID_OOD,13,2,0.02532482147216797,1,direct linear solve; no iterative scheme,5a59d5e6203d965723777be41180d81bdb39d6dd1c26867b8a59aa94e91e6e51
UNRESOLVED_IMAGE,TSVD,1.0,IN_CLASS_ID,32,2,0.016249656677246094,1,direct linear solve; no iterative scheme,5a59d5e6203d965723777be41180d81bdb39d6dd1c26867b8a59aa94e91e6e51
UNRESOLVED_IMAGE,TSVD,1.0,IN_CLASS_OOD,13,2,0.014906644821166992,1,direct linear solve; no iterative scheme,5a59d5e6203d965723777be41180d81bdb39d6dd1c26867b8a59aa94e91e6e51
UNRESOLVED_IMAGE,TSVD,1.0,OFF_GRID_ID,32,2,0.025826215744018555,1,direct linear solve; no iterative scheme,5a59d5e6203d965723777be41180d81bdb39d6dd1c26867b8a59aa94e91e6e51
UNRESOLVED_IMAGE,TSVD,1.0,OFF_GRID_OOD,13,2,0.0177764892578125,1,direct linear solve; no iterative scheme,5a59d5e6203d965723777be41180d81bdb39d6dd1c26867b8a59aa94e91e6e51
UNRESOLVED_IMAGE,RIDGE_IDENTITY,1.0,IN_CLASS_ID,32,2,0.017774343490600586,1,direct linear solve; no iterative scheme,5a59d5e6203d965723777be41180d81bdb39d6dd1c26867b8a59aa94e91e6e51
UNRESOLVED_IMAGE,RIDGE_IDENTITY,1.0,IN_CLASS_OOD,13,2,0.01766037940979004,1,direct linear solve; no iterative scheme,5a59d5e6203d965723777be41180d81bdb39d6dd1c26867b8a59aa94e91e6e51
UNRESOLVED_IMAGE,RIDGE_IDENTITY,1.0,OFF_GRID_ID,32,2,0.01898479461669922,1,direct linear solve; no iterative scheme,5a59d5e6203d965723777be41180d81bdb39d6dd1c26867b8a59aa94e91e6e51
UNRESOLVED_IMAGE,RIDGE_IDENTITY,1.0,OFF_GRID_OOD,13,2,0.01719188690185547,1,direct linear solve; no iterative scheme,5a59d5e6203d965723777be41180d81bdb39d6dd1c26867b8a59aa94e91e6e51
UNRESOLVED_IMAGE,TIKHONOV_TEMPORAL,1.0,IN_CLASS_ID,32,2,0.021313190460205078,1,direct linear solve; no iterative scheme,5a59d5e6203d965723777be41180d81bdb39d6dd1c26867b8a59aa94e91e6e51
UNRESOLVED_IMAGE,TIKHONOV_TEMPORAL,1.0,IN_CLASS_OOD,13,2,0.01925969123840332,1,direct linear solve; no iterative scheme,5a59d5e6203d965723777be41180d81bdb39d6dd1c26867b8a59aa94e91e6e51
UNRESOLVED_IMAGE,TIKHONOV_TEMPORAL,1.0,OFF_GRID_ID,32,2,0.01966071128845215,1,direct linear solve; no iterative scheme,5a59d5e6203d965723777be41180d81bdb39d6dd1c26867b8a59aa94e91e6e51
UNRESOLVED_IMAGE,TIKHONOV_TEMPORAL,1.0,OFF_GRID_OOD,13,2,0.016660451889038086,1,direct linear solve; no iterative scheme,5a59d5e6203d965723777be41180d81bdb39d6dd1c26867b8a59aa94e91e6e51
UNRESOLVED_IMAGE,WIENER_GAUSSIAN,1.0,IN_CLASS_ID,32,2,0.030387401580810547,1,direct linear solve; no iterative scheme,5a59d5e6203d965723777be41180d81bdb39d6dd1c26867b8a59aa94e91e6e51
UNRESOLVED_IMAGE,WIENER_GAUSSIAN,1.0,IN_CLASS_OOD,13,2,0.02639937400817871,1,direct linear solve; no iterative scheme,5a59d5e6203d965723777be41180d81bdb39d6dd1c26867b8a59aa94e91e6e51
UNRESOLVED_IMAGE,WIENER_GAUSSIAN,1.0,OFF_GRID_ID,32,2,0.028766393661499023,1,direct linear solve; no iterative scheme,5a59d5e6203d965723777be41180d81bdb39d6dd1c26867b8a59aa94e91e6e51
UNRESOLVED_IMAGE,WIENER_GAUSSIAN,1.0,OFF_GRID_OOD,13,2,0.02640986442565918,1,direct linear solve; no iterative scheme,5a59d5e6203d965723777be41180d81bdb39d6dd1c26867b8a59aa94e91e6e51
UNRESOLVED_IMAGE,LINEAR_STATE_SPACE,1.0,IN_CLASS_ID,32,2,0.0272829532623291,1,direct linear solve; no iterative scheme,5a59d5e6203d965723777be41180d81bdb39d6dd1c26867b8a59aa94e91e6e51
UNRESOLVED_IMAGE,LINEAR_STATE_SPACE,1.0,IN_CLASS_OOD,13,2,0.02750086784362793,1,direct linear solve; no iterative scheme,5a59d5e6203d965723777be41180d81bdb39d6dd1c26867b8a59aa94e91e6e51
UNRESOLVED_IMAGE,LINEAR_STATE_SPACE,1.0,OFF_GRID_ID,32,2,0.030118942260742188,1,direct linear solve; no iterative scheme,5a59d5e6203d965723777be41180d81bdb39d6dd1c26867b8a59aa94e91e6e51
UNRESOLVED_IMAGE,LINEAR_STATE_SPACE,1.0,OFF_GRID_OOD,13,2,0.026636838912963867,1,direct linear solve; no iterative scheme,5a59d5e6203d965723777be41180d81bdb39d6dd1c26867b8a59aa94e91e6e51
UNRESOLVED_IMAGE,TSVD,3.0,IN_CLASS_ID,32,2,0.017472505569458008,1,direct linear solve; no iterative scheme,5a59d5e6203d965723777be41180d81bdb39d6dd1c26867b8a59aa94e91e6e51
UNRESOLVED_IMAGE,TSVD,3.0,IN_CLASS_OOD,13,2,0.018413066864013672,1,direct linear solve; no iterative scheme,5a59d5e6203d965723777be41180d81bdb39d6dd1c26867b8a59aa94e91e6e51
UNRESOLVED_IMAGE,TSVD,3.0,OFF_GRID_ID,32,2,0.020284175872802734,1,direct linear solve; no iterative scheme,5a59d5e6203d965723777be41180d81bdb39d6dd1c26867b8a59aa94e91e6e51
UNRESOLVED_IMAGE,TSVD,3.0,OFF_GRID_OOD,13,2,0.017632484436035156,1,direct linear solve; no iterative scheme,5a59d5e6203d965723777be41180d81bdb39d6dd1c26867b8a59aa94e91e6e51
UNRESOLVED_IMAGE,RIDGE_IDENTITY,3.0,IN_CLASS_ID,32,2,0.019664287567138672,1,direct linear solve; no iterative scheme,5a59d5e6203d965723777be41180d81bdb39d6dd1c26867b8a59aa94e91e6e51
UNRESOLVED_IMAGE,RIDGE_IDENTITY,3.0,IN_CLASS_OOD,13,2,0.019694805145263672,1,direct linear solve; no iterative scheme,5a59d5e6203d965723777be41180d81bdb39d6dd1c26867b8a59aa94e91e6e51
UNRESOLVED_IMAGE,RIDGE_IDENTITY,3.0,OFF_GRID_ID,32,2,0.028278589248657227,1,direct linear solve; no iterative scheme,5a59d5e6203d965723777be41180d81bdb39d6dd1c26867b8a59aa94e91e6e51
UNRESOLVED_IMAGE,RIDGE_IDENTITY,3.0,OFF_GRID_OOD,13,2,0.01846003532409668,1,direct linear solve; no iterative scheme,5a59d5e6203d965723777be41180d81bdb39d6dd1c26867b8a59aa94e91e6e51
UNRESOLVED_IMAGE,TIKHONOV_TEMPORAL,3.0,IN_CLASS_ID,32,2,0.019199132919311523,1,direct linear solve; no iterative scheme,5a59d5e6203d965723777be41180d81bdb39d6dd1c26867b8a59aa94e91e6e51
UNRESOLVED_IMAGE,TIKHONOV_TEMPORAL,3.0,IN_CLASS_OOD,13,2,0.018205642700195312,1,direct linear solve; no iterative scheme,5a59d5e6203d965723777be41180d81bdb39d6dd1c26867b8a59aa94e91e6e51
UNRESOLVED_IMAGE,TIKHONOV_TEMPORAL,3.0,OFF_GRID_ID,32,2,0.02197551727294922,1,direct linear solve; no iterative scheme,5a59d5e6203d965723777be41180d81bdb39d6dd1c26867b8a59aa94e91e6e51
UNRESOLVED_IMAGE,TIKHONOV_TEMPORAL,3.0,OFF_GRID_OOD,13,2,0.01887202262878418,1,direct linear solve; no iterative scheme,5a59d5e6203d965723777be41180d81bdb39d6dd1c26867b8a59aa94e91e6e51
UNRESOLVED_IMAGE,WIENER_GAUSSIAN,3.0,IN_CLASS_ID,32,2,0.02783346176147461,1,direct linear solve; no iterative scheme,5a59d5e6203d965723777be41180d81bdb39d6dd1c26867b8a59aa94e91e6e51
UNRESOLVED_IMAGE,WIENER_GAUSSIAN,3.0,IN_CLASS_OOD,13,2,0.026004314422607422,1,direct linear solve; no iterative scheme,5a59d5e6203d965723777be41180d81bdb39d6dd1c26867b8a59aa94e91e6e51
UNRESOLVED_IMAGE,WIENER_GAUSSIAN,3.0,OFF_GRID_ID,32,2,0.02808690071105957,1,direct linear solve; no iterative scheme,5a59d5e6203d965723777be41180d81bdb39d6dd1c26867b8a59aa94e91e6e51
UNRESOLVED_IMAGE,WIENER_GAUSSIAN,3.0,OFF_GRID_OOD,13,2,0.02708888053894043,1,direct linear solve; no iterative scheme,5a59d5e6203d965723777be41180d81bdb39d6dd1c26867b8a59aa94e91e6e51
UNRESOLVED_IMAGE,LINEAR_STATE_SPACE,3.0,IN_CLASS_ID,32,2,0.02676248550415039,1,direct linear solve; no iterative scheme,5a59d5e6203d965723777be41180d81bdb39d6dd1c26867b8a59aa94e91e6e51
UNRESOLVED_IMAGE,LINEAR_STATE_SPACE,3.0,IN_CLASS_OOD,13,2,0.027124643325805664,1,direct linear solve; no iterative scheme,5a59d5e6203d965723777be41180d81bdb39d6dd1c26867b8a59aa94e91e6e51
UNRESOLVED_IMAGE,LINEAR_STATE_SPACE,3.0,OFF_GRID_ID,32,2,0.02727031707763672,1,direct linear solve; no iterative scheme,5a59d5e6203d965723777be41180d81bdb39d6dd1c26867b8a59aa94e91e6e51
UNRESOLVED_IMAGE,LINEAR_STATE_SPACE,3.0,OFF_GRID_OOD,13,2,0.025620698928833008,1,direct linear solve; no iterative scheme,5a59d5e6203d965723777be41180d81bdb39d6dd1c26867b8a59aa94e91e6e51
UNRESOLVED_IMAGE,TSVD,10.0,IN_CLASS_ID,32,2,0.018813133239746094,1,direct linear solve; no iterative scheme,5a59d5e6203d965723777be41180d81bdb39d6dd1c26867b8a59aa94e91e6e51
UNRESOLVED_IMAGE,TSVD,10.0,IN_CLASS_OOD,13,2,0.01792168617248535,1,direct linear solve; no iterative scheme,5a59d5e6203d965723777be41180d81bdb39d6dd1c26867b8a59aa94e91e6e51
UNRESOLVED_IMAGE,TSVD,10.0,OFF_GRID_ID,32,2,0.01870131492614746,1,direct linear solve; no iterative scheme,5a59d5e6203d965723777be41180d81bdb39d6dd1c26867b8a59aa94e91e6e51
UNRESOLVED_IMAGE,TSVD,10.0,OFF_GRID_OOD,13,2,0.016499042510986328,1,direct linear solve; no iterative scheme,5a59d5e6203d965723777be41180d81bdb39d6dd1c26867b8a59aa94e91e6e51
UNRESOLVED_IMAGE,RIDGE_IDENTITY,10.0,IN_CLASS_ID,32,2,0.027344226837158203,1,direct linear solve; no iterative scheme,5a59d5e6203d965723777be41180d81bdb39d6dd1c26867b8a59aa94e91e6e51
UNRESOLVED_IMAGE,RIDGE_IDENTITY,10.0,IN_CLASS_OOD,13,2,0.016713619232177734,1,direct linear solve; no iterative scheme,5a59d5e6203d965723777be41180d81bdb39d6dd1c26867b8a59aa94e91e6e51
UNRESOLVED_IMAGE,RIDGE_IDENTITY,10.0,OFF_GRID_ID,32,2,0.021164655685424805,1,direct linear solve; no iterative scheme,5a59d5e6203d965723777be41180d81bdb39d6dd1c26867b8a59aa94e91e6e51
UNRESOLVED_IMAGE,RIDGE_IDENTITY,10.0,OFF_GRID_OOD,13,2,0.017563581466674805,1,direct linear solve; no iterative scheme,5a59d5e6203d965723777be41180d81bdb39d6dd1c26867b8a59aa94e91e6e51
UNRESOLVED_IMAGE,TIKHONOV_TEMPORAL,10.0,IN_CLASS_ID,32,2,0.022150039672851562,1,direct linear solve; no iterative scheme,5a59d5e6203d965723777be41180d81bdb39d6dd1c26867b8a59aa94e91e6e51
UNRESOLVED_IMAGE,TIKHONOV_TEMPORAL,10.0,IN_CLASS_OOD,13,2,0.018723726272583008,1,direct linear solve; no iterative scheme,5a59d5e6203d965723777be41180d81bdb39d6dd1c26867b8a59aa94e91e6e51
UNRESOLVED_IMAGE,TIKHONOV_TEMPORAL,10.0,OFF_GRID_ID,32,2,0.019847869873046875,1,direct linear solve; no iterative scheme,5a59d5e6203d965723777be41180d81bdb39d6dd1c26867b8a59aa94e91e6e51
UNRESOLVED_IMAGE,TIKHONOV_TEMPORAL,10.0,OFF_GRID_OOD,13,2,0.0179598331451416,1,direct linear solve; no iterative scheme,5a59d5e6203d965723777be41180d81bdb39d6dd1c26867b8a59aa94e91e6e51
UNRESOLVED_IMAGE,WIENER_GAUSSIAN,10.0,IN_CLASS_ID,32,2,0.026603221893310547,1,direct linear solve; no iterative scheme,5a59d5e6203d965723777be41180d81bdb39d6dd1c26867b8a59aa94e91e6e51
UNRESOLVED_IMAGE,WIENER_GAUSSIAN,10.0,IN_CLASS_OOD,13,2,0.02549600601196289,1,direct linear solve; no iterative scheme,5a59d5e6203d965723777be41180d81bdb39d6dd1c26867b8a59aa94e91e6e51
UNRESOLVED_IMAGE,WIENER_GAUSSIAN,10.0,OFF_GRID_ID,32,2,0.02691650390625,1,direct linear solve; no iterative scheme,5a59d5e6203d965723777be41180d81bdb39d6dd1c26867b8a59aa94e91e6e51
UNRESOLVED_IMAGE,WIENER_GAUSSIAN,10.0,OFF_GRID_OOD,13,2,0.025547266006469727,1,direct linear solve; no iterative scheme,5a59d5e6203d965723777be41180d81bdb39d6dd1c26867b8a59aa94e91e6e51
UNRESOLVED_IMAGE,LINEAR_STATE_SPACE,10.0,IN_CLASS_ID,32,2,0.030176162719726562,1,direct linear solve; no iterative scheme,5a59d5e6203d965723777be41180d81bdb39d6dd1c26867b8a59aa94e91e6e51
UNRESOLVED_IMAGE,LINEAR_STATE_SPACE,10.0,IN_CLASS_OOD,13,2,0.025679826736450195,1,direct linear solve; no iterative scheme,5a59d5e6203d965723777be41180d81bdb39d6dd1c26867b8a59aa94e91e6e51
UNRESOLVED_IMAGE,LINEAR_STATE_SPACE,10.0,OFF_GRID_ID,32,2,0.028702259063720703,1,direct linear solve; no iterative scheme,5a59d5e6203d965723777be41180d81bdb39d6dd1c26867b8a59aa94e91e6e51
UNRESOLVED_IMAGE,LINEAR_STATE_SPACE,10.0,OFF_GRID_OOD,13,2,0.02606678009033203,1,direct linear solve; no iterative scheme,5a59d5e6203d965723777be41180d81bdb39d6dd1c26867b8a59aa94e91e6e51
UNRESOLVED_IMAGE,TSVD,30.0,IN_CLASS_ID,32,2,0.020369768142700195,1,direct linear solve; no iterative scheme,5a59d5e6203d965723777be41180d81bdb39d6dd1c26867b8a59aa94e91e6e51
UNRESOLVED_IMAGE,TSVD,30.0,IN_CLASS_OOD,13,2,0.018294095993041992,1,direct linear solve; no iterative scheme,5a59d5e6203d965723777be41180d81bdb39d6dd1c26867b8a59aa94e91e6e51
UNRESOLVED_IMAGE,TSVD,30.0,OFF_GRID_ID,32,2,0.02087092399597168,1,direct linear solve; no iterative scheme,5a59d5e6203d965723777be41180d81bdb39d6dd1c26867b8a59aa94e91e6e51
UNRESOLVED_IMAGE,TSVD,30.0,OFF_GRID_OOD,13,2,0.018312454223632812,1,direct linear solve; no iterative scheme,5a59d5e6203d965723777be41180d81bdb39d6dd1c26867b8a59aa94e91e6e51
UNRESOLVED_IMAGE,RIDGE_IDENTITY,30.0,IN_CLASS_ID,32,2,0.019443511962890625,1,direct linear solve; no iterative scheme,5a59d5e6203d965723777be41180d81bdb39d6dd1c26867b8a59aa94e91e6e51
UNRESOLVED_IMAGE,RIDGE_IDENTITY,30.0,IN_CLASS_OOD,13,2,0.018878698348999023,1,direct linear solve; no iterative scheme,5a59d5e6203d965723777be41180d81bdb39d6dd1c26867b8a59aa94e91e6e51
UNRESOLVED_IMAGE,RIDGE_IDENTITY,30.0,OFF_GRID_ID,32,2,0.01975226402282715,1,direct linear solve; no iterative scheme,5a59d5e6203d965723777be41180d81bdb39d6dd1c26867b8a59aa94e91e6e51
UNRESOLVED_IMAGE,RIDGE_IDENTITY,30.0,OFF_GRID_OOD,13,2,0.01932525634765625,1,direct linear solve; no iterative scheme,5a59d5e6203d965723777be41180d81bdb39d6dd1c26867b8a59aa94e91e6e51
UNRESOLVED_IMAGE,TIKHONOV_TEMPORAL,30.0,IN_CLASS_ID,32,2,0.02147078514099121,1,direct linear solve; no iterative scheme,5a59d5e6203d965723777be41180d81bdb39d6dd1c26867b8a59aa94e91e6e51
UNRESOLVED_IMAGE,TIKHONOV_TEMPORAL,30.0,IN_CLASS_OOD,13,2,0.023545503616333008,1,direct linear solve; no iterative scheme,5a59d5e6203d965723777be41180d81bdb39d6dd1c26867b8a59aa94e91e6e51
UNRESOLVED_IMAGE,TIKHONOV_TEMPORAL,30.0,OFF_GRID_ID,32,2,0.020257234573364258,1,direct linear solve; no iterative scheme,5a59d5e6203d965723777be41180d81bdb39d6dd1c26867b8a59aa94e91e6e51
UNRESOLVED_IMAGE,TIKHONOV_TEMPORAL,30.0,OFF_GRID_OOD,13,2,0.02031397819519043,1,direct linear solve; no iterative scheme,5a59d5e6203d965723777be41180d81bdb39d6dd1c26867b8a59aa94e91e6e51
UNRESOLVED_IMAGE,WIENER_GAUSSIAN,30.0,IN_CLASS_ID,32,2,0.02712726593017578,1,direct linear solve; no iterative scheme,5a59d5e6203d965723777be41180d81bdb39d6dd1c26867b8a59aa94e91e6e51
UNRESOLVED_IMAGE,WIENER_GAUSSIAN,30.0,IN_CLASS_OOD,13,2,0.03246665000915527,1,direct linear solve; no iterative scheme,5a59d5e6203d965723777be41180d81bdb39d6dd1c26867b8a59aa94e91e6e51
UNRESOLVED_IMAGE,WIENER_GAUSSIAN,30.0,OFF_GRID_ID,32,2,0.02707839012145996,1,direct linear solve; no iterative scheme,5a59d5e6203d965723777be41180d81bdb39d6dd1c26867b8a59aa94e91e6e51
UNRESOLVED_IMAGE,WIENER_GAUSSIAN,30.0,OFF_GRID_OOD,13,2,0.02428412437438965,1,direct linear solve; no iterative scheme,5a59d5e6203d965723777be41180d81bdb39d6dd1c26867b8a59aa94e91e6e51
UNRESOLVED_IMAGE,LINEAR_STATE_SPACE,30.0,IN_CLASS_ID,32,2,0.029654502868652344,1,direct linear solve; no iterative scheme,5a59d5e6203d965723777be41180d81bdb39d6dd1c26867b8a59aa94e91e6e51
UNRESOLVED_IMAGE,LINEAR_STATE_SPACE,30.0,IN_CLASS_OOD,13,2,0.027461528778076172,1,direct linear solve; no iterative scheme,5a59d5e6203d965723777be41180d81bdb39d6dd1c26867b8a59aa94e91e6e51
UNRESOLVED_IMAGE,LINEAR_STATE_SPACE,30.0,OFF_GRID_ID,32,2,0.02863931655883789,1,direct linear solve; no iterative scheme,5a59d5e6203d965723777be41180d81bdb39d6dd1c26867b8a59aa94e91e6e51
UNRESOLVED_IMAGE,LINEAR_STATE_SPACE,30.0,OFF_GRID_OOD,13,2,0.025327682495117188,1,direct linear solve; no iterative scheme,5a59d5e6203d965723777be41180d81bdb39d6dd1c26867b8a59aa94e91e6e51
UNRESOLVED_IMAGE,TSVD,100.0,IN_CLASS_ID,32,2,0.020975351333618164,1,direct linear solve; no iterative scheme,5a59d5e6203d965723777be41180d81bdb39d6dd1c26867b8a59aa94e91e6e51
UNRESOLVED_IMAGE,TSVD,100.0,IN_CLASS_OOD,13,2,0.016719579696655273,1,direct linear solve; no iterative scheme,5a59d5e6203d965723777be41180d81bdb39d6dd1c26867b8a59aa94e91e6e51
UNRESOLVED_IMAGE,TSVD,100.0,OFF_GRID_ID,32,2,0.021759510040283203,1,direct linear solve; no iterative scheme,5a59d5e6203d965723777be41180d81bdb39d6dd1c26867b8a59aa94e91e6e51
UNRESOLVED_IMAGE,TSVD,100.0,OFF_GRID_OOD,13,2,0.018102645874023438,1,direct linear solve; no iterative scheme,5a59d5e6203d965723777be41180d81bdb39d6dd1c26867b8a59aa94e91e6e51
UNRESOLVED_IMAGE,RIDGE_IDENTITY,100.0,IN_CLASS_ID,32,2,0.018784761428833008,1,direct linear solve; no iterative scheme,5a59d5e6203d965723777be41180d81bdb39d6dd1c26867b8a59aa94e91e6e51
UNRESOLVED_IMAGE,RIDGE_IDENTITY,100.0,IN_CLASS_OOD,13,2,0.017993688583374023,1,direct linear solve; no iterative scheme,5a59d5e6203d965723777be41180d81bdb39d6dd1c26867b8a59aa94e91e6e51
UNRESOLVED_IMAGE,RIDGE_IDENTITY,100.0,OFF_GRID_ID,32,2,0.020111799240112305,1,direct linear solve; no iterative scheme,5a59d5e6203d965723777be41180d81bdb39d6dd1c26867b8a59aa94e91e6e51
UNRESOLVED_IMAGE,RIDGE_IDENTITY,100.0,OFF_GRID_OOD,13,2,0.01983499526977539,1,direct linear solve; no iterative scheme,5a59d5e6203d965723777be41180d81bdb39d6dd1c26867b8a59aa94e91e6e51
UNRESOLVED_IMAGE,TIKHONOV_TEMPORAL,100.0,IN_CLASS_ID,32,2,0.022354602813720703,1,direct linear solve; no iterative scheme,5a59d5e6203d965723777be41180d81bdb39d6dd1c26867b8a59aa94e91e6e51
UNRESOLVED_IMAGE,TIKHONOV_TEMPORAL,100.0,IN_CLASS_OOD,13,2,0.018861770629882812,1,direct linear solve; no iterative scheme,5a59d5e6203d965723777be41180d81bdb39d6dd1c26867b8a59aa94e91e6e51
UNRESOLVED_IMAGE,TIKHONOV_TEMPORAL,100.0,OFF_GRID_ID,32,2,0.019969940185546875,1,direct linear solve; no iterative scheme,5a59d5e6203d965723777be41180d81bdb39d6dd1c26867b8a59aa94e91e6e51
UNRESOLVED_IMAGE,TIKHONOV_TEMPORAL,100.0,OFF_GRID_OOD,13,2,0.018586158752441406,1,direct linear solve; no iterative scheme,5a59d5e6203d965723777be41180d81bdb39d6dd1c26867b8a59aa94e91e6e51
UNRESOLVED_IMAGE,WIENER_GAUSSIAN,100.0,IN_CLASS_ID,32,2,0.025172948837280273,1,direct linear solve; no iterative scheme,5a59d5e6203d965723777be41180d81bdb39d6dd1c26867b8a59aa94e91e6e51
UNRESOLVED_IMAGE,WIENER_GAUSSIAN,100.0,IN_CLASS_OOD,13,2,0.0316162109375,1,direct linear solve; no iterative scheme,5a59d5e6203d965723777be41180d81bdb39d6dd1c26867b8a59aa94e91e6e51
UNRESOLVED_IMAGE,WIENER_GAUSSIAN,100.0,OFF_GRID_ID,32,2,0.03519916534423828,1,direct linear solve; no iterative scheme,5a59d5e6203d965723777be41180d81bdb39d6dd1c26867b8a59aa94e91e6e51
UNRESOLVED_IMAGE,WIENER_GAUSSIAN,100.0,OFF_GRID_OOD,13,2,0.03764033317565918,1,direct linear solve; no iterative scheme,5a59d5e6203d965723777be41180d81bdb39d6dd1c26867b8a59aa94e91e6e51
UNRESOLVED_IMAGE,LINEAR_STATE_SPACE,100.0,IN_CLASS_ID,32,2,0.02820420265197754,1,direct linear solve; no iterative scheme,5a59d5e6203d965723777be41180d81bdb39d6dd1c26867b8a59aa94e91e6e51
UNRESOLVED_IMAGE,LINEAR_STATE_SPACE,100.0,IN_CLASS_OOD,13,2,0.02871990203857422,1,direct linear solve; no iterative scheme,5a59d5e6203d965723777be41180d81bdb39d6dd1c26867b8a59aa94e91e6e51
UNRESOLVED_IMAGE,LINEAR_STATE_SPACE,100.0,OFF_GRID_ID,32,2,0.03299069404602051,1,direct linear solve; no iterative scheme,5a59d5e6203d965723777be41180d81bdb39d6dd1c26867b8a59aa94e91e6e51
UNRESOLVED_IMAGE,LINEAR_STATE_SPACE,100.0,OFF_GRID_OOD,13,2,0.0291287899017334,1,direct linear solve; no iterative scheme,5a59d5e6203d965723777be41180d81bdb39d6dd1c26867b8a59aa94e91e6e51
UNRESOLVED_IMAGE,TSVD,300.0,IN_CLASS_ID,32,2,0.029387712478637695,1,direct linear solve; no iterative scheme,5a59d5e6203d965723777be41180d81bdb39d6dd1c26867b8a59aa94e91e6e51
UNRESOLVED_IMAGE,TSVD,300.0,IN_CLASS_OOD,13,2,0.018566131591796875,1,direct linear solve; no iterative scheme,5a59d5e6203d965723777be41180d81bdb39d6dd1c26867b8a59aa94e91e6e51
UNRESOLVED_IMAGE,TSVD,300.0,OFF_GRID_ID,32,2,0.0261077880859375,1,direct linear solve; no iterative scheme,5a59d5e6203d965723777be41180d81bdb39d6dd1c26867b8a59aa94e91e6e51
UNRESOLVED_IMAGE,TSVD,300.0,OFF_GRID_OOD,13,2,0.019764184951782227,1,direct linear solve; no iterative scheme,5a59d5e6203d965723777be41180d81bdb39d6dd1c26867b8a59aa94e91e6e51
UNRESOLVED_IMAGE,RIDGE_IDENTITY,300.0,IN_CLASS_ID,32,2,0.020132064819335938,1,direct linear solve; no iterative scheme,5a59d5e6203d965723777be41180d81bdb39d6dd1c26867b8a59aa94e91e6e51
UNRESOLVED_IMAGE,RIDGE_IDENTITY,300.0,IN_CLASS_OOD,13,2,0.0216829776763916,1,direct linear solve; no iterative scheme,5a59d5e6203d965723777be41180d81bdb39d6dd1c26867b8a59aa94e91e6e51
UNRESOLVED_IMAGE,RIDGE_IDENTITY,300.0,OFF_GRID_ID,32,2,0.0210878849029541,1,direct linear solve; no iterative scheme,5a59d5e6203d965723777be41180d81bdb39d6dd1c26867b8a59aa94e91e6e51
UNRESOLVED_IMAGE,RIDGE_IDENTITY,300.0,OFF_GRID_OOD,13,2,0.023392915725708008,1,direct linear solve; no iterative scheme,5a59d5e6203d965723777be41180d81bdb39d6dd1c26867b8a59aa94e91e6e51
UNRESOLVED_IMAGE,TIKHONOV_TEMPORAL,300.0,IN_CLASS_ID,32,2,0.027371644973754883,1,direct linear solve; no iterative scheme,5a59d5e6203d965723777be41180d81bdb39d6dd1c26867b8a59aa94e91e6e51
UNRESOLVED_IMAGE,TIKHONOV_TEMPORAL,300.0,IN_CLASS_OOD,13,2,0.01948070526123047,1,direct linear solve; no iterative scheme,5a59d5e6203d965723777be41180d81bdb39d6dd1c26867b8a59aa94e91e6e51
UNRESOLVED_IMAGE,TIKHONOV_TEMPORAL,300.0,OFF_GRID_ID,32,2,0.020003080368041992,1,direct linear solve; no iterative scheme,5a59d5e6203d965723777be41180d81bdb39d6dd1c26867b8a59aa94e91e6e51
UNRESOLVED_IMAGE,TIKHONOV_TEMPORAL,300.0,OFF_GRID_OOD,13,2,0.01761627197265625,1,direct linear solve; no iterative scheme,5a59d5e6203d965723777be41180d81bdb39d6dd1c26867b8a59aa94e91e6e51
UNRESOLVED_IMAGE,WIENER_GAUSSIAN,300.0,IN_CLASS_ID,32,2,0.02822422981262207,1,direct linear solve; no iterative scheme,5a59d5e6203d965723777be41180d81bdb39d6dd1c26867b8a59aa94e91e6e51
UNRESOLVED_IMAGE,WIENER_GAUSSIAN,300.0,IN_CLASS_OOD,13,2,0.026585817337036133,1,direct linear solve; no iterative scheme,5a59d5e6203d965723777be41180d81bdb39d6dd1c26867b8a59aa94e91e6e51
UNRESOLVED_IMAGE,WIENER_GAUSSIAN,300.0,OFF_GRID_ID,32,2,0.027767658233642578,1,direct linear solve; no iterative scheme,5a59d5e6203d965723777be41180d81bdb39d6dd1c26867b8a59aa94e91e6e51
UNRESOLVED_IMAGE,WIENER_GAUSSIAN,300.0,OFF_GRID_OOD,13,2,0.02559494972229004,1,direct linear solve; no iterative scheme,5a59d5e6203d965723777be41180d81bdb39d6dd1c26867b8a59aa94e91e6e51
UNRESOLVED_IMAGE,LINEAR_STATE_SPACE,300.0,IN_CLASS_ID,32,2,0.029017210006713867,1,direct linear solve; no iterative scheme,5a59d5e6203d965723777be41180d81bdb39d6dd1c26867b8a59aa94e91e6e51
UNRESOLVED_IMAGE,LINEAR_STATE_SPACE,300.0,IN_CLASS_OOD,13,2,0.03848862648010254,1,direct linear solve; no iterative scheme,5a59d5e6203d965723777be41180d81bdb39d6dd1c26867b8a59aa94e91e6e51
UNRESOLVED_IMAGE,LINEAR_STATE_SPACE,300.0,OFF_GRID_ID,32,2,0.03434395790100098,1,direct linear solve; no iterative scheme,5a59d5e6203d965723777be41180d81bdb39d6dd1c26867b8a59aa94e91e6e51
UNRESOLVED_IMAGE,LINEAR_STATE_SPACE,300.0,OFF_GRID_OOD,13,2,0.02459430694580078,1,direct linear solve; no iterative scheme,5a59d5e6203d965723777be41180d81bdb39d6dd1c26867b8a59aa94e91e6e51
UNRESOLVED_IMAGE,TSVD,1000.0,IN_CLASS_ID,32,2,0.020035266876220703,1,direct linear solve; no iterative scheme,5a59d5e6203d965723777be41180d81bdb39d6dd1c26867b8a59aa94e91e6e51
UNRESOLVED_IMAGE,TSVD,1000.0,IN_CLASS_OOD,13,2,0.01703953742980957,1,direct linear solve; no iterative scheme,5a59d5e6203d965723777be41180d81bdb39d6dd1c26867b8a59aa94e91e6e51
UNRESOLVED_IMAGE,TSVD,1000.0,OFF_GRID_ID,32,2,0.01906299591064453,1,direct linear solve; no iterative scheme,5a59d5e6203d965723777be41180d81bdb39d6dd1c26867b8a59aa94e91e6e51
UNRESOLVED_IMAGE,TSVD,1000.0,OFF_GRID_OOD,13,2,0.018339157104492188,1,direct linear solve; no iterative scheme,5a59d5e6203d965723777be41180d81bdb39d6dd1c26867b8a59aa94e91e6e51
UNRESOLVED_IMAGE,RIDGE_IDENTITY,1000.0,IN_CLASS_ID,32,2,0.020627498626708984,1,direct linear solve; no iterative scheme,5a59d5e6203d965723777be41180d81bdb39d6dd1c26867b8a59aa94e91e6e51
UNRESOLVED_IMAGE,RIDGE_IDENTITY,1000.0,IN_CLASS_OOD,13,2,0.020513296127319336,1,direct linear solve; no iterative scheme,5a59d5e6203d965723777be41180d81bdb39d6dd1c26867b8a59aa94e91e6e51
UNRESOLVED_IMAGE,RIDGE_IDENTITY,1000.0,OFF_GRID_ID,32,2,0.01960921287536621,1,direct linear solve; no iterative scheme,5a59d5e6203d965723777be41180d81bdb39d6dd1c26867b8a59aa94e91e6e51
UNRESOLVED_IMAGE,RIDGE_IDENTITY,1000.0,OFF_GRID_OOD,13,2,0.01727771759033203,1,direct linear solve; no iterative scheme,5a59d5e6203d965723777be41180d81bdb39d6dd1c26867b8a59aa94e91e6e51
UNRESOLVED_IMAGE,TIKHONOV_TEMPORAL,1000.0,IN_CLASS_ID,32,2,0.019376754760742188,1,direct linear solve; no iterative scheme,5a59d5e6203d965723777be41180d81bdb39d6dd1c26867b8a59aa94e91e6e51
UNRESOLVED_IMAGE,TIKHONOV_TEMPORAL,1000.0,IN_CLASS_OOD,13,2,0.0279848575592041,1,direct linear solve; no iterative scheme,5a59d5e6203d965723777be41180d81bdb39d6dd1c26867b8a59aa94e91e6e51
UNRESOLVED_IMAGE,TIKHONOV_TEMPORAL,1000.0,OFF_GRID_ID,32,2,0.021302223205566406,1,direct linear solve; no iterative scheme,5a59d5e6203d965723777be41180d81bdb39d6dd1c26867b8a59aa94e91e6e51
UNRESOLVED_IMAGE,TIKHONOV_TEMPORAL,1000.0,OFF_GRID_OOD,13,2,0.017572402954101562,1,direct linear solve; no iterative scheme,5a59d5e6203d965723777be41180d81bdb39d6dd1c26867b8a59aa94e91e6e51
UNRESOLVED_IMAGE,WIENER_GAUSSIAN,1000.0,IN_CLASS_ID,32,2,0.025734901428222656,1,direct linear solve; no iterative scheme,5a59d5e6203d965723777be41180d81bdb39d6dd1c26867b8a59aa94e91e6e51
UNRESOLVED_IMAGE,WIENER_GAUSSIAN,1000.0,IN_CLASS_OOD,13,2,0.024340391159057617,1,direct linear solve; no iterative scheme,5a59d5e6203d965723777be41180d81bdb39d6dd1c26867b8a59aa94e91e6e51
UNRESOLVED_IMAGE,WIENER_GAUSSIAN,1000.0,OFF_GRID_ID,32,2,0.02783942222595215,1,direct linear solve; no iterative scheme,5a59d5e6203d965723777be41180d81bdb39d6dd1c26867b8a59aa94e91e6e51
UNRESOLVED_IMAGE,WIENER_GAUSSIAN,1000.0,OFF_GRID_OOD,13,2,0.025658845901489258,1,direct linear solve; no iterative scheme,5a59d5e6203d965723777be41180d81bdb39d6dd1c26867b8a59aa94e91e6e51
UNRESOLVED_IMAGE,LINEAR_STATE_SPACE,1000.0,IN_CLASS_ID,32,2,0.02623438835144043,1,direct linear solve; no iterative scheme,5a59d5e6203d965723777be41180d81bdb39d6dd1c26867b8a59aa94e91e6e51
UNRESOLVED_IMAGE,LINEAR_STATE_SPACE,1000.0,IN_CLASS_OOD,13,2,0.025990962982177734,1,direct linear solve; no iterative scheme,5a59d5e6203d965723777be41180d81bdb39d6dd1c26867b8a59aa94e91e6e51
UNRESOLVED_IMAGE,LINEAR_STATE_SPACE,1000.0,OFF_GRID_ID,32,2,0.035182952880859375,1,direct linear solve; no iterative scheme,5a59d5e6203d965723777be41180d81bdb39d6dd1c26867b8a59aa94e91e6e51
UNRESOLVED_IMAGE,LINEAR_STATE_SPACE,1000.0,OFF_GRID_OOD,13,2,0.02674579620361328,1,direct linear solve; no iterative scheme,5a59d5e6203d965723777be41180d81bdb39d6dd1c26867b8a59aa94e91e6e51
UNRESOLVED_IMAGE,TSVD,3000.0,IN_CLASS_ID,32,2,0.019543170928955078,1,direct linear solve; no iterative scheme,5a59d5e6203d965723777be41180d81bdb39d6dd1c26867b8a59aa94e91e6e51
UNRESOLVED_IMAGE,TSVD,3000.0,IN_CLASS_OOD,13,2,0.0208590030670166,1,direct linear solve; no iterative scheme,5a59d5e6203d965723777be41180d81bdb39d6dd1c26867b8a59aa94e91e6e51
UNRESOLVED_IMAGE,TSVD,3000.0,OFF_GRID_ID,32,2,0.018646717071533203,1,direct linear solve; no iterative scheme,5a59d5e6203d965723777be41180d81bdb39d6dd1c26867b8a59aa94e91e6e51
UNRESOLVED_IMAGE,TSVD,3000.0,OFF_GRID_OOD,13,2,0.01812577247619629,1,direct linear solve; no iterative scheme,5a59d5e6203d965723777be41180d81bdb39d6dd1c26867b8a59aa94e91e6e51
UNRESOLVED_IMAGE,RIDGE_IDENTITY,3000.0,IN_CLASS_ID,32,2,0.019539356231689453,1,direct linear solve; no iterative scheme,5a59d5e6203d965723777be41180d81bdb39d6dd1c26867b8a59aa94e91e6e51
UNRESOLVED_IMAGE,RIDGE_IDENTITY,3000.0,IN_CLASS_OOD,13,2,0.020084857940673828,1,direct linear solve; no iterative scheme,5a59d5e6203d965723777be41180d81bdb39d6dd1c26867b8a59aa94e91e6e51
UNRESOLVED_IMAGE,RIDGE_IDENTITY,3000.0,OFF_GRID_ID,32,2,0.02071523666381836,1,direct linear solve; no iterative scheme,5a59d5e6203d965723777be41180d81bdb39d6dd1c26867b8a59aa94e91e6e51
UNRESOLVED_IMAGE,RIDGE_IDENTITY,3000.0,OFF_GRID_OOD,13,2,0.01812267303466797,1,direct linear solve; no iterative scheme,5a59d5e6203d965723777be41180d81bdb39d6dd1c26867b8a59aa94e91e6e51
UNRESOLVED_IMAGE,TIKHONOV_TEMPORAL,3000.0,IN_CLASS_ID,32,2,0.018948793411254883,1,direct linear solve; no iterative scheme,5a59d5e6203d965723777be41180d81bdb39d6dd1c26867b8a59aa94e91e6e51
UNRESOLVED_IMAGE,TIKHONOV_TEMPORAL,3000.0,IN_CLASS_OOD,13,2,0.021128416061401367,1,direct linear solve; no iterative scheme,5a59d5e6203d965723777be41180d81bdb39d6dd1c26867b8a59aa94e91e6e51
UNRESOLVED_IMAGE,TIKHONOV_TEMPORAL,3000.0,OFF_GRID_ID,32,2,0.019086837768554688,1,direct linear solve; no iterative scheme,5a59d5e6203d965723777be41180d81bdb39d6dd1c26867b8a59aa94e91e6e51
UNRESOLVED_IMAGE,TIKHONOV_TEMPORAL,3000.0,OFF_GRID_OOD,13,2,0.018809795379638672,1,direct linear solve; no iterative scheme,5a59d5e6203d965723777be41180d81bdb39d6dd1c26867b8a59aa94e91e6e51
UNRESOLVED_IMAGE,WIENER_GAUSSIAN,3000.0,IN_CLASS_ID,32,2,0.026186227798461914,1,direct linear solve; no iterative scheme,5a59d5e6203d965723777be41180d81bdb39d6dd1c26867b8a59aa94e91e6e51
UNRESOLVED_IMAGE,WIENER_GAUSSIAN,3000.0,IN_CLASS_OOD,13,2,0.025209665298461914,1,direct linear solve; no iterative scheme,5a59d5e6203d965723777be41180d81bdb39d6dd1c26867b8a59aa94e91e6e51
UNRESOLVED_IMAGE,WIENER_GAUSSIAN,3000.0,OFF_GRID_ID,32,2,0.02508687973022461,1,direct linear solve; no iterative scheme,5a59d5e6203d965723777be41180d81bdb39d6dd1c26867b8a59aa94e91e6e51
UNRESOLVED_IMAGE,WIENER_GAUSSIAN,3000.0,OFF_GRID_OOD,13,2,0.024556636810302734,1,direct linear solve; no iterative scheme,5a59d5e6203d965723777be41180d81bdb39d6dd1c26867b8a59aa94e91e6e51
UNRESOLVED_IMAGE,LINEAR_STATE_SPACE,3000.0,IN_CLASS_ID,32,2,0.03164362907409668,1,direct linear solve; no iterative scheme,5a59d5e6203d965723777be41180d81bdb39d6dd1c26867b8a59aa94e91e6e51
UNRESOLVED_IMAGE,LINEAR_STATE_SPACE,3000.0,IN_CLASS_OOD,13,2,0.026207923889160156,1,direct linear solve; no iterative scheme,5a59d5e6203d965723777be41180d81bdb39d6dd1c26867b8a59aa94e91e6e51
UNRESOLVED_IMAGE,LINEAR_STATE_SPACE,3000.0,OFF_GRID_ID,32,2,0.027165651321411133,1,direct linear solve; no iterative scheme,5a59d5e6203d965723777be41180d81bdb39d6dd1c26867b8a59aa94e91e6e51
UNRESOLVED_IMAGE,LINEAR_STATE_SPACE,3000.0,OFF_GRID_OOD,13,2,0.026154756546020508,1,direct linear solve; no iterative scheme,5a59d5e6203d965723777be41180d81bdb39d6dd1c26867b8a59aa94e91e6e51
UNRESOLVED_IMAGE,TSVD,10000.0,IN_CLASS_ID,32,2,0.019895553588867188,1,direct linear solve; no iterative scheme,5a59d5e6203d965723777be41180d81bdb39d6dd1c26867b8a59aa94e91e6e51
UNRESOLVED_IMAGE,TSVD,10000.0,IN_CLASS_OOD,13,2,0.01888728141784668,1,direct linear solve; no iterative scheme,5a59d5e6203d965723777be41180d81bdb39d6dd1c26867b8a59aa94e91e6e51
UNRESOLVED_IMAGE,TSVD,10000.0,OFF_GRID_ID,32,2,0.019748210906982422,1,direct linear solve; no iterative scheme,5a59d5e6203d965723777be41180d81bdb39d6dd1c26867b8a59aa94e91e6e51
UNRESOLVED_IMAGE,TSVD,10000.0,OFF_GRID_OOD,13,2,0.019205331802368164,1,direct linear solve; no iterative scheme,5a59d5e6203d965723777be41180d81bdb39d6dd1c26867b8a59aa94e91e6e51
UNRESOLVED_IMAGE,RIDGE_IDENTITY,10000.0,IN_CLASS_ID,32,2,0.02388906478881836,1,direct linear solve; no iterative scheme,5a59d5e6203d965723777be41180d81bdb39d6dd1c26867b8a59aa94e91e6e51
UNRESOLVED_IMAGE,RIDGE_IDENTITY,10000.0,IN_CLASS_OOD,13,2,0.023965120315551758,1,direct linear solve; no iterative scheme,5a59d5e6203d965723777be41180d81bdb39d6dd1c26867b8a59aa94e91e6e51
UNRESOLVED_IMAGE,RIDGE_IDENTITY,10000.0,OFF_GRID_ID,32,2,0.03283381462097168,1,direct linear solve; no iterative scheme,5a59d5e6203d965723777be41180d81bdb39d6dd1c26867b8a59aa94e91e6e51
UNRESOLVED_IMAGE,RIDGE_IDENTITY,10000.0,OFF_GRID_OOD,13,2,0.021750926971435547,1,direct linear solve; no iterative scheme,5a59d5e6203d965723777be41180d81bdb39d6dd1c26867b8a59aa94e91e6e51
UNRESOLVED_IMAGE,TIKHONOV_TEMPORAL,10000.0,IN_CLASS_ID,32,2,0.019710779190063477,1,direct linear solve; no iterative scheme,5a59d5e6203d965723777be41180d81bdb39d6dd1c26867b8a59aa94e91e6e51
UNRESOLVED_IMAGE,TIKHONOV_TEMPORAL,10000.0,IN_CLASS_OOD,13,2,0.017533302307128906,1,direct linear solve; no iterative scheme,5a59d5e6203d965723777be41180d81bdb39d6dd1c26867b8a59aa94e91e6e51
UNRESOLVED_IMAGE,TIKHONOV_TEMPORAL,10000.0,OFF_GRID_ID,32,2,0.019945383071899414,1,direct linear solve; no iterative scheme,5a59d5e6203d965723777be41180d81bdb39d6dd1c26867b8a59aa94e91e6e51
UNRESOLVED_IMAGE,TIKHONOV_TEMPORAL,10000.0,OFF_GRID_OOD,13,2,0.018548250198364258,1,direct linear solve; no iterative scheme,5a59d5e6203d965723777be41180d81bdb39d6dd1c26867b8a59aa94e91e6e51
UNRESOLVED_IMAGE,WIENER_GAUSSIAN,10000.0,IN_CLASS_ID,32,2,0.0262453556060791,1,direct linear solve; no iterative scheme,5a59d5e6203d965723777be41180d81bdb39d6dd1c26867b8a59aa94e91e6e51
UNRESOLVED_IMAGE,WIENER_GAUSSIAN,10000.0,IN_CLASS_OOD,13,2,0.02547478675842285,1,direct linear solve; no iterative scheme,5a59d5e6203d965723777be41180d81bdb39d6dd1c26867b8a59aa94e91e6e51
UNRESOLVED_IMAGE,WIENER_GAUSSIAN,10000.0,OFF_GRID_ID,32,2,0.027077674865722656,1,direct linear solve; no iterative scheme,5a59d5e6203d965723777be41180d81bdb39d6dd1c26867b8a59aa94e91e6e51
UNRESOLVED_IMAGE,WIENER_GAUSSIAN,10000.0,OFF_GRID_OOD,13,2,0.024019718170166016,1,direct linear solve; no iterative scheme,5a59d5e6203d965723777be41180d81bdb39d6dd1c26867b8a59aa94e91e6e51
UNRESOLVED_IMAGE,LINEAR_STATE_SPACE,10000.0,IN_CLASS_ID,32,2,0.025159597396850586,1,direct linear solve; no iterative scheme,5a59d5e6203d965723777be41180d81bdb39d6dd1c26867b8a59aa94e91e6e51
UNRESOLVED_IMAGE,LINEAR_STATE_SPACE,10000.0,IN_CLASS_OOD,13,2,0.026500225067138672,1,direct linear solve; no iterative scheme,5a59d5e6203d965723777be41180d81bdb39d6dd1c26867b8a59aa94e91e6e51
UNRESOLVED_IMAGE,LINEAR_STATE_SPACE,10000.0,OFF_GRID_ID,32,2,0.026940345764160156,1,direct linear solve; no iterative scheme,5a59d5e6203d965723777be41180d81bdb39d6dd1c26867b8a59aa94e91e6e51
UNRESOLVED_IMAGE,LINEAR_STATE_SPACE,10000.0,OFF_GRID_OOD,13,2,0.02501511573791504,1,direct linear solve; no iterative scheme,5a59d5e6203d965723777be41180d81bdb39d6dd1c26867b8a59aa94e91e6e51
UNRESOLVED_IMAGE,TSVD,30000.0,IN_CLASS_ID,32,2,0.019295215606689453,1,direct linear solve; no iterative scheme,5a59d5e6203d965723777be41180d81bdb39d6dd1c26867b8a59aa94e91e6e51
UNRESOLVED_IMAGE,TSVD,30000.0,IN_CLASS_OOD,13,2,0.02380084991455078,1,direct linear solve; no iterative scheme,5a59d5e6203d965723777be41180d81bdb39d6dd1c26867b8a59aa94e91e6e51
UNRESOLVED_IMAGE,TSVD,30000.0,OFF_GRID_ID,32,2,0.022132158279418945,1,direct linear solve; no iterative scheme,5a59d5e6203d965723777be41180d81bdb39d6dd1c26867b8a59aa94e91e6e51
UNRESOLVED_IMAGE,TSVD,30000.0,OFF_GRID_OOD,13,2,0.01849842071533203,1,direct linear solve; no iterative scheme,5a59d5e6203d965723777be41180d81bdb39d6dd1c26867b8a59aa94e91e6e51
UNRESOLVED_IMAGE,RIDGE_IDENTITY,30000.0,IN_CLASS_ID,32,2,0.019073963165283203,1,direct linear solve; no iterative scheme,5a59d5e6203d965723777be41180d81bdb39d6dd1c26867b8a59aa94e91e6e51
UNRESOLVED_IMAGE,RIDGE_IDENTITY,30000.0,IN_CLASS_OOD,13,2,0.018161296844482422,1,direct linear solve; no iterative scheme,5a59d5e6203d965723777be41180d81bdb39d6dd1c26867b8a59aa94e91e6e51
UNRESOLVED_IMAGE,RIDGE_IDENTITY,30000.0,OFF_GRID_ID,32,2,0.01775836944580078,1,direct linear solve; no iterative scheme,5a59d5e6203d965723777be41180d81bdb39d6dd1c26867b8a59aa94e91e6e51
UNRESOLVED_IMAGE,RIDGE_IDENTITY,30000.0,OFF_GRID_OOD,13,2,0.018382787704467773,1,direct linear solve; no iterative scheme,5a59d5e6203d965723777be41180d81bdb39d6dd1c26867b8a59aa94e91e6e51
UNRESOLVED_IMAGE,TIKHONOV_TEMPORAL,30000.0,IN_CLASS_ID,32,2,0.018102407455444336,1,direct linear solve; no iterative scheme,5a59d5e6203d965723777be41180d81bdb39d6dd1c26867b8a59aa94e91e6e51
UNRESOLVED_IMAGE,TIKHONOV_TEMPORAL,30000.0,IN_CLASS_OOD,13,2,0.01648879051208496,1,direct linear solve; no iterative scheme,5a59d5e6203d965723777be41180d81bdb39d6dd1c26867b8a59aa94e91e6e51
UNRESOLVED_IMAGE,TIKHONOV_TEMPORAL,30000.0,OFF_GRID_ID,32,2,0.01937580108642578,1,direct linear solve; no iterative scheme,5a59d5e6203d965723777be41180d81bdb39d6dd1c26867b8a59aa94e91e6e51
UNRESOLVED_IMAGE,TIKHONOV_TEMPORAL,30000.0,OFF_GRID_OOD,13,2,0.017037630081176758,1,direct linear solve; no iterative scheme,5a59d5e6203d965723777be41180d81bdb39d6dd1c26867b8a59aa94e91e6e51
UNRESOLVED_IMAGE,WIENER_GAUSSIAN,30000.0,IN_CLASS_ID,32,2,0.02626490592956543,1,direct linear solve; no iterative scheme,5a59d5e6203d965723777be41180d81bdb39d6dd1c26867b8a59aa94e91e6e51
UNRESOLVED_IMAGE,WIENER_GAUSSIAN,30000.0,IN_CLASS_OOD,13,2,0.02487921714782715,1,direct linear solve; no iterative scheme,5a59d5e6203d965723777be41180d81bdb39d6dd1c26867b8a59aa94e91e6e51
UNRESOLVED_IMAGE,WIENER_GAUSSIAN,30000.0,OFF_GRID_ID,32,2,0.03289294242858887,1,direct linear solve; no iterative scheme,5a59d5e6203d965723777be41180d81bdb39d6dd1c26867b8a59aa94e91e6e51
UNRESOLVED_IMAGE,WIENER_GAUSSIAN,30000.0,OFF_GRID_OOD,13,2,0.023601770401000977,1,direct linear solve; no iterative scheme,5a59d5e6203d965723777be41180d81bdb39d6dd1c26867b8a59aa94e91e6e51
UNRESOLVED_IMAGE,LINEAR_STATE_SPACE,30000.0,IN_CLASS_ID,32,2,0.02756023406982422,1,direct linear solve; no iterative scheme,5a59d5e6203d965723777be41180d81bdb39d6dd1c26867b8a59aa94e91e6e51
UNRESOLVED_IMAGE,LINEAR_STATE_SPACE,30000.0,IN_CLASS_OOD,13,2,0.0276644229888916,1,direct linear solve; no iterative scheme,5a59d5e6203d965723777be41180d81bdb39d6dd1c26867b8a59aa94e91e6e51
UNRESOLVED_IMAGE,LINEAR_STATE_SPACE,30000.0,OFF_GRID_ID,32,2,0.03015446662902832,1,direct linear solve; no iterative scheme,5a59d5e6203d965723777be41180d81bdb39d6dd1c26867b8a59aa94e91e6e51
UNRESOLVED_IMAGE,LINEAR_STATE_SPACE,30000.0,OFF_GRID_OOD,13,2,0.028350830078125,1,direct linear solve; no iterative scheme,5a59d5e6203d965723777be41180d81bdb39d6dd1c26867b8a59aa94e91e6e51
UNRESOLVED_IMAGE,TSVD,100000.0,IN_CLASS_ID,32,2,0.01987147331237793,1,direct linear solve; no iterative scheme,5a59d5e6203d965723777be41180d81bdb39d6dd1c26867b8a59aa94e91e6e51
UNRESOLVED_IMAGE,TSVD,100000.0,IN_CLASS_OOD,13,2,0.019655942916870117,1,direct linear solve; no iterative scheme,5a59d5e6203d965723777be41180d81bdb39d6dd1c26867b8a59aa94e91e6e51
UNRESOLVED_IMAGE,TSVD,100000.0,OFF_GRID_ID,32,2,0.021181821823120117,1,direct linear solve; no iterative scheme,5a59d5e6203d965723777be41180d81bdb39d6dd1c26867b8a59aa94e91e6e51
UNRESOLVED_IMAGE,TSVD,100000.0,OFF_GRID_OOD,13,2,0.017897605895996094,1,direct linear solve; no iterative scheme,5a59d5e6203d965723777be41180d81bdb39d6dd1c26867b8a59aa94e91e6e51
UNRESOLVED_IMAGE,RIDGE_IDENTITY,100000.0,IN_CLASS_ID,32,2,0.02229785919189453,1,direct linear solve; no iterative scheme,5a59d5e6203d965723777be41180d81bdb39d6dd1c26867b8a59aa94e91e6e51
UNRESOLVED_IMAGE,RIDGE_IDENTITY,100000.0,IN_CLASS_OOD,13,2,0.022502899169921875,1,direct linear solve; no iterative scheme,5a59d5e6203d965723777be41180d81bdb39d6dd1c26867b8a59aa94e91e6e51
UNRESOLVED_IMAGE,RIDGE_IDENTITY,100000.0,OFF_GRID_ID,32,2,0.02139115333557129,1,direct linear solve; no iterative scheme,5a59d5e6203d965723777be41180d81bdb39d6dd1c26867b8a59aa94e91e6e51
UNRESOLVED_IMAGE,RIDGE_IDENTITY,100000.0,OFF_GRID_OOD,13,2,0.01893472671508789,1,direct linear solve; no iterative scheme,5a59d5e6203d965723777be41180d81bdb39d6dd1c26867b8a59aa94e91e6e51
UNRESOLVED_IMAGE,TIKHONOV_TEMPORAL,100000.0,IN_CLASS_ID,32,2,0.018182754516601562,1,direct linear solve; no iterative scheme,5a59d5e6203d965723777be41180d81bdb39d6dd1c26867b8a59aa94e91e6e51
UNRESOLVED_IMAGE,TIKHONOV_TEMPORAL,100000.0,IN_CLASS_OOD,13,2,0.01722574234008789,1,direct linear solve; no iterative scheme,5a59d5e6203d965723777be41180d81bdb39d6dd1c26867b8a59aa94e91e6e51
UNRESOLVED_IMAGE,TIKHONOV_TEMPORAL,100000.0,OFF_GRID_ID,32,2,0.017378568649291992,1,direct linear solve; no iterative scheme,5a59d5e6203d965723777be41180d81bdb39d6dd1c26867b8a59aa94e91e6e51
UNRESOLVED_IMAGE,TIKHONOV_TEMPORAL,100000.0,OFF_GRID_OOD,13,2,0.01656365394592285,1,direct linear solve; no iterative scheme,5a59d5e6203d965723777be41180d81bdb39d6dd1c26867b8a59aa94e91e6e51
UNRESOLVED_IMAGE,WIENER_GAUSSIAN,100000.0,IN_CLASS_ID,32,2,0.03238034248352051,1,direct linear solve; no iterative scheme,5a59d5e6203d965723777be41180d81bdb39d6dd1c26867b8a59aa94e91e6e51
UNRESOLVED_IMAGE,WIENER_GAUSSIAN,100000.0,IN_CLASS_OOD,13,2,0.024875640869140625,1,direct linear solve; no iterative scheme,5a59d5e6203d965723777be41180d81bdb39d6dd1c26867b8a59aa94e91e6e51
UNRESOLVED_IMAGE,WIENER_GAUSSIAN,100000.0,OFF_GRID_ID,32,2,0.025722980499267578,1,direct linear solve; no iterative scheme,5a59d5e6203d965723777be41180d81bdb39d6dd1c26867b8a59aa94e91e6e51
UNRESOLVED_IMAGE,WIENER_GAUSSIAN,100000.0,OFF_GRID_OOD,13,2,0.024541378021240234,1,direct linear solve; no iterative scheme,5a59d5e6203d965723777be41180d81bdb39d6dd1c26867b8a59aa94e91e6e51
UNRESOLVED_IMAGE,LINEAR_STATE_SPACE,100000.0,IN_CLASS_ID,32,2,0.026609182357788086,1,direct linear solve; no iterative scheme,5a59d5e6203d965723777be41180d81bdb39d6dd1c26867b8a59aa94e91e6e51
UNRESOLVED_IMAGE,LINEAR_STATE_SPACE,100000.0,IN_CLASS_OOD,13,2,0.027527332305908203,1,direct linear solve; no iterative scheme,5a59d5e6203d965723777be41180d81bdb39d6dd1c26867b8a59aa94e91e6e51
UNRESOLVED_IMAGE,LINEAR_STATE_SPACE,100000.0,OFF_GRID_ID,32,2,0.026888132095336914,1,direct linear solve; no iterative scheme,5a59d5e6203d965723777be41180d81bdb39d6dd1c26867b8a59aa94e91e6e51
UNRESOLVED_IMAGE,LINEAR_STATE_SPACE,100000.0,OFF_GRID_OOD,13,2,0.025394916534423828,1,direct linear solve; no iterative scheme,5a59d5e6203d965723777be41180d81bdb39d6dd1c26867b8a59aa94e91e6e51
UNRESOLVED_IMAGE,TSVD,1000000.0,IN_CLASS_ID,32,2,0.01942133903503418,1,direct linear solve; no iterative scheme,5a59d5e6203d965723777be41180d81bdb39d6dd1c26867b8a59aa94e91e6e51
UNRESOLVED_IMAGE,TSVD,1000000.0,IN_CLASS_OOD,13,2,0.019744157791137695,1,direct linear solve; no iterative scheme,5a59d5e6203d965723777be41180d81bdb39d6dd1c26867b8a59aa94e91e6e51
UNRESOLVED_IMAGE,TSVD,1000000.0,OFF_GRID_ID,32,2,0.019266366958618164,1,direct linear solve; no iterative scheme,5a59d5e6203d965723777be41180d81bdb39d6dd1c26867b8a59aa94e91e6e51
UNRESOLVED_IMAGE,TSVD,1000000.0,OFF_GRID_OOD,13,2,0.016169309616088867,1,direct linear solve; no iterative scheme,5a59d5e6203d965723777be41180d81bdb39d6dd1c26867b8a59aa94e91e6e51
UNRESOLVED_IMAGE,RIDGE_IDENTITY,1000000.0,IN_CLASS_ID,32,2,0.02307295799255371,1,direct linear solve; no iterative scheme,5a59d5e6203d965723777be41180d81bdb39d6dd1c26867b8a59aa94e91e6e51
UNRESOLVED_IMAGE,RIDGE_IDENTITY,1000000.0,IN_CLASS_OOD,13,2,0.01885533332824707,1,direct linear solve; no iterative scheme,5a59d5e6203d965723777be41180d81bdb39d6dd1c26867b8a59aa94e91e6e51
UNRESOLVED_IMAGE,RIDGE_IDENTITY,1000000.0,OFF_GRID_ID,32,2,0.03631448745727539,1,direct linear solve; no iterative scheme,5a59d5e6203d965723777be41180d81bdb39d6dd1c26867b8a59aa94e91e6e51
UNRESOLVED_IMAGE,RIDGE_IDENTITY,1000000.0,OFF_GRID_OOD,13,2,0.022456884384155273,1,direct linear solve; no iterative scheme,5a59d5e6203d965723777be41180d81bdb39d6dd1c26867b8a59aa94e91e6e51
UNRESOLVED_IMAGE,TIKHONOV_TEMPORAL,1000000.0,IN_CLASS_ID,32,2,0.018635034561157227,1,direct linear solve; no iterative scheme,5a59d5e6203d965723777be41180d81bdb39d6dd1c26867b8a59aa94e91e6e51
UNRESOLVED_IMAGE,TIKHONOV_TEMPORAL,1000000.0,IN_CLASS_OOD,13,2,0.018335580825805664,1,direct linear solve; no iterative scheme,5a59d5e6203d965723777be41180d81bdb39d6dd1c26867b8a59aa94e91e6e51
UNRESOLVED_IMAGE,TIKHONOV_TEMPORAL,1000000.0,OFF_GRID_ID,32,2,0.02048468589782715,1,direct linear solve; no iterative scheme,5a59d5e6203d965723777be41180d81bdb39d6dd1c26867b8a59aa94e91e6e51
UNRESOLVED_IMAGE,TIKHONOV_TEMPORAL,1000000.0,OFF_GRID_OOD,13,2,0.01946711540222168,1,direct linear solve; no iterative scheme,5a59d5e6203d965723777be41180d81bdb39d6dd1c26867b8a59aa94e91e6e51
UNRESOLVED_IMAGE,WIENER_GAUSSIAN,1000000.0,IN_CLASS_ID,32,2,0.02565455436706543,1,direct linear solve; no iterative scheme,5a59d5e6203d965723777be41180d81bdb39d6dd1c26867b8a59aa94e91e6e51
UNRESOLVED_IMAGE,WIENER_GAUSSIAN,1000000.0,IN_CLASS_OOD,13,2,0.026403188705444336,1,direct linear solve; no iterative scheme,5a59d5e6203d965723777be41180d81bdb39d6dd1c26867b8a59aa94e91e6e51
UNRESOLVED_IMAGE,WIENER_GAUSSIAN,1000000.0,OFF_GRID_ID,32,2,0.025838375091552734,1,direct linear solve; no iterative scheme,5a59d5e6203d965723777be41180d81bdb39d6dd1c26867b8a59aa94e91e6e51
UNRESOLVED_IMAGE,WIENER_GAUSSIAN,1000000.0,OFF_GRID_OOD,13,2,0.024432897567749023,1,direct linear solve; no iterative scheme,5a59d5e6203d965723777be41180d81bdb39d6dd1c26867b8a59aa94e91e6e51
UNRESOLVED_IMAGE,LINEAR_STATE_SPACE,1000000.0,IN_CLASS_ID,32,2,0.027297496795654297,1,direct linear solve; no iterative scheme,5a59d5e6203d965723777be41180d81bdb39d6dd1c26867b8a59aa94e91e6e51
UNRESOLVED_IMAGE,LINEAR_STATE_SPACE,1000000.0,IN_CLASS_OOD,13,2,0.025156497955322266,1,direct linear solve; no iterative scheme,5a59d5e6203d965723777be41180d81bdb39d6dd1c26867b8a59aa94e91e6e51
UNRESOLVED_IMAGE,LINEAR_STATE_SPACE,1000000.0,OFF_GRID_ID,32,2,0.027505159378051758,1,direct linear solve; no iterative scheme,5a59d5e6203d965723777be41180d81bdb39d6dd1c26867b8a59aa94e91e6e51
UNRESOLVED_IMAGE,LINEAR_STATE_SPACE,1000000.0,OFF_GRID_OOD,13,2,0.027191877365112305,1,direct linear solve; no iterative scheme,5a59d5e6203d965723777be41180d81bdb39d6dd1c26867b8a59aa94e91e6e51
TOTAL_FLUX,TSVD,1.0,IN_CLASS_ID,32,2,0.01650404930114746,1,direct linear solve; no iterative scheme,5a59d5e6203d965723777be41180d81bdb39d6dd1c26867b8a59aa94e91e6e51
TOTAL_FLUX,TSVD,1.0,IN_CLASS_OOD,13,2,0.014492988586425781,1,direct linear solve; no iterative scheme,5a59d5e6203d965723777be41180d81bdb39d6dd1c26867b8a59aa94e91e6e51
TOTAL_FLUX,TSVD,1.0,OFF_GRID_ID,32,2,0.017011165618896484,1,direct linear solve; no iterative scheme,5a59d5e6203d965723777be41180d81bdb39d6dd1c26867b8a59aa94e91e6e51
TOTAL_FLUX,TSVD,1.0,OFF_GRID_OOD,13,2,0.014919042587280273,1,direct linear solve; no iterative scheme,5a59d5e6203d965723777be41180d81bdb39d6dd1c26867b8a59aa94e91e6e51
TOTAL_FLUX,RIDGE_IDENTITY,1.0,IN_CLASS_ID,32,2,0.015981197357177734,1,direct linear solve; no iterative scheme,5a59d5e6203d965723777be41180d81bdb39d6dd1c26867b8a59aa94e91e6e51
TOTAL_FLUX,RIDGE_IDENTITY,1.0,IN_CLASS_OOD,13,2,0.01686835289001465,1,direct linear solve; no iterative scheme,5a59d5e6203d965723777be41180d81bdb39d6dd1c26867b8a59aa94e91e6e51
TOTAL_FLUX,RIDGE_IDENTITY,1.0,OFF_GRID_ID,32,2,0.017144441604614258,1,direct linear solve; no iterative scheme,5a59d5e6203d965723777be41180d81bdb39d6dd1c26867b8a59aa94e91e6e51
TOTAL_FLUX,RIDGE_IDENTITY,1.0,OFF_GRID_OOD,13,2,0.015238761901855469,1,direct linear solve; no iterative scheme,5a59d5e6203d965723777be41180d81bdb39d6dd1c26867b8a59aa94e91e6e51
TOTAL_FLUX,TIKHONOV_TEMPORAL,1.0,IN_CLASS_ID,32,2,0.01695990562438965,1,direct linear solve; no iterative scheme,5a59d5e6203d965723777be41180d81bdb39d6dd1c26867b8a59aa94e91e6e51
TOTAL_FLUX,TIKHONOV_TEMPORAL,1.0,IN_CLASS_OOD,13,2,0.014885425567626953,1,direct linear solve; no iterative scheme,5a59d5e6203d965723777be41180d81bdb39d6dd1c26867b8a59aa94e91e6e51
TOTAL_FLUX,TIKHONOV_TEMPORAL,1.0,OFF_GRID_ID,32,2,0.01670527458190918,1,direct linear solve; no iterative scheme,5a59d5e6203d965723777be41180d81bdb39d6dd1c26867b8a59aa94e91e6e51
TOTAL_FLUX,TIKHONOV_TEMPORAL,1.0,OFF_GRID_OOD,13,2,0.014900684356689453,1,direct linear solve; no iterative scheme,5a59d5e6203d965723777be41180d81bdb39d6dd1c26867b8a59aa94e91e6e51
TOTAL_FLUX,WIENER_GAUSSIAN,1.0,IN_CLASS_ID,32,2,0.02504754066467285,1,direct linear solve; no iterative scheme,5a59d5e6203d965723777be41180d81bdb39d6dd1c26867b8a59aa94e91e6e51
TOTAL_FLUX,WIENER_GAUSSIAN,1.0,IN_CLASS_OOD,13,2,0.02541518211364746,1,direct linear solve; no iterative scheme,5a59d5e6203d965723777be41180d81bdb39d6dd1c26867b8a59aa94e91e6e51
TOTAL_FLUX,WIENER_GAUSSIAN,1.0,OFF_GRID_ID,32,2,0.025814294815063477,1,direct linear solve; no iterative scheme,5a59d5e6203d965723777be41180d81bdb39d6dd1c26867b8a59aa94e91e6e51
TOTAL_FLUX,WIENER_GAUSSIAN,1.0,OFF_GRID_OOD,13,2,0.023628950119018555,1,direct linear solve; no iterative scheme,5a59d5e6203d965723777be41180d81bdb39d6dd1c26867b8a59aa94e91e6e51
TOTAL_FLUX,LINEAR_STATE_SPACE,1.0,IN_CLASS_ID,32,2,0.024393558502197266,1,direct linear solve; no iterative scheme,5a59d5e6203d965723777be41180d81bdb39d6dd1c26867b8a59aa94e91e6e51
TOTAL_FLUX,LINEAR_STATE_SPACE,1.0,IN_CLASS_OOD,13,2,0.022705793380737305,1,direct linear solve; no iterative scheme,5a59d5e6203d965723777be41180d81bdb39d6dd1c26867b8a59aa94e91e6e51
TOTAL_FLUX,LINEAR_STATE_SPACE,1.0,OFF_GRID_ID,32,2,0.023539066314697266,1,direct linear solve; no iterative scheme,5a59d5e6203d965723777be41180d81bdb39d6dd1c26867b8a59aa94e91e6e51
TOTAL_FLUX,LINEAR_STATE_SPACE,1.0,OFF_GRID_OOD,13,2,0.02274179458618164,1,direct linear solve; no iterative scheme,5a59d5e6203d965723777be41180d81bdb39d6dd1c26867b8a59aa94e91e6e51
TOTAL_FLUX,TSVD,3.0,IN_CLASS_ID,32,2,0.016382217407226562,1,direct linear solve; no iterative scheme,5a59d5e6203d965723777be41180d81bdb39d6dd1c26867b8a59aa94e91e6e51
TOTAL_FLUX,TSVD,3.0,IN_CLASS_OOD,13,2,0.01597452163696289,1,direct linear solve; no iterative scheme,5a59d5e6203d965723777be41180d81bdb39d6dd1c26867b8a59aa94e91e6e51
TOTAL_FLUX,TSVD,3.0,OFF_GRID_ID,32,2,0.017090559005737305,1,direct linear solve; no iterative scheme,5a59d5e6203d965723777be41180d81bdb39d6dd1c26867b8a59aa94e91e6e51
TOTAL_FLUX,TSVD,3.0,OFF_GRID_OOD,13,2,0.016712665557861328,1,direct linear solve; no iterative scheme,5a59d5e6203d965723777be41180d81bdb39d6dd1c26867b8a59aa94e91e6e51
TOTAL_FLUX,RIDGE_IDENTITY,3.0,IN_CLASS_ID,32,2,0.0173189640045166,1,direct linear solve; no iterative scheme,5a59d5e6203d965723777be41180d81bdb39d6dd1c26867b8a59aa94e91e6e51
TOTAL_FLUX,RIDGE_IDENTITY,3.0,IN_CLASS_OOD,13,2,0.015030622482299805,1,direct linear solve; no iterative scheme,5a59d5e6203d965723777be41180d81bdb39d6dd1c26867b8a59aa94e91e6e51
TOTAL_FLUX,RIDGE_IDENTITY,3.0,OFF_GRID_ID,32,2,0.017258882522583008,1,direct linear solve; no iterative scheme,5a59d5e6203d965723777be41180d81bdb39d6dd1c26867b8a59aa94e91e6e51
TOTAL_FLUX,RIDGE_IDENTITY,3.0,OFF_GRID_OOD,13,2,0.01824641227722168,1,direct linear solve; no iterative scheme,5a59d5e6203d965723777be41180d81bdb39d6dd1c26867b8a59aa94e91e6e51
TOTAL_FLUX,TIKHONOV_TEMPORAL,3.0,IN_CLASS_ID,32,2,0.02511119842529297,1,direct linear solve; no iterative scheme,5a59d5e6203d965723777be41180d81bdb39d6dd1c26867b8a59aa94e91e6e51
TOTAL_FLUX,TIKHONOV_TEMPORAL,3.0,IN_CLASS_OOD,13,2,0.018544912338256836,1,direct linear solve; no iterative scheme,5a59d5e6203d965723777be41180d81bdb39d6dd1c26867b8a59aa94e91e6e51
TOTAL_FLUX,TIKHONOV_TEMPORAL,3.0,OFF_GRID_ID,32,2,0.020723819732666016,1,direct linear solve; no iterative scheme,5a59d5e6203d965723777be41180d81bdb39d6dd1c26867b8a59aa94e91e6e51
TOTAL_FLUX,TIKHONOV_TEMPORAL,3.0,OFF_GRID_OOD,13,2,0.01730036735534668,1,direct linear solve; no iterative scheme,5a59d5e6203d965723777be41180d81bdb39d6dd1c26867b8a59aa94e91e6e51
TOTAL_FLUX,WIENER_GAUSSIAN,3.0,IN_CLASS_ID,32,2,0.02976226806640625,1,direct linear solve; no iterative scheme,5a59d5e6203d965723777be41180d81bdb39d6dd1c26867b8a59aa94e91e6e51
TOTAL_FLUX,WIENER_GAUSSIAN,3.0,IN_CLASS_OOD,13,2,0.02584385871887207,1,direct linear solve; no iterative scheme,5a59d5e6203d965723777be41180d81bdb39d6dd1c26867b8a59aa94e91e6e51
TOTAL_FLUX,WIENER_GAUSSIAN,3.0,OFF_GRID_ID,32,2,0.02570652961730957,1,direct linear solve; no iterative scheme,5a59d5e6203d965723777be41180d81bdb39d6dd1c26867b8a59aa94e91e6e51
TOTAL_FLUX,WIENER_GAUSSIAN,3.0,OFF_GRID_OOD,13,2,0.02482891082763672,1,direct linear solve; no iterative scheme,5a59d5e6203d965723777be41180d81bdb39d6dd1c26867b8a59aa94e91e6e51
TOTAL_FLUX,LINEAR_STATE_SPACE,3.0,IN_CLASS_ID,32,2,0.023866653442382812,1,direct linear solve; no iterative scheme,5a59d5e6203d965723777be41180d81bdb39d6dd1c26867b8a59aa94e91e6e51
TOTAL_FLUX,LINEAR_STATE_SPACE,3.0,IN_CLASS_OOD,13,2,0.024768352508544922,1,direct linear solve; no iterative scheme,5a59d5e6203d965723777be41180d81bdb39d6dd1c26867b8a59aa94e91e6e51
TOTAL_FLUX,LINEAR_STATE_SPACE,3.0,OFF_GRID_ID,32,2,0.02410125732421875,1,direct linear solve; no iterative scheme,5a59d5e6203d965723777be41180d81bdb39d6dd1c26867b8a59aa94e91e6e51
TOTAL_FLUX,LINEAR_STATE_SPACE,3.0,OFF_GRID_OOD,13,2,0.022005796432495117,1,direct linear solve; no iterative scheme,5a59d5e6203d965723777be41180d81bdb39d6dd1c26867b8a59aa94e91e6e51
TOTAL_FLUX,TSVD,10.0,IN_CLASS_ID,32,2,0.018751859664916992,1,direct linear solve; no iterative scheme,5a59d5e6203d965723777be41180d81bdb39d6dd1c26867b8a59aa94e91e6e51
TOTAL_FLUX,TSVD,10.0,IN_CLASS_OOD,13,2,0.01656484603881836,1,direct linear solve; no iterative scheme,5a59d5e6203d965723777be41180d81bdb39d6dd1c26867b8a59aa94e91e6e51
TOTAL_FLUX,TSVD,10.0,OFF_GRID_ID,32,2,0.018775463104248047,1,direct linear solve; no iterative scheme,5a59d5e6203d965723777be41180d81bdb39d6dd1c26867b8a59aa94e91e6e51
TOTAL_FLUX,TSVD,10.0,OFF_GRID_OOD,13,2,0.016922473907470703,1,direct linear solve; no iterative scheme,5a59d5e6203d965723777be41180d81bdb39d6dd1c26867b8a59aa94e91e6e51
TOTAL_FLUX,RIDGE_IDENTITY,10.0,IN_CLASS_ID,32,2,0.01853013038635254,1,direct linear solve; no iterative scheme,5a59d5e6203d965723777be41180d81bdb39d6dd1c26867b8a59aa94e91e6e51
TOTAL_FLUX,RIDGE_IDENTITY,10.0,IN_CLASS_OOD,13,2,0.01724863052368164,1,direct linear solve; no iterative scheme,5a59d5e6203d965723777be41180d81bdb39d6dd1c26867b8a59aa94e91e6e51
TOTAL_FLUX,RIDGE_IDENTITY,10.0,OFF_GRID_ID,32,2,0.02002716064453125,1,direct linear solve; no iterative scheme,5a59d5e6203d965723777be41180d81bdb39d6dd1c26867b8a59aa94e91e6e51
TOTAL_FLUX,RIDGE_IDENTITY,10.0,OFF_GRID_OOD,13,2,0.016788244247436523,1,direct linear solve; no iterative scheme,5a59d5e6203d965723777be41180d81bdb39d6dd1c26867b8a59aa94e91e6e51
TOTAL_FLUX,TIKHONOV_TEMPORAL,10.0,IN_CLASS_ID,32,2,0.016278505325317383,1,direct linear solve; no iterative scheme,5a59d5e6203d965723777be41180d81bdb39d6dd1c26867b8a59aa94e91e6e51
TOTAL_FLUX,TIKHONOV_TEMPORAL,10.0,IN_CLASS_OOD,13,2,0.016854524612426758,1,direct linear solve; no iterative scheme,5a59d5e6203d965723777be41180d81bdb39d6dd1c26867b8a59aa94e91e6e51
TOTAL_FLUX,TIKHONOV_TEMPORAL,10.0,OFF_GRID_ID,32,2,0.01839280128479004,1,direct linear solve; no iterative scheme,5a59d5e6203d965723777be41180d81bdb39d6dd1c26867b8a59aa94e91e6e51
TOTAL_FLUX,TIKHONOV_TEMPORAL,10.0,OFF_GRID_OOD,13,2,0.01503896713256836,1,direct linear solve; no iterative scheme,5a59d5e6203d965723777be41180d81bdb39d6dd1c26867b8a59aa94e91e6e51
TOTAL_FLUX,WIENER_GAUSSIAN,10.0,IN_CLASS_ID,32,2,0.024607181549072266,1,direct linear solve; no iterative scheme,5a59d5e6203d965723777be41180d81bdb39d6dd1c26867b8a59aa94e91e6e51
TOTAL_FLUX,WIENER_GAUSSIAN,10.0,IN_CLASS_OOD,13,2,0.022017240524291992,1,direct linear solve; no iterative scheme,5a59d5e6203d965723777be41180d81bdb39d6dd1c26867b8a59aa94e91e6e51
TOTAL_FLUX,WIENER_GAUSSIAN,10.0,OFF_GRID_ID,32,2,0.025768518447875977,1,direct linear solve; no iterative scheme,5a59d5e6203d965723777be41180d81bdb39d6dd1c26867b8a59aa94e91e6e51
TOTAL_FLUX,WIENER_GAUSSIAN,10.0,OFF_GRID_OOD,13,2,0.02265167236328125,1,direct linear solve; no iterative scheme,5a59d5e6203d965723777be41180d81bdb39d6dd1c26867b8a59aa94e91e6e51
TOTAL_FLUX,LINEAR_STATE_SPACE,10.0,IN_CLASS_ID,32,2,0.022219181060791016,1,direct linear solve; no iterative scheme,5a59d5e6203d965723777be41180d81bdb39d6dd1c26867b8a59aa94e91e6e51
TOTAL_FLUX,LINEAR_STATE_SPACE,10.0,IN_CLASS_OOD,13,2,0.022556543350219727,1,direct linear solve; no iterative scheme,5a59d5e6203d965723777be41180d81bdb39d6dd1c26867b8a59aa94e91e6e51
TOTAL_FLUX,LINEAR_STATE_SPACE,10.0,OFF_GRID_ID,32,2,0.02330303192138672,1,direct linear solve; no iterative scheme,5a59d5e6203d965723777be41180d81bdb39d6dd1c26867b8a59aa94e91e6e51
TOTAL_FLUX,LINEAR_STATE_SPACE,10.0,OFF_GRID_OOD,13,2,0.02198171615600586,1,direct linear solve; no iterative scheme,5a59d5e6203d965723777be41180d81bdb39d6dd1c26867b8a59aa94e91e6e51
TOTAL_FLUX,TSVD,30.0,IN_CLASS_ID,32,2,0.017199993133544922,1,direct linear solve; no iterative scheme,5a59d5e6203d965723777be41180d81bdb39d6dd1c26867b8a59aa94e91e6e51
TOTAL_FLUX,TSVD,30.0,IN_CLASS_OOD,13,2,0.017002105712890625,1,direct linear solve; no iterative scheme,5a59d5e6203d965723777be41180d81bdb39d6dd1c26867b8a59aa94e91e6e51
TOTAL_FLUX,TSVD,30.0,OFF_GRID_ID,32,2,0.017075300216674805,1,direct linear solve; no iterative scheme,5a59d5e6203d965723777be41180d81bdb39d6dd1c26867b8a59aa94e91e6e51
TOTAL_FLUX,TSVD,30.0,OFF_GRID_OOD,13,2,0.016879558563232422,1,direct linear solve; no iterative scheme,5a59d5e6203d965723777be41180d81bdb39d6dd1c26867b8a59aa94e91e6e51
TOTAL_FLUX,RIDGE_IDENTITY,30.0,IN_CLASS_ID,32,2,0.01673293113708496,1,direct linear solve; no iterative scheme,5a59d5e6203d965723777be41180d81bdb39d6dd1c26867b8a59aa94e91e6e51
TOTAL_FLUX,RIDGE_IDENTITY,30.0,IN_CLASS_OOD,13,2,0.01631784439086914,1,direct linear solve; no iterative scheme,5a59d5e6203d965723777be41180d81bdb39d6dd1c26867b8a59aa94e91e6e51
TOTAL_FLUX,RIDGE_IDENTITY,30.0,OFF_GRID_ID,32,2,0.018232345581054688,1,direct linear solve; no iterative scheme,5a59d5e6203d965723777be41180d81bdb39d6dd1c26867b8a59aa94e91e6e51
TOTAL_FLUX,RIDGE_IDENTITY,30.0,OFF_GRID_OOD,13,2,0.02013230323791504,1,direct linear solve; no iterative scheme,5a59d5e6203d965723777be41180d81bdb39d6dd1c26867b8a59aa94e91e6e51
TOTAL_FLUX,TIKHONOV_TEMPORAL,30.0,IN_CLASS_ID,32,2,0.025439739227294922,1,direct linear solve; no iterative scheme,5a59d5e6203d965723777be41180d81bdb39d6dd1c26867b8a59aa94e91e6e51
TOTAL_FLUX,TIKHONOV_TEMPORAL,30.0,IN_CLASS_OOD,13,2,0.01616072654724121,1,direct linear solve; no iterative scheme,5a59d5e6203d965723777be41180d81bdb39d6dd1c26867b8a59aa94e91e6e51
TOTAL_FLUX,TIKHONOV_TEMPORAL,30.0,OFF_GRID_ID,32,2,0.016512632369995117,1,direct linear solve; no iterative scheme,5a59d5e6203d965723777be41180d81bdb39d6dd1c26867b8a59aa94e91e6e51
TOTAL_FLUX,TIKHONOV_TEMPORAL,30.0,OFF_GRID_OOD,13,2,0.01617717742919922,1,direct linear solve; no iterative scheme,5a59d5e6203d965723777be41180d81bdb39d6dd1c26867b8a59aa94e91e6e51
TOTAL_FLUX,WIENER_GAUSSIAN,30.0,IN_CLASS_ID,32,2,0.024482250213623047,1,direct linear solve; no iterative scheme,5a59d5e6203d965723777be41180d81bdb39d6dd1c26867b8a59aa94e91e6e51
TOTAL_FLUX,WIENER_GAUSSIAN,30.0,IN_CLASS_OOD,13,2,0.025184154510498047,1,direct linear solve; no iterative scheme,5a59d5e6203d965723777be41180d81bdb39d6dd1c26867b8a59aa94e91e6e51
TOTAL_FLUX,WIENER_GAUSSIAN,30.0,OFF_GRID_ID,32,2,0.022348880767822266,1,direct linear solve; no iterative scheme,5a59d5e6203d965723777be41180d81bdb39d6dd1c26867b8a59aa94e91e6e51
TOTAL_FLUX,WIENER_GAUSSIAN,30.0,OFF_GRID_OOD,13,2,0.022055387496948242,1,direct linear solve; no iterative scheme,5a59d5e6203d965723777be41180d81bdb39d6dd1c26867b8a59aa94e91e6e51
TOTAL_FLUX,LINEAR_STATE_SPACE,30.0,IN_CLASS_ID,32,2,0.02115797996520996,1,direct linear solve; no iterative scheme,5a59d5e6203d965723777be41180d81bdb39d6dd1c26867b8a59aa94e91e6e51
TOTAL_FLUX,LINEAR_STATE_SPACE,30.0,IN_CLASS_OOD,13,2,0.02180194854736328,1,direct linear solve; no iterative scheme,5a59d5e6203d965723777be41180d81bdb39d6dd1c26867b8a59aa94e91e6e51
TOTAL_FLUX,LINEAR_STATE_SPACE,30.0,OFF_GRID_ID,32,2,0.028487205505371094,1,direct linear solve; no iterative scheme,5a59d5e6203d965723777be41180d81bdb39d6dd1c26867b8a59aa94e91e6e51
TOTAL_FLUX,LINEAR_STATE_SPACE,30.0,OFF_GRID_OOD,13,2,0.023722171783447266,1,direct linear solve; no iterative scheme,5a59d5e6203d965723777be41180d81bdb39d6dd1c26867b8a59aa94e91e6e51
TOTAL_FLUX,TSVD,100.0,IN_CLASS_ID,32,2,0.023449420928955078,1,direct linear solve; no iterative scheme,5a59d5e6203d965723777be41180d81bdb39d6dd1c26867b8a59aa94e91e6e51
TOTAL_FLUX,TSVD,100.0,IN_CLASS_OOD,13,2,0.015892982482910156,1,direct linear solve; no iterative scheme,5a59d5e6203d965723777be41180d81bdb39d6dd1c26867b8a59aa94e91e6e51
TOTAL_FLUX,TSVD,100.0,OFF_GRID_ID,32,2,0.01683831214904785,1,direct linear solve; no iterative scheme,5a59d5e6203d965723777be41180d81bdb39d6dd1c26867b8a59aa94e91e6e51
TOTAL_FLUX,TSVD,100.0,OFF_GRID_OOD,13,2,0.014949560165405273,1,direct linear solve; no iterative scheme,5a59d5e6203d965723777be41180d81bdb39d6dd1c26867b8a59aa94e91e6e51
TOTAL_FLUX,RIDGE_IDENTITY,100.0,IN_CLASS_ID,32,2,0.015390396118164062,1,direct linear solve; no iterative scheme,5a59d5e6203d965723777be41180d81bdb39d6dd1c26867b8a59aa94e91e6e51
TOTAL_FLUX,RIDGE_IDENTITY,100.0,IN_CLASS_OOD,13,2,0.016175270080566406,1,direct linear solve; no iterative scheme,5a59d5e6203d965723777be41180d81bdb39d6dd1c26867b8a59aa94e91e6e51
TOTAL_FLUX,RIDGE_IDENTITY,100.0,OFF_GRID_ID,32,2,0.01791548728942871,1,direct linear solve; no iterative scheme,5a59d5e6203d965723777be41180d81bdb39d6dd1c26867b8a59aa94e91e6e51
TOTAL_FLUX,RIDGE_IDENTITY,100.0,OFF_GRID_OOD,13,2,0.01563549041748047,1,direct linear solve; no iterative scheme,5a59d5e6203d965723777be41180d81bdb39d6dd1c26867b8a59aa94e91e6e51
TOTAL_FLUX,TIKHONOV_TEMPORAL,100.0,IN_CLASS_ID,32,2,0.015839815139770508,1,direct linear solve; no iterative scheme,5a59d5e6203d965723777be41180d81bdb39d6dd1c26867b8a59aa94e91e6e51
TOTAL_FLUX,TIKHONOV_TEMPORAL,100.0,IN_CLASS_OOD,13,2,0.014457941055297852,1,direct linear solve; no iterative scheme,5a59d5e6203d965723777be41180d81bdb39d6dd1c26867b8a59aa94e91e6e51
TOTAL_FLUX,TIKHONOV_TEMPORAL,100.0,OFF_GRID_ID,32,2,0.015826940536499023,1,direct linear solve; no iterative scheme,5a59d5e6203d965723777be41180d81bdb39d6dd1c26867b8a59aa94e91e6e51
TOTAL_FLUX,TIKHONOV_TEMPORAL,100.0,OFF_GRID_OOD,13,2,0.014250040054321289,1,direct linear solve; no iterative scheme,5a59d5e6203d965723777be41180d81bdb39d6dd1c26867b8a59aa94e91e6e51
TOTAL_FLUX,WIENER_GAUSSIAN,100.0,IN_CLASS_ID,32,2,0.023517608642578125,1,direct linear solve; no iterative scheme,5a59d5e6203d965723777be41180d81bdb39d6dd1c26867b8a59aa94e91e6e51
TOTAL_FLUX,WIENER_GAUSSIAN,100.0,IN_CLASS_OOD,13,2,0.021288394927978516,1,direct linear solve; no iterative scheme,5a59d5e6203d965723777be41180d81bdb39d6dd1c26867b8a59aa94e91e6e51
TOTAL_FLUX,WIENER_GAUSSIAN,100.0,OFF_GRID_ID,32,2,0.022948503494262695,1,direct linear solve; no iterative scheme,5a59d5e6203d965723777be41180d81bdb39d6dd1c26867b8a59aa94e91e6e51
TOTAL_FLUX,WIENER_GAUSSIAN,100.0,OFF_GRID_OOD,13,2,0.021001338958740234,1,direct linear solve; no iterative scheme,5a59d5e6203d965723777be41180d81bdb39d6dd1c26867b8a59aa94e91e6e51
TOTAL_FLUX,LINEAR_STATE_SPACE,100.0,IN_CLASS_ID,32,2,0.022756338119506836,1,direct linear solve; no iterative scheme,5a59d5e6203d965723777be41180d81bdb39d6dd1c26867b8a59aa94e91e6e51
TOTAL_FLUX,LINEAR_STATE_SPACE,100.0,IN_CLASS_OOD,13,2,0.021886587142944336,1,direct linear solve; no iterative scheme,5a59d5e6203d965723777be41180d81bdb39d6dd1c26867b8a59aa94e91e6e51
TOTAL_FLUX,LINEAR_STATE_SPACE,100.0,OFF_GRID_ID,32,2,0.02303171157836914,1,direct linear solve; no iterative scheme,5a59d5e6203d965723777be41180d81bdb39d6dd1c26867b8a59aa94e91e6e51
TOTAL_FLUX,LINEAR_STATE_SPACE,100.0,OFF_GRID_OOD,13,2,0.02485370635986328,1,direct linear solve; no iterative scheme,5a59d5e6203d965723777be41180d81bdb39d6dd1c26867b8a59aa94e91e6e51
TOTAL_FLUX,TSVD,300.0,IN_CLASS_ID,32,2,0.01602911949157715,1,direct linear solve; no iterative scheme,5a59d5e6203d965723777be41180d81bdb39d6dd1c26867b8a59aa94e91e6e51
TOTAL_FLUX,TSVD,300.0,IN_CLASS_OOD,13,2,0.01613903045654297,1,direct linear solve; no iterative scheme,5a59d5e6203d965723777be41180d81bdb39d6dd1c26867b8a59aa94e91e6e51
TOTAL_FLUX,TSVD,300.0,OFF_GRID_ID,32,2,0.017514944076538086,1,direct linear solve; no iterative scheme,5a59d5e6203d965723777be41180d81bdb39d6dd1c26867b8a59aa94e91e6e51
TOTAL_FLUX,TSVD,300.0,OFF_GRID_OOD,13,2,0.015497446060180664,1,direct linear solve; no iterative scheme,5a59d5e6203d965723777be41180d81bdb39d6dd1c26867b8a59aa94e91e6e51
TOTAL_FLUX,RIDGE_IDENTITY,300.0,IN_CLASS_ID,32,2,0.019018173217773438,1,direct linear solve; no iterative scheme,5a59d5e6203d965723777be41180d81bdb39d6dd1c26867b8a59aa94e91e6e51
TOTAL_FLUX,RIDGE_IDENTITY,300.0,IN_CLASS_OOD,13,2,0.018703222274780273,1,direct linear solve; no iterative scheme,5a59d5e6203d965723777be41180d81bdb39d6dd1c26867b8a59aa94e91e6e51
TOTAL_FLUX,RIDGE_IDENTITY,300.0,OFF_GRID_ID,32,2,0.020897865295410156,1,direct linear solve; no iterative scheme,5a59d5e6203d965723777be41180d81bdb39d6dd1c26867b8a59aa94e91e6e51
TOTAL_FLUX,RIDGE_IDENTITY,300.0,OFF_GRID_OOD,13,2,0.01567244529724121,1,direct linear solve; no iterative scheme,5a59d5e6203d965723777be41180d81bdb39d6dd1c26867b8a59aa94e91e6e51
TOTAL_FLUX,TIKHONOV_TEMPORAL,300.0,IN_CLASS_ID,32,2,0.024774789810180664,1,direct linear solve; no iterative scheme,5a59d5e6203d965723777be41180d81bdb39d6dd1c26867b8a59aa94e91e6e51
TOTAL_FLUX,TIKHONOV_TEMPORAL,300.0,IN_CLASS_OOD,13,2,0.015355348587036133,1,direct linear solve; no iterative scheme,5a59d5e6203d965723777be41180d81bdb39d6dd1c26867b8a59aa94e91e6e51
TOTAL_FLUX,TIKHONOV_TEMPORAL,300.0,OFF_GRID_ID,32,2,0.015986919403076172,1,direct linear solve; no iterative scheme,5a59d5e6203d965723777be41180d81bdb39d6dd1c26867b8a59aa94e91e6e51
TOTAL_FLUX,TIKHONOV_TEMPORAL,300.0,OFF_GRID_OOD,13,2,0.015207529067993164,1,direct linear solve; no iterative scheme,5a59d5e6203d965723777be41180d81bdb39d6dd1c26867b8a59aa94e91e6e51
TOTAL_FLUX,WIENER_GAUSSIAN,300.0,IN_CLASS_ID,32,2,0.023956298828125,1,direct linear solve; no iterative scheme,5a59d5e6203d965723777be41180d81bdb39d6dd1c26867b8a59aa94e91e6e51
TOTAL_FLUX,WIENER_GAUSSIAN,300.0,IN_CLASS_OOD,13,2,0.02313232421875,1,direct linear solve; no iterative scheme,5a59d5e6203d965723777be41180d81bdb39d6dd1c26867b8a59aa94e91e6e51
TOTAL_FLUX,WIENER_GAUSSIAN,300.0,OFF_GRID_ID,32,2,0.02431964874267578,1,direct linear solve; no iterative scheme,5a59d5e6203d965723777be41180d81bdb39d6dd1c26867b8a59aa94e91e6e51
TOTAL_FLUX,WIENER_GAUSSIAN,300.0,OFF_GRID_OOD,13,2,0.022980451583862305,1,direct linear solve; no iterative scheme,5a59d5e6203d965723777be41180d81bdb39d6dd1c26867b8a59aa94e91e6e51
TOTAL_FLUX,LINEAR_STATE_SPACE,300.0,IN_CLASS_ID,32,2,0.02277064323425293,1,direct linear solve; no iterative scheme,5a59d5e6203d965723777be41180d81bdb39d6dd1c26867b8a59aa94e91e6e51
TOTAL_FLUX,LINEAR_STATE_SPACE,300.0,IN_CLASS_OOD,13,2,0.02015233039855957,1,direct linear solve; no iterative scheme,5a59d5e6203d965723777be41180d81bdb39d6dd1c26867b8a59aa94e91e6e51
TOTAL_FLUX,LINEAR_STATE_SPACE,300.0,OFF_GRID_ID,32,2,0.024172067642211914,1,direct linear solve; no iterative scheme,5a59d5e6203d965723777be41180d81bdb39d6dd1c26867b8a59aa94e91e6e51
TOTAL_FLUX,LINEAR_STATE_SPACE,300.0,OFF_GRID_OOD,13,2,0.027685880661010742,1,direct linear solve; no iterative scheme,5a59d5e6203d965723777be41180d81bdb39d6dd1c26867b8a59aa94e91e6e51
TOTAL_FLUX,TSVD,1000.0,IN_CLASS_ID,32,2,0.015607357025146484,1,direct linear solve; no iterative scheme,5a59d5e6203d965723777be41180d81bdb39d6dd1c26867b8a59aa94e91e6e51
TOTAL_FLUX,TSVD,1000.0,IN_CLASS_OOD,13,2,0.015030860900878906,1,direct linear solve; no iterative scheme,5a59d5e6203d965723777be41180d81bdb39d6dd1c26867b8a59aa94e91e6e51
TOTAL_FLUX,TSVD,1000.0,OFF_GRID_ID,32,2,0.016335725784301758,1,direct linear solve; no iterative scheme,5a59d5e6203d965723777be41180d81bdb39d6dd1c26867b8a59aa94e91e6e51
TOTAL_FLUX,TSVD,1000.0,OFF_GRID_OOD,13,2,0.01674032211303711,1,direct linear solve; no iterative scheme,5a59d5e6203d965723777be41180d81bdb39d6dd1c26867b8a59aa94e91e6e51
TOTAL_FLUX,RIDGE_IDENTITY,1000.0,IN_CLASS_ID,32,2,0.01630401611328125,1,direct linear solve; no iterative scheme,5a59d5e6203d965723777be41180d81bdb39d6dd1c26867b8a59aa94e91e6e51
TOTAL_FLUX,RIDGE_IDENTITY,1000.0,IN_CLASS_OOD,13,2,0.017361164093017578,1,direct linear solve; no iterative scheme,5a59d5e6203d965723777be41180d81bdb39d6dd1c26867b8a59aa94e91e6e51
TOTAL_FLUX,RIDGE_IDENTITY,1000.0,OFF_GRID_ID,32,2,0.016913414001464844,1,direct linear solve; no iterative scheme,5a59d5e6203d965723777be41180d81bdb39d6dd1c26867b8a59aa94e91e6e51
TOTAL_FLUX,RIDGE_IDENTITY,1000.0,OFF_GRID_OOD,13,2,0.014229536056518555,1,direct linear solve; no iterative scheme,5a59d5e6203d965723777be41180d81bdb39d6dd1c26867b8a59aa94e91e6e51
TOTAL_FLUX,TIKHONOV_TEMPORAL,1000.0,IN_CLASS_ID,32,2,0.014627933502197266,1,direct linear solve; no iterative scheme,5a59d5e6203d965723777be41180d81bdb39d6dd1c26867b8a59aa94e91e6e51
TOTAL_FLUX,TIKHONOV_TEMPORAL,1000.0,IN_CLASS_OOD,13,2,0.012959957122802734,1,direct linear solve; no iterative scheme,5a59d5e6203d965723777be41180d81bdb39d6dd1c26867b8a59aa94e91e6e51
TOTAL_FLUX,TIKHONOV_TEMPORAL,1000.0,OFF_GRID_ID,32,2,0.015211343765258789,1,direct linear solve; no iterative scheme,5a59d5e6203d965723777be41180d81bdb39d6dd1c26867b8a59aa94e91e6e51
TOTAL_FLUX,TIKHONOV_TEMPORAL,1000.0,OFF_GRID_OOD,13,2,0.014769792556762695,1,direct linear solve; no iterative scheme,5a59d5e6203d965723777be41180d81bdb39d6dd1c26867b8a59aa94e91e6e51
TOTAL_FLUX,WIENER_GAUSSIAN,1000.0,IN_CLASS_ID,32,2,0.021567106246948242,1,direct linear solve; no iterative scheme,5a59d5e6203d965723777be41180d81bdb39d6dd1c26867b8a59aa94e91e6e51
TOTAL_FLUX,WIENER_GAUSSIAN,1000.0,IN_CLASS_OOD,13,2,0.021051645278930664,1,direct linear solve; no iterative scheme,5a59d5e6203d965723777be41180d81bdb39d6dd1c26867b8a59aa94e91e6e51
TOTAL_FLUX,WIENER_GAUSSIAN,1000.0,OFF_GRID_ID,32,2,0.030301809310913086,1,direct linear solve; no iterative scheme,5a59d5e6203d965723777be41180d81bdb39d6dd1c26867b8a59aa94e91e6e51
TOTAL_FLUX,WIENER_GAUSSIAN,1000.0,OFF_GRID_OOD,13,2,0.021503925323486328,1,direct linear solve; no iterative scheme,5a59d5e6203d965723777be41180d81bdb39d6dd1c26867b8a59aa94e91e6e51
TOTAL_FLUX,LINEAR_STATE_SPACE,1000.0,IN_CLASS_ID,32,2,0.022150039672851562,1,direct linear solve; no iterative scheme,5a59d5e6203d965723777be41180d81bdb39d6dd1c26867b8a59aa94e91e6e51
TOTAL_FLUX,LINEAR_STATE_SPACE,1000.0,IN_CLASS_OOD,13,2,0.021064043045043945,1,direct linear solve; no iterative scheme,5a59d5e6203d965723777be41180d81bdb39d6dd1c26867b8a59aa94e91e6e51
TOTAL_FLUX,LINEAR_STATE_SPACE,1000.0,OFF_GRID_ID,32,2,0.023667573928833008,1,direct linear solve; no iterative scheme,5a59d5e6203d965723777be41180d81bdb39d6dd1c26867b8a59aa94e91e6e51
TOTAL_FLUX,LINEAR_STATE_SPACE,1000.0,OFF_GRID_OOD,13,2,0.021352291107177734,1,direct linear solve; no iterative scheme,5a59d5e6203d965723777be41180d81bdb39d6dd1c26867b8a59aa94e91e6e51
TOTAL_FLUX,TSVD,3000.0,IN_CLASS_ID,32,2,0.018402814865112305,1,direct linear solve; no iterative scheme,5a59d5e6203d965723777be41180d81bdb39d6dd1c26867b8a59aa94e91e6e51
TOTAL_FLUX,TSVD,3000.0,IN_CLASS_OOD,13,2,0.015952587127685547,1,direct linear solve; no iterative scheme,5a59d5e6203d965723777be41180d81bdb39d6dd1c26867b8a59aa94e91e6e51
TOTAL_FLUX,TSVD,3000.0,OFF_GRID_ID,32,2,0.018442153930664062,1,direct linear solve; no iterative scheme,5a59d5e6203d965723777be41180d81bdb39d6dd1c26867b8a59aa94e91e6e51
TOTAL_FLUX,TSVD,3000.0,OFF_GRID_OOD,13,2,0.017747879028320312,1,direct linear solve; no iterative scheme,5a59d5e6203d965723777be41180d81bdb39d6dd1c26867b8a59aa94e91e6e51
TOTAL_FLUX,RIDGE_IDENTITY,3000.0,IN_CLASS_ID,32,2,0.023624181747436523,1,direct linear solve; no iterative scheme,5a59d5e6203d965723777be41180d81bdb39d6dd1c26867b8a59aa94e91e6e51
TOTAL_FLUX,RIDGE_IDENTITY,3000.0,IN_CLASS_OOD,13,2,0.013884782791137695,1,direct linear solve; no iterative scheme,5a59d5e6203d965723777be41180d81bdb39d6dd1c26867b8a59aa94e91e6e51
TOTAL_FLUX,RIDGE_IDENTITY,3000.0,OFF_GRID_ID,32,2,0.01607680320739746,1,direct linear solve; no iterative scheme,5a59d5e6203d965723777be41180d81bdb39d6dd1c26867b8a59aa94e91e6e51
TOTAL_FLUX,RIDGE_IDENTITY,3000.0,OFF_GRID_OOD,13,2,0.013226747512817383,1,direct linear solve; no iterative scheme,5a59d5e6203d965723777be41180d81bdb39d6dd1c26867b8a59aa94e91e6e51
TOTAL_FLUX,TIKHONOV_TEMPORAL,3000.0,IN_CLASS_ID,32,2,0.01684403419494629,1,direct linear solve; no iterative scheme,5a59d5e6203d965723777be41180d81bdb39d6dd1c26867b8a59aa94e91e6e51
TOTAL_FLUX,TIKHONOV_TEMPORAL,3000.0,IN_CLASS_OOD,13,2,0.01390695571899414,1,direct linear solve; no iterative scheme,5a59d5e6203d965723777be41180d81bdb39d6dd1c26867b8a59aa94e91e6e51
TOTAL_FLUX,TIKHONOV_TEMPORAL,3000.0,OFF_GRID_ID,32,2,0.01585531234741211,1,direct linear solve; no iterative scheme,5a59d5e6203d965723777be41180d81bdb39d6dd1c26867b8a59aa94e91e6e51
TOTAL_FLUX,TIKHONOV_TEMPORAL,3000.0,OFF_GRID_OOD,13,2,0.013213396072387695,1,direct linear solve; no iterative scheme,5a59d5e6203d965723777be41180d81bdb39d6dd1c26867b8a59aa94e91e6e51
TOTAL_FLUX,WIENER_GAUSSIAN,3000.0,IN_CLASS_ID,32,2,0.023249387741088867,1,direct linear solve; no iterative scheme,5a59d5e6203d965723777be41180d81bdb39d6dd1c26867b8a59aa94e91e6e51
TOTAL_FLUX,WIENER_GAUSSIAN,3000.0,IN_CLASS_OOD,13,2,0.021078109741210938,1,direct linear solve; no iterative scheme,5a59d5e6203d965723777be41180d81bdb39d6dd1c26867b8a59aa94e91e6e51
TOTAL_FLUX,WIENER_GAUSSIAN,3000.0,OFF_GRID_ID,32,2,0.023800134658813477,1,direct linear solve; no iterative scheme,5a59d5e6203d965723777be41180d81bdb39d6dd1c26867b8a59aa94e91e6e51
TOTAL_FLUX,WIENER_GAUSSIAN,3000.0,OFF_GRID_OOD,13,2,0.02075672149658203,1,direct linear solve; no iterative scheme,5a59d5e6203d965723777be41180d81bdb39d6dd1c26867b8a59aa94e91e6e51
TOTAL_FLUX,LINEAR_STATE_SPACE,3000.0,IN_CLASS_ID,32,2,0.031244277954101562,1,direct linear solve; no iterative scheme,5a59d5e6203d965723777be41180d81bdb39d6dd1c26867b8a59aa94e91e6e51
TOTAL_FLUX,LINEAR_STATE_SPACE,3000.0,IN_CLASS_OOD,13,2,0.022226333618164062,1,direct linear solve; no iterative scheme,5a59d5e6203d965723777be41180d81bdb39d6dd1c26867b8a59aa94e91e6e51
TOTAL_FLUX,LINEAR_STATE_SPACE,3000.0,OFF_GRID_ID,32,2,0.02433490753173828,1,direct linear solve; no iterative scheme,5a59d5e6203d965723777be41180d81bdb39d6dd1c26867b8a59aa94e91e6e51
TOTAL_FLUX,LINEAR_STATE_SPACE,3000.0,OFF_GRID_OOD,13,2,0.02097320556640625,1,direct linear solve; no iterative scheme,5a59d5e6203d965723777be41180d81bdb39d6dd1c26867b8a59aa94e91e6e51
TOTAL_FLUX,TSVD,10000.0,IN_CLASS_ID,32,2,0.014881372451782227,1,direct linear solve; no iterative scheme,5a59d5e6203d965723777be41180d81bdb39d6dd1c26867b8a59aa94e91e6e51
TOTAL_FLUX,TSVD,10000.0,IN_CLASS_OOD,13,2,0.013698339462280273,1,direct linear solve; no iterative scheme,5a59d5e6203d965723777be41180d81bdb39d6dd1c26867b8a59aa94e91e6e51
TOTAL_FLUX,TSVD,10000.0,OFF_GRID_ID,32,2,0.01684427261352539,1,direct linear solve; no iterative scheme,5a59d5e6203d965723777be41180d81bdb39d6dd1c26867b8a59aa94e91e6e51
TOTAL_FLUX,TSVD,10000.0,OFF_GRID_OOD,13,2,0.015030860900878906,1,direct linear solve; no iterative scheme,5a59d5e6203d965723777be41180d81bdb39d6dd1c26867b8a59aa94e91e6e51
TOTAL_FLUX,RIDGE_IDENTITY,10000.0,IN_CLASS_ID,32,2,0.016038179397583008,1,direct linear solve; no iterative scheme,5a59d5e6203d965723777be41180d81bdb39d6dd1c26867b8a59aa94e91e6e51
TOTAL_FLUX,RIDGE_IDENTITY,10000.0,IN_CLASS_OOD,13,2,0.015098333358764648,1,direct linear solve; no iterative scheme,5a59d5e6203d965723777be41180d81bdb39d6dd1c26867b8a59aa94e91e6e51
TOTAL_FLUX,RIDGE_IDENTITY,10000.0,OFF_GRID_ID,32,2,0.017130374908447266,1,direct linear solve; no iterative scheme,5a59d5e6203d965723777be41180d81bdb39d6dd1c26867b8a59aa94e91e6e51
TOTAL_FLUX,RIDGE_IDENTITY,10000.0,OFF_GRID_OOD,13,2,0.015295267105102539,1,direct linear solve; no iterative scheme,5a59d5e6203d965723777be41180d81bdb39d6dd1c26867b8a59aa94e91e6e51
TOTAL_FLUX,TIKHONOV_TEMPORAL,10000.0,IN_CLASS_ID,32,2,0.015941619873046875,1,direct linear solve; no iterative scheme,5a59d5e6203d965723777be41180d81bdb39d6dd1c26867b8a59aa94e91e6e51
TOTAL_FLUX,TIKHONOV_TEMPORAL,10000.0,IN_CLASS_OOD,13,2,0.014638662338256836,1,direct linear solve; no iterative scheme,5a59d5e6203d965723777be41180d81bdb39d6dd1c26867b8a59aa94e91e6e51
TOTAL_FLUX,TIKHONOV_TEMPORAL,10000.0,OFF_GRID_ID,32,2,0.01617288589477539,1,direct linear solve; no iterative scheme,5a59d5e6203d965723777be41180d81bdb39d6dd1c26867b8a59aa94e91e6e51
TOTAL_FLUX,TIKHONOV_TEMPORAL,10000.0,OFF_GRID_OOD,13,2,0.013778209686279297,1,direct linear solve; no iterative scheme,5a59d5e6203d965723777be41180d81bdb39d6dd1c26867b8a59aa94e91e6e51
TOTAL_FLUX,WIENER_GAUSSIAN,10000.0,IN_CLASS_ID,32,2,0.02216482162475586,1,direct linear solve; no iterative scheme,5a59d5e6203d965723777be41180d81bdb39d6dd1c26867b8a59aa94e91e6e51
TOTAL_FLUX,WIENER_GAUSSIAN,10000.0,IN_CLASS_OOD,13,2,0.0220489501953125,1,direct linear solve; no iterative scheme,5a59d5e6203d965723777be41180d81bdb39d6dd1c26867b8a59aa94e91e6e51
TOTAL_FLUX,WIENER_GAUSSIAN,10000.0,OFF_GRID_ID,32,2,0.023036479949951172,1,direct linear solve; no iterative scheme,5a59d5e6203d965723777be41180d81bdb39d6dd1c26867b8a59aa94e91e6e51
TOTAL_FLUX,WIENER_GAUSSIAN,10000.0,OFF_GRID_OOD,13,2,0.02499556541442871,1,direct linear solve; no iterative scheme,5a59d5e6203d965723777be41180d81bdb39d6dd1c26867b8a59aa94e91e6e51
TOTAL_FLUX,LINEAR_STATE_SPACE,10000.0,IN_CLASS_ID,32,2,0.02163529396057129,1,direct linear solve; no iterative scheme,5a59d5e6203d965723777be41180d81bdb39d6dd1c26867b8a59aa94e91e6e51
TOTAL_FLUX,LINEAR_STATE_SPACE,10000.0,IN_CLASS_OOD,13,2,0.022198200225830078,1,direct linear solve; no iterative scheme,5a59d5e6203d965723777be41180d81bdb39d6dd1c26867b8a59aa94e91e6e51
TOTAL_FLUX,LINEAR_STATE_SPACE,10000.0,OFF_GRID_ID,32,2,0.022276639938354492,1,direct linear solve; no iterative scheme,5a59d5e6203d965723777be41180d81bdb39d6dd1c26867b8a59aa94e91e6e51
TOTAL_FLUX,LINEAR_STATE_SPACE,10000.0,OFF_GRID_OOD,13,2,0.020934343338012695,1,direct linear solve; no iterative scheme,5a59d5e6203d965723777be41180d81bdb39d6dd1c26867b8a59aa94e91e6e51
TOTAL_FLUX,TSVD,30000.0,IN_CLASS_ID,32,2,0.015513420104980469,1,direct linear solve; no iterative scheme,5a59d5e6203d965723777be41180d81bdb39d6dd1c26867b8a59aa94e91e6e51
TOTAL_FLUX,TSVD,30000.0,IN_CLASS_OOD,13,2,0.014143228530883789,1,direct linear solve; no iterative scheme,5a59d5e6203d965723777be41180d81bdb39d6dd1c26867b8a59aa94e91e6e51
TOTAL_FLUX,TSVD,30000.0,OFF_GRID_ID,32,2,0.017834901809692383,1,direct linear solve; no iterative scheme,5a59d5e6203d965723777be41180d81bdb39d6dd1c26867b8a59aa94e91e6e51
TOTAL_FLUX,TSVD,30000.0,OFF_GRID_OOD,13,2,0.015781879425048828,1,direct linear solve; no iterative scheme,5a59d5e6203d965723777be41180d81bdb39d6dd1c26867b8a59aa94e91e6e51
TOTAL_FLUX,RIDGE_IDENTITY,30000.0,IN_CLASS_ID,32,2,0.017327547073364258,1,direct linear solve; no iterative scheme,5a59d5e6203d965723777be41180d81bdb39d6dd1c26867b8a59aa94e91e6e51
TOTAL_FLUX,RIDGE_IDENTITY,30000.0,IN_CLASS_OOD,13,2,0.014290094375610352,1,direct linear solve; no iterative scheme,5a59d5e6203d965723777be41180d81bdb39d6dd1c26867b8a59aa94e91e6e51
TOTAL_FLUX,RIDGE_IDENTITY,30000.0,OFF_GRID_ID,32,2,0.016915321350097656,1,direct linear solve; no iterative scheme,5a59d5e6203d965723777be41180d81bdb39d6dd1c26867b8a59aa94e91e6e51
TOTAL_FLUX,RIDGE_IDENTITY,30000.0,OFF_GRID_OOD,13,2,0.015258550643920898,1,direct linear solve; no iterative scheme,5a59d5e6203d965723777be41180d81bdb39d6dd1c26867b8a59aa94e91e6e51
TOTAL_FLUX,TIKHONOV_TEMPORAL,30000.0,IN_CLASS_ID,32,2,0.021532535552978516,1,direct linear solve; no iterative scheme,5a59d5e6203d965723777be41180d81bdb39d6dd1c26867b8a59aa94e91e6e51
TOTAL_FLUX,TIKHONOV_TEMPORAL,30000.0,IN_CLASS_OOD,13,2,0.015293359756469727,1,direct linear solve; no iterative scheme,5a59d5e6203d965723777be41180d81bdb39d6dd1c26867b8a59aa94e91e6e51
TOTAL_FLUX,TIKHONOV_TEMPORAL,30000.0,OFF_GRID_ID,32,2,0.017409324645996094,1,direct linear solve; no iterative scheme,5a59d5e6203d965723777be41180d81bdb39d6dd1c26867b8a59aa94e91e6e51
TOTAL_FLUX,TIKHONOV_TEMPORAL,30000.0,OFF_GRID_OOD,13,2,0.014647722244262695,1,direct linear solve; no iterative scheme,5a59d5e6203d965723777be41180d81bdb39d6dd1c26867b8a59aa94e91e6e51
TOTAL_FLUX,WIENER_GAUSSIAN,30000.0,IN_CLASS_ID,32,2,0.024286746978759766,1,direct linear solve; no iterative scheme,5a59d5e6203d965723777be41180d81bdb39d6dd1c26867b8a59aa94e91e6e51
TOTAL_FLUX,WIENER_GAUSSIAN,30000.0,IN_CLASS_OOD,13,2,0.022771835327148438,1,direct linear solve; no iterative scheme,5a59d5e6203d965723777be41180d81bdb39d6dd1c26867b8a59aa94e91e6e51
TOTAL_FLUX,WIENER_GAUSSIAN,30000.0,OFF_GRID_ID,32,2,0.02395176887512207,1,direct linear solve; no iterative scheme,5a59d5e6203d965723777be41180d81bdb39d6dd1c26867b8a59aa94e91e6e51
TOTAL_FLUX,WIENER_GAUSSIAN,30000.0,OFF_GRID_OOD,13,2,0.021682024002075195,1,direct linear solve; no iterative scheme,5a59d5e6203d965723777be41180d81bdb39d6dd1c26867b8a59aa94e91e6e51
TOTAL_FLUX,LINEAR_STATE_SPACE,30000.0,IN_CLASS_ID,32,2,0.022159099578857422,1,direct linear solve; no iterative scheme,5a59d5e6203d965723777be41180d81bdb39d6dd1c26867b8a59aa94e91e6e51
TOTAL_FLUX,LINEAR_STATE_SPACE,30000.0,IN_CLASS_OOD,13,2,0.021470308303833008,1,direct linear solve; no iterative scheme,5a59d5e6203d965723777be41180d81bdb39d6dd1c26867b8a59aa94e91e6e51
TOTAL_FLUX,LINEAR_STATE_SPACE,30000.0,OFF_GRID_ID,32,2,0.023395299911499023,1,direct linear solve; no iterative scheme,5a59d5e6203d965723777be41180d81bdb39d6dd1c26867b8a59aa94e91e6e51
TOTAL_FLUX,LINEAR_STATE_SPACE,30000.0,OFF_GRID_OOD,13,2,0.021639108657836914,1,direct linear solve; no iterative scheme,5a59d5e6203d965723777be41180d81bdb39d6dd1c26867b8a59aa94e91e6e51
TOTAL_FLUX,TSVD,100000.0,IN_CLASS_ID,32,2,0.016360044479370117,1,direct linear solve; no iterative scheme,5a59d5e6203d965723777be41180d81bdb39d6dd1c26867b8a59aa94e91e6e51
TOTAL_FLUX,TSVD,100000.0,IN_CLASS_OOD,13,2,0.01712203025817871,1,direct linear solve; no iterative scheme,5a59d5e6203d965723777be41180d81bdb39d6dd1c26867b8a59aa94e91e6e51
TOTAL_FLUX,TSVD,100000.0,OFF_GRID_ID,32,2,0.01797199249267578,1,direct linear solve; no iterative scheme,5a59d5e6203d965723777be41180d81bdb39d6dd1c26867b8a59aa94e91e6e51
TOTAL_FLUX,TSVD,100000.0,OFF_GRID_OOD,13,2,0.01576685905456543,1,direct linear solve; no iterative scheme,5a59d5e6203d965723777be41180d81bdb39d6dd1c26867b8a59aa94e91e6e51
TOTAL_FLUX,RIDGE_IDENTITY,100000.0,IN_CLASS_ID,32,2,0.017072439193725586,1,direct linear solve; no iterative scheme,5a59d5e6203d965723777be41180d81bdb39d6dd1c26867b8a59aa94e91e6e51
TOTAL_FLUX,RIDGE_IDENTITY,100000.0,IN_CLASS_OOD,13,2,0.015058040618896484,1,direct linear solve; no iterative scheme,5a59d5e6203d965723777be41180d81bdb39d6dd1c26867b8a59aa94e91e6e51
TOTAL_FLUX,RIDGE_IDENTITY,100000.0,OFF_GRID_ID,32,2,0.01707005500793457,1,direct linear solve; no iterative scheme,5a59d5e6203d965723777be41180d81bdb39d6dd1c26867b8a59aa94e91e6e51
TOTAL_FLUX,RIDGE_IDENTITY,100000.0,OFF_GRID_OOD,13,2,0.015950679779052734,1,direct linear solve; no iterative scheme,5a59d5e6203d965723777be41180d81bdb39d6dd1c26867b8a59aa94e91e6e51
TOTAL_FLUX,TIKHONOV_TEMPORAL,100000.0,IN_CLASS_ID,32,2,0.01630878448486328,1,direct linear solve; no iterative scheme,5a59d5e6203d965723777be41180d81bdb39d6dd1c26867b8a59aa94e91e6e51
TOTAL_FLUX,TIKHONOV_TEMPORAL,100000.0,IN_CLASS_OOD,13,2,0.016140222549438477,1,direct linear solve; no iterative scheme,5a59d5e6203d965723777be41180d81bdb39d6dd1c26867b8a59aa94e91e6e51
TOTAL_FLUX,TIKHONOV_TEMPORAL,100000.0,OFF_GRID_ID,32,2,0.01734161376953125,1,direct linear solve; no iterative scheme,5a59d5e6203d965723777be41180d81bdb39d6dd1c26867b8a59aa94e91e6e51
TOTAL_FLUX,TIKHONOV_TEMPORAL,100000.0,OFF_GRID_OOD,13,2,0.024125099182128906,1,direct linear solve; no iterative scheme,5a59d5e6203d965723777be41180d81bdb39d6dd1c26867b8a59aa94e91e6e51
TOTAL_FLUX,WIENER_GAUSSIAN,100000.0,IN_CLASS_ID,32,2,0.025359392166137695,1,direct linear solve; no iterative scheme,5a59d5e6203d965723777be41180d81bdb39d6dd1c26867b8a59aa94e91e6e51
TOTAL_FLUX,WIENER_GAUSSIAN,100000.0,IN_CLASS_OOD,13,2,0.024763822555541992,1,direct linear solve; no iterative scheme,5a59d5e6203d965723777be41180d81bdb39d6dd1c26867b8a59aa94e91e6e51
TOTAL_FLUX,WIENER_GAUSSIAN,100000.0,OFF_GRID_ID,32,2,0.025135278701782227,1,direct linear solve; no iterative scheme,5a59d5e6203d965723777be41180d81bdb39d6dd1c26867b8a59aa94e91e6e51
TOTAL_FLUX,WIENER_GAUSSIAN,100000.0,OFF_GRID_OOD,13,2,0.02279520034790039,1,direct linear solve; no iterative scheme,5a59d5e6203d965723777be41180d81bdb39d6dd1c26867b8a59aa94e91e6e51
TOTAL_FLUX,LINEAR_STATE_SPACE,100000.0,IN_CLASS_ID,32,2,0.02359628677368164,1,direct linear solve; no iterative scheme,5a59d5e6203d965723777be41180d81bdb39d6dd1c26867b8a59aa94e91e6e51
TOTAL_FLUX,LINEAR_STATE_SPACE,100000.0,IN_CLASS_OOD,13,2,0.02471923828125,1,direct linear solve; no iterative scheme,5a59d5e6203d965723777be41180d81bdb39d6dd1c26867b8a59aa94e91e6e51
TOTAL_FLUX,LINEAR_STATE_SPACE,100000.0,OFF_GRID_ID,32,2,0.0230252742767334,1,direct linear solve; no iterative scheme,5a59d5e6203d965723777be41180d81bdb39d6dd1c26867b8a59aa94e91e6e51
TOTAL_FLUX,LINEAR_STATE_SPACE,100000.0,OFF_GRID_OOD,13,2,0.022052764892578125,1,direct linear solve; no iterative scheme,5a59d5e6203d965723777be41180d81bdb39d6dd1c26867b8a59aa94e91e6e51
TOTAL_FLUX,TSVD,1000000.0,IN_CLASS_ID,32,2,0.015834808349609375,1,direct linear solve; no iterative scheme,5a59d5e6203d965723777be41180d81bdb39d6dd1c26867b8a59aa94e91e6e51
TOTAL_FLUX,TSVD,1000000.0,IN_CLASS_OOD,13,2,0.014974594116210938,1,direct linear solve; no iterative scheme,5a59d5e6203d965723777be41180d81bdb39d6dd1c26867b8a59aa94e91e6e51
TOTAL_FLUX,TSVD,1000000.0,OFF_GRID_ID,32,2,0.025719881057739258,1,direct linear solve; no iterative scheme,5a59d5e6203d965723777be41180d81bdb39d6dd1c26867b8a59aa94e91e6e51
TOTAL_FLUX,TSVD,1000000.0,OFF_GRID_OOD,13,2,0.014853239059448242,1,direct linear solve; no iterative scheme,5a59d5e6203d965723777be41180d81bdb39d6dd1c26867b8a59aa94e91e6e51
TOTAL_FLUX,RIDGE_IDENTITY,1000000.0,IN_CLASS_ID,32,2,0.016863346099853516,1,direct linear solve; no iterative scheme,5a59d5e6203d965723777be41180d81bdb39d6dd1c26867b8a59aa94e91e6e51
TOTAL_FLUX,RIDGE_IDENTITY,1000000.0,IN_CLASS_OOD,13,2,0.017387866973876953,1,direct linear solve; no iterative scheme,5a59d5e6203d965723777be41180d81bdb39d6dd1c26867b8a59aa94e91e6e51
TOTAL_FLUX,RIDGE_IDENTITY,1000000.0,OFF_GRID_ID,32,2,0.017143726348876953,1,direct linear solve; no iterative scheme,5a59d5e6203d965723777be41180d81bdb39d6dd1c26867b8a59aa94e91e6e51
TOTAL_FLUX,RIDGE_IDENTITY,1000000.0,OFF_GRID_OOD,13,2,0.016484975814819336,1,direct linear solve; no iterative scheme,5a59d5e6203d965723777be41180d81bdb39d6dd1c26867b8a59aa94e91e6e51
TOTAL_FLUX,TIKHONOV_TEMPORAL,1000000.0,IN_CLASS_ID,32,2,0.01598215103149414,1,direct linear solve; no iterative scheme,5a59d5e6203d965723777be41180d81bdb39d6dd1c26867b8a59aa94e91e6e51
TOTAL_FLUX,TIKHONOV_TEMPORAL,1000000.0,IN_CLASS_OOD,13,2,0.014136075973510742,1,direct linear solve; no iterative scheme,5a59d5e6203d965723777be41180d81bdb39d6dd1c26867b8a59aa94e91e6e51
TOTAL_FLUX,TIKHONOV_TEMPORAL,1000000.0,OFF_GRID_ID,32,2,0.01668381690979004,1,direct linear solve; no iterative scheme,5a59d5e6203d965723777be41180d81bdb39d6dd1c26867b8a59aa94e91e6e51
TOTAL_FLUX,TIKHONOV_TEMPORAL,1000000.0,OFF_GRID_OOD,13,2,0.014336109161376953,1,direct linear solve; no iterative scheme,5a59d5e6203d965723777be41180d81bdb39d6dd1c26867b8a59aa94e91e6e51
TOTAL_FLUX,WIENER_GAUSSIAN,1000000.0,IN_CLASS_ID,32,2,0.029506444931030273,1,direct linear solve; no iterative scheme,5a59d5e6203d965723777be41180d81bdb39d6dd1c26867b8a59aa94e91e6e51
TOTAL_FLUX,WIENER_GAUSSIAN,1000000.0,IN_CLASS_OOD,13,2,0.02174091339111328,1,direct linear solve; no iterative scheme,5a59d5e6203d965723777be41180d81bdb39d6dd1c26867b8a59aa94e91e6e51
TOTAL_FLUX,WIENER_GAUSSIAN,1000000.0,OFF_GRID_ID,32,2,0.02315998077392578,1,direct linear solve; no iterative scheme,5a59d5e6203d965723777be41180d81bdb39d6dd1c26867b8a59aa94e91e6e51
TOTAL_FLUX,WIENER_GAUSSIAN,1000000.0,OFF_GRID_OOD,13,2,0.021451950073242188,1,direct linear solve; no iterative scheme,5a59d5e6203d965723777be41180d81bdb39d6dd1c26867b8a59aa94e91e6e51
TOTAL_FLUX,LINEAR_STATE_SPACE,1000000.0,IN_CLASS_ID,32,2,0.02170395851135254,1,direct linear solve; no iterative scheme,5a59d5e6203d965723777be41180d81bdb39d6dd1c26867b8a59aa94e91e6e51
TOTAL_FLUX,LINEAR_STATE_SPACE,1000000.0,IN_CLASS_OOD,13,2,0.02119898796081543,1,direct linear solve; no iterative scheme,5a59d5e6203d965723777be41180d81bdb39d6dd1c26867b8a59aa94e91e6e51
TOTAL_FLUX,LINEAR_STATE_SPACE,1000000.0,OFF_GRID_ID,32,2,0.02357959747314453,1,direct linear solve; no iterative scheme,5a59d5e6203d965723777be41180d81bdb39d6dd1c26867b8a59aa94e91e6e51
TOTAL_FLUX,LINEAR_STATE_SPACE,1000000.0,OFF_GRID_OOD,13,2,0.020101547241210938,1,direct linear solve; no iterative scheme,5a59d5e6203d965723777be41180d81bdb39d6dd1c26867b8a59aa94e91e6e51
