arm,estimator,snr0,regime,n_level_modes,error_level_absolute,error_structure_absolute,error_level_normalized,error_structure_normalized,level_fraction_of_truth,old_band_error_level_normalized,old_band_error_structure_normalized,definition,freeze_sha256
DIRECT_PHYSICAL,TSVD,1.0,IN_CLASS_ID,8,0.739882219918743,0.2939066329943377,0.6543167445749276,1.2363850390786333,0.9838218863433618,0.7593463156510287,1.112483581987279,"x = P_level x + P_structure x, P_level the orthogonal projection onto spatially constant fields. Diagnostic; no threshold",4ef162320e09086a16f1e130b09a507d399438740647147560f339cd2aa60069
DIRECT_PHYSICAL,TSVD,1.0,IN_CLASS_OOD,8,0.6536679619477781,0.19766941384120784,0.642907401746536,20.298593587638777,0.999967713750053,0.7537066993850597,49.86777302104484,"x = P_level x + P_structure x, P_level the orthogonal projection onto spatially constant fields. Diagnostic; no threshold",4ef162320e09086a16f1e130b09a507d399438740647147560f339cd2aa60069
DIRECT_PHYSICAL,TSVD,1.0,OFF_GRID_ID,8,0.6741662692719392,0.2535538830610522,0.6475873528942017,1.9478546563158734,0.9949598138466409,0.7596481577190057,1.489644502455475,"x = P_level x + P_structure x, P_level the orthogonal projection onto spatially constant fields. Diagnostic; no threshold",4ef162320e09086a16f1e130b09a507d399438740647147560f339cd2aa60069
DIRECT_PHYSICAL,TSVD,1.0,OFF_GRID_OOD,8,0.6463772364852909,0.19482132790849427,0.6463638729814276,559.0631600205325,0.9999999598601026,0.7609578577387064,762.3323958628323,"x = P_level x + P_structure x, P_level the orthogonal projection onto spatially constant fields. Diagnostic; no threshold",4ef162320e09086a16f1e130b09a507d399438740647147560f339cd2aa60069
DIRECT_PHYSICAL,RIDGE_IDENTITY,1.0,IN_CLASS_ID,8,0.6914271738895712,0.3398598312803685,0.6069485207735356,1.396901489037901,0.9838218863433618,0.7427372493017155,1.2464189170989248,"x = P_level x + P_structure x, P_level the orthogonal projection onto spatially constant fields. Diagnostic; no threshold",4ef162320e09086a16f1e130b09a507d399438740647147560f339cd2aa60069
DIRECT_PHYSICAL,RIDGE_IDENTITY,1.0,IN_CLASS_OOD,8,0.5942515890095657,0.2754690988181946,0.5869774271072312,28.412418261693908,0.999967713750053,0.7379251206159219,72.2160445925141,"x = P_level x + P_structure x, P_level the orthogonal projection onto spatially constant fields. Diagnostic; no threshold",4ef162320e09086a16f1e130b09a507d399438740647147560f339cd2aa60069
DIRECT_PHYSICAL,RIDGE_IDENTITY,1.0,OFF_GRID_ID,8,0.6234356123463958,0.3126617339226039,0.6027645130055185,2.4929510107431576,0.9949598138466409,0.7415155934211874,1.9863302749372058,"x = P_level x + P_structure x, P_level the orthogonal projection onto spatially constant fields. Diagnostic; no threshold",4ef162320e09086a16f1e130b09a507d399438740647147560f339cd2aa60069
DIRECT_PHYSICAL,RIDGE_IDENTITY,1.0,OFF_GRID_OOD,8,0.59157828276296,0.2720959418378759,0.5910814862150018,796.2967005675921,0.9999999598601026,0.7458030040978016,1140.4406086713839,"x = P_level x + P_structure x, P_level the orthogonal projection onto spatially constant fields. Diagnostic; no threshold",4ef162320e09086a16f1e130b09a507d399438740647147560f339cd2aa60069
DIRECT_PHYSICAL,TIKHONOV_TEMPORAL,1.0,IN_CLASS_ID,8,0.3415188035079134,1.012070735879637,0.2745655293125829,4.80220307487502,0.9838218863433618,0.4162129986472557,7.337569653791617,"x = P_level x + P_structure x, P_level the orthogonal projection onto spatially constant fields. Diagnostic; no threshold",4ef162320e09086a16f1e130b09a507d399438740647147560f339cd2aa60069
DIRECT_PHYSICAL,TIKHONOV_TEMPORAL,1.0,IN_CLASS_OOD,8,0.29010573496217357,0.944446100300774,0.2856034199466063,102.06734773009154,0.999967713750053,0.44754873684356355,563.0460276803042,"x = P_level x + P_structure x, P_level the orthogonal projection onto spatially constant fields. Diagnostic; no threshold",4ef162320e09086a16f1e130b09a507d399438740647147560f339cd2aa60069
DIRECT_PHYSICAL,TIKHONOV_TEMPORAL,1.0,OFF_GRID_ID,8,0.3115855023788109,0.9723629682255202,0.29549825211540887,9.389620456199163,0.9949598138466409,0.4424320774412143,14.63236081757304,"x = P_level x + P_structure x, P_level the orthogonal projection onto spatially constant fields. Diagnostic; no threshold",4ef162320e09086a16f1e130b09a507d399438740647147560f339cd2aa60069
DIRECT_PHYSICAL,TIKHONOV_TEMPORAL,1.0,OFF_GRID_OOD,8,0.2946480999283525,0.9452462935433756,0.29461664406837396,2882.9895679546007,0.9999999598601026,0.46500496176327255,9871.451368710776,"x = P_level x + P_structure x, P_level the orthogonal projection onto spatially constant fields. Diagnostic; no threshold",4ef162320e09086a16f1e130b09a507d399438740647147560f339cd2aa60069
DIRECT_PHYSICAL,WIENER_GAUSSIAN,1.0,IN_CLASS_ID,8,0.027582522652517004,0.08972431099486548,0.021537539704260228,0.499675387033535,0.9838218863433618,0.02144931082369703,0.5987514518562441,"x = P_level x + P_structure x, P_level the orthogonal projection onto spatially constant fields. Diagnostic; no threshold",4ef162320e09086a16f1e130b09a507d399438740647147560f339cd2aa60069
DIRECT_PHYSICAL,WIENER_GAUSSIAN,1.0,IN_CLASS_OOD,8,0.033172299245206247,0.06623038359303357,0.03247259903667651,8.000179331792546,0.999967713750053,0.041570176060603065,30.155433151889802,"x = P_level x + P_structure x, P_level the orthogonal projection onto spatially constant fields. Diagnostic; no threshold",4ef162320e09086a16f1e130b09a507d399438740647147560f339cd2aa60069
DIRECT_PHYSICAL,WIENER_GAUSSIAN,1.0,OFF_GRID_ID,8,0.024300690950358955,0.10937220242653001,0.023494032412189884,1.0704347025562275,0.9949598138466409,0.0234334259986855,1.0770304245420301,"x = P_level x + P_structure x, P_level the orthogonal projection onto spatially constant fields. Diagnostic; no threshold",4ef162320e09086a16f1e130b09a507d399438740647147560f339cd2aa60069
DIRECT_PHYSICAL,WIENER_GAUSSIAN,1.0,OFF_GRID_OOD,8,0.02275832564697557,0.053738280557706825,0.0227589816184952,187.89292179801467,0.9999999598601026,0.022565866765147984,344.19479666308115,"x = P_level x + P_structure x, P_level the orthogonal projection onto spatially constant fields. Diagnostic; no threshold",4ef162320e09086a16f1e130b09a507d399438740647147560f339cd2aa60069
DIRECT_PHYSICAL,LINEAR_STATE_SPACE,1.0,IN_CLASS_ID,8,0.36475781053367007,1.015087660153048,0.292461883714555,4.799270826834264,0.9838218863433618,0.4380503501808921,7.307988993252867,"x = P_level x + P_structure x, P_level the orthogonal projection onto spatially constant fields. Diagnostic; no threshold",4ef162320e09086a16f1e130b09a507d399438740647147560f339cd2aa60069
DIRECT_PHYSICAL,LINEAR_STATE_SPACE,1.0,IN_CLASS_OOD,8,0.311626682419454,0.9378017838668196,0.30650672072900065,100.70496309388312,0.999967713750053,0.4740351337489096,565.2936492713536,"x = P_level x + P_structure x, P_level the orthogonal projection onto spatially constant fields. Diagnostic; no threshold",4ef162320e09086a16f1e130b09a507d399438740647147560f339cd2aa60069
DIRECT_PHYSICAL,LINEAR_STATE_SPACE,1.0,OFF_GRID_ID,8,0.33087931101972745,0.9740241736662685,0.3156150403610407,9.36814953840704,0.9949598138466409,0.465232113639501,14.642474173498439,"x = P_level x + P_structure x, P_level the orthogonal projection onto spatially constant fields. Diagnostic; no threshold",4ef162320e09086a16f1e130b09a507d399438740647147560f339cd2aa60069
DIRECT_PHYSICAL,LINEAR_STATE_SPACE,1.0,OFF_GRID_OOD,8,0.31555219120470046,0.9403943097322407,0.31537653975487145,2836.6068563349563,0.9999999598601026,0.48750232885121325,9846.958080704291,"x = P_level x + P_structure x, P_level the orthogonal projection onto spatially constant fields. Diagnostic; no threshold",4ef162320e09086a16f1e130b09a507d399438740647147560f339cd2aa60069
DIRECT_PHYSICAL,TSVD,3.0,IN_CLASS_ID,8,0.6611910704066001,0.2625264195133533,0.5665915633189967,1.1857046032238874,0.9838218863433618,0.7226553299367825,1.1726874480584404,"x = P_level x + P_structure x, P_level the orthogonal projection onto spatially constant fields. Diagnostic; no threshold",4ef162320e09086a16f1e130b09a507d399438740647147560f339cd2aa60069
DIRECT_PHYSICAL,TSVD,3.0,IN_CLASS_OOD,8,0.5655262409650937,0.18638681006100014,0.5526679183657563,17.91829757090062,0.999967713750053,0.7119813813717861,52.19508147831837,"x = P_level x + P_structure x, P_level the orthogonal projection onto spatially constant fields. Diagnostic; no threshold",4ef162320e09086a16f1e130b09a507d399438740647147560f339cd2aa60069
DIRECT_PHYSICAL,TSVD,3.0,OFF_GRID_ID,8,0.5861326809996347,0.23757273210078828,0.5633246951694026,1.9480431548425061,0.9949598138466409,0.7199890796995443,1.6482138607936452,"x = P_level x + P_structure x, P_level the orthogonal projection onto spatially constant fields. Diagnostic; no threshold",4ef162320e09086a16f1e130b09a507d399438740647147560f339cd2aa60069
DIRECT_PHYSICAL,TSVD,3.0,OFF_GRID_OOD,8,0.5602661148963382,0.18284382752159667,0.5602550968225075,546.0379728900928,0.9999999598601026,0.7199178645649196,844.4295834905008,"x = P_level x + P_structure x, P_level the orthogonal projection onto spatially constant fields. Diagnostic; no threshold",4ef162320e09086a16f1e130b09a507d399438740647147560f339cd2aa60069
DIRECT_PHYSICAL,RIDGE_IDENTITY,3.0,IN_CLASS_ID,8,0.6194172142335164,0.3034223339406217,0.5291090600819987,1.3136953407568053,0.9838218863433618,0.7106761002248361,1.2854037187304477,"x = P_level x + P_structure x, P_level the orthogonal projection onto spatially constant fields. Diagnostic; no threshold",4ef162320e09086a16f1e130b09a507d399438740647147560f339cd2aa60069
DIRECT_PHYSICAL,RIDGE_IDENTITY,3.0,IN_CLASS_OOD,8,0.5396025710366565,0.24399051758963453,0.5348708879436317,26.425563850068208,0.999967713750053,0.703660913114041,74.51702244324473,"x = P_level x + P_structure x, P_level the orthogonal projection onto spatially constant fields. Diagnostic; no threshold",4ef162320e09086a16f1e130b09a507d399438740647147560f339cd2aa60069
DIRECT_PHYSICAL,RIDGE_IDENTITY,3.0,OFF_GRID_ID,8,0.553718330351887,0.28828786165610576,0.5319575048100988,2.4062292551900804,0.9949598138466409,0.7085957619137632,2.072182197887334,"x = P_level x + P_structure x, P_level the orthogonal projection onto spatially constant fields. Diagnostic; no threshold",4ef162320e09086a16f1e130b09a507d399438740647147560f339cd2aa60069
DIRECT_PHYSICAL,RIDGE_IDENTITY,3.0,OFF_GRID_OOD,8,0.5406847607865024,0.24276684194976145,0.539558721415739,739.0718765872675,0.9999999598601026,0.7109223944734966,1246.242195588718,"x = P_level x + P_structure x, P_level the orthogonal projection onto spatially constant fields. Diagnostic; no threshold",4ef162320e09086a16f1e130b09a507d399438740647147560f339cd2aa60069
DIRECT_PHYSICAL,TIKHONOV_TEMPORAL,3.0,IN_CLASS_ID,8,0.18234275758922336,0.4377639934203348,0.14819869877471914,2.184192931567484,0.9838218863433618,0.2797077158597856,3.4763420907398124,"x = P_level x + P_structure x, P_level the orthogonal projection onto spatially constant fields. Diagnostic; no threshold",4ef162320e09086a16f1e130b09a507d399438740647147560f339cd2aa60069
DIRECT_PHYSICAL,TIKHONOV_TEMPORAL,3.0,IN_CLASS_OOD,8,0.15734957649046055,0.3652044287145286,0.15618119960366778,41.82069271766726,0.999967713750053,0.27642015682644794,238.13647569460508,"x = P_level x + P_structure x, P_level the orthogonal projection onto spatially constant fields. Diagnostic; no threshold",4ef162320e09086a16f1e130b09a507d399438740647147560f339cd2aa60069
DIRECT_PHYSICAL,TIKHONOV_TEMPORAL,3.0,OFF_GRID_ID,8,0.16359912574536337,0.40975310207390553,0.15651546422326398,3.941151782336782,0.9949598138466409,0.2864679592285502,5.809897380788534,"x = P_level x + P_structure x, P_level the orthogonal projection onto spatially constant fields. Diagnostic; no threshold",4ef162320e09086a16f1e130b09a507d399438740647147560f339cd2aa60069
DIRECT_PHYSICAL,TIKHONOV_TEMPORAL,3.0,OFF_GRID_OOD,8,0.15876292602560016,0.35533602538813847,0.1583381276881694,1236.670492297829,0.9999999598601026,0.29151288396294667,4092.133752672871,"x = P_level x + P_structure x, P_level the orthogonal projection onto spatially constant fields. Diagnostic; no threshold",4ef162320e09086a16f1e130b09a507d399438740647147560f339cd2aa60069
DIRECT_PHYSICAL,WIENER_GAUSSIAN,3.0,IN_CLASS_ID,8,0.05027804112536269,0.12577329044283794,0.04228324572468256,0.6524030005189425,0.9838218863433618,0.042407896716633586,0.7464216186410311,"x = P_level x + P_structure x, P_level the orthogonal projection onto spatially constant fields. Diagnostic; no threshold",4ef162320e09086a16f1e130b09a507d399438740647147560f339cd2aa60069
DIRECT_PHYSICAL,WIENER_GAUSSIAN,3.0,IN_CLASS_OOD,8,0.041879353081448176,0.11211706819947953,0.04145708939117822,14.430727013542148,0.999967713750053,0.03256795153824812,54.19936079015733,"x = P_level x + P_structure x, P_level the orthogonal projection onto spatially constant fields. Diagnostic; no threshold",4ef162320e09086a16f1e130b09a507d399438740647147560f339cd2aa60069
DIRECT_PHYSICAL,WIENER_GAUSSIAN,3.0,OFF_GRID_ID,8,0.04732538228749242,0.14256243033418547,0.0464692468537876,1.4133880157693,0.9949598138466409,0.046390420645592345,1.451554944590802,"x = P_level x + P_structure x, P_level the orthogonal projection onto spatially constant fields. Diagnostic; no threshold",4ef162320e09086a16f1e130b09a507d399438740647147560f339cd2aa60069
DIRECT_PHYSICAL,WIENER_GAUSSIAN,3.0,OFF_GRID_OOD,8,0.049282185048597854,0.106445937469706,0.04922936777916487,373.82470801540563,0.9999999598601026,0.04899955545166007,751.4535617552899,"x = P_level x + P_structure x, P_level the orthogonal projection onto spatially constant fields. Diagnostic; no threshold",4ef162320e09086a16f1e130b09a507d399438740647147560f339cd2aa60069
DIRECT_PHYSICAL,LINEAR_STATE_SPACE,3.0,IN_CLASS_ID,8,0.19636227544983917,0.4408967866255693,0.1577033770457933,2.1989439499614756,0.9838218863433618,0.28930980387557403,3.4881349762181166,"x = P_level x + P_structure x, P_level the orthogonal projection onto spatially constant fields. Diagnostic; no threshold",4ef162320e09086a16f1e130b09a507d399438740647147560f339cd2aa60069
DIRECT_PHYSICAL,LINEAR_STATE_SPACE,3.0,IN_CLASS_OOD,8,0.16909560485997438,0.3635039575646126,0.1634813853040729,42.055402994697545,0.999967713750053,0.2920164134524241,240.56409319989115,"x = P_level x + P_structure x, P_level the orthogonal projection onto spatially constant fields. Diagnostic; no threshold",4ef162320e09086a16f1e130b09a507d399438740647147560f339cd2aa60069
DIRECT_PHYSICAL,LINEAR_STATE_SPACE,3.0,OFF_GRID_ID,8,0.17308041644713384,0.40853848005456617,0.16459497248520577,3.938999096637869,0.9949598138466409,0.2957957778571978,5.794045875679801,"x = P_level x + P_structure x, P_level the orthogonal projection onto spatially constant fields. Diagnostic; no threshold",4ef162320e09086a16f1e130b09a507d399438740647147560f339cd2aa60069
DIRECT_PHYSICAL,LINEAR_STATE_SPACE,3.0,OFF_GRID_OOD,8,0.16807333631439064,0.35658779100563504,0.1679699983985932,1242.245230943425,0.9999999598601026,0.296725384250797,4069.518877064931,"x = P_level x + P_structure x, P_level the orthogonal projection onto spatially constant fields. Diagnostic; no threshold",4ef162320e09086a16f1e130b09a507d399438740647147560f339cd2aa60069
DIRECT_PHYSICAL,TSVD,10.0,IN_CLASS_ID,8,0.5825423087164736,0.22257427442075095,0.49095237088241817,1.080631997988248,0.9838218863433618,0.6965906097198974,1.152154270600871,"x = P_level x + P_structure x, P_level the orthogonal projection onto spatially constant fields. Diagnostic; no threshold",4ef162320e09086a16f1e130b09a507d399438740647147560f339cd2aa60069
DIRECT_PHYSICAL,TSVD,10.0,IN_CLASS_OOD,8,0.4877881450810966,0.15385365224677308,0.48237869605476036,18.140704569256783,0.999967713750053,0.6872911379844386,51.03202891749426,"x = P_level x + P_structure x, P_level the orthogonal projection onto spatially constant fields. Diagnostic; no threshold",4ef162320e09086a16f1e130b09a507d399438740647147560f339cd2aa60069
DIRECT_PHYSICAL,TSVD,10.0,OFF_GRID_ID,8,0.5145692316763211,0.20902540462212804,0.49113876246683896,1.71736786609604,0.9949598138466409,0.6961211788962796,1.6059341727901504,"x = P_level x + P_structure x, P_level the orthogonal projection onto spatially constant fields. Diagnostic; no threshold",4ef162320e09086a16f1e130b09a507d399438740647147560f339cd2aa60069
DIRECT_PHYSICAL,TSVD,10.0,OFF_GRID_OOD,8,0.48747310042515174,0.15119437172538674,0.4873800849953609,478.2333239319548,0.9999999598601026,0.6971965684644847,846.0768890130109,"x = P_level x + P_structure x, P_level the orthogonal projection onto spatially constant fields. Diagnostic; no threshold",4ef162320e09086a16f1e130b09a507d399438740647147560f339cd2aa60069
DIRECT_PHYSICAL,RIDGE_IDENTITY,10.0,IN_CLASS_ID,8,0.5100828027273971,0.25730461358570256,0.4282935202693743,1.1854427368288305,0.9838218863433618,0.6819368644954211,1.2740893574686798,"x = P_level x + P_structure x, P_level the orthogonal projection onto spatially constant fields. Diagnostic; no threshold",4ef162320e09086a16f1e130b09a507d399438740647147560f339cd2aa60069
DIRECT_PHYSICAL,RIDGE_IDENTITY,10.0,IN_CLASS_OOD,8,0.4185926991368304,0.20002047301211529,0.41484521013466635,23.714983290394734,0.999967713750053,0.672776090124906,74.99660644092995,"x = P_level x + P_structure x, P_level the orthogonal projection onto spatially constant fields. Diagnostic; no threshold",4ef162320e09086a16f1e130b09a507d399438740647147560f339cd2aa60069
DIRECT_PHYSICAL,RIDGE_IDENTITY,10.0,OFF_GRID_ID,8,0.4492213097701754,0.24954817758596404,0.4299127417673838,2.1441467640188434,0.9949598138466409,0.6806336062840304,2.144811127488466,"x = P_level x + P_structure x, P_level the orthogonal projection onto spatially constant fields. Diagnostic; no threshold",4ef162320e09086a16f1e130b09a507d399438740647147560f339cd2aa60069
DIRECT_PHYSICAL,RIDGE_IDENTITY,10.0,OFF_GRID_OOD,8,0.4180412244763759,0.19906200862049905,0.41814995071201366,626.5310838392552,0.9999999598601026,0.6813526132175332,1189.2680458163218,"x = P_level x + P_structure x, P_level the orthogonal projection onto spatially constant fields. Diagnostic; no threshold",4ef162320e09086a16f1e130b09a507d399438740647147560f339cd2aa60069
DIRECT_PHYSICAL,TIKHONOV_TEMPORAL,10.0,IN_CLASS_ID,8,0.09831608627875663,0.22685438078881814,0.07851470162947027,1.2734758811550262,0.9838218863433618,0.2062218890052927,2.1521019717740844,"x = P_level x + P_structure x, P_level the orthogonal projection onto spatially constant fields. Diagnostic; no threshold",4ef162320e09086a16f1e130b09a507d399438740647147560f339cd2aa60069
DIRECT_PHYSICAL,TIKHONOV_TEMPORAL,10.0,IN_CLASS_OOD,8,0.08025249124253755,0.17290730210639538,0.0790641123063665,21.13024464226548,0.999967713750053,0.20233377204876402,121.98024196955487,"x = P_level x + P_structure x, P_level the orthogonal projection onto spatially constant fields. Diagnostic; no threshold",4ef162320e09086a16f1e130b09a507d399438740647147560f339cd2aa60069
DIRECT_PHYSICAL,TIKHONOV_TEMPORAL,10.0,OFF_GRID_ID,8,0.08390432061872706,0.22506576658026703,0.07930598994823028,2.108791161367578,0.9949598138466409,0.2076086513079121,3.0641851656055676,"x = P_level x + P_structure x, P_level the orthogonal projection onto spatially constant fields. Diagnostic; no threshold",4ef162320e09086a16f1e130b09a507d399438740647147560f339cd2aa60069
DIRECT_PHYSICAL,TIKHONOV_TEMPORAL,10.0,OFF_GRID_OOD,8,0.08023020752531768,0.16608904895377105,0.0802237660654237,579.1971078241559,0.9999999598601026,0.20804086578504513,1936.105791813766,"x = P_level x + P_structure x, P_level the orthogonal projection onto spatially constant fields. Diagnostic; no threshold",4ef162320e09086a16f1e130b09a507d399438740647147560f339cd2aa60069
DIRECT_PHYSICAL,WIENER_GAUSSIAN,10.0,IN_CLASS_ID,8,0.06881849554995528,0.1570410184461101,0.058011716978413445,0.7760801802596531,0.9838218863433618,0.05803110725226113,0.850157075651772,"x = P_level x + P_structure x, P_level the orthogonal projection onto spatially constant fields. Diagnostic; no threshold",4ef162320e09086a16f1e130b09a507d399438740647147560f339cd2aa60069
DIRECT_PHYSICAL,WIENER_GAUSSIAN,10.0,IN_CLASS_OOD,8,0.06171491783352555,0.14714250188599495,0.061072040614539205,18.66461480620169,0.999967713750053,0.05183799265222988,69.15130994963809,"x = P_level x + P_structure x, P_level the orthogonal projection onto spatially constant fields. Diagnostic; no threshold",4ef162320e09086a16f1e130b09a507d399438740647147560f339cd2aa60069
DIRECT_PHYSICAL,WIENER_GAUSSIAN,10.0,OFF_GRID_ID,8,0.06728228344944723,0.170313463991828,0.06648086172750665,1.6873063877856058,0.9949598138466409,0.06640273153042098,1.7412474008033745,"x = P_level x + P_structure x, P_level the orthogonal projection onto spatially constant fields. Diagnostic; no threshold",4ef162320e09086a16f1e130b09a507d399438740647147560f339cd2aa60069
DIRECT_PHYSICAL,WIENER_GAUSSIAN,10.0,OFF_GRID_OOD,8,0.06862272462537386,0.14215398823284375,0.06860553519519552,498.74063837943424,0.9999999598601026,0.06849468481468882,1006.2769978536772,"x = P_level x + P_structure x, P_level the orthogonal projection onto spatially constant fields. Diagnostic; no threshold",4ef162320e09086a16f1e130b09a507d399438740647147560f339cd2aa60069
DIRECT_PHYSICAL,LINEAR_STATE_SPACE,10.0,IN_CLASS_ID,8,0.1073293235716361,0.23227944782990556,0.08474237758095073,1.2880887349863752,0.9838218863433618,0.20868428314075893,2.1783456899379114,"x = P_level x + P_structure x, P_level the orthogonal projection onto spatially constant fields. Diagnostic; no threshold",4ef162320e09086a16f1e130b09a507d399438740647147560f339cd2aa60069
DIRECT_PHYSICAL,LINEAR_STATE_SPACE,10.0,IN_CLASS_OOD,8,0.08739794563475316,0.1700755054070664,0.0849802464619801,21.07410640536158,0.999967713750053,0.20299792927889393,122.1502661515059,"x = P_level x + P_structure x, P_level the orthogonal projection onto spatially constant fields. Diagnostic; no threshold",4ef162320e09086a16f1e130b09a507d399438740647147560f339cd2aa60069
DIRECT_PHYSICAL,LINEAR_STATE_SPACE,10.0,OFF_GRID_ID,8,0.09072347803032381,0.22390932025084698,0.08595072219545502,2.1113323265395803,0.9949598138466409,0.21107751943511316,3.06464527530476,"x = P_level x + P_structure x, P_level the orthogonal projection onto spatially constant fields. Diagnostic; no threshold",4ef162320e09086a16f1e130b09a507d399438740647147560f339cd2aa60069
DIRECT_PHYSICAL,LINEAR_STATE_SPACE,10.0,OFF_GRID_OOD,8,0.08705709026922549,0.16230867025757714,0.0869274155152348,566.3757190791514,0.9999999598601026,0.21424657022332522,1931.618529504713,"x = P_level x + P_structure x, P_level the orthogonal projection onto spatially constant fields. Diagnostic; no threshold",4ef162320e09086a16f1e130b09a507d399438740647147560f339cd2aa60069
DIRECT_PHYSICAL,TSVD,30.0,IN_CLASS_ID,8,0.5855613219500828,0.1845152529477634,0.4898956436083193,0.9697225740686708,0.9838218863433618,0.6998758817238339,1.083963747100954,"x = P_level x + P_structure x, P_level the orthogonal projection onto spatially constant fields. Diagnostic; no threshold",4ef162320e09086a16f1e130b09a507d399438740647147560f339cd2aa60069
DIRECT_PHYSICAL,TSVD,30.0,IN_CLASS_OOD,8,0.4992388177700079,0.092701725697062,0.49044530537117653,11.990782133739787,0.999967713750053,0.689381534157515,37.59029820486092,"x = P_level x + P_structure x, P_level the orthogonal projection onto spatially constant fields. Diagnostic; no threshold",4ef162320e09086a16f1e130b09a507d399438740647147560f339cd2aa60069
DIRECT_PHYSICAL,TSVD,30.0,OFF_GRID_ID,8,0.511932542377112,0.17224997910097617,0.49355403211949755,1.3522895910586372,0.9949598138466409,0.6998376867703837,1.3587955791932336,"x = P_level x + P_structure x, P_level the orthogonal projection onto spatially constant fields. Diagnostic; no threshold",4ef162320e09086a16f1e130b09a507d399438740647147560f339cd2aa60069
DIRECT_PHYSICAL,TSVD,30.0,OFF_GRID_OOD,8,0.4982854507920379,0.09052800999254867,0.49789353896845046,312.622973594072,0.9999999598601026,0.6996147947947765,592.0608579952235,"x = P_level x + P_structure x, P_level the orthogonal projection onto spatially constant fields. Diagnostic; no threshold",4ef162320e09086a16f1e130b09a507d399438740647147560f339cd2aa60069
DIRECT_PHYSICAL,RIDGE_IDENTITY,30.0,IN_CLASS_ID,8,0.43606812462452216,0.18297820641175455,0.3560155713624836,0.9785685502662964,0.9838218863433618,0.6720038290035215,1.1297483589721167,"x = P_level x + P_structure x, P_level the orthogonal projection onto spatially constant fields. Diagnostic; no threshold",4ef162320e09086a16f1e130b09a507d399438740647147560f339cd2aa60069
DIRECT_PHYSICAL,RIDGE_IDENTITY,30.0,IN_CLASS_OOD,8,0.3710042137786772,0.11648964091020798,0.3657580884747411,14.62768130226315,0.999967713750053,0.657809919211692,55.355575406194085,"x = P_level x + P_structure x, P_level the orthogonal projection onto spatially constant fields. Diagnostic; no threshold",4ef162320e09086a16f1e130b09a507d399438740647147560f339cd2aa60069
DIRECT_PHYSICAL,RIDGE_IDENTITY,30.0,OFF_GRID_ID,8,0.38126966305128096,0.18304753986004835,0.3610029519061225,1.4839129778262405,0.9949598138466409,0.66997224603442,1.664419385857577,"x = P_level x + P_structure x, P_level the orthogonal projection onto spatially constant fields. Diagnostic; no threshold",4ef162320e09086a16f1e130b09a507d399438740647147560f339cd2aa60069
DIRECT_PHYSICAL,RIDGE_IDENTITY,30.0,OFF_GRID_OOD,8,0.3696416560774145,0.11460167269893282,0.3696414161172559,388.4644988120014,0.9999999598601026,0.6677438886567997,851.6128019080787,"x = P_level x + P_structure x, P_level the orthogonal projection onto spatially constant fields. Diagnostic; no threshold",4ef162320e09086a16f1e130b09a507d399438740647147560f339cd2aa60069
DIRECT_PHYSICAL,TIKHONOV_TEMPORAL,30.0,IN_CLASS_ID,8,0.05827654938803031,0.14401499470825224,0.04736639909490335,0.8929669633307723,0.9838218863433618,0.20100706020687692,1.6028430493004058,"x = P_level x + P_structure x, P_level the orthogonal projection onto spatially constant fields. Diagnostic; no threshold",4ef162320e09086a16f1e130b09a507d399438740647147560f339cd2aa60069
DIRECT_PHYSICAL,TIKHONOV_TEMPORAL,30.0,IN_CLASS_OOD,8,0.048177510795764406,0.10531587916486056,0.04721692741657385,12.891117144529318,0.999967713750053,0.18418029522178367,79.43545137733204,"x = P_level x + P_structure x, P_level the orthogonal projection onto spatially constant fields. Diagnostic; no threshold",4ef162320e09086a16f1e130b09a507d399438740647147560f339cd2aa60069
DIRECT_PHYSICAL,TIKHONOV_TEMPORAL,30.0,OFF_GRID_ID,8,0.04646821974568215,0.16528671205047593,0.04386525275399834,1.4834097707928078,0.9949598138466409,0.20031622385464612,2.221735479229067,"x = P_level x + P_structure x, P_level the orthogonal projection onto spatially constant fields. Diagnostic; no threshold",4ef162320e09086a16f1e130b09a507d399438740647147560f339cd2aa60069
DIRECT_PHYSICAL,TIKHONOV_TEMPORAL,30.0,OFF_GRID_OOD,8,0.04392441664283242,0.10032741652374398,0.043940817102631535,339.284834199617,0.9999999598601026,0.19964581981999363,1163.8795721987897,"x = P_level x + P_structure x, P_level the orthogonal projection onto spatially constant fields. Diagnostic; no threshold",4ef162320e09086a16f1e130b09a507d399438740647147560f339cd2aa60069
DIRECT_PHYSICAL,WIENER_GAUSSIAN,30.0,IN_CLASS_ID,8,0.07397696320562189,0.16666395657636443,0.06310179619816743,0.8164735851954856,0.9838218863433618,0.06295563720359698,0.8842551626056264,"x = P_level x + P_structure x, P_level the orthogonal projection onto spatially constant fields. Diagnostic; no threshold",4ef162320e09086a16f1e130b09a507d399438740647147560f339cd2aa60069
DIRECT_PHYSICAL,WIENER_GAUSSIAN,30.0,IN_CLASS_OOD,8,0.06707466563734193,0.15753470109879086,0.0664674635557681,19.967075819423645,0.999967713750053,0.055704281844672306,73.2356265170817,"x = P_level x + P_structure x, P_level the orthogonal projection onto spatially constant fields. Diagnostic; no threshold",4ef162320e09086a16f1e130b09a507d399438740647147560f339cd2aa60069
DIRECT_PHYSICAL,WIENER_GAUSSIAN,30.0,OFF_GRID_ID,8,0.07228496655603696,0.17909668275316268,0.07147266173101456,1.7736834266359303,0.9949598138466409,0.07132004478771037,1.8299521623221806,"x = P_level x + P_structure x, P_level the orthogonal projection onto spatially constant fields. Diagnostic; no threshold",4ef162320e09086a16f1e130b09a507d399438740647147560f339cd2aa60069
DIRECT_PHYSICAL,WIENER_GAUSSIAN,30.0,OFF_GRID_OOD,8,0.07371961714973625,0.15279738673264867,0.07368271625720677,534.7663670891399,0.9999999598601026,0.07349735338471583,1081.1024162220472,"x = P_level x + P_structure x, P_level the orthogonal projection onto spatially constant fields. Diagnostic; no threshold",4ef162320e09086a16f1e130b09a507d399438740647147560f339cd2aa60069
DIRECT_PHYSICAL,LINEAR_STATE_SPACE,30.0,IN_CLASS_ID,8,0.10189652902983584,0.18712690352445097,0.07928348632852486,1.059654172630678,0.9838218863433618,0.2041061344389412,1.8537125944929778,"x = P_level x + P_structure x, P_level the orthogonal projection onto spatially constant fields. Diagnostic; no threshold",4ef162320e09086a16f1e130b09a507d399438740647147560f339cd2aa60069
DIRECT_PHYSICAL,LINEAR_STATE_SPACE,30.0,IN_CLASS_OOD,8,0.07948542549595436,0.11489743713391817,0.0774869350774996,14.6418476364316,0.999967713750053,0.19390773090023006,85.29870619007625,"x = P_level x + P_structure x, P_level the orthogonal projection onto spatially constant fields. Diagnostic; no threshold",4ef162320e09086a16f1e130b09a507d399438740647147560f339cd2aa60069
DIRECT_PHYSICAL,LINEAR_STATE_SPACE,30.0,OFF_GRID_ID,8,0.08236807831453483,0.17945310712172324,0.07721490372961827,1.610139065286384,0.9949598138466409,0.2056070520055417,2.3937290811846754,"x = P_level x + P_structure x, P_level the orthogonal projection onto spatially constant fields. Diagnostic; no threshold",4ef162320e09086a16f1e130b09a507d399438740647147560f339cd2aa60069
DIRECT_PHYSICAL,LINEAR_STATE_SPACE,30.0,OFF_GRID_OOD,8,0.0752444528546218,0.10034304494765434,0.07517274919037549,374.3775661744377,0.9999999598601026,0.2068269676992483,1218.0825343062802,"x = P_level x + P_structure x, P_level the orthogonal projection onto spatially constant fields. Diagnostic; no threshold",4ef162320e09086a16f1e130b09a507d399438740647147560f339cd2aa60069
DIRECT_PHYSICAL,TSVD,100.0,IN_CLASS_ID,8,0.32670556430022657,0.1660545481548594,0.26617801542864755,0.9271608385464857,0.9838218863433618,0.6534055210562579,1.1693511604217406,"x = P_level x + P_structure x, P_level the orthogonal projection onto spatially constant fields. Diagnostic; no threshold",4ef162320e09086a16f1e130b09a507d399438740647147560f339cd2aa60069
DIRECT_PHYSICAL,TSVD,100.0,IN_CLASS_OOD,8,0.27222029950544147,0.10970187612314972,0.2709806461062036,11.872191126904807,0.999967713750053,0.6423231274579225,61.56156464561707,"x = P_level x + P_structure x, P_level the orthogonal projection onto spatially constant fields. Diagnostic; no threshold",4ef162320e09086a16f1e130b09a507d399438740647147560f339cd2aa60069
DIRECT_PHYSICAL,TSVD,100.0,OFF_GRID_ID,8,0.28350928645114803,0.17445181226269496,0.271773683951537,1.3366885679871483,0.9949598138466409,0.6515212580423744,1.7844718214502633,"x = P_level x + P_structure x, P_level the orthogonal projection onto spatially constant fields. Diagnostic; no threshold",4ef162320e09086a16f1e130b09a507d399438740647147560f339cd2aa60069
DIRECT_PHYSICAL,TSVD,100.0,OFF_GRID_OOD,8,0.2747207909870776,0.10764755360655591,0.27473724535977306,326.37275643967257,0.9999999598601026,0.6525169171241092,1040.5060565333397,"x = P_level x + P_structure x, P_level the orthogonal projection onto spatially constant fields. Diagnostic; no threshold",4ef162320e09086a16f1e130b09a507d399438740647147560f339cd2aa60069
DIRECT_PHYSICAL,RIDGE_IDENTITY,100.0,IN_CLASS_ID,8,0.31105716306578934,0.15567781099501232,0.254751222655309,0.8832666140587822,0.9838218863433618,0.6432391498006201,1.1250977021799415,"x = P_level x + P_structure x, P_level the orthogonal projection onto spatially constant fields. Diagnostic; no threshold",4ef162320e09086a16f1e130b09a507d399438740647147560f339cd2aa60069
DIRECT_PHYSICAL,RIDGE_IDENTITY,100.0,IN_CLASS_OOD,8,0.2573304282045509,0.10150067560954071,0.25116096335503474,11.361311167658751,0.999967713750053,0.6298241961986395,57.509705616091864,"x = P_level x + P_structure x, P_level the orthogonal projection onto spatially constant fields. Diagnostic; no threshold",4ef162320e09086a16f1e130b09a507d399438740647147560f339cd2aa60069
DIRECT_PHYSICAL,RIDGE_IDENTITY,100.0,OFF_GRID_ID,8,0.2700231974678747,0.16726287543758772,0.2582338634705661,1.2785278051875504,0.9949598138466409,0.6417123457837031,1.6868851371861262,"x = P_level x + P_structure x, P_level the orthogonal projection onto spatially constant fields. Diagnostic; no threshold",4ef162320e09086a16f1e130b09a507d399438740647147560f339cd2aa60069
DIRECT_PHYSICAL,RIDGE_IDENTITY,100.0,OFF_GRID_OOD,8,0.252517988745264,0.10038401690504575,0.25207706271171243,288.1435554765108,0.9999999598601026,0.6406586364340989,927.59618176567,"x = P_level x + P_structure x, P_level the orthogonal projection onto spatially constant fields. Diagnostic; no threshold",4ef162320e09086a16f1e130b09a507d399438740647147560f339cd2aa60069
DIRECT_PHYSICAL,TIKHONOV_TEMPORAL,100.0,IN_CLASS_ID,8,0.03797532787442379,0.09798230945235775,0.02982099470021351,0.6552980310751857,0.9838218863433618,0.1901607660772774,1.3737167879318428,"x = P_level x + P_structure x, P_level the orthogonal projection onto spatially constant fields. Diagnostic; no threshold",4ef162320e09086a16f1e130b09a507d399438740647147560f339cd2aa60069
DIRECT_PHYSICAL,TIKHONOV_TEMPORAL,100.0,IN_CLASS_OOD,8,0.029506336417404497,0.06628325730000836,0.029007982949171243,7.363544013540071,0.999967713750053,0.16821465426374113,56.302195793482454,"x = P_level x + P_structure x, P_level the orthogonal projection onto spatially constant fields. Diagnostic; no threshold",4ef162320e09086a16f1e130b09a507d399438740647147560f339cd2aa60069
DIRECT_PHYSICAL,TIKHONOV_TEMPORAL,100.0,OFF_GRID_ID,8,0.02741609300811087,0.13495211182723932,0.02613125716398458,1.1232933378919951,0.9949598138466409,0.18653258314560328,1.7053441172333872,"x = P_level x + P_structure x, P_level the orthogonal projection onto spatially constant fields. Diagnostic; no threshold",4ef162320e09086a16f1e130b09a507d399438740647147560f339cd2aa60069
DIRECT_PHYSICAL,TIKHONOV_TEMPORAL,100.0,OFF_GRID_OOD,8,0.025825530483109406,0.059572732068100764,0.025820143297166052,183.8419781536585,0.9999999598601026,0.18571715111961157,793.142966205966,"x = P_level x + P_structure x, P_level the orthogonal projection onto spatially constant fields. Diagnostic; no threshold",4ef162320e09086a16f1e130b09a507d399438740647147560f339cd2aa60069
DIRECT_PHYSICAL,WIENER_GAUSSIAN,100.0,IN_CLASS_ID,8,0.07556813241913257,0.1701326389600107,0.06403391943088646,0.8301278088115271,0.9838218863433618,0.06400619954378635,0.8965409966322702,"x = P_level x + P_structure x, P_level the orthogonal projection onto spatially constant fields. Diagnostic; no threshold",4ef162320e09086a16f1e130b09a507d399438740647147560f339cd2aa60069
DIRECT_PHYSICAL,WIENER_GAUSSIAN,100.0,IN_CLASS_OOD,8,0.06867183781260063,0.1611000107807513,0.06788159830869919,20.42126921364145,0.999967713750053,0.05752626949900083,74.59841360259827,"x = P_level x + P_structure x, P_level the orthogonal projection onto spatially constant fields. Diagnostic; no threshold",4ef162320e09086a16f1e130b09a507d399438740647147560f339cd2aa60069
DIRECT_PHYSICAL,WIENER_GAUSSIAN,100.0,OFF_GRID_ID,8,0.07429892845787826,0.18227579848749745,0.07326701677925168,1.8054816653875956,0.9949598138466409,0.07315369018241397,1.8630170301556621,"x = P_level x + P_structure x, P_level the orthogonal projection onto spatially constant fields. Diagnostic; no threshold",4ef162320e09086a16f1e130b09a507d399438740647147560f339cd2aa60069
DIRECT_PHYSICAL,WIENER_GAUSSIAN,100.0,OFF_GRID_OOD,8,0.07518824159677745,0.15659290990322514,0.0751688773529827,547.3377561189404,0.9999999598601026,0.07494211775491291,1107.466899804726,"x = P_level x + P_structure x, P_level the orthogonal projection onto spatially constant fields. Diagnostic; no threshold",4ef162320e09086a16f1e130b09a507d399438740647147560f339cd2aa60069
DIRECT_PHYSICAL,LINEAR_STATE_SPACE,100.0,IN_CLASS_ID,8,0.10291068008256146,0.181650863824627,0.07740758781942486,1.017321434858982,0.9838218863433618,0.20387013984805685,1.8037118458222312,"x = P_level x + P_structure x, P_level the orthogonal projection onto spatially constant fields. Diagnostic; no threshold",4ef162320e09086a16f1e130b09a507d399438740647147560f339cd2aa60069
DIRECT_PHYSICAL,LINEAR_STATE_SPACE,100.0,IN_CLASS_OOD,8,0.07873435431751039,0.10485712451972534,0.07696268337719689,12.326384676951577,0.999967713750053,0.19295540926097268,78.84172564573782,"x = P_level x + P_structure x, P_level the orthogonal projection onto spatially constant fields. Diagnostic; no threshold",4ef162320e09086a16f1e130b09a507d399438740647147560f339cd2aa60069
DIRECT_PHYSICAL,LINEAR_STATE_SPACE,100.0,OFF_GRID_ID,8,0.07884968210874255,0.1730433907305603,0.07439531786300331,1.5018283541336455,0.9949598138466409,0.2047894529831934,2.3030351457470855,"x = P_level x + P_structure x, P_level the orthogonal projection onto spatially constant fields. Diagnostic; no threshold",4ef162320e09086a16f1e130b09a507d399438740647147560f339cd2aa60069
DIRECT_PHYSICAL,LINEAR_STATE_SPACE,100.0,OFF_GRID_OOD,8,0.07089082654112681,0.08699942995180776,0.07073148017295888,329.18634232679267,0.9999999598601026,0.2060496352676635,1112.8907531362108,"x = P_level x + P_structure x, P_level the orthogonal projection onto spatially constant fields. Diagnostic; no threshold",4ef162320e09086a16f1e130b09a507d399438740647147560f339cd2aa60069
DIRECT_PHYSICAL,TSVD,300.0,IN_CLASS_ID,8,0.22536044823474605,0.14711504803885422,0.18485066402725206,0.8401873729218707,0.9838218863433618,0.5927275479816168,1.1745859534150034,"x = P_level x + P_structure x, P_level the orthogonal projection onto spatially constant fields. Diagnostic; no threshold",4ef162320e09086a16f1e130b09a507d399438740647147560f339cd2aa60069
DIRECT_PHYSICAL,TSVD,300.0,IN_CLASS_OOD,8,0.18806188460675713,0.09302586247968851,0.18297111246920372,9.503711648763893,0.999967713750053,0.5719470479424484,59.5808777743498,"x = P_level x + P_structure x, P_level the orthogonal projection onto spatially constant fields. Diagnostic; no threshold",4ef162320e09086a16f1e130b09a507d399438740647147560f339cd2aa60069
DIRECT_PHYSICAL,TSVD,300.0,OFF_GRID_ID,8,0.19451368913147837,0.1687463291264577,0.18540066268487038,1.1807917515526358,0.9949598138466409,0.5883197607258093,1.8055226860271145,"x = P_level x + P_structure x, P_level the orthogonal projection onto spatially constant fields. Diagnostic; no threshold",4ef162320e09086a16f1e130b09a507d399438740647147560f339cd2aa60069
DIRECT_PHYSICAL,TSVD,300.0,OFF_GRID_OOD,8,0.1878642741039268,0.08954621514359042,0.18760004956757592,245.18362011509242,0.9999999598601026,0.5844836690116653,984.3914078847604,"x = P_level x + P_structure x, P_level the orthogonal projection onto spatially constant fields. Diagnostic; no threshold",4ef162320e09086a16f1e130b09a507d399438740647147560f339cd2aa60069
DIRECT_PHYSICAL,RIDGE_IDENTITY,300.0,IN_CLASS_ID,8,0.20968385931700761,0.14046712643101353,0.169691108821998,0.8022991494403908,0.9838218863433618,0.601099681126781,1.119374654342257,"x = P_level x + P_structure x, P_level the orthogonal projection onto spatially constant fields. Diagnostic; no threshold",4ef162320e09086a16f1e130b09a507d399438740647147560f339cd2aa60069
DIRECT_PHYSICAL,RIDGE_IDENTITY,300.0,IN_CLASS_OOD,8,0.18321359657961642,0.09052996166923595,0.18046768466534358,9.0314052053068,0.999967713750053,0.5842029698085349,57.37432511961734,"x = P_level x + P_structure x, P_level the orthogonal projection onto spatially constant fields. Diagnostic; no threshold",4ef162320e09086a16f1e130b09a507d399438740647147560f339cd2aa60069
DIRECT_PHYSICAL,RIDGE_IDENTITY,300.0,OFF_GRID_ID,8,0.1802414791060474,0.1648906106011757,0.17156979062607375,1.1447779336435389,0.9949598138466409,0.5975785659933281,1.765114893663251,"x = P_level x + P_structure x, P_level the orthogonal projection onto spatially constant fields. Diagnostic; no threshold",4ef162320e09086a16f1e130b09a507d399438740647147560f339cd2aa60069
DIRECT_PHYSICAL,RIDGE_IDENTITY,300.0,OFF_GRID_OOD,8,0.18178100505226522,0.0887733231876223,0.1817950167130425,236.8136611830953,0.9999999598601026,0.5939662553905134,998.8713672908693,"x = P_level x + P_structure x, P_level the orthogonal projection onto spatially constant fields. Diagnostic; no threshold",4ef162320e09086a16f1e130b09a507d399438740647147560f339cd2aa60069
DIRECT_PHYSICAL,TIKHONOV_TEMPORAL,300.0,IN_CLASS_ID,8,0.033842002219007676,0.08470089389335521,0.027292025563500535,0.5541425568018881,0.9838218863433618,0.1787630479250653,1.3864994080251383,"x = P_level x + P_structure x, P_level the orthogonal projection onto spatially constant fields. Diagnostic; no threshold",4ef162320e09086a16f1e130b09a507d399438740647147560f339cd2aa60069
DIRECT_PHYSICAL,TIKHONOV_TEMPORAL,300.0,IN_CLASS_OOD,8,0.028227245065951444,0.06186986452625402,0.02770037494044269,5.5923786436925305,0.999967713750053,0.1742834996863851,56.753647851851625,"x = P_level x + P_structure x, P_level the orthogonal projection onto spatially constant fields. Diagnostic; no threshold",4ef162320e09086a16f1e130b09a507d399438740647147560f339cd2aa60069
DIRECT_PHYSICAL,TIKHONOV_TEMPORAL,300.0,OFF_GRID_ID,8,0.026441986091751895,0.13645961805352028,0.025029985633115308,1.029913163455648,0.9949598138466409,0.17359165692228515,1.7477785318990922,"x = P_level x + P_structure x, P_level the orthogonal projection onto spatially constant fields. Diagnostic; no threshold",4ef162320e09086a16f1e130b09a507d399438740647147560f339cd2aa60069
DIRECT_PHYSICAL,TIKHONOV_TEMPORAL,300.0,OFF_GRID_OOD,8,0.024571317574269478,0.05479988450842285,0.024571962470738874,144.80223019767385,0.9999999598601026,0.17111129658589974,835.1700317405644,"x = P_level x + P_structure x, P_level the orthogonal projection onto spatially constant fields. Diagnostic; no threshold",4ef162320e09086a16f1e130b09a507d399438740647147560f339cd2aa60069
DIRECT_PHYSICAL,WIENER_GAUSSIAN,300.0,IN_CLASS_ID,8,0.07618643889321101,0.1711105136833811,0.06446439993848535,0.8338594540712212,0.9838218863433618,0.06445465534476408,0.8989864158713575,"x = P_level x + P_structure x, P_level the orthogonal projection onto spatially constant fields. Diagnostic; no threshold",4ef162320e09086a16f1e130b09a507d399438740647147560f339cd2aa60069
DIRECT_PHYSICAL,WIENER_GAUSSIAN,300.0,IN_CLASS_OOD,8,0.06905334596696287,0.1621226794543696,0.06835085847867078,20.550044530780653,0.999967713750053,0.05806883281927336,74.9702188433883,"x = P_level x + P_structure x, P_level the orthogonal projection onto spatially constant fields. Diagnostic; no threshold",4ef162320e09086a16f1e130b09a507d399438740647147560f339cd2aa60069
DIRECT_PHYSICAL,WIENER_GAUSSIAN,300.0,OFF_GRID_ID,8,0.07481487874161744,0.18318469634254775,0.07378328487606123,1.8134272935033606,0.9949598138466409,0.07368184837465885,1.8717838021773814,"x = P_level x + P_structure x, P_level the orthogonal projection onto spatially constant fields. Diagnostic; no threshold",4ef162320e09086a16f1e130b09a507d399438740647147560f339cd2aa60069
DIRECT_PHYSICAL,WIENER_GAUSSIAN,300.0,OFF_GRID_OOD,8,0.07577380917125798,0.1576919238913303,0.07576254063840177,550.7949895985959,0.9999999598601026,0.07555476949628676,1114.8181277168073,"x = P_level x + P_structure x, P_level the orthogonal projection onto spatially constant fields. Diagnostic; no threshold",4ef162320e09086a16f1e130b09a507d399438740647147560f339cd2aa60069
DIRECT_PHYSICAL,LINEAR_STATE_SPACE,300.0,IN_CLASS_ID,8,0.10283852229926795,0.1811586316727887,0.0771836771674444,1.0120445346599911,0.9838218863433618,0.20390098087549613,1.8020553371412849,"x = P_level x + P_structure x, P_level the orthogonal projection onto spatially constant fields. Diagnostic; no threshold",4ef162320e09086a16f1e130b09a507d399438740647147560f339cd2aa60069
DIRECT_PHYSICAL,LINEAR_STATE_SPACE,300.0,IN_CLASS_OOD,8,0.07893774228428882,0.10444771698996987,0.07646545435093513,12.081978672577748,0.999967713750053,0.19230089759325603,77.94518497028096,"x = P_level x + P_structure x, P_level the orthogonal projection onto spatially constant fields. Diagnostic; no threshold",4ef162320e09086a16f1e130b09a507d399438740647147560f339cd2aa60069
DIRECT_PHYSICAL,LINEAR_STATE_SPACE,300.0,OFF_GRID_ID,8,0.07845781071737873,0.17184943197985925,0.07358815380232397,1.4941845702069854,0.9949598138466409,0.20445917117176443,2.299490751952608,"x = P_level x + P_structure x, P_level the orthogonal projection onto spatially constant fields. Diagnostic; no threshold",4ef162320e09086a16f1e130b09a507d399438740647147560f339cd2aa60069
DIRECT_PHYSICAL,LINEAR_STATE_SPACE,300.0,OFF_GRID_OOD,8,0.06986664795812224,0.08508911681900655,0.06988723601311732,323.8283543172133,0.9999999598601026,0.2056721544076262,1120.0653176302558,"x = P_level x + P_structure x, P_level the orthogonal projection onto spatially constant fields. Diagnostic; no threshold",4ef162320e09086a16f1e130b09a507d399438740647147560f339cd2aa60069
DIRECT_PHYSICAL,TSVD,1000.0,IN_CLASS_ID,8,0.09750380264083301,0.11664053351663842,0.08060141569695412,0.693131144676673,0.9838218863433618,0.5671468790884957,1.0967870921733236,"x = P_level x + P_structure x, P_level the orthogonal projection onto spatially constant fields. Diagnostic; no threshold",4ef162320e09086a16f1e130b09a507d399438740647147560f339cd2aa60069
DIRECT_PHYSICAL,TSVD,1000.0,IN_CLASS_OOD,8,0.0802834110792193,0.07116024776663077,0.07978381903966478,6.683843329591489,0.999967713750053,0.5562933657878459,58.207490364162254,"x = P_level x + P_structure x, P_level the orthogonal projection onto spatially constant fields. Diagnostic; no threshold",4ef162320e09086a16f1e130b09a507d399438740647147560f339cd2aa60069
DIRECT_PHYSICAL,TSVD,1000.0,OFF_GRID_ID,8,0.0830884884777275,0.159837700715106,0.07869384111233799,1.0514462756885774,0.9949598138466409,0.5627217142750599,1.7460848974183625,"x = P_level x + P_structure x, P_level the orthogonal projection onto spatially constant fields. Diagnostic; no threshold",4ef162320e09086a16f1e130b09a507d399438740647147560f339cd2aa60069
DIRECT_PHYSICAL,TSVD,1000.0,OFF_GRID_OOD,8,0.08127538938762607,0.06981096746959711,0.08123789910807587,156.7916240139469,0.9999999598601026,0.5681975106308949,979.0952789805109,"x = P_level x + P_structure x, P_level the orthogonal projection onto spatially constant fields. Diagnostic; no threshold",4ef162320e09086a16f1e130b09a507d399438740647147560f339cd2aa60069
DIRECT_PHYSICAL,RIDGE_IDENTITY,1000.0,IN_CLASS_ID,8,0.12117773141211576,0.11243107390535112,0.09593430952614343,0.6735466623570541,0.9838218863433618,0.5485686744688159,1.0752230883447267,"x = P_level x + P_structure x, P_level the orthogonal projection onto spatially constant fields. Diagnostic; no threshold",4ef162320e09086a16f1e130b09a507d399438740647147560f339cd2aa60069
DIRECT_PHYSICAL,RIDGE_IDENTITY,1000.0,IN_CLASS_OOD,8,0.10241459898116409,0.07133852674987637,0.09983247660276771,6.721861007102113,0.999967713750053,0.5395424319514412,59.05437032279593,"x = P_level x + P_structure x, P_level the orthogonal projection onto spatially constant fields. Diagnostic; no threshold",4ef162320e09086a16f1e130b09a507d399438740647147560f339cd2aa60069
DIRECT_PHYSICAL,RIDGE_IDENTITY,1000.0,OFF_GRID_ID,8,0.10192963796439733,0.15804743490317896,0.09673958047944678,1.0431488228499335,0.9949598138466409,0.5470691091852007,1.710602280879726,"x = P_level x + P_structure x, P_level the orthogonal projection onto spatially constant fields. Diagnostic; no threshold",4ef162320e09086a16f1e130b09a507d399438740647147560f339cd2aa60069
DIRECT_PHYSICAL,RIDGE_IDENTITY,1000.0,OFF_GRID_OOD,8,0.10333416263859636,0.07084661171920181,0.10328305203620111,155.4708171143517,0.9999999598601026,0.5485322148253258,997.4445674100307,"x = P_level x + P_structure x, P_level the orthogonal projection onto spatially constant fields. Diagnostic; no threshold",4ef162320e09086a16f1e130b09a507d399438740647147560f339cd2aa60069
DIRECT_PHYSICAL,TIKHONOV_TEMPORAL,1000.0,IN_CLASS_ID,8,0.030958060229646832,0.0752143965979195,0.02463871389554307,0.45817997325268683,0.9838218863433618,0.1908372297773111,1.5179245478142787,"x = P_level x + P_structure x, P_level the orthogonal projection onto spatially constant fields. Diagnostic; no threshold",4ef162320e09086a16f1e130b09a507d399438740647147560f339cd2aa60069
DIRECT_PHYSICAL,TIKHONOV_TEMPORAL,1000.0,IN_CLASS_OOD,8,0.02719399973241801,0.05872909373724212,0.026526601336304172,4.397697410765268,0.999967713750053,0.19483120963323952,65.86267573939594,"x = P_level x + P_structure x, P_level the orthogonal projection onto spatially constant fields. Diagnostic; no threshold",4ef162320e09086a16f1e130b09a507d399438740647147560f339cd2aa60069
DIRECT_PHYSICAL,TIKHONOV_TEMPORAL,1000.0,OFF_GRID_ID,8,0.024771827667110023,0.14599160497839903,0.023610550633350654,0.9696410521215195,0.9949598138466409,0.18134291851897985,1.9029186401839226,"x = P_level x + P_structure x, P_level the orthogonal projection onto spatially constant fields. Diagnostic; no threshold",4ef162320e09086a16f1e130b09a507d399438740647147560f339cd2aa60069
DIRECT_PHYSICAL,TIKHONOV_TEMPORAL,1000.0,OFF_GRID_OOD,8,0.023487773668315927,0.054113948286425434,0.023473208922385726,106.97158807894536,0.9999999598601026,0.1824114082955572,936.8270316961252,"x = P_level x + P_structure x, P_level the orthogonal projection onto spatially constant fields. Diagnostic; no threshold",4ef162320e09086a16f1e130b09a507d399438740647147560f339cd2aa60069
DIRECT_PHYSICAL,WIENER_GAUSSIAN,1000.0,IN_CLASS_ID,8,0.07635334389963466,0.1714792729997629,0.06462423966141853,0.8349540825603416,0.9838218863433618,0.0645697267798987,0.9000388432460917,"x = P_level x + P_structure x, P_level the orthogonal projection onto spatially constant fields. Diagnostic; no threshold",4ef162320e09086a16f1e130b09a507d399438740647147560f339cd2aa60069
DIRECT_PHYSICAL,WIENER_GAUSSIAN,1000.0,IN_CLASS_OOD,8,0.06929248673853507,0.16250410328899917,0.06855437806006977,20.592442919974115,0.999967713750053,0.05823507204402699,75.11858689672698,"x = P_level x + P_structure x, P_level the orthogonal projection onto spatially constant fields. Diagnostic; no threshold",4ef162320e09086a16f1e130b09a507d399438740647147560f339cd2aa60069
DIRECT_PHYSICAL,WIENER_GAUSSIAN,1000.0,OFF_GRID_ID,8,0.07500143705343534,0.18352821928720076,0.07395445658539285,1.8170123741186146,0.9949598138466409,0.07385910697894343,1.8749482255500234,"x = P_level x + P_structure x, P_level the orthogonal projection onto spatially constant fields. Diagnostic; no threshold",4ef162320e09086a16f1e130b09a507d399438740647147560f339cd2aa60069
DIRECT_PHYSICAL,WIENER_GAUSSIAN,1000.0,OFF_GRID_OOD,8,0.07596040822560662,0.1580455052677558,0.07595375922611652,552.1425395999593,0.9999999598601026,0.07571956121918932,1117.5293342288032,"x = P_level x + P_structure x, P_level the orthogonal projection onto spatially constant fields. Diagnostic; no threshold",4ef162320e09086a16f1e130b09a507d399438740647147560f339cd2aa60069
DIRECT_PHYSICAL,LINEAR_STATE_SPACE,1000.0,IN_CLASS_ID,8,0.10279578353628985,0.18094773094700656,0.07704114155662212,1.0125084553030272,0.9838218863433618,0.20407975803467537,1.7991916084331554,"x = P_level x + P_structure x, P_level the orthogonal projection onto spatially constant fields. Diagnostic; no threshold",4ef162320e09086a16f1e130b09a507d399438740647147560f339cd2aa60069
DIRECT_PHYSICAL,LINEAR_STATE_SPACE,1000.0,IN_CLASS_OOD,8,0.07930683262187421,0.10441892506016962,0.07691661608432582,12.116307751027826,0.999967713750053,0.19254822630797147,77.54822634963884,"x = P_level x + P_structure x, P_level the orthogonal projection onto spatially constant fields. Diagnostic; no threshold",4ef162320e09086a16f1e130b09a507d399438740647147560f339cd2aa60069
DIRECT_PHYSICAL,LINEAR_STATE_SPACE,1000.0,OFF_GRID_ID,8,0.07889696205881,0.1718893313472894,0.07338480940799386,1.496056423877119,0.9949598138466409,0.20458755596810624,2.2989201293930277,"x = P_level x + P_structure x, P_level the orthogonal projection onto spatially constant fields. Diagnostic; no threshold",4ef162320e09086a16f1e130b09a507d399438740647147560f339cd2aa60069
DIRECT_PHYSICAL,LINEAR_STATE_SPACE,1000.0,OFF_GRID_OOD,8,0.06964689530792331,0.08467506717536025,0.06960241401525356,323.8915540825534,0.9999999598601026,0.20538727237487636,1112.5491532777232,"x = P_level x + P_structure x, P_level the orthogonal projection onto spatially constant fields. Diagnostic; no threshold",4ef162320e09086a16f1e130b09a507d399438740647147560f339cd2aa60069
DIRECT_PHYSICAL,TSVD,3000.0,IN_CLASS_ID,8,0.06712073405672511,0.1001781538425231,0.0545045179120051,0.5885745619390343,0.9838218863433618,0.49057077018221484,1.0975003994614534,"x = P_level x + P_structure x, P_level the orthogonal projection onto spatially constant fields. Diagnostic; no threshold",4ef162320e09086a16f1e130b09a507d399438740647147560f339cd2aa60069
DIRECT_PHYSICAL,TSVD,3000.0,IN_CLASS_OOD,8,0.05298286224801003,0.06817620500164072,0.05249111480037499,5.81186618123055,0.999967713750053,0.49635652990684576,62.05820055116246,"x = P_level x + P_structure x, P_level the orthogonal projection onto spatially constant fields. Diagnostic; no threshold",4ef162320e09086a16f1e130b09a507d399438740647147560f339cd2aa60069
DIRECT_PHYSICAL,TSVD,3000.0,OFF_GRID_ID,8,0.058631357427788626,0.1587010114778858,0.055568192329072355,1.023002649711845,0.9949598138466409,0.4963862279451937,1.8058667573572844,"x = P_level x + P_structure x, P_level the orthogonal projection onto spatially constant fields. Diagnostic; no threshold",4ef162320e09086a16f1e130b09a507d399438740647147560f339cd2aa60069
DIRECT_PHYSICAL,TSVD,3000.0,OFF_GRID_OOD,8,0.0531400524373212,0.06685810986202528,0.05314222441159622,126.53488699234757,0.9999999598601026,0.5043022365693233,1031.9181333267761,"x = P_level x + P_structure x, P_level the orthogonal projection onto spatially constant fields. Diagnostic; no threshold",4ef162320e09086a16f1e130b09a507d399438740647147560f339cd2aa60069
DIRECT_PHYSICAL,RIDGE_IDENTITY,3000.0,IN_CLASS_ID,8,0.07444873920177805,0.09598412834553591,0.06110290402893874,0.5269947482212141,0.9838218863433618,0.4884597342060051,1.0554845497076206,"x = P_level x + P_structure x, P_level the orthogonal projection onto spatially constant fields. Diagnostic; no threshold",4ef162320e09086a16f1e130b09a507d399438740647147560f339cd2aa60069
DIRECT_PHYSICAL,RIDGE_IDENTITY,3000.0,IN_CLASS_OOD,8,0.060389874539188024,0.07069081109247763,0.05974897553625903,5.496656908893776,0.999967713750053,0.4868636380037935,61.25090767251754,"x = P_level x + P_structure x, P_level the orthogonal projection onto spatially constant fields. Diagnostic; no threshold",4ef162320e09086a16f1e130b09a507d399438740647147560f339cd2aa60069
DIRECT_PHYSICAL,RIDGE_IDENTITY,3000.0,OFF_GRID_ID,8,0.06463004158300495,0.15539146237329035,0.0617753528008184,1.0047738529771713,0.9949598138466409,0.4898399454282365,1.7693242347979732,"x = P_level x + P_structure x, P_level the orthogonal projection onto spatially constant fields. Diagnostic; no threshold",4ef162320e09086a16f1e130b09a507d399438740647147560f339cd2aa60069
DIRECT_PHYSICAL,RIDGE_IDENTITY,3000.0,OFF_GRID_OOD,8,0.06088795217186437,0.0704315640955129,0.060864719899065875,120.54149218531208,0.9999999598601026,0.49363865890415115,1024.3258128432465,"x = P_level x + P_structure x, P_level the orthogonal projection onto spatially constant fields. Diagnostic; no threshold",4ef162320e09086a16f1e130b09a507d399438740647147560f339cd2aa60069
DIRECT_PHYSICAL,TIKHONOV_TEMPORAL,3000.0,IN_CLASS_ID,8,0.028064482415243806,0.06419904134911139,0.02222269830550198,0.39450906321497275,0.9838218863433618,0.19284302246829552,1.4480280412391313,"x = P_level x + P_structure x, P_level the orthogonal projection onto spatially constant fields. Diagnostic; no threshold",4ef162320e09086a16f1e130b09a507d399438740647147560f339cd2aa60069
DIRECT_PHYSICAL,TIKHONOV_TEMPORAL,3000.0,IN_CLASS_OOD,8,0.02314213288053417,0.042085313164005274,0.022678098992105367,3.6157021423461564,0.999967713750053,0.19246288389902805,58.53575945445277,"x = P_level x + P_structure x, P_level the orthogonal projection onto spatially constant fields. Diagnostic; no threshold",4ef162320e09086a16f1e130b09a507d399438740647147560f339cd2aa60069
DIRECT_PHYSICAL,TIKHONOV_TEMPORAL,3000.0,OFF_GRID_ID,8,0.02070478513709826,0.1410001558293483,0.01965531563161442,0.9233984320603879,0.9949598138466409,0.1754055096107589,1.8218009920850462,"x = P_level x + P_structure x, P_level the orthogonal projection onto spatially constant fields. Diagnostic; no threshold",4ef162320e09086a16f1e130b09a507d399438740647147560f339cd2aa60069
DIRECT_PHYSICAL,TIKHONOV_TEMPORAL,3000.0,OFF_GRID_OOD,8,0.01925146072993214,0.03647288844575889,0.019174069877693625,70.71110220400377,0.9999999598601026,0.18492610918591268,872.2402589888193,"x = P_level x + P_structure x, P_level the orthogonal projection onto spatially constant fields. Diagnostic; no threshold",4ef162320e09086a16f1e130b09a507d399438740647147560f339cd2aa60069
DIRECT_PHYSICAL,WIENER_GAUSSIAN,3000.0,IN_CLASS_ID,8,0.07641177211862768,0.17158034665896288,0.0646935851982493,0.8353968833443679,0.9838218863433618,0.06463472465477109,0.9004490666273866,"x = P_level x + P_structure x, P_level the orthogonal projection onto spatially constant fields. Diagnostic; no threshold",4ef162320e09086a16f1e130b09a507d399438740647147560f339cd2aa60069
DIRECT_PHYSICAL,WIENER_GAUSSIAN,3000.0,IN_CLASS_OOD,8,0.06934835017623658,0.1626082329842507,0.06862633298663835,20.60583494283032,0.999967713750053,0.058256757788135785,75.16234295595012,"x = P_level x + P_structure x, P_level the orthogonal projection onto spatially constant fields. Diagnostic; no threshold",4ef162320e09086a16f1e130b09a507d399438740647147560f339cd2aa60069
DIRECT_PHYSICAL,WIENER_GAUSSIAN,3000.0,OFF_GRID_ID,8,0.07506395737290616,0.18361509540011461,0.07401542048523466,1.8175951899061469,0.9949598138466409,0.07392478074256656,1.8758604001788373,"x = P_level x + P_structure x, P_level the orthogonal projection onto spatially constant fields. Diagnostic; no threshold",4ef162320e09086a16f1e130b09a507d399438740647147560f339cd2aa60069
DIRECT_PHYSICAL,WIENER_GAUSSIAN,3000.0,OFF_GRID_OOD,8,0.07600653851988545,0.15815192094713457,0.0760013764830316,552.4949850671123,0.9999999598601026,0.07575182353995913,1118.3362624980657,"x = P_level x + P_structure x, P_level the orthogonal projection onto spatially constant fields. Diagnostic; no threshold",4ef162320e09086a16f1e130b09a507d399438740647147560f339cd2aa60069
DIRECT_PHYSICAL,LINEAR_STATE_SPACE,3000.0,IN_CLASS_ID,8,0.10300460127619598,0.1809342962017491,0.07713145945315411,1.0128115158761006,0.9838218863433618,0.20407442858357222,1.7970334271165247,"x = P_level x + P_structure x, P_level the orthogonal projection onto spatially constant fields. Diagnostic; no threshold",4ef162320e09086a16f1e130b09a507d399438740647147560f339cd2aa60069
DIRECT_PHYSICAL,LINEAR_STATE_SPACE,3000.0,IN_CLASS_OOD,8,0.07930887825476593,0.10453964398870405,0.07677325133617925,12.118848985509608,0.999967713750053,0.19269062121025157,77.6299129633075,"x = P_level x + P_structure x, P_level the orthogonal projection onto spatially constant fields. Diagnostic; no threshold",4ef162320e09086a16f1e130b09a507d399438740647147560f339cd2aa60069
DIRECT_PHYSICAL,LINEAR_STATE_SPACE,3000.0,OFF_GRID_ID,8,0.07884744801157956,0.17173131189150384,0.07352554019009307,1.495478831886666,0.9949598138466409,0.20457316037189766,2.300760766588004,"x = P_level x + P_structure x, P_level the orthogonal projection onto spatially constant fields. Diagnostic; no threshold",4ef162320e09086a16f1e130b09a507d399438740647147560f339cd2aa60069
DIRECT_PHYSICAL,LINEAR_STATE_SPACE,3000.0,OFF_GRID_OOD,8,0.06956214062972355,0.08457618564469893,0.06954108797342562,324.03675640348723,0.9999999598601026,0.20547842573779296,1115.7480282010533,"x = P_level x + P_structure x, P_level the orthogonal projection onto spatially constant fields. Diagnostic; no threshold",4ef162320e09086a16f1e130b09a507d399438740647147560f339cd2aa60069
DIRECT_PHYSICAL,TSVD,10000.0,IN_CLASS_ID,8,0.053017806786280916,0.06811268718492422,0.04143107986795504,0.37512388427096166,0.9838218863433618,0.44491003145386765,1.0557154129004864,"x = P_level x + P_structure x, P_level the orthogonal projection onto spatially constant fields. Diagnostic; no threshold",4ef162320e09086a16f1e130b09a507d399438740647147560f339cd2aa60069
DIRECT_PHYSICAL,TSVD,10000.0,IN_CLASS_OOD,8,0.04392409514052058,0.061280406415666705,0.04372923669703119,4.05632060369809,0.999967713750053,0.4427744409490925,66.56408476290153,"x = P_level x + P_structure x, P_level the orthogonal projection onto spatially constant fields. Diagnostic; no threshold",4ef162320e09086a16f1e130b09a507d399438740647147560f339cd2aa60069
DIRECT_PHYSICAL,TSVD,10000.0,OFF_GRID_ID,8,0.044999104792629974,0.15847643715369047,0.04245619148087122,0.953735291456542,0.9949598138466409,0.4482661480693651,1.8445392636319777,"x = P_level x + P_structure x, P_level the orthogonal projection onto spatially constant fields. Diagnostic; no threshold",4ef162320e09086a16f1e130b09a507d399438740647147560f339cd2aa60069
DIRECT_PHYSICAL,TSVD,10000.0,OFF_GRID_OOD,8,0.044290172213982515,0.062222549087708995,0.04429895818568995,86.3792050021093,0.9999999598601026,0.4500482791556085,1080.869723772861,"x = P_level x + P_structure x, P_level the orthogonal projection onto spatially constant fields. Diagnostic; no threshold",4ef162320e09086a16f1e130b09a507d399438740647147560f339cd2aa60069
DIRECT_PHYSICAL,RIDGE_IDENTITY,10000.0,IN_CLASS_ID,8,0.07604661995158701,0.061829119210639265,0.062470000940471684,0.3588255358273007,0.9838218863433618,0.4901786080423499,0.9420931873439335,"x = P_level x + P_structure x, P_level the orthogonal projection onto spatially constant fields. Diagnostic; no threshold",4ef162320e09086a16f1e130b09a507d399438740647147560f339cd2aa60069
DIRECT_PHYSICAL,RIDGE_IDENTITY,10000.0,IN_CLASS_OOD,8,0.06512370555644958,0.041039404798619866,0.06460158865501807,3.3809087142808147,0.999967713750053,0.48790906207542173,43.217079276430326,"x = P_level x + P_structure x, P_level the orthogonal projection onto spatially constant fields. Diagnostic; no threshold",4ef162320e09086a16f1e130b09a507d399438740647147560f339cd2aa60069
DIRECT_PHYSICAL,RIDGE_IDENTITY,10000.0,OFF_GRID_ID,8,0.06660044790341449,0.13302451680677557,0.06456625353660983,0.9160557242684055,0.9949598138466409,0.49094011871519394,1.4010958578088124,"x = P_level x + P_structure x, P_level the orthogonal projection onto spatially constant fields. Diagnostic; no threshold",4ef162320e09086a16f1e130b09a507d399438740647147560f339cd2aa60069
DIRECT_PHYSICAL,RIDGE_IDENTITY,10000.0,OFF_GRID_OOD,8,0.06538775437955058,0.040730137632028846,0.06537934450355835,71.33948678031909,0.9999999598601026,0.49629427888845445,726.6222479205278,"x = P_level x + P_structure x, P_level the orthogonal projection onto spatially constant fields. Diagnostic; no threshold",4ef162320e09086a16f1e130b09a507d399438740647147560f339cd2aa60069
DIRECT_PHYSICAL,TIKHONOV_TEMPORAL,10000.0,IN_CLASS_ID,8,0.028343257225240278,0.06294748805811927,0.021772781757801247,0.38874565111816306,0.9838218863433618,0.19253410710357902,1.4411694662101728,"x = P_level x + P_structure x, P_level the orthogonal projection onto spatially constant fields. Diagnostic; no threshold",4ef162320e09086a16f1e130b09a507d399438740647147560f339cd2aa60069
DIRECT_PHYSICAL,TIKHONOV_TEMPORAL,10000.0,IN_CLASS_OOD,8,0.02307404597488371,0.03970779026742394,0.0224494593789128,3.317144184131333,0.999967713750053,0.1896211848211774,57.82296535762904,"x = P_level x + P_structure x, P_level the orthogonal projection onto spatially constant fields. Diagnostic; no threshold",4ef162320e09086a16f1e130b09a507d399438740647147560f339cd2aa60069
DIRECT_PHYSICAL,TIKHONOV_TEMPORAL,10000.0,OFF_GRID_ID,8,0.020115820897805475,0.14014921061402474,0.019094625195409803,0.9166405418513116,0.9949598138466409,0.1768055103830781,1.809224345838931,"x = P_level x + P_structure x, P_level the orthogonal projection onto spatially constant fields. Diagnostic; no threshold",4ef162320e09086a16f1e130b09a507d399438740647147560f339cd2aa60069
DIRECT_PHYSICAL,TIKHONOV_TEMPORAL,10000.0,OFF_GRID_OOD,8,0.018674905628417456,0.033850408985540426,0.01866601600196779,65.01715979517633,0.9999999598601026,0.19027738116076523,859.1760872750492,"x = P_level x + P_structure x, P_level the orthogonal projection onto spatially constant fields. Diagnostic; no threshold",4ef162320e09086a16f1e130b09a507d399438740647147560f339cd2aa60069
DIRECT_PHYSICAL,WIENER_GAUSSIAN,10000.0,IN_CLASS_ID,8,0.07642725248571733,0.17161350584102603,0.0647041193900926,0.8355736017716571,0.9838218863433618,0.06463995326205141,0.9006038871147579,"x = P_level x + P_structure x, P_level the orthogonal projection onto spatially constant fields. Diagnostic; no threshold",4ef162320e09086a16f1e130b09a507d399438740647147560f339cd2aa60069
DIRECT_PHYSICAL,WIENER_GAUSSIAN,10000.0,IN_CLASS_OOD,8,0.06936414138847763,0.1626462908447872,0.06862931026561903,20.61046028739799,0.999967713750053,0.058268279718664995,75.17708622448723,"x = P_level x + P_structure x, P_level the orthogonal projection onto spatially constant fields. Diagnostic; no threshold",4ef162320e09086a16f1e130b09a507d399438740647147560f339cd2aa60069
DIRECT_PHYSICAL,WIENER_GAUSSIAN,10000.0,OFF_GRID_ID,8,0.07507656114004185,0.18364533158283947,0.07403306237713705,1.817884607858303,0.9949598138466409,0.07394023325910683,1.8761659011023708,"x = P_level x + P_structure x, P_level the orthogonal projection onto spatially constant fields. Diagnostic; no threshold",4ef162320e09086a16f1e130b09a507d399438740647147560f339cd2aa60069
DIRECT_PHYSICAL,WIENER_GAUSSIAN,10000.0,OFF_GRID_OOD,8,0.07602862321476131,0.15818700728855095,0.07602085098051292,552.6332488360929,0.9999999598601026,0.07576697767439877,1118.584307632147,"x = P_level x + P_structure x, P_level the orthogonal projection onto spatially constant fields. Diagnostic; no threshold",4ef162320e09086a16f1e130b09a507d399438740647147560f339cd2aa60069
DIRECT_PHYSICAL,LINEAR_STATE_SPACE,10000.0,IN_CLASS_ID,8,0.10296220887067542,0.1808837376133318,0.07716262684561287,1.0129905067741016,0.9838218863433618,0.20406251490984745,1.7968819551134023,"x = P_level x + P_structure x, P_level the orthogonal projection onto spatially constant fields. Diagnostic; no threshold",4ef162320e09086a16f1e130b09a507d399438740647147560f339cd2aa60069
DIRECT_PHYSICAL,LINEAR_STATE_SPACE,10000.0,IN_CLASS_OOD,8,0.07931244822027844,0.10449940195640937,0.07687264376644162,12.108448117664992,0.999967713750053,0.19258620264200638,77.6141706003069,"x = P_level x + P_structure x, P_level the orthogonal projection onto spatially constant fields. Diagnostic; no threshold",4ef162320e09086a16f1e130b09a507d399438740647147560f339cd2aa60069
DIRECT_PHYSICAL,LINEAR_STATE_SPACE,10000.0,OFF_GRID_ID,8,0.07879954662907765,0.1717524760071809,0.07350795986345222,1.4954243478187619,0.9949598138466409,0.20454637543443116,2.302414839749077,"x = P_level x + P_structure x, P_level the orthogonal projection onto spatially constant fields. Diagnostic; no threshold",4ef162320e09086a16f1e130b09a507d399438740647147560f339cd2aa60069
DIRECT_PHYSICAL,LINEAR_STATE_SPACE,10000.0,OFF_GRID_OOD,8,0.06959894600442071,0.08461675204093685,0.06958300051867772,324.2385706803227,0.9999999598601026,0.2054049348294542,1114.8577332749182,"x = P_level x + P_structure x, P_level the orthogonal projection onto spatially constant fields. Diagnostic; no threshold",4ef162320e09086a16f1e130b09a507d399438740647147560f339cd2aa60069
DIRECT_PHYSICAL,TSVD,30000.0,IN_CLASS_ID,8,0.026425900965867152,0.041865758557866145,0.02102900223702967,0.2336408539274919,0.9838218863433618,0.3161527901641596,1.1503566329718504,"x = P_level x + P_structure x, P_level the orthogonal projection onto spatially constant fields. Diagnostic; no threshold",4ef162320e09086a16f1e130b09a507d399438740647147560f339cd2aa60069
DIRECT_PHYSICAL,TSVD,30000.0,IN_CLASS_OOD,8,0.023952232156316845,0.03439212049915312,0.022986557061817132,2.583842226115263,0.999967713750053,0.31336207854685927,68.7841846311694,"x = P_level x + P_structure x, P_level the orthogonal projection onto spatially constant fields. Diagnostic; no threshold",4ef162320e09086a16f1e130b09a507d399438740647147560f339cd2aa60069
DIRECT_PHYSICAL,TSVD,30000.0,OFF_GRID_ID,8,0.021516455635275218,0.15937703842594217,0.020571338690048832,0.9040636323324514,0.9949598138466409,0.3121645145105282,1.8657077471381283,"x = P_level x + P_structure x, P_level the orthogonal projection onto spatially constant fields. Diagnostic; no threshold",4ef162320e09086a16f1e130b09a507d399438740647147560f339cd2aa60069
DIRECT_PHYSICAL,TSVD,30000.0,OFF_GRID_OOD,8,0.024004356424635644,0.03959972107285812,0.02400844386520821,50.73142643587006,0.9999999598601026,0.3172398509799589,1206.3942288612288,"x = P_level x + P_structure x, P_level the orthogonal projection onto spatially constant fields. Diagnostic; no threshold",4ef162320e09086a16f1e130b09a507d399438740647147560f339cd2aa60069
DIRECT_PHYSICAL,RIDGE_IDENTITY,30000.0,IN_CLASS_ID,8,0.07504464226434408,0.05722947691905965,0.06255958869425243,0.34125449837079236,0.9838218863433618,0.4919358427478969,0.931048827315792,"x = P_level x + P_structure x, P_level the orthogonal projection onto spatially constant fields. Diagnostic; no threshold",4ef162320e09086a16f1e130b09a507d399438740647147560f339cd2aa60069
DIRECT_PHYSICAL,RIDGE_IDENTITY,30000.0,IN_CLASS_OOD,8,0.06385104147165699,0.03485989248824606,0.06315214103853403,3.0098705705559095,0.999967713750053,0.48331290237333935,40.79281909652164,"x = P_level x + P_structure x, P_level the orthogonal projection onto spatially constant fields. Diagnostic; no threshold",4ef162320e09086a16f1e130b09a507d399438740647147560f339cd2aa60069
DIRECT_PHYSICAL,RIDGE_IDENTITY,30000.0,OFF_GRID_ID,8,0.06549752300893502,0.1300732276379928,0.06331834804017067,0.9085571731441593,0.9949598138466409,0.49489196161512183,1.3474436487909596,"x = P_level x + P_structure x, P_level the orthogonal projection onto spatially constant fields. Diagnostic; no threshold",4ef162320e09086a16f1e130b09a507d399438740647147560f339cd2aa60069
DIRECT_PHYSICAL,RIDGE_IDENTITY,30000.0,OFF_GRID_OOD,8,0.06456756719259293,0.035694889076599505,0.0644994963919823,62.422109523844256,0.9999999598601026,0.4941989096643775,662.3019092947218,"x = P_level x + P_structure x, P_level the orthogonal projection onto spatially constant fields. Diagnostic; no threshold",4ef162320e09086a16f1e130b09a507d399438740647147560f339cd2aa60069
DIRECT_PHYSICAL,TIKHONOV_TEMPORAL,30000.0,IN_CLASS_ID,8,0.028015854539009316,0.06268737072481595,0.02171824196721939,0.3861595580223901,0.9838218863433618,0.1932644426131368,1.4405121511255037,"x = P_level x + P_structure x, P_level the orthogonal projection onto spatially constant fields. Diagnostic; no threshold",4ef162320e09086a16f1e130b09a507d399438740647147560f339cd2aa60069
DIRECT_PHYSICAL,TIKHONOV_TEMPORAL,30000.0,IN_CLASS_OOD,8,0.02282935953627801,0.03971433558279635,0.022308154305550394,3.3483697336130573,0.999967713750053,0.18918342620927003,58.01836201942308,"x = P_level x + P_structure x, P_level the orthogonal projection onto spatially constant fields. Diagnostic; no threshold",4ef162320e09086a16f1e130b09a507d399438740647147560f339cd2aa60069
DIRECT_PHYSICAL,TIKHONOV_TEMPORAL,30000.0,OFF_GRID_ID,8,0.020095023037669364,0.14030826473022842,0.019192868479430823,0.9164694282489187,0.9949598138466409,0.17609787138351238,1.810444845850689,"x = P_level x + P_structure x, P_level the orthogonal projection onto spatially constant fields. Diagnostic; no threshold",4ef162320e09086a16f1e130b09a507d399438740647147560f339cd2aa60069
DIRECT_PHYSICAL,TIKHONOV_TEMPORAL,30000.0,OFF_GRID_OOD,8,0.01921841878465231,0.03304779051530816,0.01918992288660866,64.85206078830271,0.9999999598601026,0.1907281804025504,864.4763114794833,"x = P_level x + P_structure x, P_level the orthogonal projection onto spatially constant fields. Diagnostic; no threshold",4ef162320e09086a16f1e130b09a507d399438740647147560f339cd2aa60069
DIRECT_PHYSICAL,WIENER_GAUSSIAN,30000.0,IN_CLASS_ID,8,0.07643527467167666,0.17162427489877102,0.06471185895438608,0.8356232385399053,0.9838218863433618,0.06464527068707719,0.9006417738207465,"x = P_level x + P_structure x, P_level the orthogonal projection onto spatially constant fields. Diagnostic; no threshold",4ef162320e09086a16f1e130b09a507d399438740647147560f339cd2aa60069
DIRECT_PHYSICAL,WIENER_GAUSSIAN,30000.0,IN_CLASS_OOD,8,0.06936800447477512,0.16265690532506172,0.06863361425716269,20.611629730455096,0.999967713750053,0.05827489691715841,75.18115809841748,"x = P_level x + P_structure x, P_level the orthogonal projection onto spatially constant fields. Diagnostic; no threshold",4ef162320e09086a16f1e130b09a507d399438740647147560f339cd2aa60069
DIRECT_PHYSICAL,WIENER_GAUSSIAN,30000.0,OFF_GRID_ID,8,0.07508298820564842,0.18365499566325064,0.07403761191648467,1.8179724262253327,0.9949598138466409,0.07394815504605293,1.876254910289016,"x = P_level x + P_structure x, P_level the orthogonal projection onto spatially constant fields. Diagnostic; no threshold",4ef162320e09086a16f1e130b09a507d399438740647147560f339cd2aa60069
DIRECT_PHYSICAL,WIENER_GAUSSIAN,30000.0,OFF_GRID_OOD,8,0.07603367818502527,0.15819656487865252,0.07602643332825923,552.6719640609033,0.9999999598601026,0.07577079538779707,1118.662888054273,"x = P_level x + P_structure x, P_level the orthogonal projection onto spatially constant fields. Diagnostic; no threshold",4ef162320e09086a16f1e130b09a507d399438740647147560f339cd2aa60069
DIRECT_PHYSICAL,LINEAR_STATE_SPACE,30000.0,IN_CLASS_ID,8,0.10295531220896004,0.18088222016879577,0.07717367797709437,1.0129301396676849,0.9838218863433618,0.204048558887169,1.7971584414660062,"x = P_level x + P_structure x, P_level the orthogonal projection onto spatially constant fields. Diagnostic; no threshold",4ef162320e09086a16f1e130b09a507d399438740647147560f339cd2aa60069
DIRECT_PHYSICAL,LINEAR_STATE_SPACE,30000.0,IN_CLASS_OOD,8,0.07931223703877358,0.10452805463328546,0.07685177337877422,12.110531122850102,0.999967713750053,0.19261318777793396,77.6356525448525,"x = P_level x + P_structure x, P_level the orthogonal projection onto spatially constant fields. Diagnostic; no threshold",4ef162320e09086a16f1e130b09a507d399438740647147560f339cd2aa60069
DIRECT_PHYSICAL,LINEAR_STATE_SPACE,30000.0,OFF_GRID_ID,8,0.07880993259977898,0.17175132518857988,0.0735046239789642,1.4956219452614308,0.9949598138466409,0.2045582235287854,2.302040951688584,"x = P_level x + P_structure x, P_level the orthogonal projection onto spatially constant fields. Diagnostic; no threshold",4ef162320e09086a16f1e130b09a507d399438740647147560f339cd2aa60069
DIRECT_PHYSICAL,LINEAR_STATE_SPACE,30000.0,OFF_GRID_OOD,8,0.06961447183936484,0.08460188693207575,0.06960430544755591,324.38568757559324,0.9999999598601026,0.20543798193305846,1115.2361682734888,"x = P_level x + P_structure x, P_level the orthogonal projection onto spatially constant fields. Diagnostic; no threshold",4ef162320e09086a16f1e130b09a507d399438740647147560f339cd2aa60069
DIRECT_PHYSICAL,TSVD,100000.0,IN_CLASS_ID,8,0.015307699084066807,0.02841106806206102,0.012201805459859199,0.15033947683714655,0.9838218863433618,0.22764463870085636,0.9909852486127446,"x = P_level x + P_structure x, P_level the orthogonal projection onto spatially constant fields. Diagnostic; no threshold",4ef162320e09086a16f1e130b09a507d399438740647147560f339cd2aa60069
DIRECT_PHYSICAL,TSVD,100000.0,IN_CLASS_OOD,8,0.012864067171291932,0.02516382697634721,0.012730959310401684,1.9044532419514604,0.999967713750053,0.23049090947251039,61.545110535977905,"x = P_level x + P_structure x, P_level the orthogonal projection onto spatially constant fields. Diagnostic; no threshold",4ef162320e09086a16f1e130b09a507d399438740647147560f339cd2aa60069
DIRECT_PHYSICAL,TSVD,100000.0,OFF_GRID_ID,8,0.01372281597969422,0.154607465320937,0.012786659228818106,0.8863832907862437,0.9949598138466409,0.22898095019133702,1.7548759818876358,"x = P_level x + P_structure x, P_level the orthogonal projection onto spatially constant fields. Diagnostic; no threshold",4ef162320e09086a16f1e130b09a507d399438740647147560f339cd2aa60069
DIRECT_PHYSICAL,TSVD,100000.0,OFF_GRID_OOD,8,0.013443339411793787,0.03035883834682096,0.01343413703565295,33.66432992099092,0.9999999598601026,0.23589985105633127,1087.332715991235,"x = P_level x + P_structure x, P_level the orthogonal projection onto spatially constant fields. Diagnostic; no threshold",4ef162320e09086a16f1e130b09a507d399438740647147560f339cd2aa60069
DIRECT_PHYSICAL,RIDGE_IDENTITY,100000.0,IN_CLASS_ID,8,0.07532187301592226,0.05636358170658583,0.06318702248481525,0.3415673847064308,0.9838218863433618,0.4914284856882225,0.9295719237774335,"x = P_level x + P_structure x, P_level the orthogonal projection onto spatially constant fields. Diagnostic; no threshold",4ef162320e09086a16f1e130b09a507d399438740647147560f339cd2aa60069
DIRECT_PHYSICAL,RIDGE_IDENTITY,100000.0,IN_CLASS_OOD,8,0.06383281629730789,0.03384801891986239,0.06298168621518904,2.9943145404422102,0.999967713750053,0.4836176113056973,40.18911550940367,"x = P_level x + P_structure x, P_level the orthogonal projection onto spatially constant fields. Diagnostic; no threshold",4ef162320e09086a16f1e130b09a507d399438740647147560f339cd2aa60069
DIRECT_PHYSICAL,RIDGE_IDENTITY,100000.0,OFF_GRID_ID,8,0.06536141501769686,0.12995002503433245,0.06396103480040052,0.9078905838367632,0.9949598138466409,0.49624189740032265,1.3365204475191474,"x = P_level x + P_structure x, P_level the orthogonal projection onto spatially constant fields. Diagnostic; no threshold",4ef162320e09086a16f1e130b09a507d399438740647147560f339cd2aa60069
DIRECT_PHYSICAL,RIDGE_IDENTITY,100000.0,OFF_GRID_OOD,8,0.06441254996388618,0.0343476393554675,0.06435880628923227,62.43839715716668,0.9999999598601026,0.49549831869751104,659.8961627707858,"x = P_level x + P_structure x, P_level the orthogonal projection onto spatially constant fields. Diagnostic; no threshold",4ef162320e09086a16f1e130b09a507d399438740647147560f339cd2aa60069
DIRECT_PHYSICAL,TIKHONOV_TEMPORAL,100000.0,IN_CLASS_ID,8,0.028062390465889125,0.06252046195780318,0.021760954860680616,0.3862348429063047,0.9838218863433618,0.1932070791233898,1.4396352141538225,"x = P_level x + P_structure x, P_level the orthogonal projection onto spatially constant fields. Diagnostic; no threshold",4ef162320e09086a16f1e130b09a507d399438740647147560f339cd2aa60069
DIRECT_PHYSICAL,TIKHONOV_TEMPORAL,100000.0,IN_CLASS_OOD,8,0.022713967982749966,0.03966111048041521,0.02243524611005341,3.3741410222340713,0.999967713750053,0.1899358717467971,57.49231158048182,"x = P_level x + P_structure x, P_level the orthogonal projection onto spatially constant fields. Diagnostic; no threshold",4ef162320e09086a16f1e130b09a507d399438740647147560f339cd2aa60069
DIRECT_PHYSICAL,TIKHONOV_TEMPORAL,100000.0,OFF_GRID_ID,8,0.02003947786049063,0.14035431172627283,0.019184138060777435,0.9162772974546156,0.9949598138466409,0.17605644306349186,1.8105569859388615,"x = P_level x + P_structure x, P_level the orthogonal projection onto spatially constant fields. Diagnostic; no threshold",4ef162320e09086a16f1e130b09a507d399438740647147560f339cd2aa60069
DIRECT_PHYSICAL,TIKHONOV_TEMPORAL,100000.0,OFF_GRID_OOD,8,0.01922838018721456,0.032919350014340806,0.01922705995884289,64.59651531319435,0.9999999598601026,0.19066524491817188,863.3090588905949,"x = P_level x + P_structure x, P_level the orthogonal projection onto spatially constant fields. Diagnostic; no threshold",4ef162320e09086a16f1e130b09a507d399438740647147560f339cd2aa60069
DIRECT_PHYSICAL,WIENER_GAUSSIAN,100000.0,IN_CLASS_ID,8,0.07643721782858706,0.17162777825733072,0.06471162633067032,0.8356418734696724,0.9838218863433618,0.06464645314731322,0.9006539131442622,"x = P_level x + P_structure x, P_level the orthogonal projection onto spatially constant fields. Diagnostic; no threshold",4ef162320e09086a16f1e130b09a507d399438740647147560f339cd2aa60069
DIRECT_PHYSICAL,WIENER_GAUSSIAN,100000.0,IN_CLASS_OOD,8,0.06936970409275955,0.16266060649994962,0.06863566037069194,20.61212380007791,0.999967713750053,0.05827617511640705,75.18272633342974,"x = P_level x + P_structure x, P_level the orthogonal projection onto spatially constant fields. Diagnostic; no threshold",4ef162320e09086a16f1e130b09a507d399438740647147560f339cd2aa60069
DIRECT_PHYSICAL,WIENER_GAUSSIAN,100000.0,OFF_GRID_ID,8,0.07508520032666477,0.1836578431672602,0.07403947481617762,1.8179984457769462,0.9949598138466409,0.07394966760757277,1.8762886753886083,"x = P_level x + P_structure x, P_level the orthogonal projection onto spatially constant fields. Diagnostic; no threshold",4ef162320e09086a16f1e130b09a507d399438740647147560f339cd2aa60069
DIRECT_PHYSICAL,WIENER_GAUSSIAN,100000.0,OFF_GRID_OOD,8,0.07603589511160656,0.15820039702613584,0.07602831314694343,552.6847375310697,0.9999999598601026,0.07577199489530065,1118.688862940292,"x = P_level x + P_structure x, P_level the orthogonal projection onto spatially constant fields. Diagnostic; no threshold",4ef162320e09086a16f1e130b09a507d399438740647147560f339cd2aa60069
DIRECT_PHYSICAL,LINEAR_STATE_SPACE,100000.0,IN_CLASS_ID,8,0.10295189886116046,0.1808790418317171,0.07717147880502423,1.0129406755447619,0.9838218863433618,0.20405115424879072,1.797004059220325,"x = P_level x + P_structure x, P_level the orthogonal projection onto spatially constant fields. Diagnostic; no threshold",4ef162320e09086a16f1e130b09a507d399438740647147560f339cd2aa60069
DIRECT_PHYSICAL,LINEAR_STATE_SPACE,100000.0,IN_CLASS_OOD,8,0.079313405336225,0.10450902181787838,0.07684307325374834,12.110544354777392,0.999967713750053,0.192622984263662,77.63992682820486,"x = P_level x + P_structure x, P_level the orthogonal projection onto spatially constant fields. Diagnostic; no threshold",4ef162320e09086a16f1e130b09a507d399438740647147560f339cd2aa60069
DIRECT_PHYSICAL,LINEAR_STATE_SPACE,100000.0,OFF_GRID_ID,8,0.07881293942747358,0.17175156028824226,0.07350536088010667,1.4957076766470494,0.9949598138466409,0.20456870936243451,2.3018830166802107,"x = P_level x + P_structure x, P_level the orthogonal projection onto spatially constant fields. Diagnostic; no threshold",4ef162320e09086a16f1e130b09a507d399438740647147560f339cd2aa60069
DIRECT_PHYSICAL,LINEAR_STATE_SPACE,100000.0,OFF_GRID_OOD,8,0.06960951808653149,0.08460151677367614,0.06959742314715815,324.43157900085555,0.9999999598601026,0.20543581382627363,1115.1303804260167,"x = P_level x + P_structure x, P_level the orthogonal projection onto spatially constant fields. Diagnostic; no threshold",4ef162320e09086a16f1e130b09a507d399438740647147560f339cd2aa60069
DIRECT_PHYSICAL,TSVD,1000000.0,IN_CLASS_ID,8,0.0021975548948109085,0.007318136845607107,0.0017583462131512263,0.03952438150115971,0.9838218863433618,0.052043536922602086,0.6836675232759544,"x = P_level x + P_structure x, P_level the orthogonal projection onto spatially constant fields. Diagnostic; no threshold",4ef162320e09086a16f1e130b09a507d399438740647147560f339cd2aa60069
DIRECT_PHYSICAL,TSVD,1000000.0,IN_CLASS_OOD,8,0.0017714245704341224,0.006823498767637286,0.0017695654376623142,0.5699010415042964,0.999967713750053,0.05255407339099587,39.85347698710665,"x = P_level x + P_structure x, P_level the orthogonal projection onto spatially constant fields. Diagnostic; no threshold",4ef162320e09086a16f1e130b09a507d399438740647147560f339cd2aa60069
DIRECT_PHYSICAL,TSVD,1000000.0,OFF_GRID_ID,8,0.0019146735258078638,0.12167940434065377,0.0018233928526734755,0.8579997165258989,0.9949598138466409,0.05209346658199241,1.308233789377117,"x = P_level x + P_structure x, P_level the orthogonal projection onto spatially constant fields. Diagnostic; no threshold",4ef162320e09086a16f1e130b09a507d399438740647147560f339cd2aa60069
DIRECT_PHYSICAL,TSVD,1000000.0,OFF_GRID_OOD,8,0.0017000652104047676,0.01484767462691463,0.001698673351534192,9.789708840215283,0.9999999598601026,0.05689701722186273,740.8107779892965,"x = P_level x + P_structure x, P_level the orthogonal projection onto spatially constant fields. Diagnostic; no threshold",4ef162320e09086a16f1e130b09a507d399438740647147560f339cd2aa60069
DIRECT_PHYSICAL,RIDGE_IDENTITY,1000000.0,IN_CLASS_ID,8,0.07527852994526045,0.05621453838803827,0.06353919781514733,0.3415087149636147,0.9838218863433618,0.4911577359445236,0.9303049747827539,"x = P_level x + P_structure x, P_level the orthogonal projection onto spatially constant fields. Diagnostic; no threshold",4ef162320e09086a16f1e130b09a507d399438740647147560f339cd2aa60069
DIRECT_PHYSICAL,RIDGE_IDENTITY,1000000.0,IN_CLASS_OOD,8,0.06410367156100948,0.03341404259968176,0.06336114200314749,2.958352045074876,0.999967713750053,0.4825570537797538,40.2051789058835,"x = P_level x + P_structure x, P_level the orthogonal projection onto spatially constant fields. Diagnostic; no threshold",4ef162320e09086a16f1e130b09a507d399438740647147560f339cd2aa60069
DIRECT_PHYSICAL,RIDGE_IDENTITY,1000000.0,OFF_GRID_ID,8,0.0650943265953964,0.12989094568377366,0.0640559800906512,0.9079708591337619,0.9949598138466409,0.4959246245693768,1.3396515161120206,"x = P_level x + P_structure x, P_level the orthogonal projection onto spatially constant fields. Diagnostic; no threshold",4ef162320e09086a16f1e130b09a507d399438740647147560f339cd2aa60069
DIRECT_PHYSICAL,RIDGE_IDENTITY,1000000.0,OFF_GRID_OOD,8,0.06454533679747439,0.03363317000526656,0.06451689555824336,63.82210344516936,0.9999999598601026,0.49535752920576925,661.4492871594816,"x = P_level x + P_structure x, P_level the orthogonal projection onto spatially constant fields. Diagnostic; no threshold",4ef162320e09086a16f1e130b09a507d399438740647147560f339cd2aa60069
DIRECT_PHYSICAL,TIKHONOV_TEMPORAL,1000000.0,IN_CLASS_ID,8,0.028087711792125165,0.06253493878792055,0.0217522950844701,0.38629566208495986,0.9838218863433618,0.1932116102693057,1.4398340502051603,"x = P_level x + P_structure x, P_level the orthogonal projection onto spatially constant fields. Diagnostic; no threshold",4ef162320e09086a16f1e130b09a507d399438740647147560f339cd2aa60069
DIRECT_PHYSICAL,TIKHONOV_TEMPORAL,1000000.0,IN_CLASS_OOD,8,0.022689840487876367,0.03973493738308641,0.022425925635519144,3.3708550488255025,0.999967713750053,0.18981526086014042,57.70966303568548,"x = P_level x + P_structure x, P_level the orthogonal projection onto spatially constant fields. Diagnostic; no threshold",4ef162320e09086a16f1e130b09a507d399438740647147560f339cd2aa60069
DIRECT_PHYSICAL,TIKHONOV_TEMPORAL,1000000.0,OFF_GRID_ID,8,0.02005930038116443,0.14039093219435084,0.019188445247709428,0.9162247365325432,0.9949598138466409,0.176095247663479,1.8111288221488593,"x = P_level x + P_structure x, P_level the orthogonal projection onto spatially constant fields. Diagnostic; no threshold",4ef162320e09086a16f1e130b09a507d399438740647147560f339cd2aa60069
DIRECT_PHYSICAL,TIKHONOV_TEMPORAL,1000000.0,OFF_GRID_OOD,8,0.019238375921287538,0.032968972149973214,0.019232220466198165,64.57737034379986,0.9999999598601026,0.19080385579730466,862.6137128825409,"x = P_level x + P_structure x, P_level the orthogonal projection onto spatially constant fields. Diagnostic; no threshold",4ef162320e09086a16f1e130b09a507d399438740647147560f339cd2aa60069
DIRECT_PHYSICAL,WIENER_GAUSSIAN,1000000.0,IN_CLASS_ID,8,0.07643792718271383,0.17162901601874553,0.06471253069298838,0.8356487764004148,0.9838218863433618,0.0646470951666391,0.9006596191130287,"x = P_level x + P_structure x, P_level the orthogonal projection onto spatially constant fields. Diagnostic; no threshold",4ef162320e09086a16f1e130b09a507d399438740647147560f339cd2aa60069
DIRECT_PHYSICAL,WIENER_GAUSSIAN,1000000.0,IN_CLASS_OOD,8,0.06937009347700074,0.16266207970564978,0.06863664412355261,20.612304787454754,0.999967713750053,0.05827731071015249,75.18330138581607,"x = P_level x + P_structure x, P_level the orthogonal projection onto spatially constant fields. Diagnostic; no threshold",4ef162320e09086a16f1e130b09a507d399438740647147560f339cd2aa60069
DIRECT_PHYSICAL,WIENER_GAUSSIAN,1000000.0,OFF_GRID_ID,8,0.07508594822963324,0.18365905602075136,0.0740403696179569,1.8180102205888327,0.9949598138466409,0.07395028220167618,1.8762999339217652,"x = P_level x + P_structure x, P_level the orthogonal projection onto spatially constant fields. Diagnostic; no threshold",4ef162320e09086a16f1e130b09a507d399438740647147560f339cd2aa60069
DIRECT_PHYSICAL,WIENER_GAUSSIAN,1000000.0,OFF_GRID_OOD,8,0.07603653219982162,0.15820178995147766,0.07602914781639915,552.6899867107588,0.9999999598601026,0.07577288740607155,1118.6991625892133,"x = P_level x + P_structure x, P_level the orthogonal projection onto spatially constant fields. Diagnostic; no threshold",4ef162320e09086a16f1e130b09a507d399438740647147560f339cd2aa60069
DIRECT_PHYSICAL,LINEAR_STATE_SPACE,1000000.0,IN_CLASS_ID,8,0.1029532663247428,0.180879259722028,0.07717101743717619,1.0129443163146092,0.9838218863433618,0.20405153922872513,1.7969693894966052,"x = P_level x + P_structure x, P_level the orthogonal projection onto spatially constant fields. Diagnostic; no threshold",4ef162320e09086a16f1e130b09a507d399438740647147560f339cd2aa60069
DIRECT_PHYSICAL,LINEAR_STATE_SPACE,1000000.0,IN_CLASS_OOD,8,0.07931271522366333,0.10450708427286694,0.07684220736610081,12.110540900031257,0.999967713750053,0.1926235679342806,77.63648847372664,"x = P_level x + P_structure x, P_level the orthogonal projection onto spatially constant fields. Diagnostic; no threshold",4ef162320e09086a16f1e130b09a507d399438740647147560f339cd2aa60069
DIRECT_PHYSICAL,LINEAR_STATE_SPACE,1000000.0,OFF_GRID_ID,8,0.07881149508077429,0.1717535619302297,0.0735072822054676,1.4957275015748388,0.9949598138466409,0.20456470661573145,2.3019186620026515,"x = P_level x + P_structure x, P_level the orthogonal projection onto spatially constant fields. Diagnostic; no threshold",4ef162320e09086a16f1e130b09a507d399438740647147560f339cd2aa60069
DIRECT_PHYSICAL,LINEAR_STATE_SPACE,1000000.0,OFF_GRID_OOD,8,0.06960600188075367,0.08460185087042843,0.06959724301348465,324.43970348785103,0.9999999598601026,0.20543891476617362,1115.0871019472117,"x = P_level x + P_structure x, P_level the orthogonal projection onto spatially constant fields. Diagnostic; no threshold",4ef162320e09086a16f1e130b09a507d399438740647147560f339cd2aa60069
RESOLVED_PHYSICAL,TSVD,1.0,IN_CLASS_ID,8,0.3585985561090291,0.32357905776055723,0.29648862743313453,1.432481302833678,0.9838218863433618,0.6156781080718281,1.4528220749885161,"x = P_level x + P_structure x, P_level the orthogonal projection onto spatially constant fields. Diagnostic; no threshold",4ef162320e09086a16f1e130b09a507d399438740647147560f339cd2aa60069
RESOLVED_PHYSICAL,TSVD,1.0,IN_CLASS_OOD,8,0.3066844019697267,0.26054157796409305,0.30028760234647767,26.22240833247237,0.999967713750053,0.5860261319412834,81.89724707048426,"x = P_level x + P_structure x, P_level the orthogonal projection onto spatially constant fields. Diagnostic; no threshold",4ef162320e09086a16f1e130b09a507d399438740647147560f339cd2aa60069
RESOLVED_PHYSICAL,TSVD,1.0,OFF_GRID_ID,8,0.3146028751048543,0.2931525518369513,0.3024989851046729,2.437381527641014,0.9949598138466409,0.603116942787259,2.229326367032659,"x = P_level x + P_structure x, P_level the orthogonal projection onto spatially constant fields. Diagnostic; no threshold",4ef162320e09086a16f1e130b09a507d399438740647147560f339cd2aa60069
RESOLVED_PHYSICAL,TSVD,1.0,OFF_GRID_OOD,8,0.30334053853041326,0.2556292819425639,0.30316216271191443,758.2194270505208,0.9999999598601026,0.5941462942005487,1270.0298866799044,"x = P_level x + P_structure x, P_level the orthogonal projection onto spatially constant fields. Diagnostic; no threshold",4ef162320e09086a16f1e130b09a507d399438740647147560f339cd2aa60069
RESOLVED_PHYSICAL,RIDGE_IDENTITY,1.0,IN_CLASS_ID,8,0.31900779574181787,0.3895618026094664,0.25790864172299044,1.696253500401434,0.9838218863433618,0.5352545975108225,1.8148392849108057,"x = P_level x + P_structure x, P_level the orthogonal projection onto spatially constant fields. Diagnostic; no threshold",4ef162320e09086a16f1e130b09a507d399438740647147560f339cd2aa60069
RESOLVED_PHYSICAL,RIDGE_IDENTITY,1.0,IN_CLASS_OOD,8,0.258929332432681,0.344849523627778,0.25212014260119026,40.01966997016149,0.999967713750053,0.511235487962339,135.93732487717165,"x = P_level x + P_structure x, P_level the orthogonal projection onto spatially constant fields. Diagnostic; no threshold",4ef162320e09086a16f1e130b09a507d399438740647147560f339cd2aa60069
RESOLVED_PHYSICAL,RIDGE_IDENTITY,1.0,OFF_GRID_ID,8,0.2779537144475712,0.37777356391878125,0.2662622366586703,3.401235508383158,0.9949598138466409,0.5189675087831409,3.425095492712206,"x = P_level x + P_structure x, P_level the orthogonal projection onto spatially constant fields. Diagnostic; no threshold",4ef162320e09086a16f1e130b09a507d399438740647147560f339cd2aa60069
RESOLVED_PHYSICAL,RIDGE_IDENTITY,1.0,OFF_GRID_OOD,8,0.25599576202109253,0.34265920126348515,0.2559870758300774,1103.9853147914018,0.9999999598601026,0.5172810794830024,2191.7599892251937,"x = P_level x + P_structure x, P_level the orthogonal projection onto spatially constant fields. Diagnostic; no threshold",4ef162320e09086a16f1e130b09a507d399438740647147560f339cd2aa60069
RESOLVED_PHYSICAL,TIKHONOV_TEMPORAL,1.0,IN_CLASS_ID,8,0.23494755411843926,0.5119862374151746,0.18977998777962932,2.5893027308984156,0.9838218863433618,0.3024487723905047,3.8896544444576935,"x = P_level x + P_structure x, P_level the orthogonal projection onto spatially constant fields. Diagnostic; no threshold",4ef162320e09086a16f1e130b09a507d399438740647147560f339cd2aa60069
RESOLVED_PHYSICAL,TIKHONOV_TEMPORAL,1.0,IN_CLASS_OOD,8,0.2064644543774351,0.45545120351651414,0.20006384163576846,56.03519287688222,0.999967713750053,0.30956510114402364,300.75688784622616,"x = P_level x + P_structure x, P_level the orthogonal projection onto spatially constant fields. Diagnostic; no threshold",4ef162320e09086a16f1e130b09a507d399438740647147560f339cd2aa60069
RESOLVED_PHYSICAL,TIKHONOV_TEMPORAL,1.0,OFF_GRID_ID,8,0.21060612937100565,0.4873760103566399,0.2018166250725213,4.819321428647111,0.9949598138466409,0.3123145877080272,7.156640054337974,"x = P_level x + P_structure x, P_level the orthogonal projection onto spatially constant fields. Diagnostic; no threshold",4ef162320e09086a16f1e130b09a507d399438740647147560f339cd2aa60069
RESOLVED_PHYSICAL,TIKHONOV_TEMPORAL,1.0,OFF_GRID_OOD,8,0.20319442633746898,0.4499321192555783,0.20302841972117203,1570.6159886076714,0.9999999598601026,0.31204932309699085,5278.117959038313,"x = P_level x + P_structure x, P_level the orthogonal projection onto spatially constant fields. Diagnostic; no threshold",4ef162320e09086a16f1e130b09a507d399438740647147560f339cd2aa60069
RESOLVED_PHYSICAL,WIENER_GAUSSIAN,1.0,IN_CLASS_ID,8,0.02510152802235725,0.08881459836764813,0.019888513721734613,0.4857793312494725,0.9838218863433618,0.019877622881749983,0.5806263145370653,"x = P_level x + P_structure x, P_level the orthogonal projection onto spatially constant fields. Diagnostic; no threshold",4ef162320e09086a16f1e130b09a507d399438740647147560f339cd2aa60069
RESOLVED_PHYSICAL,WIENER_GAUSSIAN,1.0,IN_CLASS_OOD,8,0.030047975492508743,0.06710860609418706,0.029405388146108973,8.336093518648541,0.999967713750053,0.033936785551574394,30.033043454269613,"x = P_level x + P_structure x, P_level the orthogonal projection onto spatially constant fields. Diagnostic; no threshold",4ef162320e09086a16f1e130b09a507d399438740647147560f339cd2aa60069
RESOLVED_PHYSICAL,WIENER_GAUSSIAN,1.0,OFF_GRID_ID,8,0.025933904480139564,0.11174609244252964,0.02454341747438763,1.0705209576413177,0.9949598138466409,0.024632072154916224,1.0973111079288582,"x = P_level x + P_structure x, P_level the orthogonal projection onto spatially constant fields. Diagnostic; no threshold",4ef162320e09086a16f1e130b09a507d399438740647147560f339cd2aa60069
RESOLVED_PHYSICAL,WIENER_GAUSSIAN,1.0,OFF_GRID_OOD,8,0.018552137702487988,0.05508533609565082,0.018541086793957655,176.77832385514262,0.9999999598601026,0.019423978763583427,359.49208746357397,"x = P_level x + P_structure x, P_level the orthogonal projection onto spatially constant fields. Diagnostic; no threshold",4ef162320e09086a16f1e130b09a507d399438740647147560f339cd2aa60069
RESOLVED_PHYSICAL,LINEAR_STATE_SPACE,1.0,IN_CLASS_ID,8,0.264551732220872,0.5185223217407415,0.21507171212442583,2.5895294827184183,0.9838218863433618,0.3409047140935173,3.898649173803527,"x = P_level x + P_structure x, P_level the orthogonal projection onto spatially constant fields. Diagnostic; no threshold",4ef162320e09086a16f1e130b09a507d399438740647147560f339cd2aa60069
RESOLVED_PHYSICAL,LINEAR_STATE_SPACE,1.0,IN_CLASS_OOD,8,0.2356286578737819,0.4504949911113153,0.23112516742069641,56.500108856064024,0.999967713750053,0.3455426830042636,298.7839905029278,"x = P_level x + P_structure x, P_level the orthogonal projection onto spatially constant fields. Diagnostic; no threshold",4ef162320e09086a16f1e130b09a507d399438740647147560f339cd2aa60069
RESOLVED_PHYSICAL,LINEAR_STATE_SPACE,1.0,OFF_GRID_ID,8,0.2380063653361404,0.4858458693466659,0.2276373016394883,4.834662433768637,0.9949598138466409,0.3513757762612347,7.154940083644328,"x = P_level x + P_structure x, P_level the orthogonal projection onto spatially constant fields. Diagnostic; no threshold",4ef162320e09086a16f1e130b09a507d399438740647147560f339cd2aa60069
RESOLVED_PHYSICAL,LINEAR_STATE_SPACE,1.0,OFF_GRID_OOD,8,0.23069990915338087,0.44657191429489107,0.23039422818726524,1572.435286939866,0.9999999598601026,0.35719979092968557,5271.022427476173,"x = P_level x + P_structure x, P_level the orthogonal projection onto spatially constant fields. Diagnostic; no threshold",4ef162320e09086a16f1e130b09a507d399438740647147560f339cd2aa60069
RESOLVED_PHYSICAL,TSVD,3.0,IN_CLASS_ID,8,0.20606439094879045,0.2902618995980295,0.16836153224393927,1.3530809486428916,0.9838218863433618,0.4634125552147398,1.5556913655627147,"x = P_level x + P_structure x, P_level the orthogonal projection onto spatially constant fields. Diagnostic; no threshold",4ef162320e09086a16f1e130b09a507d399438740647147560f339cd2aa60069
RESOLVED_PHYSICAL,TSVD,3.0,IN_CLASS_OOD,8,0.1909339424896851,0.24387751364561128,0.18882317738399385,26.700567040408842,0.999967713750053,0.4353600062886148,105.99601550720575,"x = P_level x + P_structure x, P_level the orthogonal projection onto spatially constant fields. Diagnostic; no threshold",4ef162320e09086a16f1e130b09a507d399438740647147560f339cd2aa60069
RESOLVED_PHYSICAL,TSVD,3.0,OFF_GRID_ID,8,0.18772352954672117,0.28482164490737505,0.17887055207723423,2.5276186101659626,0.9949598138466409,0.4500739895693042,2.804012318553596,"x = P_level x + P_structure x, P_level the orthogonal projection onto spatially constant fields. Diagnostic; no threshold",4ef162320e09086a16f1e130b09a507d399438740647147560f339cd2aa60069
RESOLVED_PHYSICAL,TSVD,3.0,OFF_GRID_OOD,8,0.18961864775427933,0.24071674027151171,0.18881483204309885,769.3276282611134,0.9999999598601026,0.43919973117927646,1758.5589702589443,"x = P_level x + P_structure x, P_level the orthogonal projection onto spatially constant fields. Diagnostic; no threshold",4ef162320e09086a16f1e130b09a507d399438740647147560f339cd2aa60069
RESOLVED_PHYSICAL,RIDGE_IDENTITY,3.0,IN_CLASS_ID,8,0.2239672045165559,0.2608417348050398,0.18353071575901214,1.2439486181824102,0.9838218863433618,0.48583437337096247,1.426184605331732,"x = P_level x + P_structure x, P_level the orthogonal projection onto spatially constant fields. Diagnostic; no threshold",4ef162320e09086a16f1e130b09a507d399438740647147560f339cd2aa60069
RESOLVED_PHYSICAL,RIDGE_IDENTITY,3.0,IN_CLASS_OOD,8,0.19658961455753152,0.2125327475799565,0.19040731434794816,24.485738314279367,0.999967713750053,0.45893065311309433,96.05800164435877,"x = P_level x + P_structure x, P_level the orthogonal projection onto spatially constant fields. Diagnostic; no threshold",4ef162320e09086a16f1e130b09a507d399438740647147560f339cd2aa60069
RESOLVED_PHYSICAL,RIDGE_IDENTITY,3.0,OFF_GRID_ID,8,0.19798426916969092,0.2577415494599927,0.19009734822768248,2.2561387253723106,0.9949598138466409,0.4705713125350778,2.554131426567401,"x = P_level x + P_structure x, P_level the orthogonal projection onto spatially constant fields. Diagnostic; no threshold",4ef162320e09086a16f1e130b09a507d399438740647147560f339cd2aa60069
RESOLVED_PHYSICAL,RIDGE_IDENTITY,3.0,OFF_GRID_OOD,8,0.19082045592578215,0.21142436461570352,0.190562830196489,693.0528264021384,0.9999999598601026,0.4644329808065517,1540.1025342408711,"x = P_level x + P_structure x, P_level the orthogonal projection onto spatially constant fields. Diagnostic; no threshold",4ef162320e09086a16f1e130b09a507d399438740647147560f339cd2aa60069
RESOLVED_PHYSICAL,TIKHONOV_TEMPORAL,3.0,IN_CLASS_ID,8,0.09147743719280216,0.27753398547403696,0.0739432573165663,1.532597248311827,0.9838218863433618,0.18264365607549365,2.6216658862942857,"x = P_level x + P_structure x, P_level the orthogonal projection onto spatially constant fields. Diagnostic; no threshold",4ef162320e09086a16f1e130b09a507d399438740647147560f339cd2aa60069
RESOLVED_PHYSICAL,TIKHONOV_TEMPORAL,3.0,IN_CLASS_OOD,8,0.08109068852600897,0.2501703651575996,0.07802133780513665,33.48697728060704,0.999967713750053,0.18016737752499112,187.98346731572516,"x = P_level x + P_structure x, P_level the orthogonal projection onto spatially constant fields. Diagnostic; no threshold",4ef162320e09086a16f1e130b09a507d399438740647147560f339cd2aa60069
RESOLVED_PHYSICAL,TIKHONOV_TEMPORAL,3.0,OFF_GRID_ID,8,0.08207029106910799,0.2993125864866173,0.07807071387703544,2.96524037059695,0.9949598138466409,0.1854902138850071,4.502345796179679,"x = P_level x + P_structure x, P_level the orthogonal projection onto spatially constant fields. Diagnostic; no threshold",4ef162320e09086a16f1e130b09a507d399438740647147560f339cd2aa60069
RESOLVED_PHYSICAL,TIKHONOV_TEMPORAL,3.0,OFF_GRID_OOD,8,0.07937486075212384,0.2475853910288052,0.07929131829614805,909.1975316949411,0.9999999598601026,0.17864439631259477,3183.137300234945,"x = P_level x + P_structure x, P_level the orthogonal projection onto spatially constant fields. Diagnostic; no threshold",4ef162320e09086a16f1e130b09a507d399438740647147560f339cd2aa60069
RESOLVED_PHYSICAL,WIENER_GAUSSIAN,3.0,IN_CLASS_ID,8,0.04297219756756224,0.12388275389701803,0.03591687502714691,0.6368130503691722,0.9838218863433618,0.03591398307518412,0.7340907150356248,"x = P_level x + P_structure x, P_level the orthogonal projection onto spatially constant fields. Diagnostic; no threshold",4ef162320e09086a16f1e130b09a507d399438740647147560f339cd2aa60069
RESOLVED_PHYSICAL,WIENER_GAUSSIAN,3.0,IN_CLASS_OOD,8,0.03716454936631787,0.1120740725960101,0.03664886592451792,14.408598783686175,0.999967713750053,0.02802733895589945,53.78753083790029,"x = P_level x + P_structure x, P_level the orthogonal projection onto spatially constant fields. Diagnostic; no threshold",4ef162320e09086a16f1e130b09a507d399438740647147560f339cd2aa60069
RESOLVED_PHYSICAL,WIENER_GAUSSIAN,3.0,OFF_GRID_ID,8,0.041245415849285566,0.1420910185461347,0.040259277213780885,1.4110141630141981,0.9949598138466409,0.040287495660081135,1.4493362968081076,"x = P_level x + P_structure x, P_level the orthogonal projection onto spatially constant fields. Diagnostic; no threshold",4ef162320e09086a16f1e130b09a507d399438740647147560f339cd2aa60069
RESOLVED_PHYSICAL,WIENER_GAUSSIAN,3.0,OFF_GRID_OOD,8,0.04365156166874612,0.10616243897067662,0.043634859403553175,374.3575465121328,0.9999999598601026,0.04350057721177722,756.1705530332385,"x = P_level x + P_structure x, P_level the orthogonal projection onto spatially constant fields. Diagnostic; no threshold",4ef162320e09086a16f1e130b09a507d399438740647147560f339cd2aa60069
RESOLVED_PHYSICAL,LINEAR_STATE_SPACE,3.0,IN_CLASS_ID,8,0.08872368975227013,0.31765003947169834,0.07197670559912228,1.7380829005445635,0.9838218863433618,0.18920534822649426,2.9891309736207328,"x = P_level x + P_structure x, P_level the orthogonal projection onto spatially constant fields. Diagnostic; no threshold",4ef162320e09086a16f1e130b09a507d399438740647147560f339cd2aa60069
RESOLVED_PHYSICAL,LINEAR_STATE_SPACE,3.0,IN_CLASS_OOD,8,0.08165365570371852,0.3006715507385136,0.07901134036353635,38.98951705415183,0.999967713750053,0.19351360967228126,228.00473783342184,"x = P_level x + P_structure x, P_level the orthogonal projection onto spatially constant fields. Diagnostic; no threshold",4ef162320e09086a16f1e130b09a507d399438740647147560f339cd2aa60069
RESOLVED_PHYSICAL,LINEAR_STATE_SPACE,3.0,OFF_GRID_ID,8,0.08240177333278943,0.34159429722965895,0.07880579472907526,3.4502141907097297,0.9949598138466409,0.19883783418105866,5.382913677504559,"x = P_level x + P_structure x, P_level the orthogonal projection onto spatially constant fields. Diagnostic; no threshold",4ef162320e09086a16f1e130b09a507d399438740647147560f339cd2aa60069
RESOLVED_PHYSICAL,LINEAR_STATE_SPACE,3.0,OFF_GRID_OOD,8,0.08044804731494448,0.29916920314463813,0.08041783862915991,1082.9742683331756,0.9999999598601026,0.19583957578980493,3812.0660920715163,"x = P_level x + P_structure x, P_level the orthogonal projection onto spatially constant fields. Diagnostic; no threshold",4ef162320e09086a16f1e130b09a507d399438740647147560f339cd2aa60069
RESOLVED_PHYSICAL,TSVD,10.0,IN_CLASS_ID,8,0.1014261852668778,0.21540515043965325,0.08204496337552387,1.1008086514014812,0.9838218863433618,0.3998993761572985,1.3354939433250843,"x = P_level x + P_structure x, P_level the orthogonal projection onto spatially constant fields. Diagnostic; no threshold",4ef162320e09086a16f1e130b09a507d399438740647147560f339cd2aa60069
RESOLVED_PHYSICAL,TSVD,10.0,IN_CLASS_OOD,8,0.08405087117291232,0.17324638362932246,0.08248679700997544,20.057354152843885,0.999967713750053,0.3935061264519836,88.78245561666124,"x = P_level x + P_structure x, P_level the orthogonal projection onto spatially constant fields. Diagnostic; no threshold",4ef162320e09086a16f1e130b09a507d399438740647147560f339cd2aa60069
RESOLVED_PHYSICAL,TSVD,10.0,OFF_GRID_ID,8,0.08711552428942723,0.2248754979409065,0.08288285883377154,1.915966387815474,0.9949598138466409,0.401105166400041,2.3373562467861797,"x = P_level x + P_structure x, P_level the orthogonal projection onto spatially constant fields. Diagnostic; no threshold",4ef162320e09086a16f1e130b09a507d399438740647147560f339cd2aa60069
RESOLVED_PHYSICAL,TSVD,10.0,OFF_GRID_OOD,8,0.0825605187531275,0.17217569757073128,0.08255983180032715,566.1621056330785,0.9999999598601026,0.4004699865544019,1430.2162754753895,"x = P_level x + P_structure x, P_level the orthogonal projection onto spatially constant fields. Diagnostic; no threshold",4ef162320e09086a16f1e130b09a507d399438740647147560f339cd2aa60069
RESOLVED_PHYSICAL,RIDGE_IDENTITY,10.0,IN_CLASS_ID,8,0.10581012522590541,0.19609951748430426,0.08454591683015616,1.0152064546816248,0.9838218863433618,0.3573925432809595,1.2812846419081894,"x = P_level x + P_structure x, P_level the orthogonal projection onto spatially constant fields. Diagnostic; no threshold",4ef162320e09086a16f1e130b09a507d399438740647147560f339cd2aa60069
RESOLVED_PHYSICAL,RIDGE_IDENTITY,10.0,IN_CLASS_OOD,8,0.09354923267776735,0.17039331247016,0.09157167689024817,18.67182676705179,0.999967713750053,0.35237974065283695,97.72408009716548,"x = P_level x + P_structure x, P_level the orthogonal projection onto spatially constant fields. Diagnostic; no threshold",4ef162320e09086a16f1e130b09a507d399438740647147560f339cd2aa60069
RESOLVED_PHYSICAL,RIDGE_IDENTITY,10.0,OFF_GRID_ID,8,0.09219169285431111,0.21764996521502583,0.08733862919198557,1.8171177495442974,0.9949598138466409,0.3538796496838516,2.3866747702462563,"x = P_level x + P_structure x, P_level the orthogonal projection onto spatially constant fields. Diagnostic; no threshold",4ef162320e09086a16f1e130b09a507d399438740647147560f339cd2aa60069
RESOLVED_PHYSICAL,RIDGE_IDENTITY,10.0,OFF_GRID_OOD,8,0.0925838775052093,0.17029162331268588,0.09258358539222217,565.2490909898978,0.9999999598601026,0.36082420511938595,1507.1821344578514,"x = P_level x + P_structure x, P_level the orthogonal projection onto spatially constant fields. Diagnostic; no threshold",4ef162320e09086a16f1e130b09a507d399438740647147560f339cd2aa60069
RESOLVED_PHYSICAL,TIKHONOV_TEMPORAL,10.0,IN_CLASS_ID,8,0.05438077386424425,0.13974559502510397,0.04324448614529178,0.807996344031868,0.9838218863433618,0.1359136071085244,1.7305475843374378,"x = P_level x + P_structure x, P_level the orthogonal projection onto spatially constant fields. Diagnostic; no threshold",4ef162320e09086a16f1e130b09a507d399438740647147560f339cd2aa60069
RESOLVED_PHYSICAL,TIKHONOV_TEMPORAL,10.0,IN_CLASS_OOD,8,0.04667336625487295,0.11745401751428905,0.045484867792527583,15.433452751582248,0.999967713750053,0.1337927970641032,105.45094345053755,"x = P_level x + P_structure x, P_level the orthogonal projection onto spatially constant fields. Diagnostic; no threshold",4ef162320e09086a16f1e130b09a507d399438740647147560f339cd2aa60069
RESOLVED_PHYSICAL,TIKHONOV_TEMPORAL,10.0,OFF_GRID_ID,8,0.04683503347128215,0.1758908005731985,0.04464613974975116,1.6302748741017432,0.9949598138466409,0.1363612369315148,2.695502797475992,"x = P_level x + P_structure x, P_level the orthogonal projection onto spatially constant fields. Diagnostic; no threshold",4ef162320e09086a16f1e130b09a507d399438740647147560f339cd2aa60069
RESOLVED_PHYSICAL,TIKHONOV_TEMPORAL,10.0,OFF_GRID_OOD,8,0.045296965988637604,0.11516009625788846,0.04529033485493682,431.017498616999,0.9999999598601026,0.13699691998749702,1696.028002275213,"x = P_level x + P_structure x, P_level the orthogonal projection onto spatially constant fields. Diagnostic; no threshold",4ef162320e09086a16f1e130b09a507d399438740647147560f339cd2aa60069
RESOLVED_PHYSICAL,WIENER_GAUSSIAN,10.0,IN_CLASS_ID,8,0.057621304133496656,0.1552833171241949,0.049965139761381394,0.765590303978186,0.9838218863433618,0.04987986548193617,0.837507997462805,"x = P_level x + P_structure x, P_level the orthogonal projection onto spatially constant fields. Diagnostic; no threshold",4ef162320e09086a16f1e130b09a507d399438740647147560f339cd2aa60069
RESOLVED_PHYSICAL,WIENER_GAUSSIAN,10.0,IN_CLASS_OOD,8,0.05143112368388268,0.1466908830447431,0.050816328756338236,18.47105739410464,0.999967713750053,0.04233466518481831,68.501951697192,"x = P_level x + P_structure x, P_level the orthogonal projection onto spatially constant fields. Diagnostic; no threshold",4ef162320e09086a16f1e130b09a507d399438740647147560f339cd2aa60069
RESOLVED_PHYSICAL,WIENER_GAUSSIAN,10.0,OFF_GRID_ID,8,0.05610571883370444,0.1698950372382318,0.055065838066798316,1.6835709073378187,0.9949598138466409,0.05504472373085567,1.735155122070705,"x = P_level x + P_structure x, P_level the orthogonal projection onto spatially constant fields. Diagnostic; no threshold",4ef162320e09086a16f1e130b09a507d399438740647147560f339cd2aa60069
RESOLVED_PHYSICAL,WIENER_GAUSSIAN,10.0,OFF_GRID_OOD,8,0.056809118460715,0.1420292561751368,0.056775047890120015,498.27037869551975,0.9999999598601026,0.05658559057965598,1014.1566362281703,"x = P_level x + P_structure x, P_level the orthogonal projection onto spatially constant fields. Diagnostic; no threshold",4ef162320e09086a16f1e130b09a507d399438740647147560f339cd2aa60069
RESOLVED_PHYSICAL,LINEAR_STATE_SPACE,10.0,IN_CLASS_ID,8,0.05984048359225751,0.13712599842757187,0.048281248970691956,0.8003704733083585,0.9838218863433618,0.14695861897416043,1.6544318492599897,"x = P_level x + P_structure x, P_level the orthogonal projection onto spatially constant fields. Diagnostic; no threshold",4ef162320e09086a16f1e130b09a507d399438740647147560f339cd2aa60069
RESOLVED_PHYSICAL,LINEAR_STATE_SPACE,10.0,IN_CLASS_OOD,8,0.05023834715827987,0.10584188096170917,0.04857140789947903,14.156425930678695,0.999967713750053,0.13626257250275547,93.30693507988047,"x = P_level x + P_structure x, P_level the orthogonal projection onto spatially constant fields. Diagnostic; no threshold",4ef162320e09086a16f1e130b09a507d399438740647147560f339cd2aa60069
RESOLVED_PHYSICAL,LINEAR_STATE_SPACE,10.0,OFF_GRID_ID,8,0.05116076134528254,0.1686139407998806,0.04877674316012471,1.5437519360955037,0.9949598138466409,0.1438644840368793,2.450992854636692,"x = P_level x + P_structure x, P_level the orthogonal projection onto spatially constant fields. Diagnostic; no threshold",4ef162320e09086a16f1e130b09a507d399438740647147560f339cd2aa60069
RESOLVED_PHYSICAL,LINEAR_STATE_SPACE,10.0,OFF_GRID_OOD,8,0.048274716998635586,0.10281088938101482,0.048260898789239094,385.50302503044816,0.9999999598601026,0.14025357233026664,1472.6339196599097,"x = P_level x + P_structure x, P_level the orthogonal projection onto spatially constant fields. Diagnostic; no threshold",4ef162320e09086a16f1e130b09a507d399438740647147560f339cd2aa60069
RESOLVED_PHYSICAL,TSVD,30.0,IN_CLASS_ID,8,0.0376715758547124,0.14172843071790614,0.031037956250315118,0.8274032140871933,0.9838218863433618,0.21735886356743367,1.3138291539299083,"x = P_level x + P_structure x, P_level the orthogonal projection onto spatially constant fields. Diagnostic; no threshold",4ef162320e09086a16f1e130b09a507d399438740647147560f339cd2aa60069
RESOLVED_PHYSICAL,TSVD,30.0,IN_CLASS_OOD,8,0.036276277449270755,0.13541411395651476,0.035528065581421145,14.940608116071346,0.999967713750053,0.23287087146819768,100.14598645443019,"x = P_level x + P_structure x, P_level the orthogonal projection onto spatially constant fields. Diagnostic; no threshold",4ef162320e09086a16f1e130b09a507d399438740647147560f339cd2aa60069
RESOLVED_PHYSICAL,TSVD,30.0,OFF_GRID_ID,8,0.032899268605910435,0.20098151907528727,0.03133987751837487,1.5405740913652082,0.9949598138466409,0.2270400229371073,2.443218372417229,"x = P_level x + P_structure x, P_level the orthogonal projection onto spatially constant fields. Diagnostic; no threshold",4ef162320e09086a16f1e130b09a507d399438740647147560f339cd2aa60069
RESOLVED_PHYSICAL,TSVD,30.0,OFF_GRID_OOD,8,0.035872975818298736,0.13547311112057692,0.03587428254104569,421.6374971859766,0.9999999598601026,0.23793637612603954,1603.9611317681874,"x = P_level x + P_structure x, P_level the orthogonal projection onto spatially constant fields. Diagnostic; no threshold",4ef162320e09086a16f1e130b09a507d399438740647147560f339cd2aa60069
RESOLVED_PHYSICAL,RIDGE_IDENTITY,30.0,IN_CLASS_ID,8,0.07163072486777218,0.12592481061317445,0.05832291339172711,0.7384082467080832,0.9838218863433618,0.29625146353563986,1.1451014802193689,"x = P_level x + P_structure x, P_level the orthogonal projection onto spatially constant fields. Diagnostic; no threshold",4ef162320e09086a16f1e130b09a507d399438740647147560f339cd2aa60069
RESOLVED_PHYSICAL,RIDGE_IDENTITY,30.0,IN_CLASS_OOD,8,0.06405012279396767,0.10430678728580708,0.062201124076114805,11.13587025273981,0.999967713750053,0.3018989041395893,79.62592206907965,"x = P_level x + P_structure x, P_level the orthogonal projection onto spatially constant fields. Diagnostic; no threshold",4ef162320e09086a16f1e130b09a507d399438740647147560f339cd2aa60069
RESOLVED_PHYSICAL,RIDGE_IDENTITY,30.0,OFF_GRID_ID,8,0.061636291409348704,0.17681858356838842,0.05900720219456925,1.3133113145179351,0.9949598138466409,0.30129320894007106,1.983020600584772,"x = P_level x + P_structure x, P_level the orthogonal projection onto spatially constant fields. Diagnostic; no threshold",4ef162320e09086a16f1e130b09a507d399438740647147560f339cd2aa60069
RESOLVED_PHYSICAL,RIDGE_IDENTITY,30.0,OFF_GRID_OOD,8,0.062463883291015265,0.1043418286501596,0.062464735633794954,329.11108643601654,0.9999999598601026,0.31039770571721814,1247.7771847308843,"x = P_level x + P_structure x, P_level the orthogonal projection onto spatially constant fields. Diagnostic; no threshold",4ef162320e09086a16f1e130b09a507d399438740647147560f339cd2aa60069
RESOLVED_PHYSICAL,TIKHONOV_TEMPORAL,30.0,IN_CLASS_ID,8,0.02856689771368917,0.09331100541763201,0.0229871749797302,0.5670732371964032,0.9838218863433618,0.1133062732043002,1.4935265399991429,"x = P_level x + P_structure x, P_level the orthogonal projection onto spatially constant fields. Diagnostic; no threshold",4ef162320e09086a16f1e130b09a507d399438740647147560f339cd2aa60069
RESOLVED_PHYSICAL,TIKHONOV_TEMPORAL,30.0,IN_CLASS_OOD,8,0.026606173495557266,0.08339244819918076,0.026191678129004532,10.255400731098106,0.999967713750053,0.11362026567751757,96.78013186896234,"x = P_level x + P_structure x, P_level the orthogonal projection onto spatially constant fields. Diagnostic; no threshold",4ef162320e09086a16f1e130b09a507d399438740647147560f339cd2aa60069
RESOLVED_PHYSICAL,TIKHONOV_TEMPORAL,30.0,OFF_GRID_ID,8,0.02514717315141647,0.15233952986352733,0.02394889772147001,1.2861799518395824,0.9949598138466409,0.11157924638923308,2.4904498333230993,"x = P_level x + P_structure x, P_level the orthogonal projection onto spatially constant fields. Diagnostic; no threshold",4ef162320e09086a16f1e130b09a507d399438740647147560f339cd2aa60069
RESOLVED_PHYSICAL,TIKHONOV_TEMPORAL,30.0,OFF_GRID_OOD,8,0.026282761330018556,0.08171586962170614,0.026282356792963663,303.8189839302694,0.9999999598601026,0.11173353048367124,1669.132623690155,"x = P_level x + P_structure x, P_level the orthogonal projection onto spatially constant fields. Diagnostic; no threshold",4ef162320e09086a16f1e130b09a507d399438740647147560f339cd2aa60069
RESOLVED_PHYSICAL,WIENER_GAUSSIAN,30.0,IN_CLASS_ID,8,0.06229000574338331,0.16518666098374418,0.05279030913643816,0.8042097539270054,0.9838218863433618,0.0526751426493227,0.8740396489490323,"x = P_level x + P_structure x, P_level the orthogonal projection onto spatially constant fields. Diagnostic; no threshold",4ef162320e09086a16f1e130b09a507d399438740647147560f339cd2aa60069
RESOLVED_PHYSICAL,WIENER_GAUSSIAN,30.0,IN_CLASS_OOD,8,0.05586553236995122,0.1568477470205103,0.05522711525790462,19.76087788476047,0.999967713750053,0.04558468557582436,73.09826693239395,"x = P_level x + P_structure x, P_level the orthogonal projection onto spatially constant fields. Diagnostic; no threshold",4ef162320e09086a16f1e130b09a507d399438740647147560f339cd2aa60069
RESOLVED_PHYSICAL,WIENER_GAUSSIAN,30.0,OFF_GRID_ID,8,0.06058270458218446,0.1787782315391104,0.05963600993440654,1.7703257781007244,0.9949598138466409,0.059693074323475995,1.8270053944163664,"x = P_level x + P_structure x, P_level the orthogonal projection onto spatially constant fields. Diagnostic; no threshold",4ef162320e09086a16f1e130b09a507d399438740647147560f339cd2aa60069
RESOLVED_PHYSICAL,WIENER_GAUSSIAN,30.0,OFF_GRID_OOD,8,0.06172383161438788,0.15284277913836147,0.06170373021080599,536.0897015722041,0.9999999598601026,0.061551206253757526,1091.466147833301,"x = P_level x + P_structure x, P_level the orthogonal projection onto spatially constant fields. Diagnostic; no threshold",4ef162320e09086a16f1e130b09a507d399438740647147560f339cd2aa60069
RESOLVED_PHYSICAL,LINEAR_STATE_SPACE,30.0,IN_CLASS_ID,8,0.05496573185898623,0.10513976385587841,0.04524924652160717,0.6089749933244915,0.9838218863433618,0.14069323242877133,1.3561778266934583,"x = P_level x + P_structure x, P_level the orthogonal projection onto spatially constant fields. Diagnostic; no threshold",4ef162320e09086a16f1e130b09a507d399438740647147560f339cd2aa60069
RESOLVED_PHYSICAL,LINEAR_STATE_SPACE,30.0,IN_CLASS_OOD,8,0.04648661511735072,0.06534735928416938,0.04560716787466873,8.71176128155598,0.999967713750053,0.13235242966572003,64.023254663457,"x = P_level x + P_structure x, P_level the orthogonal projection onto spatially constant fields. Diagnostic; no threshold",4ef162320e09086a16f1e130b09a507d399438740647147560f339cd2aa60069
RESOLVED_PHYSICAL,LINEAR_STATE_SPACE,30.0,OFF_GRID_ID,8,0.0460456497553824,0.14050477194966265,0.044432146420943563,1.1819792895372696,0.9949598138466409,0.13846363838686687,1.8399194711956717,"x = P_level x + P_structure x, P_level the orthogonal projection onto spatially constant fields. Diagnostic; no threshold",4ef162320e09086a16f1e130b09a507d399438740647147560f339cd2aa60069
RESOLVED_PHYSICAL,LINEAR_STATE_SPACE,30.0,OFF_GRID_OOD,8,0.04488614087724069,0.06013725160685633,0.04481174790519778,243.95162121212576,0.9999999598601026,0.13827025684656297,1027.245697762094,"x = P_level x + P_structure x, P_level the orthogonal projection onto spatially constant fields. Diagnostic; no threshold",4ef162320e09086a16f1e130b09a507d399438740647147560f339cd2aa60069
RESOLVED_PHYSICAL,TSVD,100.0,IN_CLASS_ID,8,0.03463239979245011,0.07200149341520812,0.02824038834819255,0.46643904584678286,0.9838218863433618,0.21688697699099957,1.1407665470294939,"x = P_level x + P_structure x, P_level the orthogonal projection onto spatially constant fields. Diagnostic; no threshold",4ef162320e09086a16f1e130b09a507d399438740647147560f339cd2aa60069
RESOLVED_PHYSICAL,TSVD,100.0,IN_CLASS_OOD,8,0.02739270050911166,0.0561421541737501,0.026652914006109564,6.0208210164810225,0.999967713750053,0.23470041604626019,71.97137303626249,"x = P_level x + P_structure x, P_level the orthogonal projection onto spatially constant fields. Diagnostic; no threshold",4ef162320e09086a16f1e130b09a507d399438740647147560f339cd2aa60069
RESOLVED_PHYSICAL,TSVD,100.0,OFF_GRID_ID,8,0.02765019183290031,0.15714483713832894,0.026041979303056833,1.0503241976555344,0.9949598138466409,0.22771442416776588,1.8378403581541578,"x = P_level x + P_structure x, P_level the orthogonal projection onto spatially constant fields. Diagnostic; no threshold",4ef162320e09086a16f1e130b09a507d399438740647147560f339cd2aa60069
RESOLVED_PHYSICAL,TSVD,100.0,OFF_GRID_OOD,8,0.025687624500711527,0.057033269721148014,0.025608834563178747,178.05154823719687,0.9999999598601026,0.24872346583186342,1190.7173267379412,"x = P_level x + P_structure x, P_level the orthogonal projection onto spatially constant fields. Diagnostic; no threshold",4ef162320e09086a16f1e130b09a507d399438740647147560f339cd2aa60069
RESOLVED_PHYSICAL,RIDGE_IDENTITY,100.0,IN_CLASS_ID,8,0.020769171302238112,0.06883494222910708,0.01680499565071171,0.43371263862258747,0.9838218863433618,0.18391014659783564,1.0799653088738266,"x = P_level x + P_structure x, P_level the orthogonal projection onto spatially constant fields. Diagnostic; no threshold",4ef162320e09086a16f1e130b09a507d399438740647147560f339cd2aa60069
RESOLVED_PHYSICAL,RIDGE_IDENTITY,100.0,IN_CLASS_OOD,8,0.016345878774968042,0.06356384263219991,0.015778658247681165,6.500674164280309,0.999967713750053,0.1868736789823184,75.42038769058067,"x = P_level x + P_structure x, P_level the orthogonal projection onto spatially constant fields. Diagnostic; no threshold",4ef162320e09086a16f1e130b09a507d399438740647147560f339cd2aa60069
RESOLVED_PHYSICAL,RIDGE_IDENTITY,100.0,OFF_GRID_ID,8,0.017811967502367305,0.1586120282838313,0.016938714802823347,1.0529063628408206,0.9949598138466409,0.1841503954814289,1.8707954126538144,"x = P_level x + P_structure x, P_level the orthogonal projection onto spatially constant fields. Diagnostic; no threshold",4ef162320e09086a16f1e130b09a507d399438740647147560f339cd2aa60069
RESOLVED_PHYSICAL,RIDGE_IDENTITY,100.0,OFF_GRID_OOD,8,0.016261056580971427,0.06512793728589816,0.016255517649352076,204.09325391948315,0.9999999598601026,0.18927758775886755,1268.207845284267,"x = P_level x + P_structure x, P_level the orthogonal projection onto spatially constant fields. Diagnostic; no threshold",4ef162320e09086a16f1e130b09a507d399438740647147560f339cd2aa60069
RESOLVED_PHYSICAL,TIKHONOV_TEMPORAL,100.0,IN_CLASS_ID,8,0.013630194533437726,0.054457385190963395,0.011034686262156396,0.3272544781323222,0.9838218863433618,0.10460631900335536,1.258842852260324,"x = P_level x + P_structure x, P_level the orthogonal projection onto spatially constant fields. Diagnostic; no threshold",4ef162320e09086a16f1e130b09a507d399438740647147560f339cd2aa60069
RESOLVED_PHYSICAL,TIKHONOV_TEMPORAL,100.0,IN_CLASS_OOD,8,0.011343217592203352,0.04842853610973921,0.011163594255620166,5.537782582948301,0.999967713750053,0.10957604174647434,80.34687464812555,"x = P_level x + P_structure x, P_level the orthogonal projection onto spatially constant fields. Diagnostic; no threshold",4ef162320e09086a16f1e130b09a507d399438740647147560f339cd2aa60069
RESOLVED_PHYSICAL,TIKHONOV_TEMPORAL,100.0,OFF_GRID_ID,8,0.011791886916047833,0.1331135360706271,0.011249567801383187,0.9967498132155105,0.9949598138466409,0.1027573061616042,2.1037973252202984,"x = P_level x + P_structure x, P_level the orthogonal projection onto spatially constant fields. Diagnostic; no threshold",4ef162320e09086a16f1e130b09a507d399438740647147560f339cd2aa60069
RESOLVED_PHYSICAL,TIKHONOV_TEMPORAL,100.0,OFF_GRID_OOD,8,0.010929553014407706,0.049378670060776786,0.010866101466948486,169.35546557979785,0.9999999598601026,0.10343259016378537,1455.6263626944376,"x = P_level x + P_structure x, P_level the orthogonal projection onto spatially constant fields. Diagnostic; no threshold",4ef162320e09086a16f1e130b09a507d399438740647147560f339cd2aa60069
RESOLVED_PHYSICAL,WIENER_GAUSSIAN,100.0,IN_CLASS_ID,8,0.06348802949419809,0.16852032646733028,0.054009201040953365,0.8190625547359132,0.9838218863433618,0.05398371365039652,0.888244265598916,"x = P_level x + P_structure x, P_level the orthogonal projection onto spatially constant fields. Diagnostic; no threshold",4ef162320e09086a16f1e130b09a507d399438740647147560f339cd2aa60069
RESOLVED_PHYSICAL,WIENER_GAUSSIAN,100.0,IN_CLASS_OOD,8,0.05707347493610919,0.16062312989523236,0.056445571568801714,20.16002710530225,0.999967713750053,0.04708455968034639,74.56506599140218,"x = P_level x + P_structure x, P_level the orthogonal projection onto spatially constant fields. Diagnostic; no threshold",4ef162320e09086a16f1e130b09a507d399438740647147560f339cd2aa60069
RESOLVED_PHYSICAL,WIENER_GAUSSIAN,100.0,OFF_GRID_ID,8,0.06236205016003782,0.1817865597411829,0.061468778681534816,1.801082588917438,0.9949598138466409,0.06138712048726697,1.8610285338642232,"x = P_level x + P_structure x, P_level the orthogonal projection onto spatially constant fields. Diagnostic; no threshold",4ef162320e09086a16f1e130b09a507d399438740647147560f339cd2aa60069
RESOLVED_PHYSICAL,WIENER_GAUSSIAN,100.0,OFF_GRID_OOD,8,0.06313371249231409,0.15666977007190755,0.06312557508748977,548.9225185819578,0.9999999598601026,0.0629033074600603,1114.389679319092,"x = P_level x + P_structure x, P_level the orthogonal projection onto spatially constant fields. Diagnostic; no threshold",4ef162320e09086a16f1e130b09a507d399438740647147560f339cd2aa60069
RESOLVED_PHYSICAL,LINEAR_STATE_SPACE,100.0,IN_CLASS_ID,8,0.05333951674753294,0.1009006097101988,0.04456319517023825,0.5761510516510163,0.9838218863433618,0.13975989437577102,1.3090923347647203,"x = P_level x + P_structure x, P_level the orthogonal projection onto spatially constant fields. Diagnostic; no threshold",4ef162320e09086a16f1e130b09a507d399438740647147560f339cd2aa60069
RESOLVED_PHYSICAL,LINEAR_STATE_SPACE,100.0,IN_CLASS_OOD,8,0.04504712274933635,0.057597733479166545,0.04411235314764156,7.4459484817548836,0.999967713750053,0.13391579750871208,56.3083912854169,"x = P_level x + P_structure x, P_level the orthogonal projection onto spatially constant fields. Diagnostic; no threshold",4ef162320e09086a16f1e130b09a507d399438740647147560f339cd2aa60069
RESOLVED_PHYSICAL,LINEAR_STATE_SPACE,100.0,OFF_GRID_ID,8,0.04544342384683251,0.1382698002342576,0.04399231740937198,1.1153574235729886,0.9949598138466409,0.13806371510634866,1.7028475452891705,"x = P_level x + P_structure x, P_level the orthogonal projection onto spatially constant fields. Diagnostic; no threshold",4ef162320e09086a16f1e130b09a507d399438740647147560f339cd2aa60069
RESOLVED_PHYSICAL,LINEAR_STATE_SPACE,100.0,OFF_GRID_OOD,8,0.04380970291675799,0.052623754565442944,0.04375164892733775,209.1447996531258,0.9999999598601026,0.13893256144921354,914.7743074651946,"x = P_level x + P_structure x, P_level the orthogonal projection onto spatially constant fields. Diagnostic; no threshold",4ef162320e09086a16f1e130b09a507d399438740647147560f339cd2aa60069
RESOLVED_PHYSICAL,TSVD,300.0,IN_CLASS_ID,8,0.007105766959783336,0.03513431813444598,0.005859537933087286,0.20621735577352487,0.9838218863433618,0.09001987363212582,0.8760619723748492,"x = P_level x + P_structure x, P_level the orthogonal projection onto spatially constant fields. Diagnostic; no threshold",4ef162320e09086a16f1e130b09a507d399438740647147560f339cd2aa60069
RESOLVED_PHYSICAL,TSVD,300.0,IN_CLASS_OOD,8,0.007161439964263338,0.03373343910552158,0.007072047470689673,3.245003973604648,0.999967713750053,0.11015632873347701,59.98253436535332,"x = P_level x + P_structure x, P_level the orthogonal projection onto spatially constant fields. Diagnostic; no threshold",4ef162320e09086a16f1e130b09a507d399438740647147560f339cd2aa60069
RESOLVED_PHYSICAL,TSVD,300.0,OFF_GRID_ID,8,0.006620647626208273,0.14218156062972012,0.006332810117136074,0.9053408879796079,0.9949598138466409,0.09273089701576559,1.5560648368117667,"x = P_level x + P_structure x, P_level the orthogonal projection onto spatially constant fields. Diagnostic; no threshold",4ef162320e09086a16f1e130b09a507d399438740647147560f339cd2aa60069
RESOLVED_PHYSICAL,TSVD,300.0,OFF_GRID_OOD,8,0.006967495927675298,0.036079057980873575,0.006966367203873659,97.41541998420696,0.9999999598601026,0.1139643819430304,1043.0311799852234,"x = P_level x + P_structure x, P_level the orthogonal projection onto spatially constant fields. Diagnostic; no threshold",4ef162320e09086a16f1e130b09a507d399438740647147560f339cd2aa60069
RESOLVED_PHYSICAL,RIDGE_IDENTITY,300.0,IN_CLASS_ID,8,0.008089785752575903,0.03281585845125398,0.0066606118863322475,0.19888349198571806,0.9838218863433618,0.10848765985695588,0.8512758933280408,"x = P_level x + P_structure x, P_level the orthogonal projection onto spatially constant fields. Diagnostic; no threshold",4ef162320e09086a16f1e130b09a507d399438740647147560f339cd2aa60069
RESOLVED_PHYSICAL,RIDGE_IDENTITY,300.0,IN_CLASS_OOD,8,0.007495630768249155,0.030576162868934876,0.00723806188685068,2.960878940563358,0.999967713750053,0.1293796890231535,59.683237472453456,"x = P_level x + P_structure x, P_level the orthogonal projection onto spatially constant fields. Diagnostic; no threshold",4ef162320e09086a16f1e130b09a507d399438740647147560f339cd2aa60069
RESOLVED_PHYSICAL,RIDGE_IDENTITY,300.0,OFF_GRID_ID,8,0.007109463558626468,0.139042181860406,0.006769027424283026,0.8988139715223422,0.9949598138466409,0.10910783444466626,1.5304301798698883,"x = P_level x + P_structure x, P_level the orthogonal projection onto spatially constant fields. Diagnostic; no threshold",4ef162320e09086a16f1e130b09a507d399438740647147560f339cd2aa60069
RESOLVED_PHYSICAL,RIDGE_IDENTITY,300.0,OFF_GRID_OOD,8,0.007342598443833271,0.0331286182861459,0.007333721917214132,92.52797103097087,0.9999999598601026,0.12964636512057298,988.5741325205162,"x = P_level x + P_structure x, P_level the orthogonal projection onto spatially constant fields. Diagnostic; no threshold",4ef162320e09086a16f1e130b09a507d399438740647147560f339cd2aa60069
RESOLVED_PHYSICAL,TIKHONOV_TEMPORAL,300.0,IN_CLASS_ID,8,0.006980195571463698,0.02802889993980809,0.005627481985111003,0.1702629685468301,0.9838218863433618,0.14142575157954942,1.216726633999837,"x = P_level x + P_structure x, P_level the orthogonal projection onto spatially constant fields. Diagnostic; no threshold",4ef162320e09086a16f1e130b09a507d399438740647147560f339cd2aa60069
RESOLVED_PHYSICAL,TIKHONOV_TEMPORAL,300.0,IN_CLASS_OOD,8,0.005487854404655455,0.025498218102550377,0.005402631800410517,2.9576731267302114,0.999967713750053,0.14239346231665065,72.25392681666827,"x = P_level x + P_structure x, P_level the orthogonal projection onto spatially constant fields. Diagnostic; no threshold",4ef162320e09086a16f1e130b09a507d399438740647147560f339cd2aa60069
RESOLVED_PHYSICAL,TIKHONOV_TEMPORAL,300.0,OFF_GRID_ID,8,0.006616427540634623,0.13163281219158207,0.0062019958721668085,0.8920556088335523,0.9949598138466409,0.14883148945365168,2.087609392128166,"x = P_level x + P_structure x, P_level the orthogonal projection onto spatially constant fields. Diagnostic; no threshold",4ef162320e09086a16f1e130b09a507d399438740647147560f339cd2aa60069
RESOLVED_PHYSICAL,TIKHONOV_TEMPORAL,300.0,OFF_GRID_OOD,8,0.005390316510835799,0.028228655256194935,0.005389770925970891,86.84488914921869,0.9999999598601026,0.13455243091752073,1238.3708686767814,"x = P_level x + P_structure x, P_level the orthogonal projection onto spatially constant fields. Diagnostic; no threshold",4ef162320e09086a16f1e130b09a507d399438740647147560f339cd2aa60069
RESOLVED_PHYSICAL,WIENER_GAUSSIAN,300.0,IN_CLASS_ID,8,0.06392364323307137,0.16958061452331852,0.054378074259536766,0.8229638488341575,0.9838218863433618,0.0543898435246538,0.8923907810380336,"x = P_level x + P_structure x, P_level the orthogonal projection onto spatially constant fields. Diagnostic; no threshold",4ef162320e09086a16f1e130b09a507d399438740647147560f339cd2aa60069
RESOLVED_PHYSICAL,WIENER_GAUSSIAN,300.0,IN_CLASS_OOD,8,0.05741919861886151,0.16163423564155938,0.05677374121332085,20.29031104483661,0.999967713750053,0.04749130372841559,74.9281227597677,"x = P_level x + P_structure x, P_level the orthogonal projection onto spatially constant fields. Diagnostic; no threshold",4ef162320e09086a16f1e130b09a507d399438740647147560f339cd2aa60069
RESOLVED_PHYSICAL,WIENER_GAUSSIAN,300.0,OFF_GRID_ID,8,0.0627710775449451,0.18272013822138253,0.06182848089245714,1.810135416159588,0.9949598138466409,0.061812727008508,1.8694998998993637,"x = P_level x + P_structure x, P_level the orthogonal projection onto spatially constant fields. Diagnostic; no threshold",4ef162320e09086a16f1e130b09a507d399438740647147560f339cd2aa60069
RESOLVED_PHYSICAL,WIENER_GAUSSIAN,300.0,OFF_GRID_OOD,8,0.06358138178040723,0.15773480744912985,0.0635696994602889,552.527208078598,0.9999999598601026,0.06335267053566876,1121.997236067361,"x = P_level x + P_structure x, P_level the orthogonal projection onto spatially constant fields. Diagnostic; no threshold",4ef162320e09086a16f1e130b09a507d399438740647147560f339cd2aa60069
RESOLVED_PHYSICAL,LINEAR_STATE_SPACE,300.0,IN_CLASS_ID,8,0.05312124762008745,0.10018937086352035,0.04459871440363715,0.5711005414806727,0.9838218863433618,0.1392051183543134,1.3039862330582377,"x = P_level x + P_structure x, P_level the orthogonal projection onto spatially constant fields. Diagnostic; no threshold",4ef162320e09086a16f1e130b09a507d399438740647147560f339cd2aa60069
RESOLVED_PHYSICAL,LINEAR_STATE_SPACE,300.0,IN_CLASS_OOD,8,0.04525154619910157,0.05692896110888858,0.044308359018251545,7.368265586915748,0.999967713750053,0.13254966444057825,55.382424731939736,"x = P_level x + P_structure x, P_level the orthogonal projection onto spatially constant fields. Diagnostic; no threshold",4ef162320e09086a16f1e130b09a507d399438740647147560f339cd2aa60069
RESOLVED_PHYSICAL,LINEAR_STATE_SPACE,300.0,OFF_GRID_ID,8,0.04553816155363005,0.13809692144841118,0.04417381301591208,1.1098198501862,0.9949598138466409,0.1377492484798012,1.6931644678756461,"x = P_level x + P_structure x, P_level the orthogonal projection onto spatially constant fields. Diagnostic; no threshold",4ef162320e09086a16f1e130b09a507d399438740647147560f339cd2aa60069
RESOLVED_PHYSICAL,LINEAR_STATE_SPACE,300.0,OFF_GRID_OOD,8,0.044237547680032865,0.05191322412117086,0.044201007460973135,208.20055555137623,0.9999999598601026,0.13787650798025447,894.3889997330671,"x = P_level x + P_structure x, P_level the orthogonal projection onto spatially constant fields. Diagnostic; no threshold",4ef162320e09086a16f1e130b09a507d399438740647147560f339cd2aa60069
RESOLVED_PHYSICAL,TSVD,1000.0,IN_CLASS_ID,8,0.006215915907136642,0.017612985854132505,0.005061993641895881,0.10343429738854232,0.9838218863433618,0.0957359381134254,0.7284678427698913,"x = P_level x + P_structure x, P_level the orthogonal projection onto spatially constant fields. Diagnostic; no threshold",4ef162320e09086a16f1e130b09a507d399438740647147560f339cd2aa60069
RESOLVED_PHYSICAL,TSVD,1000.0,IN_CLASS_OOD,8,0.005513206891381296,0.015830342212661642,0.005483150053770083,1.4272195901234093,0.999967713750053,0.09955791848288167,42.31290797969419,"x = P_level x + P_structure x, P_level the orthogonal projection onto spatially constant fields. Diagnostic; no threshold",4ef162320e09086a16f1e130b09a507d399438740647147560f339cd2aa60069
RESOLVED_PHYSICAL,TSVD,1000.0,OFF_GRID_ID,8,0.005327239908747424,0.12818939842011673,0.005052210871389778,0.8694740554645345,0.9949598138466409,0.1005988826413061,1.2931106958383691,"x = P_level x + P_structure x, P_level the orthogonal projection onto spatially constant fields. Diagnostic; no threshold",4ef162320e09086a16f1e130b09a507d399438740647147560f339cd2aa60069
RESOLVED_PHYSICAL,TSVD,1000.0,OFF_GRID_OOD,8,0.005554091838270892,0.019972926595920357,0.005491991385064051,39.322559746327315,0.9999999598601026,0.10154516849635531,738.689789750398,"x = P_level x + P_structure x, P_level the orthogonal projection onto spatially constant fields. Diagnostic; no threshold",4ef162320e09086a16f1e130b09a507d399438740647147560f339cd2aa60069
RESOLVED_PHYSICAL,RIDGE_IDENTITY,1000.0,IN_CLASS_ID,8,0.0029730931121395555,0.016809380095790354,0.0023629378450688906,0.10048989480148039,0.9838218863433618,0.03958962568151086,0.6188903224436707,"x = P_level x + P_structure x, P_level the orthogonal projection onto spatially constant fields. Diagnostic; no threshold",4ef162320e09086a16f1e130b09a507d399438740647147560f339cd2aa60069
RESOLVED_PHYSICAL,RIDGE_IDENTITY,1000.0,IN_CLASS_OOD,8,0.003259637480503553,0.016918560217002884,0.0032046123095597233,1.5723259937513623,0.999967713750053,0.04182956757986628,44.39478663327426,"x = P_level x + P_structure x, P_level the orthogonal projection onto spatially constant fields. Diagnostic; no threshold",4ef162320e09086a16f1e130b09a507d399438740647147560f339cd2aa60069
RESOLVED_PHYSICAL,RIDGE_IDENTITY,1000.0,OFF_GRID_ID,8,0.0028888292945652453,0.12749830477525098,0.002711091127911707,0.8661787871187152,0.9949598138466409,0.039435918431900134,1.2745414786207698,"x = P_level x + P_structure x, P_level the orthogonal projection onto spatially constant fields. Diagnostic; no threshold",4ef162320e09086a16f1e130b09a507d399438740647147560f339cd2aa60069
RESOLVED_PHYSICAL,RIDGE_IDENTITY,1000.0,OFF_GRID_OOD,8,0.0032711404622574832,0.021510188798699204,0.0032711620710851232,42.11291099550664,0.9999999598601026,0.04298360407312855,746.0097271877132,"x = P_level x + P_structure x, P_level the orthogonal projection onto spatially constant fields. Diagnostic; no threshold",4ef162320e09086a16f1e130b09a507d399438740647147560f339cd2aa60069
RESOLVED_PHYSICAL,TIKHONOV_TEMPORAL,1000.0,IN_CLASS_ID,8,0.004532737975889219,0.013479753196307516,0.0035921333209295346,0.0861335329967565,0.9838218863433618,0.15237727960773043,1.0908764870288898,"x = P_level x + P_structure x, P_level the orthogonal projection onto spatially constant fields. Diagnostic; no threshold",4ef162320e09086a16f1e130b09a507d399438740647147560f339cd2aa60069
RESOLVED_PHYSICAL,TIKHONOV_TEMPORAL,1000.0,IN_CLASS_OOD,8,0.003897915414929028,0.011273909439709441,0.0037064606694551267,1.2841112972000435,0.999967713750053,0.17478109259809146,57.1474249733354,"x = P_level x + P_structure x, P_level the orthogonal projection onto spatially constant fields. Diagnostic; no threshold",4ef162320e09086a16f1e130b09a507d399438740647147560f339cd2aa60069
RESOLVED_PHYSICAL,TIKHONOV_TEMPORAL,1000.0,OFF_GRID_ID,8,0.003984086114395831,0.12618714400747066,0.003842059123324479,0.8642058310941538,0.9949598138466409,0.16211337301045886,1.8461902872949831,"x = P_level x + P_structure x, P_level the orthogonal projection onto spatially constant fields. Diagnostic; no threshold",4ef162320e09086a16f1e130b09a507d399438740647147560f339cd2aa60069
RESOLVED_PHYSICAL,TIKHONOV_TEMPORAL,1000.0,OFF_GRID_OOD,8,0.0036749809039416776,0.015351742085766586,0.003673220992135913,36.99629543008899,0.9999999598601026,0.17226904266078086,1001.7130804924575,"x = P_level x + P_structure x, P_level the orthogonal projection onto spatially constant fields. Diagnostic; no threshold",4ef162320e09086a16f1e130b09a507d399438740647147560f339cd2aa60069
RESOLVED_PHYSICAL,WIENER_GAUSSIAN,1000.0,IN_CLASS_ID,8,0.06417038533761822,0.16991015302795398,0.05456947224866052,0.8239406003260025,0.9838218863433618,0.05459460936514106,0.8937732850407918,"x = P_level x + P_structure x, P_level the orthogonal projection onto spatially constant fields. Diagnostic; no threshold",4ef162320e09086a16f1e130b09a507d399438740647147560f339cd2aa60069
RESOLVED_PHYSICAL,WIENER_GAUSSIAN,1000.0,IN_CLASS_OOD,8,0.05766265664757558,0.16200986438942871,0.05699671797070851,20.337455747439925,0.999967713750053,0.047781269226662065,75.08826155027037,"x = P_level x + P_structure x, P_level the orthogonal projection onto spatially constant fields. Diagnostic; no threshold",4ef162320e09086a16f1e130b09a507d399438740647147560f339cd2aa60069
RESOLVED_PHYSICAL,WIENER_GAUSSIAN,1000.0,OFF_GRID_ID,8,0.06302702087641565,0.18298661588968212,0.062091262572124085,1.8135524298204377,0.9949598138466409,0.062076896804238606,1.8727164078386722,"x = P_level x + P_structure x, P_level the orthogonal projection onto spatially constant fields. Diagnostic; no threshold",4ef162320e09086a16f1e130b09a507d399438740647147560f339cd2aa60069
RESOLVED_PHYSICAL,WIENER_GAUSSIAN,1000.0,OFF_GRID_OOD,8,0.06383487504464509,0.1580684176776057,0.06382439179950442,553.7726457471422,0.9999999598601026,0.06360508793111,1124.6222418285365,"x = P_level x + P_structure x, P_level the orthogonal projection onto spatially constant fields. Diagnostic; no threshold",4ef162320e09086a16f1e130b09a507d399438740647147560f339cd2aa60069
RESOLVED_PHYSICAL,LINEAR_STATE_SPACE,1000.0,IN_CLASS_ID,8,0.05317380353066134,0.10019318992721696,0.04473595048394751,0.5721485325419313,0.9838218863433618,0.13902644067513742,1.2968055273700234,"x = P_level x + P_structure x, P_level the orthogonal projection onto spatially constant fields. Diagnostic; no threshold",4ef162320e09086a16f1e130b09a507d399438740647147560f339cd2aa60069
RESOLVED_PHYSICAL,LINEAR_STATE_SPACE,1000.0,IN_CLASS_OOD,8,0.04526272748025269,0.05699111709419809,0.04439249343521562,7.288499843341135,0.999967713750053,0.132517983879394,55.01459073727908,"x = P_level x + P_structure x, P_level the orthogonal projection onto spatially constant fields. Diagnostic; no threshold",4ef162320e09086a16f1e130b09a507d399438740647147560f339cd2aa60069
RESOLVED_PHYSICAL,LINEAR_STATE_SPACE,1000.0,OFF_GRID_ID,8,0.04564148079232533,0.1378984526544938,0.04432770040270581,1.1086756500141282,0.9949598138466409,0.13755266646149517,1.6915868145118118,"x = P_level x + P_structure x, P_level the orthogonal projection onto spatially constant fields. Diagnostic; no threshold",4ef162320e09086a16f1e130b09a507d399438740647147560f339cd2aa60069
RESOLVED_PHYSICAL,LINEAR_STATE_SPACE,1000.0,OFF_GRID_OOD,8,0.044289624747195014,0.05201108037540864,0.04425726576490359,207.04301310230045,0.9999999598601026,0.13765941170712104,895.6761551280607,"x = P_level x + P_structure x, P_level the orthogonal projection onto spatially constant fields. Diagnostic; no threshold",4ef162320e09086a16f1e130b09a507d399438740647147560f339cd2aa60069
RESOLVED_PHYSICAL,TSVD,3000.0,IN_CLASS_ID,8,0.0012453776012418907,0.007582310368031042,0.0010029919797931428,0.043066944961178105,0.9838218863433618,0.01960993935732966,0.3531104062021043,"x = P_level x + P_structure x, P_level the orthogonal projection onto spatially constant fields. Diagnostic; no threshold",4ef162320e09086a16f1e130b09a507d399438740647147560f339cd2aa60069
RESOLVED_PHYSICAL,TSVD,3000.0,IN_CLASS_OOD,8,0.0013714671453161238,0.007555745153789458,0.0013453156289220769,0.58919139532434,0.999967713750053,0.021333834988466603,25.820977916050808,"x = P_level x + P_structure x, P_level the orthogonal projection onto spatially constant fields. Diagnostic; no threshold",4ef162320e09086a16f1e130b09a507d399438740647147560f339cd2aa60069
RESOLVED_PHYSICAL,TSVD,3000.0,OFF_GRID_ID,8,0.0012344760433559668,0.10890892324455534,0.001162037116782139,0.8459189657250269,0.9949598138466409,0.019518800973999134,0.9718614734204248,"x = P_level x + P_structure x, P_level the orthogonal projection onto spatially constant fields. Diagnostic; no threshold",4ef162320e09086a16f1e130b09a507d399438740647147560f339cd2aa60069
RESOLVED_PHYSICAL,TSVD,3000.0,OFF_GRID_OOD,8,0.001370611497927922,0.013103760882299226,0.0013703863348655926,16.694962601197787,0.9999999598601026,0.0218333731767092,399.4162251996527,"x = P_level x + P_structure x, P_level the orthogonal projection onto spatially constant fields. Diagnostic; no threshold",4ef162320e09086a16f1e130b09a507d399438740647147560f339cd2aa60069
RESOLVED_PHYSICAL,RIDGE_IDENTITY,3000.0,IN_CLASS_ID,8,0.0012655795654527386,0.006963780560808678,0.0010395353931751804,0.040137342444987574,0.9838218863433618,0.02822384863234184,0.3616766349872055,"x = P_level x + P_structure x, P_level the orthogonal projection onto spatially constant fields. Diagnostic; no threshold",4ef162320e09086a16f1e130b09a507d399438740647147560f339cd2aa60069
RESOLVED_PHYSICAL,RIDGE_IDENTITY,3000.0,IN_CLASS_OOD,8,0.0013151415307165286,0.006751821901453562,0.0012830415143118292,0.5503361542223804,0.999967713750053,0.028783820171048052,23.923680653288145,"x = P_level x + P_structure x, P_level the orthogonal projection onto spatially constant fields. Diagnostic; no threshold",4ef162320e09086a16f1e130b09a507d399438740647147560f339cd2aa60069
RESOLVED_PHYSICAL,RIDGE_IDENTITY,3000.0,OFF_GRID_ID,8,0.0012062588677606025,0.10868210834797976,0.0011501645164915587,0.8451086174034851,0.9949598138466409,0.02818815172188361,0.9669060766375268,"x = P_level x + P_structure x, P_level the orthogonal projection onto spatially constant fields. Diagnostic; no threshold",4ef162320e09086a16f1e130b09a507d399438740647147560f339cd2aa60069
RESOLVED_PHYSICAL,RIDGE_IDENTITY,3000.0,OFF_GRID_OOD,8,0.001318851006088116,0.012307134615050463,0.0013180479779061835,15.538143716474707,0.9999999598601026,0.02959266123039276,393.28607252302174,"x = P_level x + P_structure x, P_level the orthogonal projection onto spatially constant fields. Diagnostic; no threshold",4ef162320e09086a16f1e130b09a507d399438740647147560f339cd2aa60069
RESOLVED_PHYSICAL,TIKHONOV_TEMPORAL,3000.0,IN_CLASS_ID,8,0.0016032379167578183,0.0068430212481293134,0.001306109601097823,0.042047569444833184,0.9838218863433618,0.0841210848992304,0.8265126430053052,"x = P_level x + P_structure x, P_level the orthogonal projection onto spatially constant fields. Diagnostic; no threshold",4ef162320e09086a16f1e130b09a507d399438740647147560f339cd2aa60069
RESOLVED_PHYSICAL,TIKHONOV_TEMPORAL,3000.0,IN_CLASS_OOD,8,0.0014033141156590163,0.006494486933809955,0.001364083052395174,0.5572764711028821,0.999967713750053,0.08487885572168369,45.95751108799657,"x = P_level x + P_structure x, P_level the orthogonal projection onto spatially constant fields. Diagnostic; no threshold",4ef162320e09086a16f1e130b09a507d399438740647147560f339cd2aa60069
RESOLVED_PHYSICAL,TIKHONOV_TEMPORAL,3000.0,OFF_GRID_ID,8,0.0014041694856672237,0.12162010828383582,0.0013545264500341493,0.8543210865721527,0.9949598138466409,0.08170564137775205,1.4861140235637014,"x = P_level x + P_structure x, P_level the orthogonal projection onto spatially constant fields. Diagnostic; no threshold",4ef162320e09086a16f1e130b09a507d399438740647147560f339cd2aa60069
RESOLVED_PHYSICAL,TIKHONOV_TEMPORAL,3000.0,OFF_GRID_OOD,8,0.001378963007366789,0.011953007983348196,0.0013787526507239613,17.83529308842887,0.9999999598601026,0.08195024177249785,810.3698907929784,"x = P_level x + P_structure x, P_level the orthogonal projection onto spatially constant fields. Diagnostic; no threshold",4ef162320e09086a16f1e130b09a507d399438740647147560f339cd2aa60069
RESOLVED_PHYSICAL,WIENER_GAUSSIAN,3000.0,IN_CLASS_ID,8,0.06420911635454934,0.17000677808422793,0.0545900228948235,0.8244941850384051,0.9838218863433618,0.05463014384683726,0.8942193713864517,"x = P_level x + P_structure x, P_level the orthogonal projection onto spatially constant fields. Diagnostic; no threshold",4ef162320e09086a16f1e130b09a507d399438740647147560f339cd2aa60069
RESOLVED_PHYSICAL,WIENER_GAUSSIAN,3000.0,IN_CLASS_OOD,8,0.05770826388831034,0.16210459504066305,0.05704263831927251,20.35022883607963,0.999967713750053,0.04779829172962711,75.12774643177123,"x = P_level x + P_structure x, P_level the orthogonal projection onto spatially constant fields. Diagnostic; no threshold",4ef162320e09086a16f1e130b09a507d399438740647147560f339cd2aa60069
RESOLVED_PHYSICAL,WIENER_GAUSSIAN,3000.0,OFF_GRID_ID,8,0.063071751107174,0.18309717939821477,0.06213773224346229,1.8145335821261814,0.9949598138466409,0.06213092344157321,1.8735566272185935,"x = P_level x + P_structure x, P_level the orthogonal projection onto spatially constant fields. Diagnostic; no threshold",4ef162320e09086a16f1e130b09a507d399438740647147560f339cd2aa60069
RESOLVED_PHYSICAL,WIENER_GAUSSIAN,3000.0,OFF_GRID_OOD,8,0.06387755342630275,0.1581713503468674,0.0638638860089735,554.1345001997834,0.9999999598601026,0.06363844440120997,1125.3771424781569,"x = P_level x + P_structure x, P_level the orthogonal projection onto spatially constant fields. Diagnostic; no threshold",4ef162320e09086a16f1e130b09a507d399438740647147560f339cd2aa60069
RESOLVED_PHYSICAL,LINEAR_STATE_SPACE,3000.0,IN_CLASS_ID,8,0.05325614719479743,0.10035051534300674,0.04474842393917129,0.5720832934787309,0.9838218863433618,0.1389604643743373,1.2973021157255393,"x = P_level x + P_structure x, P_level the orthogonal projection onto spatially constant fields. Diagnostic; no threshold",4ef162320e09086a16f1e130b09a507d399438740647147560f339cd2aa60069
RESOLVED_PHYSICAL,LINEAR_STATE_SPACE,3000.0,IN_CLASS_OOD,8,0.04521211774994717,0.056969552867022794,0.04434996704397283,7.245124269462325,0.999967713750053,0.13251179559450726,55.285764694412805,"x = P_level x + P_structure x, P_level the orthogonal projection onto spatially constant fields. Diagnostic; no threshold",4ef162320e09086a16f1e130b09a507d399438740647147560f339cd2aa60069
RESOLVED_PHYSICAL,LINEAR_STATE_SPACE,3000.0,OFF_GRID_ID,8,0.04567321245888935,0.13792156461447808,0.04429442443418327,1.108730494090667,0.9949598138466409,0.13755942408857413,1.6922945260226996,"x = P_level x + P_structure x, P_level the orthogonal projection onto spatially constant fields. Diagnostic; no threshold",4ef162320e09086a16f1e130b09a507d399438740647147560f339cd2aa60069
RESOLVED_PHYSICAL,LINEAR_STATE_SPACE,3000.0,OFF_GRID_OOD,8,0.04429441006150647,0.052038446070370184,0.04428515593294091,207.14479229193554,0.9999999598601026,0.1374568460188395,895.3140940205548,"x = P_level x + P_structure x, P_level the orthogonal projection onto spatially constant fields. Diagnostic; no threshold",4ef162320e09086a16f1e130b09a507d399438740647147560f339cd2aa60069
RESOLVED_PHYSICAL,TSVD,10000.0,IN_CLASS_ID,8,0.0005070474821938578,0.002343766728135935,0.00040907618411252316,0.014110413592091023,0.9838218863433618,0.01983753429815841,0.20604584575754836,"x = P_level x + P_structure x, P_level the orthogonal projection onto spatially constant fields. Diagnostic; no threshold",4ef162320e09086a16f1e130b09a507d399438740647147560f339cd2aa60069
RESOLVED_PHYSICAL,TSVD,10000.0,IN_CLASS_OOD,8,0.00041177237841409013,0.0022900406287460155,0.00039893959286887103,0.19213216867293587,0.999967713750053,0.020840916175400223,11.725965756698486,"x = P_level x + P_structure x, P_level the orthogonal projection onto spatially constant fields. Diagnostic; no threshold",4ef162320e09086a16f1e130b09a507d399438740647147560f339cd2aa60069
RESOLVED_PHYSICAL,TSVD,10000.0,OFF_GRID_ID,8,0.0004657707457000895,0.10112218135032858,0.0004443863884667543,0.8315842428581314,0.9949598138466409,0.019697036609383718,0.8836016610610702,"x = P_level x + P_structure x, P_level the orthogonal projection onto spatially constant fields. Diagnostic; no threshold",4ef162320e09086a16f1e130b09a507d399438740647147560f339cd2aa60069
RESOLVED_PHYSICAL,TSVD,10000.0,OFF_GRID_OOD,8,0.00041629922025804164,0.006944902673514303,0.0004155358267379217,6.71777206616385,0.9999999598601026,0.02104874007629376,189.41790127255192,"x = P_level x + P_structure x, P_level the orthogonal projection onto spatially constant fields. Diagnostic; no threshold",4ef162320e09086a16f1e130b09a507d399438740647147560f339cd2aa60069
RESOLVED_PHYSICAL,RIDGE_IDENTITY,10000.0,IN_CLASS_ID,8,0.0005941569342027785,0.0026188864541750413,0.00048362171183300817,0.015698046103868647,0.9838218863433618,0.02753461073207257,0.24960633487707773,"x = P_level x + P_structure x, P_level the orthogonal projection onto spatially constant fields. Diagnostic; no threshold",4ef162320e09086a16f1e130b09a507d399438740647147560f339cd2aa60069
RESOLVED_PHYSICAL,RIDGE_IDENTITY,10000.0,IN_CLASS_OOD,8,0.000565284235672355,0.00239539778163442,0.0005552622228478977,0.20207355520216572,0.999967713750053,0.02841737970318807,14.040576581401766,"x = P_level x + P_structure x, P_level the orthogonal projection onto spatially constant fields. Diagnostic; no threshold",4ef162320e09086a16f1e130b09a507d399438740647147560f339cd2aa60069
RESOLVED_PHYSICAL,RIDGE_IDENTITY,10000.0,OFF_GRID_ID,8,0.0005577720694242127,0.10260373865210151,0.0005311238076209516,0.8341899719282662,0.9949598138466409,0.027943705716382904,0.8941109004624146,"x = P_level x + P_structure x, P_level the orthogonal projection onto spatially constant fields. Diagnostic; no threshold",4ef162320e09086a16f1e130b09a507d399438740647147560f339cd2aa60069
RESOLVED_PHYSICAL,RIDGE_IDENTITY,10000.0,OFF_GRID_OOD,8,0.0005706250226330604,0.007200728339911199,0.0005700483221145884,6.736903163307232,0.9999999598601026,0.02952343323678191,224.97037463929612,"x = P_level x + P_structure x, P_level the orthogonal projection onto spatially constant fields. Diagnostic; no threshold",4ef162320e09086a16f1e130b09a507d399438740647147560f339cd2aa60069
RESOLVED_PHYSICAL,TIKHONOV_TEMPORAL,10000.0,IN_CLASS_ID,8,0.0015637787342933577,0.003751360731980994,0.0012460132642513194,0.022461558379472155,0.9838218863433618,0.08480282483489592,0.7475720783904525,"x = P_level x + P_structure x, P_level the orthogonal projection onto spatially constant fields. Diagnostic; no threshold",4ef162320e09086a16f1e130b09a507d399438740647147560f339cd2aa60069
RESOLVED_PHYSICAL,TIKHONOV_TEMPORAL,10000.0,IN_CLASS_OOD,8,0.001206480473056444,0.0031636824753889063,0.0011915258804832385,0.24185292165813216,0.999967713750053,0.09206418418786785,39.063330214339004,"x = P_level x + P_structure x, P_level the orthogonal projection onto spatially constant fields. Diagnostic; no threshold",4ef162320e09086a16f1e130b09a507d399438740647147560f339cd2aa60069
RESOLVED_PHYSICAL,TIKHONOV_TEMPORAL,10000.0,OFF_GRID_ID,8,0.0012305386458215436,0.11949753512032862,0.0011892152493989173,0.8480311245770737,0.9949598138466409,0.08044031778025004,1.3395106033639474,"x = P_level x + P_structure x, P_level the orthogonal projection onto spatially constant fields. Diagnostic; no threshold",4ef162320e09086a16f1e130b09a507d399438740647147560f339cd2aa60069
RESOLVED_PHYSICAL,TIKHONOV_TEMPORAL,10000.0,OFF_GRID_OOD,8,0.001147648853869173,0.00873081902671622,0.0011476925155967637,8.096386702094856,0.9999999598601026,0.08307918482347802,643.513010742269,"x = P_level x + P_structure x, P_level the orthogonal projection onto spatially constant fields. Diagnostic; no threshold",4ef162320e09086a16f1e130b09a507d399438740647147560f339cd2aa60069
RESOLVED_PHYSICAL,WIENER_GAUSSIAN,10000.0,IN_CLASS_ID,8,0.06444572631848633,0.17001106576401712,0.05474788009974922,0.8243181724671043,0.9838218863433618,0.0548177401782097,0.8942460349690464,"x = P_level x + P_structure x, P_level the orthogonal projection onto spatially constant fields. Diagnostic; no threshold",4ef162320e09086a16f1e130b09a507d399438740647147560f339cd2aa60069
RESOLVED_PHYSICAL,WIENER_GAUSSIAN,10000.0,IN_CLASS_OOD,8,0.057959006531072346,0.1620696224392157,0.057279587560967626,20.35566452827436,0.999967713750053,0.04794320125787645,75.14456320446361,"x = P_level x + P_structure x, P_level the orthogonal projection onto spatially constant fields. Diagnostic; no threshold",4ef162320e09086a16f1e130b09a507d399438740647147560f339cd2aa60069
RESOLVED_PHYSICAL,WIENER_GAUSSIAN,10000.0,OFF_GRID_ID,8,0.0632827377244326,0.18306877213870842,0.06234556477648001,1.8144508622069182,0.9949598138466409,0.06236883280694543,1.8732086339921188,"x = P_level x + P_structure x, P_level the orthogonal projection onto spatially constant fields. Diagnostic; no threshold",4ef162320e09086a16f1e130b09a507d399438740647147560f339cd2aa60069
RESOLVED_PHYSICAL,WIENER_GAUSSIAN,10000.0,OFF_GRID_OOD,8,0.06409202027390117,0.15816475337922192,0.06408472644009341,554.0302466882504,0.9999999598601026,0.06390111686528435,1125.2519907039316,"x = P_level x + P_structure x, P_level the orthogonal projection onto spatially constant fields. Diagnostic; no threshold",4ef162320e09086a16f1e130b09a507d399438740647147560f339cd2aa60069
RESOLVED_PHYSICAL,LINEAR_STATE_SPACE,10000.0,IN_CLASS_ID,8,0.05325119060928375,0.10037142345777766,0.044767822350404614,0.5719500643700662,0.9838218863433618,0.13900589498000337,1.2965349952905618,"x = P_level x + P_structure x, P_level the orthogonal projection onto spatially constant fields. Diagnostic; no threshold",4ef162320e09086a16f1e130b09a507d399438740647147560f339cd2aa60069
RESOLVED_PHYSICAL,LINEAR_STATE_SPACE,10000.0,IN_CLASS_OOD,8,0.04521612736292478,0.05694100493851674,0.04431932584561874,7.2427455101581355,0.999967713750053,0.13245920331182645,55.28317206709228,"x = P_level x + P_structure x, P_level the orthogonal projection onto spatially constant fields. Diagnostic; no threshold",4ef162320e09086a16f1e130b09a507d399438740647147560f339cd2aa60069
RESOLVED_PHYSICAL,LINEAR_STATE_SPACE,10000.0,OFF_GRID_ID,8,0.04565906867716064,0.13791198136916627,0.044303342298083075,1.1088036122095857,0.9949598138466409,0.1375194529814588,1.6926620301864634,"x = P_level x + P_structure x, P_level the orthogonal projection onto spatially constant fields. Diagnostic; no threshold",4ef162320e09086a16f1e130b09a507d399438740647147560f339cd2aa60069
RESOLVED_PHYSICAL,LINEAR_STATE_SPACE,10000.0,OFF_GRID_OOD,8,0.04430525732987345,0.052080374310865644,0.04429672568623021,206.95156326104137,0.9999999598601026,0.13742302955215935,896.0446564978506,"x = P_level x + P_structure x, P_level the orthogonal projection onto spatially constant fields. Diagnostic; no threshold",4ef162320e09086a16f1e130b09a507d399438740647147560f339cd2aa60069
RESOLVED_PHYSICAL,TSVD,30000.0,IN_CLASS_ID,8,0.00014934247099094962,0.0008747632910728663,0.00011877261419537325,0.0052946326092359886,0.9838218863433618,0.002969401943076732,0.13092321362708367,"x = P_level x + P_structure x, P_level the orthogonal projection onto spatially constant fields. Diagnostic; no threshold",4ef162320e09086a16f1e130b09a507d399438740647147560f339cd2aa60069
RESOLVED_PHYSICAL,TSVD,30000.0,IN_CLASS_OOD,8,0.00016051669005547677,0.000890987642138096,0.00015702842240348204,0.07304518830972741,0.999967713750053,0.00386083540148123,8.48085714514282,"x = P_level x + P_structure x, P_level the orthogonal projection onto spatially constant fields. Diagnostic; no threshold",4ef162320e09086a16f1e130b09a507d399438740647147560f339cd2aa60069
RESOLVED_PHYSICAL,TSVD,30000.0,OFF_GRID_ID,8,0.0001493486472315868,0.09959436820338179,0.00014150496165015375,0.8277882591823889,0.9949598138466409,0.003638106948376371,0.8712053573276701,"x = P_level x + P_structure x, P_level the orthogonal projection onto spatially constant fields. Diagnostic; no threshold",4ef162320e09086a16f1e130b09a507d399438740647147560f339cd2aa60069
RESOLVED_PHYSICAL,TSVD,30000.0,OFF_GRID_OOD,8,0.0001605161996325467,0.005348737767192243,0.00016041535157497618,4.5817714997846775,0.9999999598601026,0.003914638782536646,157.4939398202992,"x = P_level x + P_structure x, P_level the orthogonal projection onto spatially constant fields. Diagnostic; no threshold",4ef162320e09086a16f1e130b09a507d399438740647147560f339cd2aa60069
RESOLVED_PHYSICAL,RIDGE_IDENTITY,30000.0,IN_CLASS_ID,8,0.0005767079857685455,0.001894989071793582,0.0004678386072612523,0.010484050067122754,0.9838218863433618,0.028456975734718823,0.23337444356145925,"x = P_level x + P_structure x, P_level the orthogonal projection onto spatially constant fields. Diagnostic; no threshold",4ef162320e09086a16f1e130b09a507d399438740647147560f339cd2aa60069
RESOLVED_PHYSICAL,RIDGE_IDENTITY,30000.0,IN_CLASS_OOD,8,0.0004643636032556187,0.0015389867588822249,0.0004462606687677676,0.10795547220383112,0.999967713750053,0.029165852108889313,11.860671599146785,"x = P_level x + P_structure x, P_level the orthogonal projection onto spatially constant fields. Diagnostic; no threshold",4ef162320e09086a16f1e130b09a507d399438740647147560f339cd2aa60069
RESOLVED_PHYSICAL,RIDGE_IDENTITY,30000.0,OFF_GRID_ID,8,0.000472065672349318,0.1020727866296541,0.00044187657167651874,0.8324521913542832,0.9949598138466409,0.02777271505107613,0.8901038945477817,"x = P_level x + P_structure x, P_level the orthogonal projection onto spatially constant fields. Diagnostic; no threshold",4ef162320e09086a16f1e130b09a507d399438740647147560f339cd2aa60069
RESOLVED_PHYSICAL,RIDGE_IDENTITY,30000.0,OFF_GRID_OOD,8,0.00042681558044554415,0.006496986071691928,0.00042682300114341615,4.88887462894003,0.9999999598601026,0.030038832234353725,204.6253222630388,"x = P_level x + P_structure x, P_level the orthogonal projection onto spatially constant fields. Diagnostic; no threshold",4ef162320e09086a16f1e130b09a507d399438740647147560f339cd2aa60069
RESOLVED_PHYSICAL,TIKHONOV_TEMPORAL,30000.0,IN_CLASS_ID,8,0.0015025557341185715,0.003279461751051649,0.0011745171066542205,0.01897147654142288,0.9838218863433618,0.08711198765330831,0.7475852988592184,"x = P_level x + P_structure x, P_level the orthogonal projection onto spatially constant fields. Diagnostic; no threshold",4ef162320e09086a16f1e130b09a507d399438740647147560f339cd2aa60069
RESOLVED_PHYSICAL,TIKHONOV_TEMPORAL,30000.0,IN_CLASS_OOD,8,0.001188001257626014,0.0027251767370892847,0.0011485419009503498,0.16392341387073375,0.999967713750053,0.0915155235180153,38.67973086647253,"x = P_level x + P_structure x, P_level the orthogonal projection onto spatially constant fields. Diagnostic; no threshold",4ef162320e09086a16f1e130b09a507d399438740647147560f339cd2aa60069
RESOLVED_PHYSICAL,TIKHONOV_TEMPORAL,30000.0,OFF_GRID_ID,8,0.0011753230603364848,0.11932577876827433,0.0011167094324628945,0.8475336893266925,0.9949598138466409,0.08032621077922944,1.3304391208009905,"x = P_level x + P_structure x, P_level the orthogonal projection onto spatially constant fields. Diagnostic; no threshold",4ef162320e09086a16f1e130b09a507d399438740647147560f339cd2aa60069
RESOLVED_PHYSICAL,TIKHONOV_TEMPORAL,30000.0,OFF_GRID_OOD,8,0.0010989474982511579,0.00781168853226049,0.0010989474955483062,6.423711279557153,0.9999999598601026,0.08925480850276282,662.2556775574402,"x = P_level x + P_structure x, P_level the orthogonal projection onto spatially constant fields. Diagnostic; no threshold",4ef162320e09086a16f1e130b09a507d399438740647147560f339cd2aa60069
RESOLVED_PHYSICAL,WIENER_GAUSSIAN,30000.0,IN_CLASS_ID,8,0.06445091424085067,0.1700198989772691,0.054749361152124566,0.8243513135900622,0.9838218863433618,0.05481915139816939,0.8942922577225736,"x = P_level x + P_structure x, P_level the orthogonal projection onto spatially constant fields. Diagnostic; no threshold",4ef162320e09086a16f1e130b09a507d399438740647147560f339cd2aa60069
RESOLVED_PHYSICAL,WIENER_GAUSSIAN,30000.0,IN_CLASS_OOD,8,0.05796323243817891,0.16208013953538847,0.0572832960797232,20.356931211934196,0.999967713750053,0.04794634597941938,75.1479332637561,"x = P_level x + P_structure x, P_level the orthogonal projection onto spatially constant fields. Diagnostic; no threshold",4ef162320e09086a16f1e130b09a507d399438740647147560f339cd2aa60069
RESOLVED_PHYSICAL,WIENER_GAUSSIAN,30000.0,OFF_GRID_ID,8,0.06328590234957328,0.183078169957336,0.06234729004934074,1.8145435116238278,0.9949598138466409,0.062371998219169306,1.8732941717471419,"x = P_level x + P_structure x, P_level the orthogonal projection onto spatially constant fields. Diagnostic; no threshold",4ef162320e09086a16f1e130b09a507d399438740647147560f339cd2aa60069
RESOLVED_PHYSICAL,WIENER_GAUSSIAN,30000.0,OFF_GRID_OOD,8,0.06409663407712712,0.1581752375256903,0.06408884401175449,554.0642178384394,0.9999999598601026,0.06390674439745803,1125.3293744731113,"x = P_level x + P_structure x, P_level the orthogonal projection onto spatially constant fields. Diagnostic; no threshold",4ef162320e09086a16f1e130b09a507d399438740647147560f339cd2aa60069
RESOLVED_PHYSICAL,LINEAR_STATE_SPACE,30000.0,IN_CLASS_ID,8,0.053250622813270615,0.10037053714330843,0.0447642226146209,0.5720403595492866,0.9838218863433618,0.13898277394209468,1.2968139583073115,"x = P_level x + P_structure x, P_level the orthogonal projection onto spatially constant fields. Diagnostic; no threshold",4ef162320e09086a16f1e130b09a507d399438740647147560f339cd2aa60069
RESOLVED_PHYSICAL,LINEAR_STATE_SPACE,30000.0,IN_CLASS_OOD,8,0.04525131623809996,0.05692868355463371,0.044329534523997585,7.245091040067852,0.999967713750053,0.1324729255372692,55.320163515450545,"x = P_level x + P_structure x, P_level the orthogonal projection onto spatially constant fields. Diagnostic; no threshold",4ef162320e09086a16f1e130b09a507d399438740647147560f339cd2aa60069
RESOLVED_PHYSICAL,LINEAR_STATE_SPACE,30000.0,OFF_GRID_ID,8,0.0456694706861873,0.13791046780900273,0.04431574439813858,1.1086862252686618,0.9949598138466409,0.1375251598078616,1.6926566683060713,"x = P_level x + P_structure x, P_level the orthogonal projection onto spatially constant fields. Diagnostic; no threshold",4ef162320e09086a16f1e130b09a507d399438740647147560f339cd2aa60069
RESOLVED_PHYSICAL,LINEAR_STATE_SPACE,30000.0,OFF_GRID_OOD,8,0.044303547077209765,0.05207355837117285,0.044297215785039125,207.00617323979426,0.9999999598601026,0.13746051776889445,896.0852834644439,"x = P_level x + P_structure x, P_level the orthogonal projection onto spatially constant fields. Diagnostic; no threshold",4ef162320e09086a16f1e130b09a507d399438740647147560f339cd2aa60069
RESOLVED_PHYSICAL,TSVD,100000.0,IN_CLASS_ID,8,5.049447042500877e-05,0.0002725481367807209,4.0682374827541375e-05,0.0016352481091313409,0.9838218863433618,0.0008513754553585091,0.04007100419119715,"x = P_level x + P_structure x, P_level the orthogonal projection onto spatially constant fields. Diagnostic; no threshold",4ef162320e09086a16f1e130b09a507d399438740647147560f339cd2aa60069
RESOLVED_PHYSICAL,TSVD,100000.0,IN_CLASS_OOD,8,5.118549120158233e-05,0.00028585248870210327,4.9994146353509006e-05,0.022099786343609346,0.999967713750053,0.0010573580725063963,2.574739121194957,"x = P_level x + P_structure x, P_level the orthogonal projection onto spatially constant fields. Diagnostic; no threshold",4ef162320e09086a16f1e130b09a507d399438740647147560f339cd2aa60069
RESOLVED_PHYSICAL,TSVD,100000.0,OFF_GRID_ID,8,5.04921531289726e-05,0.08590254073313919,4.782908315309217e-05,0.8127834011247443,0.9949598138466409,0.0010087423864042788,0.8321350353055876,"x = P_level x + P_structure x, P_level the orthogonal projection onto spatially constant fields. Diagnostic; no threshold",4ef162320e09086a16f1e130b09a507d399438740647147560f339cd2aa60069
RESOLVED_PHYSICAL,TSVD,100000.0,OFF_GRID_OOD,8,5.118657567684705e-05,0.0038510699234925155,5.1080835207424196e-05,3.95977699243626,0.9999999598601026,0.0010572472156321262,44.44626027228424,"x = P_level x + P_structure x, P_level the orthogonal projection onto spatially constant fields. Diagnostic; no threshold",4ef162320e09086a16f1e130b09a507d399438740647147560f339cd2aa60069
RESOLVED_PHYSICAL,RIDGE_IDENTITY,100000.0,IN_CLASS_ID,8,0.0006103750967441536,0.0018031849135311704,0.0004929344871392519,0.009955212330636797,0.9838218863433618,0.028942368655813618,0.2340901565458332,"x = P_level x + P_structure x, P_level the orthogonal projection onto spatially constant fields. Diagnostic; no threshold",4ef162320e09086a16f1e130b09a507d399438740647147560f339cd2aa60069
RESOLVED_PHYSICAL,RIDGE_IDENTITY,100000.0,IN_CLASS_OOD,8,0.0005905324670199684,0.0016500836620291144,0.0005685871572402965,0.09325604144708731,0.999967713750053,0.028680114448787382,11.999387602323239,"x = P_level x + P_structure x, P_level the orthogonal projection onto spatially constant fields. Diagnostic; no threshold",4ef162320e09086a16f1e130b09a507d399438740647147560f339cd2aa60069
RESOLVED_PHYSICAL,RIDGE_IDENTITY,100000.0,OFF_GRID_ID,8,0.0005311542827427763,0.10244209207928875,0.00050755426841677,0.8323403168152654,0.9949598138466409,0.02773956035337699,0.8896240171125462,"x = P_level x + P_structure x, P_level the orthogonal projection onto spatially constant fields. Diagnostic; no threshold",4ef162320e09086a16f1e130b09a507d399438740647147560f339cd2aa60069
RESOLVED_PHYSICAL,RIDGE_IDENTITY,100000.0,OFF_GRID_OOD,8,0.0005515665063779256,0.006637314040972034,0.000551379851777804,4.8034484486224605,0.9999999598601026,0.03036588728792019,203.7093880505736,"x = P_level x + P_structure x, P_level the orthogonal projection onto spatially constant fields. Diagnostic; no threshold",4ef162320e09086a16f1e130b09a507d399438740647147560f339cd2aa60069
RESOLVED_PHYSICAL,TIKHONOV_TEMPORAL,100000.0,IN_CLASS_ID,8,0.001510111927949431,0.00326997285813207,0.0011471231111011247,0.01839546671758728,0.9838218863433618,0.08618049888572585,0.7457642870417638,"x = P_level x + P_structure x, P_level the orthogonal projection onto spatially constant fields. Diagnostic; no threshold",4ef162320e09086a16f1e130b09a507d399438740647147560f339cd2aa60069
RESOLVED_PHYSICAL,TIKHONOV_TEMPORAL,100000.0,IN_CLASS_OOD,8,0.0011286654407469915,0.0025799245899734455,0.0011186294536814482,0.15169910938635767,0.999967713750053,0.09453138793282007,38.5017912313995,"x = P_level x + P_structure x, P_level the orthogonal projection onto spatially constant fields. Diagnostic; no threshold",4ef162320e09086a16f1e130b09a507d399438740647147560f339cd2aa60069
RESOLVED_PHYSICAL,TIKHONOV_TEMPORAL,100000.0,OFF_GRID_ID,8,0.0011214810505537623,0.11931574448134151,0.0010888471055535839,0.8475067286719125,0.9949598138466409,0.08036569084989373,1.3259399262870786,"x = P_level x + P_structure x, P_level the orthogonal projection onto spatially constant fields. Diagnostic; no threshold",4ef162320e09086a16f1e130b09a507d399438740647147560f339cd2aa60069
RESOLVED_PHYSICAL,TIKHONOV_TEMPORAL,100000.0,OFF_GRID_OOD,8,0.0010790655896452726,0.007532750845076661,0.0010780301769077994,5.94346083115706,0.9999999598601026,0.0906027507147735,629.9487176060135,"x = P_level x + P_structure x, P_level the orthogonal projection onto spatially constant fields. Diagnostic; no threshold",4ef162320e09086a16f1e130b09a507d399438740647147560f339cd2aa60069
RESOLVED_PHYSICAL,WIENER_GAUSSIAN,100000.0,IN_CLASS_ID,8,0.06445191571189973,0.17002366561151783,0.05475122285328336,0.8243621481655143,0.9838218863433618,0.05482079942466267,0.8943056260066724,"x = P_level x + P_structure x, P_level the orthogonal projection onto spatially constant fields. Diagnostic; no threshold",4ef162320e09086a16f1e130b09a507d399438740647147560f339cd2aa60069
RESOLVED_PHYSICAL,WIENER_GAUSSIAN,100000.0,IN_CLASS_OOD,8,0.05796589809585603,0.1620834509322101,0.05728554063321456,20.357425088656782,0.999967713750053,0.04794853122283653,75.1492740431994,"x = P_level x + P_structure x, P_level the orthogonal projection onto spatially constant fields. Diagnostic; no threshold",4ef162320e09086a16f1e130b09a507d399438740647147560f339cd2aa60069
RESOLVED_PHYSICAL,WIENER_GAUSSIAN,100000.0,OFF_GRID_ID,8,0.06328813834023694,0.1830811994237627,0.06234950365933077,1.8145722465660898,0.9949598138466409,0.062373425243441326,1.8733195187947729,"x = P_level x + P_structure x, P_level the orthogonal projection onto spatially constant fields. Diagnostic; no threshold",4ef162320e09086a16f1e130b09a507d399438740647147560f339cd2aa60069
RESOLVED_PHYSICAL,WIENER_GAUSSIAN,100000.0,OFF_GRID_OOD,8,0.06409834575511986,0.15817854300595624,0.06409022189067998,554.0784779344077,0.9999999598601026,0.06390950762482911,1125.3554517326772,"x = P_level x + P_structure x, P_level the orthogonal projection onto spatially constant fields. Diagnostic; no threshold",4ef162320e09086a16f1e130b09a507d399438740647147560f339cd2aa60069
RESOLVED_PHYSICAL,LINEAR_STATE_SPACE,100000.0,IN_CLASS_ID,8,0.05325749607127779,0.10037103512124365,0.04476596098020917,0.5720455736359127,0.9838218863433618,0.13898353724141171,1.2967837482412579,"x = P_level x + P_structure x, P_level the orthogonal projection onto spatially constant fields. Diagnostic; no threshold",4ef162320e09086a16f1e130b09a507d399438740647147560f339cd2aa60069
RESOLVED_PHYSICAL,LINEAR_STATE_SPACE,100000.0,IN_CLASS_OOD,8,0.0452436581938932,0.056929038332987986,0.04433407900220123,7.24550355537785,0.999967713750053,0.1324642103831542,55.31484482514065,"x = P_level x + P_structure x, P_level the orthogonal projection onto spatially constant fields. Diagnostic; no threshold",4ef162320e09086a16f1e130b09a507d399438740647147560f339cd2aa60069
RESOLVED_PHYSICAL,LINEAR_STATE_SPACE,100000.0,OFF_GRID_ID,8,0.045659889117444355,0.13791382422654677,0.0443158504312383,1.108749620263675,0.9949598138466409,0.13752426864273842,1.692676406130463,"x = P_level x + P_structure x, P_level the orthogonal projection onto spatially constant fields. Diagnostic; no threshold",4ef162320e09086a16f1e130b09a507d399438740647147560f339cd2aa60069
RESOLVED_PHYSICAL,LINEAR_STATE_SPACE,100000.0,OFF_GRID_OOD,8,0.04430311597005447,0.05207772406503336,0.04429639195127104,206.96169651376147,0.9999999598601026,0.13745551484796106,896.0903864032878,"x = P_level x + P_structure x, P_level the orthogonal projection onto spatially constant fields. Diagnostic; no threshold",4ef162320e09086a16f1e130b09a507d399438740647147560f339cd2aa60069
RESOLVED_PHYSICAL,TSVD,1000000.0,IN_CLASS_ID,8,4.696094793887758e-06,2.6785651112178688e-05,3.7521960108785315e-06,0.0001561995169328463,0.9838218863433618,9.04510155386818e-05,0.003973843467451183,"x = P_level x + P_structure x, P_level the orthogonal projection onto spatially constant fields. Diagnostic; no threshold",4ef162320e09086a16f1e130b09a507d399438740647147560f339cd2aa60069
RESOLVED_PHYSICAL,TSVD,1000000.0,IN_CLASS_OOD,8,4.806687829937723e-06,2.54527461993281e-05,4.708514213790632e-06,0.0022576965878026174,0.999967713750053,0.0001291443264038383,0.26300458059880616,"x = P_level x + P_structure x, P_level the orthogonal projection onto spatially constant fields. Diagnostic; no threshold",4ef162320e09086a16f1e130b09a507d399438740647147560f339cd2aa60069
RESOLVED_PHYSICAL,TSVD,1000000.0,OFF_GRID_ID,8,4.685116249200324e-06,0.08331420305952611,4.486057475283342e-06,0.796207869073967,0.9949598138466409,0.00010940787336707712,0.8011976895492772,"x = P_level x + P_structure x, P_level the orthogonal projection onto spatially constant fields. Diagnostic; no threshold",4ef162320e09086a16f1e130b09a507d399438740647147560f339cd2aa60069
RESOLVED_PHYSICAL,TSVD,1000000.0,OFF_GRID_OOD,8,4.814321294065293e-06,0.0019395835636268851,4.79921197720785e-06,3.7388128724179257,0.9999999598601026,0.0001325630068748005,6.5928552227443475,"x = P_level x + P_structure x, P_level the orthogonal projection onto spatially constant fields. Diagnostic; no threshold",4ef162320e09086a16f1e130b09a507d399438740647147560f339cd2aa60069
RESOLVED_PHYSICAL,RIDGE_IDENTITY,1000000.0,IN_CLASS_ID,8,0.0006107106950249716,0.0017659126214728026,0.0005074351151679454,0.009933688079070413,0.9838218863433618,0.028918165837300655,0.23261190237907975,"x = P_level x + P_structure x, P_level the orthogonal projection onto spatially constant fields. Diagnostic; no threshold",4ef162320e09086a16f1e130b09a507d399438740647147560f339cd2aa60069
RESOLVED_PHYSICAL,RIDGE_IDENTITY,1000000.0,IN_CLASS_OOD,8,0.0005761070781449592,0.0016378983983576403,0.0005575726773323095,0.08889559399314455,0.999967713750053,0.028037558616165203,12.015860492142613,"x = P_level x + P_structure x, P_level the orthogonal projection onto spatially constant fields. Diagnostic; no threshold",4ef162320e09086a16f1e130b09a507d399438740647147560f339cd2aa60069
RESOLVED_PHYSICAL,RIDGE_IDENTITY,1000000.0,OFF_GRID_ID,8,0.0005422579459454116,0.10242935363416994,0.0005186196309328005,0.832525066343426,0.9949598138466409,0.027705566253133862,0.8897602648305472,"x = P_level x + P_structure x, P_level the orthogonal projection onto spatially constant fields. Diagnostic; no threshold",4ef162320e09086a16f1e130b09a507d399438740647147560f339cd2aa60069
RESOLVED_PHYSICAL,RIDGE_IDENTITY,1000000.0,OFF_GRID_OOD,8,0.0005626943452253464,0.0067279176920071754,0.0005625676653399447,4.852302770502449,0.9999999598601026,0.03012077376778314,204.0257599467253,"x = P_level x + P_structure x, P_level the orthogonal projection onto spatially constant fields. Diagnostic; no threshold",4ef162320e09086a16f1e130b09a507d399438740647147560f339cd2aa60069
RESOLVED_PHYSICAL,TIKHONOV_TEMPORAL,1000000.0,IN_CLASS_ID,8,0.0014998089922485286,0.003281033382774391,0.0011391132847840902,0.018350158587357456,0.9838218863433618,0.08662589315382005,0.7451585460045633,"x = P_level x + P_structure x, P_level the orthogonal projection onto spatially constant fields. Diagnostic; no threshold",4ef162320e09086a16f1e130b09a507d399438740647147560f339cd2aa60069
RESOLVED_PHYSICAL,TIKHONOV_TEMPORAL,1000000.0,IN_CLASS_OOD,8,0.0011199880190941613,0.002525879624053492,0.0011069553110217853,0.1507030841119793,0.999967713750053,0.0946578320285485,38.64199644965446,"x = P_level x + P_structure x, P_level the orthogonal projection onto spatially constant fields. Diagnostic; no threshold",4ef162320e09086a16f1e130b09a507d399438740647147560f339cd2aa60069
RESOLVED_PHYSICAL,TIKHONOV_TEMPORAL,1000000.0,OFF_GRID_ID,8,0.0011005178506308191,0.11936855914732769,0.0010873567583527795,0.847418512312061,0.9949598138466409,0.07984272570452705,1.328449629738718,"x = P_level x + P_structure x, P_level the orthogonal projection onto spatially constant fields. Diagnostic; no threshold",4ef162320e09086a16f1e130b09a507d399438740647147560f339cd2aa60069
RESOLVED_PHYSICAL,TIKHONOV_TEMPORAL,1000000.0,OFF_GRID_OOD,8,0.001091755982676809,0.007366256235654556,0.0010910348817027306,5.94597533087725,0.9999999598601026,0.09092648979969846,631.8988051986644,"x = P_level x + P_structure x, P_level the orthogonal projection onto spatially constant fields. Diagnostic; no threshold",4ef162320e09086a16f1e130b09a507d399438740647147560f339cd2aa60069
RESOLVED_PHYSICAL,WIENER_GAUSSIAN,1000000.0,IN_CLASS_ID,8,0.06445268459589004,0.17002505135427215,0.05475177962961529,0.8243669134978604,0.9838218863433618,0.05482156433657978,0.8943102703658293,"x = P_level x + P_structure x, P_level the orthogonal projection onto spatially constant fields. Diagnostic; no threshold",4ef162320e09086a16f1e130b09a507d399438740647147560f339cd2aa60069
RESOLVED_PHYSICAL,WIENER_GAUSSIAN,1000000.0,IN_CLASS_OOD,8,0.05796617016696308,0.16208473636941242,0.05728601482598158,20.357609608451362,0.999967713750053,0.04794916482215675,75.1497809557503,"x = P_level x + P_structure x, P_level the orthogonal projection onto spatially constant fields. Diagnostic; no threshold",4ef162320e09086a16f1e130b09a507d399438740647147560f339cd2aa60069
RESOLVED_PHYSICAL,WIENER_GAUSSIAN,1000000.0,OFF_GRID_ID,8,0.06328859668851695,0.1830824129684968,0.06235013492815361,1.8145841948648973,0.9949598138466409,0.06237416092444251,1.8733302246490213,"x = P_level x + P_structure x, P_level the orthogonal projection onto spatially constant fields. Diagnostic; no threshold",4ef162320e09086a16f1e130b09a507d399438740647147560f339cd2aa60069
RESOLVED_PHYSICAL,WIENER_GAUSSIAN,1000000.0,OFF_GRID_OOD,8,0.06409907351664934,0.1581800717022689,0.06409105679307547,554.0837502058782,0.9999999598601026,0.06391017637819822,1125.365692294914,"x = P_level x + P_structure x, P_level the orthogonal projection onto spatially constant fields. Diagnostic; no threshold",4ef162320e09086a16f1e130b09a507d399438740647147560f339cd2aa60069
RESOLVED_PHYSICAL,LINEAR_STATE_SPACE,1000000.0,IN_CLASS_ID,8,0.053257537742533605,0.10037313366771608,0.044766311726752564,0.5720021522748432,0.9838218863433618,0.13898344373484406,1.2967802041001777,"x = P_level x + P_structure x, P_level the orthogonal projection onto spatially constant fields. Diagnostic; no threshold",4ef162320e09086a16f1e130b09a507d399438740647147560f339cd2aa60069
RESOLVED_PHYSICAL,LINEAR_STATE_SPACE,1000000.0,IN_CLASS_OOD,8,0.04524496480718166,0.05693037915224264,0.04433322561154527,7.245415254590151,0.999967713750053,0.13246676658246612,55.31584611540558,"x = P_level x + P_structure x, P_level the orthogonal projection onto spatially constant fields. Diagnostic; no threshold",4ef162320e09086a16f1e130b09a507d399438740647147560f339cd2aa60069
RESOLVED_PHYSICAL,LINEAR_STATE_SPACE,1000000.0,OFF_GRID_ID,8,0.04565899429040904,0.13791551888593645,0.04431475621334902,1.1087457124124303,0.9949598138466409,0.1375265575172335,1.6926875105218988,"x = P_level x + P_structure x, P_level the orthogonal projection onto spatially constant fields. Diagnostic; no threshold",4ef162320e09086a16f1e130b09a507d399438740647147560f339cd2aa60069
RESOLVED_PHYSICAL,LINEAR_STATE_SPACE,1000000.0,OFF_GRID_OOD,8,0.044304916608489314,0.05207865675684713,0.04429832443057405,206.96858505942095,0.9999999598601026,0.1374604600018277,896.0767108808426,"x = P_level x + P_structure x, P_level the orthogonal projection onto spatially constant fields. Diagnostic; no threshold",4ef162320e09086a16f1e130b09a507d399438740647147560f339cd2aa60069
UNRESOLVED_IMAGE,TSVD,1.0,IN_CLASS_ID,8,0.5841278674270967,0.5080537125901694,0.4974254488586183,2.093986606386558,0.9838218863433618,0.694847173120823,1.7673192907291484,"x = P_level x + P_structure x, P_level the orthogonal projection onto spatially constant fields. Diagnostic; no threshold",4ef162320e09086a16f1e130b09a507d399438740647147560f339cd2aa60069
UNRESOLVED_IMAGE,TSVD,1.0,IN_CLASS_OOD,8,0.4887259857546776,0.46168887940164854,0.47893237406388023,50.20005246976393,0.999967713750053,0.6760943643199762,130.49509387831398,"x = P_level x + P_structure x, P_level the orthogonal projection onto spatially constant fields. Diagnostic; no threshold",4ef162320e09086a16f1e130b09a507d399438740647147560f339cd2aa60069
UNRESOLVED_IMAGE,TSVD,1.0,OFF_GRID_ID,8,0.5078273650104368,0.48548550411560687,0.489463724218537,4.137831143674682,0.9949598138466409,0.6912040970599479,3.265101509660055,"x = P_level x + P_structure x, P_level the orthogonal projection onto spatially constant fields. Diagnostic; no threshold",4ef162320e09086a16f1e130b09a507d399438740647147560f339cd2aa60069
UNRESOLVED_IMAGE,TSVD,1.0,OFF_GRID_OOD,8,0.4848861532399472,0.4599230164437812,0.4847713693466899,1409.5297756803386,0.9999999598601026,0.6844827957497124,2021.2109078428914,"x = P_level x + P_structure x, P_level the orthogonal projection onto spatially constant fields. Diagnostic; no threshold",4ef162320e09086a16f1e130b09a507d399438740647147560f339cd2aa60069
UNRESOLVED_IMAGE,RIDGE_IDENTITY,1.0,IN_CLASS_ID,8,0.6428058313288838,0.345699039643008,0.5579478179051005,1.4626260807200178,0.9838218863433618,0.7165606321085813,1.356429121206396,"x = P_level x + P_structure x, P_level the orthogonal projection onto spatially constant fields. Diagnostic; no threshold",4ef162320e09086a16f1e130b09a507d399438740647147560f339cd2aa60069
UNRESOLVED_IMAGE,RIDGE_IDENTITY,1.0,IN_CLASS_OOD,8,0.5567473675388068,0.287468567506856,0.5478214906499506,31.437177557545507,0.999967713750053,0.7130172244730759,89.28749752287013,"x = P_level x + P_structure x, P_level the orthogonal projection onto spatially constant fields. Diagnostic; no threshold",4ef162320e09086a16f1e130b09a507d399438740647147560f339cd2aa60069
UNRESOLVED_IMAGE,RIDGE_IDENTITY,1.0,OFF_GRID_ID,8,0.5699640802090439,0.32211744685996224,0.551177817803912,2.746500724357742,0.9949598138466409,0.7146413863940623,2.25498121182775,"x = P_level x + P_structure x, P_level the orthogonal projection onto spatially constant fields. Diagnostic; no threshold",4ef162320e09086a16f1e130b09a507d399438740647147560f339cd2aa60069
UNRESOLVED_IMAGE,RIDGE_IDENTITY,1.0,OFF_GRID_OOD,8,0.5537328787166352,0.2855763146717326,0.553611270229769,862.962846517359,0.9999999598601026,0.7212171665705194,1394.6017167056957,"x = P_level x + P_structure x, P_level the orthogonal projection onto spatially constant fields. Diagnostic; no threshold",4ef162320e09086a16f1e130b09a507d399438740647147560f339cd2aa60069
UNRESOLVED_IMAGE,TIKHONOV_TEMPORAL,1.0,IN_CLASS_ID,8,0.2924946909863988,0.920966792690162,0.23759955327592758,4.4031251590731735,0.9838218863433618,0.37770016344593255,6.791900034077542,"x = P_level x + P_structure x, P_level the orthogonal projection onto spatially constant fields. Diagnostic; no threshold",4ef162320e09086a16f1e130b09a507d399438740647147560f339cd2aa60069
UNRESOLVED_IMAGE,TIKHONOV_TEMPORAL,1.0,IN_CLASS_OOD,8,0.27399650386863095,0.8512177549940102,0.2669902904454219,91.63256701278785,0.999967713750053,0.42163575496007333,507.07921005738774,"x = P_level x + P_structure x, P_level the orthogonal projection onto spatially constant fields. Diagnostic; no threshold",4ef162320e09086a16f1e130b09a507d399438740647147560f339cd2aa60069
UNRESOLVED_IMAGE,TIKHONOV_TEMPORAL,1.0,OFF_GRID_ID,8,0.2677656591247442,0.8943099235542927,0.2556291859068435,8.464728680243716,0.9949598138466409,0.40559586329044767,13.27778532889613,"x = P_level x + P_structure x, P_level the orthogonal projection onto spatially constant fields. Diagnostic; no threshold",4ef162320e09086a16f1e130b09a507d399438740647147560f339cd2aa60069
UNRESOLVED_IMAGE,TIKHONOV_TEMPORAL,1.0,OFF_GRID_OOD,8,0.27470226421793204,0.8508312177213089,0.2746733145588083,2631.709637705858,0.9999999598601026,0.431547511314747,9377.630244319289,"x = P_level x + P_structure x, P_level the orthogonal projection onto spatially constant fields. Diagnostic; no threshold",4ef162320e09086a16f1e130b09a507d399438740647147560f339cd2aa60069
UNRESOLVED_IMAGE,WIENER_GAUSSIAN,1.0,IN_CLASS_ID,8,0.02520339283914583,0.08746994567141779,0.02013599294131381,0.4819554895685283,0.9838218863433618,0.020192688131727615,0.5734496686455925,"x = P_level x + P_structure x, P_level the orthogonal projection onto spatially constant fields. Diagnostic; no threshold",4ef162320e09086a16f1e130b09a507d399438740647147560f339cd2aa60069
UNRESOLVED_IMAGE,WIENER_GAUSSIAN,1.0,IN_CLASS_OOD,8,0.02760396221936661,0.06035815039478004,0.026760539982273103,7.428468015633282,0.999967713750053,0.035803396531514924,26.68001888427154,"x = P_level x + P_structure x, P_level the orthogonal projection onto spatially constant fields. Diagnostic; no threshold",4ef162320e09086a16f1e130b09a507d399438740647147560f339cd2aa60069
UNRESOLVED_IMAGE,WIENER_GAUSSIAN,1.0,OFF_GRID_ID,8,0.024178591742051146,0.11057091718619821,0.022953566572353316,1.0748322741529526,0.9949598138466409,0.022655848110155773,1.078707255735963,"x = P_level x + P_structure x, P_level the orthogonal projection onto spatially constant fields. Diagnostic; no threshold",4ef162320e09086a16f1e130b09a507d399438740647147560f339cd2aa60069
UNRESOLVED_IMAGE,WIENER_GAUSSIAN,1.0,OFF_GRID_OOD,8,0.018907169139524095,0.05021469014803976,0.018820729957837647,178.08242812066138,0.9999999598601026,0.018966240567113813,317.0121697037217,"x = P_level x + P_structure x, P_level the orthogonal projection onto spatially constant fields. Diagnostic; no threshold",4ef162320e09086a16f1e130b09a507d399438740647147560f339cd2aa60069
UNRESOLVED_IMAGE,LINEAR_STATE_SPACE,1.0,IN_CLASS_ID,8,0.3573121132683713,0.9155096395442621,0.28710265705177546,4.40433481014494,0.9838218863433618,0.43755228669793667,6.677400541356491,"x = P_level x + P_structure x, P_level the orthogonal projection onto spatially constant fields. Diagnostic; no threshold",4ef162320e09086a16f1e130b09a507d399438740647147560f339cd2aa60069
UNRESOLVED_IMAGE,LINEAR_STATE_SPACE,1.0,IN_CLASS_OOD,8,0.3228988728939802,0.8318546801144682,0.3183587295567002,91.85759847994925,0.999967713750053,0.4870150380604592,507.4590841499511,"x = P_level x + P_structure x, P_level the orthogonal projection onto spatially constant fields. Diagnostic; no threshold",4ef162320e09086a16f1e130b09a507d399438740647147560f339cd2aa60069
UNRESOLVED_IMAGE,LINEAR_STATE_SPACE,1.0,OFF_GRID_ID,8,0.3228692110016479,0.8831567077631524,0.30887435939426156,8.408856919501009,0.9949598138466409,0.47050466466795104,12.846328619540802,"x = P_level x + P_structure x, P_level the orthogonal projection onto spatially constant fields. Diagnostic; no threshold",4ef162320e09086a16f1e130b09a507d399438740647147560f339cd2aa60069
UNRESOLVED_IMAGE,LINEAR_STATE_SPACE,1.0,OFF_GRID_OOD,8,0.3228331237130604,0.8404075018046997,0.3225927521960954,2549.6835881775482,0.9999999598601026,0.4882577408418293,9218.40821158638,"x = P_level x + P_structure x, P_level the orthogonal projection onto spatially constant fields. Diagnostic; no threshold",4ef162320e09086a16f1e130b09a507d399438740647147560f339cd2aa60069
UNRESOLVED_IMAGE,TSVD,3.0,IN_CLASS_ID,8,0.6095118504277304,0.2667536071665908,0.5276256802333006,1.215541916131317,0.9838218863433618,0.6945454951498595,1.2269524195727413,"x = P_level x + P_structure x, P_level the orthogonal projection onto spatially constant fields. Diagnostic; no threshold",4ef162320e09086a16f1e130b09a507d399438740647147560f339cd2aa60069
UNRESOLVED_IMAGE,TSVD,3.0,IN_CLASS_OOD,8,0.5218899346878851,0.1956235465198268,0.5150293850941778,19.0543109566848,0.999967713750053,0.6824212372314784,59.231286278277885,"x = P_level x + P_structure x, P_level the orthogonal projection onto spatially constant fields. Diagnostic; no threshold",4ef162320e09086a16f1e130b09a507d399438740647147560f339cd2aa60069
UNRESOLVED_IMAGE,TSVD,3.0,OFF_GRID_ID,8,0.5456420335187269,0.24383937360302912,0.524281159103342,2.010106243601288,0.9949598138466409,0.690791666751656,1.732348619460279,"x = P_level x + P_structure x, P_level the orthogonal projection onto spatially constant fields. Diagnostic; no threshold",4ef162320e09086a16f1e130b09a507d399438740647147560f339cd2aa60069
UNRESOLVED_IMAGE,TSVD,3.0,OFF_GRID_OOD,8,0.5210182294613397,0.19493098204326037,0.5202025931188221,585.4424029515244,0.9999999598601026,0.6896815109467109,938.8622711884827,"x = P_level x + P_structure x, P_level the orthogonal projection onto spatially constant fields. Diagnostic; no threshold",4ef162320e09086a16f1e130b09a507d399438740647147560f339cd2aa60069
UNRESOLVED_IMAGE,RIDGE_IDENTITY,3.0,IN_CLASS_ID,8,0.4495709357298249,0.35119556426815834,0.3816795552170982,1.5490096399281783,0.9838218863433618,0.6295204980586159,1.672181678888675,"x = P_level x + P_structure x, P_level the orthogonal projection onto spatially constant fields. Diagnostic; no threshold",4ef162320e09086a16f1e130b09a507d399438740647147560f339cd2aa60069
UNRESOLVED_IMAGE,RIDGE_IDENTITY,3.0,IN_CLASS_OOD,8,0.3760686665141644,0.3018637822342517,0.37187582210850506,33.646808742479095,0.999967713750053,0.6122315262132961,116.65752395015554,"x = P_level x + P_structure x, P_level the orthogonal projection onto spatially constant fields. Diagnostic; no threshold",4ef162320e09086a16f1e130b09a507d399438740647147560f339cd2aa60069
UNRESOLVED_IMAGE,RIDGE_IDENTITY,3.0,OFF_GRID_ID,8,0.39430158749804717,0.3414542286946716,0.3761503494992468,3.057922258921548,0.9949598138466409,0.620747826323744,3.092343744922818,"x = P_level x + P_structure x, P_level the orthogonal projection onto spatially constant fields. Diagnostic; no threshold",4ef162320e09086a16f1e130b09a507d399438740647147560f339cd2aa60069
UNRESOLVED_IMAGE,RIDGE_IDENTITY,3.0,OFF_GRID_OOD,8,0.37723093715417033,0.30048127441489514,0.37704768261573407,942.8139224700315,0.9999999598601026,0.6195862560696748,1958.6505901363325,"x = P_level x + P_structure x, P_level the orthogonal projection onto spatially constant fields. Diagnostic; no threshold",4ef162320e09086a16f1e130b09a507d399438740647147560f339cd2aa60069
UNRESOLVED_IMAGE,TIKHONOV_TEMPORAL,3.0,IN_CLASS_ID,8,0.16494672033049823,0.412941488148443,0.1330412657684341,2.112837512600187,0.9838218863433618,0.2623806226686935,3.3651760402517494,"x = P_level x + P_structure x, P_level the orthogonal projection onto spatially constant fields. Diagnostic; no threshold",4ef162320e09086a16f1e130b09a507d399438740647147560f339cd2aa60069
UNRESOLVED_IMAGE,TIKHONOV_TEMPORAL,3.0,IN_CLASS_OOD,8,0.14668354736614347,0.35115308741719636,0.14492041194380556,43.200651351518005,0.999967713750053,0.2588122795785798,240.136859675636,"x = P_level x + P_structure x, P_level the orthogonal projection onto spatially constant fields. Diagnostic; no threshold",4ef162320e09086a16f1e130b09a507d399438740647147560f339cd2aa60069
UNRESOLVED_IMAGE,TIKHONOV_TEMPORAL,3.0,OFF_GRID_ID,8,0.1470338940363436,0.3840297482612308,0.13934086854302669,3.8582526219759874,0.9949598138466409,0.2669989903580876,5.655192544178774,"x = P_level x + P_structure x, P_level the orthogonal projection onto spatially constant fields. Diagnostic; no threshold",4ef162320e09086a16f1e130b09a507d399438740647147560f339cd2aa60069
UNRESOLVED_IMAGE,TIKHONOV_TEMPORAL,3.0,OFF_GRID_OOD,8,0.1454833795437878,0.34891153413340725,0.14549445943424935,1249.645326960182,0.9999999598601026,0.2773571647460198,3928.2915350582466,"x = P_level x + P_structure x, P_level the orthogonal projection onto spatially constant fields. Diagnostic; no threshold",4ef162320e09086a16f1e130b09a507d399438740647147560f339cd2aa60069
UNRESOLVED_IMAGE,WIENER_GAUSSIAN,3.0,IN_CLASS_ID,8,0.05043113226505712,0.1265271790378667,0.04241399662833209,0.6533850458074572,0.9838218863433618,0.04252650196110423,0.7449674956560322,"x = P_level x + P_structure x, P_level the orthogonal projection onto spatially constant fields. Diagnostic; no threshold",4ef162320e09086a16f1e130b09a507d399438740647147560f339cd2aa60069
UNRESOLVED_IMAGE,WIENER_GAUSSIAN,3.0,IN_CLASS_OOD,8,0.04288271503688612,0.1137241580053238,0.04241009968092773,14.859803352005432,0.999967713750053,0.034477694565899185,54.732823144211224,"x = P_level x + P_structure x, P_level the orthogonal projection onto spatially constant fields. Diagnostic; no threshold",4ef162320e09086a16f1e130b09a507d399438740647147560f339cd2aa60069
UNRESOLVED_IMAGE,WIENER_GAUSSIAN,3.0,OFF_GRID_ID,8,0.047066232891470466,0.1433599960475857,0.04543809742797958,1.4184717947993257,0.9949598138466409,0.04543809742797958,1.4655097500258374,"x = P_level x + P_structure x, P_level the orthogonal projection onto spatially constant fields. Diagnostic; no threshold",4ef162320e09086a16f1e130b09a507d399438740647147560f339cd2aa60069
UNRESOLVED_IMAGE,WIENER_GAUSSIAN,3.0,OFF_GRID_OOD,8,0.048892013093373474,0.10703180529898054,0.04886108059948692,377.2604440945628,0.9999999598601026,0.04849812785460781,776.1676152121656,"x = P_level x + P_structure x, P_level the orthogonal projection onto spatially constant fields. Diagnostic; no threshold",4ef162320e09086a16f1e130b09a507d399438740647147560f339cd2aa60069
UNRESOLVED_IMAGE,LINEAR_STATE_SPACE,3.0,IN_CLASS_ID,8,0.18167295986804688,0.41631247514190894,0.14536254173799013,2.123661937710629,0.9838218863433618,0.28031977041432943,3.3423673990978866,"x = P_level x + P_structure x, P_level the orthogonal projection onto spatially constant fields. Diagnostic; no threshold",4ef162320e09086a16f1e130b09a507d399438740647147560f339cd2aa60069
UNRESOLVED_IMAGE,LINEAR_STATE_SPACE,3.0,IN_CLASS_OOD,8,0.16134487747023796,0.34599959177557466,0.15863253762237228,43.08971446199682,0.999967713750053,0.28225537189531835,241.80005904126455,"x = P_level x + P_structure x, P_level the orthogonal projection onto spatially constant fields. Diagnostic; no threshold",4ef162320e09086a16f1e130b09a507d399438740647147560f339cd2aa60069
UNRESOLVED_IMAGE,LINEAR_STATE_SPACE,3.0,OFF_GRID_ID,8,0.1595808709387811,0.3818914122774022,0.1517394477282013,3.846246710776803,0.9949598138466409,0.28344139111065103,5.637125932508106,"x = P_level x + P_structure x, P_level the orthogonal projection onto spatially constant fields. Diagnostic; no threshold",4ef162320e09086a16f1e130b09a507d399438740647147560f339cd2aa60069
UNRESOLVED_IMAGE,LINEAR_STATE_SPACE,3.0,OFF_GRID_OOD,8,0.15941026705231529,0.34155471441151564,0.15927772379454563,1237.4361590822768,0.9999999598601026,0.28744620390000003,3912.2470069589126,"x = P_level x + P_structure x, P_level the orthogonal projection onto spatially constant fields. Diagnostic; no threshold",4ef162320e09086a16f1e130b09a507d399438740647147560f339cd2aa60069
UNRESOLVED_IMAGE,TSVD,10.0,IN_CLASS_ID,8,0.27948714997478186,0.26129543084199996,0.22892958060718005,1.2568094234165286,0.9838218863433618,0.5617993697598684,1.5233837304602116,"x = P_level x + P_structure x, P_level the orthogonal projection onto spatially constant fields. Diagnostic; no threshold",4ef162320e09086a16f1e130b09a507d399438740647147560f339cd2aa60069
UNRESOLVED_IMAGE,TSVD,10.0,IN_CLASS_OOD,8,0.2314511041880046,0.19868716917206197,0.22864990511106523,23.868816546006528,0.999967713750053,0.5283714198788376,95.94270834029874,"x = P_level x + P_structure x, P_level the orthogonal projection onto spatially constant fields. Diagnostic; no threshold",4ef162320e09086a16f1e130b09a507d399438740647147560f339cd2aa60069
UNRESOLVED_IMAGE,TSVD,10.0,OFF_GRID_ID,8,0.24428095572364433,0.2559040004744103,0.23202562153705208,2.1565324373504717,0.9949598138466409,0.545918144835926,2.5762932498131192,"x = P_level x + P_structure x, P_level the orthogonal projection onto spatially constant fields. Diagnostic; no threshold",4ef162320e09086a16f1e130b09a507d399438740647147560f339cd2aa60069
UNRESOLVED_IMAGE,TSVD,10.0,OFF_GRID_OOD,8,0.232116677367614,0.196906038830265,0.23191286401366468,642.6743380913093,0.9999999598601026,0.53407510500186,1518.32978391723,"x = P_level x + P_structure x, P_level the orthogonal projection onto spatially constant fields. Diagnostic; no threshold",4ef162320e09086a16f1e130b09a507d399438740647147560f339cd2aa60069
UNRESOLVED_IMAGE,RIDGE_IDENTITY,10.0,IN_CLASS_ID,8,0.23280841337091845,0.30283082130669214,0.19192610074312877,1.3735779991223858,0.9838218863433618,0.5190162656774894,1.6724348725057556,"x = P_level x + P_structure x, P_level the orthogonal projection onto spatially constant fields. Diagnostic; no threshold",4ef162320e09086a16f1e130b09a507d399438740647147560f339cd2aa60069
UNRESOLVED_IMAGE,RIDGE_IDENTITY,10.0,IN_CLASS_OOD,8,0.1962516278546825,0.26582753358819766,0.19181879245777708,29.810066216061806,0.999967713750053,0.4728722148555482,123.7698663189881,"x = P_level x + P_structure x, P_level the orthogonal projection onto spatially constant fields. Diagnostic; no threshold",4ef162320e09086a16f1e130b09a507d399438740647147560f339cd2aa60069
UNRESOLVED_IMAGE,RIDGE_IDENTITY,10.0,OFF_GRID_ID,8,0.20786830935599393,0.3058113877013914,0.19789405034794566,2.6418163195502817,0.9949598138466409,0.5040208968386406,3.2811322261687894,"x = P_level x + P_structure x, P_level the orthogonal projection onto spatially constant fields. Diagnostic; no threshold",4ef162320e09086a16f1e130b09a507d399438740647147560f339cd2aa60069
UNRESOLVED_IMAGE,RIDGE_IDENTITY,10.0,OFF_GRID_OOD,8,0.19510790103229705,0.26531551455587654,0.19516523096218635,779.9231791222176,0.9999999598601026,0.48036114144653375,2031.2290344068047,"x = P_level x + P_structure x, P_level the orthogonal projection onto spatially constant fields. Diagnostic; no threshold",4ef162320e09086a16f1e130b09a507d399438740647147560f339cd2aa60069
UNRESOLVED_IMAGE,TIKHONOV_TEMPORAL,10.0,IN_CLASS_ID,8,0.08421061074403982,0.21075097889563943,0.06714138838182471,1.1839017606638782,0.9838218863433618,0.18853985864505823,2.053221861484684,"x = P_level x + P_structure x, P_level the orthogonal projection onto spatially constant fields. Diagnostic; no threshold",4ef162320e09086a16f1e130b09a507d399438740647147560f339cd2aa60069
UNRESOLVED_IMAGE,TIKHONOV_TEMPORAL,10.0,IN_CLASS_OOD,8,0.06879991172524388,0.1635285222203839,0.06798763482276168,20.820836860208274,0.999967713750053,0.177930125675982,122.12899859516614,"x = P_level x + P_structure x, P_level the orthogonal projection onto spatially constant fields. Diagnostic; no threshold",4ef162320e09086a16f1e130b09a507d399438740647147560f339cd2aa60069
UNRESOLVED_IMAGE,TIKHONOV_TEMPORAL,10.0,OFF_GRID_ID,8,0.07081864891207779,0.2194940358504436,0.06725683268457278,2.061270948477297,0.9949598138466409,0.18616010231714308,3.1227372095860857,"x = P_level x + P_structure x, P_level the orthogonal projection onto spatially constant fields. Diagnostic; no threshold",4ef162320e09086a16f1e130b09a507d399438740647147560f339cd2aa60069
UNRESOLVED_IMAGE,TIKHONOV_TEMPORAL,10.0,OFF_GRID_OOD,8,0.06680378365181186,0.16068403808270043,0.06677875064469985,549.1552347447303,0.9999999598601026,0.17752118192581612,1968.562617431775,"x = P_level x + P_structure x, P_level the orthogonal projection onto spatially constant fields. Diagnostic; no threshold",4ef162320e09086a16f1e130b09a507d399438740647147560f339cd2aa60069
UNRESOLVED_IMAGE,WIENER_GAUSSIAN,10.0,IN_CLASS_ID,8,0.06856583720007087,0.15778200146232801,0.05758504745353314,0.7788154468247297,0.9838218863433618,0.05743005721941233,0.8530308890899478,"x = P_level x + P_structure x, P_level the orthogonal projection onto spatially constant fields. Diagnostic; no threshold",4ef162320e09086a16f1e130b09a507d399438740647147560f339cd2aa60069
UNRESOLVED_IMAGE,WIENER_GAUSSIAN,10.0,IN_CLASS_OOD,8,0.061236697173826495,0.14776399863266423,0.060383336358192555,18.75148573156264,0.999967713750053,0.04939287877708962,69.1343490511165,"x = P_level x + P_structure x, P_level the orthogonal projection onto spatially constant fields. Diagnostic; no threshold",4ef162320e09086a16f1e130b09a507d399438740647147560f339cd2aa60069
UNRESOLVED_IMAGE,WIENER_GAUSSIAN,10.0,OFF_GRID_ID,8,0.06608679012002763,0.1708284187845868,0.06517872895536278,1.6927699799606235,0.9949598138466409,0.06513709666838718,1.746333832803455,"x = P_level x + P_structure x, P_level the orthogonal projection onto spatially constant fields. Diagnostic; no threshold",4ef162320e09086a16f1e130b09a507d399438740647147560f339cd2aa60069
UNRESOLVED_IMAGE,WIENER_GAUSSIAN,10.0,OFF_GRID_OOD,8,0.06742793674099183,0.14300404238913167,0.0674026289744529,499.13881057039646,0.9999999598601026,0.06710158167699973,1011.5907099079678,"x = P_level x + P_structure x, P_level the orthogonal projection onto spatially constant fields. Diagnostic; no threshold",4ef162320e09086a16f1e130b09a507d399438740647147560f339cd2aa60069
UNRESOLVED_IMAGE,LINEAR_STATE_SPACE,10.0,IN_CLASS_ID,8,0.09380882384372602,0.21264406503877348,0.07476517476632992,1.1889150621005,0.9838218863433618,0.18687912968027245,2.0646869238940777,"x = P_level x + P_structure x, P_level the orthogonal projection onto spatially constant fields. Diagnostic; no threshold",4ef162320e09086a16f1e130b09a507d399438740647147560f339cd2aa60069
UNRESOLVED_IMAGE,LINEAR_STATE_SPACE,10.0,IN_CLASS_OOD,8,0.07712877229839962,0.15555029265350592,0.07574649447861526,20.06874912299373,0.999967713750053,0.17735390848341254,118.32971814657034,"x = P_level x + P_structure x, P_level the orthogonal projection onto spatially constant fields. Diagnostic; no threshold",4ef162320e09086a16f1e130b09a507d399438740647147560f339cd2aa60069
UNRESOLVED_IMAGE,LINEAR_STATE_SPACE,10.0,OFF_GRID_ID,8,0.07880510774378861,0.21351340527131127,0.07474319789217299,2.0082215317510386,0.9949598138466409,0.18640203731597788,3.0447428876085922,"x = P_level x + P_structure x, P_level the orthogonal projection onto spatially constant fields. Diagnostic; no threshold",4ef162320e09086a16f1e130b09a507d399438740647147560f339cd2aa60069
UNRESOLVED_IMAGE,LINEAR_STATE_SPACE,10.0,OFF_GRID_OOD,8,0.07492050725694607,0.15109110193375694,0.07491387681585629,526.0708006237932,0.9999999598601026,0.17804592770743616,1890.517070514904,"x = P_level x + P_structure x, P_level the orthogonal projection onto spatially constant fields. Diagnostic; no threshold",4ef162320e09086a16f1e130b09a507d399438740647147560f339cd2aa60069
UNRESOLVED_IMAGE,TSVD,30.0,IN_CLASS_ID,8,0.1486592332394041,0.2237830661767946,0.11922803338803153,1.137704251026583,0.9838218863433618,0.46651984207845854,1.468257836139433,"x = P_level x + P_structure x, P_level the orthogonal projection onto spatially constant fields. Diagnostic; no threshold",4ef162320e09086a16f1e130b09a507d399438740647147560f339cd2aa60069
UNRESOLVED_IMAGE,TSVD,30.0,IN_CLASS_OOD,8,0.1451732281248062,0.17403668646342513,0.14150563386237183,17.759726132549417,0.999967713750053,0.4408088991488165,97.79303903129357,"x = P_level x + P_structure x, P_level the orthogonal projection onto spatially constant fields. Diagnostic; no threshold",4ef162320e09086a16f1e130b09a507d399438740647147560f339cd2aa60069
UNRESOLVED_IMAGE,TSVD,30.0,OFF_GRID_ID,8,0.135010971274647,0.2342992300183044,0.12782497013291455,1.8112252962489943,0.9949598138466409,0.44994089489063704,2.56036023040806,"x = P_level x + P_structure x, P_level the orthogonal projection onto spatially constant fields. Diagnostic; no threshold",4ef162320e09086a16f1e130b09a507d399438740647147560f339cd2aa60069
UNRESOLVED_IMAGE,TSVD,30.0,OFF_GRID_OOD,8,0.14569932083483678,0.17382348011801285,0.14564589165437478,557.010012695831,0.9999999598601026,0.4486004591888402,1563.0975133983598,"x = P_level x + P_structure x, P_level the orthogonal projection onto spatially constant fields. Diagnostic; no threshold",4ef162320e09086a16f1e130b09a507d399438740647147560f339cd2aa60069
UNRESOLVED_IMAGE,RIDGE_IDENTITY,30.0,IN_CLASS_ID,8,0.17252106824807367,0.20064400721201028,0.13954926026630257,1.0571680926596243,0.9838218863433618,0.4699686377174356,1.3654085074685804,"x = P_level x + P_structure x, P_level the orthogonal projection onto spatially constant fields. Diagnostic; no threshold",4ef162320e09086a16f1e130b09a507d399438740647147560f339cd2aa60069
UNRESOLVED_IMAGE,RIDGE_IDENTITY,30.0,IN_CLASS_OOD,8,0.15720043617500068,0.15769175395321738,0.15421674990399215,17.063030402107817,0.999967713750053,0.4641704241469796,96.25616565281892,"x = P_level x + P_structure x, P_level the orthogonal projection onto spatially constant fields. Diagnostic; no threshold",4ef162320e09086a16f1e130b09a507d399438740647147560f339cd2aa60069
UNRESOLVED_IMAGE,RIDGE_IDENTITY,30.0,OFF_GRID_ID,8,0.15158435106904516,0.21952385673144575,0.14450640160825745,1.7080083684511551,0.9949598138466409,0.46168628319959987,2.402619876657398,"x = P_level x + P_structure x, P_level the orthogonal projection onto spatially constant fields. Diagnostic; no threshold",4ef162320e09086a16f1e130b09a507d399438740647147560f339cd2aa60069
UNRESOLVED_IMAGE,RIDGE_IDENTITY,30.0,OFF_GRID_OOD,8,0.15557298141589232,0.15742096988804175,0.1554096015662016,507.85815898324154,0.9999999598601026,0.4682768021766125,1542.6687698973742,"x = P_level x + P_structure x, P_level the orthogonal projection onto spatially constant fields. Diagnostic; no threshold",4ef162320e09086a16f1e130b09a507d399438740647147560f339cd2aa60069
UNRESOLVED_IMAGE,TIKHONOV_TEMPORAL,30.0,IN_CLASS_ID,8,0.04653600405438198,0.1743293877022122,0.03848125069348614,0.9522923369889027,0.9838218863433618,0.16065806046533682,1.9964028180274613,"x = P_level x + P_structure x, P_level the orthogonal projection onto spatially constant fields. Diagnostic; no threshold",4ef162320e09086a16f1e130b09a507d399438740647147560f339cd2aa60069
UNRESOLVED_IMAGE,TIKHONOV_TEMPORAL,30.0,IN_CLASS_OOD,8,0.04507363233386033,0.1611130080445899,0.04412094123204309,18.265626038443312,0.999967713750053,0.17099331765353593,128.97341021906243,"x = P_level x + P_structure x, P_level the orthogonal projection onto spatially constant fields. Diagnostic; no threshold",4ef162320e09086a16f1e130b09a507d399438740647147560f339cd2aa60069
UNRESOLVED_IMAGE,TIKHONOV_TEMPORAL,30.0,OFF_GRID_ID,8,0.042777062587450454,0.21268452642857558,0.04077826659634204,1.8433029232247407,0.9949598138466409,0.16645566860062908,3.1783865066488954,"x = P_level x + P_structure x, P_level the orthogonal projection onto spatially constant fields. Diagnostic; no threshold",4ef162320e09086a16f1e130b09a507d399438740647147560f339cd2aa60069
UNRESOLVED_IMAGE,TIKHONOV_TEMPORAL,30.0,OFF_GRID_OOD,8,0.043630522355673496,0.15984058340796292,0.04358792899459425,498.73915747479504,0.9999999598601026,0.17105969233509047,2073.1378681130877,"x = P_level x + P_structure x, P_level the orthogonal projection onto spatially constant fields. Diagnostic; no threshold",4ef162320e09086a16f1e130b09a507d399438740647147560f339cd2aa60069
UNRESOLVED_IMAGE,WIENER_GAUSSIAN,30.0,IN_CLASS_ID,8,0.07345633257513401,0.1671545070858239,0.0625097585698807,0.818526308881429,0.9838218863433618,0.06245602551554305,0.8854162850266805,"x = P_level x + P_structure x, P_level the orthogonal projection onto spatially constant fields. Diagnostic; no threshold",4ef162320e09086a16f1e130b09a507d399438740647147560f339cd2aa60069
UNRESOLVED_IMAGE,WIENER_GAUSSIAN,30.0,IN_CLASS_OOD,8,0.06708678920231581,0.15808126149793206,0.06628845914196715,19.96124375355582,0.999967713750053,0.05526111546492214,73.35406523334191,"x = P_level x + P_structure x, P_level the orthogonal projection onto spatially constant fields. Diagnostic; no threshold",4ef162320e09086a16f1e130b09a507d399438740647147560f339cd2aa60069
UNRESOLVED_IMAGE,WIENER_GAUSSIAN,30.0,OFF_GRID_ID,8,0.07199662241184411,0.17957750113281323,0.07108947407172264,1.7795364263216737,0.9949598138466409,0.07104375053934922,1.8352932053349442,"x = P_level x + P_structure x, P_level the orthogonal projection onto spatially constant fields. Diagnostic; no threshold",4ef162320e09086a16f1e130b09a507d399438740647147560f339cd2aa60069
UNRESOLVED_IMAGE,WIENER_GAUSSIAN,30.0,OFF_GRID_OOD,8,0.07321582403280677,0.15341852347090162,0.07319571750684215,535.8779837614063,0.9999999598601026,0.07297191109848489,1086.4321561524337,"x = P_level x + P_structure x, P_level the orthogonal projection onto spatially constant fields. Diagnostic; no threshold",4ef162320e09086a16f1e130b09a507d399438740647147560f339cd2aa60069
UNRESOLVED_IMAGE,LINEAR_STATE_SPACE,30.0,IN_CLASS_ID,8,0.09037687263232841,0.1719217348614379,0.07002883000263202,0.9715432264902373,0.9838218863433618,0.1836743652439627,1.779521469039003,"x = P_level x + P_structure x, P_level the orthogonal projection onto spatially constant fields. Diagnostic; no threshold",4ef162320e09086a16f1e130b09a507d399438740647147560f339cd2aa60069
UNRESOLVED_IMAGE,LINEAR_STATE_SPACE,30.0,IN_CLASS_OOD,8,0.07194429394838778,0.10280466057022003,0.06998153344919919,12.742464583552838,0.999967713750053,0.17843226501725917,75.72677122209174,"x = P_level x + P_structure x, P_level the orthogonal projection onto spatially constant fields. Diagnostic; no threshold",4ef162320e09086a16f1e130b09a507d399438740647147560f339cd2aa60069
UNRESOLVED_IMAGE,LINEAR_STATE_SPACE,30.0,OFF_GRID_ID,8,0.07138323214293726,0.17074991119655047,0.06687145067032348,1.506687692166051,0.9949598138466409,0.18111127190843845,2.333651061652996,"x = P_level x + P_structure x, P_level the orthogonal projection onto spatially constant fields. Diagnostic; no threshold",4ef162320e09086a16f1e130b09a507d399438740647147560f339cd2aa60069
UNRESOLVED_IMAGE,LINEAR_STATE_SPACE,30.0,OFF_GRID_OOD,8,0.06658926653175173,0.09197813707400185,0.06655329560903339,336.6830032259589,0.9999999598601026,0.18282745910042142,1166.1959404060171,"x = P_level x + P_structure x, P_level the orthogonal projection onto spatially constant fields. Diagnostic; no threshold",4ef162320e09086a16f1e130b09a507d399438740647147560f339cd2aa60069
UNRESOLVED_IMAGE,TSVD,100.0,IN_CLASS_ID,8,0.10539226581044872,0.1570317508636906,0.08340694946696652,0.8786914389977989,0.9838218863433618,0.40710470320303555,1.3023654260826023,"x = P_level x + P_structure x, P_level the orthogonal projection onto spatially constant fields. Diagnostic; no threshold",4ef162320e09086a16f1e130b09a507d399438740647147560f339cd2aa60069
UNRESOLVED_IMAGE,TSVD,100.0,IN_CLASS_OOD,8,0.08953604994037226,0.12644615999247338,0.08817879315327373,13.206411641117448,0.999967713750053,0.4223405575755649,86.6246049457666,"x = P_level x + P_structure x, P_level the orthogonal projection onto spatially constant fields. Diagnostic; no threshold",4ef162320e09086a16f1e130b09a507d399438740647147560f339cd2aa60069
UNRESOLVED_IMAGE,TSVD,100.0,OFF_GRID_ID,8,0.08787206713805162,0.19485557501318668,0.08305502946786217,1.4112602140374442,0.9949598138466409,0.4160004460323039,2.3260751187736544,"x = P_level x + P_structure x, P_level the orthogonal projection onto spatially constant fields. Diagnostic; no threshold",4ef162320e09086a16f1e130b09a507d399438740647147560f339cd2aa60069
UNRESOLVED_IMAGE,TSVD,100.0,OFF_GRID_OOD,8,0.08987249941385708,0.1259922058356277,0.0898839089623803,364.1723058917319,0.9999999598601026,0.4306258775211155,1452.7998247234377,"x = P_level x + P_structure x, P_level the orthogonal projection onto spatially constant fields. Diagnostic; no threshold",4ef162320e09086a16f1e130b09a507d399438740647147560f339cd2aa60069
UNRESOLVED_IMAGE,RIDGE_IDENTITY,100.0,IN_CLASS_ID,8,0.09171933843306052,0.15184827187075176,0.07186882943570508,0.8397132358078435,0.9838218863433618,0.3859437736086727,1.2719501557965525,"x = P_level x + P_structure x, P_level the orthogonal projection onto spatially constant fields. Diagnostic; no threshold",4ef162320e09086a16f1e130b09a507d399438740647147560f339cd2aa60069
UNRESOLVED_IMAGE,RIDGE_IDENTITY,100.0,IN_CLASS_OOD,8,0.07807848815132859,0.12717726108057745,0.07735535902763271,12.667918458789995,0.999967713750053,0.39021729148285056,91.57857199757943,"x = P_level x + P_structure x, P_level the orthogonal projection onto spatially constant fields. Diagnostic; no threshold",4ef162320e09086a16f1e130b09a507d399438740647147560f339cd2aa60069
UNRESOLVED_IMAGE,RIDGE_IDENTITY,100.0,OFF_GRID_ID,8,0.07706684420247328,0.19679425590660304,0.07342049757518909,1.3511645116845776,0.9949598138466409,0.3888779946179145,2.3463609938123584,"x = P_level x + P_structure x, P_level the orthogonal projection onto spatially constant fields. Diagnostic; no threshold",4ef162320e09086a16f1e130b09a507d399438740647147560f339cd2aa60069
UNRESOLVED_IMAGE,RIDGE_IDENTITY,100.0,OFF_GRID_OOD,8,0.07917201632607282,0.12719492726039067,0.07917733662403037,337.1056938507768,0.9999999598601026,0.3965899322963131,1509.003345996401,"x = P_level x + P_structure x, P_level the orthogonal projection onto spatially constant fields. Diagnostic; no threshold",4ef162320e09086a16f1e130b09a507d399438740647147560f339cd2aa60069
UNRESOLVED_IMAGE,TIKHONOV_TEMPORAL,100.0,IN_CLASS_ID,8,0.028429535848294323,0.09168100829780466,0.02305563414755297,0.5540721659317034,0.9838218863433618,0.141735288830545,1.5428328765134487,"x = P_level x + P_structure x, P_level the orthogonal projection onto spatially constant fields. Diagnostic; no threshold",4ef162320e09086a16f1e130b09a507d399438740647147560f339cd2aa60069
UNRESOLVED_IMAGE,TIKHONOV_TEMPORAL,100.0,IN_CLASS_OOD,8,0.026768546611406825,0.07948794827418146,0.02615312251735912,9.770211713742695,0.999967713750053,0.13610951975083543,89.04255722920612,"x = P_level x + P_structure x, P_level the orthogonal projection onto spatially constant fields. Diagnostic; no threshold",4ef162320e09086a16f1e130b09a507d399438740647147560f339cd2aa60069
UNRESOLVED_IMAGE,TIKHONOV_TEMPORAL,100.0,OFF_GRID_ID,8,0.025375682751606364,0.15150391311272313,0.02418071624141503,1.1998692395557322,0.9949598138466409,0.1370343807314437,2.3117095458118433,"x = P_level x + P_structure x, P_level the orthogonal projection onto spatially constant fields. Diagnostic; no threshold",4ef162320e09086a16f1e130b09a507d399438740647147560f339cd2aa60069
UNRESOLVED_IMAGE,TIKHONOV_TEMPORAL,100.0,OFF_GRID_OOD,8,0.025764948669969666,0.0778130195702916,0.025757841030669755,250.9017365597083,0.9999999598601026,0.13727237014858165,1455.7661870138627,"x = P_level x + P_structure x, P_level the orthogonal projection onto spatially constant fields. Diagnostic; no threshold",4ef162320e09086a16f1e130b09a507d399438740647147560f339cd2aa60069
UNRESOLVED_IMAGE,WIENER_GAUSSIAN,100.0,IN_CLASS_ID,8,0.07528162603448635,0.1706607049158167,0.0637785772426368,0.8326299877005088,0.9838218863433618,0.0637369576330618,0.8983664633402384,"x = P_level x + P_structure x, P_level the orthogonal projection onto spatially constant fields. Diagnostic; no threshold",4ef162320e09086a16f1e130b09a507d399438740647147560f339cd2aa60069
UNRESOLVED_IMAGE,WIENER_GAUSSIAN,100.0,IN_CLASS_OOD,8,0.06839389778228844,0.16169036757066926,0.06774175735151756,20.472016911704955,0.999967713750053,0.05732024894369554,74.8389025925236,"x = P_level x + P_structure x, P_level the orthogonal projection onto spatially constant fields. Diagnostic; no threshold",4ef162320e09086a16f1e130b09a507d399438740647147560f339cd2aa60069
UNRESOLVED_IMAGE,WIENER_GAUSSIAN,100.0,OFF_GRID_ID,8,0.0739659642202394,0.1826848300727827,0.07290616361958191,1.8090590805517226,0.9949598138466409,0.07285091438182319,1.8687638503498007,"x = P_level x + P_structure x, P_level the orthogonal projection onto spatially constant fields. Diagnostic; no threshold",4ef162320e09086a16f1e130b09a507d399438740647147560f339cd2aa60069
UNRESOLVED_IMAGE,WIENER_GAUSSIAN,100.0,OFF_GRID_OOD,8,0.07491200232608644,0.15719310460699537,0.07489088733125877,549.3750346215035,0.9999999598601026,0.07469023402892142,1112.476728656849,"x = P_level x + P_structure x, P_level the orthogonal projection onto spatially constant fields. Diagnostic; no threshold",4ef162320e09086a16f1e130b09a507d399438740647147560f339cd2aa60069
UNRESOLVED_IMAGE,LINEAR_STATE_SPACE,100.0,IN_CLASS_ID,8,0.09045155226665526,0.16747824259403415,0.06970149884779708,0.933712037942187,0.9838218863433618,0.18193958771370014,1.7259182634600114,"x = P_level x + P_structure x, P_level the orthogonal projection onto spatially constant fields. Diagnostic; no threshold",4ef162320e09086a16f1e130b09a507d399438740647147560f339cd2aa60069
UNRESOLVED_IMAGE,LINEAR_STATE_SPACE,100.0,IN_CLASS_OOD,8,0.07097450973388865,0.09871381774753085,0.06956026231041029,11.460579042444259,0.999967713750053,0.17607639920904608,74.7543775534952,"x = P_level x + P_structure x, P_level the orthogonal projection onto spatially constant fields. Diagnostic; no threshold",4ef162320e09086a16f1e130b09a507d399438740647147560f339cd2aa60069
UNRESOLVED_IMAGE,LINEAR_STATE_SPACE,100.0,OFF_GRID_ID,8,0.06715497947755028,0.16309286595852643,0.06258171398261839,1.420313914723411,0.9949598138466409,0.17776326467379844,2.229237240668416,"x = P_level x + P_structure x, P_level the orthogonal projection onto spatially constant fields. Diagnostic; no threshold",4ef162320e09086a16f1e130b09a507d399438740647147560f339cd2aa60069
UNRESOLVED_IMAGE,LINEAR_STATE_SPACE,100.0,OFF_GRID_OOD,8,0.059190211522555346,0.08834845861576437,0.05918339575362159,306.32590093599794,0.9999999598601026,0.1756154536360422,1079.8131424355497,"x = P_level x + P_structure x, P_level the orthogonal projection onto spatially constant fields. Diagnostic; no threshold",4ef162320e09086a16f1e130b09a507d399438740647147560f339cd2aa60069
UNRESOLVED_IMAGE,TSVD,300.0,IN_CLASS_ID,8,0.02682074817070711,0.10531544649829111,0.02218380231985772,0.5985327581529044,0.9838218863433618,0.2912713514682682,1.3417045558737273,"x = P_level x + P_structure x, P_level the orthogonal projection onto spatially constant fields. Diagnostic; no threshold",4ef162320e09086a16f1e130b09a507d399438740647147560f339cd2aa60069
UNRESOLVED_IMAGE,TSVD,300.0,IN_CLASS_OOD,8,0.024079091705468892,0.09638652158000954,0.023630921277200657,7.931999709637651,0.999967713750053,0.2987666241861654,101.59371514042914,"x = P_level x + P_structure x, P_level the orthogonal projection onto spatially constant fields. Diagnostic; no threshold",4ef162320e09086a16f1e130b09a507d399438740647147560f339cd2aa60069
UNRESOLVED_IMAGE,TSVD,300.0,OFF_GRID_ID,8,0.025210385832396147,0.19884669607965977,0.024137497604623314,1.1888582008037885,0.9949598138466409,0.2991874611936328,2.5197360314343404,"x = P_level x + P_structure x, P_level the orthogonal projection onto spatially constant fields. Diagnostic; no threshold",4ef162320e09086a16f1e130b09a507d399438740647147560f339cd2aa60069
UNRESOLVED_IMAGE,TSVD,300.0,OFF_GRID_OOD,8,0.02382452510578468,0.09552049117312549,0.02382225878208736,234.57832927702538,0.9999999598601026,0.30535983495065655,1701.5710797409824,"x = P_level x + P_structure x, P_level the orthogonal projection onto spatially constant fields. Diagnostic; no threshold",4ef162320e09086a16f1e130b09a507d399438740647147560f339cd2aa60069
UNRESOLVED_IMAGE,RIDGE_IDENTITY,300.0,IN_CLASS_ID,8,0.038022285110339574,0.09769034655326064,0.030520969228820465,0.5768667666486147,0.9838218863433618,0.3029329633304398,1.2445089670939726,"x = P_level x + P_structure x, P_level the orthogonal projection onto spatially constant fields. Diagnostic; no threshold",4ef162320e09086a16f1e130b09a507d399438740647147560f339cd2aa60069
UNRESOLVED_IMAGE,RIDGE_IDENTITY,300.0,IN_CLASS_OOD,8,0.03269272111164251,0.0915674242916642,0.03164068905451853,7.598164001547111,0.999967713750053,0.31651011089427356,93.90436860337806,"x = P_level x + P_structure x, P_level the orthogonal projection onto spatially constant fields. Diagnostic; no threshold",4ef162320e09086a16f1e130b09a507d399438740647147560f339cd2aa60069
UNRESOLVED_IMAGE,RIDGE_IDENTITY,300.0,OFF_GRID_ID,8,0.03256356145573189,0.19184118227335936,0.03084917863805115,1.1390028271561372,0.9949598138466409,0.3089529692071227,2.3319045863006664,"x = P_level x + P_structure x, P_level the orthogonal projection onto spatially constant fields. Diagnostic; no threshold",4ef162320e09086a16f1e130b09a507d399438740647147560f339cd2aa60069
UNRESOLVED_IMAGE,RIDGE_IDENTITY,300.0,OFF_GRID_OOD,8,0.032746879385627634,0.09221636227932148,0.032735022218521925,218.36204736638726,0.9999999598601026,0.31941737543092696,1527.0023650060057,"x = P_level x + P_structure x, P_level the orthogonal projection onto spatially constant fields. Diagnostic; no threshold",4ef162320e09086a16f1e130b09a507d399438740647147560f339cd2aa60069
UNRESOLVED_IMAGE,TIKHONOV_TEMPORAL,300.0,IN_CLASS_ID,8,0.019829240349481917,0.0684664371928406,0.016012760127168693,0.39864376094286336,0.9838218863433618,0.1425247100853302,1.5454487374802555,"x = P_level x + P_structure x, P_level the orthogonal projection onto spatially constant fields. Diagnostic; no threshold",4ef162320e09086a16f1e130b09a507d399438740647147560f339cd2aa60069
UNRESOLVED_IMAGE,TIKHONOV_TEMPORAL,300.0,IN_CLASS_OOD,8,0.017833673583855764,0.060210802976145596,0.01750136685202172,5.9137316081843085,0.999967713750053,0.132669666306225,90.85372017269701,"x = P_level x + P_structure x, P_level the orthogonal projection onto spatially constant fields. Diagnostic; no threshold",4ef162320e09086a16f1e130b09a507d399438740647147560f339cd2aa60069
UNRESOLVED_IMAGE,TIKHONOV_TEMPORAL,300.0,OFF_GRID_ID,8,0.017974501466854437,0.14558922785535527,0.017078701994171545,1.0351840575168918,0.9949598138466409,0.13553416295830722,2.396585318359798,"x = P_level x + P_structure x, P_level the orthogonal projection onto spatially constant fields. Diagnostic; no threshold",4ef162320e09086a16f1e130b09a507d399438740647147560f339cd2aa60069
UNRESOLVED_IMAGE,TIKHONOV_TEMPORAL,300.0,OFF_GRID_OOD,8,0.01803334210019332,0.06170118268953964,0.018033965883420475,176.4715940839608,0.9999999598601026,0.12855869298932426,1579.0165901490984,"x = P_level x + P_structure x, P_level the orthogonal projection onto spatially constant fields. Diagnostic; no threshold",4ef162320e09086a16f1e130b09a507d399438740647147560f339cd2aa60069
UNRESOLVED_IMAGE,WIENER_GAUSSIAN,300.0,IN_CLASS_ID,8,0.07580848927792389,0.17166164649358528,0.06417117061868464,0.8362945568286708,0.9838218863433618,0.06412960954980099,0.9015390161442121,"x = P_level x + P_structure x, P_level the orthogonal projection onto spatially constant fields. Diagnostic; no threshold",4ef162320e09086a16f1e130b09a507d399438740647147560f339cd2aa60069
UNRESOLVED_IMAGE,WIENER_GAUSSIAN,300.0,IN_CLASS_OOD,8,0.06886888392077108,0.16276798633462328,0.0680295114772562,20.60040743161404,0.999967713750053,0.05772499649703158,75.25563659690081,"x = P_level x + P_structure x, P_level the orthogonal projection onto spatially constant fields. Diagnostic; no threshold",4ef162320e09086a16f1e130b09a507d399438740647147560f339cd2aa60069
UNRESOLVED_IMAGE,WIENER_GAUSSIAN,300.0,OFF_GRID_ID,8,0.07445680972439034,0.183571384790994,0.07343939879280895,1.8180790593440967,0.9949598138466409,0.073338790488763,1.8781976629121404,"x = P_level x + P_structure x, P_level the orthogonal projection onto spatially constant fields. Diagnostic; no threshold",4ef162320e09086a16f1e130b09a507d399438740647147560f339cd2aa60069
UNRESOLVED_IMAGE,WIENER_GAUSSIAN,300.0,OFF_GRID_OOD,8,0.07540663890163118,0.15831282373220104,0.07539526394832743,553.2646073140791,0.9999999598601026,0.07516264342094398,1120.1938814215268,"x = P_level x + P_structure x, P_level the orthogonal projection onto spatially constant fields. Diagnostic; no threshold",4ef162320e09086a16f1e130b09a507d399438740647147560f339cd2aa60069
UNRESOLVED_IMAGE,LINEAR_STATE_SPACE,300.0,IN_CLASS_ID,8,0.09097755351154738,0.16579082530431655,0.06885572876317231,0.9294000255302162,0.9838218863433618,0.18135444757926378,1.7287208587002065,"x = P_level x + P_structure x, P_level the orthogonal projection onto spatially constant fields. Diagnostic; no threshold",4ef162320e09086a16f1e130b09a507d399438740647147560f339cd2aa60069
UNRESOLVED_IMAGE,LINEAR_STATE_SPACE,300.0,IN_CLASS_OOD,8,0.07150136606378373,0.09675765311524792,0.06953806513917482,11.239557465613952,0.999967713750053,0.17465693261565562,74.27343483002025,"x = P_level x + P_structure x, P_level the orthogonal projection onto spatially constant fields. Diagnostic; no threshold",4ef162320e09086a16f1e130b09a507d399438740647147560f339cd2aa60069
UNRESOLVED_IMAGE,LINEAR_STATE_SPACE,300.0,OFF_GRID_ID,8,0.0673200231053491,0.16144539451333312,0.06172791820790121,1.4150915029879383,0.9949598138466409,0.17721674372977514,2.223662544331675,"x = P_level x + P_structure x, P_level the orthogonal projection onto spatially constant fields. Diagnostic; no threshold",4ef162320e09086a16f1e130b09a507d399438740647147560f339cd2aa60069
UNRESOLVED_IMAGE,LINEAR_STATE_SPACE,300.0,OFF_GRID_OOD,8,0.058152162954941404,0.08892475816469408,0.05814805294896731,305.91497669038483,0.9999999598601026,0.17612267451855507,1048.5632341123414,"x = P_level x + P_structure x, P_level the orthogonal projection onto spatially constant fields. Diagnostic; no threshold",4ef162320e09086a16f1e130b09a507d399438740647147560f339cd2aa60069
UNRESOLVED_IMAGE,TSVD,1000.0,IN_CLASS_ID,8,0.014506230805793476,0.05443399253285557,0.011515285952394799,0.32111740341429595,0.9838218863433618,0.2405453823425679,1.1516694355554202,"x = P_level x + P_structure x, P_level the orthogonal projection onto spatially constant fields. Diagnostic; no threshold",4ef162320e09086a16f1e130b09a507d399438740647147560f339cd2aa60069
UNRESOLVED_IMAGE,TSVD,1000.0,IN_CLASS_OOD,8,0.01206588828454707,0.05183800541261829,0.011760818470052847,4.000239308352637,0.999967713750053,0.2361591179073707,75.44668622276957,"x = P_level x + P_structure x, P_level the orthogonal projection onto spatially constant fields. Diagnostic; no threshold",4ef162320e09086a16f1e130b09a507d399438740647147560f339cd2aa60069
UNRESOLVED_IMAGE,TSVD,1000.0,OFF_GRID_ID,8,0.012670751575810463,0.1625878294605256,0.012156283090071413,0.9631127421678625,0.9949598138466409,0.23108092725685042,1.9740569988805308,"x = P_level x + P_structure x, P_level the orthogonal projection onto spatially constant fields. Diagnostic; no threshold",4ef162320e09086a16f1e130b09a507d399438740647147560f339cd2aa60069
UNRESOLVED_IMAGE,TSVD,1000.0,OFF_GRID_OOD,8,0.011815384780104124,0.053336256729087504,0.011753349212515338,116.49551897046922,0.9999999598601026,0.24016017545173635,1254.6565363029163,"x = P_level x + P_structure x, P_level the orthogonal projection onto spatially constant fields. Diagnostic; no threshold",4ef162320e09086a16f1e130b09a507d399438740647147560f339cd2aa60069
UNRESOLVED_IMAGE,RIDGE_IDENTITY,1000.0,IN_CLASS_ID,8,0.012093920194782417,0.054228210756359696,0.009735532452889068,0.3168070087810976,0.9838218863433618,0.17314286578775498,1.1624329184186912,"x = P_level x + P_structure x, P_level the orthogonal projection onto spatially constant fields. Diagnostic; no threshold",4ef162320e09086a16f1e130b09a507d399438740647147560f339cd2aa60069
UNRESOLVED_IMAGE,RIDGE_IDENTITY,1000.0,IN_CLASS_OOD,8,0.010141838062307392,0.05344710841770174,0.009978952516750114,4.236256416406516,0.999967713750053,0.1728566080127234,87.34056589942686,"x = P_level x + P_structure x, P_level the orthogonal projection onto spatially constant fields. Diagnostic; no threshold",4ef162320e09086a16f1e130b09a507d399438740647147560f339cd2aa60069
UNRESOLVED_IMAGE,RIDGE_IDENTITY,1000.0,OFF_GRID_ID,8,0.011033741805349835,0.16721053439434136,0.010479737852114819,0.971641382309661,0.9949598138466409,0.16916391263704128,2.186856077553626,"x = P_level x + P_structure x, P_level the orthogonal projection onto spatially constant fields. Diagnostic; no threshold",4ef162320e09086a16f1e130b09a507d399438740647147560f339cd2aa60069
UNRESOLVED_IMAGE,RIDGE_IDENTITY,1000.0,OFF_GRID_OOD,8,0.010064355682157307,0.054850219216488943,0.010062777166186901,124.01317664728084,0.9999999598601026,0.17476076726978018,1535.9367206156012,"x = P_level x + P_structure x, P_level the orthogonal projection onto spatially constant fields. Diagnostic; no threshold",4ef162320e09086a16f1e130b09a507d399438740647147560f339cd2aa60069
UNRESOLVED_IMAGE,TIKHONOV_TEMPORAL,1000.0,IN_CLASS_ID,8,0.009350682453104886,0.04458419554208902,0.007443704186204617,0.26690934905310965,0.9838218863433618,0.17624530191538978,1.5980647415287446,"x = P_level x + P_structure x, P_level the orthogonal projection onto spatially constant fields. Diagnostic; no threshold",4ef162320e09086a16f1e130b09a507d399438740647147560f339cd2aa60069
UNRESOLVED_IMAGE,TIKHONOV_TEMPORAL,1000.0,IN_CLASS_OOD,8,0.00902870637340605,0.04438701863143951,0.008840766319912157,3.72879343503954,0.999967713750053,0.17288231552242983,110.89216771192523,"x = P_level x + P_structure x, P_level the orthogonal projection onto spatially constant fields. Diagnostic; no threshold",4ef162320e09086a16f1e130b09a507d399438740647147560f339cd2aa60069
UNRESOLVED_IMAGE,TIKHONOV_TEMPORAL,1000.0,OFF_GRID_ID,8,0.008671322860072854,0.15521649120406722,0.008351889066847303,0.9435749378483522,0.9949598138466409,0.17318321478561727,2.7697115571015845,"x = P_level x + P_structure x, P_level the orthogonal projection onto spatially constant fields. Diagnostic; no threshold",4ef162320e09086a16f1e130b09a507d399438740647147560f339cd2aa60069
UNRESOLVED_IMAGE,TIKHONOV_TEMPORAL,1000.0,OFF_GRID_OOD,8,0.00889058978787131,0.04657615093851385,0.008883601967135588,105.30066325930031,0.9999999598601026,0.16707312143338837,1922.9530243264257,"x = P_level x + P_structure x, P_level the orthogonal projection onto spatially constant fields. Diagnostic; no threshold",4ef162320e09086a16f1e130b09a507d399438740647147560f339cd2aa60069
UNRESOLVED_IMAGE,WIENER_GAUSSIAN,1000.0,IN_CLASS_ID,8,0.07599427817221059,0.1719957957060509,0.06432924303448578,0.8379114336902664,0.9838218863433618,0.06429591027518075,0.9027766786931357,"x = P_level x + P_structure x, P_level the orthogonal projection onto spatially constant fields. Diagnostic; no threshold",4ef162320e09086a16f1e130b09a507d399438740647147560f339cd2aa60069
UNRESOLVED_IMAGE,WIENER_GAUSSIAN,1000.0,IN_CLASS_OOD,8,0.06903937962911195,0.1631313393322837,0.06820942275897662,20.648016806225556,0.999967713750053,0.05786938601241347,75.39772976037975,"x = P_level x + P_structure x, P_level the orthogonal projection onto spatially constant fields. Diagnostic; no threshold",4ef162320e09086a16f1e130b09a507d399438740647147560f339cd2aa60069
UNRESOLVED_IMAGE,WIENER_GAUSSIAN,1000.0,OFF_GRID_ID,8,0.07463939858925744,0.18389735304622262,0.07357585866091021,1.8212505368910406,0.9949598138466409,0.0734667810224465,1.881180110219736,"x = P_level x + P_structure x, P_level the orthogonal projection onto spatially constant fields. Diagnostic; no threshold",4ef162320e09086a16f1e130b09a507d399438740647147560f339cd2aa60069
UNRESOLVED_IMAGE,WIENER_GAUSSIAN,1000.0,OFF_GRID_OOD,8,0.07560467576663424,0.15867890019486858,0.07559071966744899,554.5957737433621,0.9999999598601026,0.07533821723119757,1122.7248461856075,"x = P_level x + P_structure x, P_level the orthogonal projection onto spatially constant fields. Diagnostic; no threshold",4ef162320e09086a16f1e130b09a507d399438740647147560f339cd2aa60069
UNRESOLVED_IMAGE,LINEAR_STATE_SPACE,1000.0,IN_CLASS_ID,8,0.09105847017105956,0.1655856325665221,0.06907121222644859,0.9299594969081144,0.9838218863433618,0.1811843254580603,1.72124568906111,"x = P_level x + P_structure x, P_level the orthogonal projection onto spatially constant fields. Diagnostic; no threshold",4ef162320e09086a16f1e130b09a507d399438740647147560f339cd2aa60069
UNRESOLVED_IMAGE,LINEAR_STATE_SPACE,1000.0,IN_CLASS_OOD,8,0.07114183503580895,0.09733922136116674,0.06996514558525338,11.027397309473509,0.999967713750053,0.17508426252358078,73.66465295406861,"x = P_level x + P_structure x, P_level the orthogonal projection onto spatially constant fields. Diagnostic; no threshold",4ef162320e09086a16f1e130b09a507d399438740647147560f339cd2aa60069
UNRESOLVED_IMAGE,LINEAR_STATE_SPACE,1000.0,OFF_GRID_ID,8,0.06649491214639769,0.1615456807597475,0.06153700191682422,1.4104782109132659,0.9949598138466409,0.17724195899699524,2.2206231696352416,"x = P_level x + P_structure x, P_level the orthogonal projection onto spatially constant fields. Diagnostic; no threshold",4ef162320e09086a16f1e130b09a507d399438740647147560f339cd2aa60069
UNRESOLVED_IMAGE,LINEAR_STATE_SPACE,1000.0,OFF_GRID_OOD,8,0.05832191774375964,0.08946194693475484,0.05832085176854157,305.27169120291535,0.9999999598601026,0.17634092210709534,1044.1759166458098,"x = P_level x + P_structure x, P_level the orthogonal projection onto spatially constant fields. Diagnostic; no threshold",4ef162320e09086a16f1e130b09a507d399438740647147560f339cd2aa60069
UNRESOLVED_IMAGE,TSVD,3000.0,IN_CLASS_ID,8,0.00598069611271548,0.025063744736277448,0.0048274434305782665,0.14589547634437167,0.9838218863433618,0.10767521323748008,0.888640701281513,"x = P_level x + P_structure x, P_level the orthogonal projection onto spatially constant fields. Diagnostic; no threshold",4ef162320e09086a16f1e130b09a507d399438740647147560f339cd2aa60069
UNRESOLVED_IMAGE,TSVD,3000.0,IN_CLASS_OOD,8,0.005680687145958726,0.02475031132423782,0.005633398839507694,1.9862111879765405,0.999967713750053,0.11906099213753335,61.33095255233518,"x = P_level x + P_structure x, P_level the orthogonal projection onto spatially constant fields. Diagnostic; no threshold",4ef162320e09086a16f1e130b09a507d399438740647147560f339cd2aa60069
UNRESOLVED_IMAGE,TSVD,3000.0,OFF_GRID_ID,8,0.0054775419072709336,0.14106901559055182,0.005164369946326561,0.8833149723930513,0.9949598138466409,0.10993560525990892,1.5629494651446902,"x = P_level x + P_structure x, P_level the orthogonal projection onto spatially constant fields. Diagnostic; no threshold",4ef162320e09086a16f1e130b09a507d399438740647147560f339cd2aa60069
UNRESOLVED_IMAGE,TSVD,3000.0,OFF_GRID_OOD,8,0.0055855594522558095,0.028139816577899584,0.005584350752999433,53.376636644844936,0.9999999598601026,0.11973239737782651,997.1716160120459,"x = P_level x + P_structure x, P_level the orthogonal projection onto spatially constant fields. Diagnostic; no threshold",4ef162320e09086a16f1e130b09a507d399438740647147560f339cd2aa60069
UNRESOLVED_IMAGE,RIDGE_IDENTITY,3000.0,IN_CLASS_ID,8,0.006596225722630312,0.024367865744762452,0.005340473210107756,0.14614115022590032,0.9838218863433618,0.13092664309797658,0.9174092154680504,"x = P_level x + P_structure x, P_level the orthogonal projection onto spatially constant fields. Diagnostic; no threshold",4ef162320e09086a16f1e130b09a507d399438740647147560f339cd2aa60069
UNRESOLVED_IMAGE,RIDGE_IDENTITY,3000.0,IN_CLASS_OOD,8,0.005328106254137816,0.02273269981398108,0.005233852111408444,1.8387942369132917,0.999967713750053,0.13433405703151943,62.13890588156748,"x = P_level x + P_structure x, P_level the orthogonal projection onto spatially constant fields. Diagnostic; no threshold",4ef162320e09086a16f1e130b09a507d399438740647147560f339cd2aa60069
UNRESOLVED_IMAGE,RIDGE_IDENTITY,3000.0,OFF_GRID_ID,8,0.005757970176544846,0.14716713195398695,0.005392798914269156,0.8837217537358635,0.9949598138466409,0.1336159839554249,1.6428112897760916,"x = P_level x + P_structure x, P_level the orthogonal projection onto spatially constant fields. Diagnostic; no threshold",4ef162320e09086a16f1e130b09a507d399438740647147560f339cd2aa60069
UNRESOLVED_IMAGE,RIDGE_IDENTITY,3000.0,OFF_GRID_OOD,8,0.005299580187644611,0.027647616238189596,0.005295824124158325,47.54395565919725,0.9999999598601026,0.13707757721889138,979.5972418696674,"x = P_level x + P_structure x, P_level the orthogonal projection onto spatially constant fields. Diagnostic; no threshold",4ef162320e09086a16f1e130b09a507d399438740647147560f339cd2aa60069
UNRESOLVED_IMAGE,TIKHONOV_TEMPORAL,3000.0,IN_CLASS_ID,8,0.0052177181891592175,0.01987461783382947,0.004227458161673754,0.12178119499556414,0.9838218863433618,0.18202094466694224,1.3073368616554712,"x = P_level x + P_structure x, P_level the orthogonal projection onto spatially constant fields. Diagnostic; no threshold",4ef162320e09086a16f1e130b09a507d399438740647147560f339cd2aa60069
UNRESOLVED_IMAGE,TIKHONOV_TEMPORAL,3000.0,IN_CLASS_OOD,8,0.005203877449523119,0.017694594049711354,0.005050328207285857,1.5971701239596654,0.999967713750053,0.19696555258498027,85.05887392955974,"x = P_level x + P_structure x, P_level the orthogonal projection onto spatially constant fields. Diagnostic; no threshold",4ef162320e09086a16f1e130b09a507d399438740647147560f339cd2aa60069
UNRESOLVED_IMAGE,TIKHONOV_TEMPORAL,3000.0,OFF_GRID_ID,8,0.004925838109507462,0.13669134544897182,0.004658446394574392,0.8793947058371683,0.9949598138466409,0.18896394283679843,2.2647640394570896,"x = P_level x + P_structure x, P_level the orthogonal projection onto spatially constant fields. Diagnostic; no threshold",4ef162320e09086a16f1e130b09a507d399438740647147560f339cd2aa60069
UNRESOLVED_IMAGE,TIKHONOV_TEMPORAL,3000.0,OFF_GRID_OOD,8,0.005118393562400366,0.023608074408506187,0.0051182734860413396,43.51670485670962,0.9999999598601026,0.18801234802271644,1482.8382467193883,"x = P_level x + P_structure x, P_level the orthogonal projection onto spatially constant fields. Diagnostic; no threshold",4ef162320e09086a16f1e130b09a507d399438740647147560f339cd2aa60069
UNRESOLVED_IMAGE,WIENER_GAUSSIAN,3000.0,IN_CLASS_ID,8,0.07603203242425995,0.17210355640983915,0.06438299291988601,0.8382905869197602,0.9838218863433618,0.06435162622110985,0.9033164188549905,"x = P_level x + P_structure x, P_level the orthogonal projection onto spatially constant fields. Diagnostic; no threshold",4ef162320e09086a16f1e130b09a507d399438740647147560f339cd2aa60069
UNRESOLVED_IMAGE,WIENER_GAUSSIAN,3000.0,IN_CLASS_OOD,8,0.06908384738440332,0.16322053006135456,0.06824461191002337,20.66101824250542,0.999967713750053,0.05795111906325776,75.44336160563785,"x = P_level x + P_structure x, P_level the orthogonal projection onto spatially constant fields. Diagnostic; no threshold",4ef162320e09086a16f1e130b09a507d399438740647147560f339cd2aa60069
UNRESOLVED_IMAGE,WIENER_GAUSSIAN,3000.0,OFF_GRID_ID,8,0.07469299079003876,0.18398983649826445,0.07364248369333787,1.8219531206006025,0.9949598138466409,0.0735370726119597,1.8821749441174678,"x = P_level x + P_structure x, P_level the orthogonal projection onto spatially constant fields. Diagnostic; no threshold",4ef162320e09086a16f1e130b09a507d399438740647147560f339cd2aa60069
UNRESOLVED_IMAGE,WIENER_GAUSSIAN,3000.0,OFF_GRID_OOD,8,0.07565326430176761,0.15878848266486545,0.07563977933483257,554.9571788303166,0.9999999598601026,0.07537740087783176,1123.5031964028335,"x = P_level x + P_structure x, P_level the orthogonal projection onto spatially constant fields. Diagnostic; no threshold",4ef162320e09086a16f1e130b09a507d399438740647147560f339cd2aa60069
UNRESOLVED_IMAGE,LINEAR_STATE_SPACE,3000.0,IN_CLASS_ID,8,0.09105698324200756,0.16582622031359678,0.06895208571792988,0.9283528333913729,0.9838218863433618,0.1811136722364255,1.723503537312196,"x = P_level x + P_structure x, P_level the orthogonal projection onto spatially constant fields. Diagnostic; no threshold",4ef162320e09086a16f1e130b09a507d399438740647147560f339cd2aa60069
UNRESOLVED_IMAGE,LINEAR_STATE_SPACE,3000.0,IN_CLASS_OOD,8,0.07114463702398721,0.09753426883288308,0.06979037837367025,11.083348865637344,0.999967713750053,0.1752387372308597,73.7788026223424,"x = P_level x + P_structure x, P_level the orthogonal projection onto spatially constant fields. Diagnostic; no threshold",4ef162320e09086a16f1e130b09a507d399438740647147560f339cd2aa60069
UNRESOLVED_IMAGE,LINEAR_STATE_SPACE,3000.0,OFF_GRID_ID,8,0.06658603303056038,0.1615450550339294,0.06150627242227345,1.4104390681997376,0.9949598138466409,0.17731066451375518,2.2201556413185823,"x = P_level x + P_structure x, P_level the orthogonal projection onto spatially constant fields. Diagnostic; no threshold",4ef162320e09086a16f1e130b09a507d399438740647147560f339cd2aa60069
UNRESOLVED_IMAGE,LINEAR_STATE_SPACE,3000.0,OFF_GRID_OOD,8,0.05824991734678846,0.08964632389428681,0.058240280456119856,305.6460080472726,0.9999999598601026,0.17623195554773807,1042.2720504794083,"x = P_level x + P_structure x, P_level the orthogonal projection onto spatially constant fields. Diagnostic; no threshold",4ef162320e09086a16f1e130b09a507d399438740647147560f339cd2aa60069
UNRESOLVED_IMAGE,TSVD,10000.0,IN_CLASS_ID,8,0.002303320896385842,0.011922335033614843,0.0018287218909763957,0.07284099434055369,0.9838218863433618,0.028933528975824456,0.7428905979963575,"x = P_level x + P_structure x, P_level the orthogonal projection onto spatially constant fields. Diagnostic; no threshold",4ef162320e09086a16f1e130b09a507d399438740647147560f339cd2aa60069
UNRESOLVED_IMAGE,TSVD,10000.0,IN_CLASS_OOD,8,0.002045048878388752,0.01196920375882137,0.001997741777722678,1.0093659398548316,0.999967713750053,0.03419186937386407,56.137913635846374,"x = P_level x + P_structure x, P_level the orthogonal projection onto spatially constant fields. Diagnostic; no threshold",4ef162320e09086a16f1e130b09a507d399438740647147560f339cd2aa60069
UNRESOLVED_IMAGE,TSVD,10000.0,OFF_GRID_ID,8,0.0022934773851703985,0.1352625703836104,0.002203758086468886,0.8671168711614997,0.9949598138466409,0.03136583726325906,1.512143755341875,"x = P_level x + P_structure x, P_level the orthogonal projection onto spatially constant fields. Diagnostic; no threshold",4ef162320e09086a16f1e130b09a507d399438740647147560f339cd2aa60069
UNRESOLVED_IMAGE,TSVD,10000.0,OFF_GRID_OOD,8,0.0020488390632662423,0.01838805467323716,0.0020487294648542705,28.67744437837335,0.9999999598601026,0.034902783409432314,956.1187440690032,"x = P_level x + P_structure x, P_level the orthogonal projection onto spatially constant fields. Diagnostic; no threshold",4ef162320e09086a16f1e130b09a507d399438740647147560f339cd2aa60069
UNRESOLVED_IMAGE,RIDGE_IDENTITY,10000.0,IN_CLASS_ID,8,0.00580063183631139,0.012673076464027147,0.004544459720467114,0.07367632076679763,0.9838218863433618,0.13531475459274422,0.7446496395662532,"x = P_level x + P_structure x, P_level the orthogonal projection onto spatially constant fields. Diagnostic; no threshold",4ef162320e09086a16f1e130b09a507d399438740647147560f339cd2aa60069
UNRESOLVED_IMAGE,RIDGE_IDENTITY,10000.0,IN_CLASS_OOD,8,0.004645049138584585,0.009875463406083675,0.0045578865610956575,0.9020624752984785,0.999967713750053,0.1383467451104604,46.143938244780955,"x = P_level x + P_structure x, P_level the orthogonal projection onto spatially constant fields. Diagnostic; no threshold",4ef162320e09086a16f1e130b09a507d399438740647147560f339cd2aa60069
UNRESOLVED_IMAGE,RIDGE_IDENTITY,10000.0,OFF_GRID_ID,8,0.00475759454906099,0.1299140916492006,0.004478833612789676,0.863791907548535,0.9949598138466409,0.13563852482651212,1.3169279964680976,"x = P_level x + P_structure x, P_level the orthogonal projection onto spatially constant fields. Diagnostic; no threshold",4ef162320e09086a16f1e130b09a507d399438740647147560f339cd2aa60069
UNRESOLVED_IMAGE,RIDGE_IDENTITY,10000.0,OFF_GRID_OOD,8,0.004610375346235367,0.01590349289222246,0.004610351357612362,23.294768278477815,0.9999999598601026,0.13955001953816346,742.9388722609206,"x = P_level x + P_structure x, P_level the orthogonal projection onto spatially constant fields. Diagnostic; no threshold",4ef162320e09086a16f1e130b09a507d399438740647147560f339cd2aa60069
UNRESOLVED_IMAGE,TIKHONOV_TEMPORAL,10000.0,IN_CLASS_ID,8,0.004982910624779009,0.012981849344708963,0.003896530963853821,0.07895346125249893,0.9838218863433618,0.18071798095382324,1.0598244109756139,"x = P_level x + P_structure x, P_level the orthogonal projection onto spatially constant fields. Diagnostic; no threshold",4ef162320e09086a16f1e130b09a507d399438740647147560f339cd2aa60069
UNRESOLVED_IMAGE,TIKHONOV_TEMPORAL,10000.0,IN_CLASS_OOD,8,0.004965466724723642,0.008189319704356103,0.004681688972513249,0.9989936492355396,0.999967713750053,0.20132359057734656,56.75411846819969,"x = P_level x + P_structure x, P_level the orthogonal projection onto spatially constant fields. Diagnostic; no threshold",4ef162320e09086a16f1e130b09a507d399438740647147560f339cd2aa60069
UNRESOLVED_IMAGE,TIKHONOV_TEMPORAL,10000.0,OFF_GRID_ID,8,0.00481183064012297,0.1216527610600708,0.0044671035235795235,0.8638018836711865,0.9949598138466409,0.1828795617289916,1.7071398786542487,"x = P_level x + P_structure x, P_level the orthogonal projection onto spatially constant fields. Diagnostic; no threshold",4ef162320e09086a16f1e130b09a507d399438740647147560f339cd2aa60069
UNRESOLVED_IMAGE,TIKHONOV_TEMPORAL,10000.0,OFF_GRID_OOD,8,0.005635443634260134,0.015133467541095534,0.005632991001449986,22.844867212656368,0.9999999598601026,0.17641577941659312,1000.2479266480161,"x = P_level x + P_structure x, P_level the orthogonal projection onto spatially constant fields. Diagnostic; no threshold",4ef162320e09086a16f1e130b09a507d399438740647147560f339cd2aa60069
UNRESOLVED_IMAGE,WIENER_GAUSSIAN,10000.0,IN_CLASS_ID,8,0.07605449430952436,0.1721373297509591,0.0643941009054896,0.8384057625553129,0.9838218863433618,0.06436385035556341,0.903428971277134,"x = P_level x + P_structure x, P_level the orthogonal projection onto spatially constant fields. Diagnostic; no threshold",4ef162320e09086a16f1e130b09a507d399438740647147560f339cd2aa60069
UNRESOLVED_IMAGE,WIENER_GAUSSIAN,10000.0,IN_CLASS_OOD,8,0.06910602259513932,0.16325751635320157,0.06827042005079037,20.665576685568055,0.999967713750053,0.05796582173390455,75.45785996623529,"x = P_level x + P_structure x, P_level the orthogonal projection onto spatially constant fields. Diagnostic; no threshold",4ef162320e09086a16f1e130b09a507d399438740647147560f339cd2aa60069
UNRESOLVED_IMAGE,WIENER_GAUSSIAN,10000.0,OFF_GRID_ID,8,0.07471315743962165,0.18402480529023407,0.07365820873498044,1.8222664945246985,0.9949598138466409,0.07355746477199424,1.88248037001114,"x = P_level x + P_structure x, P_level the orthogonal projection onto spatially constant fields. Diagnostic; no threshold",4ef162320e09086a16f1e130b09a507d399438740647147560f339cd2aa60069
UNRESOLVED_IMAGE,WIENER_GAUSSIAN,10000.0,OFF_GRID_OOD,8,0.0756691936030007,0.15882197926437552,0.07565507846393346,555.0835240631939,0.9999999598601026,0.07539420381482351,1123.7687830056943,"x = P_level x + P_structure x, P_level the orthogonal projection onto spatially constant fields. Diagnostic; no threshold",4ef162320e09086a16f1e130b09a507d399438740647147560f339cd2aa60069
UNRESOLVED_IMAGE,LINEAR_STATE_SPACE,10000.0,IN_CLASS_ID,8,0.09105558567458993,0.1657404586348259,0.06895949974061404,0.9286841241412469,0.9838218863433618,0.1811348856580245,1.7231782162039424,"x = P_level x + P_structure x, P_level the orthogonal projection onto spatially constant fields. Diagnostic; no threshold",4ef162320e09086a16f1e130b09a507d399438740647147560f339cd2aa60069
UNRESOLVED_IMAGE,LINEAR_STATE_SPACE,10000.0,IN_CLASS_OOD,8,0.07116132595347616,0.09741543628561623,0.0697872236352159,11.1078049553061,0.999967713750053,0.17534776576754219,73.89307045318216,"x = P_level x + P_structure x, P_level the orthogonal projection onto spatially constant fields. Diagnostic; no threshold",4ef162320e09086a16f1e130b09a507d399438740647147560f339cd2aa60069
UNRESOLVED_IMAGE,LINEAR_STATE_SPACE,10000.0,OFF_GRID_ID,8,0.06667706882683119,0.1614938815500661,0.061525338809843594,1.4107269206586337,0.9949598138466409,0.1772997146580904,2.2201425210103283,"x = P_level x + P_structure x, P_level the orthogonal projection onto spatially constant fields. Diagnostic; no threshold",4ef162320e09086a16f1e130b09a507d399438740647147560f339cd2aa60069
UNRESOLVED_IMAGE,LINEAR_STATE_SPACE,10000.0,OFF_GRID_OOD,8,0.058249591303899506,0.08956316743990887,0.05824495950219924,304.7846934877744,0.9999999598601026,0.17624980331140952,1043.0311144565885,"x = P_level x + P_structure x, P_level the orthogonal projection onto spatially constant fields. Diagnostic; no threshold",4ef162320e09086a16f1e130b09a507d399438740647147560f339cd2aa60069
UNRESOLVED_IMAGE,TSVD,30000.0,IN_CLASS_ID,8,0.0008335510346593805,0.003919079067927974,0.0006527345417985865,0.024263314055472843,0.9838218863433618,0.02408694401451362,0.3604381774452503,"x = P_level x + P_structure x, P_level the orthogonal projection onto spatially constant fields. Diagnostic; no threshold",4ef162320e09086a16f1e130b09a507d399438740647147560f339cd2aa60069
UNRESOLVED_IMAGE,TSVD,30000.0,IN_CLASS_OOD,8,0.0008601379745893849,0.004049653496276862,0.0008489556421291363,0.36216867228478933,0.999967713750053,0.02235619935777716,21.57728852286534,"x = P_level x + P_structure x, P_level the orthogonal projection onto spatially constant fields. Diagnostic; no threshold",4ef162320e09086a16f1e130b09a507d399438740647147560f339cd2aa60069
UNRESOLVED_IMAGE,TSVD,30000.0,OFF_GRID_ID,8,0.000806977758021501,0.10787929796783777,0.0007589977926241692,0.8431697663455633,0.9949598138466409,0.02328170804979733,0.9804072389902823,"x = P_level x + P_structure x, P_level the orthogonal projection onto spatially constant fields. Diagnostic; no threshold",4ef162320e09086a16f1e130b09a507d399438740647147560f339cd2aa60069
UNRESOLVED_IMAGE,TSVD,30000.0,OFF_GRID_OOD,8,0.0008592053409765695,0.010108659738915227,0.0008590302017071842,10.192842175232617,0.9999999598601026,0.022866928578255,393.9384256954816,"x = P_level x + P_structure x, P_level the orthogonal projection onto spatially constant fields. Diagnostic; no threshold",4ef162320e09086a16f1e130b09a507d399438740647147560f339cd2aa60069
UNRESOLVED_IMAGE,RIDGE_IDENTITY,30000.0,IN_CLASS_ID,8,0.005794139719724669,0.01124027529642243,0.0048104623498815315,0.063869611516913,0.9838218863433618,0.135403215909154,0.7373634428108627,"x = P_level x + P_structure x, P_level the orthogonal projection onto spatially constant fields. Diagnostic; no threshold",4ef162320e09086a16f1e130b09a507d399438740647147560f339cd2aa60069
UNRESOLVED_IMAGE,RIDGE_IDENTITY,30000.0,IN_CLASS_OOD,8,0.004873182129252116,0.009705731718104382,0.00476874620473497,0.6377470704979684,0.999967713750053,0.13768465323228987,43.634955026731774,"x = P_level x + P_structure x, P_level the orthogonal projection onto spatially constant fields. Diagnostic; no threshold",4ef162320e09086a16f1e130b09a507d399438740647147560f339cd2aa60069
UNRESOLVED_IMAGE,RIDGE_IDENTITY,30000.0,OFF_GRID_ID,8,0.0048020122383550246,0.1284292712182583,0.004646214496669895,0.8621680011247794,0.9949598138466409,0.13365505081332182,1.2931816090649937,"x = P_level x + P_structure x, P_level the orthogonal projection onto spatially constant fields. Diagnostic; no threshold",4ef162320e09086a16f1e130b09a507d399438740647147560f339cd2aa60069
UNRESOLVED_IMAGE,RIDGE_IDENTITY,30000.0,OFF_GRID_OOD,8,0.004804941275241084,0.015063361244974236,0.004799866390436677,16.25877933331266,0.9999999598601026,0.14262592430750404,748.455663486581,"x = P_level x + P_structure x, P_level the orthogonal projection onto spatially constant fields. Diagnostic; no threshold",4ef162320e09086a16f1e130b09a507d399438740647147560f339cd2aa60069
UNRESOLVED_IMAGE,TIKHONOV_TEMPORAL,30000.0,IN_CLASS_ID,8,0.004947397152485938,0.012112282358920498,0.003824223124441853,0.07083168604150325,0.9838218863433618,0.1795928592097336,1.0496759105215259,"x = P_level x + P_structure x, P_level the orthogonal projection onto spatially constant fields. Diagnostic; no threshold",4ef162320e09086a16f1e130b09a507d399438740647147560f339cd2aa60069
UNRESOLVED_IMAGE,TIKHONOV_TEMPORAL,30000.0,IN_CLASS_OOD,8,0.004871384993185452,0.007266191696011962,0.004819988307501601,0.888635683359795,0.999967713750053,0.20405861048151264,56.80521798315823,"x = P_level x + P_structure x, P_level the orthogonal projection onto spatially constant fields. Diagnostic; no threshold",4ef162320e09086a16f1e130b09a507d399438740647147560f339cd2aa60069
UNRESOLVED_IMAGE,TIKHONOV_TEMPORAL,30000.0,OFF_GRID_ID,8,0.005031506568279779,0.12159576566759507,0.004794864777139935,0.8627417798828722,0.9949598138466409,0.18360140658592777,1.6924322519196244,"x = P_level x + P_structure x, P_level the orthogonal projection onto spatially constant fields. Diagnostic; no threshold",4ef162320e09086a16f1e130b09a507d399438740647147560f339cd2aa60069
UNRESOLVED_IMAGE,TIKHONOV_TEMPORAL,30000.0,OFF_GRID_OOD,8,0.005557987971471235,0.01491933733240057,0.005544097698256725,20.68187459895077,0.9999999598601026,0.17873581765180555,987.6831480317996,"x = P_level x + P_structure x, P_level the orthogonal projection onto spatially constant fields. Diagnostic; no threshold",4ef162320e09086a16f1e130b09a507d399438740647147560f339cd2aa60069
UNRESOLVED_IMAGE,WIENER_GAUSSIAN,30000.0,IN_CLASS_ID,8,0.07605808741536545,0.1721484817339095,0.06440116702438221,0.8384504810999791,0.9838218863433618,0.06436829620271159,0.903457972124392,"x = P_level x + P_structure x, P_level the orthogonal projection onto spatially constant fields. Diagnostic; no threshold",4ef162320e09086a16f1e130b09a507d399438740647147560f339cd2aa60069
UNRESOLVED_IMAGE,WIENER_GAUSSIAN,30000.0,IN_CLASS_OOD,8,0.06910973407190865,0.16326788490021432,0.06827254449904832,20.666925262557815,0.999967713750053,0.057969932523453345,75.46200728045605,"x = P_level x + P_structure x, P_level the orthogonal projection onto spatially constant fields. Diagnostic; no threshold",4ef162320e09086a16f1e130b09a507d399438740647147560f339cd2aa60069
UNRESOLVED_IMAGE,WIENER_GAUSSIAN,30000.0,OFF_GRID_ID,8,0.07471958794652617,0.1840329718500337,0.07366238656653679,1.8223451354676632,0.9949598138466409,0.0735599579882053,1.8825674536623929,"x = P_level x + P_structure x, P_level the orthogonal projection onto spatially constant fields. Diagnostic; no threshold",4ef162320e09086a16f1e130b09a507d399438740647147560f339cd2aa60069
UNRESOLVED_IMAGE,WIENER_GAUSSIAN,30000.0,OFF_GRID_OOD,8,0.07567355337751028,0.15883267705125695,0.0756611075290963,555.1191097971964,0.9999999598601026,0.075399830678816,1123.8417365899913,"x = P_level x + P_structure x, P_level the orthogonal projection onto spatially constant fields. Diagnostic; no threshold",4ef162320e09086a16f1e130b09a507d399438740647147560f339cd2aa60069
UNRESOLVED_IMAGE,LINEAR_STATE_SPACE,30000.0,IN_CLASS_ID,8,0.09106187198708615,0.16576350924318328,0.06894485290087984,0.9283701581944221,0.9838218863433618,0.18119187285525984,1.722593765555462,"x = P_level x + P_structure x, P_level the orthogonal projection onto spatially constant fields. Diagnostic; no threshold",4ef162320e09086a16f1e130b09a507d399438740647147560f339cd2aa60069
UNRESOLVED_IMAGE,LINEAR_STATE_SPACE,30000.0,IN_CLASS_OOD,8,0.07115368354312562,0.09744321416392698,0.06978688054615353,11.11313064256101,0.999967713750053,0.1753278032664019,73.83256641841199,"x = P_level x + P_structure x, P_level the orthogonal projection onto spatially constant fields. Diagnostic; no threshold",4ef162320e09086a16f1e130b09a507d399438740647147560f339cd2aa60069
UNRESOLVED_IMAGE,LINEAR_STATE_SPACE,30000.0,OFF_GRID_ID,8,0.06664388280277353,0.16149131282924548,0.061527843609301656,1.4104276848983743,0.9949598138466409,0.1773136963955531,2.2204061243584876,"x = P_level x + P_structure x, P_level the orthogonal projection onto spatially constant fields. Diagnostic; no threshold",4ef162320e09086a16f1e130b09a507d399438740647147560f339cd2aa60069
UNRESOLVED_IMAGE,LINEAR_STATE_SPACE,30000.0,OFF_GRID_OOD,8,0.05825463590015094,0.08957743525190767,0.058248529560895525,304.7987802977309,0.9999999598601026,0.17624056412463115,1043.4188127247166,"x = P_level x + P_structure x, P_level the orthogonal projection onto spatially constant fields. Diagnostic; no threshold",4ef162320e09086a16f1e130b09a507d399438740647147560f339cd2aa60069
UNRESOLVED_IMAGE,TSVD,100000.0,IN_CLASS_ID,8,0.00033489153143166243,0.001302966019404708,0.00026649998496320443,0.008282392289987235,0.9838218863433618,0.027389634298975465,0.261752985973202,"x = P_level x + P_structure x, P_level the orthogonal projection onto spatially constant fields. Diagnostic; no threshold",4ef162320e09086a16f1e130b09a507d399438740647147560f339cd2aa60069
UNRESOLVED_IMAGE,TSVD,100000.0,IN_CLASS_OOD,8,0.00032616530826911147,0.0012667364137680897,0.00031445940605445564,0.10960429892168455,0.999967713750053,0.028091227712419835,14.15030155342701,"x = P_level x + P_structure x, P_level the orthogonal projection onto spatially constant fields. Diagnostic; no threshold",4ef162320e09086a16f1e130b09a507d399438740647147560f339cd2aa60069
UNRESOLVED_IMAGE,TSVD,100000.0,OFF_GRID_ID,8,0.0003130985453703328,0.10353503817580108,0.00029564744516849897,0.8346636199589677,0.9949598138466409,0.026780488738469055,0.9000573133557499,"x = P_level x + P_structure x, P_level the orthogonal projection onto spatially constant fields. Diagnostic; no threshold",4ef162320e09086a16f1e130b09a507d399438740647147560f339cd2aa60069
UNRESOLVED_IMAGE,TSVD,100000.0,OFF_GRID_OOD,8,0.00033133154161196413,0.007082334100670751,0.00033011244791969426,4.9295687016882646,0.9999999598601026,0.02946351695718978,245.49899669970006,"x = P_level x + P_structure x, P_level the orthogonal projection onto spatially constant fields. Diagnostic; no threshold",4ef162320e09086a16f1e130b09a507d399438740647147560f339cd2aa60069
UNRESOLVED_IMAGE,RIDGE_IDENTITY,100000.0,IN_CLASS_ID,8,0.005833790607256727,0.011212226193254148,0.004798491031504277,0.062083480568840804,0.9838218863433618,0.13444131606563248,0.734631583378575,"x = P_level x + P_structure x, P_level the orthogonal projection onto spatially constant fields. Diagnostic; no threshold",4ef162320e09086a16f1e130b09a507d399438740647147560f339cd2aa60069
UNRESOLVED_IMAGE,RIDGE_IDENTITY,100000.0,IN_CLASS_OOD,8,0.0048801806303163005,0.00992091932307217,0.004754419513811158,0.6059591610217528,0.999967713750053,0.13366218653755468,44.79770674882958,"x = P_level x + P_structure x, P_level the orthogonal projection onto spatially constant fields. Diagnostic; no threshold",4ef162320e09086a16f1e130b09a507d399438740647147560f339cd2aa60069
UNRESOLVED_IMAGE,RIDGE_IDENTITY,100000.0,OFF_GRID_ID,8,0.004815874176418743,0.12877155248712419,0.004706079215135203,0.8621590835297265,0.9949598138466409,0.13296765251418183,1.2940259199490005,"x = P_level x + P_structure x, P_level the orthogonal projection onto spatially constant fields. Diagnostic; no threshold",4ef162320e09086a16f1e130b09a507d399438740647147560f339cd2aa60069
UNRESOLVED_IMAGE,RIDGE_IDENTITY,100000.0,OFF_GRID_OOD,8,0.004753824392040624,0.015038797104360853,0.0047523787780922805,16.365451310690567,0.9999999598601026,0.13988515893470546,751.469100432902,"x = P_level x + P_structure x, P_level the orthogonal projection onto spatially constant fields. Diagnostic; no threshold",4ef162320e09086a16f1e130b09a507d399438740647147560f339cd2aa60069
UNRESOLVED_IMAGE,TIKHONOV_TEMPORAL,100000.0,IN_CLASS_ID,8,0.005083548337438653,0.012127995840069218,0.0038896849419789775,0.07048326161832741,0.9838218863433618,0.17955498654573387,1.047564168226632,"x = P_level x + P_structure x, P_level the orthogonal projection onto spatially constant fields. Diagnostic; no threshold",4ef162320e09086a16f1e130b09a507d399438740647147560f339cd2aa60069
UNRESOLVED_IMAGE,TIKHONOV_TEMPORAL,100000.0,IN_CLASS_OOD,8,0.005035885518443854,0.007155938875041705,0.004899991266981066,0.8841311962654744,0.999967713750053,0.20412718741139196,57.443434994999215,"x = P_level x + P_structure x, P_level the orthogonal projection onto spatially constant fields. Diagnostic; no threshold",4ef162320e09086a16f1e130b09a507d399438740647147560f339cd2aa60069
UNRESOLVED_IMAGE,TIKHONOV_TEMPORAL,100000.0,OFF_GRID_ID,8,0.005150738698066608,0.12161975624638413,0.004870467678718219,0.862430061163734,0.9949598138466409,0.18434045863307086,1.6982881943129247,"x = P_level x + P_structure x, P_level the orthogonal projection onto spatially constant fields. Diagnostic; no threshold",4ef162320e09086a16f1e130b09a507d399438740647147560f339cd2aa60069
UNRESOLVED_IMAGE,TIKHONOV_TEMPORAL,100000.0,OFF_GRID_OOD,8,0.005653733936076297,0.014910071941360055,0.005650839266573125,20.657566611597396,0.9999999598601026,0.17893804218201403,986.2668472092926,"x = P_level x + P_structure x, P_level the orthogonal projection onto spatially constant fields. Diagnostic; no threshold",4ef162320e09086a16f1e130b09a507d399438740647147560f339cd2aa60069
UNRESOLVED_IMAGE,WIENER_GAUSSIAN,100000.0,IN_CLASS_ID,8,0.0760602350068452,0.17215231836093692,0.06440376200971046,0.838465757812673,0.9838218863433618,0.0643703269668155,0.9034730079122875,"x = P_level x + P_structure x, P_level the orthogonal projection onto spatially constant fields. Diagnostic; no threshold",4ef162320e09086a16f1e130b09a507d399438740647147560f339cd2aa60069
UNRESOLVED_IMAGE,WIENER_GAUSSIAN,100000.0,IN_CLASS_OOD,8,0.06911169275285112,0.1632711103882147,0.06827420976148031,20.667367134588694,0.999967713750053,0.05797270034549755,75.46338343208447,"x = P_level x + P_structure x, P_level the orthogonal projection onto spatially constant fields. Diagnostic; no threshold",4ef162320e09086a16f1e130b09a507d399438740647147560f339cd2aa60069
UNRESOLVED_IMAGE,WIENER_GAUSSIAN,100000.0,OFF_GRID_ID,8,0.07472170310996788,0.18403595637726294,0.0736639323064035,1.8223767028133246,0.9949598138466409,0.07356120474242339,1.882597868501053,"x = P_level x + P_structure x, P_level the orthogonal projection onto spatially constant fields. Diagnostic; no threshold",4ef162320e09086a16f1e130b09a507d399438740647147560f339cd2aa60069
UNRESOLVED_IMAGE,WIENER_GAUSSIAN,100000.0,OFF_GRID_OOD,8,0.07567612794799254,0.15883658979008852,0.0756630024667729,555.1317325315963,0.9999999598601026,0.07540171443822642,1123.8690866470115,"x = P_level x + P_structure x, P_level the orthogonal projection onto spatially constant fields. Diagnostic; no threshold",4ef162320e09086a16f1e130b09a507d399438740647147560f339cd2aa60069
UNRESOLVED_IMAGE,LINEAR_STATE_SPACE,100000.0,IN_CLASS_ID,8,0.09106024261869963,0.16576750813685254,0.06894967093432923,0.928475705126711,0.9838218863433618,0.18118215916868274,1.7228021556876287,"x = P_level x + P_structure x, P_level the orthogonal projection onto spatially constant fields. Diagnostic; no threshold",4ef162320e09086a16f1e130b09a507d399438740647147560f339cd2aa60069
UNRESOLVED_IMAGE,LINEAR_STATE_SPACE,100000.0,IN_CLASS_OOD,8,0.07114898311005183,0.09743113883683355,0.06978615945690461,11.114855095634699,0.999967713750053,0.175329087728793,73.83814386165118,"x = P_level x + P_structure x, P_level the orthogonal projection onto spatially constant fields. Diagnostic; no threshold",4ef162320e09086a16f1e130b09a507d399438740647147560f339cd2aa60069
UNRESOLVED_IMAGE,LINEAR_STATE_SPACE,100000.0,OFF_GRID_ID,8,0.06665216378463196,0.16149181872774732,0.06152772739578014,1.4105361517518054,0.9949598138466409,0.17731911114151316,2.22032427493008,"x = P_level x + P_structure x, P_level the orthogonal projection onto spatially constant fields. Diagnostic; no threshold",4ef162320e09086a16f1e130b09a507d399438740647147560f339cd2aa60069
UNRESOLVED_IMAGE,LINEAR_STATE_SPACE,100000.0,OFF_GRID_OOD,8,0.05825747179853373,0.08955496516292913,0.058245814707691024,304.83152696246805,0.9999999598601026,0.17624411699325196,1043.1044403868818,"x = P_level x + P_structure x, P_level the orthogonal projection onto spatially constant fields. Diagnostic; no threshold",4ef162320e09086a16f1e130b09a507d399438740647147560f339cd2aa60069
UNRESOLVED_IMAGE,TSVD,1000000.0,IN_CLASS_ID,8,3.333237331665296e-05,0.00014677442946232233,2.6430617420052675e-05,0.0009658098804602574,0.9838218863433618,0.0012011282790230075,0.047372716760032824,"x = P_level x + P_structure x, P_level the orthogonal projection onto spatially constant fields. Diagnostic; no threshold",4ef162320e09086a16f1e130b09a507d399438740647147560f339cd2aa60069
UNRESOLVED_IMAGE,TSVD,1000000.0,IN_CLASS_OOD,8,3.564094142444184e-05,0.00014943421556425464,3.469406086475843e-05,0.013367236754992906,0.999967713750053,0.0015129899083246394,3.096930201110415,"x = P_level x + P_structure x, P_level the orthogonal projection onto spatially constant fields. Diagnostic; no threshold",4ef162320e09086a16f1e130b09a507d399438740647147560f339cd2aa60069
UNRESOLVED_IMAGE,TSVD,1000000.0,OFF_GRID_ID,8,3.284036503805979e-05,0.08567765379344136,3.1015875203253945e-05,0.8124606980378781,0.9949598138466409,0.0014388318742611268,0.8321714679078762,"x = P_level x + P_structure x, P_level the orthogonal projection onto spatially constant fields. Diagnostic; no threshold",4ef162320e09086a16f1e130b09a507d399438740647147560f339cd2aa60069
UNRESOLVED_IMAGE,TSVD,1000000.0,OFF_GRID_OOD,8,3.5427548393988916e-05,0.004051867577875538,3.53996481824618e-05,3.8977184969789334,0.9999999598601026,0.0015213010961263778,56.4235178811867,"x = P_level x + P_structure x, P_level the orthogonal projection onto spatially constant fields. Diagnostic; no threshold",4ef162320e09086a16f1e130b09a507d399438740647147560f339cd2aa60069
UNRESOLVED_IMAGE,RIDGE_IDENTITY,1000000.0,IN_CLASS_ID,8,0.005872651182860438,0.011187055553518227,0.0048268063758865,0.062306695331255366,0.9838218863433618,0.13467667412316864,0.7357819856366725,"x = P_level x + P_structure x, P_level the orthogonal projection onto spatially constant fields. Diagnostic; no threshold",4ef162320e09086a16f1e130b09a507d399438740647147560f339cd2aa60069
UNRESOLVED_IMAGE,RIDGE_IDENTITY,1000000.0,IN_CLASS_OOD,8,0.004823108707806879,0.010088360824714695,0.004709911411541422,0.6116434559049635,0.999967713750053,0.1338438791131313,44.17274418296209,"x = P_level x + P_structure x, P_level the orthogonal projection onto spatially constant fields. Diagnostic; no threshold",4ef162320e09086a16f1e130b09a507d399438740647147560f339cd2aa60069
UNRESOLVED_IMAGE,RIDGE_IDENTITY,1000000.0,OFF_GRID_ID,8,0.004793036117773065,0.1288348685567523,0.004741834004776041,0.8621588730359667,0.9949598138466409,0.13389944491899924,1.2937092109635904,"x = P_level x + P_structure x, P_level the orthogonal projection onto spatially constant fields. Diagnostic; no threshold",4ef162320e09086a16f1e130b09a507d399438740647147560f339cd2aa60069
UNRESOLVED_IMAGE,RIDGE_IDENTITY,1000000.0,OFF_GRID_OOD,8,0.004784543712808696,0.015071695787613535,0.004783936373596132,15.971723841174498,0.9999999598601026,0.1396990416442164,742.0449387811178,"x = P_level x + P_structure x, P_level the orthogonal projection onto spatially constant fields. Diagnostic; no threshold",4ef162320e09086a16f1e130b09a507d399438740647147560f339cd2aa60069
UNRESOLVED_IMAGE,TIKHONOV_TEMPORAL,1000000.0,IN_CLASS_ID,8,0.005071228462711564,0.01205784200451419,0.0038682111628526115,0.07029456986552507,0.9838218863433618,0.17967231717594076,1.0482527007819331,"x = P_level x + P_structure x, P_level the orthogonal projection onto spatially constant fields. Diagnostic; no threshold",4ef162320e09086a16f1e130b09a507d399438740647147560f339cd2aa60069
UNRESOLVED_IMAGE,TIKHONOV_TEMPORAL,1000000.0,IN_CLASS_OOD,8,0.004956797390283522,0.007164688342705932,0.004821140947140567,0.8819434033690903,0.999967713750053,0.20351328698644877,57.416785836532554,"x = P_level x + P_structure x, P_level the orthogonal projection onto spatially constant fields. Diagnostic; no threshold",4ef162320e09086a16f1e130b09a507d399438740647147560f339cd2aa60069
UNRESOLVED_IMAGE,TIKHONOV_TEMPORAL,1000000.0,OFF_GRID_ID,8,0.005162082123341766,0.12157562866675226,0.00487918142318595,0.8623165010523572,0.9949598138466409,0.18427462636572745,1.6970153061559357,"x = P_level x + P_structure x, P_level the orthogonal projection onto spatially constant fields. Diagnostic; no threshold",4ef162320e09086a16f1e130b09a507d399438740647147560f339cd2aa60069
UNRESOLVED_IMAGE,TIKHONOV_TEMPORAL,1000000.0,OFF_GRID_OOD,8,0.0056661166462915365,0.014910797659680702,0.00566133040737993,20.38206911760926,0.9999999598601026,0.17818294197426876,987.8573363975322,"x = P_level x + P_structure x, P_level the orthogonal projection onto spatially constant fields. Diagnostic; no threshold",4ef162320e09086a16f1e130b09a507d399438740647147560f339cd2aa60069
UNRESOLVED_IMAGE,WIENER_GAUSSIAN,1000000.0,IN_CLASS_ID,8,0.07606074977543423,0.17215357051078148,0.0644045381630112,0.8384710387154585,0.9838218863433618,0.06437072710439351,0.9034799646701828,"x = P_level x + P_structure x, P_level the orthogonal projection onto spatially constant fields. Diagnostic; no threshold",4ef162320e09086a16f1e130b09a507d399438740647147560f339cd2aa60069
UNRESOLVED_IMAGE,WIENER_GAUSSIAN,1000000.0,IN_CLASS_OOD,8,0.06911199691953099,0.16327229254867662,0.06827518323410875,20.66754392939508,0.999967713750053,0.05797315260119586,75.46395787389469,"x = P_level x + P_structure x, P_level the orthogonal projection onto spatially constant fields. Diagnostic; no threshold",4ef162320e09086a16f1e130b09a507d399438740647147560f339cd2aa60069
UNRESOLVED_IMAGE,WIENER_GAUSSIAN,1000000.0,OFF_GRID_ID,8,0.07472233155828226,0.18403716808723775,0.07366461152412496,1.8223880269419714,0.9949598138466409,0.0735615518987392,1.8826098653321313,"x = P_level x + P_structure x, P_level the orthogonal projection onto spatially constant fields. Diagnostic; no threshold",4ef162320e09086a16f1e130b09a507d399438740647147560f339cd2aa60069
UNRESOLVED_IMAGE,WIENER_GAUSSIAN,1000000.0,OFF_GRID_OOD,8,0.0756764440314036,0.15883804695581907,0.07566384273000716,555.1365971275594,0.9999999598601026,0.07540218031043416,1123.879196807659,"x = P_level x + P_structure x, P_level the orthogonal projection onto spatially constant fields. Diagnostic; no threshold",4ef162320e09086a16f1e130b09a507d399438740647147560f339cd2aa60069
UNRESOLVED_IMAGE,LINEAR_STATE_SPACE,1000000.0,IN_CLASS_ID,8,0.09106155985030656,0.16576712901906332,0.06894995792171099,0.9284610343938527,0.9838218863433618,0.18118258986835384,1.7228016897759848,"x = P_level x + P_structure x, P_level the orthogonal projection onto spatially constant fields. Diagnostic; no threshold",4ef162320e09086a16f1e130b09a507d399438740647147560f339cd2aa60069
UNRESOLVED_IMAGE,LINEAR_STATE_SPACE,1000000.0,IN_CLASS_OOD,8,0.0711437502573364,0.09743480488021641,0.06978473362977688,11.114867387452913,0.999967713750053,0.17532970724613373,73.83595516322322,"x = P_level x + P_structure x, P_level the orthogonal projection onto spatially constant fields. Diagnostic; no threshold",4ef162320e09086a16f1e130b09a507d399438740647147560f339cd2aa60069
UNRESOLVED_IMAGE,LINEAR_STATE_SPACE,1000000.0,OFF_GRID_ID,8,0.06664669026633363,0.16149109331788156,0.06152773886096573,1.4105516565481184,0.9949598138466409,0.17732010998520664,2.220320128452893,"x = P_level x + P_structure x, P_level the orthogonal projection onto spatially constant fields. Diagnostic; no threshold",4ef162320e09086a16f1e130b09a507d399438740647147560f339cd2aa60069
UNRESOLVED_IMAGE,LINEAR_STATE_SPACE,1000000.0,OFF_GRID_OOD,8,0.058257539596347524,0.08955543338814143,0.058246420375838145,304.8401643201795,0.9999999598601026,0.17624292045281192,1043.119758089218,"x = P_level x + P_structure x, P_level the orthogonal projection onto spatially constant fields. Diagnostic; no threshold",4ef162320e09086a16f1e130b09a507d399438740647147560f339cd2aa60069
TOTAL_FLUX,TSVD,1.0,IN_CLASS_ID,8,0.658063843780017,0.42048960587959433,0.5059967734417117,1.8786431131999508,0.9838218863433618,0.7239886180733468,1.6563166299556706,"x = P_level x + P_structure x, P_level the orthogonal projection onto spatially constant fields. Diagnostic; no threshold",4ef162320e09086a16f1e130b09a507d399438740647147560f339cd2aa60069
TOTAL_FLUX,TSVD,1.0,IN_CLASS_OOD,8,0.5117223356439058,0.32063938528774877,0.496285441930064,29.687726667958373,0.999967713750053,0.7277746623502959,85.40914685580776,"x = P_level x + P_structure x, P_level the orthogonal projection onto spatially constant fields. Diagnostic; no threshold",4ef162320e09086a16f1e130b09a507d399438740647147560f339cd2aa60069
TOTAL_FLUX,TSVD,1.0,OFF_GRID_ID,8,0.5288796873441727,0.3451659457803322,0.5037950821743826,2.778785645582695,0.9949598138466409,0.7290411111963553,2.2320182821186236,"x = P_level x + P_structure x, P_level the orthogonal projection onto spatially constant fields. Diagnostic; no threshold",4ef162320e09086a16f1e130b09a507d399438740647147560f339cd2aa60069
TOTAL_FLUX,TSVD,1.0,OFF_GRID_OOD,8,0.4992355057195857,0.3095228826404622,0.49907926742161196,883.1157386132503,0.9999999598601026,0.7351230199223615,1318.7400899832528,"x = P_level x + P_structure x, P_level the orthogonal projection onto spatially constant fields. Diagnostic; no threshold",4ef162320e09086a16f1e130b09a507d399438740647147560f339cd2aa60069
TOTAL_FLUX,RIDGE_IDENTITY,1.0,IN_CLASS_ID,8,0.581017417846325,0.42799662161786484,0.46259519769644597,1.8520615691795426,0.9838218863433618,0.646037731115292,1.6927010466405195,"x = P_level x + P_structure x, P_level the orthogonal projection onto spatially constant fields. Diagnostic; no threshold",4ef162320e09086a16f1e130b09a507d399438740647147560f339cd2aa60069
TOTAL_FLUX,RIDGE_IDENTITY,1.0,IN_CLASS_OOD,8,0.5038443110342052,0.31668574846560404,0.48894714678271234,32.81422966343165,0.999967713750053,0.6657263357861362,100.83967933015792,"x = P_level x + P_structure x, P_level the orthogonal projection onto spatially constant fields. Diagnostic; no threshold",4ef162320e09086a16f1e130b09a507d399438740647147560f339cd2aa60069
TOTAL_FLUX,RIDGE_IDENTITY,1.0,OFF_GRID_ID,8,0.49766765489533865,0.3499706230983015,0.4741651168900629,3.046612956226216,0.9949598138466409,0.6527374944393309,2.5926544023659357,"x = P_level x + P_structure x, P_level the orthogonal projection onto spatially constant fields. Diagnostic; no threshold",4ef162320e09086a16f1e130b09a507d399438740647147560f339cd2aa60069
TOTAL_FLUX,RIDGE_IDENTITY,1.0,OFF_GRID_OOD,8,0.4941423588497116,0.30933549164091956,0.49341826545646894,973.2951674469296,0.9999999598601026,0.669097855589962,1596.7672525092476,"x = P_level x + P_structure x, P_level the orthogonal projection onto spatially constant fields. Diagnostic; no threshold",4ef162320e09086a16f1e130b09a507d399438740647147560f339cd2aa60069
TOTAL_FLUX,TIKHONOV_TEMPORAL,1.0,IN_CLASS_ID,8,2363499.771855061,227469500.19368887,1904231.0467588953,1052208088.9636631,0.9838218863433618,2857006.045986741,1583349715.3217244,"x = P_level x + P_structure x, P_level the orthogonal projection onto spatially constant fields. Diagnostic; no threshold",4ef162320e09086a16f1e130b09a507d399438740647147560f339cd2aa60069
TOTAL_FLUX,TIKHONOV_TEMPORAL,1.0,IN_CLASS_OOD,8,1876553.3232911034,185791116.5229575,1844587.50684349,17644629381.62541,0.999967713750053,2910048.2606002996,108587175921.08873,"x = P_level x + P_structure x, P_level the orthogonal projection onto spatially constant fields. Diagnostic; no threshold",4ef162320e09086a16f1e130b09a507d399438740647147560f339cd2aa60069
TOTAL_FLUX,TIKHONOV_TEMPORAL,1.0,OFF_GRID_ID,8,1952051.7866806816,190976217.78483188,1856901.478457045,1682733278.354937,0.9949598138466409,2790754.654880522,2650230632.938697,"x = P_level x + P_structure x, P_level the orthogonal projection onto spatially constant fields. Diagnostic; no threshold",4ef162320e09086a16f1e130b09a507d399438740647147560f339cd2aa60069
TOTAL_FLUX,TIKHONOV_TEMPORAL,1.0,OFF_GRID_OOD,8,1825157.404297764,178788535.60613078,1824736.6135128858,478540133796.22253,0.9999999598601026,2817950.3315258548,1881336793786.1826,"x = P_level x + P_structure x, P_level the orthogonal projection onto spatially constant fields. Diagnostic; no threshold",4ef162320e09086a16f1e130b09a507d399438740647147560f339cd2aa60069
TOTAL_FLUX,WIENER_GAUSSIAN,1.0,IN_CLASS_ID,8,0.06669456923545175,0.17845953889891267,0.058264828316364106,0.8682287478182755,0.9838218863433618,0.05931646794180638,0.8770508617409971,"x = P_level x + P_structure x, P_level the orthogonal projection onto spatially constant fields. Diagnostic; no threshold",4ef162320e09086a16f1e130b09a507d399438740647147560f339cd2aa60069
TOTAL_FLUX,WIENER_GAUSSIAN,1.0,IN_CLASS_OOD,8,0.04986468000606737,0.06707675147844565,0.048609687064834164,5.828755806833181,0.999967713750053,0.05218114767771778,23.968858690105662,"x = P_level x + P_structure x, P_level the orthogonal projection onto spatially constant fields. Diagnostic; no threshold",4ef162320e09086a16f1e130b09a507d399438740647147560f339cd2aa60069
TOTAL_FLUX,WIENER_GAUSSIAN,1.0,OFF_GRID_ID,8,0.04953297222901084,0.12420179655368384,0.047656293762549776,1.1089942361444258,0.9949598138466409,0.048063066955408726,1.0933519235472449,"x = P_level x + P_structure x, P_level the orthogonal projection onto spatially constant fields. Diagnostic; no threshold",4ef162320e09086a16f1e130b09a507d399438740647147560f339cd2aa60069
TOTAL_FLUX,WIENER_GAUSSIAN,1.0,OFF_GRID_OOD,8,0.04645912095119009,0.05681761411763558,0.04633452644625817,152.14067442993849,0.9999999598601026,0.045662768112746235,285.036311367091,"x = P_level x + P_structure x, P_level the orthogonal projection onto spatially constant fields. Diagnostic; no threshold",4ef162320e09086a16f1e130b09a507d399438740647147560f339cd2aa60069
TOTAL_FLUX,LINEAR_STATE_SPACE,1.0,IN_CLASS_ID,8,10.929072376918267,101.23470560473746,8.688242999652557,488.9810499562835,0.9838218863433618,14.010321050685912,749.7772805711943,"x = P_level x + P_structure x, P_level the orthogonal projection onto spatially constant fields. Diagnostic; no threshold",4ef162320e09086a16f1e130b09a507d399438740647147560f339cd2aa60069
TOTAL_FLUX,LINEAR_STATE_SPACE,1.0,IN_CLASS_OOD,8,9.721890970433428,101.46200235855699,9.428381017281847,9850.716020494847,0.999967713750053,16.675911019974276,65178.3983691076,"x = P_level x + P_structure x, P_level the orthogonal projection onto spatially constant fields. Diagnostic; no threshold",4ef162320e09086a16f1e130b09a507d399438740647147560f339cd2aa60069
TOTAL_FLUX,LINEAR_STATE_SPACE,1.0,OFF_GRID_ID,8,10.925472657259519,100.89296227872771,10.389447976628016,965.5111203464837,0.9949598138466409,16.90794299256619,1547.002351132307,"x = P_level x + P_structure x, P_level the orthogonal projection onto spatially constant fields. Diagnostic; no threshold",4ef162320e09086a16f1e130b09a507d399438740647147560f339cd2aa60069
TOTAL_FLUX,LINEAR_STATE_SPACE,1.0,OFF_GRID_OOD,8,9.763152118311403,101.48920917166242,9.750387047866663,282185.78882096166,0.9999999598601026,16.932638216314132,1084875.4257077891,"x = P_level x + P_structure x, P_level the orthogonal projection onto spatially constant fields. Diagnostic; no threshold",4ef162320e09086a16f1e130b09a507d399438740647147560f339cd2aa60069
TOTAL_FLUX,TSVD,3.0,IN_CLASS_ID,8,0.48387807911473724,0.4169470285146774,0.3945494456591886,1.8279477774430375,0.9838218863433618,0.5717997614355785,1.7274552146631368,"x = P_level x + P_structure x, P_level the orthogonal projection onto spatially constant fields. Diagnostic; no threshold",4ef162320e09086a16f1e130b09a507d399438740647147560f339cd2aa60069
TOTAL_FLUX,TSVD,3.0,IN_CLASS_OOD,8,0.42090571836766344,0.3082840567072065,0.40979342298574795,33.110322691326346,0.999967713750053,0.5763892319429558,103.43373469655494,"x = P_level x + P_structure x, P_level the orthogonal projection onto spatially constant fields. Diagnostic; no threshold",4ef162320e09086a16f1e130b09a507d399438740647147560f339cd2aa60069
TOTAL_FLUX,TSVD,3.0,OFF_GRID_ID,8,0.4278695214338456,0.34003354208660436,0.41010385488279555,2.932179072697067,0.9949598138466409,0.576195968128568,2.5737954650025467,"x = P_level x + P_structure x, P_level the orthogonal projection onto spatially constant fields. Diagnostic; no threshold",4ef162320e09086a16f1e130b09a507d399438740647147560f339cd2aa60069
TOTAL_FLUX,TSVD,3.0,OFF_GRID_OOD,8,0.41429583471357984,0.29956535167345166,0.4140802892906038,916.6718317090742,0.9999999598601026,0.5827774657365812,1471.696801732173,"x = P_level x + P_structure x, P_level the orthogonal projection onto spatially constant fields. Diagnostic; no threshold",4ef162320e09086a16f1e130b09a507d399438740647147560f339cd2aa60069
TOTAL_FLUX,RIDGE_IDENTITY,3.0,IN_CLASS_ID,8,0.47042955082408455,0.4049001117583624,0.38648150071331877,1.7990264473431483,0.9838218863433618,0.5679611855344868,1.6885297967319586,"x = P_level x + P_structure x, P_level the orthogonal projection onto spatially constant fields. Diagnostic; no threshold",4ef162320e09086a16f1e130b09a507d399438740647147560f339cd2aa60069
TOTAL_FLUX,RIDGE_IDENTITY,3.0,IN_CLASS_OOD,8,0.4092710414497308,0.3039011452388516,0.39790967794217547,32.58413260520594,0.999967713750053,0.5725565197033471,99.44274933373748,"x = P_level x + P_structure x, P_level the orthogonal projection onto spatially constant fields. Diagnostic; no threshold",4ef162320e09086a16f1e130b09a507d399438740647147560f339cd2aa60069
TOTAL_FLUX,RIDGE_IDENTITY,3.0,OFF_GRID_ID,8,0.4163056754669289,0.33115799106795063,0.3999681830092077,2.9032982233645876,0.9949598138466409,0.5727406397817741,2.563301287073446,"x = P_level x + P_structure x, P_level the orthogonal projection onto spatially constant fields. Diagnostic; no threshold",4ef162320e09086a16f1e130b09a507d399438740647147560f339cd2aa60069
TOTAL_FLUX,RIDGE_IDENTITY,3.0,OFF_GRID_OOD,8,0.4022729088015704,0.2940885913747228,0.40115157459333667,899.4204037162414,0.9999999598601026,0.5772117071969138,1514.1224741664223,"x = P_level x + P_structure x, P_level the orthogonal projection onto spatially constant fields. Diagnostic; no threshold",4ef162320e09086a16f1e130b09a507d399438740647147560f339cd2aa60069
TOTAL_FLUX,TIKHONOV_TEMPORAL,3.0,IN_CLASS_ID,8,2458548.3816325446,227205728.9125309,1971061.229877068,1049625894.2052507,0.9838218863433618,2917893.438996341,1572160872.7023165,"x = P_level x + P_structure x, P_level the orthogonal projection onto spatially constant fields. Diagnostic; no threshold",4ef162320e09086a16f1e130b09a507d399438740647147560f339cd2aa60069
TOTAL_FLUX,TIKHONOV_TEMPORAL,3.0,IN_CLASS_OOD,8,1957570.818386217,182684533.86882925,1908014.8681189097,17134656436.323833,0.999967713750053,2937769.7435989855,108569214673.1904,"x = P_level x + P_structure x, P_level the orthogonal projection onto spatially constant fields. Diagnostic; no threshold",4ef162320e09086a16f1e130b09a507d399438740647147560f339cd2aa60069
TOTAL_FLUX,TIKHONOV_TEMPORAL,3.0,OFF_GRID_ID,8,2032076.071249393,188591959.0826261,1937148.9103274634,1678431065.7090533,0.9949598138466409,2884690.065785354,2625814251.22031,"x = P_level x + P_structure x, P_level the orthogonal projection onto spatially constant fields. Diagnostic; no threshold",4ef162320e09086a16f1e130b09a507d399438740647147560f339cd2aa60069
TOTAL_FLUX,TIKHONOV_TEMPORAL,3.0,OFF_GRID_OOD,8,1885416.435020147,175594935.04054046,1884702.3858195948,477688852549.97815,0.9999999598601026,2849769.1731346194,1889971215829.3765,"x = P_level x + P_structure x, P_level the orthogonal projection onto spatially constant fields. Diagnostic; no threshold",4ef162320e09086a16f1e130b09a507d399438740647147560f339cd2aa60069
TOTAL_FLUX,WIENER_GAUSSIAN,3.0,IN_CLASS_ID,8,0.13117888441484354,0.2921939933075165,0.11900931666016024,1.3365369446698854,0.9838218863433618,0.1192963986655638,1.3558290042514973,"x = P_level x + P_structure x, P_level the orthogonal projection onto spatially constant fields. Diagnostic; no threshold",4ef162320e09086a16f1e130b09a507d399438740647147560f339cd2aa60069
TOTAL_FLUX,WIENER_GAUSSIAN,3.0,IN_CLASS_OOD,8,0.12198058699437969,0.2484564109659366,0.1196616858883071,31.12715903150273,0.999967713750053,0.11107877385011311,109.13827960197786,"x = P_level x + P_structure x, P_level the orthogonal projection onto spatially constant fields. Diagnostic; no threshold",4ef162320e09086a16f1e130b09a507d399438740647147560f339cd2aa60069
TOTAL_FLUX,WIENER_GAUSSIAN,3.0,OFF_GRID_ID,8,0.12130423488313283,0.2586964404082756,0.11828444884227735,2.5475677582286043,0.9949598138466409,0.11830781150339548,2.5425235269852235,"x = P_level x + P_structure x, P_level the orthogonal projection onto spatially constant fields. Diagnostic; no threshold",4ef162320e09086a16f1e130b09a507d399438740647147560f339cd2aa60069
TOTAL_FLUX,WIENER_GAUSSIAN,3.0,OFF_GRID_OOD,8,0.12370136699439158,0.24070695986323476,0.12359558730761819,849.0680902091443,0.9999999598601026,0.12330845259140058,1675.9925247571734,"x = P_level x + P_structure x, P_level the orthogonal projection onto spatially constant fields. Diagnostic; no threshold",4ef162320e09086a16f1e130b09a507d399438740647147560f339cd2aa60069
TOTAL_FLUX,LINEAR_STATE_SPACE,3.0,IN_CLASS_ID,8,3.4776197040208183,33.3796767396051,2.7536851930598436,158.04397692552757,0.9838218863433618,4.536451980391262,248.73034851283603,"x = P_level x + P_structure x, P_level the orthogonal projection onto spatially constant fields. Diagnostic; no threshold",4ef162320e09086a16f1e130b09a507d399438740647147560f339cd2aa60069
TOTAL_FLUX,LINEAR_STATE_SPACE,3.0,IN_CLASS_OOD,8,4.054480711283208,32.58176620095165,3.9737409546767197,3106.6759532437454,0.999967713750053,6.274265358293855,20384.627760336516,"x = P_level x + P_structure x, P_level the orthogonal projection onto spatially constant fields. Diagnostic; no threshold",4ef162320e09086a16f1e130b09a507d399438740647147560f339cd2aa60069
TOTAL_FLUX,LINEAR_STATE_SPACE,3.0,OFF_GRID_ID,8,3.414043193767358,33.17939302215143,3.261401427635256,305.89524664209404,0.9949598138466409,5.350088022152855,493.55671604462145,"x = P_level x + P_structure x, P_level the orthogonal projection onto spatially constant fields. Diagnostic; no threshold",4ef162320e09086a16f1e130b09a507d399438740647147560f339cd2aa60069
TOTAL_FLUX,LINEAR_STATE_SPACE,3.0,OFF_GRID_OOD,8,4.044155508160849,32.80882342381673,4.04294504585352,89506.27988072023,0.9999999598601026,6.345415288047342,353738.1579484834,"x = P_level x + P_structure x, P_level the orthogonal projection onto spatially constant fields. Diagnostic; no threshold",4ef162320e09086a16f1e130b09a507d399438740647147560f339cd2aa60069
TOTAL_FLUX,TSVD,10.0,IN_CLASS_ID,8,0.45127589113125166,0.373706635131936,0.3691524794026262,1.6956034939424576,0.9838218863433618,0.568680843781666,1.6251272158231276,"x = P_level x + P_structure x, P_level the orthogonal projection onto spatially constant fields. Diagnostic; no threshold",4ef162320e09086a16f1e130b09a507d399438740647147560f339cd2aa60069
TOTAL_FLUX,TSVD,10.0,IN_CLASS_OOD,8,0.3796379547580135,0.2683537934181245,0.36830956772641366,29.980853389877353,0.999967713750053,0.5775135174389279,92.31166567276496,"x = P_level x + P_structure x, P_level the orthogonal projection onto spatially constant fields. Diagnostic; no threshold",4ef162320e09086a16f1e130b09a507d399438740647147560f339cd2aa60069
TOTAL_FLUX,TSVD,10.0,OFF_GRID_ID,8,0.3868832099302243,0.29437611627878,0.3732523352663786,2.589368159369056,0.9949598138466409,0.5780964665711408,2.3456882103586674,"x = P_level x + P_structure x, P_level the orthogonal projection onto spatially constant fields. Diagnostic; no threshold",4ef162320e09086a16f1e130b09a507d399438740647147560f339cd2aa60069
TOTAL_FLUX,TSVD,10.0,OFF_GRID_OOD,8,0.37195890725650305,0.2621770793029435,0.3715956203867792,824.8912033845709,0.9999999598601026,0.5845084510067196,1367.7859374107113,"x = P_level x + P_structure x, P_level the orthogonal projection onto spatially constant fields. Diagnostic; no threshold",4ef162320e09086a16f1e130b09a507d399438740647147560f339cd2aa60069
TOTAL_FLUX,RIDGE_IDENTITY,10.0,IN_CLASS_ID,8,0.3925769594234494,0.3991308671057073,0.3251145186171167,1.7805139285541929,0.9838218863433618,0.459243561380199,1.7360112925440798,"x = P_level x + P_structure x, P_level the orthogonal projection onto spatially constant fields. Diagnostic; no threshold",4ef162320e09086a16f1e130b09a507d399438740647147560f339cd2aa60069
TOTAL_FLUX,RIDGE_IDENTITY,10.0,IN_CLASS_OOD,8,0.34797671973415056,0.2860842292837469,0.33855733988724523,32.221124766735166,0.999967713750053,0.4886636027783263,99.86577532189091,"x = P_level x + P_structure x, P_level the orthogonal projection onto spatially constant fields. Diagnostic; no threshold",4ef162320e09086a16f1e130b09a507d399438740647147560f339cd2aa60069
TOTAL_FLUX,RIDGE_IDENTITY,10.0,OFF_GRID_ID,8,0.3555484371923063,0.32471876869624844,0.3406575357967917,2.902475276100313,0.9949598138466409,0.47560419270207954,2.698806695217262,"x = P_level x + P_structure x, P_level the orthogonal projection onto spatially constant fields. Diagnostic; no threshold",4ef162320e09086a16f1e130b09a507d399438740647147560f339cd2aa60069
TOTAL_FLUX,RIDGE_IDENTITY,10.0,OFF_GRID_OOD,8,0.34376500924930925,0.27923643066936393,0.34374030845900205,876.1275972104138,0.9999999598601026,0.5004439995413177,1614.3343743768814,"x = P_level x + P_structure x, P_level the orthogonal projection onto spatially constant fields. Diagnostic; no threshold",4ef162320e09086a16f1e130b09a507d399438740647147560f339cd2aa60069
TOTAL_FLUX,TIKHONOV_TEMPORAL,10.0,IN_CLASS_ID,8,2467530.159291025,227588464.51535863,1953608.2879792503,1049754081.6088449,0.9838218863433618,2904968.839951919,1580720204.3504272,"x = P_level x + P_structure x, P_level the orthogonal projection onto spatially constant fields. Diagnostic; no threshold",4ef162320e09086a16f1e130b09a507d399438740647147560f339cd2aa60069
TOTAL_FLUX,TIKHONOV_TEMPORAL,10.0,IN_CLASS_OOD,8,1949499.3670608117,182726678.75867373,1898924.3224813016,17249021354.748497,0.999967713750053,3016162.7744724127,108760588979.85043,"x = P_level x + P_structure x, P_level the orthogonal projection onto spatially constant fields. Diagnostic; no threshold",4ef162320e09086a16f1e130b09a507d399438740647147560f339cd2aa60069
TOTAL_FLUX,TIKHONOV_TEMPORAL,10.0,OFF_GRID_ID,8,1997160.1566930916,188950294.11275715,1906989.986778265,1682464402.088871,0.9949598138466409,2925364.538230666,2637020589.064607,"x = P_level x + P_structure x, P_level the orthogonal projection onto spatially constant fields. Diagnostic; no threshold",4ef162320e09086a16f1e130b09a507d399438740647147560f339cd2aa60069
TOTAL_FLUX,TIKHONOV_TEMPORAL,10.0,OFF_GRID_OOD,8,1873020.3039655958,176090611.45797604,1870345.809541041,478111219245.0094,0.9999999598601026,2923065.3767108023,1902843882120.212,"x = P_level x + P_structure x, P_level the orthogonal projection onto spatially constant fields. Diagnostic; no threshold",4ef162320e09086a16f1e130b09a507d399438740647147560f339cd2aa60069
TOTAL_FLUX,WIENER_GAUSSIAN,10.0,IN_CLASS_ID,8,0.17747331856846127,0.36429899162259516,0.16517437722125017,1.6406729281477914,0.9838218863433618,0.165214991568227,1.6493049860297586,"x = P_level x + P_structure x, P_level the orthogonal projection onto spatially constant fields. Diagnostic; no threshold",4ef162320e09086a16f1e130b09a507d399438740647147560f339cd2aa60069
TOTAL_FLUX,WIENER_GAUSSIAN,10.0,IN_CLASS_OOD,8,0.16632868688533453,0.32984767698856565,0.16574678835556805,41.44623986865237,0.999967713750053,0.16086377728852377,143.69806145068634,"x = P_level x + P_structure x, P_level the orthogonal projection onto spatially constant fields. Diagnostic; no threshold",4ef162320e09086a16f1e130b09a507d399438740647147560f339cd2aa60069
TOTAL_FLUX,WIENER_GAUSSIAN,10.0,OFF_GRID_ID,8,0.17008244099541986,0.3350676081905088,0.16804515665847503,3.272061509147078,0.9949598138466409,0.16808022012214094,3.264440920456958,"x = P_level x + P_structure x, P_level the orthogonal projection onto spatially constant fields. Diagnostic; no threshold",4ef162320e09086a16f1e130b09a507d399438740647147560f339cd2aa60069
TOTAL_FLUX,WIENER_GAUSSIAN,10.0,OFF_GRID_OOD,8,0.1699010386810167,0.32409537189104953,0.16986523313121155,1143.7377642750098,0.9999999598601026,0.16981091212929883,2253.7778015999656,"x = P_level x + P_structure x, P_level the orthogonal projection onto spatially constant fields. Diagnostic; no threshold",4ef162320e09086a16f1e130b09a507d399438740647147560f339cd2aa60069
TOTAL_FLUX,LINEAR_STATE_SPACE,10.0,IN_CLASS_ID,8,1.6718992032153652,11.908082655250174,1.3169928871016496,54.57393698572215,0.9838218863433618,2.0629102881314028,83.94853098708826,"x = P_level x + P_structure x, P_level the orthogonal projection onto spatially constant fields. Diagnostic; no threshold",4ef162320e09086a16f1e130b09a507d399438740647147560f339cd2aa60069
TOTAL_FLUX,LINEAR_STATE_SPACE,10.0,IN_CLASS_OOD,8,1.2807893855037655,10.173503656077209,1.2553955909175083,1062.1631238328468,0.999967713750053,1.8683874245970418,6520.301749667846,"x = P_level x + P_structure x, P_level the orthogonal projection onto spatially constant fields. Diagnostic; no threshold",4ef162320e09086a16f1e130b09a507d399438740647147560f339cd2aa60069
TOTAL_FLUX,LINEAR_STATE_SPACE,10.0,OFF_GRID_ID,8,1.4483401728757714,11.166462383042663,1.3737769589775377,102.84219171028674,0.9949598138466409,2.146352358930446,167.0704320749895,"x = P_level x + P_structure x, P_level the orthogonal projection onto spatially constant fields. Diagnostic; no threshold",4ef162320e09086a16f1e130b09a507d399438740647147560f339cd2aa60069
TOTAL_FLUX,LINEAR_STATE_SPACE,10.0,OFF_GRID_OOD,8,1.2342538091460855,10.18457508040758,1.233660671861559,27793.605418686617,0.9999999598601026,1.8375554394137579,123500.77268548975,"x = P_level x + P_structure x, P_level the orthogonal projection onto spatially constant fields. Diagnostic; no threshold",4ef162320e09086a16f1e130b09a507d399438740647147560f339cd2aa60069
TOTAL_FLUX,TSVD,30.0,IN_CLASS_ID,8,0.307741222932906,0.3696122320129551,0.2494851188578031,1.6917228160907452,0.9838218863433618,0.3223320378659098,1.6921734231365275,"x = P_level x + P_structure x, P_level the orthogonal projection onto spatially constant fields. Diagnostic; no threshold",4ef162320e09086a16f1e130b09a507d399438740647147560f339cd2aa60069
TOTAL_FLUX,TSVD,30.0,IN_CLASS_OOD,8,0.284134462210666,0.2691527962489024,0.2767012862472391,32.24161157579401,0.999967713750053,0.3539776267522675,105.37705897550511,"x = P_level x + P_structure x, P_level the orthogonal projection onto spatially constant fields. Diagnostic; no threshold",4ef162320e09086a16f1e130b09a507d399438740647147560f339cd2aa60069
TOTAL_FLUX,TSVD,30.0,OFF_GRID_ID,8,0.27808318207272187,0.29197310947811866,0.2647081523091558,2.686225357612785,0.9949598138466409,0.3402899116947032,2.590420022888968,"x = P_level x + P_structure x, P_level the orthogonal projection onto spatially constant fields. Diagnostic; no threshold",4ef162320e09086a16f1e130b09a507d399438740647147560f339cd2aa60069
TOTAL_FLUX,TSVD,30.0,OFF_GRID_OOD,8,0.281075279550148,0.2603235160931304,0.28075821106190274,854.6007307992134,0.9999999598601026,0.3596619396573138,1630.5358713305823,"x = P_level x + P_structure x, P_level the orthogonal projection onto spatially constant fields. Diagnostic; no threshold",4ef162320e09086a16f1e130b09a507d399438740647147560f339cd2aa60069
TOTAL_FLUX,RIDGE_IDENTITY,30.0,IN_CLASS_ID,8,0.33450267035936065,0.36429410745800966,0.27621896811335456,1.6693735084058845,0.9838218863433618,0.3587403816843595,1.6570139828323827,"x = P_level x + P_structure x, P_level the orthogonal projection onto spatially constant fields. Diagnostic; no threshold",4ef162320e09086a16f1e130b09a507d399438740647147560f339cd2aa60069
TOTAL_FLUX,RIDGE_IDENTITY,30.0,IN_CLASS_OOD,8,0.3040312886478566,0.26317291285527966,0.29549317762284355,30.96085952358436,0.999967713750053,0.38554613393836584,98.23150649865292,"x = P_level x + P_structure x, P_level the orthogonal projection onto spatially constant fields. Diagnostic; no threshold",4ef162320e09086a16f1e130b09a507d399438740647147560f339cd2aa60069
TOTAL_FLUX,RIDGE_IDENTITY,30.0,OFF_GRID_ID,8,0.29964763398396127,0.2861717726043372,0.2878826034576925,2.6174181501520746,0.9949598138466409,0.3728889989799542,2.492162494411075,"x = P_level x + P_structure x, P_level the orthogonal projection onto spatially constant fields. Diagnostic; no threshold",4ef162320e09086a16f1e130b09a507d399438740647147560f339cd2aa60069
TOTAL_FLUX,RIDGE_IDENTITY,30.0,OFF_GRID_OOD,8,0.2965724471475155,0.2548268844835637,0.29645708318624686,838.281588540069,0.9999999598601026,0.3956805821537894,1538.4161100757856,"x = P_level x + P_structure x, P_level the orthogonal projection onto spatially constant fields. Diagnostic; no threshold",4ef162320e09086a16f1e130b09a507d399438740647147560f339cd2aa60069
TOTAL_FLUX,TIKHONOV_TEMPORAL,30.0,IN_CLASS_ID,8,2465237.008522031,227541700.6478563,1945164.3313074065,1050002109.3828167,0.9838218863433618,2910854.7670667768,1577007899.0808892,"x = P_level x + P_structure x, P_level the orthogonal projection onto spatially constant fields. Diagnostic; no threshold",4ef162320e09086a16f1e130b09a507d399438740647147560f339cd2aa60069
TOTAL_FLUX,TIKHONOV_TEMPORAL,30.0,IN_CLASS_OOD,8,1933624.1840967499,182339191.3858187,1895170.1387790358,17214492174.290024,0.999967713750053,3040378.9363783975,108376326513.3338,"x = P_level x + P_structure x, P_level the orthogonal projection onto spatially constant fields. Diagnostic; no threshold",4ef162320e09086a16f1e130b09a507d399438740647147560f339cd2aa60069
TOTAL_FLUX,TIKHONOV_TEMPORAL,30.0,OFF_GRID_ID,8,1968068.0633103922,188581077.3342883,1893273.3145595938,1686659726.9886413,0.9949598138466409,2905541.0117673427,2650679427.4383574,"x = P_level x + P_structure x, P_level the orthogonal projection onto spatially constant fields. Diagnostic; no threshold",4ef162320e09086a16f1e130b09a507d399438740647147560f339cd2aa60069
TOTAL_FLUX,TIKHONOV_TEMPORAL,30.0,OFF_GRID_OOD,8,1856508.6526898267,176267043.44785577,1856737.1250651611,476892259489.48865,0.9999999598601026,2925090.2030790923,1888662422936.5205,"x = P_level x + P_structure x, P_level the orthogonal projection onto spatially constant fields. Diagnostic; no threshold",4ef162320e09086a16f1e130b09a507d399438740647147560f339cd2aa60069
TOTAL_FLUX,WIENER_GAUSSIAN,30.0,IN_CLASS_ID,8,0.1906773716432654,0.3850402533281523,0.17872722557972545,1.737590279353327,0.9838218863433618,0.178694897191809,1.7477332822789111,"x = P_level x + P_structure x, P_level the orthogonal projection onto spatially constant fields. Diagnostic; no threshold",4ef162320e09086a16f1e130b09a507d399438740647147560f339cd2aa60069
TOTAL_FLUX,WIENER_GAUSSIAN,30.0,IN_CLASS_OOD,8,0.18404324693948926,0.35312870647520966,0.18218686984046217,44.380954985808316,0.999967713750053,0.17823639033212552,153.8873142025031,"x = P_level x + P_structure x, P_level the orthogonal projection onto spatially constant fields. Diagnostic; no threshold",4ef162320e09086a16f1e130b09a507d399438740647147560f339cd2aa60069
TOTAL_FLUX,WIENER_GAUSSIAN,30.0,OFF_GRID_ID,8,0.18531906029486994,0.35718437687636184,0.1835009387880962,3.496371238229705,0.9949598138466409,0.18352006615023564,3.4924902936076934,"x = P_level x + P_structure x, P_level the orthogonal projection onto spatially constant fields. Diagnostic; no threshold",4ef162320e09086a16f1e130b09a507d399438740647147560f339cd2aa60069
TOTAL_FLUX,WIENER_GAUSSIAN,30.0,OFF_GRID_OOD,8,0.1852922736303455,0.34738631668648984,0.18526073427680506,1224.5851974346906,0.9999999598601026,0.18517317925547364,2418.3988229100205,"x = P_level x + P_structure x, P_level the orthogonal projection onto spatially constant fields. Diagnostic; no threshold",4ef162320e09086a16f1e130b09a507d399438740647147560f339cd2aa60069
TOTAL_FLUX,LINEAR_STATE_SPACE,30.0,IN_CLASS_ID,8,1.372065436133873,7.176558022470866,1.0886251213642835,33.52252875246057,0.9838218863433618,1.8263651896775432,49.37251531876153,"x = P_level x + P_structure x, P_level the orthogonal projection onto spatially constant fields. Diagnostic; no threshold",4ef162320e09086a16f1e130b09a507d399438740647147560f339cd2aa60069
TOTAL_FLUX,LINEAR_STATE_SPACE,30.0,IN_CLASS_OOD,8,1.0671654181262547,5.922030228709426,1.0283580069059948,536.0067752251407,0.999967713750053,1.6640210879288801,3270.439960076047,"x = P_level x + P_structure x, P_level the orthogonal projection onto spatially constant fields. Diagnostic; no threshold",4ef162320e09086a16f1e130b09a507d399438740647147560f339cd2aa60069
TOTAL_FLUX,LINEAR_STATE_SPACE,30.0,OFF_GRID_ID,8,1.1181272739635397,6.210984714473653,1.0553088882300359,56.19259155633863,0.9949598138466409,1.75898392283796,87.60284397648667,"x = P_level x + P_structure x, P_level the orthogonal projection onto spatially constant fields. Diagnostic; no threshold",4ef162320e09086a16f1e130b09a507d399438740647147560f339cd2aa60069
TOTAL_FLUX,LINEAR_STATE_SPACE,30.0,OFF_GRID_OOD,8,1.0230254110304196,5.848580535537581,1.0227875356837304,15792.307923414457,0.9999999598601026,1.6365853743793162,62705.77514651246,"x = P_level x + P_structure x, P_level the orthogonal projection onto spatially constant fields. Diagnostic; no threshold",4ef162320e09086a16f1e130b09a507d399438740647147560f339cd2aa60069
TOTAL_FLUX,TSVD,100.0,IN_CLASS_ID,8,0.2798900619334911,0.39001220197516295,0.22744828980884907,1.7576015100564062,0.9838218863433618,0.2259465726719525,1.7095079078592994,"x = P_level x + P_structure x, P_level the orthogonal projection onto spatially constant fields. Diagnostic; no threshold",4ef162320e09086a16f1e130b09a507d399438740647147560f339cd2aa60069
TOTAL_FLUX,TSVD,100.0,IN_CLASS_OOD,8,0.24054076193953244,0.2721674975424194,0.23433830424389984,32.37229899434635,0.999967713750053,0.21253056662630915,107.74829741485613,"x = P_level x + P_structure x, P_level the orthogonal projection onto spatially constant fields. Diagnostic; no threshold",4ef162320e09086a16f1e130b09a507d399438740647147560f339cd2aa60069
TOTAL_FLUX,TSVD,100.0,OFF_GRID_ID,8,0.24901272786204603,0.30298233891278215,0.23682892154533067,2.8253298382796403,0.9949598138466409,0.23496213059995075,2.65425360114623,"x = P_level x + P_structure x, P_level the orthogonal projection onto spatially constant fields. Diagnostic; no threshold",4ef162320e09086a16f1e130b09a507d399438740647147560f339cd2aa60069
TOTAL_FLUX,TSVD,100.0,OFF_GRID_OOD,8,0.23867948009875933,0.263178234705167,0.23851089647230556,973.6698890007895,0.9999999598601026,0.21421739696302566,1647.131399671077,"x = P_level x + P_structure x, P_level the orthogonal projection onto spatially constant fields. Diagnostic; no threshold",4ef162320e09086a16f1e130b09a507d399438740647147560f339cd2aa60069
TOTAL_FLUX,RIDGE_IDENTITY,100.0,IN_CLASS_ID,8,0.29226898844352633,0.36490117422103213,0.2357039841341374,1.6792209527980393,0.9838218863433618,0.28612645172067097,1.662332098668367,"x = P_level x + P_structure x, P_level the orthogonal projection onto spatially constant fields. Diagnostic; no threshold",4ef162320e09086a16f1e130b09a507d399438740647147560f339cd2aa60069
TOTAL_FLUX,RIDGE_IDENTITY,100.0,IN_CLASS_OOD,8,0.26993294533514056,0.2634348340636805,0.2625089242009048,31.55391558761678,0.999967713750053,0.29339597351712904,102.6934862575336,"x = P_level x + P_structure x, P_level the orthogonal projection onto spatially constant fields. Diagnostic; no threshold",4ef162320e09086a16f1e130b09a507d399438740647147560f339cd2aa60069
TOTAL_FLUX,RIDGE_IDENTITY,100.0,OFF_GRID_ID,8,0.2630896517622868,0.2871543473718008,0.25165132548264996,2.6426676638129813,0.9949598138466409,0.29418596004388364,2.5435926795126567,"x = P_level x + P_structure x, P_level the orthogonal projection onto spatially constant fields. Diagnostic; no threshold",4ef162320e09086a16f1e130b09a507d399438740647147560f339cd2aa60069
TOTAL_FLUX,RIDGE_IDENTITY,100.0,OFF_GRID_OOD,8,0.266052705909437,0.25533850273113234,0.2658816968762402,876.4692273588753,0.9999999598601026,0.29809859258008237,1621.6263048810742,"x = P_level x + P_structure x, P_level the orthogonal projection onto spatially constant fields. Diagnostic; no threshold",4ef162320e09086a16f1e130b09a507d399438740647147560f339cd2aa60069
TOTAL_FLUX,TIKHONOV_TEMPORAL,100.0,IN_CLASS_ID,8,2468087.4948134306,227472933.71502754,1942996.84131618,1049116322.6336423,0.9838218863433618,2905157.3902035626,1577077423.9235568,"x = P_level x + P_structure x, P_level the orthogonal projection onto spatially constant fields. Diagnostic; no threshold",4ef162320e09086a16f1e130b09a507d399438740647147560f339cd2aa60069
TOTAL_FLUX,TIKHONOV_TEMPORAL,100.0,IN_CLASS_OOD,8,1936741.9826100655,182378229.76029205,1896427.078407416,17232423090.80591,0.999967713750053,3022757.024057243,108421538870.47743,"x = P_level x + P_structure x, P_level the orthogonal projection onto spatially constant fields. Diagnostic; no threshold",4ef162320e09086a16f1e130b09a507d399438740647147560f339cd2aa60069
TOTAL_FLUX,TIKHONOV_TEMPORAL,100.0,OFF_GRID_ID,8,1966203.561098329,188589409.83697265,1892165.2209466216,1683457626.9630756,0.9949598138466409,2905575.5704004364,2645117837.7948284,"x = P_level x + P_structure x, P_level the orthogonal projection onto spatially constant fields. Diagnostic; no threshold",4ef162320e09086a16f1e130b09a507d399438740647147560f339cd2aa60069
TOTAL_FLUX,TIKHONOV_TEMPORAL,100.0,OFF_GRID_OOD,8,1851195.992855607,176178415.650805,1850145.2638737906,477933585833.7616,0.9999999598601026,2915025.394217195,1884703476613.1768,"x = P_level x + P_structure x, P_level the orthogonal projection onto spatially constant fields. Diagnostic; no threshold",4ef162320e09086a16f1e130b09a507d399438740647147560f339cd2aa60069
TOTAL_FLUX,WIENER_GAUSSIAN,100.0,IN_CLASS_ID,8,0.19607593310802018,0.392555417014956,0.18210997523778427,1.7714669171261992,0.9838218863433618,0.18208570911931143,1.7817253427081785,"x = P_level x + P_structure x, P_level the orthogonal projection onto spatially constant fields. Diagnostic; no threshold",4ef162320e09086a16f1e130b09a507d399438740647147560f339cd2aa60069
TOTAL_FLUX,WIENER_GAUSSIAN,100.0,IN_CLASS_OOD,8,0.1888206586635444,0.36123944725105994,0.1872574592891622,45.3389012346998,0.999967713750053,0.18382356159982144,157.23685265525185,"x = P_level x + P_structure x, P_level the orthogonal projection onto spatially constant fields. Diagnostic; no threshold",4ef162320e09086a16f1e130b09a507d399438740647147560f339cd2aa60069
TOTAL_FLUX,WIENER_GAUSSIAN,100.0,OFF_GRID_ID,8,0.19065578959827684,0.3651051775452768,0.1887529525182995,3.5739422788153177,0.9949598138466409,0.18875239012323422,3.5703040853523165,"x = P_level x + P_structure x, P_level the orthogonal projection onto spatially constant fields. Diagnostic; no threshold",4ef162320e09086a16f1e130b09a507d399438740647147560f339cd2aa60069
TOTAL_FLUX,WIENER_GAUSSIAN,100.0,OFF_GRID_OOD,8,0.1905222571229982,0.3555067570807973,0.19047759842746742,1252.515336645417,0.9999999598601026,0.190420130736899,2473.5350675684963,"x = P_level x + P_structure x, P_level the orthogonal projection onto spatially constant fields. Diagnostic; no threshold",4ef162320e09086a16f1e130b09a507d399438740647147560f339cd2aa60069
TOTAL_FLUX,LINEAR_STATE_SPACE,100.0,IN_CLASS_ID,8,1.3806724044930188,6.303697960395839,1.1066497453115514,29.619121623368486,0.9838218863433618,1.878722518621521,42.507766431778734,"x = P_level x + P_structure x, P_level the orthogonal projection onto spatially constant fields. Diagnostic; no threshold",4ef162320e09086a16f1e130b09a507d399438740647147560f339cd2aa60069
TOTAL_FLUX,LINEAR_STATE_SPACE,100.0,IN_CLASS_OOD,8,1.139261065676251,4.9426553034047505,1.1198660034930357,463.9056511959013,0.999967713750053,1.900468142268501,2789.0347281572904,"x = P_level x + P_structure x, P_level the orthogonal projection onto spatially constant fields. Diagnostic; no threshold",4ef162320e09086a16f1e130b09a507d399438740647147560f339cd2aa60069
TOTAL_FLUX,LINEAR_STATE_SPACE,100.0,OFF_GRID_ID,8,1.1586984909037463,5.17667713909799,1.0965602320162833,44.68791748271637,0.9949598138466409,1.8507635023782374,70.66252642564852,"x = P_level x + P_structure x, P_level the orthogonal projection onto spatially constant fields. Diagnostic; no threshold",4ef162320e09086a16f1e130b09a507d399438740647147560f339cd2aa60069
TOTAL_FLUX,LINEAR_STATE_SPACE,100.0,OFF_GRID_OOD,8,1.1113360183427898,4.825498334491709,1.1115393680418966,12942.985989172723,0.9999999598601026,1.8629491641993123,50146.25432358044,"x = P_level x + P_structure x, P_level the orthogonal projection onto spatially constant fields. Diagnostic; no threshold",4ef162320e09086a16f1e130b09a507d399438740647147560f339cd2aa60069
TOTAL_FLUX,TSVD,300.0,IN_CLASS_ID,8,0.29360997690339996,0.3700545567843987,0.23786314889255122,1.7040178920282025,0.9838218863433618,0.231036547126411,1.6674938910678494,"x = P_level x + P_structure x, P_level the orthogonal projection onto spatially constant fields. Diagnostic; no threshold",4ef162320e09086a16f1e130b09a507d399438740647147560f339cd2aa60069
TOTAL_FLUX,TSVD,300.0,IN_CLASS_OOD,8,0.25688879950628174,0.2602508647908816,0.25342442482304817,31.5696550913258,0.999967713750053,0.2473933215696449,101.21146753483703,"x = P_level x + P_structure x, P_level the orthogonal projection onto spatially constant fields. Diagnostic; no threshold",4ef162320e09086a16f1e130b09a507d399438740647147560f339cd2aa60069
TOTAL_FLUX,TSVD,300.0,OFF_GRID_ID,8,0.2644424672915955,0.28481949361144854,0.25057703445803076,2.6650852555428477,0.9949598138466409,0.2397475417863961,2.548961434381951,"x = P_level x + P_structure x, P_level the orthogonal projection onto spatially constant fields. Diagnostic; no threshold",4ef162320e09086a16f1e130b09a507d399438740647147560f339cd2aa60069
TOTAL_FLUX,TSVD,300.0,OFF_GRID_OOD,8,0.25799214803731163,0.25405642504722414,0.25793478577890977,865.491477631504,0.9999999598601026,0.25283434673940275,1597.197323808823,"x = P_level x + P_structure x, P_level the orthogonal projection onto spatially constant fields. Diagnostic; no threshold",4ef162320e09086a16f1e130b09a507d399438740647147560f339cd2aa60069
TOTAL_FLUX,RIDGE_IDENTITY,300.0,IN_CLASS_ID,8,0.23136743635362556,0.37622884116015703,0.18467450068759866,1.722898957596386,0.9838218863433618,0.17665287923688888,1.6919972094472153,"x = P_level x + P_structure x, P_level the orthogonal projection onto spatially constant fields. Diagnostic; no threshold",4ef162320e09086a16f1e130b09a507d399438740647147560f339cd2aa60069
TOTAL_FLUX,RIDGE_IDENTITY,300.0,IN_CLASS_OOD,8,0.20429876094377686,0.2724602711974369,0.20115463433430208,33.819879019354445,0.999967713750053,0.1879896259463122,106.190922833608,"x = P_level x + P_structure x, P_level the orthogonal projection onto spatially constant fields. Diagnostic; no threshold",4ef162320e09086a16f1e130b09a507d399438740647147560f339cd2aa60069
TOTAL_FLUX,RIDGE_IDENTITY,300.0,OFF_GRID_ID,8,0.20159399861861396,0.3016562289732598,0.1905905188788198,2.77585978864251,0.9949598138466409,0.1787821391013607,2.638142490439235,"x = P_level x + P_structure x, P_level the orthogonal projection onto spatially constant fields. Diagnostic; no threshold",4ef162320e09086a16f1e130b09a507d399438740647147560f339cd2aa60069
TOTAL_FLUX,RIDGE_IDENTITY,300.0,OFF_GRID_OOD,8,0.20049322650900603,0.26582301761758786,0.2005015902417686,905.2322861341536,0.9999999598601026,0.1913636353489509,1758.1047667610246,"x = P_level x + P_structure x, P_level the orthogonal projection onto spatially constant fields. Diagnostic; no threshold",4ef162320e09086a16f1e130b09a507d399438740647147560f339cd2aa60069
TOTAL_FLUX,TIKHONOV_TEMPORAL,300.0,IN_CLASS_ID,8,2469427.7605979675,227463209.89258373,1944716.0469730012,1049216893.9047041,0.9838218863433618,2905591.146427351,1576688382.5274525,"x = P_level x + P_structure x, P_level the orthogonal projection onto spatially constant fields. Diagnostic; no threshold",4ef162320e09086a16f1e130b09a507d399438740647147560f339cd2aa60069
TOTAL_FLUX,TIKHONOV_TEMPORAL,300.0,IN_CLASS_OOD,8,1934995.0425284482,182345452.103491,1898880.0248361363,17244490212.355537,0.999967713750053,3027892.3682764904,108391059246.58054,"x = P_level x + P_structure x, P_level the orthogonal projection onto spatially constant fields. Diagnostic; no threshold",4ef162320e09086a16f1e130b09a507d399438740647147560f339cd2aa60069
TOTAL_FLUX,TIKHONOV_TEMPORAL,300.0,OFF_GRID_ID,8,1967169.504676666,188510057.60380596,1891513.014529596,1682609316.935354,0.9949598138466409,2906231.7954251105,2646416251.794647,"x = P_level x + P_structure x, P_level the orthogonal projection onto spatially constant fields. Diagnostic; no threshold",4ef162320e09086a16f1e130b09a507d399438740647147560f339cd2aa60069
TOTAL_FLUX,TIKHONOV_TEMPORAL,300.0,OFF_GRID_OOD,8,1852047.6364450413,176155889.10729778,1851007.0394930448,478118922572.69257,0.9999999598601026,2911825.681529765,1885525406734.5256,"x = P_level x + P_structure x, P_level the orthogonal projection onto spatially constant fields. Diagnostic; no threshold",4ef162320e09086a16f1e130b09a507d399438740647147560f339cd2aa60069
TOTAL_FLUX,WIENER_GAUSSIAN,300.0,IN_CLASS_ID,8,0.19740716521121476,0.39480298286490445,0.18376485282274352,1.7815110689757132,0.9838218863433618,0.18373264813149498,1.7933434593724944,"x = P_level x + P_structure x, P_level the orthogonal projection onto spatially constant fields. Diagnostic; no threshold",4ef162320e09086a16f1e130b09a507d399438740647147560f339cd2aa60069
TOTAL_FLUX,WIENER_GAUSSIAN,300.0,IN_CLASS_OOD,8,0.1901785228638203,0.3636489970108562,0.18902228239376628,45.61644109875637,0.999967713750053,0.18501238412411158,158.26252952594285,"x = P_level x + P_structure x, P_level the orthogonal projection onto spatially constant fields. Diagnostic; no threshold",4ef162320e09086a16f1e130b09a507d399438740647147560f339cd2aa60069
TOTAL_FLUX,WIENER_GAUSSIAN,300.0,OFF_GRID_ID,8,0.1921434334037475,0.36738329265343594,0.19055292870033358,3.595343048755997,0.9949598138466409,0.1905555281043302,3.591993756815434,"x = P_level x + P_structure x, P_level the orthogonal projection onto spatially constant fields. Diagnostic; no threshold",4ef162320e09086a16f1e130b09a507d399438740647147560f339cd2aa60069
TOTAL_FLUX,WIENER_GAUSSIAN,300.0,OFF_GRID_OOD,8,0.19182493620287838,0.35788768361556766,0.19180731583555105,1261.0609942558453,0.9999999598601026,0.19176962174110013,2490.7233171383004,"x = P_level x + P_structure x, P_level the orthogonal projection onto spatially constant fields. Diagnostic; no threshold",4ef162320e09086a16f1e130b09a507d399438740647147560f339cd2aa60069
TOTAL_FLUX,LINEAR_STATE_SPACE,300.0,IN_CLASS_ID,8,1.3923816552755224,6.165725846074497,1.1139452237692906,29.192369790832277,0.9838218863433618,1.8730329503132854,42.18326495843011,"x = P_level x + P_structure x, P_level the orthogonal projection onto spatially constant fields. Diagnostic; no threshold",4ef162320e09086a16f1e130b09a507d399438740647147560f339cd2aa60069
TOTAL_FLUX,LINEAR_STATE_SPACE,300.0,IN_CLASS_OOD,8,1.111038761607563,4.733382710957045,1.0713784287321,440.385997698418,0.999967713750053,1.8324828570641931,2652.7256118361806,"x = P_level x + P_structure x, P_level the orthogonal projection onto spatially constant fields. Diagnostic; no threshold",4ef162320e09086a16f1e130b09a507d399438740647147560f339cd2aa60069
TOTAL_FLUX,LINEAR_STATE_SPACE,300.0,OFF_GRID_ID,8,1.1529187969715136,5.118254076375054,1.0840485209656903,44.0439749438448,0.9949598138466409,1.8147836449770134,68.71393564275476,"x = P_level x + P_structure x, P_level the orthogonal projection onto spatially constant fields. Diagnostic; no threshold",4ef162320e09086a16f1e130b09a507d399438740647147560f339cd2aa60069
TOTAL_FLUX,LINEAR_STATE_SPACE,300.0,OFF_GRID_OOD,8,1.0509045027612038,4.574380173099283,1.0511616314661205,12377.527612644997,0.9999999598601026,1.7592610906206518,48511.19539499843,"x = P_level x + P_structure x, P_level the orthogonal projection onto spatially constant fields. Diagnostic; no threshold",4ef162320e09086a16f1e130b09a507d399438740647147560f339cd2aa60069
TOTAL_FLUX,TSVD,1000.0,IN_CLASS_ID,8,0.17325144192014477,0.35488651595855225,0.14028378326539986,1.629286274095067,0.9838218863433618,0.13388133533681548,1.6561729042608686,"x = P_level x + P_structure x, P_level the orthogonal projection onto spatially constant fields. Diagnostic; no threshold",4ef162320e09086a16f1e130b09a507d399438740647147560f339cd2aa60069
TOTAL_FLUX,TSVD,1000.0,IN_CLASS_OOD,8,0.1509226048405072,0.2506893395710503,0.14813836240451722,31.001884931566373,0.999967713750053,0.1488302599411004,107.51690701087432,"x = P_level x + P_structure x, P_level the orthogonal projection onto spatially constant fields. Diagnostic; no threshold",4ef162320e09086a16f1e130b09a507d399438740647147560f339cd2aa60069
TOTAL_FLUX,TSVD,1000.0,OFF_GRID_ID,8,0.1561466906332135,0.27829026684913327,0.14907156904289542,2.60640004315789,0.9949598138466409,0.1459041563157515,2.5743631232635047,"x = P_level x + P_structure x, P_level the orthogonal projection onto spatially constant fields. Diagnostic; no threshold",4ef162320e09086a16f1e130b09a507d399438740647147560f339cd2aa60069
TOTAL_FLUX,TSVD,1000.0,OFF_GRID_OOD,8,0.14986716624092133,0.2439001656124491,0.14950212621542175,856.3325692465329,0.9999999598601026,0.151456574556334,1677.8129825377746,"x = P_level x + P_structure x, P_level the orthogonal projection onto spatially constant fields. Diagnostic; no threshold",4ef162320e09086a16f1e130b09a507d399438740647147560f339cd2aa60069
TOTAL_FLUX,RIDGE_IDENTITY,1000.0,IN_CLASS_ID,8,0.19086898172525998,0.3618532601208029,0.1536380675455578,1.6711680689729942,0.9838218863433618,0.1430046668785021,1.6908267182630812,"x = P_level x + P_structure x, P_level the orthogonal projection onto spatially constant fields. Diagnostic; no threshold",4ef162320e09086a16f1e130b09a507d399438740647147560f339cd2aa60069
TOTAL_FLUX,RIDGE_IDENTITY,1000.0,IN_CLASS_OOD,8,0.1612548698555981,0.25893183118933416,0.15944036749350188,32.10186863784193,0.999967713750053,0.14973138947705844,111.29432439331143,"x = P_level x + P_structure x, P_level the orthogonal projection onto spatially constant fields. Diagnostic; no threshold",4ef162320e09086a16f1e130b09a507d399438740647147560f339cd2aa60069
TOTAL_FLUX,RIDGE_IDENTITY,1000.0,OFF_GRID_ID,8,0.16955245921106493,0.2907052862661922,0.16367419390528898,2.7060491319810924,0.9949598138466409,0.15545514412400455,2.6449272870272456,"x = P_level x + P_structure x, P_level the orthogonal projection onto spatially constant fields. Diagnostic; no threshold",4ef162320e09086a16f1e130b09a507d399438740647147560f339cd2aa60069
TOTAL_FLUX,RIDGE_IDENTITY,1000.0,OFF_GRID_OOD,8,0.16109508704587805,0.2517241863952924,0.16106135825606283,875.6573165600475,0.9999999598601026,0.15222501894434165,1720.301845455464,"x = P_level x + P_structure x, P_level the orthogonal projection onto spatially constant fields. Diagnostic; no threshold",4ef162320e09086a16f1e130b09a507d399438740647147560f339cd2aa60069
TOTAL_FLUX,TIKHONOV_TEMPORAL,1000.0,IN_CLASS_ID,8,2469049.801859028,227467693.14162743,1944577.9442704166,1049160123.1699888,0.9838218863433618,2905859.5500492547,1576719993.6553698,"x = P_level x + P_structure x, P_level the orthogonal projection onto spatially constant fields. Diagnostic; no threshold",4ef162320e09086a16f1e130b09a507d399438740647147560f339cd2aa60069
TOTAL_FLUX,TIKHONOV_TEMPORAL,1000.0,IN_CLASS_OOD,8,1938688.1530362237,182349346.81221214,1897883.7145222868,17239281055.16524,0.999967713750053,3025214.5033105733,108391176496.69473,"x = P_level x + P_structure x, P_level the orthogonal projection onto spatially constant fields. Diagnostic; no threshold",4ef162320e09086a16f1e130b09a507d399438740647147560f339cd2aa60069
TOTAL_FLUX,TIKHONOV_TEMPORAL,1000.0,OFF_GRID_ID,8,1968025.83543549,188529205.1330856,1891443.6425733622,1682515210.3924365,0.9949598138466409,2907204.92911685,2646047235.9443235,"x = P_level x + P_structure x, P_level the orthogonal projection onto spatially constant fields. Diagnostic; no threshold",4ef162320e09086a16f1e130b09a507d399438740647147560f339cd2aa60069
TOTAL_FLUX,TIKHONOV_TEMPORAL,1000.0,OFF_GRID_OOD,8,1851257.285465199,176146025.2024668,1850588.6923432564,478085662688.97266,0.9999999598601026,2910982.6773148077,1885224022129.3403,"x = P_level x + P_structure x, P_level the orthogonal projection onto spatially constant fields. Diagnostic; no threshold",4ef162320e09086a16f1e130b09a507d399438740647147560f339cd2aa60069
TOTAL_FLUX,WIENER_GAUSSIAN,1000.0,IN_CLASS_ID,8,0.19796437204866785,0.39554075031999125,0.1841798509377094,1.7846357991965158,0.9838218863433618,0.18411967887891773,1.796642544555357,"x = P_level x + P_structure x, P_level the orthogonal projection onto spatially constant fields. Diagnostic; no threshold",4ef162320e09086a16f1e130b09a507d399438740647147560f339cd2aa60069
TOTAL_FLUX,WIENER_GAUSSIAN,1000.0,IN_CLASS_OOD,8,0.1909043453543786,0.3644506192269996,0.18947739372283892,45.7169643229722,0.999967713750053,0.18559289095613402,158.62144977940326,"x = P_level x + P_structure x, P_level the orthogonal projection onto spatially constant fields. Diagnostic; no threshold",4ef162320e09086a16f1e130b09a507d399438740647147560f339cd2aa60069
TOTAL_FLUX,WIENER_GAUSSIAN,1000.0,OFF_GRID_ID,8,0.1926806877185637,0.3681936692825249,0.19097444925367218,3.603209716214009,0.9949598138466409,0.1909817415069875,3.599080095173686,"x = P_level x + P_structure x, P_level the orthogonal projection onto spatially constant fields. Diagnostic; no threshold",4ef162320e09086a16f1e130b09a507d399438740647147560f339cd2aa60069
TOTAL_FLUX,WIENER_GAUSSIAN,1000.0,OFF_GRID_OOD,8,0.19241824606985736,0.3587025397536362,0.19239186213794324,1263.9985493022086,0.9999999598601026,0.19240354186259528,2495.95508798801,"x = P_level x + P_structure x, P_level the orthogonal projection onto spatially constant fields. Diagnostic; no threshold",4ef162320e09086a16f1e130b09a507d399438740647147560f339cd2aa60069
TOTAL_FLUX,LINEAR_STATE_SPACE,1000.0,IN_CLASS_ID,8,1.4066243030164698,6.147970909917552,1.1149401441859925,29.087786257835038,0.9838218863433618,1.8794872989721734,41.73138051884771,"x = P_level x + P_structure x, P_level the orthogonal projection onto spatially constant fields. Diagnostic; no threshold",4ef162320e09086a16f1e130b09a507d399438740647147560f339cd2aa60069
TOTAL_FLUX,LINEAR_STATE_SPACE,1000.0,IN_CLASS_OOD,8,1.125651768267001,4.721572858555476,1.1088665934669795,440.61794466926943,0.999967713750053,1.863535132312049,2664.8719429892676,"x = P_level x + P_structure x, P_level the orthogonal projection onto spatially constant fields. Diagnostic; no threshold",4ef162320e09086a16f1e130b09a507d399438740647147560f339cd2aa60069
TOTAL_FLUX,LINEAR_STATE_SPACE,1000.0,OFF_GRID_ID,8,1.1527147910156232,5.100117844069743,1.091186127128164,43.632242498068166,0.9949598138466409,1.8251704129495767,68.08027131624009,"x = P_level x + P_structure x, P_level the orthogonal projection onto spatially constant fields. Diagnostic; no threshold",4ef162320e09086a16f1e130b09a507d399438740647147560f339cd2aa60069
TOTAL_FLUX,LINEAR_STATE_SPACE,1000.0,OFF_GRID_OOD,8,1.0863105688175878,4.551022682446479,1.0859418059989687,12273.28952852057,0.9999999598601026,1.7991864019824,48987.642744714525,"x = P_level x + P_structure x, P_level the orthogonal projection onto spatially constant fields. Diagnostic; no threshold",4ef162320e09086a16f1e130b09a507d399438740647147560f339cd2aa60069
TOTAL_FLUX,TSVD,3000.0,IN_CLASS_ID,8,0.1631586654944513,0.3355091408973578,0.13498296031918722,1.5899002418423112,0.9838218863433618,0.12476500857163536,1.6348844930070792,"x = P_level x + P_structure x, P_level the orthogonal projection onto spatially constant fields. Diagnostic; no threshold",4ef162320e09086a16f1e130b09a507d399438740647147560f339cd2aa60069
TOTAL_FLUX,TSVD,3000.0,IN_CLASS_OOD,8,0.1416894253320912,0.23846527394662909,0.1393892472281068,28.782616481658195,0.999967713750053,0.13474176785434366,101.2929087119156,"x = P_level x + P_structure x, P_level the orthogonal projection onto spatially constant fields. Diagnostic; no threshold",4ef162320e09086a16f1e130b09a507d399438740647147560f339cd2aa60069
TOTAL_FLUX,TSVD,3000.0,OFF_GRID_ID,8,0.14305878994797516,0.25945047015556827,0.13893828925956436,2.505619129892824,0.9949598138466409,0.13305857975979068,2.515524971567179,"x = P_level x + P_structure x, P_level the orthogonal projection onto spatially constant fields. Diagnostic; no threshold",4ef162320e09086a16f1e130b09a507d399438740647147560f339cd2aa60069
TOTAL_FLUX,TSVD,3000.0,OFF_GRID_OOD,8,0.13997367002315572,0.2310987140794123,0.13980869471642426,823.460596087201,0.9999999598601026,0.13533219907776375,1645.3500712621997,"x = P_level x + P_structure x, P_level the orthogonal projection onto spatially constant fields. Diagnostic; no threshold",4ef162320e09086a16f1e130b09a507d399438740647147560f339cd2aa60069
TOTAL_FLUX,RIDGE_IDENTITY,3000.0,IN_CLASS_ID,8,0.19683525778916766,0.34275674015201774,0.15525087140651947,1.6048315315513992,0.9838218863433618,0.14304694485254887,1.622125557628383,"x = P_level x + P_structure x, P_level the orthogonal projection onto spatially constant fields. Diagnostic; no threshold",4ef162320e09086a16f1e130b09a507d399438740647147560f339cd2aa60069
TOTAL_FLUX,RIDGE_IDENTITY,3000.0,IN_CLASS_OOD,8,0.16684182615860793,0.24264935319407765,0.16309530825874935,29.705919451238557,0.999967713750053,0.14804921002654162,100.80884469555312,"x = P_level x + P_structure x, P_level the orthogonal projection onto spatially constant fields. Diagnostic; no threshold",4ef162320e09086a16f1e130b09a507d399438740647147560f339cd2aa60069
TOTAL_FLUX,RIDGE_IDENTITY,3000.0,OFF_GRID_ID,8,0.17482536561660833,0.2626883548529442,0.16517790705045685,2.5259684221577183,0.9949598138466409,0.14839933206228328,2.4884076787080938,"x = P_level x + P_structure x, P_level the orthogonal projection onto spatially constant fields. Diagnostic; no threshold",4ef162320e09086a16f1e130b09a507d399438740647147560f339cd2aa60069
TOTAL_FLUX,RIDGE_IDENTITY,3000.0,OFF_GRID_OOD,8,0.16647527491157876,0.23677897445504265,0.16634798359374575,835.777931322262,0.9999999598601026,0.14846029220785648,1606.2335498026769,"x = P_level x + P_structure x, P_level the orthogonal projection onto spatially constant fields. Diagnostic; no threshold",4ef162320e09086a16f1e130b09a507d399438740647147560f339cd2aa60069
TOTAL_FLUX,TIKHONOV_TEMPORAL,3000.0,IN_CLASS_ID,8,2468904.1494502816,227464812.77568585,1944728.7841080069,1049135590.5917056,0.9838218863433618,2905943.460504464,1576729986.6089754,"x = P_level x + P_structure x, P_level the orthogonal projection onto spatially constant fields. Diagnostic; no threshold",4ef162320e09086a16f1e130b09a507d399438740647147560f339cd2aa60069
TOTAL_FLUX,TIKHONOV_TEMPORAL,3000.0,IN_CLASS_OOD,8,1938656.1908164306,182351524.6600067,1898298.6922161765,17239524273.283157,0.999967713750053,3025790.361080014,108390281951.55931,"x = P_level x + P_structure x, P_level the orthogonal projection onto spatially constant fields. Diagnostic; no threshold",4ef162320e09086a16f1e130b09a507d399438740647147560f339cd2aa60069
TOTAL_FLUX,TIKHONOV_TEMPORAL,3000.0,OFF_GRID_ID,8,1967334.3796722414,188518826.7727378,1891742.1973392267,1682555352.8398504,0.9949598138466409,2905670.224709494,2646055319.4343014,"x = P_level x + P_structure x, P_level the orthogonal projection onto spatially constant fields. Diagnostic; no threshold",4ef162320e09086a16f1e130b09a507d399438740647147560f339cd2aa60069
TOTAL_FLUX,TIKHONOV_TEMPORAL,3000.0,OFF_GRID_OOD,8,1851238.6352062388,176143221.5510143,1850586.559128086,478082085997.8457,0.9999999598601026,2911211.959668522,1885211664143.0605,"x = P_level x + P_structure x, P_level the orthogonal projection onto spatially constant fields. Diagnostic; no threshold",4ef162320e09086a16f1e130b09a507d399438740647147560f339cd2aa60069
TOTAL_FLUX,WIENER_GAUSSIAN,3000.0,IN_CLASS_ID,8,0.19812783806007433,0.39575061446918275,0.1842763687643449,1.7856214157565922,0.9838218863433618,0.1842079702238894,1.7976360139650707,"x = P_level x + P_structure x, P_level the orthogonal projection onto spatially constant fields. Diagnostic; no threshold",4ef162320e09086a16f1e130b09a507d399438740647147560f339cd2aa60069
TOTAL_FLUX,WIENER_GAUSSIAN,3000.0,IN_CLASS_OOD,8,0.1910518762151534,0.364682958468791,0.18962046285002282,45.74809850583827,0.999967713750053,0.1857005804097943,158.7246196956349,"x = P_level x + P_structure x, P_level the orthogonal projection onto spatially constant fields. Diagnostic; no threshold",4ef162320e09086a16f1e130b09a507d399438740647147560f339cd2aa60069
TOTAL_FLUX,WIENER_GAUSSIAN,3000.0,OFF_GRID_ID,8,0.19284537384707506,0.3684201908039603,0.1911591234348151,3.605257812368337,0.9949598138466409,0.19116167306900786,3.601251136838469,"x = P_level x + P_structure x, P_level the orthogonal projection onto spatially constant fields. Diagnostic; no threshold",4ef162320e09086a16f1e130b09a507d399438740647147560f339cd2aa60069
TOTAL_FLUX,WIENER_GAUSSIAN,3000.0,OFF_GRID_OOD,8,0.1925612277265511,0.3589389440749893,0.19254065261056574,1264.8585590309713,0.9999999598601026,0.19254712662345475,2497.5055095209977,"x = P_level x + P_structure x, P_level the orthogonal projection onto spatially constant fields. Diagnostic; no threshold",4ef162320e09086a16f1e130b09a507d399438740647147560f339cd2aa60069
TOTAL_FLUX,LINEAR_STATE_SPACE,3000.0,IN_CLASS_ID,8,1.406345436602594,6.145269041906614,1.1147608802170956,29.0559490090079,0.9838218863433618,1.8780867524494602,41.70661063649928,"x = P_level x + P_structure x, P_level the orthogonal projection onto spatially constant fields. Diagnostic; no threshold",4ef162320e09086a16f1e130b09a507d399438740647147560f339cd2aa60069
TOTAL_FLUX,LINEAR_STATE_SPACE,3000.0,IN_CLASS_OOD,8,1.1169533464062904,4.754966447643473,1.0939727149375515,438.7372008762122,0.999967713750053,1.8608351462259598,2667.834865428991,"x = P_level x + P_structure x, P_level the orthogonal projection onto spatially constant fields. Diagnostic; no threshold",4ef162320e09086a16f1e130b09a507d399438740647147560f339cd2aa60069
TOTAL_FLUX,LINEAR_STATE_SPACE,3000.0,OFF_GRID_ID,8,1.1446201218057521,5.098157716191945,1.0906766262915726,43.649416148278306,0.9949598138466409,1.8365993180702582,68.3389703104094,"x = P_level x + P_structure x, P_level the orthogonal projection onto spatially constant fields. Diagnostic; no threshold",4ef162320e09086a16f1e130b09a507d399438740647147560f339cd2aa60069
TOTAL_FLUX,LINEAR_STATE_SPACE,3000.0,OFF_GRID_OOD,8,1.0853802689241199,4.54406519701447,1.084846780316695,12246.190028224453,0.9999999598601026,1.8026428112673494,48822.607571453394,"x = P_level x + P_structure x, P_level the orthogonal projection onto spatially constant fields. Diagnostic; no threshold",4ef162320e09086a16f1e130b09a507d399438740647147560f339cd2aa60069
TOTAL_FLUX,TSVD,10000.0,IN_CLASS_ID,8,0.162661934816405,0.3330786094561391,0.1342391445963163,1.5851584767979978,0.9838218863433618,0.12266969918642132,1.6300182531753895,"x = P_level x + P_structure x, P_level the orthogonal projection onto spatially constant fields. Diagnostic; no threshold",4ef162320e09086a16f1e130b09a507d399438740647147560f339cd2aa60069
TOTAL_FLUX,TSVD,10000.0,IN_CLASS_OOD,8,0.13983003269650712,0.23526537262015756,0.13729158057022706,28.81745892413192,0.999967713750053,0.1333062569523854,102.94850179962036,"x = P_level x + P_structure x, P_level the orthogonal projection onto spatially constant fields. Diagnostic; no threshold",4ef162320e09086a16f1e130b09a507d399438740647147560f339cd2aa60069
TOTAL_FLUX,TSVD,10000.0,OFF_GRID_ID,8,0.1419728373899326,0.25628929538316914,0.1376612202958648,2.4959759381050795,0.9949598138466409,0.13177736257934974,2.5098559458812817,"x = P_level x + P_structure x, P_level the orthogonal projection onto spatially constant fields. Diagnostic; no threshold",4ef162320e09086a16f1e130b09a507d399438740647147560f339cd2aa60069
TOTAL_FLUX,TSVD,10000.0,OFF_GRID_OOD,8,0.13578713284823857,0.2284916170193627,0.13569097360773738,805.3611443243135,0.9999999598601026,0.13364639168370274,1624.5341167310921,"x = P_level x + P_structure x, P_level the orthogonal projection onto spatially constant fields. Diagnostic; no threshold",4ef162320e09086a16f1e130b09a507d399438740647147560f339cd2aa60069
TOTAL_FLUX,RIDGE_IDENTITY,10000.0,IN_CLASS_ID,8,0.19971212227385782,0.33950878124652917,0.15897075750312767,1.5934556593302565,0.9838218863433618,0.14227506681935131,1.6066325367292553,"x = P_level x + P_structure x, P_level the orthogonal projection onto spatially constant fields. Diagnostic; no threshold",4ef162320e09086a16f1e130b09a507d399438740647147560f339cd2aa60069
TOTAL_FLUX,RIDGE_IDENTITY,10000.0,IN_CLASS_OOD,8,0.1693122343948267,0.2396365130291196,0.16493974133326259,29.46525942489618,0.999967713750053,0.14721284254599734,101.10524516732434,"x = P_level x + P_structure x, P_level the orthogonal projection onto spatially constant fields. Diagnostic; no threshold",4ef162320e09086a16f1e130b09a507d399438740647147560f339cd2aa60069
TOTAL_FLUX,RIDGE_IDENTITY,10000.0,OFF_GRID_ID,8,0.17579512246356138,0.2571257717127904,0.1665048671961826,2.49698184736587,0.9949598138466409,0.14918767239873437,2.4704481964357434,"x = P_level x + P_structure x, P_level the orthogonal projection onto spatially constant fields. Diagnostic; no threshold",4ef162320e09086a16f1e130b09a507d399438740647147560f339cd2aa60069
TOTAL_FLUX,RIDGE_IDENTITY,10000.0,OFF_GRID_OOD,8,0.16818304630040862,0.23483918524397684,0.16776761356856446,823.5950860930855,0.9999999598601026,0.14403092896789746,1608.4256829168944,"x = P_level x + P_structure x, P_level the orthogonal projection onto spatially constant fields. Diagnostic; no threshold",4ef162320e09086a16f1e130b09a507d399438740647147560f339cd2aa60069
TOTAL_FLUX,TIKHONOV_TEMPORAL,10000.0,IN_CLASS_ID,8,2469004.529258483,227464152.59477067,1944788.6585197942,1049131374.3818247,0.9838218863433618,2906097.9837930053,1576726032.9206758,"x = P_level x + P_structure x, P_level the orthogonal projection onto spatially constant fields. Diagnostic; no threshold",4ef162320e09086a16f1e130b09a507d399438740647147560f339cd2aa60069
TOTAL_FLUX,TIKHONOV_TEMPORAL,10000.0,IN_CLASS_OOD,8,1938303.413998447,182352148.3952328,1897895.0153239162,17239567834.010574,0.999967713750053,3025674.967677678,108388214090.14655,"x = P_level x + P_structure x, P_level the orthogonal projection onto spatially constant fields. Diagnostic; no threshold",4ef162320e09086a16f1e130b09a507d399438740647147560f339cd2aa60069
TOTAL_FLUX,TIKHONOV_TEMPORAL,10000.0,OFF_GRID_ID,8,1967542.0929302126,188514077.73872602,1891993.603591569,1682596378.0676808,0.9949598138466409,2905779.659571096,2646042194.645275,"x = P_level x + P_structure x, P_level the orthogonal projection onto spatially constant fields. Diagnostic; no threshold",4ef162320e09086a16f1e130b09a507d399438740647147560f339cd2aa60069
TOTAL_FLUX,TIKHONOV_TEMPORAL,10000.0,OFF_GRID_OOD,8,1851006.9991473565,176142093.0798058,1850765.1989277736,478087422651.21533,0.9999999598601026,2910785.2194660166,1885220297305.972,"x = P_level x + P_structure x, P_level the orthogonal projection onto spatially constant fields. Diagnostic; no threshold",4ef162320e09086a16f1e130b09a507d399438740647147560f339cd2aa60069
TOTAL_FLUX,WIENER_GAUSSIAN,10000.0,IN_CLASS_ID,8,0.19817959348292846,0.3958274898613202,0.18432121442720661,1.7860065981955975,0.9838218863433618,0.18427006732962248,1.79796680519447,"x = P_level x + P_structure x, P_level the orthogonal projection onto spatially constant fields. Diagnostic; no threshold",4ef162320e09086a16f1e130b09a507d399438740647147560f339cd2aa60069
TOTAL_FLUX,WIENER_GAUSSIAN,10000.0,IN_CLASS_OOD,8,0.19110271458466715,0.3647630183073624,0.18969312380140732,45.75752983043663,0.999967713750053,0.18574993506957477,158.75841489837575,"x = P_level x + P_structure x, P_level the orthogonal projection onto spatially constant fields. Diagnostic; no threshold",4ef162320e09086a16f1e130b09a507d399438740647147560f339cd2aa60069
TOTAL_FLUX,WIENER_GAUSSIAN,10000.0,OFF_GRID_ID,8,0.19290101541219157,0.36850356259143113,0.19120405872970153,3.6060362805942114,0.9949598138466409,0.1912053934371854,3.6020353795934392,"x = P_level x + P_structure x, P_level the orthogonal projection onto spatially constant fields. Diagnostic; no threshold",4ef162320e09086a16f1e130b09a507d399438740647147560f339cd2aa60069
TOTAL_FLUX,WIENER_GAUSSIAN,10000.0,OFF_GRID_OOD,8,0.19262237343948332,0.35901562147680577,0.19259334122756744,1265.1433630552312,0.9999999598601026,0.1926099943146226,2498.0632927295105,"x = P_level x + P_structure x, P_level the orthogonal projection onto spatially constant fields. Diagnostic; no threshold",4ef162320e09086a16f1e130b09a507d399438740647147560f339cd2aa60069
TOTAL_FLUX,LINEAR_STATE_SPACE,10000.0,IN_CLASS_ID,8,1.4050268251603426,6.141347711778458,1.1168232255581887,29.063598053952248,0.9838218863433618,1.8802198422027878,41.69553049078194,"x = P_level x + P_structure x, P_level the orthogonal projection onto spatially constant fields. Diagnostic; no threshold",4ef162320e09086a16f1e130b09a507d399438740647147560f339cd2aa60069
TOTAL_FLUX,LINEAR_STATE_SPACE,10000.0,IN_CLASS_OOD,8,1.1197383550244155,4.742049879742929,1.0955104358296384,439.03087928624177,0.999967713750053,1.8630365961114472,2670.4744041538684,"x = P_level x + P_structure x, P_level the orthogonal projection onto spatially constant fields. Diagnostic; no threshold",4ef162320e09086a16f1e130b09a507d399438740647147560f339cd2aa60069
TOTAL_FLUX,LINEAR_STATE_SPACE,10000.0,OFF_GRID_ID,8,1.146832097587529,5.095267425676914,1.0923300881566147,43.652612598213636,0.9949598138466409,1.8352296885351884,68.23854991461178,"x = P_level x + P_structure x, P_level the orthogonal projection onto spatially constant fields. Diagnostic; no threshold",4ef162320e09086a16f1e130b09a507d399438740647147560f339cd2aa60069
TOTAL_FLUX,LINEAR_STATE_SPACE,10000.0,OFF_GRID_OOD,8,1.088733094006725,4.545884047141961,1.0881215789674596,12228.989373160537,0.9999999598601026,1.798676990737281,48831.04604106929,"x = P_level x + P_structure x, P_level the orthogonal projection onto spatially constant fields. Diagnostic; no threshold",4ef162320e09086a16f1e130b09a507d399438740647147560f339cd2aa60069
TOTAL_FLUX,TSVD,30000.0,IN_CLASS_ID,8,0.16328871703207024,0.3328226171877686,0.13423343031947627,1.5833882452809704,0.9838218863433618,0.12263992007874105,1.631741723541543,"x = P_level x + P_structure x, P_level the orthogonal projection onto spatially constant fields. Diagnostic; no threshold",4ef162320e09086a16f1e130b09a507d399438740647147560f339cd2aa60069
TOTAL_FLUX,TSVD,30000.0,IN_CLASS_OOD,8,0.14119214260457652,0.23456248143621758,0.13880077282984576,28.682589678717484,0.999967713750053,0.13378594716978714,102.97587813472614,"x = P_level x + P_structure x, P_level the orthogonal projection onto spatially constant fields. Diagnostic; no threshold",4ef162320e09086a16f1e130b09a507d399438740647147560f339cd2aa60069
TOTAL_FLUX,TSVD,30000.0,OFF_GRID_ID,8,0.14253641831238667,0.2557557511577896,0.1379732747746808,2.4874979114262867,0.9949598138466409,0.13148033791508207,2.5105049382354228,"x = P_level x + P_structure x, P_level the orthogonal projection onto spatially constant fields. Diagnostic; no threshold",4ef162320e09086a16f1e130b09a507d399438740647147560f339cd2aa60069
TOTAL_FLUX,TSVD,30000.0,OFF_GRID_OOD,8,0.1387319590163326,0.22816602615594953,0.13849216971590528,809.330388069105,0.9999999598601026,0.13410450371219018,1612.490947177526,"x = P_level x + P_structure x, P_level the orthogonal projection onto spatially constant fields. Diagnostic; no threshold",4ef162320e09086a16f1e130b09a507d399438740647147560f339cd2aa60069
TOTAL_FLUX,RIDGE_IDENTITY,30000.0,IN_CLASS_ID,8,0.20156546838382522,0.33903366378614197,0.15953504910990152,1.5936571620960924,0.9838218863433618,0.14328575865410537,1.6072357923048552,"x = P_level x + P_structure x, P_level the orthogonal projection onto spatially constant fields. Diagnostic; no threshold",4ef162320e09086a16f1e130b09a507d399438740647147560f339cd2aa60069
TOTAL_FLUX,RIDGE_IDENTITY,30000.0,IN_CLASS_OOD,8,0.1723966889681709,0.23967466293778372,0.1691338375927351,29.318943137350203,0.999967713750053,0.14966130483450002,100.08285802720158,"x = P_level x + P_structure x, P_level the orthogonal projection onto spatially constant fields. Diagnostic; no threshold",4ef162320e09086a16f1e130b09a507d399438740647147560f339cd2aa60069
TOTAL_FLUX,RIDGE_IDENTITY,30000.0,OFF_GRID_ID,8,0.17624775622901556,0.25692807481582935,0.16652910917371666,2.500079761425306,0.9949598138466409,0.15217582426693332,2.472902102915043,"x = P_level x + P_structure x, P_level the orthogonal projection onto spatially constant fields. Diagnostic; no threshold",4ef162320e09086a16f1e130b09a507d399438740647147560f339cd2aa60069
TOTAL_FLUX,RIDGE_IDENTITY,30000.0,OFF_GRID_OOD,8,0.17154526419988408,0.23579260381913608,0.17144770647908555,822.6661019771547,0.9999999598601026,0.1517664025776464,1574.8502684356376,"x = P_level x + P_structure x, P_level the orthogonal projection onto spatially constant fields. Diagnostic; no threshold",4ef162320e09086a16f1e130b09a507d399438740647147560f339cd2aa60069
TOTAL_FLUX,TIKHONOV_TEMPORAL,30000.0,IN_CLASS_ID,8,2469071.0580731733,227464567.38854802,1944705.8101148168,1049135461.2965214,0.9838218863433618,2906115.749748042,1576728817.9363778,"x = P_level x + P_structure x, P_level the orthogonal projection onto spatially constant fields. Diagnostic; no threshold",4ef162320e09086a16f1e130b09a507d399438740647147560f339cd2aa60069
TOTAL_FLUX,TIKHONOV_TEMPORAL,30000.0,IN_CLASS_OOD,8,1938399.1932242247,182352028.72091126,1897995.5434612767,17239536773.096096,0.999967713750053,3025635.2857232084,108387999858.16745,"x = P_level x + P_structure x, P_level the orthogonal projection onto spatially constant fields. Diagnostic; no threshold",4ef162320e09086a16f1e130b09a507d399438740647147560f339cd2aa60069
TOTAL_FLUX,TIKHONOV_TEMPORAL,30000.0,OFF_GRID_ID,8,1967557.6101359809,188515113.21736002,1891944.9994814303,1682592969.5548553,0.9949598138466409,2905699.9059077213,2646050242.743745,"x = P_level x + P_structure x, P_level the orthogonal projection onto spatially constant fields. Diagnostic; no threshold",4ef162320e09086a16f1e130b09a507d399438740647147560f339cd2aa60069
TOTAL_FLUX,TIKHONOV_TEMPORAL,30000.0,OFF_GRID_OOD,8,1850992.3253709036,176142320.58080813,1850823.961245277,478087720394.343,0.9999999598601026,2910911.9930001087,1885213583596.039,"x = P_level x + P_structure x, P_level the orthogonal projection onto spatially constant fields. Diagnostic; no threshold",4ef162320e09086a16f1e130b09a507d399438740647147560f339cd2aa60069
TOTAL_FLUX,WIENER_GAUSSIAN,30000.0,IN_CLASS_ID,8,0.19819311019177002,0.39584856696468584,0.18433506396055507,1.7861187069521445,0.9838218863433618,0.18428502991435347,1.7980683171387057,"x = P_level x + P_structure x, P_level the orthogonal projection onto spatially constant fields. Diagnostic; no threshold",4ef162320e09086a16f1e130b09a507d399438740647147560f339cd2aa60069
TOTAL_FLUX,WIENER_GAUSSIAN,30000.0,IN_CLASS_OOD,8,0.19111847830452874,0.36478717482805245,0.18970725244305603,45.76047580275627,0.999967713750053,0.18576182053052634,158.76886855701622,"x = P_level x + P_structure x, P_level the orthogonal projection onto spatially constant fields. Diagnostic; no threshold",4ef162320e09086a16f1e130b09a507d399438740647147560f339cd2aa60069
TOTAL_FLUX,WIENER_GAUSSIAN,30000.0,OFF_GRID_ID,8,0.19291665824141283,0.3685256941593684,0.19121859542933017,3.6062605931487877,0.9949598138466409,0.19122160572050745,3.602255043944254,"x = P_level x + P_structure x, P_level the orthogonal projection onto spatially constant fields. Diagnostic; no threshold",4ef162320e09086a16f1e130b09a507d399438740647147560f339cd2aa60069
TOTAL_FLUX,WIENER_GAUSSIAN,30000.0,OFF_GRID_OOD,8,0.19263490179388235,0.3590394089649997,0.1926099451190853,1265.225840991452,0.9999999598601026,0.1926236043023506,2498.2259242844248,"x = P_level x + P_structure x, P_level the orthogonal projection onto spatially constant fields. Diagnostic; no threshold",4ef162320e09086a16f1e130b09a507d399438740647147560f339cd2aa60069
TOTAL_FLUX,LINEAR_STATE_SPACE,30000.0,IN_CLASS_ID,8,1.4056889712202727,6.142811832095868,1.1168703083017566,29.068686282710438,0.9838218863433618,1.882345972477581,41.70131420086234,"x = P_level x + P_structure x, P_level the orthogonal projection onto spatially constant fields. Diagnostic; no threshold",4ef162320e09086a16f1e130b09a507d399438740647147560f339cd2aa60069
TOTAL_FLUX,LINEAR_STATE_SPACE,30000.0,IN_CLASS_OOD,8,1.1197141972273572,4.744513359807913,1.0951897397885246,439.129070858983,0.999967713750053,1.8647724577858864,2668.6205101035134,"x = P_level x + P_structure x, P_level the orthogonal projection onto spatially constant fields. Diagnostic; no threshold",4ef162320e09086a16f1e130b09a507d399438740647147560f339cd2aa60069
TOTAL_FLUX,LINEAR_STATE_SPACE,30000.0,OFF_GRID_ID,8,1.1465089478042523,5.095424312473627,1.0923174251927865,43.64047111005054,0.9949598138466409,1.8372287348716638,68.29132461574007,"x = P_level x + P_structure x, P_level the orthogonal projection onto spatially constant fields. Diagnostic; no threshold",4ef162320e09086a16f1e130b09a507d399438740647147560f339cd2aa60069
TOTAL_FLUX,LINEAR_STATE_SPACE,30000.0,OFF_GRID_OOD,8,1.0883671044808338,4.544620288173029,1.0882863887337277,12235.702601590718,0.9999999598601026,1.795653263572289,48848.13587681553,"x = P_level x + P_structure x, P_level the orthogonal projection onto spatially constant fields. Diagnostic; no threshold",4ef162320e09086a16f1e130b09a507d399438740647147560f339cd2aa60069
TOTAL_FLUX,TSVD,100000.0,IN_CLASS_ID,8,0.15935473862550528,0.3554405426206926,0.13265973667211206,1.6506580382518594,0.9838218863433618,0.11743099065196343,1.6490305784449864,"x = P_level x + P_structure x, P_level the orthogonal projection onto spatially constant fields. Diagnostic; no threshold",4ef162320e09086a16f1e130b09a507d399438740647147560f339cd2aa60069
TOTAL_FLUX,TSVD,100000.0,IN_CLASS_OOD,8,0.14789363581692655,0.2493670520548597,0.14371659520999985,31.12658094294992,0.999967713750053,0.13149490282925794,107.08498077257816,"x = P_level x + P_structure x, P_level the orthogonal projection onto spatially constant fields. Diagnostic; no threshold",4ef162320e09086a16f1e130b09a507d399438740647147560f339cd2aa60069
TOTAL_FLUX,TSVD,100000.0,OFF_GRID_ID,8,0.14898552224090433,0.2761818077481029,0.14331642787852183,2.656779603466808,0.9949598138466409,0.12774576187333975,2.606845992731141,"x = P_level x + P_structure x, P_level the orthogonal projection onto spatially constant fields. Diagnostic; no threshold",4ef162320e09086a16f1e130b09a507d399438740647147560f339cd2aa60069
TOTAL_FLUX,TSVD,100000.0,OFF_GRID_OOD,8,0.14768055130112318,0.24272002458201808,0.1475878331563245,873.2128193257697,0.9999999598601026,0.1326001170825613,1712.3598147810408,"x = P_level x + P_structure x, P_level the orthogonal projection onto spatially constant fields. Diagnostic; no threshold",4ef162320e09086a16f1e130b09a507d399438740647147560f339cd2aa60069
TOTAL_FLUX,RIDGE_IDENTITY,100000.0,IN_CLASS_ID,8,0.20175423113423802,0.3388559007732763,0.15974135486776492,1.5940367503548762,0.9838218863433618,0.14330679184361406,1.6062833498538849,"x = P_level x + P_structure x, P_level the orthogonal projection onto spatially constant fields. Diagnostic; no threshold",4ef162320e09086a16f1e130b09a507d399438740647147560f339cd2aa60069
TOTAL_FLUX,RIDGE_IDENTITY,100000.0,IN_CLASS_OOD,8,0.17012111589801826,0.23939871501170662,0.1683829728885877,29.295681432410614,0.999967713750053,0.14774937777486172,100.66065679566714,"x = P_level x + P_structure x, P_level the orthogonal projection onto spatially constant fields. Diagnostic; no threshold",4ef162320e09086a16f1e130b09a507d399438740647147560f339cd2aa60069
TOTAL_FLUX,RIDGE_IDENTITY,100000.0,OFF_GRID_ID,8,0.17482091490169904,0.25653275789591196,0.16765140577902762,2.496880034407723,0.9949598138466409,0.15275635767379137,2.474771446768411,"x = P_level x + P_structure x, P_level the orthogonal projection onto spatially constant fields. Diagnostic; no threshold",4ef162320e09086a16f1e130b09a507d399438740647147560f339cd2aa60069
TOTAL_FLUX,RIDGE_IDENTITY,100000.0,OFF_GRID_OOD,8,0.1705524193331115,0.23581151791297333,0.17045384677614636,820.6679557690559,0.9999999598601026,0.15262528995402946,1587.545752974836,"x = P_level x + P_structure x, P_level the orthogonal projection onto spatially constant fields. Diagnostic; no threshold",4ef162320e09086a16f1e130b09a507d399438740647147560f339cd2aa60069
TOTAL_FLUX,TIKHONOV_TEMPORAL,100000.0,IN_CLASS_ID,8,2469085.568464167,227464400.6241225,1944736.8425794384,1049134303.4783144,0.9838218863433618,2906097.820420416,1576728635.5859785,"x = P_level x + P_structure x, P_level the orthogonal projection onto spatially constant fields. Diagnostic; no threshold",4ef162320e09086a16f1e130b09a507d399438740647147560f339cd2aa60069
TOTAL_FLUX,TIKHONOV_TEMPORAL,100000.0,IN_CLASS_OOD,8,1938407.931898562,182351801.9267112,1897987.8484900938,17239549926.896473,0.999967713750053,3025661.1715418734,108387938137.01862,"x = P_level x + P_structure x, P_level the orthogonal projection onto spatially constant fields. Diagnostic; no threshold",4ef162320e09086a16f1e130b09a507d399438740647147560f339cd2aa60069
TOTAL_FLUX,TIKHONOV_TEMPORAL,100000.0,OFF_GRID_ID,8,1967524.9845693307,188514915.41673505,1891985.857430309,1682590913.2502582,0.9949598138466409,2905702.0104749217,2646049036.9023113,"x = P_level x + P_structure x, P_level the orthogonal projection onto spatially constant fields. Diagnostic; no threshold",4ef162320e09086a16f1e130b09a507d399438740647147560f339cd2aa60069
TOTAL_FLUX,TIKHONOV_TEMPORAL,100000.0,OFF_GRID_OOD,8,1850996.708399659,176142413.50900218,1850803.3903544557,478087674267.46985,0.9999999598601026,2910914.6956657525,1885212679483.6953,"x = P_level x + P_structure x, P_level the orthogonal projection onto spatially constant fields. Diagnostic; no threshold",4ef162320e09086a16f1e130b09a507d399438740647147560f339cd2aa60069
TOTAL_FLUX,WIENER_GAUSSIAN,100000.0,IN_CLASS_ID,8,0.19819756227827992,0.3958559717558232,0.18433926728212824,1.7861566971818132,0.9838218863433618,0.18428895489792274,1.7981031638397207,"x = P_level x + P_structure x, P_level the orthogonal projection onto spatially constant fields. Diagnostic; no threshold",4ef162320e09086a16f1e130b09a507d399438740647147560f339cd2aa60069
TOTAL_FLUX,WIENER_GAUSSIAN,100000.0,IN_CLASS_OOD,8,0.19112522848377722,0.3647951762009879,0.18971087512878096,45.761499848693845,0.999967713750053,0.18576593176332162,158.77230627334285,"x = P_level x + P_structure x, P_level the orthogonal projection onto spatially constant fields. Diagnostic; no threshold",4ef162320e09086a16f1e130b09a507d399438740647147560f339cd2aa60069
TOTAL_FLUX,WIENER_GAUSSIAN,100000.0,OFF_GRID_ID,8,0.19292263361225886,0.36853397185957293,0.191222548313641,3.606339217656737,0.9949598138466409,0.19122653013034294,3.602337251513941,"x = P_level x + P_structure x, P_level the orthogonal projection onto spatially constant fields. Diagnostic; no threshold",4ef162320e09086a16f1e130b09a507d399438740647147560f339cd2aa60069
TOTAL_FLUX,WIENER_GAUSSIAN,100000.0,OFF_GRID_OOD,8,0.19264131268876838,0.3590471409654634,0.192614809444135,1265.2545482542628,0.9999999598601026,0.19262777293156158,2498.286025056112,"x = P_level x + P_structure x, P_level the orthogonal projection onto spatially constant fields. Diagnostic; no threshold",4ef162320e09086a16f1e130b09a507d399438740647147560f339cd2aa60069
TOTAL_FLUX,LINEAR_STATE_SPACE,100000.0,IN_CLASS_ID,8,1.4058861530387934,6.142843744696967,1.1169558086163405,29.064793078235116,0.9838218863433618,1.8816497042815663,41.7054373830039,"x = P_level x + P_structure x, P_level the orthogonal projection onto spatially constant fields. Diagnostic; no threshold",4ef162320e09086a16f1e130b09a507d399438740647147560f339cd2aa60069
TOTAL_FLUX,LINEAR_STATE_SPACE,100000.0,IN_CLASS_OOD,8,1.1192562112231499,4.744724647637353,1.0953181399354177,438.98338603333843,0.999967713750053,1.8656482275880126,2667.9320439781895,"x = P_level x + P_structure x, P_level the orthogonal projection onto spatially constant fields. Diagnostic; no threshold",4ef162320e09086a16f1e130b09a507d399438740647147560f339cd2aa60069
TOTAL_FLUX,LINEAR_STATE_SPACE,100000.0,OFF_GRID_ID,8,1.1467001382053987,5.09493479386234,1.09287736853635,43.626438769376726,0.9949598138466409,1.8371648350281098,68.27281577556,"x = P_level x + P_structure x, P_level the orthogonal projection onto spatially constant fields. Diagnostic; no threshold",4ef162320e09086a16f1e130b09a507d399438740647147560f339cd2aa60069
TOTAL_FLUX,LINEAR_STATE_SPACE,100000.0,OFF_GRID_OOD,8,1.0880179748388445,4.545630188244981,1.0878446853786097,12234.956468714343,0.9999999598601026,1.795157602323688,48823.23408182472,"x = P_level x + P_structure x, P_level the orthogonal projection onto spatially constant fields. Diagnostic; no threshold",4ef162320e09086a16f1e130b09a507d399438740647147560f339cd2aa60069
TOTAL_FLUX,TSVD,1000000.0,IN_CLASS_ID,8,0.13629973969570858,0.31994609405969165,0.11788047765468454,1.5072040174593546,0.9838218863433618,0.1206056110459138,1.5750422576876904,"x = P_level x + P_structure x, P_level the orthogonal projection onto spatially constant fields. Diagnostic; no threshold",4ef162320e09086a16f1e130b09a507d399438740647147560f339cd2aa60069
TOTAL_FLUX,TSVD,1000000.0,IN_CLASS_OOD,8,0.13056271716389342,0.22051098045771267,0.12904550448298654,27.500743653962676,0.999967713750053,0.1295218185049652,97.32592114025832,"x = P_level x + P_structure x, P_level the orthogonal projection onto spatially constant fields. Diagnostic; no threshold",4ef162320e09086a16f1e130b09a507d399438740647147560f339cd2aa60069
TOTAL_FLUX,TSVD,1000000.0,OFF_GRID_ID,8,0.12997596053368343,0.2501483974886137,0.12724882646091643,2.4205349852916456,0.9949598138466409,0.12782572448433,2.4611464610591662,"x = P_level x + P_structure x, P_level the orthogonal projection onto spatially constant fields. Diagnostic; no threshold",4ef162320e09086a16f1e130b09a507d399438740647147560f339cd2aa60069
TOTAL_FLUX,TSVD,1000000.0,OFF_GRID_OOD,8,0.13079651653186425,0.21732992861694195,0.13072059798567362,784.6734246490955,0.9999999598601026,0.1293413981272724,1596.6925717905076,"x = P_level x + P_structure x, P_level the orthogonal projection onto spatially constant fields. Diagnostic; no threshold",4ef162320e09086a16f1e130b09a507d399438740647147560f339cd2aa60069
TOTAL_FLUX,RIDGE_IDENTITY,1000000.0,IN_CLASS_ID,8,0.20158772360572966,0.33876577419434395,0.1599869121406622,1.593750461722387,0.9838218863433618,0.1435375076810707,1.606122943556615,"x = P_level x + P_structure x, P_level the orthogonal projection onto spatially constant fields. Diagnostic; no threshold",4ef162320e09086a16f1e130b09a507d399438740647147560f339cd2aa60069
TOTAL_FLUX,RIDGE_IDENTITY,1000000.0,IN_CLASS_OOD,8,0.17010069568859337,0.2394678240052395,0.16905037389053573,29.29730778824009,0.999967713750053,0.14860888834221153,100.63730665165451,"x = P_level x + P_structure x, P_level the orthogonal projection onto spatially constant fields. Diagnostic; no threshold",4ef162320e09086a16f1e130b09a507d399438740647147560f339cd2aa60069
TOTAL_FLUX,RIDGE_IDENTITY,1000000.0,OFF_GRID_ID,8,0.17521324932236507,0.2564713199688079,0.1673101573939912,2.4964294916765333,0.9949598138466409,0.1529532827919438,2.473698744005194,"x = P_level x + P_structure x, P_level the orthogonal projection onto spatially constant fields. Diagnostic; no threshold",4ef162320e09086a16f1e130b09a507d399438740647147560f339cd2aa60069
TOTAL_FLUX,RIDGE_IDENTITY,1000000.0,OFF_GRID_OOD,8,0.17041872825604967,0.2358961113212667,0.17041962104169994,821.4288231910402,0.9999999598601026,0.15419375262225277,1586.0482229221618,"x = P_level x + P_structure x, P_level the orthogonal projection onto spatially constant fields. Diagnostic; no threshold",4ef162320e09086a16f1e130b09a507d399438740647147560f339cd2aa60069
TOTAL_FLUX,TIKHONOV_TEMPORAL,1000000.0,IN_CLASS_ID,8,2469074.1196866063,227464500.8767988,1944738.944596306,1049134632.1271174,0.9838218863433618,2906116.3102983916,1576728304.0959601,"x = P_level x + P_structure x, P_level the orthogonal projection onto spatially constant fields. Diagnostic; no threshold",4ef162320e09086a16f1e130b09a507d399438740647147560f339cd2aa60069
TOTAL_FLUX,TIKHONOV_TEMPORAL,1000000.0,IN_CLASS_OOD,8,1938401.7658017203,182351773.30071267,1897989.5144973674,17239554209.386627,0.999967713750053,3025665.770963189,108387933636.89758,"x = P_level x + P_structure x, P_level the orthogonal projection onto spatially constant fields. Diagnostic; no threshold",4ef162320e09086a16f1e130b09a507d399438740647147560f339cd2aa60069
TOTAL_FLUX,TIKHONOV_TEMPORAL,1000000.0,OFF_GRID_ID,8,1967533.8915816767,188514790.0291775,1891973.1796028838,1682592675.1885357,0.9949598138466409,2905702.217578831,2646048007.1871204,"x = P_level x + P_structure x, P_level the orthogonal projection onto spatially constant fields. Diagnostic; no threshold",4ef162320e09086a16f1e130b09a507d399438740647147560f339cd2aa60069
TOTAL_FLUX,TIKHONOV_TEMPORAL,1000000.0,OFF_GRID_OOD,8,1850991.52809737,176142294.43527317,1850804.7775062956,478087819563.09595,0.9999999598601026,2910895.9492929354,1885212992279.1072,"x = P_level x + P_structure x, P_level the orthogonal projection onto spatially constant fields. Diagnostic; no threshold",4ef162320e09086a16f1e130b09a507d399438740647147560f339cd2aa60069
TOTAL_FLUX,WIENER_GAUSSIAN,1000000.0,IN_CLASS_ID,8,0.19819895641627702,0.39585884049483666,0.18434047191469533,1.7861718261434933,0.9838218863433618,0.18429081208949477,1.7981165217418786,"x = P_level x + P_structure x, P_level the orthogonal projection onto spatially constant fields. Diagnostic; no threshold",4ef162320e09086a16f1e130b09a507d399438740647147560f339cd2aa60069
TOTAL_FLUX,WIENER_GAUSSIAN,1000000.0,IN_CLASS_OOD,8,0.19112724432306388,0.36479852258322965,0.1897129012829937,45.76189108236338,0.999967713750053,0.1857679853099348,158.77371679869663,"x = P_level x + P_structure x, P_level the orthogonal projection onto spatially constant fields. Diagnostic; no threshold",4ef162320e09086a16f1e130b09a507d399438740647147560f339cd2aa60069
TOTAL_FLUX,WIENER_GAUSSIAN,1000000.0,OFF_GRID_ID,8,0.19292463764009604,0.3685369362835153,0.19122472436403534,3.6063679790938696,0.9949598138466409,0.19122854461511346,3.6023674370377634,"x = P_level x + P_structure x, P_level the orthogonal projection onto spatially constant fields. Diagnostic; no threshold",4ef162320e09086a16f1e130b09a507d399438740647147560f339cd2aa60069
TOTAL_FLUX,WIENER_GAUSSIAN,1000000.0,OFF_GRID_OOD,8,0.19264330136486102,0.35905051833899365,0.19261609890232087,1265.2664222607145,0.9999999598601026,0.19262976450769953,2498.3086847891504,"x = P_level x + P_structure x, P_level the orthogonal projection onto spatially constant fields. Diagnostic; no threshold",4ef162320e09086a16f1e130b09a507d399438740647147560f339cd2aa60069
TOTAL_FLUX,LINEAR_STATE_SPACE,1000000.0,IN_CLASS_ID,8,1.4056855599931741,6.142590992630369,1.1169144008317093,29.06450055466682,0.9838218863433618,1.8819337134329808,41.703765267299744,"x = P_level x + P_structure x, P_level the orthogonal projection onto spatially constant fields. Diagnostic; no threshold",4ef162320e09086a16f1e130b09a507d399438740647147560f339cd2aa60069
TOTAL_FLUX,LINEAR_STATE_SPACE,1000000.0,IN_CLASS_OOD,8,1.11922487651184,4.744482453610987,1.095480859900835,438.98551551631056,0.999967713750053,1.8657042135759803,2668.1113364466964,"x = P_level x + P_structure x, P_level the orthogonal projection onto spatially constant fields. Diagnostic; no threshold",4ef162320e09086a16f1e130b09a507d399438740647147560f339cd2aa60069
TOTAL_FLUX,LINEAR_STATE_SPACE,1000000.0,OFF_GRID_ID,8,1.1463888507201698,5.0947563956300765,1.0931161708031025,43.62591523361591,0.9949598138466409,1.8374909842200937,68.2795574343497,"x = P_level x + P_structure x, P_level the orthogonal projection onto spatially constant fields. Diagnostic; no threshold",4ef162320e09086a16f1e130b09a507d399438740647147560f339cd2aa60069
TOTAL_FLUX,LINEAR_STATE_SPACE,1000000.0,OFF_GRID_OOD,8,1.0880809332549148,4.545357078775941,1.0878669279836943,12234.61764519102,0.9999999598601026,1.7955861553483423,48825.94673791708,"x = P_level x + P_structure x, P_level the orthogonal projection onto spatially constant fields. Diagnostic; no threshold",4ef162320e09086a16f1e130b09a507d399438740647147560f339cd2aa60069
