arm,target_delta,pair,realized_delta,relative_delta_error,bayes_accuracy,observed_accuracy,monte_carlo_tolerance,exceeds_bayes,disposition,reason,freeze_sha256
DIRECT_PHYSICAL,0.25,0,0.24999999999999994,2.220446049250313e-16,0.5497382248301129,0.525390625,0.04397496704365141,False,SUPPORTED,,4ef162320e09086a16f1e130b09a507d399438740647147560f339cd2aa60069
RESOLVED_PHYSICAL,0.25,0,0.25,0.0,0.5497382248301129,0.556640625,0.04397496704365141,False,SUPPORTED,,4ef162320e09086a16f1e130b09a507d399438740647147560f339cd2aa60069
UNRESOLVED_IMAGE,0.25,0,0.24999999999999997,1.1102230246251565e-16,0.5497382248301129,0.56640625,0.04397496704365141,False,SUPPORTED,,4ef162320e09086a16f1e130b09a507d399438740647147560f339cd2aa60069
TOTAL_FLUX,0.25,0,0.24999999999999978,8.881784197001252e-16,0.5497382248301128,0.544921875,0.04397496704365141,False,SUPPORTED,,4ef162320e09086a16f1e130b09a507d399438740647147560f339cd2aa60069
DIRECT_PHYSICAL,0.25,1,0.25000000000000006,2.220446049250313e-16,0.5497382248301129,0.55078125,0.04397496704365141,False,SUPPORTED,,4ef162320e09086a16f1e130b09a507d399438740647147560f339cd2aa60069
RESOLVED_PHYSICAL,0.25,1,0.25000000000000006,2.220446049250313e-16,0.5497382248301129,0.53125,0.04397496704365141,False,SUPPORTED,,4ef162320e09086a16f1e130b09a507d399438740647147560f339cd2aa60069
UNRESOLVED_IMAGE,0.25,1,0.24999999999999997,1.1102230246251565e-16,0.5497382248301129,0.57421875,0.04397496704365141,False,SUPPORTED,,4ef162320e09086a16f1e130b09a507d399438740647147560f339cd2aa60069
TOTAL_FLUX,0.25,1,0.24999999999999983,6.661338147750939e-16,0.5497382248301128,0.55859375,0.04397496704365141,False,SUPPORTED,,4ef162320e09086a16f1e130b09a507d399438740647147560f339cd2aa60069
DIRECT_PHYSICAL,0.25,2,0.24999999999999997,1.1102230246251565e-16,0.5497382248301129,0.599609375,0.04397496704365141,True,SUPPORTED,,4ef162320e09086a16f1e130b09a507d399438740647147560f339cd2aa60069
RESOLVED_PHYSICAL,0.25,2,0.24999999999999994,2.220446049250313e-16,0.5497382248301129,0.595703125,0.04397496704365141,True,SUPPORTED,,4ef162320e09086a16f1e130b09a507d399438740647147560f339cd2aa60069
UNRESOLVED_IMAGE,0.25,2,0.24999999999999997,1.1102230246251565e-16,0.5497382248301129,0.521484375,0.04397496704365141,False,SUPPORTED,,4ef162320e09086a16f1e130b09a507d399438740647147560f339cd2aa60069
TOTAL_FLUX,0.25,2,0.25,0.0,0.5497382248301129,0.587890625,0.04397496704365141,False,SUPPORTED,,4ef162320e09086a16f1e130b09a507d399438740647147560f339cd2aa60069
DIRECT_PHYSICAL,0.25,3,0.24999999999999997,1.1102230246251565e-16,0.5497382248301129,0.505859375,0.04397496704365141,False,SUPPORTED,,4ef162320e09086a16f1e130b09a507d399438740647147560f339cd2aa60069
RESOLVED_PHYSICAL,0.25,3,0.25,0.0,0.5497382248301129,0.5625,0.04397496704365141,False,SUPPORTED,,4ef162320e09086a16f1e130b09a507d399438740647147560f339cd2aa60069
UNRESOLVED_IMAGE,0.25,3,0.25000000000000006,2.220446049250313e-16,0.5497382248301129,0.533203125,0.04397496704365141,False,SUPPORTED,,4ef162320e09086a16f1e130b09a507d399438740647147560f339cd2aa60069
TOTAL_FLUX,0.25,3,0.24999999999999986,5.551115123125783e-16,0.5497382248301128,0.529296875,0.04397496704365141,False,SUPPORTED,,4ef162320e09086a16f1e130b09a507d399438740647147560f339cd2aa60069
DIRECT_PHYSICAL,0.25,4,0.24999999999999997,1.1102230246251565e-16,0.5497382248301129,0.60546875,0.04397496704365141,True,SUPPORTED,,4ef162320e09086a16f1e130b09a507d399438740647147560f339cd2aa60069
RESOLVED_PHYSICAL,0.25,4,0.25,0.0,0.5497382248301129,0.5546875,0.04397496704365141,False,SUPPORTED,,4ef162320e09086a16f1e130b09a507d399438740647147560f339cd2aa60069
UNRESOLVED_IMAGE,0.25,4,0.25,0.0,0.5497382248301129,0.533203125,0.04397496704365141,False,SUPPORTED,,4ef162320e09086a16f1e130b09a507d399438740647147560f339cd2aa60069
TOTAL_FLUX,0.25,4,0.24999999999999983,6.661338147750939e-16,0.5497382248301128,0.5625,0.04397496704365141,False,SUPPORTED,,4ef162320e09086a16f1e130b09a507d399438740647147560f339cd2aa60069
DIRECT_PHYSICAL,0.25,5,0.25,0.0,0.5497382248301129,0.5859375,0.04397496704365141,False,SUPPORTED,,4ef162320e09086a16f1e130b09a507d399438740647147560f339cd2aa60069
RESOLVED_PHYSICAL,0.25,5,0.24999999999999997,1.1102230246251565e-16,0.5497382248301129,0.55078125,0.04397496704365141,False,SUPPORTED,,4ef162320e09086a16f1e130b09a507d399438740647147560f339cd2aa60069
UNRESOLVED_IMAGE,0.25,5,0.25,0.0,0.5497382248301129,0.5390625,0.04397496704365141,False,SUPPORTED,,4ef162320e09086a16f1e130b09a507d399438740647147560f339cd2aa60069
TOTAL_FLUX,0.25,5,0.24999999999999983,6.661338147750939e-16,0.5497382248301128,0.544921875,0.04397496704365141,False,SUPPORTED,,4ef162320e09086a16f1e130b09a507d399438740647147560f339cd2aa60069
DIRECT_PHYSICAL,0.25,6,0.25000000000000006,2.220446049250313e-16,0.5497382248301129,0.552734375,0.04397496704365141,False,SUPPORTED,,4ef162320e09086a16f1e130b09a507d399438740647147560f339cd2aa60069
RESOLVED_PHYSICAL,0.25,6,0.25000000000000006,2.220446049250313e-16,0.5497382248301129,0.509765625,0.04397496704365141,False,SUPPORTED,,4ef162320e09086a16f1e130b09a507d399438740647147560f339cd2aa60069
UNRESOLVED_IMAGE,0.25,6,0.24999999999999997,1.1102230246251565e-16,0.5497382248301129,0.529296875,0.04397496704365141,False,SUPPORTED,,4ef162320e09086a16f1e130b09a507d399438740647147560f339cd2aa60069
TOTAL_FLUX,0.25,6,0.25,0.0,0.5497382248301129,0.552734375,0.04397496704365141,False,SUPPORTED,,4ef162320e09086a16f1e130b09a507d399438740647147560f339cd2aa60069
DIRECT_PHYSICAL,0.25,7,0.25000000000000006,2.220446049250313e-16,0.5497382248301129,0.56640625,0.04397496704365141,False,SUPPORTED,,4ef162320e09086a16f1e130b09a507d399438740647147560f339cd2aa60069
RESOLVED_PHYSICAL,0.25,7,0.24999999999999992,3.3306690738754696e-16,0.5497382248301129,0.529296875,0.04397496704365141,False,SUPPORTED,,4ef162320e09086a16f1e130b09a507d399438740647147560f339cd2aa60069
UNRESOLVED_IMAGE,0.25,7,0.24999999999999997,1.1102230246251565e-16,0.5497382248301129,0.5234375,0.04397496704365141,False,SUPPORTED,,4ef162320e09086a16f1e130b09a507d399438740647147560f339cd2aa60069
TOTAL_FLUX,0.25,7,0.25,0.0,0.5497382248301129,0.55859375,0.04397496704365141,False,SUPPORTED,,4ef162320e09086a16f1e130b09a507d399438740647147560f339cd2aa60069
DIRECT_PHYSICAL,0.25,8,0.24999999999999997,1.1102230246251565e-16,0.5497382248301129,0.544921875,0.04397496704365141,False,SUPPORTED,,4ef162320e09086a16f1e130b09a507d399438740647147560f339cd2aa60069
RESOLVED_PHYSICAL,0.25,8,0.25,0.0,0.5497382248301129,0.583984375,0.04397496704365141,False,SUPPORTED,,4ef162320e09086a16f1e130b09a507d399438740647147560f339cd2aa60069
UNRESOLVED_IMAGE,0.25,8,0.25,0.0,0.5497382248301129,0.55859375,0.04397496704365141,False,SUPPORTED,,4ef162320e09086a16f1e130b09a507d399438740647147560f339cd2aa60069
TOTAL_FLUX,0.25,8,0.25000000000000006,2.220446049250313e-16,0.5497382248301129,0.572265625,0.04397496704365141,False,SUPPORTED,,4ef162320e09086a16f1e130b09a507d399438740647147560f339cd2aa60069
DIRECT_PHYSICAL,0.25,9,0.25,0.0,0.5497382248301129,0.546875,0.04397496704365141,False,SUPPORTED,,4ef162320e09086a16f1e130b09a507d399438740647147560f339cd2aa60069
RESOLVED_PHYSICAL,0.25,9,0.25,0.0,0.5497382248301129,0.51171875,0.04397496704365141,False,SUPPORTED,,4ef162320e09086a16f1e130b09a507d399438740647147560f339cd2aa60069
UNRESOLVED_IMAGE,0.25,9,0.25,0.0,0.5497382248301129,0.546875,0.04397496704365141,False,SUPPORTED,,4ef162320e09086a16f1e130b09a507d399438740647147560f339cd2aa60069
TOTAL_FLUX,0.25,9,0.25,0.0,0.5497382248301129,0.576171875,0.04397496704365141,False,SUPPORTED,,4ef162320e09086a16f1e130b09a507d399438740647147560f339cd2aa60069
DIRECT_PHYSICAL,0.25,10,0.24999999999999994,2.220446049250313e-16,0.5497382248301129,0.603515625,0.04397496704365141,True,SUPPORTED,,4ef162320e09086a16f1e130b09a507d399438740647147560f339cd2aa60069
RESOLVED_PHYSICAL,0.25,10,0.24999999999999997,1.1102230246251565e-16,0.5497382248301129,0.541015625,0.04397496704365141,False,SUPPORTED,,4ef162320e09086a16f1e130b09a507d399438740647147560f339cd2aa60069
UNRESOLVED_IMAGE,0.25,10,0.25,0.0,0.5497382248301129,0.5390625,0.04397496704365141,False,SUPPORTED,,4ef162320e09086a16f1e130b09a507d399438740647147560f339cd2aa60069
TOTAL_FLUX,0.25,10,0.25000000000000006,2.220446049250313e-16,0.5497382248301129,0.591796875,0.04397496704365141,False,SUPPORTED,,4ef162320e09086a16f1e130b09a507d399438740647147560f339cd2aa60069
DIRECT_PHYSICAL,0.25,11,0.25,0.0,0.5497382248301129,0.501953125,0.04397496704365141,False,SUPPORTED,,4ef162320e09086a16f1e130b09a507d399438740647147560f339cd2aa60069
RESOLVED_PHYSICAL,0.25,11,0.24999999999999997,1.1102230246251565e-16,0.5497382248301129,0.55078125,0.04397496704365141,False,SUPPORTED,,4ef162320e09086a16f1e130b09a507d399438740647147560f339cd2aa60069
UNRESOLVED_IMAGE,0.25,11,0.24999999999999997,1.1102230246251565e-16,0.5497382248301129,0.525390625,0.04397496704365141,False,SUPPORTED,,4ef162320e09086a16f1e130b09a507d399438740647147560f339cd2aa60069
TOTAL_FLUX,0.25,11,0.25000000000000006,2.220446049250313e-16,0.5497382248301129,0.509765625,0.04397496704365141,False,SUPPORTED,,4ef162320e09086a16f1e130b09a507d399438740647147560f339cd2aa60069
DIRECT_PHYSICAL,0.25,12,0.25000000000000006,2.220446049250313e-16,0.5497382248301129,0.5625,0.04397496704365141,False,SUPPORTED,,4ef162320e09086a16f1e130b09a507d399438740647147560f339cd2aa60069
RESOLVED_PHYSICAL,0.25,12,0.25,0.0,0.5497382248301129,0.55859375,0.04397496704365141,False,SUPPORTED,,4ef162320e09086a16f1e130b09a507d399438740647147560f339cd2aa60069
UNRESOLVED_IMAGE,0.25,12,0.25,0.0,0.5497382248301129,0.53125,0.04397496704365141,False,SUPPORTED,,4ef162320e09086a16f1e130b09a507d399438740647147560f339cd2aa60069
TOTAL_FLUX,0.25,12,0.25,0.0,0.5497382248301129,0.50390625,0.04397496704365141,False,SUPPORTED,,4ef162320e09086a16f1e130b09a507d399438740647147560f339cd2aa60069
DIRECT_PHYSICAL,0.25,13,0.25,0.0,0.5497382248301129,0.546875,0.04397496704365141,False,SUPPORTED,,4ef162320e09086a16f1e130b09a507d399438740647147560f339cd2aa60069
RESOLVED_PHYSICAL,0.25,13,0.24999999999999997,1.1102230246251565e-16,0.5497382248301129,0.576171875,0.04397496704365141,False,SUPPORTED,,4ef162320e09086a16f1e130b09a507d399438740647147560f339cd2aa60069
UNRESOLVED_IMAGE,0.25,13,0.25,0.0,0.5497382248301129,0.5546875,0.04397496704365141,False,SUPPORTED,,4ef162320e09086a16f1e130b09a507d399438740647147560f339cd2aa60069
TOTAL_FLUX,0.25,13,0.25000000000000006,2.220446049250313e-16,0.5497382248301129,0.564453125,0.04397496704365141,False,SUPPORTED,,4ef162320e09086a16f1e130b09a507d399438740647147560f339cd2aa60069
DIRECT_PHYSICAL,0.25,14,0.24999999999999997,1.1102230246251565e-16,0.5497382248301129,0.533203125,0.04397496704365141,False,SUPPORTED,,4ef162320e09086a16f1e130b09a507d399438740647147560f339cd2aa60069
RESOLVED_PHYSICAL,0.25,14,0.25000000000000006,2.220446049250313e-16,0.5497382248301129,0.54296875,0.04397496704365141,False,SUPPORTED,,4ef162320e09086a16f1e130b09a507d399438740647147560f339cd2aa60069
UNRESOLVED_IMAGE,0.25,14,0.24999999999999997,1.1102230246251565e-16,0.5497382248301129,0.578125,0.04397496704365141,False,SUPPORTED,,4ef162320e09086a16f1e130b09a507d399438740647147560f339cd2aa60069
TOTAL_FLUX,0.25,14,0.2499999999999998,7.771561172376096e-16,0.5497382248301128,0.587890625,0.04397496704365141,False,SUPPORTED,,4ef162320e09086a16f1e130b09a507d399438740647147560f339cd2aa60069
DIRECT_PHYSICAL,0.25,15,0.24999999999999997,1.1102230246251565e-16,0.5497382248301129,0.548828125,0.04397496704365141,False,SUPPORTED,,4ef162320e09086a16f1e130b09a507d399438740647147560f339cd2aa60069
RESOLVED_PHYSICAL,0.25,15,0.25,0.0,0.5497382248301129,0.568359375,0.04397496704365141,False,SUPPORTED,,4ef162320e09086a16f1e130b09a507d399438740647147560f339cd2aa60069
UNRESOLVED_IMAGE,0.25,15,0.24999999999999997,1.1102230246251565e-16,0.5497382248301129,0.546875,0.04397496704365141,False,SUPPORTED,,4ef162320e09086a16f1e130b09a507d399438740647147560f339cd2aa60069
TOTAL_FLUX,0.25,15,0.24999999999999997,1.1102230246251565e-16,0.5497382248301129,0.576171875,0.04397496704365141,False,SUPPORTED,,4ef162320e09086a16f1e130b09a507d399438740647147560f339cd2aa60069
DIRECT_PHYSICAL,0.25,16,0.24999999999999994,2.220446049250313e-16,0.5497382248301129,0.51171875,0.04397496704365141,False,SUPPORTED,,4ef162320e09086a16f1e130b09a507d399438740647147560f339cd2aa60069
RESOLVED_PHYSICAL,0.25,16,0.25,0.0,0.5497382248301129,0.576171875,0.04397496704365141,False,SUPPORTED,,4ef162320e09086a16f1e130b09a507d399438740647147560f339cd2aa60069
UNRESOLVED_IMAGE,0.25,16,0.25,0.0,0.5497382248301129,0.5390625,0.04397496704365141,False,SUPPORTED,,4ef162320e09086a16f1e130b09a507d399438740647147560f339cd2aa60069
TOTAL_FLUX,0.25,16,0.24999999999999983,6.661338147750939e-16,0.5497382248301128,0.51953125,0.04397496704365141,False,SUPPORTED,,4ef162320e09086a16f1e130b09a507d399438740647147560f339cd2aa60069
DIRECT_PHYSICAL,0.25,17,0.25,0.0,0.5497382248301129,0.544921875,0.04397496704365141,False,SUPPORTED,,4ef162320e09086a16f1e130b09a507d399438740647147560f339cd2aa60069
RESOLVED_PHYSICAL,0.25,17,0.24999999999999994,2.220446049250313e-16,0.5497382248301129,0.556640625,0.04397496704365141,False,SUPPORTED,,4ef162320e09086a16f1e130b09a507d399438740647147560f339cd2aa60069
UNRESOLVED_IMAGE,0.25,17,0.25,0.0,0.5497382248301129,0.5546875,0.04397496704365141,False,SUPPORTED,,4ef162320e09086a16f1e130b09a507d399438740647147560f339cd2aa60069
TOTAL_FLUX,0.25,17,0.2500000000000001,4.440892098500626e-16,0.5497382248301129,0.55859375,0.04397496704365141,False,SUPPORTED,,4ef162320e09086a16f1e130b09a507d399438740647147560f339cd2aa60069
DIRECT_PHYSICAL,0.25,18,0.25000000000000006,2.220446049250313e-16,0.5497382248301129,0.560546875,0.04397496704365141,False,SUPPORTED,,4ef162320e09086a16f1e130b09a507d399438740647147560f339cd2aa60069
RESOLVED_PHYSICAL,0.25,18,0.25,0.0,0.5497382248301129,0.560546875,0.04397496704365141,False,SUPPORTED,,4ef162320e09086a16f1e130b09a507d399438740647147560f339cd2aa60069
UNRESOLVED_IMAGE,0.25,18,0.25,0.0,0.5497382248301129,0.525390625,0.04397496704365141,False,SUPPORTED,,4ef162320e09086a16f1e130b09a507d399438740647147560f339cd2aa60069
TOTAL_FLUX,0.25,18,0.24999999999999997,1.1102230246251565e-16,0.5497382248301129,0.5078125,0.04397496704365141,False,SUPPORTED,,4ef162320e09086a16f1e130b09a507d399438740647147560f339cd2aa60069
DIRECT_PHYSICAL,0.25,19,0.2499999999999999,4.440892098500626e-16,0.5497382248301129,0.560546875,0.04397496704365141,False,SUPPORTED,,4ef162320e09086a16f1e130b09a507d399438740647147560f339cd2aa60069
RESOLVED_PHYSICAL,0.25,19,0.25000000000000006,2.220446049250313e-16,0.5497382248301129,0.564453125,0.04397496704365141,False,SUPPORTED,,4ef162320e09086a16f1e130b09a507d399438740647147560f339cd2aa60069
UNRESOLVED_IMAGE,0.25,19,0.24999999999999997,1.1102230246251565e-16,0.5497382248301129,0.53515625,0.04397496704365141,False,SUPPORTED,,4ef162320e09086a16f1e130b09a507d399438740647147560f339cd2aa60069
TOTAL_FLUX,0.25,19,0.25000000000000006,2.220446049250313e-16,0.5497382248301129,0.51953125,0.04397496704365141,False,SUPPORTED,,4ef162320e09086a16f1e130b09a507d399438740647147560f339cd2aa60069
DIRECT_PHYSICAL,0.25,20,0.24999999999999997,1.1102230246251565e-16,0.5497382248301129,0.53515625,0.04397496704365141,False,SUPPORTED,,4ef162320e09086a16f1e130b09a507d399438740647147560f339cd2aa60069
RESOLVED_PHYSICAL,0.25,20,0.25,0.0,0.5497382248301129,0.583984375,0.04397496704365141,False,SUPPORTED,,4ef162320e09086a16f1e130b09a507d399438740647147560f339cd2aa60069
UNRESOLVED_IMAGE,0.25,20,0.24999999999999994,2.220446049250313e-16,0.5497382248301129,0.541015625,0.04397496704365141,False,SUPPORTED,,4ef162320e09086a16f1e130b09a507d399438740647147560f339cd2aa60069
TOTAL_FLUX,0.25,20,0.2499999999999997,1.2212453270876722e-15,0.5497382248301128,0.55859375,0.04397496704365141,False,SUPPORTED,,4ef162320e09086a16f1e130b09a507d399438740647147560f339cd2aa60069
DIRECT_PHYSICAL,0.25,21,0.25,0.0,0.5497382248301129,0.533203125,0.04397496704365141,False,SUPPORTED,,4ef162320e09086a16f1e130b09a507d399438740647147560f339cd2aa60069
RESOLVED_PHYSICAL,0.25,21,0.25,0.0,0.5497382248301129,0.552734375,0.04397496704365141,False,SUPPORTED,,4ef162320e09086a16f1e130b09a507d399438740647147560f339cd2aa60069
UNRESOLVED_IMAGE,0.25,21,0.25,0.0,0.5497382248301129,0.578125,0.04397496704365141,False,SUPPORTED,,4ef162320e09086a16f1e130b09a507d399438740647147560f339cd2aa60069
TOTAL_FLUX,0.25,21,0.24999999999999986,5.551115123125783e-16,0.5497382248301128,0.57421875,0.04397496704365141,False,SUPPORTED,,4ef162320e09086a16f1e130b09a507d399438740647147560f339cd2aa60069
DIRECT_PHYSICAL,0.25,22,0.25000000000000006,2.220446049250313e-16,0.5497382248301129,0.552734375,0.04397496704365141,False,SUPPORTED,,4ef162320e09086a16f1e130b09a507d399438740647147560f339cd2aa60069
RESOLVED_PHYSICAL,0.25,22,0.25000000000000006,2.220446049250313e-16,0.5497382248301129,0.533203125,0.04397496704365141,False,SUPPORTED,,4ef162320e09086a16f1e130b09a507d399438740647147560f339cd2aa60069
UNRESOLVED_IMAGE,0.25,22,0.24999999999999997,1.1102230246251565e-16,0.5497382248301129,0.578125,0.04397496704365141,False,SUPPORTED,,4ef162320e09086a16f1e130b09a507d399438740647147560f339cd2aa60069
TOTAL_FLUX,0.25,22,0.24999999999999997,1.1102230246251565e-16,0.5497382248301129,0.546875,0.04397496704365141,False,SUPPORTED,,4ef162320e09086a16f1e130b09a507d399438740647147560f339cd2aa60069
DIRECT_PHYSICAL,0.25,23,0.25,0.0,0.5497382248301129,0.556640625,0.04397496704365141,False,SUPPORTED,,4ef162320e09086a16f1e130b09a507d399438740647147560f339cd2aa60069
RESOLVED_PHYSICAL,0.25,23,0.25000000000000006,2.220446049250313e-16,0.5497382248301129,0.537109375,0.04397496704365141,False,SUPPORTED,,4ef162320e09086a16f1e130b09a507d399438740647147560f339cd2aa60069
UNRESOLVED_IMAGE,0.25,23,0.24999999999999997,1.1102230246251565e-16,0.5497382248301129,0.556640625,0.04397496704365141,False,SUPPORTED,,4ef162320e09086a16f1e130b09a507d399438740647147560f339cd2aa60069
TOTAL_FLUX,0.25,23,0.25,0.0,0.5497382248301129,0.541015625,0.04397496704365141,False,SUPPORTED,,4ef162320e09086a16f1e130b09a507d399438740647147560f339cd2aa60069
DIRECT_PHYSICAL,0.25,24,0.25000000000000006,2.220446049250313e-16,0.5497382248301129,0.552734375,0.04397496704365141,False,SUPPORTED,,4ef162320e09086a16f1e130b09a507d399438740647147560f339cd2aa60069
RESOLVED_PHYSICAL,0.25,24,0.25,0.0,0.5497382248301129,0.521484375,0.04397496704365141,False,SUPPORTED,,4ef162320e09086a16f1e130b09a507d399438740647147560f339cd2aa60069
UNRESOLVED_IMAGE,0.25,24,0.25000000000000006,2.220446049250313e-16,0.5497382248301129,0.56640625,0.04397496704365141,False,SUPPORTED,,4ef162320e09086a16f1e130b09a507d399438740647147560f339cd2aa60069
TOTAL_FLUX,0.25,24,0.24999999999999986,5.551115123125783e-16,0.5497382248301128,0.548828125,0.04397496704365141,False,SUPPORTED,,4ef162320e09086a16f1e130b09a507d399438740647147560f339cd2aa60069
DIRECT_PHYSICAL,0.25,25,0.24999999999999997,1.1102230246251565e-16,0.5497382248301129,0.560546875,0.04397496704365141,False,SUPPORTED,,4ef162320e09086a16f1e130b09a507d399438740647147560f339cd2aa60069
RESOLVED_PHYSICAL,0.25,25,0.24999999999999997,1.1102230246251565e-16,0.5497382248301129,0.587890625,0.04397496704365141,False,SUPPORTED,,4ef162320e09086a16f1e130b09a507d399438740647147560f339cd2aa60069
UNRESOLVED_IMAGE,0.25,25,0.25000000000000006,2.220446049250313e-16,0.5497382248301129,0.564453125,0.04397496704365141,False,SUPPORTED,,4ef162320e09086a16f1e130b09a507d399438740647147560f339cd2aa60069
TOTAL_FLUX,0.25,25,0.25,0.0,0.5497382248301129,0.525390625,0.04397496704365141,False,SUPPORTED,,4ef162320e09086a16f1e130b09a507d399438740647147560f339cd2aa60069
DIRECT_PHYSICAL,0.25,26,0.25000000000000006,2.220446049250313e-16,0.5497382248301129,0.5390625,0.04397496704365141,False,SUPPORTED,,4ef162320e09086a16f1e130b09a507d399438740647147560f339cd2aa60069
RESOLVED_PHYSICAL,0.25,26,0.25,0.0,0.5497382248301129,0.521484375,0.04397496704365141,False,SUPPORTED,,4ef162320e09086a16f1e130b09a507d399438740647147560f339cd2aa60069
UNRESOLVED_IMAGE,0.25,26,0.24999999999999997,1.1102230246251565e-16,0.5497382248301129,0.58203125,0.04397496704365141,False,SUPPORTED,,4ef162320e09086a16f1e130b09a507d399438740647147560f339cd2aa60069
TOTAL_FLUX,0.25,26,0.25,0.0,0.5497382248301129,0.5390625,0.04397496704365141,False,SUPPORTED,,4ef162320e09086a16f1e130b09a507d399438740647147560f339cd2aa60069
DIRECT_PHYSICAL,0.25,27,0.24999999999999994,2.220446049250313e-16,0.5497382248301129,0.5859375,0.04397496704365141,False,SUPPORTED,,4ef162320e09086a16f1e130b09a507d399438740647147560f339cd2aa60069
RESOLVED_PHYSICAL,0.25,27,0.25000000000000006,2.220446049250313e-16,0.5497382248301129,0.59765625,0.04397496704365141,True,SUPPORTED,,4ef162320e09086a16f1e130b09a507d399438740647147560f339cd2aa60069
UNRESOLVED_IMAGE,0.25,27,0.24999999999999997,1.1102230246251565e-16,0.5497382248301129,0.548828125,0.04397496704365141,False,SUPPORTED,,4ef162320e09086a16f1e130b09a507d399438740647147560f339cd2aa60069
TOTAL_FLUX,0.25,27,0.25000000000000017,6.661338147750939e-16,0.5497382248301129,0.544921875,0.04397496704365141,False,SUPPORTED,,4ef162320e09086a16f1e130b09a507d399438740647147560f339cd2aa60069
DIRECT_PHYSICAL,0.25,28,0.24999999999999997,1.1102230246251565e-16,0.5497382248301129,0.51171875,0.04397496704365141,False,SUPPORTED,,4ef162320e09086a16f1e130b09a507d399438740647147560f339cd2aa60069
RESOLVED_PHYSICAL,0.25,28,0.25,0.0,0.5497382248301129,0.505859375,0.04397496704365141,False,SUPPORTED,,4ef162320e09086a16f1e130b09a507d399438740647147560f339cd2aa60069
UNRESOLVED_IMAGE,0.25,28,0.25,0.0,0.5497382248301129,0.546875,0.04397496704365141,False,SUPPORTED,,4ef162320e09086a16f1e130b09a507d399438740647147560f339cd2aa60069
TOTAL_FLUX,0.25,28,0.25000000000000006,2.220446049250313e-16,0.5497382248301129,0.517578125,0.04397496704365141,False,SUPPORTED,,4ef162320e09086a16f1e130b09a507d399438740647147560f339cd2aa60069
DIRECT_PHYSICAL,0.25,29,0.25,0.0,0.5497382248301129,0.521484375,0.04397496704365141,False,SUPPORTED,,4ef162320e09086a16f1e130b09a507d399438740647147560f339cd2aa60069
RESOLVED_PHYSICAL,0.25,29,0.25,0.0,0.5497382248301129,0.517578125,0.04397496704365141,False,SUPPORTED,,4ef162320e09086a16f1e130b09a507d399438740647147560f339cd2aa60069
UNRESOLVED_IMAGE,0.25,29,0.2500000000000001,4.440892098500626e-16,0.5497382248301129,0.515625,0.04397496704365141,False,SUPPORTED,,4ef162320e09086a16f1e130b09a507d399438740647147560f339cd2aa60069
TOTAL_FLUX,0.25,29,0.24999999999999972,1.1102230246251565e-15,0.5497382248301128,0.568359375,0.04397496704365141,False,SUPPORTED,,4ef162320e09086a16f1e130b09a507d399438740647147560f339cd2aa60069
DIRECT_PHYSICAL,0.25,30,0.25,0.0,0.5497382248301129,0.54296875,0.04397496704365141,False,SUPPORTED,,4ef162320e09086a16f1e130b09a507d399438740647147560f339cd2aa60069
RESOLVED_PHYSICAL,0.25,30,0.24999999999999992,3.3306690738754696e-16,0.5497382248301129,0.54296875,0.04397496704365141,False,SUPPORTED,,4ef162320e09086a16f1e130b09a507d399438740647147560f339cd2aa60069
UNRESOLVED_IMAGE,0.25,30,0.25,0.0,0.5497382248301129,0.5625,0.04397496704365141,False,SUPPORTED,,4ef162320e09086a16f1e130b09a507d399438740647147560f339cd2aa60069
TOTAL_FLUX,0.25,30,0.2499999999999999,4.440892098500626e-16,0.5497382248301129,0.5546875,0.04397496704365141,False,SUPPORTED,,4ef162320e09086a16f1e130b09a507d399438740647147560f339cd2aa60069
DIRECT_PHYSICAL,0.25,31,0.24999999999999997,1.1102230246251565e-16,0.5497382248301129,0.5703125,0.04397496704365141,False,SUPPORTED,,4ef162320e09086a16f1e130b09a507d399438740647147560f339cd2aa60069
RESOLVED_PHYSICAL,0.25,31,0.25,0.0,0.5497382248301129,0.572265625,0.04397496704365141,False,SUPPORTED,,4ef162320e09086a16f1e130b09a507d399438740647147560f339cd2aa60069
UNRESOLVED_IMAGE,0.25,31,0.25000000000000006,2.220446049250313e-16,0.5497382248301129,0.529296875,0.04397496704365141,False,SUPPORTED,,4ef162320e09086a16f1e130b09a507d399438740647147560f339cd2aa60069
TOTAL_FLUX,0.25,31,0.24999999999999992,3.3306690738754696e-16,0.5497382248301129,0.53125,0.04397496704365141,False,SUPPORTED,,4ef162320e09086a16f1e130b09a507d399438740647147560f339cd2aa60069
DIRECT_PHYSICAL,0.25,32,0.24999999999999992,3.3306690738754696e-16,0.5497382248301129,0.568359375,0.04397496704365141,False,SUPPORTED,,4ef162320e09086a16f1e130b09a507d399438740647147560f339cd2aa60069
RESOLVED_PHYSICAL,0.25,32,0.24999999999999986,5.551115123125783e-16,0.5497382248301128,0.5625,0.04397496704365141,False,SUPPORTED,,4ef162320e09086a16f1e130b09a507d399438740647147560f339cd2aa60069
UNRESOLVED_IMAGE,0.25,32,0.25000000000000006,2.220446049250313e-16,0.5497382248301129,0.580078125,0.04397496704365141,False,SUPPORTED,,4ef162320e09086a16f1e130b09a507d399438740647147560f339cd2aa60069
TOTAL_FLUX,0.25,32,0.24999999999999983,6.661338147750939e-16,0.5497382248301128,0.48046875,0.04397496704365141,False,SUPPORTED,,4ef162320e09086a16f1e130b09a507d399438740647147560f339cd2aa60069
DIRECT_PHYSICAL,0.25,33,0.24999999999999994,2.220446049250313e-16,0.5497382248301129,0.544921875,0.04397496704365141,False,SUPPORTED,,4ef162320e09086a16f1e130b09a507d399438740647147560f339cd2aa60069
RESOLVED_PHYSICAL,0.25,33,0.25,0.0,0.5497382248301129,0.53515625,0.04397496704365141,False,SUPPORTED,,4ef162320e09086a16f1e130b09a507d399438740647147560f339cd2aa60069
UNRESOLVED_IMAGE,0.25,33,0.24999999999999994,2.220446049250313e-16,0.5497382248301129,0.5234375,0.04397496704365141,False,SUPPORTED,,4ef162320e09086a16f1e130b09a507d399438740647147560f339cd2aa60069
TOTAL_FLUX,0.25,33,0.25,0.0,0.5497382248301129,0.591796875,0.04397496704365141,False,SUPPORTED,,4ef162320e09086a16f1e130b09a507d399438740647147560f339cd2aa60069
DIRECT_PHYSICAL,0.25,34,0.24999999999999997,1.1102230246251565e-16,0.5497382248301129,0.53125,0.04397496704365141,False,SUPPORTED,,4ef162320e09086a16f1e130b09a507d399438740647147560f339cd2aa60069
RESOLVED_PHYSICAL,0.25,34,0.25,0.0,0.5497382248301129,0.544921875,0.04397496704365141,False,SUPPORTED,,4ef162320e09086a16f1e130b09a507d399438740647147560f339cd2aa60069
UNRESOLVED_IMAGE,0.25,34,0.24999999999999994,2.220446049250313e-16,0.5497382248301129,0.560546875,0.04397496704365141,False,SUPPORTED,,4ef162320e09086a16f1e130b09a507d399438740647147560f339cd2aa60069
TOTAL_FLUX,0.25,34,0.25000000000000017,6.661338147750939e-16,0.5497382248301129,0.5703125,0.04397496704365141,False,SUPPORTED,,4ef162320e09086a16f1e130b09a507d399438740647147560f339cd2aa60069
DIRECT_PHYSICAL,0.25,35,0.25,0.0,0.5497382248301129,0.5625,0.04397496704365141,False,SUPPORTED,,4ef162320e09086a16f1e130b09a507d399438740647147560f339cd2aa60069
RESOLVED_PHYSICAL,0.25,35,0.24999999999999997,1.1102230246251565e-16,0.5497382248301129,0.556640625,0.04397496704365141,False,SUPPORTED,,4ef162320e09086a16f1e130b09a507d399438740647147560f339cd2aa60069
UNRESOLVED_IMAGE,0.25,35,0.24999999999999997,1.1102230246251565e-16,0.5497382248301129,0.533203125,0.04397496704365141,False,SUPPORTED,,4ef162320e09086a16f1e130b09a507d399438740647147560f339cd2aa60069
TOTAL_FLUX,0.25,35,0.2500000000000001,4.440892098500626e-16,0.5497382248301129,0.517578125,0.04397496704365141,False,SUPPORTED,,4ef162320e09086a16f1e130b09a507d399438740647147560f339cd2aa60069
DIRECT_PHYSICAL,0.25,36,0.25,0.0,0.5497382248301129,0.541015625,0.04397496704365141,False,SUPPORTED,,4ef162320e09086a16f1e130b09a507d399438740647147560f339cd2aa60069
RESOLVED_PHYSICAL,0.25,36,0.25,0.0,0.5497382248301129,0.5546875,0.04397496704365141,False,SUPPORTED,,4ef162320e09086a16f1e130b09a507d399438740647147560f339cd2aa60069
UNRESOLVED_IMAGE,0.25,36,0.24999999999999997,1.1102230246251565e-16,0.5497382248301129,0.568359375,0.04397496704365141,False,SUPPORTED,,4ef162320e09086a16f1e130b09a507d399438740647147560f339cd2aa60069
TOTAL_FLUX,0.25,36,0.24999999999999986,5.551115123125783e-16,0.5497382248301128,0.560546875,0.04397496704365141,False,SUPPORTED,,4ef162320e09086a16f1e130b09a507d399438740647147560f339cd2aa60069
DIRECT_PHYSICAL,0.25,37,0.25000000000000006,2.220446049250313e-16,0.5497382248301129,0.56640625,0.04397496704365141,False,SUPPORTED,,4ef162320e09086a16f1e130b09a507d399438740647147560f339cd2aa60069
RESOLVED_PHYSICAL,0.25,37,0.24999999999999997,1.1102230246251565e-16,0.5497382248301129,0.541015625,0.04397496704365141,False,SUPPORTED,,4ef162320e09086a16f1e130b09a507d399438740647147560f339cd2aa60069
UNRESOLVED_IMAGE,0.25,37,0.24999999999999997,1.1102230246251565e-16,0.5497382248301129,0.5546875,0.04397496704365141,False,SUPPORTED,,4ef162320e09086a16f1e130b09a507d399438740647147560f339cd2aa60069
TOTAL_FLUX,0.25,37,0.2499999999999999,4.440892098500626e-16,0.5497382248301129,0.529296875,0.04397496704365141,False,SUPPORTED,,4ef162320e09086a16f1e130b09a507d399438740647147560f339cd2aa60069
DIRECT_PHYSICAL,0.25,38,0.24999999999999997,1.1102230246251565e-16,0.5497382248301129,0.53125,0.04397496704365141,False,SUPPORTED,,4ef162320e09086a16f1e130b09a507d399438740647147560f339cd2aa60069
RESOLVED_PHYSICAL,0.25,38,0.25,0.0,0.5497382248301129,0.580078125,0.04397496704365141,False,SUPPORTED,,4ef162320e09086a16f1e130b09a507d399438740647147560f339cd2aa60069
UNRESOLVED_IMAGE,0.25,38,0.25,0.0,0.5497382248301129,0.587890625,0.04397496704365141,False,SUPPORTED,,4ef162320e09086a16f1e130b09a507d399438740647147560f339cd2aa60069
TOTAL_FLUX,0.25,38,0.25,0.0,0.5497382248301129,0.5703125,0.04397496704365141,False,SUPPORTED,,4ef162320e09086a16f1e130b09a507d399438740647147560f339cd2aa60069
DIRECT_PHYSICAL,0.25,39,0.24999999999999992,3.3306690738754696e-16,0.5497382248301129,0.544921875,0.04397496704365141,False,SUPPORTED,,4ef162320e09086a16f1e130b09a507d399438740647147560f339cd2aa60069
RESOLVED_PHYSICAL,0.25,39,0.25,0.0,0.5497382248301129,0.541015625,0.04397496704365141,False,SUPPORTED,,4ef162320e09086a16f1e130b09a507d399438740647147560f339cd2aa60069
UNRESOLVED_IMAGE,0.25,39,0.25000000000000006,2.220446049250313e-16,0.5497382248301129,0.5703125,0.04397496704365141,False,SUPPORTED,,4ef162320e09086a16f1e130b09a507d399438740647147560f339cd2aa60069
TOTAL_FLUX,0.25,39,0.24999999999999994,2.220446049250313e-16,0.5497382248301129,0.572265625,0.04397496704365141,False,SUPPORTED,,4ef162320e09086a16f1e130b09a507d399438740647147560f339cd2aa60069
DIRECT_PHYSICAL,0.25,40,0.24999999999999994,2.220446049250313e-16,0.5497382248301129,0.541015625,0.04397496704365141,False,SUPPORTED,,4ef162320e09086a16f1e130b09a507d399438740647147560f339cd2aa60069
RESOLVED_PHYSICAL,0.25,40,0.25,0.0,0.5497382248301129,0.55078125,0.04397496704365141,False,SUPPORTED,,4ef162320e09086a16f1e130b09a507d399438740647147560f339cd2aa60069
UNRESOLVED_IMAGE,0.25,40,0.24999999999999992,3.3306690738754696e-16,0.5497382248301129,0.578125,0.04397496704365141,False,SUPPORTED,,4ef162320e09086a16f1e130b09a507d399438740647147560f339cd2aa60069
TOTAL_FLUX,0.25,40,0.24999999999999997,1.1102230246251565e-16,0.5497382248301129,0.5390625,0.04397496704365141,False,SUPPORTED,,4ef162320e09086a16f1e130b09a507d399438740647147560f339cd2aa60069
DIRECT_PHYSICAL,0.25,41,0.25,0.0,0.5497382248301129,0.5546875,0.04397496704365141,False,SUPPORTED,,4ef162320e09086a16f1e130b09a507d399438740647147560f339cd2aa60069
RESOLVED_PHYSICAL,0.25,41,0.25,0.0,0.5497382248301129,0.529296875,0.04397496704365141,False,SUPPORTED,,4ef162320e09086a16f1e130b09a507d399438740647147560f339cd2aa60069
UNRESOLVED_IMAGE,0.25,41,0.25000000000000006,2.220446049250313e-16,0.5497382248301129,0.52734375,0.04397496704365141,False,SUPPORTED,,4ef162320e09086a16f1e130b09a507d399438740647147560f339cd2aa60069
TOTAL_FLUX,0.25,41,0.25000000000000006,2.220446049250313e-16,0.5497382248301129,0.55859375,0.04397496704365141,False,SUPPORTED,,4ef162320e09086a16f1e130b09a507d399438740647147560f339cd2aa60069
DIRECT_PHYSICAL,0.25,42,0.25,0.0,0.5497382248301129,0.556640625,0.04397496704365141,False,SUPPORTED,,4ef162320e09086a16f1e130b09a507d399438740647147560f339cd2aa60069
RESOLVED_PHYSICAL,0.25,42,0.25,0.0,0.5497382248301129,0.552734375,0.04397496704365141,False,SUPPORTED,,4ef162320e09086a16f1e130b09a507d399438740647147560f339cd2aa60069
UNRESOLVED_IMAGE,0.25,42,0.24999999999999994,2.220446049250313e-16,0.5497382248301129,0.52734375,0.04397496704365141,False,SUPPORTED,,4ef162320e09086a16f1e130b09a507d399438740647147560f339cd2aa60069
TOTAL_FLUX,0.25,42,0.25000000000000006,2.220446049250313e-16,0.5497382248301129,0.580078125,0.04397496704365141,False,SUPPORTED,,4ef162320e09086a16f1e130b09a507d399438740647147560f339cd2aa60069
DIRECT_PHYSICAL,0.25,43,0.25,0.0,0.5497382248301129,0.55078125,0.04397496704365141,False,SUPPORTED,,4ef162320e09086a16f1e130b09a507d399438740647147560f339cd2aa60069
RESOLVED_PHYSICAL,0.25,43,0.25,0.0,0.5497382248301129,0.576171875,0.04397496704365141,False,SUPPORTED,,4ef162320e09086a16f1e130b09a507d399438740647147560f339cd2aa60069
UNRESOLVED_IMAGE,0.25,43,0.24999999999999992,3.3306690738754696e-16,0.5497382248301129,0.529296875,0.04397496704365141,False,SUPPORTED,,4ef162320e09086a16f1e130b09a507d399438740647147560f339cd2aa60069
TOTAL_FLUX,0.25,43,0.25,0.0,0.5497382248301129,0.560546875,0.04397496704365141,False,SUPPORTED,,4ef162320e09086a16f1e130b09a507d399438740647147560f339cd2aa60069
DIRECT_PHYSICAL,0.25,44,0.25000000000000006,2.220446049250313e-16,0.5497382248301129,0.53515625,0.04397496704365141,False,SUPPORTED,,4ef162320e09086a16f1e130b09a507d399438740647147560f339cd2aa60069
RESOLVED_PHYSICAL,0.25,44,0.25000000000000006,2.220446049250313e-16,0.5497382248301129,0.55078125,0.04397496704365141,False,SUPPORTED,,4ef162320e09086a16f1e130b09a507d399438740647147560f339cd2aa60069
UNRESOLVED_IMAGE,0.25,44,0.25,0.0,0.5497382248301129,0.57421875,0.04397496704365141,False,SUPPORTED,,4ef162320e09086a16f1e130b09a507d399438740647147560f339cd2aa60069
TOTAL_FLUX,0.25,44,0.24999999999999992,3.3306690738754696e-16,0.5497382248301129,0.587890625,0.04397496704365141,False,SUPPORTED,,4ef162320e09086a16f1e130b09a507d399438740647147560f339cd2aa60069
DIRECT_PHYSICAL,0.25,45,0.25,0.0,0.5497382248301129,0.509765625,0.04397496704365141,False,SUPPORTED,,4ef162320e09086a16f1e130b09a507d399438740647147560f339cd2aa60069
RESOLVED_PHYSICAL,0.25,45,0.24999999999999997,1.1102230246251565e-16,0.5497382248301129,0.53125,0.04397496704365141,False,SUPPORTED,,4ef162320e09086a16f1e130b09a507d399438740647147560f339cd2aa60069
UNRESOLVED_IMAGE,0.25,45,0.24999999999999997,1.1102230246251565e-16,0.5497382248301129,0.546875,0.04397496704365141,False,SUPPORTED,,4ef162320e09086a16f1e130b09a507d399438740647147560f339cd2aa60069
TOTAL_FLUX,0.25,45,0.24999999999999994,2.220446049250313e-16,0.5497382248301129,0.53515625,0.04397496704365141,False,SUPPORTED,,4ef162320e09086a16f1e130b09a507d399438740647147560f339cd2aa60069
DIRECT_PHYSICAL,0.25,46,0.25,0.0,0.5497382248301129,0.52734375,0.04397496704365141,False,SUPPORTED,,4ef162320e09086a16f1e130b09a507d399438740647147560f339cd2aa60069
RESOLVED_PHYSICAL,0.25,46,0.25,0.0,0.5497382248301129,0.544921875,0.04397496704365141,False,SUPPORTED,,4ef162320e09086a16f1e130b09a507d399438740647147560f339cd2aa60069
UNRESOLVED_IMAGE,0.25,46,0.24999999999999994,2.220446049250313e-16,0.5497382248301129,0.537109375,0.04397496704365141,False,SUPPORTED,,4ef162320e09086a16f1e130b09a507d399438740647147560f339cd2aa60069
TOTAL_FLUX,0.25,46,0.24999999999999997,1.1102230246251565e-16,0.5497382248301129,0.51953125,0.04397496704365141,False,SUPPORTED,,4ef162320e09086a16f1e130b09a507d399438740647147560f339cd2aa60069
DIRECT_PHYSICAL,0.25,47,0.24999999999999997,1.1102230246251565e-16,0.5497382248301129,0.525390625,0.04397496704365141,False,SUPPORTED,,4ef162320e09086a16f1e130b09a507d399438740647147560f339cd2aa60069
RESOLVED_PHYSICAL,0.25,47,0.24999999999999997,1.1102230246251565e-16,0.5497382248301129,0.552734375,0.04397496704365141,False,SUPPORTED,,4ef162320e09086a16f1e130b09a507d399438740647147560f339cd2aa60069
UNRESOLVED_IMAGE,0.25,47,0.24999999999999994,2.220446049250313e-16,0.5497382248301129,0.54296875,0.04397496704365141,False,SUPPORTED,,4ef162320e09086a16f1e130b09a507d399438740647147560f339cd2aa60069
TOTAL_FLUX,0.25,47,0.25,0.0,0.5497382248301129,0.505859375,0.04397496704365141,False,SUPPORTED,,4ef162320e09086a16f1e130b09a507d399438740647147560f339cd2aa60069
DIRECT_PHYSICAL,0.25,48,0.24999999999999997,1.1102230246251565e-16,0.5497382248301129,0.560546875,0.04397496704365141,False,SUPPORTED,,4ef162320e09086a16f1e130b09a507d399438740647147560f339cd2aa60069
RESOLVED_PHYSICAL,0.25,48,0.25,0.0,0.5497382248301129,0.572265625,0.04397496704365141,False,SUPPORTED,,4ef162320e09086a16f1e130b09a507d399438740647147560f339cd2aa60069
UNRESOLVED_IMAGE,0.25,48,0.25,0.0,0.5497382248301129,0.57421875,0.04397496704365141,False,SUPPORTED,,4ef162320e09086a16f1e130b09a507d399438740647147560f339cd2aa60069
TOTAL_FLUX,0.25,48,0.25000000000000006,2.220446049250313e-16,0.5497382248301129,0.525390625,0.04397496704365141,False,SUPPORTED,,4ef162320e09086a16f1e130b09a507d399438740647147560f339cd2aa60069
DIRECT_PHYSICAL,0.25,49,0.25,0.0,0.5497382248301129,0.578125,0.04397496704365141,False,SUPPORTED,,4ef162320e09086a16f1e130b09a507d399438740647147560f339cd2aa60069
RESOLVED_PHYSICAL,0.25,49,0.24999999999999997,1.1102230246251565e-16,0.5497382248301129,0.56640625,0.04397496704365141,False,SUPPORTED,,4ef162320e09086a16f1e130b09a507d399438740647147560f339cd2aa60069
UNRESOLVED_IMAGE,0.25,49,0.25,0.0,0.5497382248301129,0.541015625,0.04397496704365141,False,SUPPORTED,,4ef162320e09086a16f1e130b09a507d399438740647147560f339cd2aa60069
TOTAL_FLUX,0.25,49,0.2499999999999999,4.440892098500626e-16,0.5497382248301129,0.525390625,0.04397496704365141,False,SUPPORTED,,4ef162320e09086a16f1e130b09a507d399438740647147560f339cd2aa60069
DIRECT_PHYSICAL,0.25,50,0.25,0.0,0.5497382248301129,0.548828125,0.04397496704365141,False,SUPPORTED,,4ef162320e09086a16f1e130b09a507d399438740647147560f339cd2aa60069
RESOLVED_PHYSICAL,0.25,50,0.25,0.0,0.5497382248301129,0.5859375,0.04397496704365141,False,SUPPORTED,,4ef162320e09086a16f1e130b09a507d399438740647147560f339cd2aa60069
UNRESOLVED_IMAGE,0.25,50,0.25,0.0,0.5497382248301129,0.5703125,0.04397496704365141,False,SUPPORTED,,4ef162320e09086a16f1e130b09a507d399438740647147560f339cd2aa60069
TOTAL_FLUX,0.25,50,0.25,0.0,0.5497382248301129,0.521484375,0.04397496704365141,False,SUPPORTED,,4ef162320e09086a16f1e130b09a507d399438740647147560f339cd2aa60069
DIRECT_PHYSICAL,0.25,51,0.25,0.0,0.5497382248301129,0.52734375,0.04397496704365141,False,SUPPORTED,,4ef162320e09086a16f1e130b09a507d399438740647147560f339cd2aa60069
RESOLVED_PHYSICAL,0.25,51,0.25,0.0,0.5497382248301129,0.546875,0.04397496704365141,False,SUPPORTED,,4ef162320e09086a16f1e130b09a507d399438740647147560f339cd2aa60069
UNRESOLVED_IMAGE,0.25,51,0.24999999999999997,1.1102230246251565e-16,0.5497382248301129,0.56640625,0.04397496704365141,False,SUPPORTED,,4ef162320e09086a16f1e130b09a507d399438740647147560f339cd2aa60069
TOTAL_FLUX,0.25,51,0.2499999999999999,4.440892098500626e-16,0.5497382248301129,0.552734375,0.04397496704365141,False,SUPPORTED,,4ef162320e09086a16f1e130b09a507d399438740647147560f339cd2aa60069
DIRECT_PHYSICAL,0.25,52,0.24999999999999997,1.1102230246251565e-16,0.5497382248301129,0.568359375,0.04397496704365141,False,SUPPORTED,,4ef162320e09086a16f1e130b09a507d399438740647147560f339cd2aa60069
RESOLVED_PHYSICAL,0.25,52,0.25,0.0,0.5497382248301129,0.572265625,0.04397496704365141,False,SUPPORTED,,4ef162320e09086a16f1e130b09a507d399438740647147560f339cd2aa60069
UNRESOLVED_IMAGE,0.25,52,0.25000000000000006,2.220446049250313e-16,0.5497382248301129,0.546875,0.04397496704365141,False,SUPPORTED,,4ef162320e09086a16f1e130b09a507d399438740647147560f339cd2aa60069
TOTAL_FLUX,0.25,52,0.25000000000000006,2.220446049250313e-16,0.5497382248301129,0.51953125,0.04397496704365141,False,SUPPORTED,,4ef162320e09086a16f1e130b09a507d399438740647147560f339cd2aa60069
DIRECT_PHYSICAL,0.25,53,0.24999999999999994,2.220446049250313e-16,0.5497382248301129,0.5234375,0.04397496704365141,False,SUPPORTED,,4ef162320e09086a16f1e130b09a507d399438740647147560f339cd2aa60069
RESOLVED_PHYSICAL,0.25,53,0.24999999999999997,1.1102230246251565e-16,0.5497382248301129,0.54296875,0.04397496704365141,False,SUPPORTED,,4ef162320e09086a16f1e130b09a507d399438740647147560f339cd2aa60069
UNRESOLVED_IMAGE,0.25,53,0.25,0.0,0.5497382248301129,0.556640625,0.04397496704365141,False,SUPPORTED,,4ef162320e09086a16f1e130b09a507d399438740647147560f339cd2aa60069
TOTAL_FLUX,0.25,53,0.2500000000000001,4.440892098500626e-16,0.5497382248301129,0.55078125,0.04397496704365141,False,SUPPORTED,,4ef162320e09086a16f1e130b09a507d399438740647147560f339cd2aa60069
DIRECT_PHYSICAL,0.25,54,0.25,0.0,0.5497382248301129,0.560546875,0.04397496704365141,False,SUPPORTED,,4ef162320e09086a16f1e130b09a507d399438740647147560f339cd2aa60069
RESOLVED_PHYSICAL,0.25,54,0.25000000000000006,2.220446049250313e-16,0.5497382248301129,0.537109375,0.04397496704365141,False,SUPPORTED,,4ef162320e09086a16f1e130b09a507d399438740647147560f339cd2aa60069
UNRESOLVED_IMAGE,0.25,54,0.25,0.0,0.5497382248301129,0.556640625,0.04397496704365141,False,SUPPORTED,,4ef162320e09086a16f1e130b09a507d399438740647147560f339cd2aa60069
TOTAL_FLUX,0.25,54,0.25,0.0,0.5497382248301129,0.564453125,0.04397496704365141,False,SUPPORTED,,4ef162320e09086a16f1e130b09a507d399438740647147560f339cd2aa60069
DIRECT_PHYSICAL,0.25,55,0.24999999999999994,2.220446049250313e-16,0.5497382248301129,0.5078125,0.04397496704365141,False,SUPPORTED,,4ef162320e09086a16f1e130b09a507d399438740647147560f339cd2aa60069
RESOLVED_PHYSICAL,0.25,55,0.24999999999999997,1.1102230246251565e-16,0.5497382248301129,0.529296875,0.04397496704365141,False,SUPPORTED,,4ef162320e09086a16f1e130b09a507d399438740647147560f339cd2aa60069
UNRESOLVED_IMAGE,0.25,55,0.24999999999999997,1.1102230246251565e-16,0.5497382248301129,0.5703125,0.04397496704365141,False,SUPPORTED,,4ef162320e09086a16f1e130b09a507d399438740647147560f339cd2aa60069
TOTAL_FLUX,0.25,55,0.25000000000000017,6.661338147750939e-16,0.5497382248301129,0.53125,0.04397496704365141,False,SUPPORTED,,4ef162320e09086a16f1e130b09a507d399438740647147560f339cd2aa60069
DIRECT_PHYSICAL,0.25,56,0.25000000000000006,2.220446049250313e-16,0.5497382248301129,0.53515625,0.04397496704365141,False,SUPPORTED,,4ef162320e09086a16f1e130b09a507d399438740647147560f339cd2aa60069
RESOLVED_PHYSICAL,0.25,56,0.25,0.0,0.5497382248301129,0.525390625,0.04397496704365141,False,SUPPORTED,,4ef162320e09086a16f1e130b09a507d399438740647147560f339cd2aa60069
UNRESOLVED_IMAGE,0.25,56,0.24999999999999997,1.1102230246251565e-16,0.5497382248301129,0.556640625,0.04397496704365141,False,SUPPORTED,,4ef162320e09086a16f1e130b09a507d399438740647147560f339cd2aa60069
TOTAL_FLUX,0.25,56,0.25000000000000006,2.220446049250313e-16,0.5497382248301129,0.515625,0.04397496704365141,False,SUPPORTED,,4ef162320e09086a16f1e130b09a507d399438740647147560f339cd2aa60069
DIRECT_PHYSICAL,0.25,57,0.25,0.0,0.5497382248301129,0.568359375,0.04397496704365141,False,SUPPORTED,,4ef162320e09086a16f1e130b09a507d399438740647147560f339cd2aa60069
RESOLVED_PHYSICAL,0.25,57,0.24999999999999997,1.1102230246251565e-16,0.5497382248301129,0.5625,0.04397496704365141,False,SUPPORTED,,4ef162320e09086a16f1e130b09a507d399438740647147560f339cd2aa60069
UNRESOLVED_IMAGE,0.25,57,0.24999999999999997,1.1102230246251565e-16,0.5497382248301129,0.58984375,0.04397496704365141,False,SUPPORTED,,4ef162320e09086a16f1e130b09a507d399438740647147560f339cd2aa60069
TOTAL_FLUX,0.25,57,0.25,0.0,0.5497382248301129,0.515625,0.04397496704365141,False,SUPPORTED,,4ef162320e09086a16f1e130b09a507d399438740647147560f339cd2aa60069
DIRECT_PHYSICAL,0.25,58,0.24999999999999997,1.1102230246251565e-16,0.5497382248301129,0.548828125,0.04397496704365141,False,SUPPORTED,,4ef162320e09086a16f1e130b09a507d399438740647147560f339cd2aa60069
RESOLVED_PHYSICAL,0.25,58,0.25,0.0,0.5497382248301129,0.58203125,0.04397496704365141,False,SUPPORTED,,4ef162320e09086a16f1e130b09a507d399438740647147560f339cd2aa60069
UNRESOLVED_IMAGE,0.25,58,0.24999999999999997,1.1102230246251565e-16,0.5497382248301129,0.53125,0.04397496704365141,False,SUPPORTED,,4ef162320e09086a16f1e130b09a507d399438740647147560f339cd2aa60069
TOTAL_FLUX,0.25,58,0.24999999999999994,2.220446049250313e-16,0.5497382248301129,0.5546875,0.04397496704365141,False,SUPPORTED,,4ef162320e09086a16f1e130b09a507d399438740647147560f339cd2aa60069
DIRECT_PHYSICAL,0.25,59,0.24999999999999997,1.1102230246251565e-16,0.5497382248301129,0.541015625,0.04397496704365141,False,SUPPORTED,,4ef162320e09086a16f1e130b09a507d399438740647147560f339cd2aa60069
RESOLVED_PHYSICAL,0.25,59,0.24999999999999997,1.1102230246251565e-16,0.5497382248301129,0.5625,0.04397496704365141,False,SUPPORTED,,4ef162320e09086a16f1e130b09a507d399438740647147560f339cd2aa60069
UNRESOLVED_IMAGE,0.25,59,0.24999999999999994,2.220446049250313e-16,0.5497382248301129,0.52734375,0.04397496704365141,False,SUPPORTED,,4ef162320e09086a16f1e130b09a507d399438740647147560f339cd2aa60069
TOTAL_FLUX,0.25,59,0.24999999999999994,2.220446049250313e-16,0.5497382248301129,0.57421875,0.04397496704365141,False,SUPPORTED,,4ef162320e09086a16f1e130b09a507d399438740647147560f339cd2aa60069
DIRECT_PHYSICAL,0.25,60,0.24999999999999994,2.220446049250313e-16,0.5497382248301129,0.576171875,0.04397496704365141,False,SUPPORTED,,4ef162320e09086a16f1e130b09a507d399438740647147560f339cd2aa60069
RESOLVED_PHYSICAL,0.25,60,0.24999999999999997,1.1102230246251565e-16,0.5497382248301129,0.49609375,0.04397496704365141,False,SUPPORTED,,4ef162320e09086a16f1e130b09a507d399438740647147560f339cd2aa60069
UNRESOLVED_IMAGE,0.25,60,0.24999999999999994,2.220446049250313e-16,0.5497382248301129,0.5703125,0.04397496704365141,False,SUPPORTED,,4ef162320e09086a16f1e130b09a507d399438740647147560f339cd2aa60069
TOTAL_FLUX,0.25,60,0.25000000000000006,2.220446049250313e-16,0.5497382248301129,0.57421875,0.04397496704365141,False,SUPPORTED,,4ef162320e09086a16f1e130b09a507d399438740647147560f339cd2aa60069
DIRECT_PHYSICAL,0.25,61,0.24999999999999997,1.1102230246251565e-16,0.5497382248301129,0.53515625,0.04397496704365141,False,SUPPORTED,,4ef162320e09086a16f1e130b09a507d399438740647147560f339cd2aa60069
RESOLVED_PHYSICAL,0.25,61,0.25,0.0,0.5497382248301129,0.564453125,0.04397496704365141,False,SUPPORTED,,4ef162320e09086a16f1e130b09a507d399438740647147560f339cd2aa60069
UNRESOLVED_IMAGE,0.25,61,0.25,0.0,0.5497382248301129,0.544921875,0.04397496704365141,False,SUPPORTED,,4ef162320e09086a16f1e130b09a507d399438740647147560f339cd2aa60069
TOTAL_FLUX,0.25,61,0.25000000000000006,2.220446049250313e-16,0.5497382248301129,0.505859375,0.04397496704365141,False,SUPPORTED,,4ef162320e09086a16f1e130b09a507d399438740647147560f339cd2aa60069
DIRECT_PHYSICAL,0.25,62,0.24999999999999997,1.1102230246251565e-16,0.5497382248301129,0.55078125,0.04397496704365141,False,SUPPORTED,,4ef162320e09086a16f1e130b09a507d399438740647147560f339cd2aa60069
RESOLVED_PHYSICAL,0.25,62,0.24999999999999997,1.1102230246251565e-16,0.5497382248301129,0.5390625,0.04397496704365141,False,SUPPORTED,,4ef162320e09086a16f1e130b09a507d399438740647147560f339cd2aa60069
UNRESOLVED_IMAGE,0.25,62,0.24999999999999994,2.220446049250313e-16,0.5497382248301129,0.533203125,0.04397496704365141,False,SUPPORTED,,4ef162320e09086a16f1e130b09a507d399438740647147560f339cd2aa60069
TOTAL_FLUX,0.25,62,0.24999999999999997,1.1102230246251565e-16,0.5497382248301129,0.599609375,0.04397496704365141,True,SUPPORTED,,4ef162320e09086a16f1e130b09a507d399438740647147560f339cd2aa60069
DIRECT_PHYSICAL,0.25,63,0.24999999999999994,2.220446049250313e-16,0.5497382248301129,0.529296875,0.04397496704365141,False,SUPPORTED,,4ef162320e09086a16f1e130b09a507d399438740647147560f339cd2aa60069
RESOLVED_PHYSICAL,0.25,63,0.25,0.0,0.5497382248301129,0.544921875,0.04397496704365141,False,SUPPORTED,,4ef162320e09086a16f1e130b09a507d399438740647147560f339cd2aa60069
UNRESOLVED_IMAGE,0.25,63,0.24999999999999997,1.1102230246251565e-16,0.5497382248301129,0.537109375,0.04397496704365141,False,SUPPORTED,,4ef162320e09086a16f1e130b09a507d399438740647147560f339cd2aa60069
TOTAL_FLUX,0.25,63,0.25000000000000017,6.661338147750939e-16,0.5497382248301129,0.544921875,0.04397496704365141,False,SUPPORTED,,4ef162320e09086a16f1e130b09a507d399438740647147560f339cd2aa60069
DIRECT_PHYSICAL,0.25,64,0.25,0.0,0.5497382248301129,0.541015625,0.04397496704365141,False,SUPPORTED,,4ef162320e09086a16f1e130b09a507d399438740647147560f339cd2aa60069
RESOLVED_PHYSICAL,0.25,64,0.24999999999999994,2.220446049250313e-16,0.5497382248301129,0.57421875,0.04397496704365141,False,SUPPORTED,,4ef162320e09086a16f1e130b09a507d399438740647147560f339cd2aa60069
UNRESOLVED_IMAGE,0.25,64,0.25,0.0,0.5497382248301129,0.54296875,0.04397496704365141,False,SUPPORTED,,4ef162320e09086a16f1e130b09a507d399438740647147560f339cd2aa60069
TOTAL_FLUX,0.25,64,0.24999999999999997,1.1102230246251565e-16,0.5497382248301129,0.529296875,0.04397496704365141,False,SUPPORTED,,4ef162320e09086a16f1e130b09a507d399438740647147560f339cd2aa60069
DIRECT_PHYSICAL,0.25,65,0.25,0.0,0.5497382248301129,0.494140625,0.04397496704365141,False,SUPPORTED,,4ef162320e09086a16f1e130b09a507d399438740647147560f339cd2aa60069
RESOLVED_PHYSICAL,0.25,65,0.24999999999999994,2.220446049250313e-16,0.5497382248301129,0.546875,0.04397496704365141,False,SUPPORTED,,4ef162320e09086a16f1e130b09a507d399438740647147560f339cd2aa60069
UNRESOLVED_IMAGE,0.25,65,0.25,0.0,0.5497382248301129,0.572265625,0.04397496704365141,False,SUPPORTED,,4ef162320e09086a16f1e130b09a507d399438740647147560f339cd2aa60069
TOTAL_FLUX,0.25,65,0.24999999999999986,5.551115123125783e-16,0.5497382248301128,0.5625,0.04397496704365141,False,SUPPORTED,,4ef162320e09086a16f1e130b09a507d399438740647147560f339cd2aa60069
DIRECT_PHYSICAL,0.25,66,0.25,0.0,0.5497382248301129,0.568359375,0.04397496704365141,False,SUPPORTED,,4ef162320e09086a16f1e130b09a507d399438740647147560f339cd2aa60069
RESOLVED_PHYSICAL,0.25,66,0.25,0.0,0.5497382248301129,0.51953125,0.04397496704365141,False,SUPPORTED,,4ef162320e09086a16f1e130b09a507d399438740647147560f339cd2aa60069
UNRESOLVED_IMAGE,0.25,66,0.25000000000000006,2.220446049250313e-16,0.5497382248301129,0.544921875,0.04397496704365141,False,SUPPORTED,,4ef162320e09086a16f1e130b09a507d399438740647147560f339cd2aa60069
TOTAL_FLUX,0.25,66,0.24999999999999992,3.3306690738754696e-16,0.5497382248301129,0.583984375,0.04397496704365141,False,SUPPORTED,,4ef162320e09086a16f1e130b09a507d399438740647147560f339cd2aa60069
DIRECT_PHYSICAL,0.25,67,0.24999999999999997,1.1102230246251565e-16,0.5497382248301129,0.54296875,0.04397496704365141,False,SUPPORTED,,4ef162320e09086a16f1e130b09a507d399438740647147560f339cd2aa60069
RESOLVED_PHYSICAL,0.25,67,0.24999999999999997,1.1102230246251565e-16,0.5497382248301129,0.521484375,0.04397496704365141,False,SUPPORTED,,4ef162320e09086a16f1e130b09a507d399438740647147560f339cd2aa60069
UNRESOLVED_IMAGE,0.25,67,0.24999999999999997,1.1102230246251565e-16,0.5497382248301129,0.490234375,0.04397496704365141,False,SUPPORTED,,4ef162320e09086a16f1e130b09a507d399438740647147560f339cd2aa60069
TOTAL_FLUX,0.25,67,0.24999999999999997,1.1102230246251565e-16,0.5497382248301129,0.576171875,0.04397496704365141,False,SUPPORTED,,4ef162320e09086a16f1e130b09a507d399438740647147560f339cd2aa60069
DIRECT_PHYSICAL,0.25,68,0.24999999999999997,1.1102230246251565e-16,0.5497382248301129,0.541015625,0.04397496704365141,False,SUPPORTED,,4ef162320e09086a16f1e130b09a507d399438740647147560f339cd2aa60069
RESOLVED_PHYSICAL,0.25,68,0.25,0.0,0.5497382248301129,0.59765625,0.04397496704365141,True,SUPPORTED,,4ef162320e09086a16f1e130b09a507d399438740647147560f339cd2aa60069
UNRESOLVED_IMAGE,0.25,68,0.25,0.0,0.5497382248301129,0.5546875,0.04397496704365141,False,SUPPORTED,,4ef162320e09086a16f1e130b09a507d399438740647147560f339cd2aa60069
TOTAL_FLUX,0.25,68,0.24999999999999994,2.220446049250313e-16,0.5497382248301129,0.53515625,0.04397496704365141,False,SUPPORTED,,4ef162320e09086a16f1e130b09a507d399438740647147560f339cd2aa60069
DIRECT_PHYSICAL,0.25,69,0.24999999999999997,1.1102230246251565e-16,0.5497382248301129,0.55078125,0.04397496704365141,False,SUPPORTED,,4ef162320e09086a16f1e130b09a507d399438740647147560f339cd2aa60069
RESOLVED_PHYSICAL,0.25,69,0.24999999999999997,1.1102230246251565e-16,0.5497382248301129,0.5390625,0.04397496704365141,False,SUPPORTED,,4ef162320e09086a16f1e130b09a507d399438740647147560f339cd2aa60069
UNRESOLVED_IMAGE,0.25,69,0.24999999999999994,2.220446049250313e-16,0.5497382248301129,0.5546875,0.04397496704365141,False,SUPPORTED,,4ef162320e09086a16f1e130b09a507d399438740647147560f339cd2aa60069
TOTAL_FLUX,0.25,69,0.25000000000000006,2.220446049250313e-16,0.5497382248301129,0.55859375,0.04397496704365141,False,SUPPORTED,,4ef162320e09086a16f1e130b09a507d399438740647147560f339cd2aa60069
DIRECT_PHYSICAL,0.25,70,0.24999999999999992,3.3306690738754696e-16,0.5497382248301129,0.57421875,0.04397496704365141,False,SUPPORTED,,4ef162320e09086a16f1e130b09a507d399438740647147560f339cd2aa60069
RESOLVED_PHYSICAL,0.25,70,0.24999999999999992,3.3306690738754696e-16,0.5497382248301129,0.556640625,0.04397496704365141,False,SUPPORTED,,4ef162320e09086a16f1e130b09a507d399438740647147560f339cd2aa60069
UNRESOLVED_IMAGE,0.25,70,0.24999999999999997,1.1102230246251565e-16,0.5497382248301129,0.544921875,0.04397496704365141,False,SUPPORTED,,4ef162320e09086a16f1e130b09a507d399438740647147560f339cd2aa60069
TOTAL_FLUX,0.25,70,0.24999999999999992,3.3306690738754696e-16,0.5497382248301129,0.5703125,0.04397496704365141,False,SUPPORTED,,4ef162320e09086a16f1e130b09a507d399438740647147560f339cd2aa60069
DIRECT_PHYSICAL,0.25,71,0.25000000000000006,2.220446049250313e-16,0.5497382248301129,0.51171875,0.04397496704365141,False,SUPPORTED,,4ef162320e09086a16f1e130b09a507d399438740647147560f339cd2aa60069
RESOLVED_PHYSICAL,0.25,71,0.24999999999999994,2.220446049250313e-16,0.5497382248301129,0.52734375,0.04397496704365141,False,SUPPORTED,,4ef162320e09086a16f1e130b09a507d399438740647147560f339cd2aa60069
UNRESOLVED_IMAGE,0.25,71,0.25,0.0,0.5497382248301129,0.544921875,0.04397496704365141,False,SUPPORTED,,4ef162320e09086a16f1e130b09a507d399438740647147560f339cd2aa60069
TOTAL_FLUX,0.25,71,0.24999999999999997,1.1102230246251565e-16,0.5497382248301129,0.57421875,0.04397496704365141,False,SUPPORTED,,4ef162320e09086a16f1e130b09a507d399438740647147560f339cd2aa60069
DIRECT_PHYSICAL,0.25,72,0.24999999999999997,1.1102230246251565e-16,0.5497382248301129,0.583984375,0.04397496704365141,False,SUPPORTED,,4ef162320e09086a16f1e130b09a507d399438740647147560f339cd2aa60069
RESOLVED_PHYSICAL,0.25,72,0.25,0.0,0.5497382248301129,0.55078125,0.04397496704365141,False,SUPPORTED,,4ef162320e09086a16f1e130b09a507d399438740647147560f339cd2aa60069
UNRESOLVED_IMAGE,0.25,72,0.24999999999999994,2.220446049250313e-16,0.5497382248301129,0.564453125,0.04397496704365141,False,SUPPORTED,,4ef162320e09086a16f1e130b09a507d399438740647147560f339cd2aa60069
TOTAL_FLUX,0.25,72,0.24999999999999992,3.3306690738754696e-16,0.5497382248301129,0.544921875,0.04397496704365141,False,SUPPORTED,,4ef162320e09086a16f1e130b09a507d399438740647147560f339cd2aa60069
DIRECT_PHYSICAL,0.25,73,0.25000000000000006,2.220446049250313e-16,0.5497382248301129,0.5390625,0.04397496704365141,False,SUPPORTED,,4ef162320e09086a16f1e130b09a507d399438740647147560f339cd2aa60069
RESOLVED_PHYSICAL,0.25,73,0.25000000000000006,2.220446049250313e-16,0.5497382248301129,0.546875,0.04397496704365141,False,SUPPORTED,,4ef162320e09086a16f1e130b09a507d399438740647147560f339cd2aa60069
UNRESOLVED_IMAGE,0.25,73,0.25,0.0,0.5497382248301129,0.541015625,0.04397496704365141,False,SUPPORTED,,4ef162320e09086a16f1e130b09a507d399438740647147560f339cd2aa60069
TOTAL_FLUX,0.25,73,0.25,0.0,0.5497382248301129,0.509765625,0.04397496704365141,False,SUPPORTED,,4ef162320e09086a16f1e130b09a507d399438740647147560f339cd2aa60069
DIRECT_PHYSICAL,0.25,74,0.25,0.0,0.5497382248301129,0.544921875,0.04397496704365141,False,SUPPORTED,,4ef162320e09086a16f1e130b09a507d399438740647147560f339cd2aa60069
RESOLVED_PHYSICAL,0.25,74,0.25,0.0,0.5497382248301129,0.544921875,0.04397496704365141,False,SUPPORTED,,4ef162320e09086a16f1e130b09a507d399438740647147560f339cd2aa60069
UNRESOLVED_IMAGE,0.25,74,0.24999999999999997,1.1102230246251565e-16,0.5497382248301129,0.55859375,0.04397496704365141,False,SUPPORTED,,4ef162320e09086a16f1e130b09a507d399438740647147560f339cd2aa60069
TOTAL_FLUX,0.25,74,0.24999999999999997,1.1102230246251565e-16,0.5497382248301129,0.5546875,0.04397496704365141,False,SUPPORTED,,4ef162320e09086a16f1e130b09a507d399438740647147560f339cd2aa60069
DIRECT_PHYSICAL,0.25,75,0.25,0.0,0.5497382248301129,0.521484375,0.04397496704365141,False,SUPPORTED,,4ef162320e09086a16f1e130b09a507d399438740647147560f339cd2aa60069
RESOLVED_PHYSICAL,0.25,75,0.25,0.0,0.5497382248301129,0.525390625,0.04397496704365141,False,SUPPORTED,,4ef162320e09086a16f1e130b09a507d399438740647147560f339cd2aa60069
UNRESOLVED_IMAGE,0.25,75,0.25,0.0,0.5497382248301129,0.58203125,0.04397496704365141,False,SUPPORTED,,4ef162320e09086a16f1e130b09a507d399438740647147560f339cd2aa60069
TOTAL_FLUX,0.25,75,0.2499999999999999,4.440892098500626e-16,0.5497382248301129,0.53515625,0.04397496704365141,False,SUPPORTED,,4ef162320e09086a16f1e130b09a507d399438740647147560f339cd2aa60069
DIRECT_PHYSICAL,0.25,76,0.24999999999999997,1.1102230246251565e-16,0.5497382248301129,0.552734375,0.04397496704365141,False,SUPPORTED,,4ef162320e09086a16f1e130b09a507d399438740647147560f339cd2aa60069
RESOLVED_PHYSICAL,0.25,76,0.24999999999999997,1.1102230246251565e-16,0.5497382248301129,0.5625,0.04397496704365141,False,SUPPORTED,,4ef162320e09086a16f1e130b09a507d399438740647147560f339cd2aa60069
UNRESOLVED_IMAGE,0.25,76,0.25,0.0,0.5497382248301129,0.5546875,0.04397496704365141,False,SUPPORTED,,4ef162320e09086a16f1e130b09a507d399438740647147560f339cd2aa60069
TOTAL_FLUX,0.25,76,0.24999999999999983,6.661338147750939e-16,0.5497382248301128,0.55078125,0.04397496704365141,False,SUPPORTED,,4ef162320e09086a16f1e130b09a507d399438740647147560f339cd2aa60069
DIRECT_PHYSICAL,0.25,77,0.24999999999999997,1.1102230246251565e-16,0.5497382248301129,0.533203125,0.04397496704365141,False,SUPPORTED,,4ef162320e09086a16f1e130b09a507d399438740647147560f339cd2aa60069
RESOLVED_PHYSICAL,0.25,77,0.25,0.0,0.5497382248301129,0.548828125,0.04397496704365141,False,SUPPORTED,,4ef162320e09086a16f1e130b09a507d399438740647147560f339cd2aa60069
UNRESOLVED_IMAGE,0.25,77,0.25,0.0,0.5497382248301129,0.541015625,0.04397496704365141,False,SUPPORTED,,4ef162320e09086a16f1e130b09a507d399438740647147560f339cd2aa60069
TOTAL_FLUX,0.25,77,0.25000000000000006,2.220446049250313e-16,0.5497382248301129,0.548828125,0.04397496704365141,False,SUPPORTED,,4ef162320e09086a16f1e130b09a507d399438740647147560f339cd2aa60069
DIRECT_PHYSICAL,0.25,78,0.25,0.0,0.5497382248301129,0.552734375,0.04397496704365141,False,SUPPORTED,,4ef162320e09086a16f1e130b09a507d399438740647147560f339cd2aa60069
RESOLVED_PHYSICAL,0.25,78,0.25000000000000006,2.220446049250313e-16,0.5497382248301129,0.53125,0.04397496704365141,False,SUPPORTED,,4ef162320e09086a16f1e130b09a507d399438740647147560f339cd2aa60069
UNRESOLVED_IMAGE,0.25,78,0.25,0.0,0.5497382248301129,0.5234375,0.04397496704365141,False,SUPPORTED,,4ef162320e09086a16f1e130b09a507d399438740647147560f339cd2aa60069
TOTAL_FLUX,0.25,78,0.25,0.0,0.5497382248301129,0.533203125,0.04397496704365141,False,SUPPORTED,,4ef162320e09086a16f1e130b09a507d399438740647147560f339cd2aa60069
DIRECT_PHYSICAL,0.25,79,0.25,0.0,0.5497382248301129,0.513671875,0.04397496704365141,False,SUPPORTED,,4ef162320e09086a16f1e130b09a507d399438740647147560f339cd2aa60069
RESOLVED_PHYSICAL,0.25,79,0.24999999999999997,1.1102230246251565e-16,0.5497382248301129,0.580078125,0.04397496704365141,False,SUPPORTED,,4ef162320e09086a16f1e130b09a507d399438740647147560f339cd2aa60069
UNRESOLVED_IMAGE,0.25,79,0.24999999999999997,1.1102230246251565e-16,0.5497382248301129,0.568359375,0.04397496704365141,False,SUPPORTED,,4ef162320e09086a16f1e130b09a507d399438740647147560f339cd2aa60069
TOTAL_FLUX,0.25,79,0.25,0.0,0.5497382248301129,0.515625,0.04397496704365141,False,SUPPORTED,,4ef162320e09086a16f1e130b09a507d399438740647147560f339cd2aa60069
DIRECT_PHYSICAL,0.25,80,0.25,0.0,0.5497382248301129,0.54296875,0.04397496704365141,False,SUPPORTED,,4ef162320e09086a16f1e130b09a507d399438740647147560f339cd2aa60069
RESOLVED_PHYSICAL,0.25,80,0.25,0.0,0.5497382248301129,0.544921875,0.04397496704365141,False,SUPPORTED,,4ef162320e09086a16f1e130b09a507d399438740647147560f339cd2aa60069
UNRESOLVED_IMAGE,0.25,80,0.24999999999999994,2.220446049250313e-16,0.5497382248301129,0.548828125,0.04397496704365141,False,SUPPORTED,,4ef162320e09086a16f1e130b09a507d399438740647147560f339cd2aa60069
TOTAL_FLUX,0.25,80,0.24999999999999992,3.3306690738754696e-16,0.5497382248301129,0.552734375,0.04397496704365141,False,SUPPORTED,,4ef162320e09086a16f1e130b09a507d399438740647147560f339cd2aa60069
DIRECT_PHYSICAL,0.25,81,0.25,0.0,0.5497382248301129,0.5546875,0.04397496704365141,False,SUPPORTED,,4ef162320e09086a16f1e130b09a507d399438740647147560f339cd2aa60069
RESOLVED_PHYSICAL,0.25,81,0.25,0.0,0.5497382248301129,0.564453125,0.04397496704365141,False,SUPPORTED,,4ef162320e09086a16f1e130b09a507d399438740647147560f339cd2aa60069
UNRESOLVED_IMAGE,0.25,81,0.25,0.0,0.5497382248301129,0.5859375,0.04397496704365141,False,SUPPORTED,,4ef162320e09086a16f1e130b09a507d399438740647147560f339cd2aa60069
TOTAL_FLUX,0.25,81,0.24999999999999992,3.3306690738754696e-16,0.5497382248301129,0.576171875,0.04397496704365141,False,SUPPORTED,,4ef162320e09086a16f1e130b09a507d399438740647147560f339cd2aa60069
DIRECT_PHYSICAL,0.25,82,0.24999999999999997,1.1102230246251565e-16,0.5497382248301129,0.5703125,0.04397496704365141,False,SUPPORTED,,4ef162320e09086a16f1e130b09a507d399438740647147560f339cd2aa60069
RESOLVED_PHYSICAL,0.25,82,0.24999999999999992,3.3306690738754696e-16,0.5497382248301129,0.580078125,0.04397496704365141,False,SUPPORTED,,4ef162320e09086a16f1e130b09a507d399438740647147560f339cd2aa60069
UNRESOLVED_IMAGE,0.25,82,0.25,0.0,0.5497382248301129,0.560546875,0.04397496704365141,False,SUPPORTED,,4ef162320e09086a16f1e130b09a507d399438740647147560f339cd2aa60069
TOTAL_FLUX,0.25,82,0.24999999999999994,2.220446049250313e-16,0.5497382248301129,0.568359375,0.04397496704365141,False,SUPPORTED,,4ef162320e09086a16f1e130b09a507d399438740647147560f339cd2aa60069
DIRECT_PHYSICAL,0.25,83,0.2499999999999999,4.440892098500626e-16,0.5497382248301129,0.5546875,0.04397496704365141,False,SUPPORTED,,4ef162320e09086a16f1e130b09a507d399438740647147560f339cd2aa60069
RESOLVED_PHYSICAL,0.25,83,0.25,0.0,0.5497382248301129,0.55859375,0.04397496704365141,False,SUPPORTED,,4ef162320e09086a16f1e130b09a507d399438740647147560f339cd2aa60069
UNRESOLVED_IMAGE,0.25,83,0.24999999999999992,3.3306690738754696e-16,0.5497382248301129,0.521484375,0.04397496704365141,False,SUPPORTED,,4ef162320e09086a16f1e130b09a507d399438740647147560f339cd2aa60069
TOTAL_FLUX,0.25,83,0.24999999999999992,3.3306690738754696e-16,0.5497382248301129,0.513671875,0.04397496704365141,False,SUPPORTED,,4ef162320e09086a16f1e130b09a507d399438740647147560f339cd2aa60069
DIRECT_PHYSICAL,0.25,84,0.25,0.0,0.5497382248301129,0.529296875,0.04397496704365141,False,SUPPORTED,,4ef162320e09086a16f1e130b09a507d399438740647147560f339cd2aa60069
RESOLVED_PHYSICAL,0.25,84,0.25,0.0,0.5497382248301129,0.509765625,0.04397496704365141,False,SUPPORTED,,4ef162320e09086a16f1e130b09a507d399438740647147560f339cd2aa60069
UNRESOLVED_IMAGE,0.25,84,0.24999999999999997,1.1102230246251565e-16,0.5497382248301129,0.552734375,0.04397496704365141,False,SUPPORTED,,4ef162320e09086a16f1e130b09a507d399438740647147560f339cd2aa60069
TOTAL_FLUX,0.25,84,0.24999999999999997,1.1102230246251565e-16,0.5497382248301129,0.517578125,0.04397496704365141,False,SUPPORTED,,4ef162320e09086a16f1e130b09a507d399438740647147560f339cd2aa60069
DIRECT_PHYSICAL,0.25,85,0.24999999999999997,1.1102230246251565e-16,0.5497382248301129,0.564453125,0.04397496704365141,False,SUPPORTED,,4ef162320e09086a16f1e130b09a507d399438740647147560f339cd2aa60069
RESOLVED_PHYSICAL,0.25,85,0.25,0.0,0.5497382248301129,0.5546875,0.04397496704365141,False,SUPPORTED,,4ef162320e09086a16f1e130b09a507d399438740647147560f339cd2aa60069
UNRESOLVED_IMAGE,0.25,85,0.25000000000000006,2.220446049250313e-16,0.5497382248301129,0.548828125,0.04397496704365141,False,SUPPORTED,,4ef162320e09086a16f1e130b09a507d399438740647147560f339cd2aa60069
TOTAL_FLUX,0.25,85,0.25,0.0,0.5497382248301129,0.55859375,0.04397496704365141,False,SUPPORTED,,4ef162320e09086a16f1e130b09a507d399438740647147560f339cd2aa60069
DIRECT_PHYSICAL,0.25,86,0.25,0.0,0.5497382248301129,0.587890625,0.04397496704365141,False,SUPPORTED,,4ef162320e09086a16f1e130b09a507d399438740647147560f339cd2aa60069
RESOLVED_PHYSICAL,0.25,86,0.25000000000000006,2.220446049250313e-16,0.5497382248301129,0.53125,0.04397496704365141,False,SUPPORTED,,4ef162320e09086a16f1e130b09a507d399438740647147560f339cd2aa60069
UNRESOLVED_IMAGE,0.25,86,0.25,0.0,0.5497382248301129,0.544921875,0.04397496704365141,False,SUPPORTED,,4ef162320e09086a16f1e130b09a507d399438740647147560f339cd2aa60069
TOTAL_FLUX,0.25,86,0.2499999999999999,4.440892098500626e-16,0.5497382248301129,0.5859375,0.04397496704365141,False,SUPPORTED,,4ef162320e09086a16f1e130b09a507d399438740647147560f339cd2aa60069
DIRECT_PHYSICAL,0.25,87,0.24999999999999997,1.1102230246251565e-16,0.5497382248301129,0.55078125,0.04397496704365141,False,SUPPORTED,,4ef162320e09086a16f1e130b09a507d399438740647147560f339cd2aa60069
RESOLVED_PHYSICAL,0.25,87,0.24999999999999997,1.1102230246251565e-16,0.5497382248301129,0.529296875,0.04397496704365141,False,SUPPORTED,,4ef162320e09086a16f1e130b09a507d399438740647147560f339cd2aa60069
UNRESOLVED_IMAGE,0.25,87,0.24999999999999997,1.1102230246251565e-16,0.5497382248301129,0.541015625,0.04397496704365141,False,SUPPORTED,,4ef162320e09086a16f1e130b09a507d399438740647147560f339cd2aa60069
TOTAL_FLUX,0.25,87,0.24999999999999997,1.1102230246251565e-16,0.5497382248301129,0.53515625,0.04397496704365141,False,SUPPORTED,,4ef162320e09086a16f1e130b09a507d399438740647147560f339cd2aa60069
DIRECT_PHYSICAL,0.25,88,0.25000000000000006,2.220446049250313e-16,0.5497382248301129,0.541015625,0.04397496704365141,False,SUPPORTED,,4ef162320e09086a16f1e130b09a507d399438740647147560f339cd2aa60069
RESOLVED_PHYSICAL,0.25,88,0.24999999999999992,3.3306690738754696e-16,0.5497382248301129,0.533203125,0.04397496704365141,False,SUPPORTED,,4ef162320e09086a16f1e130b09a507d399438740647147560f339cd2aa60069
UNRESOLVED_IMAGE,0.25,88,0.25000000000000006,2.220446049250313e-16,0.5497382248301129,0.5234375,0.04397496704365141,False,SUPPORTED,,4ef162320e09086a16f1e130b09a507d399438740647147560f339cd2aa60069
TOTAL_FLUX,0.25,88,0.2499999999999999,4.440892098500626e-16,0.5497382248301129,0.55078125,0.04397496704365141,False,SUPPORTED,,4ef162320e09086a16f1e130b09a507d399438740647147560f339cd2aa60069
DIRECT_PHYSICAL,0.25,89,0.24999999999999997,1.1102230246251565e-16,0.5497382248301129,0.587890625,0.04397496704365141,False,SUPPORTED,,4ef162320e09086a16f1e130b09a507d399438740647147560f339cd2aa60069
RESOLVED_PHYSICAL,0.25,89,0.25,0.0,0.5497382248301129,0.59375,0.04397496704365141,True,SUPPORTED,,4ef162320e09086a16f1e130b09a507d399438740647147560f339cd2aa60069
UNRESOLVED_IMAGE,0.25,89,0.24999999999999994,2.220446049250313e-16,0.5497382248301129,0.576171875,0.04397496704365141,False,SUPPORTED,,4ef162320e09086a16f1e130b09a507d399438740647147560f339cd2aa60069
TOTAL_FLUX,0.25,89,0.25000000000000006,2.220446049250313e-16,0.5497382248301129,0.5546875,0.04397496704365141,False,SUPPORTED,,4ef162320e09086a16f1e130b09a507d399438740647147560f339cd2aa60069
DIRECT_PHYSICAL,0.25,90,0.25,0.0,0.5497382248301129,0.556640625,0.04397496704365141,False,SUPPORTED,,4ef162320e09086a16f1e130b09a507d399438740647147560f339cd2aa60069
RESOLVED_PHYSICAL,0.25,90,0.24999999999999997,1.1102230246251565e-16,0.5497382248301129,0.529296875,0.04397496704365141,False,SUPPORTED,,4ef162320e09086a16f1e130b09a507d399438740647147560f339cd2aa60069
UNRESOLVED_IMAGE,0.25,90,0.25,0.0,0.5497382248301129,0.544921875,0.04397496704365141,False,SUPPORTED,,4ef162320e09086a16f1e130b09a507d399438740647147560f339cd2aa60069
TOTAL_FLUX,0.25,90,0.25,0.0,0.5497382248301129,0.58203125,0.04397496704365141,False,SUPPORTED,,4ef162320e09086a16f1e130b09a507d399438740647147560f339cd2aa60069
DIRECT_PHYSICAL,0.25,91,0.25000000000000006,2.220446049250313e-16,0.5497382248301129,0.57421875,0.04397496704365141,False,SUPPORTED,,4ef162320e09086a16f1e130b09a507d399438740647147560f339cd2aa60069
RESOLVED_PHYSICAL,0.25,91,0.25000000000000006,2.220446049250313e-16,0.5497382248301129,0.525390625,0.04397496704365141,False,SUPPORTED,,4ef162320e09086a16f1e130b09a507d399438740647147560f339cd2aa60069
UNRESOLVED_IMAGE,0.25,91,0.25,0.0,0.5497382248301129,0.55859375,0.04397496704365141,False,SUPPORTED,,4ef162320e09086a16f1e130b09a507d399438740647147560f339cd2aa60069
TOTAL_FLUX,0.25,91,0.25000000000000006,2.220446049250313e-16,0.5497382248301129,0.537109375,0.04397496704365141,False,SUPPORTED,,4ef162320e09086a16f1e130b09a507d399438740647147560f339cd2aa60069
DIRECT_PHYSICAL,0.25,92,0.24999999999999997,1.1102230246251565e-16,0.5497382248301129,0.533203125,0.04397496704365141,False,SUPPORTED,,4ef162320e09086a16f1e130b09a507d399438740647147560f339cd2aa60069
RESOLVED_PHYSICAL,0.25,92,0.25,0.0,0.5497382248301129,0.564453125,0.04397496704365141,False,SUPPORTED,,4ef162320e09086a16f1e130b09a507d399438740647147560f339cd2aa60069
UNRESOLVED_IMAGE,0.25,92,0.24999999999999994,2.220446049250313e-16,0.5497382248301129,0.548828125,0.04397496704365141,False,SUPPORTED,,4ef162320e09086a16f1e130b09a507d399438740647147560f339cd2aa60069
TOTAL_FLUX,0.25,92,0.24999999999999986,5.551115123125783e-16,0.5497382248301128,0.517578125,0.04397496704365141,False,SUPPORTED,,4ef162320e09086a16f1e130b09a507d399438740647147560f339cd2aa60069
DIRECT_PHYSICAL,0.25,93,0.25,0.0,0.5497382248301129,0.53515625,0.04397496704365141,False,SUPPORTED,,4ef162320e09086a16f1e130b09a507d399438740647147560f339cd2aa60069
RESOLVED_PHYSICAL,0.25,93,0.25,0.0,0.5497382248301129,0.55078125,0.04397496704365141,False,SUPPORTED,,4ef162320e09086a16f1e130b09a507d399438740647147560f339cd2aa60069
UNRESOLVED_IMAGE,0.25,93,0.24999999999999994,2.220446049250313e-16,0.5497382248301129,0.513671875,0.04397496704365141,False,SUPPORTED,,4ef162320e09086a16f1e130b09a507d399438740647147560f339cd2aa60069
TOTAL_FLUX,0.25,93,0.2500000000000001,4.440892098500626e-16,0.5497382248301129,0.54296875,0.04397496704365141,False,SUPPORTED,,4ef162320e09086a16f1e130b09a507d399438740647147560f339cd2aa60069
DIRECT_PHYSICAL,0.25,94,0.24999999999999994,2.220446049250313e-16,0.5497382248301129,0.548828125,0.04397496704365141,False,SUPPORTED,,4ef162320e09086a16f1e130b09a507d399438740647147560f339cd2aa60069
RESOLVED_PHYSICAL,0.25,94,0.25,0.0,0.5497382248301129,0.533203125,0.04397496704365141,False,SUPPORTED,,4ef162320e09086a16f1e130b09a507d399438740647147560f339cd2aa60069
UNRESOLVED_IMAGE,0.25,94,0.25,0.0,0.5497382248301129,0.572265625,0.04397496704365141,False,SUPPORTED,,4ef162320e09086a16f1e130b09a507d399438740647147560f339cd2aa60069
TOTAL_FLUX,0.25,94,0.24999999999999997,1.1102230246251565e-16,0.5497382248301129,0.546875,0.04397496704365141,False,SUPPORTED,,4ef162320e09086a16f1e130b09a507d399438740647147560f339cd2aa60069
DIRECT_PHYSICAL,0.25,95,0.25,0.0,0.5497382248301129,0.568359375,0.04397496704365141,False,SUPPORTED,,4ef162320e09086a16f1e130b09a507d399438740647147560f339cd2aa60069
RESOLVED_PHYSICAL,0.25,95,0.25,0.0,0.5497382248301129,0.568359375,0.04397496704365141,False,SUPPORTED,,4ef162320e09086a16f1e130b09a507d399438740647147560f339cd2aa60069
UNRESOLVED_IMAGE,0.25,95,0.25000000000000006,2.220446049250313e-16,0.5497382248301129,0.544921875,0.04397496704365141,False,SUPPORTED,,4ef162320e09086a16f1e130b09a507d399438740647147560f339cd2aa60069
TOTAL_FLUX,0.25,95,0.24999999999999994,2.220446049250313e-16,0.5497382248301129,0.587890625,0.04397496704365141,False,SUPPORTED,,4ef162320e09086a16f1e130b09a507d399438740647147560f339cd2aa60069
DIRECT_PHYSICAL,0.25,96,0.25,0.0,0.5497382248301129,0.55078125,0.04397496704365141,False,SUPPORTED,,4ef162320e09086a16f1e130b09a507d399438740647147560f339cd2aa60069
RESOLVED_PHYSICAL,0.25,96,0.24999999999999997,1.1102230246251565e-16,0.5497382248301129,0.560546875,0.04397496704365141,False,SUPPORTED,,4ef162320e09086a16f1e130b09a507d399438740647147560f339cd2aa60069
UNRESOLVED_IMAGE,0.25,96,0.24999999999999997,1.1102230246251565e-16,0.5497382248301129,0.5625,0.04397496704365141,False,SUPPORTED,,4ef162320e09086a16f1e130b09a507d399438740647147560f339cd2aa60069
TOTAL_FLUX,0.25,96,0.25,0.0,0.5497382248301129,0.58203125,0.04397496704365141,False,SUPPORTED,,4ef162320e09086a16f1e130b09a507d399438740647147560f339cd2aa60069
DIRECT_PHYSICAL,0.25,97,0.24999999999999992,3.3306690738754696e-16,0.5497382248301129,0.568359375,0.04397496704365141,False,SUPPORTED,,4ef162320e09086a16f1e130b09a507d399438740647147560f339cd2aa60069
RESOLVED_PHYSICAL,0.25,97,0.25,0.0,0.5497382248301129,0.521484375,0.04397496704365141,False,SUPPORTED,,4ef162320e09086a16f1e130b09a507d399438740647147560f339cd2aa60069
UNRESOLVED_IMAGE,0.25,97,0.24999999999999997,1.1102230246251565e-16,0.5497382248301129,0.546875,0.04397496704365141,False,SUPPORTED,,4ef162320e09086a16f1e130b09a507d399438740647147560f339cd2aa60069
TOTAL_FLUX,0.25,97,0.25,0.0,0.5497382248301129,0.509765625,0.04397496704365141,False,SUPPORTED,,4ef162320e09086a16f1e130b09a507d399438740647147560f339cd2aa60069
DIRECT_PHYSICAL,0.25,98,0.25,0.0,0.5497382248301129,0.544921875,0.04397496704365141,False,SUPPORTED,,4ef162320e09086a16f1e130b09a507d399438740647147560f339cd2aa60069
RESOLVED_PHYSICAL,0.25,98,0.24999999999999997,1.1102230246251565e-16,0.5497382248301129,0.51171875,0.04397496704365141,False,SUPPORTED,,4ef162320e09086a16f1e130b09a507d399438740647147560f339cd2aa60069
UNRESOLVED_IMAGE,0.25,98,0.24999999999999997,1.1102230246251565e-16,0.5497382248301129,0.568359375,0.04397496704365141,False,SUPPORTED,,4ef162320e09086a16f1e130b09a507d399438740647147560f339cd2aa60069
TOTAL_FLUX,0.25,98,0.24999999999999992,3.3306690738754696e-16,0.5497382248301129,0.541015625,0.04397496704365141,False,SUPPORTED,,4ef162320e09086a16f1e130b09a507d399438740647147560f339cd2aa60069
DIRECT_PHYSICAL,0.25,99,0.25,0.0,0.5497382248301129,0.5703125,0.04397496704365141,False,SUPPORTED,,4ef162320e09086a16f1e130b09a507d399438740647147560f339cd2aa60069
RESOLVED_PHYSICAL,0.25,99,0.25,0.0,0.5497382248301129,0.51953125,0.04397496704365141,False,SUPPORTED,,4ef162320e09086a16f1e130b09a507d399438740647147560f339cd2aa60069
UNRESOLVED_IMAGE,0.25,99,0.25,0.0,0.5497382248301129,0.5234375,0.04397496704365141,False,SUPPORTED,,4ef162320e09086a16f1e130b09a507d399438740647147560f339cd2aa60069
TOTAL_FLUX,0.25,99,0.24999999999999994,2.220446049250313e-16,0.5497382248301129,0.556640625,0.04397496704365141,False,SUPPORTED,,4ef162320e09086a16f1e130b09a507d399438740647147560f339cd2aa60069
DIRECT_PHYSICAL,0.25,100,0.25000000000000006,2.220446049250313e-16,0.5497382248301129,0.533203125,0.04397496704365141,False,SUPPORTED,,4ef162320e09086a16f1e130b09a507d399438740647147560f339cd2aa60069
RESOLVED_PHYSICAL,0.25,100,0.24999999999999997,1.1102230246251565e-16,0.5497382248301129,0.52734375,0.04397496704365141,False,SUPPORTED,,4ef162320e09086a16f1e130b09a507d399438740647147560f339cd2aa60069
UNRESOLVED_IMAGE,0.25,100,0.25,0.0,0.5497382248301129,0.5703125,0.04397496704365141,False,SUPPORTED,,4ef162320e09086a16f1e130b09a507d399438740647147560f339cd2aa60069
TOTAL_FLUX,0.25,100,0.24999999999999994,2.220446049250313e-16,0.5497382248301129,0.51171875,0.04397496704365141,False,SUPPORTED,,4ef162320e09086a16f1e130b09a507d399438740647147560f339cd2aa60069
DIRECT_PHYSICAL,0.25,101,0.25,0.0,0.5497382248301129,0.5625,0.04397496704365141,False,SUPPORTED,,4ef162320e09086a16f1e130b09a507d399438740647147560f339cd2aa60069
RESOLVED_PHYSICAL,0.25,101,0.24999999999999997,1.1102230246251565e-16,0.5497382248301129,0.556640625,0.04397496704365141,False,SUPPORTED,,4ef162320e09086a16f1e130b09a507d399438740647147560f339cd2aa60069
UNRESOLVED_IMAGE,0.25,101,0.25,0.0,0.5497382248301129,0.55859375,0.04397496704365141,False,SUPPORTED,,4ef162320e09086a16f1e130b09a507d399438740647147560f339cd2aa60069
TOTAL_FLUX,0.25,101,0.24999999999999997,1.1102230246251565e-16,0.5497382248301129,0.548828125,0.04397496704365141,False,SUPPORTED,,4ef162320e09086a16f1e130b09a507d399438740647147560f339cd2aa60069
DIRECT_PHYSICAL,0.25,102,0.2500000000000001,4.440892098500626e-16,0.5497382248301129,0.515625,0.04397496704365141,False,SUPPORTED,,4ef162320e09086a16f1e130b09a507d399438740647147560f339cd2aa60069
RESOLVED_PHYSICAL,0.25,102,0.24999999999999997,1.1102230246251565e-16,0.5497382248301129,0.568359375,0.04397496704365141,False,SUPPORTED,,4ef162320e09086a16f1e130b09a507d399438740647147560f339cd2aa60069
UNRESOLVED_IMAGE,0.25,102,0.25,0.0,0.5497382248301129,0.578125,0.04397496704365141,False,SUPPORTED,,4ef162320e09086a16f1e130b09a507d399438740647147560f339cd2aa60069
TOTAL_FLUX,0.25,102,0.24999999999999997,1.1102230246251565e-16,0.5497382248301129,0.53515625,0.04397496704365141,False,SUPPORTED,,4ef162320e09086a16f1e130b09a507d399438740647147560f339cd2aa60069
DIRECT_PHYSICAL,0.25,103,0.24999999999999997,1.1102230246251565e-16,0.5497382248301129,0.572265625,0.04397496704365141,False,SUPPORTED,,4ef162320e09086a16f1e130b09a507d399438740647147560f339cd2aa60069
RESOLVED_PHYSICAL,0.25,103,0.24999999999999997,1.1102230246251565e-16,0.5497382248301129,0.529296875,0.04397496704365141,False,SUPPORTED,,4ef162320e09086a16f1e130b09a507d399438740647147560f339cd2aa60069
UNRESOLVED_IMAGE,0.25,103,0.25,0.0,0.5497382248301129,0.5703125,0.04397496704365141,False,SUPPORTED,,4ef162320e09086a16f1e130b09a507d399438740647147560f339cd2aa60069
TOTAL_FLUX,0.25,103,0.25,0.0,0.5497382248301129,0.55078125,0.04397496704365141,False,SUPPORTED,,4ef162320e09086a16f1e130b09a507d399438740647147560f339cd2aa60069
DIRECT_PHYSICAL,0.25,104,0.24999999999999992,3.3306690738754696e-16,0.5497382248301129,0.552734375,0.04397496704365141,False,SUPPORTED,,4ef162320e09086a16f1e130b09a507d399438740647147560f339cd2aa60069
RESOLVED_PHYSICAL,0.25,104,0.24999999999999994,2.220446049250313e-16,0.5497382248301129,0.552734375,0.04397496704365141,False,SUPPORTED,,4ef162320e09086a16f1e130b09a507d399438740647147560f339cd2aa60069
UNRESOLVED_IMAGE,0.25,104,0.24999999999999994,2.220446049250313e-16,0.5497382248301129,0.54296875,0.04397496704365141,False,SUPPORTED,,4ef162320e09086a16f1e130b09a507d399438740647147560f339cd2aa60069
TOTAL_FLUX,0.25,104,0.24999999999999997,1.1102230246251565e-16,0.5497382248301129,0.552734375,0.04397496704365141,False,SUPPORTED,,4ef162320e09086a16f1e130b09a507d399438740647147560f339cd2aa60069
DIRECT_PHYSICAL,0.25,105,0.25,0.0,0.5497382248301129,0.560546875,0.04397496704365141,False,SUPPORTED,,4ef162320e09086a16f1e130b09a507d399438740647147560f339cd2aa60069
RESOLVED_PHYSICAL,0.25,105,0.24999999999999994,2.220446049250313e-16,0.5497382248301129,0.5546875,0.04397496704365141,False,SUPPORTED,,4ef162320e09086a16f1e130b09a507d399438740647147560f339cd2aa60069
UNRESOLVED_IMAGE,0.25,105,0.25000000000000006,2.220446049250313e-16,0.5497382248301129,0.548828125,0.04397496704365141,False,SUPPORTED,,4ef162320e09086a16f1e130b09a507d399438740647147560f339cd2aa60069
TOTAL_FLUX,0.25,105,0.25,0.0,0.5497382248301129,0.5546875,0.04397496704365141,False,SUPPORTED,,4ef162320e09086a16f1e130b09a507d399438740647147560f339cd2aa60069
DIRECT_PHYSICAL,0.25,106,0.25000000000000006,2.220446049250313e-16,0.5497382248301129,0.568359375,0.04397496704365141,False,SUPPORTED,,4ef162320e09086a16f1e130b09a507d399438740647147560f339cd2aa60069
RESOLVED_PHYSICAL,0.25,106,0.2499999999999999,4.440892098500626e-16,0.5497382248301129,0.55078125,0.04397496704365141,False,SUPPORTED,,4ef162320e09086a16f1e130b09a507d399438740647147560f339cd2aa60069
UNRESOLVED_IMAGE,0.25,106,0.25000000000000006,2.220446049250313e-16,0.5497382248301129,0.53125,0.04397496704365141,False,SUPPORTED,,4ef162320e09086a16f1e130b09a507d399438740647147560f339cd2aa60069
TOTAL_FLUX,0.25,106,0.24999999999999997,1.1102230246251565e-16,0.5497382248301129,0.546875,0.04397496704365141,False,SUPPORTED,,4ef162320e09086a16f1e130b09a507d399438740647147560f339cd2aa60069
DIRECT_PHYSICAL,0.25,107,0.25,0.0,0.5497382248301129,0.525390625,0.04397496704365141,False,SUPPORTED,,4ef162320e09086a16f1e130b09a507d399438740647147560f339cd2aa60069
RESOLVED_PHYSICAL,0.25,107,0.25,0.0,0.5497382248301129,0.552734375,0.04397496704365141,False,SUPPORTED,,4ef162320e09086a16f1e130b09a507d399438740647147560f339cd2aa60069
UNRESOLVED_IMAGE,0.25,107,0.24999999999999997,1.1102230246251565e-16,0.5497382248301129,0.5390625,0.04397496704365141,False,SUPPORTED,,4ef162320e09086a16f1e130b09a507d399438740647147560f339cd2aa60069
TOTAL_FLUX,0.25,107,0.25,0.0,0.5497382248301129,0.5546875,0.04397496704365141,False,SUPPORTED,,4ef162320e09086a16f1e130b09a507d399438740647147560f339cd2aa60069
DIRECT_PHYSICAL,0.25,108,0.25,0.0,0.5497382248301129,0.55078125,0.04397496704365141,False,SUPPORTED,,4ef162320e09086a16f1e130b09a507d399438740647147560f339cd2aa60069
RESOLVED_PHYSICAL,0.25,108,0.25,0.0,0.5497382248301129,0.580078125,0.04397496704365141,False,SUPPORTED,,4ef162320e09086a16f1e130b09a507d399438740647147560f339cd2aa60069
UNRESOLVED_IMAGE,0.25,108,0.25,0.0,0.5497382248301129,0.58203125,0.04397496704365141,False,SUPPORTED,,4ef162320e09086a16f1e130b09a507d399438740647147560f339cd2aa60069
TOTAL_FLUX,0.25,108,0.24999999999999997,1.1102230246251565e-16,0.5497382248301129,0.59375,0.04397496704365141,True,SUPPORTED,,4ef162320e09086a16f1e130b09a507d399438740647147560f339cd2aa60069
DIRECT_PHYSICAL,0.25,109,0.24999999999999997,1.1102230246251565e-16,0.5497382248301129,0.5390625,0.04397496704365141,False,SUPPORTED,,4ef162320e09086a16f1e130b09a507d399438740647147560f339cd2aa60069
RESOLVED_PHYSICAL,0.25,109,0.25,0.0,0.5497382248301129,0.51953125,0.04397496704365141,False,SUPPORTED,,4ef162320e09086a16f1e130b09a507d399438740647147560f339cd2aa60069
UNRESOLVED_IMAGE,0.25,109,0.25,0.0,0.5497382248301129,0.572265625,0.04397496704365141,False,SUPPORTED,,4ef162320e09086a16f1e130b09a507d399438740647147560f339cd2aa60069
TOTAL_FLUX,0.25,109,0.24999999999999994,2.220446049250313e-16,0.5497382248301129,0.552734375,0.04397496704365141,False,SUPPORTED,,4ef162320e09086a16f1e130b09a507d399438740647147560f339cd2aa60069
DIRECT_PHYSICAL,0.25,110,0.25000000000000006,2.220446049250313e-16,0.5497382248301129,0.53125,0.04397496704365141,False,SUPPORTED,,4ef162320e09086a16f1e130b09a507d399438740647147560f339cd2aa60069
RESOLVED_PHYSICAL,0.25,110,0.24999999999999997,1.1102230246251565e-16,0.5497382248301129,0.546875,0.04397496704365141,False,SUPPORTED,,4ef162320e09086a16f1e130b09a507d399438740647147560f339cd2aa60069
UNRESOLVED_IMAGE,0.25,110,0.25000000000000006,2.220446049250313e-16,0.5497382248301129,0.560546875,0.04397496704365141,False,SUPPORTED,,4ef162320e09086a16f1e130b09a507d399438740647147560f339cd2aa60069
TOTAL_FLUX,0.25,110,0.2500000000000001,4.440892098500626e-16,0.5497382248301129,0.544921875,0.04397496704365141,False,SUPPORTED,,4ef162320e09086a16f1e130b09a507d399438740647147560f339cd2aa60069
DIRECT_PHYSICAL,0.25,111,0.25,0.0,0.5497382248301129,0.548828125,0.04397496704365141,False,SUPPORTED,,4ef162320e09086a16f1e130b09a507d399438740647147560f339cd2aa60069
RESOLVED_PHYSICAL,0.25,111,0.24999999999999997,1.1102230246251565e-16,0.5497382248301129,0.517578125,0.04397496704365141,False,SUPPORTED,,4ef162320e09086a16f1e130b09a507d399438740647147560f339cd2aa60069
UNRESOLVED_IMAGE,0.25,111,0.25,0.0,0.5497382248301129,0.560546875,0.04397496704365141,False,SUPPORTED,,4ef162320e09086a16f1e130b09a507d399438740647147560f339cd2aa60069
TOTAL_FLUX,0.25,111,0.25000000000000006,2.220446049250313e-16,0.5497382248301129,0.564453125,0.04397496704365141,False,SUPPORTED,,4ef162320e09086a16f1e130b09a507d399438740647147560f339cd2aa60069
DIRECT_PHYSICAL,0.25,112,0.25,0.0,0.5497382248301129,0.546875,0.04397496704365141,False,SUPPORTED,,4ef162320e09086a16f1e130b09a507d399438740647147560f339cd2aa60069
RESOLVED_PHYSICAL,0.25,112,0.25,0.0,0.5497382248301129,0.57421875,0.04397496704365141,False,SUPPORTED,,4ef162320e09086a16f1e130b09a507d399438740647147560f339cd2aa60069
UNRESOLVED_IMAGE,0.25,112,0.25,0.0,0.5497382248301129,0.57421875,0.04397496704365141,False,SUPPORTED,,4ef162320e09086a16f1e130b09a507d399438740647147560f339cd2aa60069
TOTAL_FLUX,0.25,112,0.2499999999999998,7.771561172376096e-16,0.5497382248301128,0.56640625,0.04397496704365141,False,SUPPORTED,,4ef162320e09086a16f1e130b09a507d399438740647147560f339cd2aa60069
DIRECT_PHYSICAL,0.25,113,0.24999999999999997,1.1102230246251565e-16,0.5497382248301129,0.580078125,0.04397496704365141,False,SUPPORTED,,4ef162320e09086a16f1e130b09a507d399438740647147560f339cd2aa60069
RESOLVED_PHYSICAL,0.25,113,0.24999999999999997,1.1102230246251565e-16,0.5497382248301129,0.529296875,0.04397496704365141,False,SUPPORTED,,4ef162320e09086a16f1e130b09a507d399438740647147560f339cd2aa60069
UNRESOLVED_IMAGE,0.25,113,0.25,0.0,0.5497382248301129,0.546875,0.04397496704365141,False,SUPPORTED,,4ef162320e09086a16f1e130b09a507d399438740647147560f339cd2aa60069
TOTAL_FLUX,0.25,113,0.25,0.0,0.5497382248301129,0.541015625,0.04397496704365141,False,SUPPORTED,,4ef162320e09086a16f1e130b09a507d399438740647147560f339cd2aa60069
DIRECT_PHYSICAL,0.25,114,0.24999999999999997,1.1102230246251565e-16,0.5497382248301129,0.56640625,0.04397496704365141,False,SUPPORTED,,4ef162320e09086a16f1e130b09a507d399438740647147560f339cd2aa60069
RESOLVED_PHYSICAL,0.25,114,0.25,0.0,0.5497382248301129,0.49609375,0.04397496704365141,False,SUPPORTED,,4ef162320e09086a16f1e130b09a507d399438740647147560f339cd2aa60069
UNRESOLVED_IMAGE,0.25,114,0.25000000000000006,2.220446049250313e-16,0.5497382248301129,0.5625,0.04397496704365141,False,SUPPORTED,,4ef162320e09086a16f1e130b09a507d399438740647147560f339cd2aa60069
TOTAL_FLUX,0.25,114,0.25,0.0,0.5497382248301129,0.58203125,0.04397496704365141,False,SUPPORTED,,4ef162320e09086a16f1e130b09a507d399438740647147560f339cd2aa60069
DIRECT_PHYSICAL,0.25,115,0.25,0.0,0.5497382248301129,0.541015625,0.04397496704365141,False,SUPPORTED,,4ef162320e09086a16f1e130b09a507d399438740647147560f339cd2aa60069
RESOLVED_PHYSICAL,0.25,115,0.25,0.0,0.5497382248301129,0.548828125,0.04397496704365141,False,SUPPORTED,,4ef162320e09086a16f1e130b09a507d399438740647147560f339cd2aa60069
UNRESOLVED_IMAGE,0.25,115,0.24999999999999997,1.1102230246251565e-16,0.5497382248301129,0.560546875,0.04397496704365141,False,SUPPORTED,,4ef162320e09086a16f1e130b09a507d399438740647147560f339cd2aa60069
TOTAL_FLUX,0.25,115,0.24999999999999997,1.1102230246251565e-16,0.5497382248301129,0.576171875,0.04397496704365141,False,SUPPORTED,,4ef162320e09086a16f1e130b09a507d399438740647147560f339cd2aa60069
DIRECT_PHYSICAL,0.25,116,0.25000000000000006,2.220446049250313e-16,0.5497382248301129,0.55078125,0.04397496704365141,False,SUPPORTED,,4ef162320e09086a16f1e130b09a507d399438740647147560f339cd2aa60069
RESOLVED_PHYSICAL,0.25,116,0.25,0.0,0.5497382248301129,0.560546875,0.04397496704365141,False,SUPPORTED,,4ef162320e09086a16f1e130b09a507d399438740647147560f339cd2aa60069
UNRESOLVED_IMAGE,0.25,116,0.25,0.0,0.5497382248301129,0.548828125,0.04397496704365141,False,SUPPORTED,,4ef162320e09086a16f1e130b09a507d399438740647147560f339cd2aa60069
TOTAL_FLUX,0.25,116,0.25,0.0,0.5497382248301129,0.53515625,0.04397496704365141,False,SUPPORTED,,4ef162320e09086a16f1e130b09a507d399438740647147560f339cd2aa60069
DIRECT_PHYSICAL,0.25,117,0.25000000000000006,2.220446049250313e-16,0.5497382248301129,0.552734375,0.04397496704365141,False,SUPPORTED,,4ef162320e09086a16f1e130b09a507d399438740647147560f339cd2aa60069
RESOLVED_PHYSICAL,0.25,117,0.24999999999999994,2.220446049250313e-16,0.5497382248301129,0.5625,0.04397496704365141,False,SUPPORTED,,4ef162320e09086a16f1e130b09a507d399438740647147560f339cd2aa60069
UNRESOLVED_IMAGE,0.25,117,0.24999999999999997,1.1102230246251565e-16,0.5497382248301129,0.53515625,0.04397496704365141,False,SUPPORTED,,4ef162320e09086a16f1e130b09a507d399438740647147560f339cd2aa60069
TOTAL_FLUX,0.25,117,0.25000000000000006,2.220446049250313e-16,0.5497382248301129,0.529296875,0.04397496704365141,False,SUPPORTED,,4ef162320e09086a16f1e130b09a507d399438740647147560f339cd2aa60069
DIRECT_PHYSICAL,0.25,118,0.24999999999999994,2.220446049250313e-16,0.5497382248301129,0.556640625,0.04397496704365141,False,SUPPORTED,,4ef162320e09086a16f1e130b09a507d399438740647147560f339cd2aa60069
RESOLVED_PHYSICAL,0.25,118,0.25,0.0,0.5497382248301129,0.5859375,0.04397496704365141,False,SUPPORTED,,4ef162320e09086a16f1e130b09a507d399438740647147560f339cd2aa60069
UNRESOLVED_IMAGE,0.25,118,0.25,0.0,0.5497382248301129,0.5234375,0.04397496704365141,False,SUPPORTED,,4ef162320e09086a16f1e130b09a507d399438740647147560f339cd2aa60069
TOTAL_FLUX,0.25,118,0.25,0.0,0.5497382248301129,0.55078125,0.04397496704365141,False,SUPPORTED,,4ef162320e09086a16f1e130b09a507d399438740647147560f339cd2aa60069
DIRECT_PHYSICAL,0.25,119,0.25,0.0,0.5497382248301129,0.525390625,0.04397496704365141,False,SUPPORTED,,4ef162320e09086a16f1e130b09a507d399438740647147560f339cd2aa60069
RESOLVED_PHYSICAL,0.25,119,0.24999999999999997,1.1102230246251565e-16,0.5497382248301129,0.57421875,0.04397496704365141,False,SUPPORTED,,4ef162320e09086a16f1e130b09a507d399438740647147560f339cd2aa60069
UNRESOLVED_IMAGE,0.25,119,0.24999999999999997,1.1102230246251565e-16,0.5497382248301129,0.576171875,0.04397496704365141,False,SUPPORTED,,4ef162320e09086a16f1e130b09a507d399438740647147560f339cd2aa60069
TOTAL_FLUX,0.25,119,0.24999999999999994,2.220446049250313e-16,0.5497382248301129,0.5234375,0.04397496704365141,False,SUPPORTED,,4ef162320e09086a16f1e130b09a507d399438740647147560f339cd2aa60069
DIRECT_PHYSICAL,0.25,120,0.25,0.0,0.5497382248301129,0.53125,0.04397496704365141,False,SUPPORTED,,4ef162320e09086a16f1e130b09a507d399438740647147560f339cd2aa60069
RESOLVED_PHYSICAL,0.25,120,0.25,0.0,0.5497382248301129,0.5703125,0.04397496704365141,False,SUPPORTED,,4ef162320e09086a16f1e130b09a507d399438740647147560f339cd2aa60069
UNRESOLVED_IMAGE,0.25,120,0.25,0.0,0.5497382248301129,0.54296875,0.04397496704365141,False,SUPPORTED,,4ef162320e09086a16f1e130b09a507d399438740647147560f339cd2aa60069
TOTAL_FLUX,0.25,120,0.24999999999999994,2.220446049250313e-16,0.5497382248301129,0.53125,0.04397496704365141,False,SUPPORTED,,4ef162320e09086a16f1e130b09a507d399438740647147560f339cd2aa60069
DIRECT_PHYSICAL,0.25,121,0.25,0.0,0.5497382248301129,0.552734375,0.04397496704365141,False,SUPPORTED,,4ef162320e09086a16f1e130b09a507d399438740647147560f339cd2aa60069
RESOLVED_PHYSICAL,0.25,121,0.25,0.0,0.5497382248301129,0.541015625,0.04397496704365141,False,SUPPORTED,,4ef162320e09086a16f1e130b09a507d399438740647147560f339cd2aa60069
UNRESOLVED_IMAGE,0.25,121,0.24999999999999994,2.220446049250313e-16,0.5497382248301129,0.591796875,0.04397496704365141,False,SUPPORTED,,4ef162320e09086a16f1e130b09a507d399438740647147560f339cd2aa60069
TOTAL_FLUX,0.25,121,0.25,0.0,0.5497382248301129,0.515625,0.04397496704365141,False,SUPPORTED,,4ef162320e09086a16f1e130b09a507d399438740647147560f339cd2aa60069
DIRECT_PHYSICAL,0.25,122,0.25000000000000006,2.220446049250313e-16,0.5497382248301129,0.541015625,0.04397496704365141,False,SUPPORTED,,4ef162320e09086a16f1e130b09a507d399438740647147560f339cd2aa60069
RESOLVED_PHYSICAL,0.25,122,0.25000000000000006,2.220446049250313e-16,0.5497382248301129,0.529296875,0.04397496704365141,False,SUPPORTED,,4ef162320e09086a16f1e130b09a507d399438740647147560f339cd2aa60069
UNRESOLVED_IMAGE,0.25,122,0.25,0.0,0.5497382248301129,0.546875,0.04397496704365141,False,SUPPORTED,,4ef162320e09086a16f1e130b09a507d399438740647147560f339cd2aa60069
TOTAL_FLUX,0.25,122,0.25000000000000006,2.220446049250313e-16,0.5497382248301129,0.55078125,0.04397496704365141,False,SUPPORTED,,4ef162320e09086a16f1e130b09a507d399438740647147560f339cd2aa60069
DIRECT_PHYSICAL,0.25,123,0.24999999999999994,2.220446049250313e-16,0.5497382248301129,0.49609375,0.04397496704365141,False,SUPPORTED,,4ef162320e09086a16f1e130b09a507d399438740647147560f339cd2aa60069
RESOLVED_PHYSICAL,0.25,123,0.24999999999999994,2.220446049250313e-16,0.5497382248301129,0.54296875,0.04397496704365141,False,SUPPORTED,,4ef162320e09086a16f1e130b09a507d399438740647147560f339cd2aa60069
UNRESOLVED_IMAGE,0.25,123,0.25,0.0,0.5497382248301129,0.560546875,0.04397496704365141,False,SUPPORTED,,4ef162320e09086a16f1e130b09a507d399438740647147560f339cd2aa60069
TOTAL_FLUX,0.25,123,0.24999999999999997,1.1102230246251565e-16,0.5497382248301129,0.55078125,0.04397496704365141,False,SUPPORTED,,4ef162320e09086a16f1e130b09a507d399438740647147560f339cd2aa60069
DIRECT_PHYSICAL,0.25,124,0.25,0.0,0.5497382248301129,0.5703125,0.04397496704365141,False,SUPPORTED,,4ef162320e09086a16f1e130b09a507d399438740647147560f339cd2aa60069
RESOLVED_PHYSICAL,0.25,124,0.24999999999999994,2.220446049250313e-16,0.5497382248301129,0.56640625,0.04397496704365141,False,SUPPORTED,,4ef162320e09086a16f1e130b09a507d399438740647147560f339cd2aa60069
UNRESOLVED_IMAGE,0.25,124,0.24999999999999994,2.220446049250313e-16,0.5497382248301129,0.533203125,0.04397496704365141,False,SUPPORTED,,4ef162320e09086a16f1e130b09a507d399438740647147560f339cd2aa60069
TOTAL_FLUX,0.25,124,0.25,0.0,0.5497382248301129,0.509765625,0.04397496704365141,False,SUPPORTED,,4ef162320e09086a16f1e130b09a507d399438740647147560f339cd2aa60069
DIRECT_PHYSICAL,0.25,125,0.24999999999999997,1.1102230246251565e-16,0.5497382248301129,0.54296875,0.04397496704365141,False,SUPPORTED,,4ef162320e09086a16f1e130b09a507d399438740647147560f339cd2aa60069
RESOLVED_PHYSICAL,0.25,125,0.24999999999999994,2.220446049250313e-16,0.5497382248301129,0.5625,0.04397496704365141,False,SUPPORTED,,4ef162320e09086a16f1e130b09a507d399438740647147560f339cd2aa60069
UNRESOLVED_IMAGE,0.25,125,0.25000000000000006,2.220446049250313e-16,0.5497382248301129,0.568359375,0.04397496704365141,False,SUPPORTED,,4ef162320e09086a16f1e130b09a507d399438740647147560f339cd2aa60069
TOTAL_FLUX,0.25,125,0.25000000000000006,2.220446049250313e-16,0.5497382248301129,0.591796875,0.04397496704365141,False,SUPPORTED,,4ef162320e09086a16f1e130b09a507d399438740647147560f339cd2aa60069
DIRECT_PHYSICAL,0.25,126,0.25,0.0,0.5497382248301129,0.55859375,0.04397496704365141,False,SUPPORTED,,4ef162320e09086a16f1e130b09a507d399438740647147560f339cd2aa60069
RESOLVED_PHYSICAL,0.25,126,0.24999999999999997,1.1102230246251565e-16,0.5497382248301129,0.546875,0.04397496704365141,False,SUPPORTED,,4ef162320e09086a16f1e130b09a507d399438740647147560f339cd2aa60069
UNRESOLVED_IMAGE,0.25,126,0.25,0.0,0.5497382248301129,0.546875,0.04397496704365141,False,SUPPORTED,,4ef162320e09086a16f1e130b09a507d399438740647147560f339cd2aa60069
TOTAL_FLUX,0.25,126,0.2500000000000001,4.440892098500626e-16,0.5497382248301129,0.52734375,0.04397496704365141,False,SUPPORTED,,4ef162320e09086a16f1e130b09a507d399438740647147560f339cd2aa60069
DIRECT_PHYSICAL,0.25,127,0.25000000000000006,2.220446049250313e-16,0.5497382248301129,0.55859375,0.04397496704365141,False,SUPPORTED,,4ef162320e09086a16f1e130b09a507d399438740647147560f339cd2aa60069
RESOLVED_PHYSICAL,0.25,127,0.24999999999999994,2.220446049250313e-16,0.5497382248301129,0.529296875,0.04397496704365141,False,SUPPORTED,,4ef162320e09086a16f1e130b09a507d399438740647147560f339cd2aa60069
UNRESOLVED_IMAGE,0.25,127,0.24999999999999997,1.1102230246251565e-16,0.5497382248301129,0.548828125,0.04397496704365141,False,SUPPORTED,,4ef162320e09086a16f1e130b09a507d399438740647147560f339cd2aa60069
TOTAL_FLUX,0.25,127,0.24999999999999997,1.1102230246251565e-16,0.5497382248301129,0.55078125,0.04397496704365141,False,SUPPORTED,,4ef162320e09086a16f1e130b09a507d399438740647147560f339cd2aa60069
DIRECT_PHYSICAL,0.25,128,0.24999999999999992,3.3306690738754696e-16,0.5497382248301129,0.53515625,0.04397496704365141,False,SUPPORTED,,4ef162320e09086a16f1e130b09a507d399438740647147560f339cd2aa60069
RESOLVED_PHYSICAL,0.25,128,0.24999999999999997,1.1102230246251565e-16,0.5497382248301129,0.55859375,0.04397496704365141,False,SUPPORTED,,4ef162320e09086a16f1e130b09a507d399438740647147560f339cd2aa60069
UNRESOLVED_IMAGE,0.25,128,0.25,0.0,0.5497382248301129,0.61328125,0.04397496704365141,True,SUPPORTED,,4ef162320e09086a16f1e130b09a507d399438740647147560f339cd2aa60069
TOTAL_FLUX,0.25,128,0.25000000000000006,2.220446049250313e-16,0.5497382248301129,0.53515625,0.04397496704365141,False,SUPPORTED,,4ef162320e09086a16f1e130b09a507d399438740647147560f339cd2aa60069
DIRECT_PHYSICAL,0.25,129,0.24999999999999997,1.1102230246251565e-16,0.5497382248301129,0.587890625,0.04397496704365141,False,SUPPORTED,,4ef162320e09086a16f1e130b09a507d399438740647147560f339cd2aa60069
RESOLVED_PHYSICAL,0.25,129,0.24999999999999994,2.220446049250313e-16,0.5497382248301129,0.5625,0.04397496704365141,False,SUPPORTED,,4ef162320e09086a16f1e130b09a507d399438740647147560f339cd2aa60069
UNRESOLVED_IMAGE,0.25,129,0.25,0.0,0.5497382248301129,0.58984375,0.04397496704365141,False,SUPPORTED,,4ef162320e09086a16f1e130b09a507d399438740647147560f339cd2aa60069
TOTAL_FLUX,0.25,129,0.24999999999999992,3.3306690738754696e-16,0.5497382248301129,0.53125,0.04397496704365141,False,SUPPORTED,,4ef162320e09086a16f1e130b09a507d399438740647147560f339cd2aa60069
DIRECT_PHYSICAL,0.25,130,0.24999999999999997,1.1102230246251565e-16,0.5497382248301129,0.54296875,0.04397496704365141,False,SUPPORTED,,4ef162320e09086a16f1e130b09a507d399438740647147560f339cd2aa60069
RESOLVED_PHYSICAL,0.25,130,0.25,0.0,0.5497382248301129,0.56640625,0.04397496704365141,False,SUPPORTED,,4ef162320e09086a16f1e130b09a507d399438740647147560f339cd2aa60069
UNRESOLVED_IMAGE,0.25,130,0.25,0.0,0.5497382248301129,0.53125,0.04397496704365141,False,SUPPORTED,,4ef162320e09086a16f1e130b09a507d399438740647147560f339cd2aa60069
TOTAL_FLUX,0.25,130,0.25,0.0,0.5497382248301129,0.56640625,0.04397496704365141,False,SUPPORTED,,4ef162320e09086a16f1e130b09a507d399438740647147560f339cd2aa60069
DIRECT_PHYSICAL,0.25,131,0.25000000000000006,2.220446049250313e-16,0.5497382248301129,0.55078125,0.04397496704365141,False,SUPPORTED,,4ef162320e09086a16f1e130b09a507d399438740647147560f339cd2aa60069
RESOLVED_PHYSICAL,0.25,131,0.25,0.0,0.5497382248301129,0.55859375,0.04397496704365141,False,SUPPORTED,,4ef162320e09086a16f1e130b09a507d399438740647147560f339cd2aa60069
UNRESOLVED_IMAGE,0.25,131,0.24999999999999997,1.1102230246251565e-16,0.5497382248301129,0.57421875,0.04397496704365141,False,SUPPORTED,,4ef162320e09086a16f1e130b09a507d399438740647147560f339cd2aa60069
TOTAL_FLUX,0.25,131,0.25000000000000006,2.220446049250313e-16,0.5497382248301129,0.55859375,0.04397496704365141,False,SUPPORTED,,4ef162320e09086a16f1e130b09a507d399438740647147560f339cd2aa60069
DIRECT_PHYSICAL,0.25,132,0.24999999999999997,1.1102230246251565e-16,0.5497382248301129,0.544921875,0.04397496704365141,False,SUPPORTED,,4ef162320e09086a16f1e130b09a507d399438740647147560f339cd2aa60069
RESOLVED_PHYSICAL,0.25,132,0.25,0.0,0.5497382248301129,0.53515625,0.04397496704365141,False,SUPPORTED,,4ef162320e09086a16f1e130b09a507d399438740647147560f339cd2aa60069
UNRESOLVED_IMAGE,0.25,132,0.25000000000000006,2.220446049250313e-16,0.5497382248301129,0.5546875,0.04397496704365141,False,SUPPORTED,,4ef162320e09086a16f1e130b09a507d399438740647147560f339cd2aa60069
TOTAL_FLUX,0.25,132,0.25,0.0,0.5497382248301129,0.564453125,0.04397496704365141,False,SUPPORTED,,4ef162320e09086a16f1e130b09a507d399438740647147560f339cd2aa60069
DIRECT_PHYSICAL,0.25,133,0.25,0.0,0.5497382248301129,0.560546875,0.04397496704365141,False,SUPPORTED,,4ef162320e09086a16f1e130b09a507d399438740647147560f339cd2aa60069
RESOLVED_PHYSICAL,0.25,133,0.25,0.0,0.5497382248301129,0.576171875,0.04397496704365141,False,SUPPORTED,,4ef162320e09086a16f1e130b09a507d399438740647147560f339cd2aa60069
UNRESOLVED_IMAGE,0.25,133,0.24999999999999997,1.1102230246251565e-16,0.5497382248301129,0.57421875,0.04397496704365141,False,SUPPORTED,,4ef162320e09086a16f1e130b09a507d399438740647147560f339cd2aa60069
TOTAL_FLUX,0.25,133,0.25000000000000044,1.7763568394002505e-15,0.549738224830113,0.54296875,0.043974967043651406,False,SUPPORTED,,4ef162320e09086a16f1e130b09a507d399438740647147560f339cd2aa60069
DIRECT_PHYSICAL,0.25,134,0.24999999999999994,2.220446049250313e-16,0.5497382248301129,0.5390625,0.04397496704365141,False,SUPPORTED,,4ef162320e09086a16f1e130b09a507d399438740647147560f339cd2aa60069
RESOLVED_PHYSICAL,0.25,134,0.24999999999999997,1.1102230246251565e-16,0.5497382248301129,0.55859375,0.04397496704365141,False,SUPPORTED,,4ef162320e09086a16f1e130b09a507d399438740647147560f339cd2aa60069
UNRESOLVED_IMAGE,0.25,134,0.24999999999999997,1.1102230246251565e-16,0.5497382248301129,0.515625,0.04397496704365141,False,SUPPORTED,,4ef162320e09086a16f1e130b09a507d399438740647147560f339cd2aa60069
TOTAL_FLUX,0.25,134,0.25000000000000006,2.220446049250313e-16,0.5497382248301129,0.537109375,0.04397496704365141,False,SUPPORTED,,4ef162320e09086a16f1e130b09a507d399438740647147560f339cd2aa60069
DIRECT_PHYSICAL,0.25,135,0.25,0.0,0.5497382248301129,0.6171875,0.04397496704365141,True,SUPPORTED,,4ef162320e09086a16f1e130b09a507d399438740647147560f339cd2aa60069
RESOLVED_PHYSICAL,0.25,135,0.24999999999999994,2.220446049250313e-16,0.5497382248301129,0.58984375,0.04397496704365141,False,SUPPORTED,,4ef162320e09086a16f1e130b09a507d399438740647147560f339cd2aa60069
UNRESOLVED_IMAGE,0.25,135,0.25,0.0,0.5497382248301129,0.537109375,0.04397496704365141,False,SUPPORTED,,4ef162320e09086a16f1e130b09a507d399438740647147560f339cd2aa60069
TOTAL_FLUX,0.25,135,0.25,0.0,0.5497382248301129,0.55078125,0.04397496704365141,False,SUPPORTED,,4ef162320e09086a16f1e130b09a507d399438740647147560f339cd2aa60069
DIRECT_PHYSICAL,0.25,136,0.25000000000000006,2.220446049250313e-16,0.5497382248301129,0.5625,0.04397496704365141,False,SUPPORTED,,4ef162320e09086a16f1e130b09a507d399438740647147560f339cd2aa60069
RESOLVED_PHYSICAL,0.25,136,0.24999999999999992,3.3306690738754696e-16,0.5497382248301129,0.576171875,0.04397496704365141,False,SUPPORTED,,4ef162320e09086a16f1e130b09a507d399438740647147560f339cd2aa60069
UNRESOLVED_IMAGE,0.25,136,0.25,0.0,0.5497382248301129,0.548828125,0.04397496704365141,False,SUPPORTED,,4ef162320e09086a16f1e130b09a507d399438740647147560f339cd2aa60069
TOTAL_FLUX,0.25,136,0.2499999999999999,4.440892098500626e-16,0.5497382248301129,0.55078125,0.04397496704365141,False,SUPPORTED,,4ef162320e09086a16f1e130b09a507d399438740647147560f339cd2aa60069
DIRECT_PHYSICAL,0.25,137,0.25000000000000006,2.220446049250313e-16,0.5497382248301129,0.5625,0.04397496704365141,False,SUPPORTED,,4ef162320e09086a16f1e130b09a507d399438740647147560f339cd2aa60069
RESOLVED_PHYSICAL,0.25,137,0.25000000000000006,2.220446049250313e-16,0.5497382248301129,0.564453125,0.04397496704365141,False,SUPPORTED,,4ef162320e09086a16f1e130b09a507d399438740647147560f339cd2aa60069
UNRESOLVED_IMAGE,0.25,137,0.2499999999999999,4.440892098500626e-16,0.5497382248301129,0.537109375,0.04397496704365141,False,SUPPORTED,,4ef162320e09086a16f1e130b09a507d399438740647147560f339cd2aa60069
TOTAL_FLUX,0.25,137,0.24999999999999994,2.220446049250313e-16,0.5497382248301129,0.552734375,0.04397496704365141,False,SUPPORTED,,4ef162320e09086a16f1e130b09a507d399438740647147560f339cd2aa60069
DIRECT_PHYSICAL,0.25,138,0.25,0.0,0.5497382248301129,0.5625,0.04397496704365141,False,SUPPORTED,,4ef162320e09086a16f1e130b09a507d399438740647147560f339cd2aa60069
RESOLVED_PHYSICAL,0.25,138,0.25000000000000006,2.220446049250313e-16,0.5497382248301129,0.5546875,0.04397496704365141,False,SUPPORTED,,4ef162320e09086a16f1e130b09a507d399438740647147560f339cd2aa60069
UNRESOLVED_IMAGE,0.25,138,0.25,0.0,0.5497382248301129,0.55078125,0.04397496704365141,False,SUPPORTED,,4ef162320e09086a16f1e130b09a507d399438740647147560f339cd2aa60069
TOTAL_FLUX,0.25,138,0.25000000000000006,2.220446049250313e-16,0.5497382248301129,0.53515625,0.04397496704365141,False,SUPPORTED,,4ef162320e09086a16f1e130b09a507d399438740647147560f339cd2aa60069
DIRECT_PHYSICAL,0.25,139,0.25,0.0,0.5497382248301129,0.568359375,0.04397496704365141,False,SUPPORTED,,4ef162320e09086a16f1e130b09a507d399438740647147560f339cd2aa60069
RESOLVED_PHYSICAL,0.25,139,0.24999999999999994,2.220446049250313e-16,0.5497382248301129,0.583984375,0.04397496704365141,False,SUPPORTED,,4ef162320e09086a16f1e130b09a507d399438740647147560f339cd2aa60069
UNRESOLVED_IMAGE,0.25,139,0.24999999999999994,2.220446049250313e-16,0.5497382248301129,0.529296875,0.04397496704365141,False,SUPPORTED,,4ef162320e09086a16f1e130b09a507d399438740647147560f339cd2aa60069
TOTAL_FLUX,0.25,139,0.25000000000000017,6.661338147750939e-16,0.5497382248301129,0.5625,0.04397496704365141,False,SUPPORTED,,4ef162320e09086a16f1e130b09a507d399438740647147560f339cd2aa60069
DIRECT_PHYSICAL,0.25,140,0.24999999999999997,1.1102230246251565e-16,0.5497382248301129,0.525390625,0.04397496704365141,False,SUPPORTED,,4ef162320e09086a16f1e130b09a507d399438740647147560f339cd2aa60069
RESOLVED_PHYSICAL,0.25,140,0.2499999999999999,4.440892098500626e-16,0.5497382248301129,0.53125,0.04397496704365141,False,SUPPORTED,,4ef162320e09086a16f1e130b09a507d399438740647147560f339cd2aa60069
UNRESOLVED_IMAGE,0.25,140,0.25,0.0,0.5497382248301129,0.56640625,0.04397496704365141,False,SUPPORTED,,4ef162320e09086a16f1e130b09a507d399438740647147560f339cd2aa60069
TOTAL_FLUX,0.25,140,0.2500000000000001,4.440892098500626e-16,0.5497382248301129,0.578125,0.04397496704365141,False,SUPPORTED,,4ef162320e09086a16f1e130b09a507d399438740647147560f339cd2aa60069
DIRECT_PHYSICAL,0.25,141,0.24999999999999994,2.220446049250313e-16,0.5497382248301129,0.55078125,0.04397496704365141,False,SUPPORTED,,4ef162320e09086a16f1e130b09a507d399438740647147560f339cd2aa60069
RESOLVED_PHYSICAL,0.25,141,0.24999999999999997,1.1102230246251565e-16,0.5497382248301129,0.50390625,0.04397496704365141,False,SUPPORTED,,4ef162320e09086a16f1e130b09a507d399438740647147560f339cd2aa60069
UNRESOLVED_IMAGE,0.25,141,0.24999999999999997,1.1102230246251565e-16,0.5497382248301129,0.5703125,0.04397496704365141,False,SUPPORTED,,4ef162320e09086a16f1e130b09a507d399438740647147560f339cd2aa60069
TOTAL_FLUX,0.25,141,0.24999999999999994,2.220446049250313e-16,0.5497382248301129,0.5703125,0.04397496704365141,False,SUPPORTED,,4ef162320e09086a16f1e130b09a507d399438740647147560f339cd2aa60069
DIRECT_PHYSICAL,0.25,142,0.25,0.0,0.5497382248301129,0.564453125,0.04397496704365141,False,SUPPORTED,,4ef162320e09086a16f1e130b09a507d399438740647147560f339cd2aa60069
RESOLVED_PHYSICAL,0.25,142,0.24999999999999994,2.220446049250313e-16,0.5497382248301129,0.5546875,0.04397496704365141,False,SUPPORTED,,4ef162320e09086a16f1e130b09a507d399438740647147560f339cd2aa60069
UNRESOLVED_IMAGE,0.25,142,0.25,0.0,0.5497382248301129,0.541015625,0.04397496704365141,False,SUPPORTED,,4ef162320e09086a16f1e130b09a507d399438740647147560f339cd2aa60069
TOTAL_FLUX,0.25,142,0.24999999999999994,2.220446049250313e-16,0.5497382248301129,0.53515625,0.04397496704365141,False,SUPPORTED,,4ef162320e09086a16f1e130b09a507d399438740647147560f339cd2aa60069
DIRECT_PHYSICAL,0.25,143,0.24999999999999997,1.1102230246251565e-16,0.5497382248301129,0.5859375,0.04397496704365141,False,SUPPORTED,,4ef162320e09086a16f1e130b09a507d399438740647147560f339cd2aa60069
RESOLVED_PHYSICAL,0.25,143,0.25,0.0,0.5497382248301129,0.53125,0.04397496704365141,False,SUPPORTED,,4ef162320e09086a16f1e130b09a507d399438740647147560f339cd2aa60069
UNRESOLVED_IMAGE,0.25,143,0.25,0.0,0.5497382248301129,0.578125,0.04397496704365141,False,SUPPORTED,,4ef162320e09086a16f1e130b09a507d399438740647147560f339cd2aa60069
TOTAL_FLUX,0.25,143,0.25,0.0,0.5497382248301129,0.5,0.04397496704365141,False,SUPPORTED,,4ef162320e09086a16f1e130b09a507d399438740647147560f339cd2aa60069
DIRECT_PHYSICAL,0.25,144,0.25,0.0,0.5497382248301129,0.560546875,0.04397496704365141,False,SUPPORTED,,4ef162320e09086a16f1e130b09a507d399438740647147560f339cd2aa60069
RESOLVED_PHYSICAL,0.25,144,0.25,0.0,0.5497382248301129,0.587890625,0.04397496704365141,False,SUPPORTED,,4ef162320e09086a16f1e130b09a507d399438740647147560f339cd2aa60069
UNRESOLVED_IMAGE,0.25,144,0.25,0.0,0.5497382248301129,0.544921875,0.04397496704365141,False,SUPPORTED,,4ef162320e09086a16f1e130b09a507d399438740647147560f339cd2aa60069
TOTAL_FLUX,0.25,144,0.25,0.0,0.5497382248301129,0.603515625,0.04397496704365141,True,SUPPORTED,,4ef162320e09086a16f1e130b09a507d399438740647147560f339cd2aa60069
DIRECT_PHYSICAL,0.25,145,0.25,0.0,0.5497382248301129,0.599609375,0.04397496704365141,True,SUPPORTED,,4ef162320e09086a16f1e130b09a507d399438740647147560f339cd2aa60069
RESOLVED_PHYSICAL,0.25,145,0.25000000000000006,2.220446049250313e-16,0.5497382248301129,0.568359375,0.04397496704365141,False,SUPPORTED,,4ef162320e09086a16f1e130b09a507d399438740647147560f339cd2aa60069
UNRESOLVED_IMAGE,0.25,145,0.25,0.0,0.5497382248301129,0.583984375,0.04397496704365141,False,SUPPORTED,,4ef162320e09086a16f1e130b09a507d399438740647147560f339cd2aa60069
TOTAL_FLUX,0.25,145,0.24999999999999986,5.551115123125783e-16,0.5497382248301128,0.546875,0.04397496704365141,False,SUPPORTED,,4ef162320e09086a16f1e130b09a507d399438740647147560f339cd2aa60069
DIRECT_PHYSICAL,0.25,146,0.25,0.0,0.5497382248301129,0.5234375,0.04397496704365141,False,SUPPORTED,,4ef162320e09086a16f1e130b09a507d399438740647147560f339cd2aa60069
RESOLVED_PHYSICAL,0.25,146,0.24999999999999997,1.1102230246251565e-16,0.5497382248301129,0.544921875,0.04397496704365141,False,SUPPORTED,,4ef162320e09086a16f1e130b09a507d399438740647147560f339cd2aa60069
UNRESOLVED_IMAGE,0.25,146,0.25,0.0,0.5497382248301129,0.591796875,0.04397496704365141,False,SUPPORTED,,4ef162320e09086a16f1e130b09a507d399438740647147560f339cd2aa60069
TOTAL_FLUX,0.25,146,0.24999999999999992,3.3306690738754696e-16,0.5497382248301129,0.55859375,0.04397496704365141,False,SUPPORTED,,4ef162320e09086a16f1e130b09a507d399438740647147560f339cd2aa60069
DIRECT_PHYSICAL,0.25,147,0.24999999999999997,1.1102230246251565e-16,0.5497382248301129,0.568359375,0.04397496704365141,False,SUPPORTED,,4ef162320e09086a16f1e130b09a507d399438740647147560f339cd2aa60069
RESOLVED_PHYSICAL,0.25,147,0.25,0.0,0.5497382248301129,0.541015625,0.04397496704365141,False,SUPPORTED,,4ef162320e09086a16f1e130b09a507d399438740647147560f339cd2aa60069
UNRESOLVED_IMAGE,0.25,147,0.25,0.0,0.5497382248301129,0.556640625,0.04397496704365141,False,SUPPORTED,,4ef162320e09086a16f1e130b09a507d399438740647147560f339cd2aa60069
TOTAL_FLUX,0.25,147,0.25000000000000006,2.220446049250313e-16,0.5497382248301129,0.560546875,0.04397496704365141,False,SUPPORTED,,4ef162320e09086a16f1e130b09a507d399438740647147560f339cd2aa60069
DIRECT_PHYSICAL,0.25,148,0.24999999999999997,1.1102230246251565e-16,0.5497382248301129,0.501953125,0.04397496704365141,False,SUPPORTED,,4ef162320e09086a16f1e130b09a507d399438740647147560f339cd2aa60069
RESOLVED_PHYSICAL,0.25,148,0.25,0.0,0.5497382248301129,0.521484375,0.04397496704365141,False,SUPPORTED,,4ef162320e09086a16f1e130b09a507d399438740647147560f339cd2aa60069
UNRESOLVED_IMAGE,0.25,148,0.24999999999999997,1.1102230246251565e-16,0.5497382248301129,0.51171875,0.04397496704365141,False,SUPPORTED,,4ef162320e09086a16f1e130b09a507d399438740647147560f339cd2aa60069
TOTAL_FLUX,0.25,148,0.24999999999999997,1.1102230246251565e-16,0.5497382248301129,0.521484375,0.04397496704365141,False,SUPPORTED,,4ef162320e09086a16f1e130b09a507d399438740647147560f339cd2aa60069
DIRECT_PHYSICAL,0.25,149,0.24999999999999997,1.1102230246251565e-16,0.5497382248301129,0.5625,0.04397496704365141,False,SUPPORTED,,4ef162320e09086a16f1e130b09a507d399438740647147560f339cd2aa60069
RESOLVED_PHYSICAL,0.25,149,0.24999999999999997,1.1102230246251565e-16,0.5497382248301129,0.5625,0.04397496704365141,False,SUPPORTED,,4ef162320e09086a16f1e130b09a507d399438740647147560f339cd2aa60069
UNRESOLVED_IMAGE,0.25,149,0.24999999999999997,1.1102230246251565e-16,0.5497382248301129,0.546875,0.04397496704365141,False,SUPPORTED,,4ef162320e09086a16f1e130b09a507d399438740647147560f339cd2aa60069
TOTAL_FLUX,0.25,149,0.25000000000000006,2.220446049250313e-16,0.5497382248301129,0.537109375,0.04397496704365141,False,SUPPORTED,,4ef162320e09086a16f1e130b09a507d399438740647147560f339cd2aa60069
DIRECT_PHYSICAL,0.25,150,0.24999999999999997,1.1102230246251565e-16,0.5497382248301129,0.517578125,0.04397496704365141,False,SUPPORTED,,4ef162320e09086a16f1e130b09a507d399438740647147560f339cd2aa60069
RESOLVED_PHYSICAL,0.25,150,0.25,0.0,0.5497382248301129,0.544921875,0.04397496704365141,False,SUPPORTED,,4ef162320e09086a16f1e130b09a507d399438740647147560f339cd2aa60069
UNRESOLVED_IMAGE,0.25,150,0.25,0.0,0.5497382248301129,0.529296875,0.04397496704365141,False,SUPPORTED,,4ef162320e09086a16f1e130b09a507d399438740647147560f339cd2aa60069
TOTAL_FLUX,0.25,150,0.2499999999999999,4.440892098500626e-16,0.5497382248301129,0.5703125,0.04397496704365141,False,SUPPORTED,,4ef162320e09086a16f1e130b09a507d399438740647147560f339cd2aa60069
DIRECT_PHYSICAL,0.25,151,0.24999999999999994,2.220446049250313e-16,0.5497382248301129,0.560546875,0.04397496704365141,False,SUPPORTED,,4ef162320e09086a16f1e130b09a507d399438740647147560f339cd2aa60069
RESOLVED_PHYSICAL,0.25,151,0.25,0.0,0.5497382248301129,0.568359375,0.04397496704365141,False,SUPPORTED,,4ef162320e09086a16f1e130b09a507d399438740647147560f339cd2aa60069
UNRESOLVED_IMAGE,0.25,151,0.24999999999999997,1.1102230246251565e-16,0.5497382248301129,0.513671875,0.04397496704365141,False,SUPPORTED,,4ef162320e09086a16f1e130b09a507d399438740647147560f339cd2aa60069
TOTAL_FLUX,0.25,151,0.2499999999999999,4.440892098500626e-16,0.5497382248301129,0.51953125,0.04397496704365141,False,SUPPORTED,,4ef162320e09086a16f1e130b09a507d399438740647147560f339cd2aa60069
DIRECT_PHYSICAL,0.25,152,0.24999999999999994,2.220446049250313e-16,0.5497382248301129,0.525390625,0.04397496704365141,False,SUPPORTED,,4ef162320e09086a16f1e130b09a507d399438740647147560f339cd2aa60069
RESOLVED_PHYSICAL,0.25,152,0.24999999999999997,1.1102230246251565e-16,0.5497382248301129,0.578125,0.04397496704365141,False,SUPPORTED,,4ef162320e09086a16f1e130b09a507d399438740647147560f339cd2aa60069
UNRESOLVED_IMAGE,0.25,152,0.25,0.0,0.5497382248301129,0.501953125,0.04397496704365141,False,SUPPORTED,,4ef162320e09086a16f1e130b09a507d399438740647147560f339cd2aa60069
TOTAL_FLUX,0.25,152,0.2500000000000001,4.440892098500626e-16,0.5497382248301129,0.552734375,0.04397496704365141,False,SUPPORTED,,4ef162320e09086a16f1e130b09a507d399438740647147560f339cd2aa60069
DIRECT_PHYSICAL,0.25,153,0.25,0.0,0.5497382248301129,0.5625,0.04397496704365141,False,SUPPORTED,,4ef162320e09086a16f1e130b09a507d399438740647147560f339cd2aa60069
RESOLVED_PHYSICAL,0.25,153,0.25000000000000006,2.220446049250313e-16,0.5497382248301129,0.548828125,0.04397496704365141,False,SUPPORTED,,4ef162320e09086a16f1e130b09a507d399438740647147560f339cd2aa60069
UNRESOLVED_IMAGE,0.25,153,0.25000000000000006,2.220446049250313e-16,0.5497382248301129,0.529296875,0.04397496704365141,False,SUPPORTED,,4ef162320e09086a16f1e130b09a507d399438740647147560f339cd2aa60069
TOTAL_FLUX,0.25,153,0.25000000000000006,2.220446049250313e-16,0.5497382248301129,0.568359375,0.04397496704365141,False,SUPPORTED,,4ef162320e09086a16f1e130b09a507d399438740647147560f339cd2aa60069
DIRECT_PHYSICAL,0.25,154,0.25,0.0,0.5497382248301129,0.5546875,0.04397496704365141,False,SUPPORTED,,4ef162320e09086a16f1e130b09a507d399438740647147560f339cd2aa60069
RESOLVED_PHYSICAL,0.25,154,0.24999999999999997,1.1102230246251565e-16,0.5497382248301129,0.5234375,0.04397496704365141,False,SUPPORTED,,4ef162320e09086a16f1e130b09a507d399438740647147560f339cd2aa60069
UNRESOLVED_IMAGE,0.25,154,0.25,0.0,0.5497382248301129,0.546875,0.04397496704365141,False,SUPPORTED,,4ef162320e09086a16f1e130b09a507d399438740647147560f339cd2aa60069
TOTAL_FLUX,0.25,154,0.25,0.0,0.5497382248301129,0.54296875,0.04397496704365141,False,SUPPORTED,,4ef162320e09086a16f1e130b09a507d399438740647147560f339cd2aa60069
DIRECT_PHYSICAL,0.25,155,0.25,0.0,0.5497382248301129,0.59375,0.04397496704365141,True,SUPPORTED,,4ef162320e09086a16f1e130b09a507d399438740647147560f339cd2aa60069
RESOLVED_PHYSICAL,0.25,155,0.25,0.0,0.5497382248301129,0.580078125,0.04397496704365141,False,SUPPORTED,,4ef162320e09086a16f1e130b09a507d399438740647147560f339cd2aa60069
UNRESOLVED_IMAGE,0.25,155,0.25,0.0,0.5497382248301129,0.568359375,0.04397496704365141,False,SUPPORTED,,4ef162320e09086a16f1e130b09a507d399438740647147560f339cd2aa60069
TOTAL_FLUX,0.25,155,0.2500000000000001,4.440892098500626e-16,0.5497382248301129,0.50390625,0.04397496704365141,False,SUPPORTED,,4ef162320e09086a16f1e130b09a507d399438740647147560f339cd2aa60069
DIRECT_PHYSICAL,0.25,156,0.24999999999999992,3.3306690738754696e-16,0.5497382248301129,0.552734375,0.04397496704365141,False,SUPPORTED,,4ef162320e09086a16f1e130b09a507d399438740647147560f339cd2aa60069
RESOLVED_PHYSICAL,0.25,156,0.24999999999999997,1.1102230246251565e-16,0.5497382248301129,0.5625,0.04397496704365141,False,SUPPORTED,,4ef162320e09086a16f1e130b09a507d399438740647147560f339cd2aa60069
UNRESOLVED_IMAGE,0.25,156,0.24999999999999997,1.1102230246251565e-16,0.5497382248301129,0.51953125,0.04397496704365141,False,SUPPORTED,,4ef162320e09086a16f1e130b09a507d399438740647147560f339cd2aa60069
TOTAL_FLUX,0.25,156,0.25,0.0,0.5497382248301129,0.5390625,0.04397496704365141,False,SUPPORTED,,4ef162320e09086a16f1e130b09a507d399438740647147560f339cd2aa60069
DIRECT_PHYSICAL,0.25,157,0.25,0.0,0.5497382248301129,0.5703125,0.04397496704365141,False,SUPPORTED,,4ef162320e09086a16f1e130b09a507d399438740647147560f339cd2aa60069
RESOLVED_PHYSICAL,0.25,157,0.25,0.0,0.5497382248301129,0.517578125,0.04397496704365141,False,SUPPORTED,,4ef162320e09086a16f1e130b09a507d399438740647147560f339cd2aa60069
UNRESOLVED_IMAGE,0.25,157,0.24999999999999997,1.1102230246251565e-16,0.5497382248301129,0.537109375,0.04397496704365141,False,SUPPORTED,,4ef162320e09086a16f1e130b09a507d399438740647147560f339cd2aa60069
TOTAL_FLUX,0.25,157,0.24999999999999994,2.220446049250313e-16,0.5497382248301129,0.533203125,0.04397496704365141,False,SUPPORTED,,4ef162320e09086a16f1e130b09a507d399438740647147560f339cd2aa60069
DIRECT_PHYSICAL,0.25,158,0.25000000000000006,2.220446049250313e-16,0.5497382248301129,0.5625,0.04397496704365141,False,SUPPORTED,,4ef162320e09086a16f1e130b09a507d399438740647147560f339cd2aa60069
RESOLVED_PHYSICAL,0.25,158,0.24999999999999997,1.1102230246251565e-16,0.5497382248301129,0.546875,0.04397496704365141,False,SUPPORTED,,4ef162320e09086a16f1e130b09a507d399438740647147560f339cd2aa60069
UNRESOLVED_IMAGE,0.25,158,0.24999999999999997,1.1102230246251565e-16,0.5497382248301129,0.52734375,0.04397496704365141,False,SUPPORTED,,4ef162320e09086a16f1e130b09a507d399438740647147560f339cd2aa60069
TOTAL_FLUX,0.25,158,0.24999999999999997,1.1102230246251565e-16,0.5497382248301129,0.53125,0.04397496704365141,False,SUPPORTED,,4ef162320e09086a16f1e130b09a507d399438740647147560f339cd2aa60069
DIRECT_PHYSICAL,0.25,159,0.25000000000000006,2.220446049250313e-16,0.5497382248301129,0.55078125,0.04397496704365141,False,SUPPORTED,,4ef162320e09086a16f1e130b09a507d399438740647147560f339cd2aa60069
RESOLVED_PHYSICAL,0.25,159,0.25,0.0,0.5497382248301129,0.55859375,0.04397496704365141,False,SUPPORTED,,4ef162320e09086a16f1e130b09a507d399438740647147560f339cd2aa60069
UNRESOLVED_IMAGE,0.25,159,0.25,0.0,0.5497382248301129,0.52734375,0.04397496704365141,False,SUPPORTED,,4ef162320e09086a16f1e130b09a507d399438740647147560f339cd2aa60069
TOTAL_FLUX,0.25,159,0.25,0.0,0.5497382248301129,0.544921875,0.04397496704365141,False,SUPPORTED,,4ef162320e09086a16f1e130b09a507d399438740647147560f339cd2aa60069
DIRECT_PHYSICAL,0.25,160,0.24999999999999997,1.1102230246251565e-16,0.5497382248301129,0.568359375,0.04397496704365141,False,SUPPORTED,,4ef162320e09086a16f1e130b09a507d399438740647147560f339cd2aa60069
RESOLVED_PHYSICAL,0.25,160,0.25,0.0,0.5497382248301129,0.546875,0.04397496704365141,False,SUPPORTED,,4ef162320e09086a16f1e130b09a507d399438740647147560f339cd2aa60069
UNRESOLVED_IMAGE,0.25,160,0.25000000000000006,2.220446049250313e-16,0.5497382248301129,0.55859375,0.04397496704365141,False,SUPPORTED,,4ef162320e09086a16f1e130b09a507d399438740647147560f339cd2aa60069
TOTAL_FLUX,0.25,160,0.24999999999999986,5.551115123125783e-16,0.5497382248301128,0.556640625,0.04397496704365141,False,SUPPORTED,,4ef162320e09086a16f1e130b09a507d399438740647147560f339cd2aa60069
DIRECT_PHYSICAL,0.25,161,0.25000000000000006,2.220446049250313e-16,0.5497382248301129,0.55859375,0.04397496704365141,False,SUPPORTED,,4ef162320e09086a16f1e130b09a507d399438740647147560f339cd2aa60069
RESOLVED_PHYSICAL,0.25,161,0.24999999999999994,2.220446049250313e-16,0.5497382248301129,0.552734375,0.04397496704365141,False,SUPPORTED,,4ef162320e09086a16f1e130b09a507d399438740647147560f339cd2aa60069
UNRESOLVED_IMAGE,0.25,161,0.24999999999999997,1.1102230246251565e-16,0.5497382248301129,0.556640625,0.04397496704365141,False,SUPPORTED,,4ef162320e09086a16f1e130b09a507d399438740647147560f339cd2aa60069
TOTAL_FLUX,0.25,161,0.25000000000000006,2.220446049250313e-16,0.5497382248301129,0.5234375,0.04397496704365141,False,SUPPORTED,,4ef162320e09086a16f1e130b09a507d399438740647147560f339cd2aa60069
DIRECT_PHYSICAL,0.25,162,0.25,0.0,0.5497382248301129,0.51171875,0.04397496704365141,False,SUPPORTED,,4ef162320e09086a16f1e130b09a507d399438740647147560f339cd2aa60069
RESOLVED_PHYSICAL,0.25,162,0.24999999999999997,1.1102230246251565e-16,0.5497382248301129,0.53515625,0.04397496704365141,False,SUPPORTED,,4ef162320e09086a16f1e130b09a507d399438740647147560f339cd2aa60069
UNRESOLVED_IMAGE,0.25,162,0.25,0.0,0.5497382248301129,0.55859375,0.04397496704365141,False,SUPPORTED,,4ef162320e09086a16f1e130b09a507d399438740647147560f339cd2aa60069
TOTAL_FLUX,0.25,162,0.24999999999999992,3.3306690738754696e-16,0.5497382248301129,0.52734375,0.04397496704365141,False,SUPPORTED,,4ef162320e09086a16f1e130b09a507d399438740647147560f339cd2aa60069
DIRECT_PHYSICAL,0.25,163,0.25000000000000006,2.220446049250313e-16,0.5497382248301129,0.552734375,0.04397496704365141,False,SUPPORTED,,4ef162320e09086a16f1e130b09a507d399438740647147560f339cd2aa60069
RESOLVED_PHYSICAL,0.25,163,0.24999999999999997,1.1102230246251565e-16,0.5497382248301129,0.5390625,0.04397496704365141,False,SUPPORTED,,4ef162320e09086a16f1e130b09a507d399438740647147560f339cd2aa60069
UNRESOLVED_IMAGE,0.25,163,0.24999999999999994,2.220446049250313e-16,0.5497382248301129,0.587890625,0.04397496704365141,False,SUPPORTED,,4ef162320e09086a16f1e130b09a507d399438740647147560f339cd2aa60069
TOTAL_FLUX,0.25,163,0.25,0.0,0.5497382248301129,0.55859375,0.04397496704365141,False,SUPPORTED,,4ef162320e09086a16f1e130b09a507d399438740647147560f339cd2aa60069
DIRECT_PHYSICAL,0.25,164,0.25,0.0,0.5497382248301129,0.52734375,0.04397496704365141,False,SUPPORTED,,4ef162320e09086a16f1e130b09a507d399438740647147560f339cd2aa60069
RESOLVED_PHYSICAL,0.25,164,0.24999999999999997,1.1102230246251565e-16,0.5497382248301129,0.544921875,0.04397496704365141,False,SUPPORTED,,4ef162320e09086a16f1e130b09a507d399438740647147560f339cd2aa60069
UNRESOLVED_IMAGE,0.25,164,0.25,0.0,0.5497382248301129,0.548828125,0.04397496704365141,False,SUPPORTED,,4ef162320e09086a16f1e130b09a507d399438740647147560f339cd2aa60069
TOTAL_FLUX,0.25,164,0.24999999999999994,2.220446049250313e-16,0.5497382248301129,0.576171875,0.04397496704365141,False,SUPPORTED,,4ef162320e09086a16f1e130b09a507d399438740647147560f339cd2aa60069
DIRECT_PHYSICAL,0.25,165,0.25,0.0,0.5497382248301129,0.595703125,0.04397496704365141,True,SUPPORTED,,4ef162320e09086a16f1e130b09a507d399438740647147560f339cd2aa60069
RESOLVED_PHYSICAL,0.25,165,0.24999999999999994,2.220446049250313e-16,0.5497382248301129,0.5234375,0.04397496704365141,False,SUPPORTED,,4ef162320e09086a16f1e130b09a507d399438740647147560f339cd2aa60069
UNRESOLVED_IMAGE,0.25,165,0.25,0.0,0.5497382248301129,0.580078125,0.04397496704365141,False,SUPPORTED,,4ef162320e09086a16f1e130b09a507d399438740647147560f339cd2aa60069
TOTAL_FLUX,0.25,165,0.24999999999999983,6.661338147750939e-16,0.5497382248301128,0.54296875,0.04397496704365141,False,SUPPORTED,,4ef162320e09086a16f1e130b09a507d399438740647147560f339cd2aa60069
DIRECT_PHYSICAL,0.25,166,0.25,0.0,0.5497382248301129,0.55078125,0.04397496704365141,False,SUPPORTED,,4ef162320e09086a16f1e130b09a507d399438740647147560f339cd2aa60069
RESOLVED_PHYSICAL,0.25,166,0.25000000000000006,2.220446049250313e-16,0.5497382248301129,0.580078125,0.04397496704365141,False,SUPPORTED,,4ef162320e09086a16f1e130b09a507d399438740647147560f339cd2aa60069
UNRESOLVED_IMAGE,0.25,166,0.25,0.0,0.5497382248301129,0.517578125,0.04397496704365141,False,SUPPORTED,,4ef162320e09086a16f1e130b09a507d399438740647147560f339cd2aa60069
TOTAL_FLUX,0.25,166,0.24999999999999983,6.661338147750939e-16,0.5497382248301128,0.53125,0.04397496704365141,False,SUPPORTED,,4ef162320e09086a16f1e130b09a507d399438740647147560f339cd2aa60069
DIRECT_PHYSICAL,0.25,167,0.24999999999999994,2.220446049250313e-16,0.5497382248301129,0.58203125,0.04397496704365141,False,SUPPORTED,,4ef162320e09086a16f1e130b09a507d399438740647147560f339cd2aa60069
RESOLVED_PHYSICAL,0.25,167,0.25,0.0,0.5497382248301129,0.57421875,0.04397496704365141,False,SUPPORTED,,4ef162320e09086a16f1e130b09a507d399438740647147560f339cd2aa60069
UNRESOLVED_IMAGE,0.25,167,0.24999999999999997,1.1102230246251565e-16,0.5497382248301129,0.55078125,0.04397496704365141,False,SUPPORTED,,4ef162320e09086a16f1e130b09a507d399438740647147560f339cd2aa60069
TOTAL_FLUX,0.25,167,0.25,0.0,0.5497382248301129,0.52734375,0.04397496704365141,False,SUPPORTED,,4ef162320e09086a16f1e130b09a507d399438740647147560f339cd2aa60069
DIRECT_PHYSICAL,0.25,168,0.25,0.0,0.5497382248301129,0.546875,0.04397496704365141,False,SUPPORTED,,4ef162320e09086a16f1e130b09a507d399438740647147560f339cd2aa60069
RESOLVED_PHYSICAL,0.25,168,0.25000000000000006,2.220446049250313e-16,0.5497382248301129,0.5703125,0.04397496704365141,False,SUPPORTED,,4ef162320e09086a16f1e130b09a507d399438740647147560f339cd2aa60069
UNRESOLVED_IMAGE,0.25,168,0.25,0.0,0.5497382248301129,0.560546875,0.04397496704365141,False,SUPPORTED,,4ef162320e09086a16f1e130b09a507d399438740647147560f339cd2aa60069
TOTAL_FLUX,0.25,168,0.25000000000000006,2.220446049250313e-16,0.5497382248301129,0.591796875,0.04397496704365141,False,SUPPORTED,,4ef162320e09086a16f1e130b09a507d399438740647147560f339cd2aa60069
DIRECT_PHYSICAL,0.25,169,0.24999999999999997,1.1102230246251565e-16,0.5497382248301129,0.560546875,0.04397496704365141,False,SUPPORTED,,4ef162320e09086a16f1e130b09a507d399438740647147560f339cd2aa60069
RESOLVED_PHYSICAL,0.25,169,0.24999999999999997,1.1102230246251565e-16,0.5497382248301129,0.515625,0.04397496704365141,False,SUPPORTED,,4ef162320e09086a16f1e130b09a507d399438740647147560f339cd2aa60069
UNRESOLVED_IMAGE,0.25,169,0.24999999999999994,2.220446049250313e-16,0.5497382248301129,0.546875,0.04397496704365141,False,SUPPORTED,,4ef162320e09086a16f1e130b09a507d399438740647147560f339cd2aa60069
TOTAL_FLUX,0.25,169,0.25000000000000017,6.661338147750939e-16,0.5497382248301129,0.515625,0.04397496704365141,False,SUPPORTED,,4ef162320e09086a16f1e130b09a507d399438740647147560f339cd2aa60069
DIRECT_PHYSICAL,0.25,170,0.25,0.0,0.5497382248301129,0.578125,0.04397496704365141,False,SUPPORTED,,4ef162320e09086a16f1e130b09a507d399438740647147560f339cd2aa60069
RESOLVED_PHYSICAL,0.25,170,0.25000000000000006,2.220446049250313e-16,0.5497382248301129,0.57421875,0.04397496704365141,False,SUPPORTED,,4ef162320e09086a16f1e130b09a507d399438740647147560f339cd2aa60069
UNRESOLVED_IMAGE,0.25,170,0.24999999999999997,1.1102230246251565e-16,0.5497382248301129,0.57421875,0.04397496704365141,False,SUPPORTED,,4ef162320e09086a16f1e130b09a507d399438740647147560f339cd2aa60069
TOTAL_FLUX,0.25,170,0.25,0.0,0.5497382248301129,0.576171875,0.04397496704365141,False,SUPPORTED,,4ef162320e09086a16f1e130b09a507d399438740647147560f339cd2aa60069
DIRECT_PHYSICAL,0.25,171,0.25,0.0,0.5497382248301129,0.5703125,0.04397496704365141,False,SUPPORTED,,4ef162320e09086a16f1e130b09a507d399438740647147560f339cd2aa60069
RESOLVED_PHYSICAL,0.25,171,0.25,0.0,0.5497382248301129,0.5703125,0.04397496704365141,False,SUPPORTED,,4ef162320e09086a16f1e130b09a507d399438740647147560f339cd2aa60069
UNRESOLVED_IMAGE,0.25,171,0.24999999999999997,1.1102230246251565e-16,0.5497382248301129,0.52734375,0.04397496704365141,False,SUPPORTED,,4ef162320e09086a16f1e130b09a507d399438740647147560f339cd2aa60069
TOTAL_FLUX,0.25,171,0.24999999999999994,2.220446049250313e-16,0.5497382248301129,0.576171875,0.04397496704365141,False,SUPPORTED,,4ef162320e09086a16f1e130b09a507d399438740647147560f339cd2aa60069
DIRECT_PHYSICAL,0.25,172,0.24999999999999997,1.1102230246251565e-16,0.5497382248301129,0.5546875,0.04397496704365141,False,SUPPORTED,,4ef162320e09086a16f1e130b09a507d399438740647147560f339cd2aa60069
RESOLVED_PHYSICAL,0.25,172,0.25000000000000006,2.220446049250313e-16,0.5497382248301129,0.576171875,0.04397496704365141,False,SUPPORTED,,4ef162320e09086a16f1e130b09a507d399438740647147560f339cd2aa60069
UNRESOLVED_IMAGE,0.25,172,0.25,0.0,0.5497382248301129,0.564453125,0.04397496704365141,False,SUPPORTED,,4ef162320e09086a16f1e130b09a507d399438740647147560f339cd2aa60069
TOTAL_FLUX,0.25,172,0.25,0.0,0.5497382248301129,0.568359375,0.04397496704365141,False,SUPPORTED,,4ef162320e09086a16f1e130b09a507d399438740647147560f339cd2aa60069
DIRECT_PHYSICAL,0.25,173,0.25,0.0,0.5497382248301129,0.529296875,0.04397496704365141,False,SUPPORTED,,4ef162320e09086a16f1e130b09a507d399438740647147560f339cd2aa60069
RESOLVED_PHYSICAL,0.25,173,0.24999999999999997,1.1102230246251565e-16,0.5497382248301129,0.5390625,0.04397496704365141,False,SUPPORTED,,4ef162320e09086a16f1e130b09a507d399438740647147560f339cd2aa60069
UNRESOLVED_IMAGE,0.25,173,0.25,0.0,0.5497382248301129,0.52734375,0.04397496704365141,False,SUPPORTED,,4ef162320e09086a16f1e130b09a507d399438740647147560f339cd2aa60069
TOTAL_FLUX,0.25,173,0.2499999999999998,7.771561172376096e-16,0.5497382248301128,0.578125,0.04397496704365141,False,SUPPORTED,,4ef162320e09086a16f1e130b09a507d399438740647147560f339cd2aa60069
DIRECT_PHYSICAL,0.25,174,0.25000000000000006,2.220446049250313e-16,0.5497382248301129,0.55078125,0.04397496704365141,False,SUPPORTED,,4ef162320e09086a16f1e130b09a507d399438740647147560f339cd2aa60069
RESOLVED_PHYSICAL,0.25,174,0.24999999999999994,2.220446049250313e-16,0.5497382248301129,0.52734375,0.04397496704365141,False,SUPPORTED,,4ef162320e09086a16f1e130b09a507d399438740647147560f339cd2aa60069
UNRESOLVED_IMAGE,0.25,174,0.25,0.0,0.5497382248301129,0.5546875,0.04397496704365141,False,SUPPORTED,,4ef162320e09086a16f1e130b09a507d399438740647147560f339cd2aa60069
TOTAL_FLUX,0.25,174,0.2499999999999998,7.771561172376096e-16,0.5497382248301128,0.578125,0.04397496704365141,False,SUPPORTED,,4ef162320e09086a16f1e130b09a507d399438740647147560f339cd2aa60069
DIRECT_PHYSICAL,0.25,175,0.25,0.0,0.5497382248301129,0.53515625,0.04397496704365141,False,SUPPORTED,,4ef162320e09086a16f1e130b09a507d399438740647147560f339cd2aa60069
RESOLVED_PHYSICAL,0.25,175,0.25,0.0,0.5497382248301129,0.552734375,0.04397496704365141,False,SUPPORTED,,4ef162320e09086a16f1e130b09a507d399438740647147560f339cd2aa60069
UNRESOLVED_IMAGE,0.25,175,0.24999999999999997,1.1102230246251565e-16,0.5497382248301129,0.583984375,0.04397496704365141,False,SUPPORTED,,4ef162320e09086a16f1e130b09a507d399438740647147560f339cd2aa60069
TOTAL_FLUX,0.25,175,0.25,0.0,0.5497382248301129,0.552734375,0.04397496704365141,False,SUPPORTED,,4ef162320e09086a16f1e130b09a507d399438740647147560f339cd2aa60069
DIRECT_PHYSICAL,0.25,176,0.25,0.0,0.5497382248301129,0.56640625,0.04397496704365141,False,SUPPORTED,,4ef162320e09086a16f1e130b09a507d399438740647147560f339cd2aa60069
RESOLVED_PHYSICAL,0.25,176,0.24999999999999994,2.220446049250313e-16,0.5497382248301129,0.48046875,0.04397496704365141,False,SUPPORTED,,4ef162320e09086a16f1e130b09a507d399438740647147560f339cd2aa60069
UNRESOLVED_IMAGE,0.25,176,0.24999999999999994,2.220446049250313e-16,0.5497382248301129,0.5390625,0.04397496704365141,False,SUPPORTED,,4ef162320e09086a16f1e130b09a507d399438740647147560f339cd2aa60069
TOTAL_FLUX,0.25,176,0.24999999999999992,3.3306690738754696e-16,0.5497382248301129,0.505859375,0.04397496704365141,False,SUPPORTED,,4ef162320e09086a16f1e130b09a507d399438740647147560f339cd2aa60069
DIRECT_PHYSICAL,0.25,177,0.25,0.0,0.5497382248301129,0.572265625,0.04397496704365141,False,SUPPORTED,,4ef162320e09086a16f1e130b09a507d399438740647147560f339cd2aa60069
RESOLVED_PHYSICAL,0.25,177,0.25,0.0,0.5497382248301129,0.509765625,0.04397496704365141,False,SUPPORTED,,4ef162320e09086a16f1e130b09a507d399438740647147560f339cd2aa60069
UNRESOLVED_IMAGE,0.25,177,0.24999999999999997,1.1102230246251565e-16,0.5497382248301129,0.5,0.04397496704365141,False,SUPPORTED,,4ef162320e09086a16f1e130b09a507d399438740647147560f339cd2aa60069
TOTAL_FLUX,0.25,177,0.2500000000000002,8.881784197001252e-16,0.5497382248301129,0.548828125,0.04397496704365141,False,SUPPORTED,,4ef162320e09086a16f1e130b09a507d399438740647147560f339cd2aa60069
DIRECT_PHYSICAL,0.25,178,0.25,0.0,0.5497382248301129,0.564453125,0.04397496704365141,False,SUPPORTED,,4ef162320e09086a16f1e130b09a507d399438740647147560f339cd2aa60069
RESOLVED_PHYSICAL,0.25,178,0.25,0.0,0.5497382248301129,0.51953125,0.04397496704365141,False,SUPPORTED,,4ef162320e09086a16f1e130b09a507d399438740647147560f339cd2aa60069
UNRESOLVED_IMAGE,0.25,178,0.25,0.0,0.5497382248301129,0.546875,0.04397496704365141,False,SUPPORTED,,4ef162320e09086a16f1e130b09a507d399438740647147560f339cd2aa60069
TOTAL_FLUX,0.25,178,0.25000000000000006,2.220446049250313e-16,0.5497382248301129,0.578125,0.04397496704365141,False,SUPPORTED,,4ef162320e09086a16f1e130b09a507d399438740647147560f339cd2aa60069
DIRECT_PHYSICAL,0.25,179,0.24999999999999997,1.1102230246251565e-16,0.5497382248301129,0.57421875,0.04397496704365141,False,SUPPORTED,,4ef162320e09086a16f1e130b09a507d399438740647147560f339cd2aa60069
RESOLVED_PHYSICAL,0.25,179,0.25,0.0,0.5497382248301129,0.6015625,0.04397496704365141,True,SUPPORTED,,4ef162320e09086a16f1e130b09a507d399438740647147560f339cd2aa60069
UNRESOLVED_IMAGE,0.25,179,0.24999999999999997,1.1102230246251565e-16,0.5497382248301129,0.57421875,0.04397496704365141,False,SUPPORTED,,4ef162320e09086a16f1e130b09a507d399438740647147560f339cd2aa60069
TOTAL_FLUX,0.25,179,0.25,0.0,0.5497382248301129,0.5859375,0.04397496704365141,False,SUPPORTED,,4ef162320e09086a16f1e130b09a507d399438740647147560f339cd2aa60069
DIRECT_PHYSICAL,0.25,180,0.25,0.0,0.5497382248301129,0.541015625,0.04397496704365141,False,SUPPORTED,,4ef162320e09086a16f1e130b09a507d399438740647147560f339cd2aa60069
RESOLVED_PHYSICAL,0.25,180,0.25,0.0,0.5497382248301129,0.57421875,0.04397496704365141,False,SUPPORTED,,4ef162320e09086a16f1e130b09a507d399438740647147560f339cd2aa60069
UNRESOLVED_IMAGE,0.25,180,0.25,0.0,0.5497382248301129,0.587890625,0.04397496704365141,False,SUPPORTED,,4ef162320e09086a16f1e130b09a507d399438740647147560f339cd2aa60069
TOTAL_FLUX,0.25,180,0.24999999999999983,6.661338147750939e-16,0.5497382248301128,0.5625,0.04397496704365141,False,SUPPORTED,,4ef162320e09086a16f1e130b09a507d399438740647147560f339cd2aa60069
DIRECT_PHYSICAL,0.25,181,0.24999999999999997,1.1102230246251565e-16,0.5497382248301129,0.5234375,0.04397496704365141,False,SUPPORTED,,4ef162320e09086a16f1e130b09a507d399438740647147560f339cd2aa60069
RESOLVED_PHYSICAL,0.25,181,0.25,0.0,0.5497382248301129,0.57421875,0.04397496704365141,False,SUPPORTED,,4ef162320e09086a16f1e130b09a507d399438740647147560f339cd2aa60069
UNRESOLVED_IMAGE,0.25,181,0.25,0.0,0.5497382248301129,0.54296875,0.04397496704365141,False,SUPPORTED,,4ef162320e09086a16f1e130b09a507d399438740647147560f339cd2aa60069
TOTAL_FLUX,0.25,181,0.25000000000000006,2.220446049250313e-16,0.5497382248301129,0.583984375,0.04397496704365141,False,SUPPORTED,,4ef162320e09086a16f1e130b09a507d399438740647147560f339cd2aa60069
DIRECT_PHYSICAL,0.25,182,0.24999999999999994,2.220446049250313e-16,0.5497382248301129,0.56640625,0.04397496704365141,False,SUPPORTED,,4ef162320e09086a16f1e130b09a507d399438740647147560f339cd2aa60069
RESOLVED_PHYSICAL,0.25,182,0.25000000000000006,2.220446049250313e-16,0.5497382248301129,0.52734375,0.04397496704365141,False,SUPPORTED,,4ef162320e09086a16f1e130b09a507d399438740647147560f339cd2aa60069
UNRESOLVED_IMAGE,0.25,182,0.24999999999999997,1.1102230246251565e-16,0.5497382248301129,0.572265625,0.04397496704365141,False,SUPPORTED,,4ef162320e09086a16f1e130b09a507d399438740647147560f339cd2aa60069
TOTAL_FLUX,0.25,182,0.25,0.0,0.5497382248301129,0.541015625,0.04397496704365141,False,SUPPORTED,,4ef162320e09086a16f1e130b09a507d399438740647147560f339cd2aa60069
DIRECT_PHYSICAL,0.25,183,0.25,0.0,0.5497382248301129,0.55078125,0.04397496704365141,False,SUPPORTED,,4ef162320e09086a16f1e130b09a507d399438740647147560f339cd2aa60069
RESOLVED_PHYSICAL,0.25,183,0.24999999999999997,1.1102230246251565e-16,0.5497382248301129,0.595703125,0.04397496704365141,True,SUPPORTED,,4ef162320e09086a16f1e130b09a507d399438740647147560f339cd2aa60069
UNRESOLVED_IMAGE,0.25,183,0.24999999999999997,1.1102230246251565e-16,0.5497382248301129,0.54296875,0.04397496704365141,False,SUPPORTED,,4ef162320e09086a16f1e130b09a507d399438740647147560f339cd2aa60069
TOTAL_FLUX,0.25,183,0.25,0.0,0.5497382248301129,0.58203125,0.04397496704365141,False,SUPPORTED,,4ef162320e09086a16f1e130b09a507d399438740647147560f339cd2aa60069
DIRECT_PHYSICAL,0.25,184,0.24999999999999997,1.1102230246251565e-16,0.5497382248301129,0.5703125,0.04397496704365141,False,SUPPORTED,,4ef162320e09086a16f1e130b09a507d399438740647147560f339cd2aa60069
RESOLVED_PHYSICAL,0.25,184,0.24999999999999994,2.220446049250313e-16,0.5497382248301129,0.572265625,0.04397496704365141,False,SUPPORTED,,4ef162320e09086a16f1e130b09a507d399438740647147560f339cd2aa60069
UNRESOLVED_IMAGE,0.25,184,0.25,0.0,0.5497382248301129,0.51953125,0.04397496704365141,False,SUPPORTED,,4ef162320e09086a16f1e130b09a507d399438740647147560f339cd2aa60069
TOTAL_FLUX,0.25,184,0.24999999999999994,2.220446049250313e-16,0.5497382248301129,0.52734375,0.04397496704365141,False,SUPPORTED,,4ef162320e09086a16f1e130b09a507d399438740647147560f339cd2aa60069
DIRECT_PHYSICAL,0.25,185,0.24999999999999997,1.1102230246251565e-16,0.5497382248301129,0.501953125,0.04397496704365141,False,SUPPORTED,,4ef162320e09086a16f1e130b09a507d399438740647147560f339cd2aa60069
RESOLVED_PHYSICAL,0.25,185,0.25,0.0,0.5497382248301129,0.55078125,0.04397496704365141,False,SUPPORTED,,4ef162320e09086a16f1e130b09a507d399438740647147560f339cd2aa60069
UNRESOLVED_IMAGE,0.25,185,0.25,0.0,0.5497382248301129,0.546875,0.04397496704365141,False,SUPPORTED,,4ef162320e09086a16f1e130b09a507d399438740647147560f339cd2aa60069
TOTAL_FLUX,0.25,185,0.25000000000000006,2.220446049250313e-16,0.5497382248301129,0.546875,0.04397496704365141,False,SUPPORTED,,4ef162320e09086a16f1e130b09a507d399438740647147560f339cd2aa60069
DIRECT_PHYSICAL,0.25,186,0.25000000000000006,2.220446049250313e-16,0.5497382248301129,0.55859375,0.04397496704365141,False,SUPPORTED,,4ef162320e09086a16f1e130b09a507d399438740647147560f339cd2aa60069
RESOLVED_PHYSICAL,0.25,186,0.25,0.0,0.5497382248301129,0.529296875,0.04397496704365141,False,SUPPORTED,,4ef162320e09086a16f1e130b09a507d399438740647147560f339cd2aa60069
UNRESOLVED_IMAGE,0.25,186,0.25,0.0,0.5497382248301129,0.548828125,0.04397496704365141,False,SUPPORTED,,4ef162320e09086a16f1e130b09a507d399438740647147560f339cd2aa60069
TOTAL_FLUX,0.25,186,0.24999999999999997,1.1102230246251565e-16,0.5497382248301129,0.515625,0.04397496704365141,False,SUPPORTED,,4ef162320e09086a16f1e130b09a507d399438740647147560f339cd2aa60069
DIRECT_PHYSICAL,0.25,187,0.25000000000000006,2.220446049250313e-16,0.5497382248301129,0.599609375,0.04397496704365141,True,SUPPORTED,,4ef162320e09086a16f1e130b09a507d399438740647147560f339cd2aa60069
RESOLVED_PHYSICAL,0.25,187,0.25,0.0,0.5497382248301129,0.560546875,0.04397496704365141,False,SUPPORTED,,4ef162320e09086a16f1e130b09a507d399438740647147560f339cd2aa60069
UNRESOLVED_IMAGE,0.25,187,0.25,0.0,0.5497382248301129,0.533203125,0.04397496704365141,False,SUPPORTED,,4ef162320e09086a16f1e130b09a507d399438740647147560f339cd2aa60069
TOTAL_FLUX,0.25,187,0.24999999999999992,3.3306690738754696e-16,0.5497382248301129,0.560546875,0.04397496704365141,False,SUPPORTED,,4ef162320e09086a16f1e130b09a507d399438740647147560f339cd2aa60069
DIRECT_PHYSICAL,0.25,188,0.25,0.0,0.5497382248301129,0.546875,0.04397496704365141,False,SUPPORTED,,4ef162320e09086a16f1e130b09a507d399438740647147560f339cd2aa60069
RESOLVED_PHYSICAL,0.25,188,0.25,0.0,0.5497382248301129,0.568359375,0.04397496704365141,False,SUPPORTED,,4ef162320e09086a16f1e130b09a507d399438740647147560f339cd2aa60069
UNRESOLVED_IMAGE,0.25,188,0.25,0.0,0.5497382248301129,0.544921875,0.04397496704365141,False,SUPPORTED,,4ef162320e09086a16f1e130b09a507d399438740647147560f339cd2aa60069
TOTAL_FLUX,0.25,188,0.25000000000000006,2.220446049250313e-16,0.5497382248301129,0.580078125,0.04397496704365141,False,SUPPORTED,,4ef162320e09086a16f1e130b09a507d399438740647147560f339cd2aa60069
DIRECT_PHYSICAL,0.25,189,0.24999999999999994,2.220446049250313e-16,0.5497382248301129,0.576171875,0.04397496704365141,False,SUPPORTED,,4ef162320e09086a16f1e130b09a507d399438740647147560f339cd2aa60069
RESOLVED_PHYSICAL,0.25,189,0.24999999999999997,1.1102230246251565e-16,0.5497382248301129,0.548828125,0.04397496704365141,False,SUPPORTED,,4ef162320e09086a16f1e130b09a507d399438740647147560f339cd2aa60069
UNRESOLVED_IMAGE,0.25,189,0.25,0.0,0.5497382248301129,0.5390625,0.04397496704365141,False,SUPPORTED,,4ef162320e09086a16f1e130b09a507d399438740647147560f339cd2aa60069
TOTAL_FLUX,0.25,189,0.25000000000000006,2.220446049250313e-16,0.5497382248301129,0.544921875,0.04397496704365141,False,SUPPORTED,,4ef162320e09086a16f1e130b09a507d399438740647147560f339cd2aa60069
DIRECT_PHYSICAL,0.25,190,0.24999999999999997,1.1102230246251565e-16,0.5497382248301129,0.525390625,0.04397496704365141,False,SUPPORTED,,4ef162320e09086a16f1e130b09a507d399438740647147560f339cd2aa60069
RESOLVED_PHYSICAL,0.25,190,0.25,0.0,0.5497382248301129,0.5,0.04397496704365141,False,SUPPORTED,,4ef162320e09086a16f1e130b09a507d399438740647147560f339cd2aa60069
UNRESOLVED_IMAGE,0.25,190,0.24999999999999997,1.1102230246251565e-16,0.5497382248301129,0.525390625,0.04397496704365141,False,SUPPORTED,,4ef162320e09086a16f1e130b09a507d399438740647147560f339cd2aa60069
TOTAL_FLUX,0.25,190,0.24999999999999997,1.1102230246251565e-16,0.5497382248301129,0.568359375,0.04397496704365141,False,SUPPORTED,,4ef162320e09086a16f1e130b09a507d399438740647147560f339cd2aa60069
DIRECT_PHYSICAL,0.25,191,0.25,0.0,0.5497382248301129,0.568359375,0.04397496704365141,False,SUPPORTED,,4ef162320e09086a16f1e130b09a507d399438740647147560f339cd2aa60069
RESOLVED_PHYSICAL,0.25,191,0.24999999999999994,2.220446049250313e-16,0.5497382248301129,0.52734375,0.04397496704365141,False,SUPPORTED,,4ef162320e09086a16f1e130b09a507d399438740647147560f339cd2aa60069
UNRESOLVED_IMAGE,0.25,191,0.25,0.0,0.5497382248301129,0.537109375,0.04397496704365141,False,SUPPORTED,,4ef162320e09086a16f1e130b09a507d399438740647147560f339cd2aa60069
TOTAL_FLUX,0.25,191,0.25,0.0,0.5497382248301129,0.55078125,0.04397496704365141,False,SUPPORTED,,4ef162320e09086a16f1e130b09a507d399438740647147560f339cd2aa60069
DIRECT_PHYSICAL,0.25,192,0.24999999999999994,2.220446049250313e-16,0.5497382248301129,0.5390625,0.04397496704365141,False,SUPPORTED,,4ef162320e09086a16f1e130b09a507d399438740647147560f339cd2aa60069
RESOLVED_PHYSICAL,0.25,192,0.25,0.0,0.5497382248301129,0.53125,0.04397496704365141,False,SUPPORTED,,4ef162320e09086a16f1e130b09a507d399438740647147560f339cd2aa60069
UNRESOLVED_IMAGE,0.25,192,0.24999999999999997,1.1102230246251565e-16,0.5497382248301129,0.513671875,0.04397496704365141,False,SUPPORTED,,4ef162320e09086a16f1e130b09a507d399438740647147560f339cd2aa60069
TOTAL_FLUX,0.25,192,0.24999999999999997,1.1102230246251565e-16,0.5497382248301129,0.533203125,0.04397496704365141,False,SUPPORTED,,4ef162320e09086a16f1e130b09a507d399438740647147560f339cd2aa60069
DIRECT_PHYSICAL,0.25,193,0.25,0.0,0.5497382248301129,0.5625,0.04397496704365141,False,SUPPORTED,,4ef162320e09086a16f1e130b09a507d399438740647147560f339cd2aa60069
RESOLVED_PHYSICAL,0.25,193,0.25000000000000006,2.220446049250313e-16,0.5497382248301129,0.560546875,0.04397496704365141,False,SUPPORTED,,4ef162320e09086a16f1e130b09a507d399438740647147560f339cd2aa60069
UNRESOLVED_IMAGE,0.25,193,0.25000000000000006,2.220446049250313e-16,0.5497382248301129,0.56640625,0.04397496704365141,False,SUPPORTED,,4ef162320e09086a16f1e130b09a507d399438740647147560f339cd2aa60069
TOTAL_FLUX,0.25,193,0.24999999999999997,1.1102230246251565e-16,0.5497382248301129,0.537109375,0.04397496704365141,False,SUPPORTED,,4ef162320e09086a16f1e130b09a507d399438740647147560f339cd2aa60069
DIRECT_PHYSICAL,0.25,194,0.24999999999999997,1.1102230246251565e-16,0.5497382248301129,0.53125,0.04397496704365141,False,SUPPORTED,,4ef162320e09086a16f1e130b09a507d399438740647147560f339cd2aa60069
RESOLVED_PHYSICAL,0.25,194,0.24999999999999994,2.220446049250313e-16,0.5497382248301129,0.53125,0.04397496704365141,False,SUPPORTED,,4ef162320e09086a16f1e130b09a507d399438740647147560f339cd2aa60069
UNRESOLVED_IMAGE,0.25,194,0.24999999999999997,1.1102230246251565e-16,0.5497382248301129,0.5,0.04397496704365141,False,SUPPORTED,,4ef162320e09086a16f1e130b09a507d399438740647147560f339cd2aa60069
TOTAL_FLUX,0.25,194,0.25,0.0,0.5497382248301129,0.478515625,0.04397496704365141,False,SUPPORTED,,4ef162320e09086a16f1e130b09a507d399438740647147560f339cd2aa60069
DIRECT_PHYSICAL,0.25,195,0.25,0.0,0.5497382248301129,0.509765625,0.04397496704365141,False,SUPPORTED,,4ef162320e09086a16f1e130b09a507d399438740647147560f339cd2aa60069
RESOLVED_PHYSICAL,0.25,195,0.24999999999999997,1.1102230246251565e-16,0.5497382248301129,0.54296875,0.04397496704365141,False,SUPPORTED,,4ef162320e09086a16f1e130b09a507d399438740647147560f339cd2aa60069
UNRESOLVED_IMAGE,0.25,195,0.24999999999999997,1.1102230246251565e-16,0.5497382248301129,0.525390625,0.04397496704365141,False,SUPPORTED,,4ef162320e09086a16f1e130b09a507d399438740647147560f339cd2aa60069
TOTAL_FLUX,0.25,195,0.24999999999999992,3.3306690738754696e-16,0.5497382248301129,0.50390625,0.04397496704365141,False,SUPPORTED,,4ef162320e09086a16f1e130b09a507d399438740647147560f339cd2aa60069
DIRECT_PHYSICAL,0.25,196,0.25,0.0,0.5497382248301129,0.5859375,0.04397496704365141,False,SUPPORTED,,4ef162320e09086a16f1e130b09a507d399438740647147560f339cd2aa60069
RESOLVED_PHYSICAL,0.25,196,0.25,0.0,0.5497382248301129,0.5234375,0.04397496704365141,False,SUPPORTED,,4ef162320e09086a16f1e130b09a507d399438740647147560f339cd2aa60069
UNRESOLVED_IMAGE,0.25,196,0.25,0.0,0.5497382248301129,0.55078125,0.04397496704365141,False,SUPPORTED,,4ef162320e09086a16f1e130b09a507d399438740647147560f339cd2aa60069
TOTAL_FLUX,0.25,196,0.24999999999999997,1.1102230246251565e-16,0.5497382248301129,0.55859375,0.04397496704365141,False,SUPPORTED,,4ef162320e09086a16f1e130b09a507d399438740647147560f339cd2aa60069
DIRECT_PHYSICAL,0.25,197,0.24999999999999994,2.220446049250313e-16,0.5497382248301129,0.533203125,0.04397496704365141,False,SUPPORTED,,4ef162320e09086a16f1e130b09a507d399438740647147560f339cd2aa60069
RESOLVED_PHYSICAL,0.25,197,0.25,0.0,0.5497382248301129,0.541015625,0.04397496704365141,False,SUPPORTED,,4ef162320e09086a16f1e130b09a507d399438740647147560f339cd2aa60069
UNRESOLVED_IMAGE,0.25,197,0.25000000000000006,2.220446049250313e-16,0.5497382248301129,0.54296875,0.04397496704365141,False,SUPPORTED,,4ef162320e09086a16f1e130b09a507d399438740647147560f339cd2aa60069
TOTAL_FLUX,0.25,197,0.25,0.0,0.5497382248301129,0.537109375,0.04397496704365141,False,SUPPORTED,,4ef162320e09086a16f1e130b09a507d399438740647147560f339cd2aa60069
DIRECT_PHYSICAL,0.25,198,0.24999999999999997,1.1102230246251565e-16,0.5497382248301129,0.53125,0.04397496704365141,False,SUPPORTED,,4ef162320e09086a16f1e130b09a507d399438740647147560f339cd2aa60069
RESOLVED_PHYSICAL,0.25,198,0.25,0.0,0.5497382248301129,0.55078125,0.04397496704365141,False,SUPPORTED,,4ef162320e09086a16f1e130b09a507d399438740647147560f339cd2aa60069
UNRESOLVED_IMAGE,0.25,198,0.25,0.0,0.5497382248301129,0.564453125,0.04397496704365141,False,SUPPORTED,,4ef162320e09086a16f1e130b09a507d399438740647147560f339cd2aa60069
TOTAL_FLUX,0.25,198,0.24999999999999986,5.551115123125783e-16,0.5497382248301128,0.583984375,0.04397496704365141,False,SUPPORTED,,4ef162320e09086a16f1e130b09a507d399438740647147560f339cd2aa60069
DIRECT_PHYSICAL,0.25,199,0.25,0.0,0.5497382248301129,0.568359375,0.04397496704365141,False,SUPPORTED,,4ef162320e09086a16f1e130b09a507d399438740647147560f339cd2aa60069
RESOLVED_PHYSICAL,0.25,199,0.25,0.0,0.5497382248301129,0.505859375,0.04397496704365141,False,SUPPORTED,,4ef162320e09086a16f1e130b09a507d399438740647147560f339cd2aa60069
UNRESOLVED_IMAGE,0.25,199,0.25,0.0,0.5497382248301129,0.552734375,0.04397496704365141,False,SUPPORTED,,4ef162320e09086a16f1e130b09a507d399438740647147560f339cd2aa60069
TOTAL_FLUX,0.25,199,0.25000000000000006,2.220446049250313e-16,0.5497382248301129,0.513671875,0.04397496704365141,False,SUPPORTED,,4ef162320e09086a16f1e130b09a507d399438740647147560f339cd2aa60069
DIRECT_PHYSICAL,0.5,0,0.5000000000000001,2.220446049250313e-16,0.5987063256829237,0.595703125,0.04332445373196591,False,SUPPORTED,,4ef162320e09086a16f1e130b09a507d399438740647147560f339cd2aa60069
RESOLVED_PHYSICAL,0.5,0,0.5,0.0,0.5987063256829237,0.591796875,0.04332445373196591,False,SUPPORTED,,4ef162320e09086a16f1e130b09a507d399438740647147560f339cd2aa60069
UNRESOLVED_IMAGE,0.5,0,0.5000000000000001,2.220446049250313e-16,0.5987063256829237,0.59765625,0.04332445373196591,False,SUPPORTED,,4ef162320e09086a16f1e130b09a507d399438740647147560f339cd2aa60069
TOTAL_FLUX,0.5,0,0.49999999999999994,1.1102230246251565e-16,0.5987063256829237,0.5703125,0.04332445373196591,False,SUPPORTED,,4ef162320e09086a16f1e130b09a507d399438740647147560f339cd2aa60069
DIRECT_PHYSICAL,0.5,1,0.5,0.0,0.5987063256829237,0.60546875,0.04332445373196591,False,SUPPORTED,,4ef162320e09086a16f1e130b09a507d399438740647147560f339cd2aa60069
RESOLVED_PHYSICAL,0.5,1,0.5,0.0,0.5987063256829237,0.62109375,0.04332445373196591,False,SUPPORTED,,4ef162320e09086a16f1e130b09a507d399438740647147560f339cd2aa60069
UNRESOLVED_IMAGE,0.5,1,0.5,0.0,0.5987063256829237,0.595703125,0.04332445373196591,False,SUPPORTED,,4ef162320e09086a16f1e130b09a507d399438740647147560f339cd2aa60069
TOTAL_FLUX,0.5,1,0.5000000000000002,4.440892098500626e-16,0.5987063256829238,0.6171875,0.0433244537319659,False,SUPPORTED,,4ef162320e09086a16f1e130b09a507d399438740647147560f339cd2aa60069
DIRECT_PHYSICAL,0.5,2,0.4999999999999999,2.220446049250313e-16,0.5987063256829237,0.6171875,0.04332445373196591,False,SUPPORTED,,4ef162320e09086a16f1e130b09a507d399438740647147560f339cd2aa60069
RESOLVED_PHYSICAL,0.5,2,0.5,0.0,0.5987063256829237,0.5703125,0.04332445373196591,False,SUPPORTED,,4ef162320e09086a16f1e130b09a507d399438740647147560f339cd2aa60069
UNRESOLVED_IMAGE,0.5,2,0.5,0.0,0.5987063256829237,0.599609375,0.04332445373196591,False,SUPPORTED,,4ef162320e09086a16f1e130b09a507d399438740647147560f339cd2aa60069
TOTAL_FLUX,0.5,2,0.5000000000000001,2.220446049250313e-16,0.5987063256829237,0.615234375,0.04332445373196591,False,SUPPORTED,,4ef162320e09086a16f1e130b09a507d399438740647147560f339cd2aa60069
DIRECT_PHYSICAL,0.5,3,0.5,0.0,0.5987063256829237,0.5859375,0.04332445373196591,False,SUPPORTED,,4ef162320e09086a16f1e130b09a507d399438740647147560f339cd2aa60069
RESOLVED_PHYSICAL,0.5,3,0.5,0.0,0.5987063256829237,0.595703125,0.04332445373196591,False,SUPPORTED,,4ef162320e09086a16f1e130b09a507d399438740647147560f339cd2aa60069
UNRESOLVED_IMAGE,0.5,3,0.4999999999999999,2.220446049250313e-16,0.5987063256829237,0.623046875,0.04332445373196591,False,SUPPORTED,,4ef162320e09086a16f1e130b09a507d399438740647147560f339cd2aa60069
TOTAL_FLUX,0.5,3,0.5000000000000001,2.220446049250313e-16,0.5987063256829237,0.609375,0.04332445373196591,False,SUPPORTED,,4ef162320e09086a16f1e130b09a507d399438740647147560f339cd2aa60069
DIRECT_PHYSICAL,0.5,4,0.5,0.0,0.5987063256829237,0.5625,0.04332445373196591,False,SUPPORTED,,4ef162320e09086a16f1e130b09a507d399438740647147560f339cd2aa60069
RESOLVED_PHYSICAL,0.5,4,0.5,0.0,0.5987063256829237,0.59375,0.04332445373196591,False,SUPPORTED,,4ef162320e09086a16f1e130b09a507d399438740647147560f339cd2aa60069
UNRESOLVED_IMAGE,0.5,4,0.5,0.0,0.5987063256829237,0.615234375,0.04332445373196591,False,SUPPORTED,,4ef162320e09086a16f1e130b09a507d399438740647147560f339cd2aa60069
TOTAL_FLUX,0.5,4,0.4999999999999998,4.440892098500626e-16,0.5987063256829237,0.564453125,0.04332445373196591,False,SUPPORTED,,4ef162320e09086a16f1e130b09a507d399438740647147560f339cd2aa60069
DIRECT_PHYSICAL,0.5,5,0.5,0.0,0.5987063256829237,0.591796875,0.04332445373196591,False,SUPPORTED,,4ef162320e09086a16f1e130b09a507d399438740647147560f339cd2aa60069
RESOLVED_PHYSICAL,0.5,5,0.5,0.0,0.5987063256829237,0.57421875,0.04332445373196591,False,SUPPORTED,,4ef162320e09086a16f1e130b09a507d399438740647147560f339cd2aa60069
UNRESOLVED_IMAGE,0.5,5,0.5,0.0,0.5987063256829237,0.611328125,0.04332445373196591,False,SUPPORTED,,4ef162320e09086a16f1e130b09a507d399438740647147560f339cd2aa60069
TOTAL_FLUX,0.5,5,0.5000000000000001,2.220446049250313e-16,0.5987063256829237,0.640625,0.04332445373196591,False,SUPPORTED,,4ef162320e09086a16f1e130b09a507d399438740647147560f339cd2aa60069
DIRECT_PHYSICAL,0.5,6,0.49999999999999994,1.1102230246251565e-16,0.5987063256829237,0.62109375,0.04332445373196591,False,SUPPORTED,,4ef162320e09086a16f1e130b09a507d399438740647147560f339cd2aa60069
RESOLVED_PHYSICAL,0.5,6,0.49999999999999994,1.1102230246251565e-16,0.5987063256829237,0.599609375,0.04332445373196591,False,SUPPORTED,,4ef162320e09086a16f1e130b09a507d399438740647147560f339cd2aa60069
UNRESOLVED_IMAGE,0.5,6,0.5000000000000001,2.220446049250313e-16,0.5987063256829237,0.556640625,0.04332445373196591,False,SUPPORTED,,4ef162320e09086a16f1e130b09a507d399438740647147560f339cd2aa60069
TOTAL_FLUX,0.5,6,0.49999999999999994,1.1102230246251565e-16,0.5987063256829237,0.60546875,0.04332445373196591,False,SUPPORTED,,4ef162320e09086a16f1e130b09a507d399438740647147560f339cd2aa60069
DIRECT_PHYSICAL,0.5,7,0.5,0.0,0.5987063256829237,0.58984375,0.04332445373196591,False,SUPPORTED,,4ef162320e09086a16f1e130b09a507d399438740647147560f339cd2aa60069
RESOLVED_PHYSICAL,0.5,7,0.4999999999999999,2.220446049250313e-16,0.5987063256829237,0.591796875,0.04332445373196591,False,SUPPORTED,,4ef162320e09086a16f1e130b09a507d399438740647147560f339cd2aa60069
UNRESOLVED_IMAGE,0.5,7,0.5,0.0,0.5987063256829237,0.587890625,0.04332445373196591,False,SUPPORTED,,4ef162320e09086a16f1e130b09a507d399438740647147560f339cd2aa60069
TOTAL_FLUX,0.5,7,0.5000000000000001,2.220446049250313e-16,0.5987063256829237,0.6328125,0.04332445373196591,False,SUPPORTED,,4ef162320e09086a16f1e130b09a507d399438740647147560f339cd2aa60069
DIRECT_PHYSICAL,0.5,8,0.5000000000000001,2.220446049250313e-16,0.5987063256829237,0.6015625,0.04332445373196591,False,SUPPORTED,,4ef162320e09086a16f1e130b09a507d399438740647147560f339cd2aa60069
RESOLVED_PHYSICAL,0.5,8,0.49999999999999994,1.1102230246251565e-16,0.5987063256829237,0.62890625,0.04332445373196591,False,SUPPORTED,,4ef162320e09086a16f1e130b09a507d399438740647147560f339cd2aa60069
UNRESOLVED_IMAGE,0.5,8,0.5,0.0,0.5987063256829237,0.650390625,0.04332445373196591,True,SUPPORTED,,4ef162320e09086a16f1e130b09a507d399438740647147560f339cd2aa60069
TOTAL_FLUX,0.5,8,0.5,0.0,0.5987063256829237,0.580078125,0.04332445373196591,False,SUPPORTED,,4ef162320e09086a16f1e130b09a507d399438740647147560f339cd2aa60069
DIRECT_PHYSICAL,0.5,9,0.5,0.0,0.5987063256829237,0.611328125,0.04332445373196591,False,SUPPORTED,,4ef162320e09086a16f1e130b09a507d399438740647147560f339cd2aa60069
RESOLVED_PHYSICAL,0.5,9,0.5000000000000001,2.220446049250313e-16,0.5987063256829237,0.609375,0.04332445373196591,False,SUPPORTED,,4ef162320e09086a16f1e130b09a507d399438740647147560f339cd2aa60069
UNRESOLVED_IMAGE,0.5,9,0.5,0.0,0.5987063256829237,0.603515625,0.04332445373196591,False,SUPPORTED,,4ef162320e09086a16f1e130b09a507d399438740647147560f339cd2aa60069
TOTAL_FLUX,0.5,9,0.5000000000000001,2.220446049250313e-16,0.5987063256829237,0.56640625,0.04332445373196591,False,SUPPORTED,,4ef162320e09086a16f1e130b09a507d399438740647147560f339cd2aa60069
DIRECT_PHYSICAL,0.5,10,0.49999999999999994,1.1102230246251565e-16,0.5987063256829237,0.5859375,0.04332445373196591,False,SUPPORTED,,4ef162320e09086a16f1e130b09a507d399438740647147560f339cd2aa60069
RESOLVED_PHYSICAL,0.5,10,0.5,0.0,0.5987063256829237,0.58984375,0.04332445373196591,False,SUPPORTED,,4ef162320e09086a16f1e130b09a507d399438740647147560f339cd2aa60069
UNRESOLVED_IMAGE,0.5,10,0.5,0.0,0.5987063256829237,0.583984375,0.04332445373196591,False,SUPPORTED,,4ef162320e09086a16f1e130b09a507d399438740647147560f339cd2aa60069
TOTAL_FLUX,0.5,10,0.5000000000000001,2.220446049250313e-16,0.5987063256829237,0.650390625,0.04332445373196591,True,SUPPORTED,,4ef162320e09086a16f1e130b09a507d399438740647147560f339cd2aa60069
DIRECT_PHYSICAL,0.5,11,0.4999999999999999,2.220446049250313e-16,0.5987063256829237,0.611328125,0.04332445373196591,False,SUPPORTED,,4ef162320e09086a16f1e130b09a507d399438740647147560f339cd2aa60069
RESOLVED_PHYSICAL,0.5,11,0.5,0.0,0.5987063256829237,0.599609375,0.04332445373196591,False,SUPPORTED,,4ef162320e09086a16f1e130b09a507d399438740647147560f339cd2aa60069
UNRESOLVED_IMAGE,0.5,11,0.5,0.0,0.5987063256829237,0.6015625,0.04332445373196591,False,SUPPORTED,,4ef162320e09086a16f1e130b09a507d399438740647147560f339cd2aa60069
TOTAL_FLUX,0.5,11,0.49999999999999994,1.1102230246251565e-16,0.5987063256829237,0.58984375,0.04332445373196591,False,SUPPORTED,,4ef162320e09086a16f1e130b09a507d399438740647147560f339cd2aa60069
DIRECT_PHYSICAL,0.5,12,0.5,0.0,0.5987063256829237,0.623046875,0.04332445373196591,False,SUPPORTED,,4ef162320e09086a16f1e130b09a507d399438740647147560f339cd2aa60069
RESOLVED_PHYSICAL,0.5,12,0.49999999999999994,1.1102230246251565e-16,0.5987063256829237,0.58203125,0.04332445373196591,False,SUPPORTED,,4ef162320e09086a16f1e130b09a507d399438740647147560f339cd2aa60069
UNRESOLVED_IMAGE,0.5,12,0.4999999999999999,2.220446049250313e-16,0.5987063256829237,0.595703125,0.04332445373196591,False,SUPPORTED,,4ef162320e09086a16f1e130b09a507d399438740647147560f339cd2aa60069
TOTAL_FLUX,0.5,12,0.5000000000000001,2.220446049250313e-16,0.5987063256829237,0.58984375,0.04332445373196591,False,SUPPORTED,,4ef162320e09086a16f1e130b09a507d399438740647147560f339cd2aa60069
DIRECT_PHYSICAL,0.5,13,0.4999999999999999,2.220446049250313e-16,0.5987063256829237,0.625,0.04332445373196591,False,SUPPORTED,,4ef162320e09086a16f1e130b09a507d399438740647147560f339cd2aa60069
RESOLVED_PHYSICAL,0.5,13,0.5,0.0,0.5987063256829237,0.58203125,0.04332445373196591,False,SUPPORTED,,4ef162320e09086a16f1e130b09a507d399438740647147560f339cd2aa60069
UNRESOLVED_IMAGE,0.5,13,0.5000000000000001,2.220446049250313e-16,0.5987063256829237,0.626953125,0.04332445373196591,False,SUPPORTED,,4ef162320e09086a16f1e130b09a507d399438740647147560f339cd2aa60069
TOTAL_FLUX,0.5,13,0.4999999999999997,5.551115123125783e-16,0.5987063256829237,0.630859375,0.04332445373196591,False,SUPPORTED,,4ef162320e09086a16f1e130b09a507d399438740647147560f339cd2aa60069
DIRECT_PHYSICAL,0.5,14,0.5,0.0,0.5987063256829237,0.61328125,0.04332445373196591,False,SUPPORTED,,4ef162320e09086a16f1e130b09a507d399438740647147560f339cd2aa60069
RESOLVED_PHYSICAL,0.5,14,0.5,0.0,0.5987063256829237,0.5859375,0.04332445373196591,False,SUPPORTED,,4ef162320e09086a16f1e130b09a507d399438740647147560f339cd2aa60069
UNRESOLVED_IMAGE,0.5,14,0.5000000000000001,2.220446049250313e-16,0.5987063256829237,0.615234375,0.04332445373196591,False,SUPPORTED,,4ef162320e09086a16f1e130b09a507d399438740647147560f339cd2aa60069
TOTAL_FLUX,0.5,14,0.49999999999999983,3.3306690738754696e-16,0.5987063256829237,0.607421875,0.04332445373196591,False,SUPPORTED,,4ef162320e09086a16f1e130b09a507d399438740647147560f339cd2aa60069
DIRECT_PHYSICAL,0.5,15,0.4999999999999999,2.220446049250313e-16,0.5987063256829237,0.59375,0.04332445373196591,False,SUPPORTED,,4ef162320e09086a16f1e130b09a507d399438740647147560f339cd2aa60069
RESOLVED_PHYSICAL,0.5,15,0.49999999999999994,1.1102230246251565e-16,0.5987063256829237,0.623046875,0.04332445373196591,False,SUPPORTED,,4ef162320e09086a16f1e130b09a507d399438740647147560f339cd2aa60069
UNRESOLVED_IMAGE,0.5,15,0.5,0.0,0.5987063256829237,0.630859375,0.04332445373196591,False,SUPPORTED,,4ef162320e09086a16f1e130b09a507d399438740647147560f339cd2aa60069
TOTAL_FLUX,0.5,15,0.5000000000000002,4.440892098500626e-16,0.5987063256829238,0.564453125,0.0433244537319659,False,SUPPORTED,,4ef162320e09086a16f1e130b09a507d399438740647147560f339cd2aa60069
DIRECT_PHYSICAL,0.5,16,0.49999999999999994,1.1102230246251565e-16,0.5987063256829237,0.599609375,0.04332445373196591,False,SUPPORTED,,4ef162320e09086a16f1e130b09a507d399438740647147560f339cd2aa60069
RESOLVED_PHYSICAL,0.5,16,0.5,0.0,0.5987063256829237,0.58984375,0.04332445373196591,False,SUPPORTED,,4ef162320e09086a16f1e130b09a507d399438740647147560f339cd2aa60069
UNRESOLVED_IMAGE,0.5,16,0.49999999999999994,1.1102230246251565e-16,0.5987063256829237,0.5703125,0.04332445373196591,False,SUPPORTED,,4ef162320e09086a16f1e130b09a507d399438740647147560f339cd2aa60069
TOTAL_FLUX,0.5,16,0.49999999999999994,1.1102230246251565e-16,0.5987063256829237,0.603515625,0.04332445373196591,False,SUPPORTED,,4ef162320e09086a16f1e130b09a507d399438740647147560f339cd2aa60069
DIRECT_PHYSICAL,0.5,17,0.5,0.0,0.5987063256829237,0.576171875,0.04332445373196591,False,SUPPORTED,,4ef162320e09086a16f1e130b09a507d399438740647147560f339cd2aa60069
RESOLVED_PHYSICAL,0.5,17,0.5,0.0,0.5987063256829237,0.59375,0.04332445373196591,False,SUPPORTED,,4ef162320e09086a16f1e130b09a507d399438740647147560f339cd2aa60069
UNRESOLVED_IMAGE,0.5,17,0.49999999999999994,1.1102230246251565e-16,0.5987063256829237,0.603515625,0.04332445373196591,False,SUPPORTED,,4ef162320e09086a16f1e130b09a507d399438740647147560f339cd2aa60069
TOTAL_FLUX,0.5,17,0.4999999999999998,4.440892098500626e-16,0.5987063256829237,0.6015625,0.04332445373196591,False,SUPPORTED,,4ef162320e09086a16f1e130b09a507d399438740647147560f339cd2aa60069
DIRECT_PHYSICAL,0.5,18,0.5,0.0,0.5987063256829237,0.578125,0.04332445373196591,False,SUPPORTED,,4ef162320e09086a16f1e130b09a507d399438740647147560f339cd2aa60069
RESOLVED_PHYSICAL,0.5,18,0.5,0.0,0.5987063256829237,0.572265625,0.04332445373196591,False,SUPPORTED,,4ef162320e09086a16f1e130b09a507d399438740647147560f339cd2aa60069
UNRESOLVED_IMAGE,0.5,18,0.49999999999999994,1.1102230246251565e-16,0.5987063256829237,0.578125,0.04332445373196591,False,SUPPORTED,,4ef162320e09086a16f1e130b09a507d399438740647147560f339cd2aa60069
TOTAL_FLUX,0.5,18,0.5,0.0,0.5987063256829237,0.60546875,0.04332445373196591,False,SUPPORTED,,4ef162320e09086a16f1e130b09a507d399438740647147560f339cd2aa60069
DIRECT_PHYSICAL,0.5,19,0.5,0.0,0.5987063256829237,0.61328125,0.04332445373196591,False,SUPPORTED,,4ef162320e09086a16f1e130b09a507d399438740647147560f339cd2aa60069
RESOLVED_PHYSICAL,0.5,19,0.5,0.0,0.5987063256829237,0.57421875,0.04332445373196591,False,SUPPORTED,,4ef162320e09086a16f1e130b09a507d399438740647147560f339cd2aa60069
UNRESOLVED_IMAGE,0.5,19,0.5,0.0,0.5987063256829237,0.58203125,0.04332445373196591,False,SUPPORTED,,4ef162320e09086a16f1e130b09a507d399438740647147560f339cd2aa60069
TOTAL_FLUX,0.5,19,0.4999999999999999,2.220446049250313e-16,0.5987063256829237,0.595703125,0.04332445373196591,False,SUPPORTED,,4ef162320e09086a16f1e130b09a507d399438740647147560f339cd2aa60069
DIRECT_PHYSICAL,0.5,20,0.5,0.0,0.5987063256829237,0.6328125,0.04332445373196591,False,SUPPORTED,,4ef162320e09086a16f1e130b09a507d399438740647147560f339cd2aa60069
RESOLVED_PHYSICAL,0.5,20,0.49999999999999994,1.1102230246251565e-16,0.5987063256829237,0.576171875,0.04332445373196591,False,SUPPORTED,,4ef162320e09086a16f1e130b09a507d399438740647147560f339cd2aa60069
UNRESOLVED_IMAGE,0.5,20,0.5000000000000001,2.220446049250313e-16,0.5987063256829237,0.6015625,0.04332445373196591,False,SUPPORTED,,4ef162320e09086a16f1e130b09a507d399438740647147560f339cd2aa60069
TOTAL_FLUX,0.5,20,0.49999999999999994,1.1102230246251565e-16,0.5987063256829237,0.5859375,0.04332445373196591,False,SUPPORTED,,4ef162320e09086a16f1e130b09a507d399438740647147560f339cd2aa60069
DIRECT_PHYSICAL,0.5,21,0.5,0.0,0.5987063256829237,0.578125,0.04332445373196591,False,SUPPORTED,,4ef162320e09086a16f1e130b09a507d399438740647147560f339cd2aa60069
RESOLVED_PHYSICAL,0.5,21,0.5,0.0,0.5987063256829237,0.587890625,0.04332445373196591,False,SUPPORTED,,4ef162320e09086a16f1e130b09a507d399438740647147560f339cd2aa60069
UNRESOLVED_IMAGE,0.5,21,0.5000000000000001,2.220446049250313e-16,0.5987063256829237,0.626953125,0.04332445373196591,False,SUPPORTED,,4ef162320e09086a16f1e130b09a507d399438740647147560f339cd2aa60069
TOTAL_FLUX,0.5,21,0.5000000000000001,2.220446049250313e-16,0.5987063256829237,0.5546875,0.04332445373196591,False,SUPPORTED,,4ef162320e09086a16f1e130b09a507d399438740647147560f339cd2aa60069
DIRECT_PHYSICAL,0.5,22,0.5,0.0,0.5987063256829237,0.58203125,0.04332445373196591,False,SUPPORTED,,4ef162320e09086a16f1e130b09a507d399438740647147560f339cd2aa60069
RESOLVED_PHYSICAL,0.5,22,0.5,0.0,0.5987063256829237,0.59765625,0.04332445373196591,False,SUPPORTED,,4ef162320e09086a16f1e130b09a507d399438740647147560f339cd2aa60069
UNRESOLVED_IMAGE,0.5,22,0.5,0.0,0.5987063256829237,0.60546875,0.04332445373196591,False,SUPPORTED,,4ef162320e09086a16f1e130b09a507d399438740647147560f339cd2aa60069
TOTAL_FLUX,0.5,22,0.5,0.0,0.5987063256829237,0.595703125,0.04332445373196591,False,SUPPORTED,,4ef162320e09086a16f1e130b09a507d399438740647147560f339cd2aa60069
DIRECT_PHYSICAL,0.5,23,0.49999999999999994,1.1102230246251565e-16,0.5987063256829237,0.59765625,0.04332445373196591,False,SUPPORTED,,4ef162320e09086a16f1e130b09a507d399438740647147560f339cd2aa60069
RESOLVED_PHYSICAL,0.5,23,0.49999999999999994,1.1102230246251565e-16,0.5987063256829237,0.60546875,0.04332445373196591,False,SUPPORTED,,4ef162320e09086a16f1e130b09a507d399438740647147560f339cd2aa60069
UNRESOLVED_IMAGE,0.5,23,0.49999999999999994,1.1102230246251565e-16,0.5987063256829237,0.580078125,0.04332445373196591,False,SUPPORTED,,4ef162320e09086a16f1e130b09a507d399438740647147560f339cd2aa60069
TOTAL_FLUX,0.5,23,0.4999999999999999,2.220446049250313e-16,0.5987063256829237,0.599609375,0.04332445373196591,False,SUPPORTED,,4ef162320e09086a16f1e130b09a507d399438740647147560f339cd2aa60069
DIRECT_PHYSICAL,0.5,24,0.5,0.0,0.5987063256829237,0.611328125,0.04332445373196591,False,SUPPORTED,,4ef162320e09086a16f1e130b09a507d399438740647147560f339cd2aa60069
RESOLVED_PHYSICAL,0.5,24,0.49999999999999994,1.1102230246251565e-16,0.5987063256829237,0.587890625,0.04332445373196591,False,SUPPORTED,,4ef162320e09086a16f1e130b09a507d399438740647147560f339cd2aa60069
UNRESOLVED_IMAGE,0.5,24,0.5,0.0,0.5987063256829237,0.615234375,0.04332445373196591,False,SUPPORTED,,4ef162320e09086a16f1e130b09a507d399438740647147560f339cd2aa60069
TOTAL_FLUX,0.5,24,0.5000000000000001,2.220446049250313e-16,0.5987063256829237,0.607421875,0.04332445373196591,False,SUPPORTED,,4ef162320e09086a16f1e130b09a507d399438740647147560f339cd2aa60069
DIRECT_PHYSICAL,0.5,25,0.49999999999999994,1.1102230246251565e-16,0.5987063256829237,0.62890625,0.04332445373196591,False,SUPPORTED,,4ef162320e09086a16f1e130b09a507d399438740647147560f339cd2aa60069
RESOLVED_PHYSICAL,0.5,25,0.4999999999999999,2.220446049250313e-16,0.5987063256829237,0.619140625,0.04332445373196591,False,SUPPORTED,,4ef162320e09086a16f1e130b09a507d399438740647147560f339cd2aa60069
UNRESOLVED_IMAGE,0.5,25,0.5,0.0,0.5987063256829237,0.59765625,0.04332445373196591,False,SUPPORTED,,4ef162320e09086a16f1e130b09a507d399438740647147560f339cd2aa60069
TOTAL_FLUX,0.5,25,0.5,0.0,0.5987063256829237,0.603515625,0.04332445373196591,False,SUPPORTED,,4ef162320e09086a16f1e130b09a507d399438740647147560f339cd2aa60069
DIRECT_PHYSICAL,0.5,26,0.5000000000000001,2.220446049250313e-16,0.5987063256829237,0.607421875,0.04332445373196591,False,SUPPORTED,,4ef162320e09086a16f1e130b09a507d399438740647147560f339cd2aa60069
RESOLVED_PHYSICAL,0.5,26,0.49999999999999983,3.3306690738754696e-16,0.5987063256829237,0.564453125,0.04332445373196591,False,SUPPORTED,,4ef162320e09086a16f1e130b09a507d399438740647147560f339cd2aa60069
UNRESOLVED_IMAGE,0.5,26,0.49999999999999994,1.1102230246251565e-16,0.5987063256829237,0.587890625,0.04332445373196591,False,SUPPORTED,,4ef162320e09086a16f1e130b09a507d399438740647147560f339cd2aa60069
TOTAL_FLUX,0.5,26,0.5,0.0,0.5987063256829237,0.640625,0.04332445373196591,False,SUPPORTED,,4ef162320e09086a16f1e130b09a507d399438740647147560f339cd2aa60069
DIRECT_PHYSICAL,0.5,27,0.49999999999999994,1.1102230246251565e-16,0.5987063256829237,0.59765625,0.04332445373196591,False,SUPPORTED,,4ef162320e09086a16f1e130b09a507d399438740647147560f339cd2aa60069
RESOLVED_PHYSICAL,0.5,27,0.49999999999999994,1.1102230246251565e-16,0.5987063256829237,0.564453125,0.04332445373196591,False,SUPPORTED,,4ef162320e09086a16f1e130b09a507d399438740647147560f339cd2aa60069
UNRESOLVED_IMAGE,0.5,27,0.49999999999999994,1.1102230246251565e-16,0.5987063256829237,0.59375,0.04332445373196591,False,SUPPORTED,,4ef162320e09086a16f1e130b09a507d399438740647147560f339cd2aa60069
TOTAL_FLUX,0.5,27,0.5,0.0,0.5987063256829237,0.609375,0.04332445373196591,False,SUPPORTED,,4ef162320e09086a16f1e130b09a507d399438740647147560f339cd2aa60069
DIRECT_PHYSICAL,0.5,28,0.5000000000000001,2.220446049250313e-16,0.5987063256829237,0.607421875,0.04332445373196591,False,SUPPORTED,,4ef162320e09086a16f1e130b09a507d399438740647147560f339cd2aa60069
RESOLVED_PHYSICAL,0.5,28,0.5,0.0,0.5987063256829237,0.591796875,0.04332445373196591,False,SUPPORTED,,4ef162320e09086a16f1e130b09a507d399438740647147560f339cd2aa60069
UNRESOLVED_IMAGE,0.5,28,0.49999999999999994,1.1102230246251565e-16,0.5987063256829237,0.595703125,0.04332445373196591,False,SUPPORTED,,4ef162320e09086a16f1e130b09a507d399438740647147560f339cd2aa60069
TOTAL_FLUX,0.5,28,0.49999999999999956,8.881784197001252e-16,0.5987063256829237,0.611328125,0.04332445373196591,False,SUPPORTED,,4ef162320e09086a16f1e130b09a507d399438740647147560f339cd2aa60069
DIRECT_PHYSICAL,0.5,29,0.5,0.0,0.5987063256829237,0.611328125,0.04332445373196591,False,SUPPORTED,,4ef162320e09086a16f1e130b09a507d399438740647147560f339cd2aa60069
RESOLVED_PHYSICAL,0.5,29,0.5,0.0,0.5987063256829237,0.578125,0.04332445373196591,False,SUPPORTED,,4ef162320e09086a16f1e130b09a507d399438740647147560f339cd2aa60069
UNRESOLVED_IMAGE,0.5,29,0.5,0.0,0.5987063256829237,0.611328125,0.04332445373196591,False,SUPPORTED,,4ef162320e09086a16f1e130b09a507d399438740647147560f339cd2aa60069
TOTAL_FLUX,0.5,29,0.49999999999999994,1.1102230246251565e-16,0.5987063256829237,0.59375,0.04332445373196591,False,SUPPORTED,,4ef162320e09086a16f1e130b09a507d399438740647147560f339cd2aa60069
DIRECT_PHYSICAL,0.5,30,0.5,0.0,0.5987063256829237,0.61328125,0.04332445373196591,False,SUPPORTED,,4ef162320e09086a16f1e130b09a507d399438740647147560f339cd2aa60069
RESOLVED_PHYSICAL,0.5,30,0.49999999999999994,1.1102230246251565e-16,0.5987063256829237,0.5859375,0.04332445373196591,False,SUPPORTED,,4ef162320e09086a16f1e130b09a507d399438740647147560f339cd2aa60069
UNRESOLVED_IMAGE,0.5,30,0.49999999999999994,1.1102230246251565e-16,0.5987063256829237,0.607421875,0.04332445373196591,False,SUPPORTED,,4ef162320e09086a16f1e130b09a507d399438740647147560f339cd2aa60069
TOTAL_FLUX,0.5,30,0.5,0.0,0.5987063256829237,0.578125,0.04332445373196591,False,SUPPORTED,,4ef162320e09086a16f1e130b09a507d399438740647147560f339cd2aa60069
DIRECT_PHYSICAL,0.5,31,0.5,0.0,0.5987063256829237,0.611328125,0.04332445373196591,False,SUPPORTED,,4ef162320e09086a16f1e130b09a507d399438740647147560f339cd2aa60069
RESOLVED_PHYSICAL,0.5,31,0.5,0.0,0.5987063256829237,0.6171875,0.04332445373196591,False,SUPPORTED,,4ef162320e09086a16f1e130b09a507d399438740647147560f339cd2aa60069
UNRESOLVED_IMAGE,0.5,31,0.5,0.0,0.5987063256829237,0.580078125,0.04332445373196591,False,SUPPORTED,,4ef162320e09086a16f1e130b09a507d399438740647147560f339cd2aa60069
TOTAL_FLUX,0.5,31,0.5000000000000002,4.440892098500626e-16,0.5987063256829238,0.623046875,0.0433244537319659,False,SUPPORTED,,4ef162320e09086a16f1e130b09a507d399438740647147560f339cd2aa60069
DIRECT_PHYSICAL,0.5,32,0.5000000000000001,2.220446049250313e-16,0.5987063256829237,0.6015625,0.04332445373196591,False,SUPPORTED,,4ef162320e09086a16f1e130b09a507d399438740647147560f339cd2aa60069
RESOLVED_PHYSICAL,0.5,32,0.49999999999999994,1.1102230246251565e-16,0.5987063256829237,0.59765625,0.04332445373196591,False,SUPPORTED,,4ef162320e09086a16f1e130b09a507d399438740647147560f339cd2aa60069
UNRESOLVED_IMAGE,0.5,32,0.5000000000000001,2.220446049250313e-16,0.5987063256829237,0.587890625,0.04332445373196591,False,SUPPORTED,,4ef162320e09086a16f1e130b09a507d399438740647147560f339cd2aa60069
TOTAL_FLUX,0.5,32,0.49999999999999983,3.3306690738754696e-16,0.5987063256829237,0.599609375,0.04332445373196591,False,SUPPORTED,,4ef162320e09086a16f1e130b09a507d399438740647147560f339cd2aa60069
DIRECT_PHYSICAL,0.5,33,0.4999999999999999,2.220446049250313e-16,0.5987063256829237,0.560546875,0.04332445373196591,False,SUPPORTED,,4ef162320e09086a16f1e130b09a507d399438740647147560f339cd2aa60069
RESOLVED_PHYSICAL,0.5,33,0.49999999999999994,1.1102230246251565e-16,0.5987063256829237,0.5703125,0.04332445373196591,False,SUPPORTED,,4ef162320e09086a16f1e130b09a507d399438740647147560f339cd2aa60069
UNRESOLVED_IMAGE,0.5,33,0.49999999999999983,3.3306690738754696e-16,0.5987063256829237,0.560546875,0.04332445373196591,False,SUPPORTED,,4ef162320e09086a16f1e130b09a507d399438740647147560f339cd2aa60069
TOTAL_FLUX,0.5,33,0.49999999999999983,3.3306690738754696e-16,0.5987063256829237,0.576171875,0.04332445373196591,False,SUPPORTED,,4ef162320e09086a16f1e130b09a507d399438740647147560f339cd2aa60069
DIRECT_PHYSICAL,0.5,34,0.5000000000000001,2.220446049250313e-16,0.5987063256829237,0.564453125,0.04332445373196591,False,SUPPORTED,,4ef162320e09086a16f1e130b09a507d399438740647147560f339cd2aa60069
RESOLVED_PHYSICAL,0.5,34,0.49999999999999994,1.1102230246251565e-16,0.5987063256829237,0.58203125,0.04332445373196591,False,SUPPORTED,,4ef162320e09086a16f1e130b09a507d399438740647147560f339cd2aa60069
UNRESOLVED_IMAGE,0.5,34,0.5,0.0,0.5987063256829237,0.583984375,0.04332445373196591,False,SUPPORTED,,4ef162320e09086a16f1e130b09a507d399438740647147560f339cd2aa60069
TOTAL_FLUX,0.5,34,0.5000000000000003,6.661338147750939e-16,0.5987063256829238,0.580078125,0.0433244537319659,False,SUPPORTED,,4ef162320e09086a16f1e130b09a507d399438740647147560f339cd2aa60069
DIRECT_PHYSICAL,0.5,35,0.49999999999999994,1.1102230246251565e-16,0.5987063256829237,0.638671875,0.04332445373196591,False,SUPPORTED,,4ef162320e09086a16f1e130b09a507d399438740647147560f339cd2aa60069
RESOLVED_PHYSICAL,0.5,35,0.5000000000000001,2.220446049250313e-16,0.5987063256829237,0.6328125,0.04332445373196591,False,SUPPORTED,,4ef162320e09086a16f1e130b09a507d399438740647147560f339cd2aa60069
UNRESOLVED_IMAGE,0.5,35,0.4999999999999999,2.220446049250313e-16,0.5987063256829237,0.638671875,0.04332445373196591,False,SUPPORTED,,4ef162320e09086a16f1e130b09a507d399438740647147560f339cd2aa60069
TOTAL_FLUX,0.5,35,0.49999999999999994,1.1102230246251565e-16,0.5987063256829237,0.619140625,0.04332445373196591,False,SUPPORTED,,4ef162320e09086a16f1e130b09a507d399438740647147560f339cd2aa60069
DIRECT_PHYSICAL,0.5,36,0.5,0.0,0.5987063256829237,0.58203125,0.04332445373196591,False,SUPPORTED,,4ef162320e09086a16f1e130b09a507d399438740647147560f339cd2aa60069
RESOLVED_PHYSICAL,0.5,36,0.5,0.0,0.5987063256829237,0.552734375,0.04332445373196591,False,SUPPORTED,,4ef162320e09086a16f1e130b09a507d399438740647147560f339cd2aa60069
UNRESOLVED_IMAGE,0.5,36,0.4999999999999999,2.220446049250313e-16,0.5987063256829237,0.60546875,0.04332445373196591,False,SUPPORTED,,4ef162320e09086a16f1e130b09a507d399438740647147560f339cd2aa60069
TOTAL_FLUX,0.5,36,0.49999999999999906,1.887379141862766e-15,0.5987063256829236,0.607421875,0.04332445373196591,False,SUPPORTED,,4ef162320e09086a16f1e130b09a507d399438740647147560f339cd2aa60069
DIRECT_PHYSICAL,0.5,37,0.5000000000000001,2.220446049250313e-16,0.5987063256829237,0.58984375,0.04332445373196591,False,SUPPORTED,,4ef162320e09086a16f1e130b09a507d399438740647147560f339cd2aa60069
RESOLVED_PHYSICAL,0.5,37,0.5,0.0,0.5987063256829237,0.60546875,0.04332445373196591,False,SUPPORTED,,4ef162320e09086a16f1e130b09a507d399438740647147560f339cd2aa60069
UNRESOLVED_IMAGE,0.5,37,0.4999999999999999,2.220446049250313e-16,0.5987063256829237,0.59765625,0.04332445373196591,False,SUPPORTED,,4ef162320e09086a16f1e130b09a507d399438740647147560f339cd2aa60069
TOTAL_FLUX,0.5,37,0.49999999999999983,3.3306690738754696e-16,0.5987063256829237,0.619140625,0.04332445373196591,False,SUPPORTED,,4ef162320e09086a16f1e130b09a507d399438740647147560f339cd2aa60069
DIRECT_PHYSICAL,0.5,38,0.49999999999999994,1.1102230246251565e-16,0.5987063256829237,0.619140625,0.04332445373196591,False,SUPPORTED,,4ef162320e09086a16f1e130b09a507d399438740647147560f339cd2aa60069
RESOLVED_PHYSICAL,0.5,38,0.5000000000000001,2.220446049250313e-16,0.5987063256829237,0.60546875,0.04332445373196591,False,SUPPORTED,,4ef162320e09086a16f1e130b09a507d399438740647147560f339cd2aa60069
UNRESOLVED_IMAGE,0.5,38,0.5,0.0,0.5987063256829237,0.626953125,0.04332445373196591,False,SUPPORTED,,4ef162320e09086a16f1e130b09a507d399438740647147560f339cd2aa60069
TOTAL_FLUX,0.5,38,0.4999999999999998,4.440892098500626e-16,0.5987063256829237,0.603515625,0.04332445373196591,False,SUPPORTED,,4ef162320e09086a16f1e130b09a507d399438740647147560f339cd2aa60069
DIRECT_PHYSICAL,0.5,39,0.4999999999999999,2.220446049250313e-16,0.5987063256829237,0.576171875,0.04332445373196591,False,SUPPORTED,,4ef162320e09086a16f1e130b09a507d399438740647147560f339cd2aa60069
RESOLVED_PHYSICAL,0.5,39,0.49999999999999994,1.1102230246251565e-16,0.5987063256829237,0.58984375,0.04332445373196591,False,SUPPORTED,,4ef162320e09086a16f1e130b09a507d399438740647147560f339cd2aa60069
UNRESOLVED_IMAGE,0.5,39,0.4999999999999999,2.220446049250313e-16,0.5987063256829237,0.59765625,0.04332445373196591,False,SUPPORTED,,4ef162320e09086a16f1e130b09a507d399438740647147560f339cd2aa60069
TOTAL_FLUX,0.5,39,0.4999999999999999,2.220446049250313e-16,0.5987063256829237,0.57421875,0.04332445373196591,False,SUPPORTED,,4ef162320e09086a16f1e130b09a507d399438740647147560f339cd2aa60069
DIRECT_PHYSICAL,0.5,40,0.5,0.0,0.5987063256829237,0.6015625,0.04332445373196591,False,SUPPORTED,,4ef162320e09086a16f1e130b09a507d399438740647147560f339cd2aa60069
RESOLVED_PHYSICAL,0.5,40,0.5,0.0,0.5987063256829237,0.619140625,0.04332445373196591,False,SUPPORTED,,4ef162320e09086a16f1e130b09a507d399438740647147560f339cd2aa60069
UNRESOLVED_IMAGE,0.5,40,0.5,0.0,0.5987063256829237,0.615234375,0.04332445373196591,False,SUPPORTED,,4ef162320e09086a16f1e130b09a507d399438740647147560f339cd2aa60069
TOTAL_FLUX,0.5,40,0.5000000000000002,4.440892098500626e-16,0.5987063256829238,0.595703125,0.0433244537319659,False,SUPPORTED,,4ef162320e09086a16f1e130b09a507d399438740647147560f339cd2aa60069
DIRECT_PHYSICAL,0.5,41,0.5,0.0,0.5987063256829237,0.587890625,0.04332445373196591,False,SUPPORTED,,4ef162320e09086a16f1e130b09a507d399438740647147560f339cd2aa60069
RESOLVED_PHYSICAL,0.5,41,0.5,0.0,0.5987063256829237,0.626953125,0.04332445373196591,False,SUPPORTED,,4ef162320e09086a16f1e130b09a507d399438740647147560f339cd2aa60069
UNRESOLVED_IMAGE,0.5,41,0.5,0.0,0.5987063256829237,0.595703125,0.04332445373196591,False,SUPPORTED,,4ef162320e09086a16f1e130b09a507d399438740647147560f339cd2aa60069
TOTAL_FLUX,0.5,41,0.5000000000000001,2.220446049250313e-16,0.5987063256829237,0.607421875,0.04332445373196591,False,SUPPORTED,,4ef162320e09086a16f1e130b09a507d399438740647147560f339cd2aa60069
DIRECT_PHYSICAL,0.5,42,0.4999999999999999,2.220446049250313e-16,0.5987063256829237,0.59765625,0.04332445373196591,False,SUPPORTED,,4ef162320e09086a16f1e130b09a507d399438740647147560f339cd2aa60069
RESOLVED_PHYSICAL,0.5,42,0.4999999999999999,2.220446049250313e-16,0.5987063256829237,0.591796875,0.04332445373196591,False,SUPPORTED,,4ef162320e09086a16f1e130b09a507d399438740647147560f339cd2aa60069
UNRESOLVED_IMAGE,0.5,42,0.5,0.0,0.5987063256829237,0.56640625,0.04332445373196591,False,SUPPORTED,,4ef162320e09086a16f1e130b09a507d399438740647147560f339cd2aa60069
TOTAL_FLUX,0.5,42,0.5000000000000002,4.440892098500626e-16,0.5987063256829238,0.6171875,0.0433244537319659,False,SUPPORTED,,4ef162320e09086a16f1e130b09a507d399438740647147560f339cd2aa60069
DIRECT_PHYSICAL,0.5,43,0.5,0.0,0.5987063256829237,0.609375,0.04332445373196591,False,SUPPORTED,,4ef162320e09086a16f1e130b09a507d399438740647147560f339cd2aa60069
RESOLVED_PHYSICAL,0.5,43,0.49999999999999994,1.1102230246251565e-16,0.5987063256829237,0.57421875,0.04332445373196591,False,SUPPORTED,,4ef162320e09086a16f1e130b09a507d399438740647147560f339cd2aa60069
UNRESOLVED_IMAGE,0.5,43,0.49999999999999994,1.1102230246251565e-16,0.5987063256829237,0.59375,0.04332445373196591,False,SUPPORTED,,4ef162320e09086a16f1e130b09a507d399438740647147560f339cd2aa60069
TOTAL_FLUX,0.5,43,0.5,0.0,0.5987063256829237,0.591796875,0.04332445373196591,False,SUPPORTED,,4ef162320e09086a16f1e130b09a507d399438740647147560f339cd2aa60069
DIRECT_PHYSICAL,0.5,44,0.5000000000000001,2.220446049250313e-16,0.5987063256829237,0.650390625,0.04332445373196591,True,SUPPORTED,,4ef162320e09086a16f1e130b09a507d399438740647147560f339cd2aa60069
RESOLVED_PHYSICAL,0.5,44,0.5,0.0,0.5987063256829237,0.59375,0.04332445373196591,False,SUPPORTED,,4ef162320e09086a16f1e130b09a507d399438740647147560f339cd2aa60069
UNRESOLVED_IMAGE,0.5,44,0.49999999999999994,1.1102230246251565e-16,0.5987063256829237,0.630859375,0.04332445373196591,False,SUPPORTED,,4ef162320e09086a16f1e130b09a507d399438740647147560f339cd2aa60069
TOTAL_FLUX,0.5,44,0.5000000000000001,2.220446049250313e-16,0.5987063256829237,0.6328125,0.04332445373196591,False,SUPPORTED,,4ef162320e09086a16f1e130b09a507d399438740647147560f339cd2aa60069
DIRECT_PHYSICAL,0.5,45,0.5,0.0,0.5987063256829237,0.587890625,0.04332445373196591,False,SUPPORTED,,4ef162320e09086a16f1e130b09a507d399438740647147560f339cd2aa60069
RESOLVED_PHYSICAL,0.5,45,0.5,0.0,0.5987063256829237,0.578125,0.04332445373196591,False,SUPPORTED,,4ef162320e09086a16f1e130b09a507d399438740647147560f339cd2aa60069
UNRESOLVED_IMAGE,0.5,45,0.4999999999999999,2.220446049250313e-16,0.5987063256829237,0.603515625,0.04332445373196591,False,SUPPORTED,,4ef162320e09086a16f1e130b09a507d399438740647147560f339cd2aa60069
TOTAL_FLUX,0.5,45,0.5000000000000002,4.440892098500626e-16,0.5987063256829238,0.595703125,0.0433244537319659,False,SUPPORTED,,4ef162320e09086a16f1e130b09a507d399438740647147560f339cd2aa60069
DIRECT_PHYSICAL,0.5,46,0.49999999999999994,1.1102230246251565e-16,0.5987063256829237,0.595703125,0.04332445373196591,False,SUPPORTED,,4ef162320e09086a16f1e130b09a507d399438740647147560f339cd2aa60069
RESOLVED_PHYSICAL,0.5,46,0.5,0.0,0.5987063256829237,0.630859375,0.04332445373196591,False,SUPPORTED,,4ef162320e09086a16f1e130b09a507d399438740647147560f339cd2aa60069
UNRESOLVED_IMAGE,0.5,46,0.5,0.0,0.5987063256829237,0.603515625,0.04332445373196591,False,SUPPORTED,,4ef162320e09086a16f1e130b09a507d399438740647147560f339cd2aa60069
TOTAL_FLUX,0.5,46,0.4999999999999999,2.220446049250313e-16,0.5987063256829237,0.6171875,0.04332445373196591,False,SUPPORTED,,4ef162320e09086a16f1e130b09a507d399438740647147560f339cd2aa60069
DIRECT_PHYSICAL,0.5,47,0.5,0.0,0.5987063256829237,0.615234375,0.04332445373196591,False,SUPPORTED,,4ef162320e09086a16f1e130b09a507d399438740647147560f339cd2aa60069
RESOLVED_PHYSICAL,0.5,47,0.49999999999999994,1.1102230246251565e-16,0.5987063256829237,0.65625,0.04332445373196591,True,SUPPORTED,,4ef162320e09086a16f1e130b09a507d399438740647147560f339cd2aa60069
UNRESOLVED_IMAGE,0.5,47,0.5,0.0,0.5987063256829237,0.595703125,0.04332445373196591,False,SUPPORTED,,4ef162320e09086a16f1e130b09a507d399438740647147560f339cd2aa60069
TOTAL_FLUX,0.5,47,0.4999999999999997,5.551115123125783e-16,0.5987063256829237,0.580078125,0.04332445373196591,False,SUPPORTED,,4ef162320e09086a16f1e130b09a507d399438740647147560f339cd2aa60069
DIRECT_PHYSICAL,0.5,48,0.5000000000000001,2.220446049250313e-16,0.5987063256829237,0.580078125,0.04332445373196591,False,SUPPORTED,,4ef162320e09086a16f1e130b09a507d399438740647147560f339cd2aa60069
RESOLVED_PHYSICAL,0.5,48,0.5000000000000001,2.220446049250313e-16,0.5987063256829237,0.560546875,0.04332445373196591,False,SUPPORTED,,4ef162320e09086a16f1e130b09a507d399438740647147560f339cd2aa60069
UNRESOLVED_IMAGE,0.5,48,0.5,0.0,0.5987063256829237,0.6171875,0.04332445373196591,False,SUPPORTED,,4ef162320e09086a16f1e130b09a507d399438740647147560f339cd2aa60069
TOTAL_FLUX,0.5,48,0.49999999999999967,6.661338147750939e-16,0.5987063256829237,0.603515625,0.04332445373196591,False,SUPPORTED,,4ef162320e09086a16f1e130b09a507d399438740647147560f339cd2aa60069
DIRECT_PHYSICAL,0.5,49,0.5000000000000001,2.220446049250313e-16,0.5987063256829237,0.59375,0.04332445373196591,False,SUPPORTED,,4ef162320e09086a16f1e130b09a507d399438740647147560f339cd2aa60069
RESOLVED_PHYSICAL,0.5,49,0.4999999999999999,2.220446049250313e-16,0.5987063256829237,0.630859375,0.04332445373196591,False,SUPPORTED,,4ef162320e09086a16f1e130b09a507d399438740647147560f339cd2aa60069
UNRESOLVED_IMAGE,0.5,49,0.4999999999999999,2.220446049250313e-16,0.5987063256829237,0.580078125,0.04332445373196591,False,SUPPORTED,,4ef162320e09086a16f1e130b09a507d399438740647147560f339cd2aa60069
TOTAL_FLUX,0.5,49,0.4999999999999999,2.220446049250313e-16,0.5987063256829237,0.625,0.04332445373196591,False,SUPPORTED,,4ef162320e09086a16f1e130b09a507d399438740647147560f339cd2aa60069
DIRECT_PHYSICAL,0.5,50,0.5,0.0,0.5987063256829237,0.5859375,0.04332445373196591,False,SUPPORTED,,4ef162320e09086a16f1e130b09a507d399438740647147560f339cd2aa60069
RESOLVED_PHYSICAL,0.5,50,0.49999999999999994,1.1102230246251565e-16,0.5987063256829237,0.583984375,0.04332445373196591,False,SUPPORTED,,4ef162320e09086a16f1e130b09a507d399438740647147560f339cd2aa60069
UNRESOLVED_IMAGE,0.5,50,0.5,0.0,0.5987063256829237,0.61328125,0.04332445373196591,False,SUPPORTED,,4ef162320e09086a16f1e130b09a507d399438740647147560f339cd2aa60069
TOTAL_FLUX,0.5,50,0.5,0.0,0.5987063256829237,0.60546875,0.04332445373196591,False,SUPPORTED,,4ef162320e09086a16f1e130b09a507d399438740647147560f339cd2aa60069
DIRECT_PHYSICAL,0.5,51,0.5,0.0,0.5987063256829237,0.6015625,0.04332445373196591,False,SUPPORTED,,4ef162320e09086a16f1e130b09a507d399438740647147560f339cd2aa60069
RESOLVED_PHYSICAL,0.5,51,0.49999999999999994,1.1102230246251565e-16,0.5987063256829237,0.572265625,0.04332445373196591,False,SUPPORTED,,4ef162320e09086a16f1e130b09a507d399438740647147560f339cd2aa60069
UNRESOLVED_IMAGE,0.5,51,0.5,0.0,0.5987063256829237,0.611328125,0.04332445373196591,False,SUPPORTED,,4ef162320e09086a16f1e130b09a507d399438740647147560f339cd2aa60069
TOTAL_FLUX,0.5,51,0.5000000000000001,2.220446049250313e-16,0.5987063256829237,0.587890625,0.04332445373196591,False,SUPPORTED,,4ef162320e09086a16f1e130b09a507d399438740647147560f339cd2aa60069
DIRECT_PHYSICAL,0.5,52,0.49999999999999994,1.1102230246251565e-16,0.5987063256829237,0.6015625,0.04332445373196591,False,SUPPORTED,,4ef162320e09086a16f1e130b09a507d399438740647147560f339cd2aa60069
RESOLVED_PHYSICAL,0.5,52,0.5000000000000001,2.220446049250313e-16,0.5987063256829237,0.6171875,0.04332445373196591,False,SUPPORTED,,4ef162320e09086a16f1e130b09a507d399438740647147560f339cd2aa60069
UNRESOLVED_IMAGE,0.5,52,0.5,0.0,0.5987063256829237,0.603515625,0.04332445373196591,False,SUPPORTED,,4ef162320e09086a16f1e130b09a507d399438740647147560f339cd2aa60069
TOTAL_FLUX,0.5,52,0.5000000000000003,6.661338147750939e-16,0.5987063256829238,0.6171875,0.0433244537319659,False,SUPPORTED,,4ef162320e09086a16f1e130b09a507d399438740647147560f339cd2aa60069
DIRECT_PHYSICAL,0.5,53,0.5,0.0,0.5987063256829237,0.6015625,0.04332445373196591,False,SUPPORTED,,4ef162320e09086a16f1e130b09a507d399438740647147560f339cd2aa60069
RESOLVED_PHYSICAL,0.5,53,0.5,0.0,0.5987063256829237,0.548828125,0.04332445373196591,False,SUPPORTED,,4ef162320e09086a16f1e130b09a507d399438740647147560f339cd2aa60069
UNRESOLVED_IMAGE,0.5,53,0.5,0.0,0.5987063256829237,0.603515625,0.04332445373196591,False,SUPPORTED,,4ef162320e09086a16f1e130b09a507d399438740647147560f339cd2aa60069
TOTAL_FLUX,0.5,53,0.4999999999999999,2.220446049250313e-16,0.5987063256829237,0.587890625,0.04332445373196591,False,SUPPORTED,,4ef162320e09086a16f1e130b09a507d399438740647147560f339cd2aa60069
DIRECT_PHYSICAL,0.5,54,0.49999999999999994,1.1102230246251565e-16,0.5987063256829237,0.609375,0.04332445373196591,False,SUPPORTED,,4ef162320e09086a16f1e130b09a507d399438740647147560f339cd2aa60069
RESOLVED_PHYSICAL,0.5,54,0.5,0.0,0.5987063256829237,0.587890625,0.04332445373196591,False,SUPPORTED,,4ef162320e09086a16f1e130b09a507d399438740647147560f339cd2aa60069
UNRESOLVED_IMAGE,0.5,54,0.5,0.0,0.5987063256829237,0.609375,0.04332445373196591,False,SUPPORTED,,4ef162320e09086a16f1e130b09a507d399438740647147560f339cd2aa60069
TOTAL_FLUX,0.5,54,0.5,0.0,0.5987063256829237,0.560546875,0.04332445373196591,False,SUPPORTED,,4ef162320e09086a16f1e130b09a507d399438740647147560f339cd2aa60069
DIRECT_PHYSICAL,0.5,55,0.49999999999999994,1.1102230246251565e-16,0.5987063256829237,0.591796875,0.04332445373196591,False,SUPPORTED,,4ef162320e09086a16f1e130b09a507d399438740647147560f339cd2aa60069
RESOLVED_PHYSICAL,0.5,55,0.5,0.0,0.5987063256829237,0.611328125,0.04332445373196591,False,SUPPORTED,,4ef162320e09086a16f1e130b09a507d399438740647147560f339cd2aa60069
UNRESOLVED_IMAGE,0.5,55,0.49999999999999994,1.1102230246251565e-16,0.5987063256829237,0.630859375,0.04332445373196591,False,SUPPORTED,,4ef162320e09086a16f1e130b09a507d399438740647147560f339cd2aa60069
TOTAL_FLUX,0.5,55,0.5,0.0,0.5987063256829237,0.609375,0.04332445373196591,False,SUPPORTED,,4ef162320e09086a16f1e130b09a507d399438740647147560f339cd2aa60069
DIRECT_PHYSICAL,0.5,56,0.5000000000000001,2.220446049250313e-16,0.5987063256829237,0.65234375,0.04332445373196591,True,SUPPORTED,,4ef162320e09086a16f1e130b09a507d399438740647147560f339cd2aa60069
RESOLVED_PHYSICAL,0.5,56,0.49999999999999994,1.1102230246251565e-16,0.5987063256829237,0.5859375,0.04332445373196591,False,SUPPORTED,,4ef162320e09086a16f1e130b09a507d399438740647147560f339cd2aa60069
UNRESOLVED_IMAGE,0.5,56,0.5,0.0,0.5987063256829237,0.60546875,0.04332445373196591,False,SUPPORTED,,4ef162320e09086a16f1e130b09a507d399438740647147560f339cd2aa60069
TOTAL_FLUX,0.5,56,0.4999999999999998,4.440892098500626e-16,0.5987063256829237,0.5859375,0.04332445373196591,False,SUPPORTED,,4ef162320e09086a16f1e130b09a507d399438740647147560f339cd2aa60069
DIRECT_PHYSICAL,0.5,57,0.5,0.0,0.5987063256829237,0.583984375,0.04332445373196591,False,SUPPORTED,,4ef162320e09086a16f1e130b09a507d399438740647147560f339cd2aa60069
RESOLVED_PHYSICAL,0.5,57,0.49999999999999994,1.1102230246251565e-16,0.5987063256829237,0.578125,0.04332445373196591,False,SUPPORTED,,4ef162320e09086a16f1e130b09a507d399438740647147560f339cd2aa60069
UNRESOLVED_IMAGE,0.5,57,0.49999999999999994,1.1102230246251565e-16,0.5987063256829237,0.611328125,0.04332445373196591,False,SUPPORTED,,4ef162320e09086a16f1e130b09a507d399438740647147560f339cd2aa60069
TOTAL_FLUX,0.5,57,0.5000000000000001,2.220446049250313e-16,0.5987063256829237,0.5625,0.04332445373196591,False,SUPPORTED,,4ef162320e09086a16f1e130b09a507d399438740647147560f339cd2aa60069
DIRECT_PHYSICAL,0.5,58,0.5,0.0,0.5987063256829237,0.623046875,0.04332445373196591,False,SUPPORTED,,4ef162320e09086a16f1e130b09a507d399438740647147560f339cd2aa60069
RESOLVED_PHYSICAL,0.5,58,0.4999999999999999,2.220446049250313e-16,0.5987063256829237,0.599609375,0.04332445373196591,False,SUPPORTED,,4ef162320e09086a16f1e130b09a507d399438740647147560f339cd2aa60069
UNRESOLVED_IMAGE,0.5,58,0.49999999999999994,1.1102230246251565e-16,0.5987063256829237,0.59375,0.04332445373196591,False,SUPPORTED,,4ef162320e09086a16f1e130b09a507d399438740647147560f339cd2aa60069
TOTAL_FLUX,0.5,58,0.4999999999999999,2.220446049250313e-16,0.5987063256829237,0.599609375,0.04332445373196591,False,SUPPORTED,,4ef162320e09086a16f1e130b09a507d399438740647147560f339cd2aa60069
DIRECT_PHYSICAL,0.5,59,0.49999999999999994,1.1102230246251565e-16,0.5987063256829237,0.61328125,0.04332445373196591,False,SUPPORTED,,4ef162320e09086a16f1e130b09a507d399438740647147560f339cd2aa60069
RESOLVED_PHYSICAL,0.5,59,0.5,0.0,0.5987063256829237,0.6015625,0.04332445373196591,False,SUPPORTED,,4ef162320e09086a16f1e130b09a507d399438740647147560f339cd2aa60069
UNRESOLVED_IMAGE,0.5,59,0.5,0.0,0.5987063256829237,0.564453125,0.04332445373196591,False,SUPPORTED,,4ef162320e09086a16f1e130b09a507d399438740647147560f339cd2aa60069
TOTAL_FLUX,0.5,59,0.5,0.0,0.5987063256829237,0.619140625,0.04332445373196591,False,SUPPORTED,,4ef162320e09086a16f1e130b09a507d399438740647147560f339cd2aa60069
DIRECT_PHYSICAL,0.5,60,0.5000000000000001,2.220446049250313e-16,0.5987063256829237,0.607421875,0.04332445373196591,False,SUPPORTED,,4ef162320e09086a16f1e130b09a507d399438740647147560f339cd2aa60069
RESOLVED_PHYSICAL,0.5,60,0.5,0.0,0.5987063256829237,0.626953125,0.04332445373196591,False,SUPPORTED,,4ef162320e09086a16f1e130b09a507d399438740647147560f339cd2aa60069
UNRESOLVED_IMAGE,0.5,60,0.5,0.0,0.5987063256829237,0.611328125,0.04332445373196591,False,SUPPORTED,,4ef162320e09086a16f1e130b09a507d399438740647147560f339cd2aa60069
TOTAL_FLUX,0.5,60,0.5000000000000001,2.220446049250313e-16,0.5987063256829237,0.603515625,0.04332445373196591,False,SUPPORTED,,4ef162320e09086a16f1e130b09a507d399438740647147560f339cd2aa60069
DIRECT_PHYSICAL,0.5,61,0.5,0.0,0.5987063256829237,0.619140625,0.04332445373196591,False,SUPPORTED,,4ef162320e09086a16f1e130b09a507d399438740647147560f339cd2aa60069
RESOLVED_PHYSICAL,0.5,61,0.49999999999999994,1.1102230246251565e-16,0.5987063256829237,0.591796875,0.04332445373196591,False,SUPPORTED,,4ef162320e09086a16f1e130b09a507d399438740647147560f339cd2aa60069
UNRESOLVED_IMAGE,0.5,61,0.5,0.0,0.5987063256829237,0.59375,0.04332445373196591,False,SUPPORTED,,4ef162320e09086a16f1e130b09a507d399438740647147560f339cd2aa60069
TOTAL_FLUX,0.5,61,0.5,0.0,0.5987063256829237,0.595703125,0.04332445373196591,False,SUPPORTED,,4ef162320e09086a16f1e130b09a507d399438740647147560f339cd2aa60069
DIRECT_PHYSICAL,0.5,62,0.49999999999999994,1.1102230246251565e-16,0.5987063256829237,0.615234375,0.04332445373196591,False,SUPPORTED,,4ef162320e09086a16f1e130b09a507d399438740647147560f339cd2aa60069
RESOLVED_PHYSICAL,0.5,62,0.4999999999999999,2.220446049250313e-16,0.5987063256829237,0.59375,0.04332445373196591,False,SUPPORTED,,4ef162320e09086a16f1e130b09a507d399438740647147560f339cd2aa60069
UNRESOLVED_IMAGE,0.5,62,0.5,0.0,0.5987063256829237,0.599609375,0.04332445373196591,False,SUPPORTED,,4ef162320e09086a16f1e130b09a507d399438740647147560f339cd2aa60069
TOTAL_FLUX,0.5,62,0.49999999999999994,1.1102230246251565e-16,0.5987063256829237,0.587890625,0.04332445373196591,False,SUPPORTED,,4ef162320e09086a16f1e130b09a507d399438740647147560f339cd2aa60069
DIRECT_PHYSICAL,0.5,63,0.5000000000000001,2.220446049250313e-16,0.5987063256829237,0.619140625,0.04332445373196591,False,SUPPORTED,,4ef162320e09086a16f1e130b09a507d399438740647147560f339cd2aa60069
RESOLVED_PHYSICAL,0.5,63,0.5,0.0,0.5987063256829237,0.560546875,0.04332445373196591,False,SUPPORTED,,4ef162320e09086a16f1e130b09a507d399438740647147560f339cd2aa60069
UNRESOLVED_IMAGE,0.5,63,0.49999999999999994,1.1102230246251565e-16,0.5987063256829237,0.61328125,0.04332445373196591,False,SUPPORTED,,4ef162320e09086a16f1e130b09a507d399438740647147560f339cd2aa60069
TOTAL_FLUX,0.5,63,0.4999999999999997,5.551115123125783e-16,0.5987063256829237,0.619140625,0.04332445373196591,False,SUPPORTED,,4ef162320e09086a16f1e130b09a507d399438740647147560f339cd2aa60069
DIRECT_PHYSICAL,0.5,64,0.5,0.0,0.5987063256829237,0.603515625,0.04332445373196591,False,SUPPORTED,,4ef162320e09086a16f1e130b09a507d399438740647147560f339cd2aa60069
RESOLVED_PHYSICAL,0.5,64,0.49999999999999994,1.1102230246251565e-16,0.5987063256829237,0.57421875,0.04332445373196591,False,SUPPORTED,,4ef162320e09086a16f1e130b09a507d399438740647147560f339cd2aa60069
UNRESOLVED_IMAGE,0.5,64,0.49999999999999994,1.1102230246251565e-16,0.5987063256829237,0.595703125,0.04332445373196591,False,SUPPORTED,,4ef162320e09086a16f1e130b09a507d399438740647147560f339cd2aa60069
TOTAL_FLUX,0.5,64,0.5,0.0,0.5987063256829237,0.607421875,0.04332445373196591,False,SUPPORTED,,4ef162320e09086a16f1e130b09a507d399438740647147560f339cd2aa60069
DIRECT_PHYSICAL,0.5,65,0.4999999999999999,2.220446049250313e-16,0.5987063256829237,0.5859375,0.04332445373196591,False,SUPPORTED,,4ef162320e09086a16f1e130b09a507d399438740647147560f339cd2aa60069
RESOLVED_PHYSICAL,0.5,65,0.49999999999999994,1.1102230246251565e-16,0.5987063256829237,0.607421875,0.04332445373196591,False,SUPPORTED,,4ef162320e09086a16f1e130b09a507d399438740647147560f339cd2aa60069
UNRESOLVED_IMAGE,0.5,65,0.49999999999999994,1.1102230246251565e-16,0.5987063256829237,0.58984375,0.04332445373196591,False,SUPPORTED,,4ef162320e09086a16f1e130b09a507d399438740647147560f339cd2aa60069
TOTAL_FLUX,0.5,65,0.5000000000000002,4.440892098500626e-16,0.5987063256829238,0.599609375,0.0433244537319659,False,SUPPORTED,,4ef162320e09086a16f1e130b09a507d399438740647147560f339cd2aa60069
DIRECT_PHYSICAL,0.5,66,0.49999999999999994,1.1102230246251565e-16,0.5987063256829237,0.578125,0.04332445373196591,False,SUPPORTED,,4ef162320e09086a16f1e130b09a507d399438740647147560f339cd2aa60069
RESOLVED_PHYSICAL,0.5,66,0.4999999999999999,2.220446049250313e-16,0.5987063256829237,0.59765625,0.04332445373196591,False,SUPPORTED,,4ef162320e09086a16f1e130b09a507d399438740647147560f339cd2aa60069
UNRESOLVED_IMAGE,0.5,66,0.5,0.0,0.5987063256829237,0.630859375,0.04332445373196591,False,SUPPORTED,,4ef162320e09086a16f1e130b09a507d399438740647147560f339cd2aa60069
TOTAL_FLUX,0.5,66,0.4999999999999999,2.220446049250313e-16,0.5987063256829237,0.564453125,0.04332445373196591,False,SUPPORTED,,4ef162320e09086a16f1e130b09a507d399438740647147560f339cd2aa60069
DIRECT_PHYSICAL,0.5,67,0.5,0.0,0.5987063256829237,0.6328125,0.04332445373196591,False,SUPPORTED,,4ef162320e09086a16f1e130b09a507d399438740647147560f339cd2aa60069
RESOLVED_PHYSICAL,0.5,67,0.49999999999999994,1.1102230246251565e-16,0.5987063256829237,0.583984375,0.04332445373196591,False,SUPPORTED,,4ef162320e09086a16f1e130b09a507d399438740647147560f339cd2aa60069
UNRESOLVED_IMAGE,0.5,67,0.5,0.0,0.5987063256829237,0.619140625,0.04332445373196591,False,SUPPORTED,,4ef162320e09086a16f1e130b09a507d399438740647147560f339cd2aa60069
TOTAL_FLUX,0.5,67,0.5000000000000002,4.440892098500626e-16,0.5987063256829238,0.6171875,0.0433244537319659,False,SUPPORTED,,4ef162320e09086a16f1e130b09a507d399438740647147560f339cd2aa60069
DIRECT_PHYSICAL,0.5,68,0.5,0.0,0.5987063256829237,0.611328125,0.04332445373196591,False,SUPPORTED,,4ef162320e09086a16f1e130b09a507d399438740647147560f339cd2aa60069
RESOLVED_PHYSICAL,0.5,68,0.5000000000000001,2.220446049250313e-16,0.5987063256829237,0.60546875,0.04332445373196591,False,SUPPORTED,,4ef162320e09086a16f1e130b09a507d399438740647147560f339cd2aa60069
UNRESOLVED_IMAGE,0.5,68,0.49999999999999994,1.1102230246251565e-16,0.5987063256829237,0.609375,0.04332445373196591,False,SUPPORTED,,4ef162320e09086a16f1e130b09a507d399438740647147560f339cd2aa60069
TOTAL_FLUX,0.5,68,0.49999999999999994,1.1102230246251565e-16,0.5987063256829237,0.609375,0.04332445373196591,False,SUPPORTED,,4ef162320e09086a16f1e130b09a507d399438740647147560f339cd2aa60069
DIRECT_PHYSICAL,0.5,69,0.49999999999999994,1.1102230246251565e-16,0.5987063256829237,0.5859375,0.04332445373196591,False,SUPPORTED,,4ef162320e09086a16f1e130b09a507d399438740647147560f339cd2aa60069
RESOLVED_PHYSICAL,0.5,69,0.49999999999999994,1.1102230246251565e-16,0.5987063256829237,0.638671875,0.04332445373196591,False,SUPPORTED,,4ef162320e09086a16f1e130b09a507d399438740647147560f339cd2aa60069
UNRESOLVED_IMAGE,0.5,69,0.5,0.0,0.5987063256829237,0.59375,0.04332445373196591,False,SUPPORTED,,4ef162320e09086a16f1e130b09a507d399438740647147560f339cd2aa60069
TOTAL_FLUX,0.5,69,0.4999999999999996,7.771561172376096e-16,0.5987063256829237,0.623046875,0.04332445373196591,False,SUPPORTED,,4ef162320e09086a16f1e130b09a507d399438740647147560f339cd2aa60069
DIRECT_PHYSICAL,0.5,70,0.5,0.0,0.5987063256829237,0.611328125,0.04332445373196591,False,SUPPORTED,,4ef162320e09086a16f1e130b09a507d399438740647147560f339cd2aa60069
RESOLVED_PHYSICAL,0.5,70,0.4999999999999999,2.220446049250313e-16,0.5987063256829237,0.5859375,0.04332445373196591,False,SUPPORTED,,4ef162320e09086a16f1e130b09a507d399438740647147560f339cd2aa60069
UNRESOLVED_IMAGE,0.5,70,0.5000000000000001,2.220446049250313e-16,0.5987063256829237,0.572265625,0.04332445373196591,False,SUPPORTED,,4ef162320e09086a16f1e130b09a507d399438740647147560f339cd2aa60069
TOTAL_FLUX,0.5,70,0.5000000000000003,6.661338147750939e-16,0.5987063256829238,0.615234375,0.0433244537319659,False,SUPPORTED,,4ef162320e09086a16f1e130b09a507d399438740647147560f339cd2aa60069
DIRECT_PHYSICAL,0.5,71,0.5,0.0,0.5987063256829237,0.611328125,0.04332445373196591,False,SUPPORTED,,4ef162320e09086a16f1e130b09a507d399438740647147560f339cd2aa60069
RESOLVED_PHYSICAL,0.5,71,0.5,0.0,0.5987063256829237,0.60546875,0.04332445373196591,False,SUPPORTED,,4ef162320e09086a16f1e130b09a507d399438740647147560f339cd2aa60069
UNRESOLVED_IMAGE,0.5,71,0.5,0.0,0.5987063256829237,0.607421875,0.04332445373196591,False,SUPPORTED,,4ef162320e09086a16f1e130b09a507d399438740647147560f339cd2aa60069
TOTAL_FLUX,0.5,71,0.5000000000000001,2.220446049250313e-16,0.5987063256829237,0.615234375,0.04332445373196591,False,SUPPORTED,,4ef162320e09086a16f1e130b09a507d399438740647147560f339cd2aa60069
DIRECT_PHYSICAL,0.5,72,0.5,0.0,0.5987063256829237,0.59375,0.04332445373196591,False,SUPPORTED,,4ef162320e09086a16f1e130b09a507d399438740647147560f339cd2aa60069
RESOLVED_PHYSICAL,0.5,72,0.5,0.0,0.5987063256829237,0.6015625,0.04332445373196591,False,SUPPORTED,,4ef162320e09086a16f1e130b09a507d399438740647147560f339cd2aa60069
UNRESOLVED_IMAGE,0.5,72,0.4999999999999999,2.220446049250313e-16,0.5987063256829237,0.6015625,0.04332445373196591,False,SUPPORTED,,4ef162320e09086a16f1e130b09a507d399438740647147560f339cd2aa60069
TOTAL_FLUX,0.5,72,0.49999999999999994,1.1102230246251565e-16,0.5987063256829237,0.61328125,0.04332445373196591,False,SUPPORTED,,4ef162320e09086a16f1e130b09a507d399438740647147560f339cd2aa60069
DIRECT_PHYSICAL,0.5,73,0.5000000000000001,2.220446049250313e-16,0.5987063256829237,0.59375,0.04332445373196591,False,SUPPORTED,,4ef162320e09086a16f1e130b09a507d399438740647147560f339cd2aa60069
RESOLVED_PHYSICAL,0.5,73,0.49999999999999994,1.1102230246251565e-16,0.5987063256829237,0.59765625,0.04332445373196591,False,SUPPORTED,,4ef162320e09086a16f1e130b09a507d399438740647147560f339cd2aa60069
UNRESOLVED_IMAGE,0.5,73,0.5,0.0,0.5987063256829237,0.55078125,0.04332445373196591,False,SUPPORTED,,4ef162320e09086a16f1e130b09a507d399438740647147560f339cd2aa60069
TOTAL_FLUX,0.5,73,0.49999999999999983,3.3306690738754696e-16,0.5987063256829237,0.6328125,0.04332445373196591,False,SUPPORTED,,4ef162320e09086a16f1e130b09a507d399438740647147560f339cd2aa60069
DIRECT_PHYSICAL,0.5,74,0.5,0.0,0.5987063256829237,0.591796875,0.04332445373196591,False,SUPPORTED,,4ef162320e09086a16f1e130b09a507d399438740647147560f339cd2aa60069
RESOLVED_PHYSICAL,0.5,74,0.5000000000000001,2.220446049250313e-16,0.5987063256829237,0.61328125,0.04332445373196591,False,SUPPORTED,,4ef162320e09086a16f1e130b09a507d399438740647147560f339cd2aa60069
UNRESOLVED_IMAGE,0.5,74,0.4999999999999999,2.220446049250313e-16,0.5987063256829237,0.6484375,0.04332445373196591,True,SUPPORTED,,4ef162320e09086a16f1e130b09a507d399438740647147560f339cd2aa60069
TOTAL_FLUX,0.5,74,0.4999999999999999,2.220446049250313e-16,0.5987063256829237,0.560546875,0.04332445373196591,False,SUPPORTED,,4ef162320e09086a16f1e130b09a507d399438740647147560f339cd2aa60069
DIRECT_PHYSICAL,0.5,75,0.5,0.0,0.5987063256829237,0.583984375,0.04332445373196591,False,SUPPORTED,,4ef162320e09086a16f1e130b09a507d399438740647147560f339cd2aa60069
RESOLVED_PHYSICAL,0.5,75,0.5000000000000001,2.220446049250313e-16,0.5987063256829237,0.57421875,0.04332445373196591,False,SUPPORTED,,4ef162320e09086a16f1e130b09a507d399438740647147560f339cd2aa60069
UNRESOLVED_IMAGE,0.5,75,0.5000000000000001,2.220446049250313e-16,0.5987063256829237,0.599609375,0.04332445373196591,False,SUPPORTED,,4ef162320e09086a16f1e130b09a507d399438740647147560f339cd2aa60069
TOTAL_FLUX,0.5,75,0.49999999999999967,6.661338147750939e-16,0.5987063256829237,0.57421875,0.04332445373196591,False,SUPPORTED,,4ef162320e09086a16f1e130b09a507d399438740647147560f339cd2aa60069
DIRECT_PHYSICAL,0.5,76,0.49999999999999994,1.1102230246251565e-16,0.5987063256829237,0.58984375,0.04332445373196591,False,SUPPORTED,,4ef162320e09086a16f1e130b09a507d399438740647147560f339cd2aa60069
RESOLVED_PHYSICAL,0.5,76,0.49999999999999994,1.1102230246251565e-16,0.5987063256829237,0.623046875,0.04332445373196591,False,SUPPORTED,,4ef162320e09086a16f1e130b09a507d399438740647147560f339cd2aa60069
UNRESOLVED_IMAGE,0.5,76,0.49999999999999994,1.1102230246251565e-16,0.5987063256829237,0.611328125,0.04332445373196591,False,SUPPORTED,,4ef162320e09086a16f1e130b09a507d399438740647147560f339cd2aa60069
TOTAL_FLUX,0.5,76,0.5000000000000002,4.440892098500626e-16,0.5987063256829238,0.623046875,0.0433244537319659,False,SUPPORTED,,4ef162320e09086a16f1e130b09a507d399438740647147560f339cd2aa60069
DIRECT_PHYSICAL,0.5,77,0.49999999999999994,1.1102230246251565e-16,0.5987063256829237,0.626953125,0.04332445373196591,False,SUPPORTED,,4ef162320e09086a16f1e130b09a507d399438740647147560f339cd2aa60069
RESOLVED_PHYSICAL,0.5,77,0.5,0.0,0.5987063256829237,0.6328125,0.04332445373196591,False,SUPPORTED,,4ef162320e09086a16f1e130b09a507d399438740647147560f339cd2aa60069
UNRESOLVED_IMAGE,0.5,77,0.5000000000000001,2.220446049250313e-16,0.5987063256829237,0.552734375,0.04332445373196591,False,SUPPORTED,,4ef162320e09086a16f1e130b09a507d399438740647147560f339cd2aa60069
TOTAL_FLUX,0.5,77,0.4999999999999999,2.220446049250313e-16,0.5987063256829237,0.5703125,0.04332445373196591,False,SUPPORTED,,4ef162320e09086a16f1e130b09a507d399438740647147560f339cd2aa60069
DIRECT_PHYSICAL,0.5,78,0.5000000000000001,2.220446049250313e-16,0.5987063256829237,0.611328125,0.04332445373196591,False,SUPPORTED,,4ef162320e09086a16f1e130b09a507d399438740647147560f339cd2aa60069
RESOLVED_PHYSICAL,0.5,78,0.5,0.0,0.5987063256829237,0.609375,0.04332445373196591,False,SUPPORTED,,4ef162320e09086a16f1e130b09a507d399438740647147560f339cd2aa60069
UNRESOLVED_IMAGE,0.5,78,0.5,0.0,0.5987063256829237,0.619140625,0.04332445373196591,False,SUPPORTED,,4ef162320e09086a16f1e130b09a507d399438740647147560f339cd2aa60069
TOTAL_FLUX,0.5,78,0.5,0.0,0.5987063256829237,0.57421875,0.04332445373196591,False,SUPPORTED,,4ef162320e09086a16f1e130b09a507d399438740647147560f339cd2aa60069
DIRECT_PHYSICAL,0.5,79,0.4999999999999999,2.220446049250313e-16,0.5987063256829237,0.642578125,0.04332445373196591,True,SUPPORTED,,4ef162320e09086a16f1e130b09a507d399438740647147560f339cd2aa60069
RESOLVED_PHYSICAL,0.5,79,0.5000000000000001,2.220446049250313e-16,0.5987063256829237,0.56640625,0.04332445373196591,False,SUPPORTED,,4ef162320e09086a16f1e130b09a507d399438740647147560f339cd2aa60069
UNRESOLVED_IMAGE,0.5,79,0.5000000000000002,4.440892098500626e-16,0.5987063256829238,0.61328125,0.0433244537319659,False,SUPPORTED,,4ef162320e09086a16f1e130b09a507d399438740647147560f339cd2aa60069
TOTAL_FLUX,0.5,79,0.5,0.0,0.5987063256829237,0.615234375,0.04332445373196591,False,SUPPORTED,,4ef162320e09086a16f1e130b09a507d399438740647147560f339cd2aa60069
DIRECT_PHYSICAL,0.5,80,0.5,0.0,0.5987063256829237,0.6171875,0.04332445373196591,False,SUPPORTED,,4ef162320e09086a16f1e130b09a507d399438740647147560f339cd2aa60069
RESOLVED_PHYSICAL,0.5,80,0.5,0.0,0.5987063256829237,0.603515625,0.04332445373196591,False,SUPPORTED,,4ef162320e09086a16f1e130b09a507d399438740647147560f339cd2aa60069
UNRESOLVED_IMAGE,0.5,80,0.5,0.0,0.5987063256829237,0.6015625,0.04332445373196591,False,SUPPORTED,,4ef162320e09086a16f1e130b09a507d399438740647147560f339cd2aa60069
TOTAL_FLUX,0.5,80,0.5000000000000003,6.661338147750939e-16,0.5987063256829238,0.580078125,0.0433244537319659,False,SUPPORTED,,4ef162320e09086a16f1e130b09a507d399438740647147560f339cd2aa60069
DIRECT_PHYSICAL,0.5,81,0.5000000000000001,2.220446049250313e-16,0.5987063256829237,0.611328125,0.04332445373196591,False,SUPPORTED,,4ef162320e09086a16f1e130b09a507d399438740647147560f339cd2aa60069
RESOLVED_PHYSICAL,0.5,81,0.5,0.0,0.5987063256829237,0.603515625,0.04332445373196591,False,SUPPORTED,,4ef162320e09086a16f1e130b09a507d399438740647147560f339cd2aa60069
UNRESOLVED_IMAGE,0.5,81,0.5000000000000001,2.220446049250313e-16,0.5987063256829237,0.59375,0.04332445373196591,False,SUPPORTED,,4ef162320e09086a16f1e130b09a507d399438740647147560f339cd2aa60069
TOTAL_FLUX,0.5,81,0.5,0.0,0.5987063256829237,0.615234375,0.04332445373196591,False,SUPPORTED,,4ef162320e09086a16f1e130b09a507d399438740647147560f339cd2aa60069
DIRECT_PHYSICAL,0.5,82,0.49999999999999994,1.1102230246251565e-16,0.5987063256829237,0.58203125,0.04332445373196591,False,SUPPORTED,,4ef162320e09086a16f1e130b09a507d399438740647147560f339cd2aa60069
RESOLVED_PHYSICAL,0.5,82,0.5000000000000001,2.220446049250313e-16,0.5987063256829237,0.55859375,0.04332445373196591,False,SUPPORTED,,4ef162320e09086a16f1e130b09a507d399438740647147560f339cd2aa60069
UNRESOLVED_IMAGE,0.5,82,0.5,0.0,0.5987063256829237,0.580078125,0.04332445373196591,False,SUPPORTED,,4ef162320e09086a16f1e130b09a507d399438740647147560f339cd2aa60069
TOTAL_FLUX,0.5,82,0.4999999999999999,2.220446049250313e-16,0.5987063256829237,0.599609375,0.04332445373196591,False,SUPPORTED,,4ef162320e09086a16f1e130b09a507d399438740647147560f339cd2aa60069
DIRECT_PHYSICAL,0.5,83,0.5,0.0,0.5987063256829237,0.5546875,0.04332445373196591,False,SUPPORTED,,4ef162320e09086a16f1e130b09a507d399438740647147560f339cd2aa60069
RESOLVED_PHYSICAL,0.5,83,0.4999999999999999,2.220446049250313e-16,0.5987063256829237,0.623046875,0.04332445373196591,False,SUPPORTED,,4ef162320e09086a16f1e130b09a507d399438740647147560f339cd2aa60069
UNRESOLVED_IMAGE,0.5,83,0.5000000000000001,2.220446049250313e-16,0.5987063256829237,0.591796875,0.04332445373196591,False,SUPPORTED,,4ef162320e09086a16f1e130b09a507d399438740647147560f339cd2aa60069
TOTAL_FLUX,0.5,83,0.5000000000000001,2.220446049250313e-16,0.5987063256829237,0.623046875,0.04332445373196591,False,SUPPORTED,,4ef162320e09086a16f1e130b09a507d399438740647147560f339cd2aa60069
DIRECT_PHYSICAL,0.5,84,0.5,0.0,0.5987063256829237,0.603515625,0.04332445373196591,False,SUPPORTED,,4ef162320e09086a16f1e130b09a507d399438740647147560f339cd2aa60069
RESOLVED_PHYSICAL,0.5,84,0.5,0.0,0.5987063256829237,0.587890625,0.04332445373196591,False,SUPPORTED,,4ef162320e09086a16f1e130b09a507d399438740647147560f339cd2aa60069
UNRESOLVED_IMAGE,0.5,84,0.49999999999999994,1.1102230246251565e-16,0.5987063256829237,0.595703125,0.04332445373196591,False,SUPPORTED,,4ef162320e09086a16f1e130b09a507d399438740647147560f339cd2aa60069
TOTAL_FLUX,0.5,84,0.5,0.0,0.5987063256829237,0.59375,0.04332445373196591,False,SUPPORTED,,4ef162320e09086a16f1e130b09a507d399438740647147560f339cd2aa60069
DIRECT_PHYSICAL,0.5,85,0.4999999999999999,2.220446049250313e-16,0.5987063256829237,0.55859375,0.04332445373196591,False,SUPPORTED,,4ef162320e09086a16f1e130b09a507d399438740647147560f339cd2aa60069
RESOLVED_PHYSICAL,0.5,85,0.5,0.0,0.5987063256829237,0.607421875,0.04332445373196591,False,SUPPORTED,,4ef162320e09086a16f1e130b09a507d399438740647147560f339cd2aa60069
UNRESOLVED_IMAGE,0.5,85,0.49999999999999994,1.1102230246251565e-16,0.5987063256829237,0.591796875,0.04332445373196591,False,SUPPORTED,,4ef162320e09086a16f1e130b09a507d399438740647147560f339cd2aa60069
TOTAL_FLUX,0.5,85,0.49999999999999956,8.881784197001252e-16,0.5987063256829237,0.61328125,0.04332445373196591,False,SUPPORTED,,4ef162320e09086a16f1e130b09a507d399438740647147560f339cd2aa60069
DIRECT_PHYSICAL,0.5,86,0.49999999999999994,1.1102230246251565e-16,0.5987063256829237,0.61328125,0.04332445373196591,False,SUPPORTED,,4ef162320e09086a16f1e130b09a507d399438740647147560f339cd2aa60069
RESOLVED_PHYSICAL,0.5,86,0.5,0.0,0.5987063256829237,0.58203125,0.04332445373196591,False,SUPPORTED,,4ef162320e09086a16f1e130b09a507d399438740647147560f339cd2aa60069
UNRESOLVED_IMAGE,0.5,86,0.49999999999999994,1.1102230246251565e-16,0.5987063256829237,0.59375,0.04332445373196591,False,SUPPORTED,,4ef162320e09086a16f1e130b09a507d399438740647147560f339cd2aa60069
TOTAL_FLUX,0.5,86,0.5,0.0,0.5987063256829237,0.591796875,0.04332445373196591,False,SUPPORTED,,4ef162320e09086a16f1e130b09a507d399438740647147560f339cd2aa60069
DIRECT_PHYSICAL,0.5,87,0.5000000000000001,2.220446049250313e-16,0.5987063256829237,0.607421875,0.04332445373196591,False,SUPPORTED,,4ef162320e09086a16f1e130b09a507d399438740647147560f339cd2aa60069
RESOLVED_PHYSICAL,0.5,87,0.5,0.0,0.5987063256829237,0.603515625,0.04332445373196591,False,SUPPORTED,,4ef162320e09086a16f1e130b09a507d399438740647147560f339cd2aa60069
UNRESOLVED_IMAGE,0.5,87,0.5,0.0,0.5987063256829237,0.642578125,0.04332445373196591,True,SUPPORTED,,4ef162320e09086a16f1e130b09a507d399438740647147560f339cd2aa60069
TOTAL_FLUX,0.5,87,0.5,0.0,0.5987063256829237,0.658203125,0.04332445373196591,True,SUPPORTED,,4ef162320e09086a16f1e130b09a507d399438740647147560f339cd2aa60069
DIRECT_PHYSICAL,0.5,88,0.5,0.0,0.5987063256829237,0.599609375,0.04332445373196591,False,SUPPORTED,,4ef162320e09086a16f1e130b09a507d399438740647147560f339cd2aa60069
RESOLVED_PHYSICAL,0.5,88,0.5,0.0,0.5987063256829237,0.583984375,0.04332445373196591,False,SUPPORTED,,4ef162320e09086a16f1e130b09a507d399438740647147560f339cd2aa60069
UNRESOLVED_IMAGE,0.5,88,0.49999999999999994,1.1102230246251565e-16,0.5987063256829237,0.587890625,0.04332445373196591,False,SUPPORTED,,4ef162320e09086a16f1e130b09a507d399438740647147560f339cd2aa60069
TOTAL_FLUX,0.5,88,0.5,0.0,0.5987063256829237,0.56640625,0.04332445373196591,False,SUPPORTED,,4ef162320e09086a16f1e130b09a507d399438740647147560f339cd2aa60069
DIRECT_PHYSICAL,0.5,89,0.49999999999999994,1.1102230246251565e-16,0.5987063256829237,0.60546875,0.04332445373196591,False,SUPPORTED,,4ef162320e09086a16f1e130b09a507d399438740647147560f339cd2aa60069
RESOLVED_PHYSICAL,0.5,89,0.4999999999999999,2.220446049250313e-16,0.5987063256829237,0.568359375,0.04332445373196591,False,SUPPORTED,,4ef162320e09086a16f1e130b09a507d399438740647147560f339cd2aa60069
UNRESOLVED_IMAGE,0.5,89,0.49999999999999994,1.1102230246251565e-16,0.5987063256829237,0.619140625,0.04332445373196591,False,SUPPORTED,,4ef162320e09086a16f1e130b09a507d399438740647147560f339cd2aa60069
TOTAL_FLUX,0.5,89,0.5,0.0,0.5987063256829237,0.609375,0.04332445373196591,False,SUPPORTED,,4ef162320e09086a16f1e130b09a507d399438740647147560f339cd2aa60069
DIRECT_PHYSICAL,0.5,90,0.5,0.0,0.5987063256829237,0.556640625,0.04332445373196591,False,SUPPORTED,,4ef162320e09086a16f1e130b09a507d399438740647147560f339cd2aa60069
RESOLVED_PHYSICAL,0.5,90,0.49999999999999994,1.1102230246251565e-16,0.5987063256829237,0.625,0.04332445373196591,False,SUPPORTED,,4ef162320e09086a16f1e130b09a507d399438740647147560f339cd2aa60069
UNRESOLVED_IMAGE,0.5,90,0.49999999999999983,3.3306690738754696e-16,0.5987063256829237,0.578125,0.04332445373196591,False,SUPPORTED,,4ef162320e09086a16f1e130b09a507d399438740647147560f339cd2aa60069
TOTAL_FLUX,0.5,90,0.5,0.0,0.5987063256829237,0.62890625,0.04332445373196591,False,SUPPORTED,,4ef162320e09086a16f1e130b09a507d399438740647147560f339cd2aa60069
DIRECT_PHYSICAL,0.5,91,0.5,0.0,0.5987063256829237,0.62109375,0.04332445373196591,False,SUPPORTED,,4ef162320e09086a16f1e130b09a507d399438740647147560f339cd2aa60069
RESOLVED_PHYSICAL,0.5,91,0.49999999999999994,1.1102230246251565e-16,0.5987063256829237,0.6171875,0.04332445373196591,False,SUPPORTED,,4ef162320e09086a16f1e130b09a507d399438740647147560f339cd2aa60069
UNRESOLVED_IMAGE,0.5,91,0.5,0.0,0.5987063256829237,0.591796875,0.04332445373196591,False,SUPPORTED,,4ef162320e09086a16f1e130b09a507d399438740647147560f339cd2aa60069
TOTAL_FLUX,0.5,91,0.5,0.0,0.5987063256829237,0.626953125,0.04332445373196591,False,SUPPORTED,,4ef162320e09086a16f1e130b09a507d399438740647147560f339cd2aa60069
DIRECT_PHYSICAL,0.5,92,0.49999999999999994,1.1102230246251565e-16,0.5987063256829237,0.626953125,0.04332445373196591,False,SUPPORTED,,4ef162320e09086a16f1e130b09a507d399438740647147560f339cd2aa60069
RESOLVED_PHYSICAL,0.5,92,0.5,0.0,0.5987063256829237,0.626953125,0.04332445373196591,False,SUPPORTED,,4ef162320e09086a16f1e130b09a507d399438740647147560f339cd2aa60069
UNRESOLVED_IMAGE,0.5,92,0.5000000000000001,2.220446049250313e-16,0.5987063256829237,0.623046875,0.04332445373196591,False,SUPPORTED,,4ef162320e09086a16f1e130b09a507d399438740647147560f339cd2aa60069
TOTAL_FLUX,0.5,92,0.4999999999999999,2.220446049250313e-16,0.5987063256829237,0.5703125,0.04332445373196591,False,SUPPORTED,,4ef162320e09086a16f1e130b09a507d399438740647147560f339cd2aa60069
DIRECT_PHYSICAL,0.5,93,0.5,0.0,0.5987063256829237,0.607421875,0.04332445373196591,False,SUPPORTED,,4ef162320e09086a16f1e130b09a507d399438740647147560f339cd2aa60069
RESOLVED_PHYSICAL,0.5,93,0.5,0.0,0.5987063256829237,0.623046875,0.04332445373196591,False,SUPPORTED,,4ef162320e09086a16f1e130b09a507d399438740647147560f339cd2aa60069
UNRESOLVED_IMAGE,0.5,93,0.5,0.0,0.5987063256829237,0.599609375,0.04332445373196591,False,SUPPORTED,,4ef162320e09086a16f1e130b09a507d399438740647147560f339cd2aa60069
TOTAL_FLUX,0.5,93,0.4999999999999996,7.771561172376096e-16,0.5987063256829237,0.5625,0.04332445373196591,False,SUPPORTED,,4ef162320e09086a16f1e130b09a507d399438740647147560f339cd2aa60069
DIRECT_PHYSICAL,0.5,94,0.5000000000000001,2.220446049250313e-16,0.5987063256829237,0.583984375,0.04332445373196591,False,SUPPORTED,,4ef162320e09086a16f1e130b09a507d399438740647147560f339cd2aa60069
RESOLVED_PHYSICAL,0.5,94,0.5,0.0,0.5987063256829237,0.568359375,0.04332445373196591,False,SUPPORTED,,4ef162320e09086a16f1e130b09a507d399438740647147560f339cd2aa60069
UNRESOLVED_IMAGE,0.5,94,0.5000000000000001,2.220446049250313e-16,0.5987063256829237,0.599609375,0.04332445373196591,False,SUPPORTED,,4ef162320e09086a16f1e130b09a507d399438740647147560f339cd2aa60069
TOTAL_FLUX,0.5,94,0.5000000000000001,2.220446049250313e-16,0.5987063256829237,0.58984375,0.04332445373196591,False,SUPPORTED,,4ef162320e09086a16f1e130b09a507d399438740647147560f339cd2aa60069
DIRECT_PHYSICAL,0.5,95,0.5,0.0,0.5987063256829237,0.62109375,0.04332445373196591,False,SUPPORTED,,4ef162320e09086a16f1e130b09a507d399438740647147560f339cd2aa60069
RESOLVED_PHYSICAL,0.5,95,0.5,0.0,0.5987063256829237,0.625,0.04332445373196591,False,SUPPORTED,,4ef162320e09086a16f1e130b09a507d399438740647147560f339cd2aa60069
UNRESOLVED_IMAGE,0.5,95,0.5000000000000001,2.220446049250313e-16,0.5987063256829237,0.6015625,0.04332445373196591,False,SUPPORTED,,4ef162320e09086a16f1e130b09a507d399438740647147560f339cd2aa60069
TOTAL_FLUX,0.5,95,0.5,0.0,0.5987063256829237,0.607421875,0.04332445373196591,False,SUPPORTED,,4ef162320e09086a16f1e130b09a507d399438740647147560f339cd2aa60069
DIRECT_PHYSICAL,0.5,96,0.5,0.0,0.5987063256829237,0.5859375,0.04332445373196591,False,SUPPORTED,,4ef162320e09086a16f1e130b09a507d399438740647147560f339cd2aa60069
RESOLVED_PHYSICAL,0.5,96,0.5000000000000001,2.220446049250313e-16,0.5987063256829237,0.583984375,0.04332445373196591,False,SUPPORTED,,4ef162320e09086a16f1e130b09a507d399438740647147560f339cd2aa60069
UNRESOLVED_IMAGE,0.5,96,0.5,0.0,0.5987063256829237,0.62109375,0.04332445373196591,False,SUPPORTED,,4ef162320e09086a16f1e130b09a507d399438740647147560f339cd2aa60069
TOTAL_FLUX,0.5,96,0.5000000000000001,2.220446049250313e-16,0.5987063256829237,0.6484375,0.04332445373196591,True,SUPPORTED,,4ef162320e09086a16f1e130b09a507d399438740647147560f339cd2aa60069
DIRECT_PHYSICAL,0.5,97,0.5000000000000001,2.220446049250313e-16,0.5987063256829237,0.61328125,0.04332445373196591,False,SUPPORTED,,4ef162320e09086a16f1e130b09a507d399438740647147560f339cd2aa60069
RESOLVED_PHYSICAL,0.5,97,0.49999999999999994,1.1102230246251565e-16,0.5987063256829237,0.58984375,0.04332445373196591,False,SUPPORTED,,4ef162320e09086a16f1e130b09a507d399438740647147560f339cd2aa60069
UNRESOLVED_IMAGE,0.5,97,0.5,0.0,0.5987063256829237,0.595703125,0.04332445373196591,False,SUPPORTED,,4ef162320e09086a16f1e130b09a507d399438740647147560f339cd2aa60069
TOTAL_FLUX,0.5,97,0.5000000000000001,2.220446049250313e-16,0.5987063256829237,0.57421875,0.04332445373196591,False,SUPPORTED,,4ef162320e09086a16f1e130b09a507d399438740647147560f339cd2aa60069
DIRECT_PHYSICAL,0.5,98,0.5,0.0,0.5987063256829237,0.591796875,0.04332445373196591,False,SUPPORTED,,4ef162320e09086a16f1e130b09a507d399438740647147560f339cd2aa60069
RESOLVED_PHYSICAL,0.5,98,0.49999999999999994,1.1102230246251565e-16,0.5987063256829237,0.572265625,0.04332445373196591,False,SUPPORTED,,4ef162320e09086a16f1e130b09a507d399438740647147560f339cd2aa60069
UNRESOLVED_IMAGE,0.5,98,0.5000000000000001,2.220446049250313e-16,0.5987063256829237,0.595703125,0.04332445373196591,False,SUPPORTED,,4ef162320e09086a16f1e130b09a507d399438740647147560f339cd2aa60069
TOTAL_FLUX,0.5,98,0.5000000000000001,2.220446049250313e-16,0.5987063256829237,0.599609375,0.04332445373196591,False,SUPPORTED,,4ef162320e09086a16f1e130b09a507d399438740647147560f339cd2aa60069
DIRECT_PHYSICAL,0.5,99,0.49999999999999983,3.3306690738754696e-16,0.5987063256829237,0.63671875,0.04332445373196591,False,SUPPORTED,,4ef162320e09086a16f1e130b09a507d399438740647147560f339cd2aa60069
RESOLVED_PHYSICAL,0.5,99,0.4999999999999999,2.220446049250313e-16,0.5987063256829237,0.615234375,0.04332445373196591,False,SUPPORTED,,4ef162320e09086a16f1e130b09a507d399438740647147560f339cd2aa60069
UNRESOLVED_IMAGE,0.5,99,0.49999999999999994,1.1102230246251565e-16,0.5987063256829237,0.603515625,0.04332445373196591,False,SUPPORTED,,4ef162320e09086a16f1e130b09a507d399438740647147560f339cd2aa60069
TOTAL_FLUX,0.5,99,0.4999999999999999,2.220446049250313e-16,0.5987063256829237,0.59765625,0.04332445373196591,False,SUPPORTED,,4ef162320e09086a16f1e130b09a507d399438740647147560f339cd2aa60069
DIRECT_PHYSICAL,0.5,100,0.5,0.0,0.5987063256829237,0.603515625,0.04332445373196591,False,SUPPORTED,,4ef162320e09086a16f1e130b09a507d399438740647147560f339cd2aa60069
RESOLVED_PHYSICAL,0.5,100,0.5,0.0,0.5987063256829237,0.572265625,0.04332445373196591,False,SUPPORTED,,4ef162320e09086a16f1e130b09a507d399438740647147560f339cd2aa60069
UNRESOLVED_IMAGE,0.5,100,0.5,0.0,0.5987063256829237,0.634765625,0.04332445373196591,False,SUPPORTED,,4ef162320e09086a16f1e130b09a507d399438740647147560f339cd2aa60069
TOTAL_FLUX,0.5,100,0.5000000000000002,4.440892098500626e-16,0.5987063256829238,0.57421875,0.0433244537319659,False,SUPPORTED,,4ef162320e09086a16f1e130b09a507d399438740647147560f339cd2aa60069
DIRECT_PHYSICAL,0.5,101,0.49999999999999994,1.1102230246251565e-16,0.5987063256829237,0.6171875,0.04332445373196591,False,SUPPORTED,,4ef162320e09086a16f1e130b09a507d399438740647147560f339cd2aa60069
RESOLVED_PHYSICAL,0.5,101,0.5000000000000001,2.220446049250313e-16,0.5987063256829237,0.57421875,0.04332445373196591,False,SUPPORTED,,4ef162320e09086a16f1e130b09a507d399438740647147560f339cd2aa60069
UNRESOLVED_IMAGE,0.5,101,0.5,0.0,0.5987063256829237,0.537109375,0.04332445373196591,False,SUPPORTED,,4ef162320e09086a16f1e130b09a507d399438740647147560f339cd2aa60069
TOTAL_FLUX,0.5,101,0.4999999999999994,1.2212453270876722e-15,0.5987063256829236,0.576171875,0.04332445373196591,False,SUPPORTED,,4ef162320e09086a16f1e130b09a507d399438740647147560f339cd2aa60069
DIRECT_PHYSICAL,0.5,102,0.5,0.0,0.5987063256829237,0.6171875,0.04332445373196591,False,SUPPORTED,,4ef162320e09086a16f1e130b09a507d399438740647147560f339cd2aa60069
RESOLVED_PHYSICAL,0.5,102,0.49999999999999994,1.1102230246251565e-16,0.5987063256829237,0.62890625,0.04332445373196591,False,SUPPORTED,,4ef162320e09086a16f1e130b09a507d399438740647147560f339cd2aa60069
UNRESOLVED_IMAGE,0.5,102,0.49999999999999994,1.1102230246251565e-16,0.5987063256829237,0.607421875,0.04332445373196591,False,SUPPORTED,,4ef162320e09086a16f1e130b09a507d399438740647147560f339cd2aa60069
TOTAL_FLUX,0.5,102,0.49999999999999983,3.3306690738754696e-16,0.5987063256829237,0.5390625,0.04332445373196591,False,SUPPORTED,,4ef162320e09086a16f1e130b09a507d399438740647147560f339cd2aa60069
DIRECT_PHYSICAL,0.5,103,0.5,0.0,0.5987063256829237,0.568359375,0.04332445373196591,False,SUPPORTED,,4ef162320e09086a16f1e130b09a507d399438740647147560f339cd2aa60069
RESOLVED_PHYSICAL,0.5,103,0.5,0.0,0.5987063256829237,0.5859375,0.04332445373196591,False,SUPPORTED,,4ef162320e09086a16f1e130b09a507d399438740647147560f339cd2aa60069
UNRESOLVED_IMAGE,0.5,103,0.4999999999999999,2.220446049250313e-16,0.5987063256829237,0.609375,0.04332445373196591,False,SUPPORTED,,4ef162320e09086a16f1e130b09a507d399438740647147560f339cd2aa60069
TOTAL_FLUX,0.5,103,0.5000000000000001,2.220446049250313e-16,0.5987063256829237,0.58984375,0.04332445373196591,False,SUPPORTED,,4ef162320e09086a16f1e130b09a507d399438740647147560f339cd2aa60069
DIRECT_PHYSICAL,0.5,104,0.5,0.0,0.5987063256829237,0.6171875,0.04332445373196591,False,SUPPORTED,,4ef162320e09086a16f1e130b09a507d399438740647147560f339cd2aa60069
RESOLVED_PHYSICAL,0.5,104,0.5,0.0,0.5987063256829237,0.59375,0.04332445373196591,False,SUPPORTED,,4ef162320e09086a16f1e130b09a507d399438740647147560f339cd2aa60069
UNRESOLVED_IMAGE,0.5,104,0.49999999999999983,3.3306690738754696e-16,0.5987063256829237,0.6015625,0.04332445373196591,False,SUPPORTED,,4ef162320e09086a16f1e130b09a507d399438740647147560f339cd2aa60069
TOTAL_FLUX,0.5,104,0.4999999999999998,4.440892098500626e-16,0.5987063256829237,0.591796875,0.04332445373196591,False,SUPPORTED,,4ef162320e09086a16f1e130b09a507d399438740647147560f339cd2aa60069
DIRECT_PHYSICAL,0.5,105,0.5000000000000001,2.220446049250313e-16,0.5987063256829237,0.625,0.04332445373196591,False,SUPPORTED,,4ef162320e09086a16f1e130b09a507d399438740647147560f339cd2aa60069
RESOLVED_PHYSICAL,0.5,105,0.5,0.0,0.5987063256829237,0.607421875,0.04332445373196591,False,SUPPORTED,,4ef162320e09086a16f1e130b09a507d399438740647147560f339cd2aa60069
UNRESOLVED_IMAGE,0.5,105,0.5,0.0,0.5987063256829237,0.634765625,0.04332445373196591,False,SUPPORTED,,4ef162320e09086a16f1e130b09a507d399438740647147560f339cd2aa60069
TOTAL_FLUX,0.5,105,0.5,0.0,0.5987063256829237,0.6015625,0.04332445373196591,False,SUPPORTED,,4ef162320e09086a16f1e130b09a507d399438740647147560f339cd2aa60069
DIRECT_PHYSICAL,0.5,106,0.5,0.0,0.5987063256829237,0.623046875,0.04332445373196591,False,SUPPORTED,,4ef162320e09086a16f1e130b09a507d399438740647147560f339cd2aa60069
RESOLVED_PHYSICAL,0.5,106,0.49999999999999994,1.1102230246251565e-16,0.5987063256829237,0.611328125,0.04332445373196591,False,SUPPORTED,,4ef162320e09086a16f1e130b09a507d399438740647147560f339cd2aa60069
UNRESOLVED_IMAGE,0.5,106,0.5,0.0,0.5987063256829237,0.62109375,0.04332445373196591,False,SUPPORTED,,4ef162320e09086a16f1e130b09a507d399438740647147560f339cd2aa60069
TOTAL_FLUX,0.5,106,0.5000000000000003,6.661338147750939e-16,0.5987063256829238,0.58203125,0.0433244537319659,False,SUPPORTED,,4ef162320e09086a16f1e130b09a507d399438740647147560f339cd2aa60069
DIRECT_PHYSICAL,0.5,107,0.4999999999999999,2.220446049250313e-16,0.5987063256829237,0.576171875,0.04332445373196591,False,SUPPORTED,,4ef162320e09086a16f1e130b09a507d399438740647147560f339cd2aa60069
RESOLVED_PHYSICAL,0.5,107,0.5,0.0,0.5987063256829237,0.650390625,0.04332445373196591,True,SUPPORTED,,4ef162320e09086a16f1e130b09a507d399438740647147560f339cd2aa60069
UNRESOLVED_IMAGE,0.5,107,0.49999999999999994,1.1102230246251565e-16,0.5987063256829237,0.576171875,0.04332445373196591,False,SUPPORTED,,4ef162320e09086a16f1e130b09a507d399438740647147560f339cd2aa60069
TOTAL_FLUX,0.5,107,0.49999999999999994,1.1102230246251565e-16,0.5987063256829237,0.5859375,0.04332445373196591,False,SUPPORTED,,4ef162320e09086a16f1e130b09a507d399438740647147560f339cd2aa60069
DIRECT_PHYSICAL,0.5,108,0.5,0.0,0.5987063256829237,0.6015625,0.04332445373196591,False,SUPPORTED,,4ef162320e09086a16f1e130b09a507d399438740647147560f339cd2aa60069
RESOLVED_PHYSICAL,0.5,108,0.4999999999999999,2.220446049250313e-16,0.5987063256829237,0.59375,0.04332445373196591,False,SUPPORTED,,4ef162320e09086a16f1e130b09a507d399438740647147560f339cd2aa60069
UNRESOLVED_IMAGE,0.5,108,0.5,0.0,0.5987063256829237,0.583984375,0.04332445373196591,False,SUPPORTED,,4ef162320e09086a16f1e130b09a507d399438740647147560f339cd2aa60069
TOTAL_FLUX,0.5,108,0.4999999999999998,4.440892098500626e-16,0.5987063256829237,0.603515625,0.04332445373196591,False,SUPPORTED,,4ef162320e09086a16f1e130b09a507d399438740647147560f339cd2aa60069
DIRECT_PHYSICAL,0.5,109,0.49999999999999994,1.1102230246251565e-16,0.5987063256829237,0.56640625,0.04332445373196591,False,SUPPORTED,,4ef162320e09086a16f1e130b09a507d399438740647147560f339cd2aa60069
RESOLVED_PHYSICAL,0.5,109,0.49999999999999994,1.1102230246251565e-16,0.5987063256829237,0.63671875,0.04332445373196591,False,SUPPORTED,,4ef162320e09086a16f1e130b09a507d399438740647147560f339cd2aa60069
UNRESOLVED_IMAGE,0.5,109,0.5,0.0,0.5987063256829237,0.568359375,0.04332445373196591,False,SUPPORTED,,4ef162320e09086a16f1e130b09a507d399438740647147560f339cd2aa60069
TOTAL_FLUX,0.5,109,0.5000000000000001,2.220446049250313e-16,0.5987063256829237,0.591796875,0.04332445373196591,False,SUPPORTED,,4ef162320e09086a16f1e130b09a507d399438740647147560f339cd2aa60069
DIRECT_PHYSICAL,0.5,110,0.5,0.0,0.5987063256829237,0.5859375,0.04332445373196591,False,SUPPORTED,,4ef162320e09086a16f1e130b09a507d399438740647147560f339cd2aa60069
RESOLVED_PHYSICAL,0.5,110,0.5,0.0,0.5987063256829237,0.57421875,0.04332445373196591,False,SUPPORTED,,4ef162320e09086a16f1e130b09a507d399438740647147560f339cd2aa60069
UNRESOLVED_IMAGE,0.5,110,0.5,0.0,0.5987063256829237,0.59765625,0.04332445373196591,False,SUPPORTED,,4ef162320e09086a16f1e130b09a507d399438740647147560f339cd2aa60069
TOTAL_FLUX,0.5,110,0.5000000000000002,4.440892098500626e-16,0.5987063256829238,0.609375,0.0433244537319659,False,SUPPORTED,,4ef162320e09086a16f1e130b09a507d399438740647147560f339cd2aa60069
DIRECT_PHYSICAL,0.5,111,0.5,0.0,0.5987063256829237,0.603515625,0.04332445373196591,False,SUPPORTED,,4ef162320e09086a16f1e130b09a507d399438740647147560f339cd2aa60069
RESOLVED_PHYSICAL,0.5,111,0.4999999999999999,2.220446049250313e-16,0.5987063256829237,0.591796875,0.04332445373196591,False,SUPPORTED,,4ef162320e09086a16f1e130b09a507d399438740647147560f339cd2aa60069
UNRESOLVED_IMAGE,0.5,111,0.5,0.0,0.5987063256829237,0.595703125,0.04332445373196591,False,SUPPORTED,,4ef162320e09086a16f1e130b09a507d399438740647147560f339cd2aa60069
TOTAL_FLUX,0.5,111,0.49999999999999983,3.3306690738754696e-16,0.5987063256829237,0.595703125,0.04332445373196591,False,SUPPORTED,,4ef162320e09086a16f1e130b09a507d399438740647147560f339cd2aa60069
DIRECT_PHYSICAL,0.5,112,0.5000000000000001,2.220446049250313e-16,0.5987063256829237,0.57421875,0.04332445373196591,False,SUPPORTED,,4ef162320e09086a16f1e130b09a507d399438740647147560f339cd2aa60069
RESOLVED_PHYSICAL,0.5,112,0.49999999999999994,1.1102230246251565e-16,0.5987063256829237,0.623046875,0.04332445373196591,False,SUPPORTED,,4ef162320e09086a16f1e130b09a507d399438740647147560f339cd2aa60069
UNRESOLVED_IMAGE,0.5,112,0.5,0.0,0.5987063256829237,0.61328125,0.04332445373196591,False,SUPPORTED,,4ef162320e09086a16f1e130b09a507d399438740647147560f339cd2aa60069
TOTAL_FLUX,0.5,112,0.5,0.0,0.5987063256829237,0.607421875,0.04332445373196591,False,SUPPORTED,,4ef162320e09086a16f1e130b09a507d399438740647147560f339cd2aa60069
DIRECT_PHYSICAL,0.5,113,0.49999999999999994,1.1102230246251565e-16,0.5987063256829237,0.5859375,0.04332445373196591,False,SUPPORTED,,4ef162320e09086a16f1e130b09a507d399438740647147560f339cd2aa60069
RESOLVED_PHYSICAL,0.5,113,0.5,0.0,0.5987063256829237,0.59375,0.04332445373196591,False,SUPPORTED,,4ef162320e09086a16f1e130b09a507d399438740647147560f339cd2aa60069
UNRESOLVED_IMAGE,0.5,113,0.4999999999999999,2.220446049250313e-16,0.5987063256829237,0.595703125,0.04332445373196591,False,SUPPORTED,,4ef162320e09086a16f1e130b09a507d399438740647147560f339cd2aa60069
TOTAL_FLUX,0.5,113,0.5,0.0,0.5987063256829237,0.560546875,0.04332445373196591,False,SUPPORTED,,4ef162320e09086a16f1e130b09a507d399438740647147560f339cd2aa60069
DIRECT_PHYSICAL,0.5,114,0.49999999999999994,1.1102230246251565e-16,0.5987063256829237,0.6015625,0.04332445373196591,False,SUPPORTED,,4ef162320e09086a16f1e130b09a507d399438740647147560f339cd2aa60069
RESOLVED_PHYSICAL,0.5,114,0.5,0.0,0.5987063256829237,0.580078125,0.04332445373196591,False,SUPPORTED,,4ef162320e09086a16f1e130b09a507d399438740647147560f339cd2aa60069
UNRESOLVED_IMAGE,0.5,114,0.5,0.0,0.5987063256829237,0.583984375,0.04332445373196591,False,SUPPORTED,,4ef162320e09086a16f1e130b09a507d399438740647147560f339cd2aa60069
TOTAL_FLUX,0.5,114,0.5,0.0,0.5987063256829237,0.591796875,0.04332445373196591,False,SUPPORTED,,4ef162320e09086a16f1e130b09a507d399438740647147560f339cd2aa60069
DIRECT_PHYSICAL,0.5,115,0.49999999999999983,3.3306690738754696e-16,0.5987063256829237,0.5859375,0.04332445373196591,False,SUPPORTED,,4ef162320e09086a16f1e130b09a507d399438740647147560f339cd2aa60069
RESOLVED_PHYSICAL,0.5,115,0.5,0.0,0.5987063256829237,0.544921875,0.04332445373196591,False,SUPPORTED,,4ef162320e09086a16f1e130b09a507d399438740647147560f339cd2aa60069
UNRESOLVED_IMAGE,0.5,115,0.4999999999999999,2.220446049250313e-16,0.5987063256829237,0.578125,0.04332445373196591,False,SUPPORTED,,4ef162320e09086a16f1e130b09a507d399438740647147560f339cd2aa60069
TOTAL_FLUX,0.5,115,0.49999999999999933,1.3322676295501878e-15,0.5987063256829236,0.59765625,0.04332445373196591,False,SUPPORTED,,4ef162320e09086a16f1e130b09a507d399438740647147560f339cd2aa60069
DIRECT_PHYSICAL,0.5,116,0.49999999999999994,1.1102230246251565e-16,0.5987063256829237,0.58203125,0.04332445373196591,False,SUPPORTED,,4ef162320e09086a16f1e130b09a507d399438740647147560f339cd2aa60069
RESOLVED_PHYSICAL,0.5,116,0.49999999999999994,1.1102230246251565e-16,0.5987063256829237,0.587890625,0.04332445373196591,False,SUPPORTED,,4ef162320e09086a16f1e130b09a507d399438740647147560f339cd2aa60069
UNRESOLVED_IMAGE,0.5,116,0.5,0.0,0.5987063256829237,0.6015625,0.04332445373196591,False,SUPPORTED,,4ef162320e09086a16f1e130b09a507d399438740647147560f339cd2aa60069
TOTAL_FLUX,0.5,116,0.5,0.0,0.5987063256829237,0.587890625,0.04332445373196591,False,SUPPORTED,,4ef162320e09086a16f1e130b09a507d399438740647147560f339cd2aa60069
DIRECT_PHYSICAL,0.5,117,0.49999999999999994,1.1102230246251565e-16,0.5987063256829237,0.609375,0.04332445373196591,False,SUPPORTED,,4ef162320e09086a16f1e130b09a507d399438740647147560f339cd2aa60069
RESOLVED_PHYSICAL,0.5,117,0.5,0.0,0.5987063256829237,0.62890625,0.04332445373196591,False,SUPPORTED,,4ef162320e09086a16f1e130b09a507d399438740647147560f339cd2aa60069
UNRESOLVED_IMAGE,0.5,117,0.5,0.0,0.5987063256829237,0.55859375,0.04332445373196591,False,SUPPORTED,,4ef162320e09086a16f1e130b09a507d399438740647147560f339cd2aa60069
TOTAL_FLUX,0.5,117,0.5,0.0,0.5987063256829237,0.599609375,0.04332445373196591,False,SUPPORTED,,4ef162320e09086a16f1e130b09a507d399438740647147560f339cd2aa60069
DIRECT_PHYSICAL,0.5,118,0.5,0.0,0.5987063256829237,0.556640625,0.04332445373196591,False,SUPPORTED,,4ef162320e09086a16f1e130b09a507d399438740647147560f339cd2aa60069
RESOLVED_PHYSICAL,0.5,118,0.4999999999999999,2.220446049250313e-16,0.5987063256829237,0.609375,0.04332445373196591,False,SUPPORTED,,4ef162320e09086a16f1e130b09a507d399438740647147560f339cd2aa60069
UNRESOLVED_IMAGE,0.5,118,0.5,0.0,0.5987063256829237,0.625,0.04332445373196591,False,SUPPORTED,,4ef162320e09086a16f1e130b09a507d399438740647147560f339cd2aa60069
TOTAL_FLUX,0.5,118,0.49999999999999983,3.3306690738754696e-16,0.5987063256829237,0.576171875,0.04332445373196591,False,SUPPORTED,,4ef162320e09086a16f1e130b09a507d399438740647147560f339cd2aa60069
DIRECT_PHYSICAL,0.5,119,0.4999999999999997,5.551115123125783e-16,0.5987063256829237,0.599609375,0.04332445373196591,False,SUPPORTED,,4ef162320e09086a16f1e130b09a507d399438740647147560f339cd2aa60069
RESOLVED_PHYSICAL,0.5,119,0.5000000000000001,2.220446049250313e-16,0.5987063256829237,0.576171875,0.04332445373196591,False,SUPPORTED,,4ef162320e09086a16f1e130b09a507d399438740647147560f339cd2aa60069
UNRESOLVED_IMAGE,0.5,119,0.5,0.0,0.5987063256829237,0.578125,0.04332445373196591,False,SUPPORTED,,4ef162320e09086a16f1e130b09a507d399438740647147560f339cd2aa60069
TOTAL_FLUX,0.5,119,0.49999999999999956,8.881784197001252e-16,0.5987063256829237,0.607421875,0.04332445373196591,False,SUPPORTED,,4ef162320e09086a16f1e130b09a507d399438740647147560f339cd2aa60069
DIRECT_PHYSICAL,0.5,120,0.49999999999999994,1.1102230246251565e-16,0.5987063256829237,0.630859375,0.04332445373196591,False,SUPPORTED,,4ef162320e09086a16f1e130b09a507d399438740647147560f339cd2aa60069
RESOLVED_PHYSICAL,0.5,120,0.5,0.0,0.5987063256829237,0.560546875,0.04332445373196591,False,SUPPORTED,,4ef162320e09086a16f1e130b09a507d399438740647147560f339cd2aa60069
UNRESOLVED_IMAGE,0.5,120,0.5,0.0,0.5987063256829237,0.60546875,0.04332445373196591,False,SUPPORTED,,4ef162320e09086a16f1e130b09a507d399438740647147560f339cd2aa60069
TOTAL_FLUX,0.5,120,0.5,0.0,0.5987063256829237,0.62890625,0.04332445373196591,False,SUPPORTED,,4ef162320e09086a16f1e130b09a507d399438740647147560f339cd2aa60069
DIRECT_PHYSICAL,0.5,121,0.5,0.0,0.5987063256829237,0.5625,0.04332445373196591,False,SUPPORTED,,4ef162320e09086a16f1e130b09a507d399438740647147560f339cd2aa60069
RESOLVED_PHYSICAL,0.5,121,0.5,0.0,0.5987063256829237,0.568359375,0.04332445373196591,False,SUPPORTED,,4ef162320e09086a16f1e130b09a507d399438740647147560f339cd2aa60069
UNRESOLVED_IMAGE,0.5,121,0.49999999999999994,1.1102230246251565e-16,0.5987063256829237,0.625,0.04332445373196591,False,SUPPORTED,,4ef162320e09086a16f1e130b09a507d399438740647147560f339cd2aa60069
TOTAL_FLUX,0.5,121,0.4999999999999999,2.220446049250313e-16,0.5987063256829237,0.59765625,0.04332445373196591,False,SUPPORTED,,4ef162320e09086a16f1e130b09a507d399438740647147560f339cd2aa60069
DIRECT_PHYSICAL,0.5,122,0.5,0.0,0.5987063256829237,0.62109375,0.04332445373196591,False,SUPPORTED,,4ef162320e09086a16f1e130b09a507d399438740647147560f339cd2aa60069
RESOLVED_PHYSICAL,0.5,122,0.5,0.0,0.5987063256829237,0.59765625,0.04332445373196591,False,SUPPORTED,,4ef162320e09086a16f1e130b09a507d399438740647147560f339cd2aa60069
UNRESOLVED_IMAGE,0.5,122,0.5000000000000001,2.220446049250313e-16,0.5987063256829237,0.580078125,0.04332445373196591,False,SUPPORTED,,4ef162320e09086a16f1e130b09a507d399438740647147560f339cd2aa60069
TOTAL_FLUX,0.5,122,0.5,0.0,0.5987063256829237,0.61328125,0.04332445373196591,False,SUPPORTED,,4ef162320e09086a16f1e130b09a507d399438740647147560f339cd2aa60069
DIRECT_PHYSICAL,0.5,123,0.49999999999999994,1.1102230246251565e-16,0.5987063256829237,0.60546875,0.04332445373196591,False,SUPPORTED,,4ef162320e09086a16f1e130b09a507d399438740647147560f339cd2aa60069
RESOLVED_PHYSICAL,0.5,123,0.4999999999999999,2.220446049250313e-16,0.5987063256829237,0.55859375,0.04332445373196591,False,SUPPORTED,,4ef162320e09086a16f1e130b09a507d399438740647147560f339cd2aa60069
UNRESOLVED_IMAGE,0.5,123,0.5,0.0,0.5987063256829237,0.580078125,0.04332445373196591,False,SUPPORTED,,4ef162320e09086a16f1e130b09a507d399438740647147560f339cd2aa60069
TOTAL_FLUX,0.5,123,0.4999999999999999,2.220446049250313e-16,0.5987063256829237,0.58984375,0.04332445373196591,False,SUPPORTED,,4ef162320e09086a16f1e130b09a507d399438740647147560f339cd2aa60069
DIRECT_PHYSICAL,0.5,124,0.5,0.0,0.5987063256829237,0.58203125,0.04332445373196591,False,SUPPORTED,,4ef162320e09086a16f1e130b09a507d399438740647147560f339cd2aa60069
RESOLVED_PHYSICAL,0.5,124,0.5,0.0,0.5987063256829237,0.5625,0.04332445373196591,False,SUPPORTED,,4ef162320e09086a16f1e130b09a507d399438740647147560f339cd2aa60069
UNRESOLVED_IMAGE,0.5,124,0.5,0.0,0.5987063256829237,0.59375,0.04332445373196591,False,SUPPORTED,,4ef162320e09086a16f1e130b09a507d399438740647147560f339cd2aa60069
TOTAL_FLUX,0.5,124,0.4999999999999999,2.220446049250313e-16,0.5987063256829237,0.6015625,0.04332445373196591,False,SUPPORTED,,4ef162320e09086a16f1e130b09a507d399438740647147560f339cd2aa60069
DIRECT_PHYSICAL,0.5,125,0.5,0.0,0.5987063256829237,0.623046875,0.04332445373196591,False,SUPPORTED,,4ef162320e09086a16f1e130b09a507d399438740647147560f339cd2aa60069
RESOLVED_PHYSICAL,0.5,125,0.49999999999999983,3.3306690738754696e-16,0.5987063256829237,0.640625,0.04332445373196591,False,SUPPORTED,,4ef162320e09086a16f1e130b09a507d399438740647147560f339cd2aa60069
UNRESOLVED_IMAGE,0.5,125,0.5000000000000001,2.220446049250313e-16,0.5987063256829237,0.5703125,0.04332445373196591,False,SUPPORTED,,4ef162320e09086a16f1e130b09a507d399438740647147560f339cd2aa60069
TOTAL_FLUX,0.5,125,0.5000000000000002,4.440892098500626e-16,0.5987063256829238,0.580078125,0.0433244537319659,False,SUPPORTED,,4ef162320e09086a16f1e130b09a507d399438740647147560f339cd2aa60069
DIRECT_PHYSICAL,0.5,126,0.5000000000000001,2.220446049250313e-16,0.5987063256829237,0.595703125,0.04332445373196591,False,SUPPORTED,,4ef162320e09086a16f1e130b09a507d399438740647147560f339cd2aa60069
RESOLVED_PHYSICAL,0.5,126,0.5,0.0,0.5987063256829237,0.544921875,0.04332445373196591,False,SUPPORTED,,4ef162320e09086a16f1e130b09a507d399438740647147560f339cd2aa60069
UNRESOLVED_IMAGE,0.5,126,0.4999999999999999,2.220446049250313e-16,0.5987063256829237,0.642578125,0.04332445373196591,True,SUPPORTED,,4ef162320e09086a16f1e130b09a507d399438740647147560f339cd2aa60069
TOTAL_FLUX,0.5,126,0.5000000000000003,6.661338147750939e-16,0.5987063256829238,0.580078125,0.0433244537319659,False,SUPPORTED,,4ef162320e09086a16f1e130b09a507d399438740647147560f339cd2aa60069
DIRECT_PHYSICAL,0.5,127,0.5000000000000001,2.220446049250313e-16,0.5987063256829237,0.619140625,0.04332445373196591,False,SUPPORTED,,4ef162320e09086a16f1e130b09a507d399438740647147560f339cd2aa60069
RESOLVED_PHYSICAL,0.5,127,0.5,0.0,0.5987063256829237,0.623046875,0.04332445373196591,False,SUPPORTED,,4ef162320e09086a16f1e130b09a507d399438740647147560f339cd2aa60069
UNRESOLVED_IMAGE,0.5,127,0.5,0.0,0.5987063256829237,0.603515625,0.04332445373196591,False,SUPPORTED,,4ef162320e09086a16f1e130b09a507d399438740647147560f339cd2aa60069
TOTAL_FLUX,0.5,127,0.5,0.0,0.5987063256829237,0.611328125,0.04332445373196591,False,SUPPORTED,,4ef162320e09086a16f1e130b09a507d399438740647147560f339cd2aa60069
DIRECT_PHYSICAL,0.5,128,0.49999999999999994,1.1102230246251565e-16,0.5987063256829237,0.634765625,0.04332445373196591,False,SUPPORTED,,4ef162320e09086a16f1e130b09a507d399438740647147560f339cd2aa60069
RESOLVED_PHYSICAL,0.5,128,0.5,0.0,0.5987063256829237,0.603515625,0.04332445373196591,False,SUPPORTED,,4ef162320e09086a16f1e130b09a507d399438740647147560f339cd2aa60069
UNRESOLVED_IMAGE,0.5,128,0.5,0.0,0.5987063256829237,0.62890625,0.04332445373196591,False,SUPPORTED,,4ef162320e09086a16f1e130b09a507d399438740647147560f339cd2aa60069
TOTAL_FLUX,0.5,128,0.5,0.0,0.5987063256829237,0.59375,0.04332445373196591,False,SUPPORTED,,4ef162320e09086a16f1e130b09a507d399438740647147560f339cd2aa60069
DIRECT_PHYSICAL,0.5,129,0.5000000000000001,2.220446049250313e-16,0.5987063256829237,0.619140625,0.04332445373196591,False,SUPPORTED,,4ef162320e09086a16f1e130b09a507d399438740647147560f339cd2aa60069
RESOLVED_PHYSICAL,0.5,129,0.5,0.0,0.5987063256829237,0.58203125,0.04332445373196591,False,SUPPORTED,,4ef162320e09086a16f1e130b09a507d399438740647147560f339cd2aa60069
UNRESOLVED_IMAGE,0.5,129,0.5,0.0,0.5987063256829237,0.6015625,0.04332445373196591,False,SUPPORTED,,4ef162320e09086a16f1e130b09a507d399438740647147560f339cd2aa60069
TOTAL_FLUX,0.5,129,0.49999999999999983,3.3306690738754696e-16,0.5987063256829237,0.59765625,0.04332445373196591,False,SUPPORTED,,4ef162320e09086a16f1e130b09a507d399438740647147560f339cd2aa60069
DIRECT_PHYSICAL,0.5,130,0.4999999999999999,2.220446049250313e-16,0.5987063256829237,0.587890625,0.04332445373196591,False,SUPPORTED,,4ef162320e09086a16f1e130b09a507d399438740647147560f339cd2aa60069
RESOLVED_PHYSICAL,0.5,130,0.5,0.0,0.5987063256829237,0.603515625,0.04332445373196591,False,SUPPORTED,,4ef162320e09086a16f1e130b09a507d399438740647147560f339cd2aa60069
UNRESOLVED_IMAGE,0.5,130,0.49999999999999994,1.1102230246251565e-16,0.5987063256829237,0.61328125,0.04332445373196591,False,SUPPORTED,,4ef162320e09086a16f1e130b09a507d399438740647147560f339cd2aa60069
TOTAL_FLUX,0.5,130,0.49999999999999994,1.1102230246251565e-16,0.5987063256829237,0.6015625,0.04332445373196591,False,SUPPORTED,,4ef162320e09086a16f1e130b09a507d399438740647147560f339cd2aa60069
DIRECT_PHYSICAL,0.5,131,0.5,0.0,0.5987063256829237,0.580078125,0.04332445373196591,False,SUPPORTED,,4ef162320e09086a16f1e130b09a507d399438740647147560f339cd2aa60069
RESOLVED_PHYSICAL,0.5,131,0.5,0.0,0.5987063256829237,0.607421875,0.04332445373196591,False,SUPPORTED,,4ef162320e09086a16f1e130b09a507d399438740647147560f339cd2aa60069
UNRESOLVED_IMAGE,0.5,131,0.4999999999999999,2.220446049250313e-16,0.5987063256829237,0.587890625,0.04332445373196591,False,SUPPORTED,,4ef162320e09086a16f1e130b09a507d399438740647147560f339cd2aa60069
TOTAL_FLUX,0.5,131,0.5,0.0,0.5987063256829237,0.5859375,0.04332445373196591,False,SUPPORTED,,4ef162320e09086a16f1e130b09a507d399438740647147560f339cd2aa60069
DIRECT_PHYSICAL,0.5,132,0.5,0.0,0.5987063256829237,0.58203125,0.04332445373196591,False,SUPPORTED,,4ef162320e09086a16f1e130b09a507d399438740647147560f339cd2aa60069
RESOLVED_PHYSICAL,0.5,132,0.49999999999999994,1.1102230246251565e-16,0.5987063256829237,0.58203125,0.04332445373196591,False,SUPPORTED,,4ef162320e09086a16f1e130b09a507d399438740647147560f339cd2aa60069
UNRESOLVED_IMAGE,0.5,132,0.49999999999999994,1.1102230246251565e-16,0.5987063256829237,0.6015625,0.04332445373196591,False,SUPPORTED,,4ef162320e09086a16f1e130b09a507d399438740647147560f339cd2aa60069
TOTAL_FLUX,0.5,132,0.5,0.0,0.5987063256829237,0.62890625,0.04332445373196591,False,SUPPORTED,,4ef162320e09086a16f1e130b09a507d399438740647147560f339cd2aa60069
DIRECT_PHYSICAL,0.5,133,0.5000000000000001,2.220446049250313e-16,0.5987063256829237,0.58203125,0.04332445373196591,False,SUPPORTED,,4ef162320e09086a16f1e130b09a507d399438740647147560f339cd2aa60069
RESOLVED_PHYSICAL,0.5,133,0.5,0.0,0.5987063256829237,0.572265625,0.04332445373196591,False,SUPPORTED,,4ef162320e09086a16f1e130b09a507d399438740647147560f339cd2aa60069
UNRESOLVED_IMAGE,0.5,133,0.5000000000000001,2.220446049250313e-16,0.5987063256829237,0.58203125,0.04332445373196591,False,SUPPORTED,,4ef162320e09086a16f1e130b09a507d399438740647147560f339cd2aa60069
TOTAL_FLUX,0.5,133,0.5,0.0,0.5987063256829237,0.599609375,0.04332445373196591,False,SUPPORTED,,4ef162320e09086a16f1e130b09a507d399438740647147560f339cd2aa60069
DIRECT_PHYSICAL,0.5,134,0.5,0.0,0.5987063256829237,0.5703125,0.04332445373196591,False,SUPPORTED,,4ef162320e09086a16f1e130b09a507d399438740647147560f339cd2aa60069
RESOLVED_PHYSICAL,0.5,134,0.4999999999999999,2.220446049250313e-16,0.5987063256829237,0.58984375,0.04332445373196591,False,SUPPORTED,,4ef162320e09086a16f1e130b09a507d399438740647147560f339cd2aa60069
UNRESOLVED_IMAGE,0.5,134,0.49999999999999994,1.1102230246251565e-16,0.5987063256829237,0.603515625,0.04332445373196591,False,SUPPORTED,,4ef162320e09086a16f1e130b09a507d399438740647147560f339cd2aa60069
TOTAL_FLUX,0.5,134,0.5,0.0,0.5987063256829237,0.564453125,0.04332445373196591,False,SUPPORTED,,4ef162320e09086a16f1e130b09a507d399438740647147560f339cd2aa60069
DIRECT_PHYSICAL,0.5,135,0.5,0.0,0.5987063256829237,0.595703125,0.04332445373196591,False,SUPPORTED,,4ef162320e09086a16f1e130b09a507d399438740647147560f339cd2aa60069
RESOLVED_PHYSICAL,0.5,135,0.5,0.0,0.5987063256829237,0.591796875,0.04332445373196591,False,SUPPORTED,,4ef162320e09086a16f1e130b09a507d399438740647147560f339cd2aa60069
UNRESOLVED_IMAGE,0.5,135,0.5000000000000002,4.440892098500626e-16,0.5987063256829238,0.619140625,0.0433244537319659,False,SUPPORTED,,4ef162320e09086a16f1e130b09a507d399438740647147560f339cd2aa60069
TOTAL_FLUX,0.5,135,0.5000000000000003,6.661338147750939e-16,0.5987063256829238,0.603515625,0.0433244537319659,False,SUPPORTED,,4ef162320e09086a16f1e130b09a507d399438740647147560f339cd2aa60069
DIRECT_PHYSICAL,0.5,136,0.49999999999999994,1.1102230246251565e-16,0.5987063256829237,0.619140625,0.04332445373196591,False,SUPPORTED,,4ef162320e09086a16f1e130b09a507d399438740647147560f339cd2aa60069
RESOLVED_PHYSICAL,0.5,136,0.5000000000000001,2.220446049250313e-16,0.5987063256829237,0.625,0.04332445373196591,False,SUPPORTED,,4ef162320e09086a16f1e130b09a507d399438740647147560f339cd2aa60069
UNRESOLVED_IMAGE,0.5,136,0.49999999999999994,1.1102230246251565e-16,0.5987063256829237,0.5703125,0.04332445373196591,False,SUPPORTED,,4ef162320e09086a16f1e130b09a507d399438740647147560f339cd2aa60069
TOTAL_FLUX,0.5,136,0.4999999999999998,4.440892098500626e-16,0.5987063256829237,0.61328125,0.04332445373196591,False,SUPPORTED,,4ef162320e09086a16f1e130b09a507d399438740647147560f339cd2aa60069
DIRECT_PHYSICAL,0.5,137,0.5,0.0,0.5987063256829237,0.576171875,0.04332445373196591,False,SUPPORTED,,4ef162320e09086a16f1e130b09a507d399438740647147560f339cd2aa60069
RESOLVED_PHYSICAL,0.5,137,0.5,0.0,0.5987063256829237,0.564453125,0.04332445373196591,False,SUPPORTED,,4ef162320e09086a16f1e130b09a507d399438740647147560f339cd2aa60069
UNRESOLVED_IMAGE,0.5,137,0.49999999999999994,1.1102230246251565e-16,0.5987063256829237,0.591796875,0.04332445373196591,False,SUPPORTED,,4ef162320e09086a16f1e130b09a507d399438740647147560f339cd2aa60069
TOTAL_FLUX,0.5,137,0.4999999999999999,2.220446049250313e-16,0.5987063256829237,0.591796875,0.04332445373196591,False,SUPPORTED,,4ef162320e09086a16f1e130b09a507d399438740647147560f339cd2aa60069
DIRECT_PHYSICAL,0.5,138,0.49999999999999994,1.1102230246251565e-16,0.5987063256829237,0.58984375,0.04332445373196591,False,SUPPORTED,,4ef162320e09086a16f1e130b09a507d399438740647147560f339cd2aa60069
RESOLVED_PHYSICAL,0.5,138,0.5,0.0,0.5987063256829237,0.58984375,0.04332445373196591,False,SUPPORTED,,4ef162320e09086a16f1e130b09a507d399438740647147560f339cd2aa60069
UNRESOLVED_IMAGE,0.5,138,0.5,0.0,0.5987063256829237,0.609375,0.04332445373196591,False,SUPPORTED,,4ef162320e09086a16f1e130b09a507d399438740647147560f339cd2aa60069
TOTAL_FLUX,0.5,138,0.5000000000000003,6.661338147750939e-16,0.5987063256829238,0.63671875,0.0433244537319659,False,SUPPORTED,,4ef162320e09086a16f1e130b09a507d399438740647147560f339cd2aa60069
DIRECT_PHYSICAL,0.5,139,0.5000000000000001,2.220446049250313e-16,0.5987063256829237,0.583984375,0.04332445373196591,False,SUPPORTED,,4ef162320e09086a16f1e130b09a507d399438740647147560f339cd2aa60069
RESOLVED_PHYSICAL,0.5,139,0.49999999999999994,1.1102230246251565e-16,0.5987063256829237,0.556640625,0.04332445373196591,False,SUPPORTED,,4ef162320e09086a16f1e130b09a507d399438740647147560f339cd2aa60069
UNRESOLVED_IMAGE,0.5,139,0.49999999999999994,1.1102230246251565e-16,0.5987063256829237,0.5625,0.04332445373196591,False,SUPPORTED,,4ef162320e09086a16f1e130b09a507d399438740647147560f339cd2aa60069
TOTAL_FLUX,0.5,139,0.5,0.0,0.5987063256829237,0.63671875,0.04332445373196591,False,SUPPORTED,,4ef162320e09086a16f1e130b09a507d399438740647147560f339cd2aa60069
DIRECT_PHYSICAL,0.5,140,0.49999999999999994,1.1102230246251565e-16,0.5987063256829237,0.5859375,0.04332445373196591,False,SUPPORTED,,4ef162320e09086a16f1e130b09a507d399438740647147560f339cd2aa60069
RESOLVED_PHYSICAL,0.5,140,0.49999999999999994,1.1102230246251565e-16,0.5987063256829237,0.5546875,0.04332445373196591,False,SUPPORTED,,4ef162320e09086a16f1e130b09a507d399438740647147560f339cd2aa60069
UNRESOLVED_IMAGE,0.5,140,0.5,0.0,0.5987063256829237,0.59765625,0.04332445373196591,False,SUPPORTED,,4ef162320e09086a16f1e130b09a507d399438740647147560f339cd2aa60069
TOTAL_FLUX,0.5,140,0.5000000000000002,4.440892098500626e-16,0.5987063256829238,0.630859375,0.0433244537319659,False,SUPPORTED,,4ef162320e09086a16f1e130b09a507d399438740647147560f339cd2aa60069
DIRECT_PHYSICAL,0.5,141,0.4999999999999999,2.220446049250313e-16,0.5987063256829237,0.578125,0.04332445373196591,False,SUPPORTED,,4ef162320e09086a16f1e130b09a507d399438740647147560f339cd2aa60069
RESOLVED_PHYSICAL,0.5,141,0.5,0.0,0.5987063256829237,0.560546875,0.04332445373196591,False,SUPPORTED,,4ef162320e09086a16f1e130b09a507d399438740647147560f339cd2aa60069
UNRESOLVED_IMAGE,0.5,141,0.5000000000000001,2.220446049250313e-16,0.5987063256829237,0.59765625,0.04332445373196591,False,SUPPORTED,,4ef162320e09086a16f1e130b09a507d399438740647147560f339cd2aa60069
TOTAL_FLUX,0.5,141,0.4999999999999997,5.551115123125783e-16,0.5987063256829237,0.59375,0.04332445373196591,False,SUPPORTED,,4ef162320e09086a16f1e130b09a507d399438740647147560f339cd2aa60069
DIRECT_PHYSICAL,0.5,142,0.49999999999999994,1.1102230246251565e-16,0.5987063256829237,0.609375,0.04332445373196591,False,SUPPORTED,,4ef162320e09086a16f1e130b09a507d399438740647147560f339cd2aa60069
RESOLVED_PHYSICAL,0.5,142,0.5,0.0,0.5987063256829237,0.5625,0.04332445373196591,False,SUPPORTED,,4ef162320e09086a16f1e130b09a507d399438740647147560f339cd2aa60069
UNRESOLVED_IMAGE,0.5,142,0.4999999999999999,2.220446049250313e-16,0.5987063256829237,0.5703125,0.04332445373196591,False,SUPPORTED,,4ef162320e09086a16f1e130b09a507d399438740647147560f339cd2aa60069
TOTAL_FLUX,0.5,142,0.5000000000000001,2.220446049250313e-16,0.5987063256829237,0.548828125,0.04332445373196591,False,SUPPORTED,,4ef162320e09086a16f1e130b09a507d399438740647147560f339cd2aa60069
DIRECT_PHYSICAL,0.5,143,0.5,0.0,0.5987063256829237,0.58984375,0.04332445373196591,False,SUPPORTED,,4ef162320e09086a16f1e130b09a507d399438740647147560f339cd2aa60069
RESOLVED_PHYSICAL,0.5,143,0.49999999999999994,1.1102230246251565e-16,0.5987063256829237,0.564453125,0.04332445373196591,False,SUPPORTED,,4ef162320e09086a16f1e130b09a507d399438740647147560f339cd2aa60069
UNRESOLVED_IMAGE,0.5,143,0.5,0.0,0.5987063256829237,0.580078125,0.04332445373196591,False,SUPPORTED,,4ef162320e09086a16f1e130b09a507d399438740647147560f339cd2aa60069
TOTAL_FLUX,0.5,143,0.5000000000000001,2.220446049250313e-16,0.5987063256829237,0.599609375,0.04332445373196591,False,SUPPORTED,,4ef162320e09086a16f1e130b09a507d399438740647147560f339cd2aa60069
DIRECT_PHYSICAL,0.5,144,0.49999999999999994,1.1102230246251565e-16,0.5987063256829237,0.587890625,0.04332445373196591,False,SUPPORTED,,4ef162320e09086a16f1e130b09a507d399438740647147560f339cd2aa60069
RESOLVED_PHYSICAL,0.5,144,0.49999999999999994,1.1102230246251565e-16,0.5987063256829237,0.5625,0.04332445373196591,False,SUPPORTED,,4ef162320e09086a16f1e130b09a507d399438740647147560f339cd2aa60069
UNRESOLVED_IMAGE,0.5,144,0.5000000000000001,2.220446049250313e-16,0.5987063256829237,0.59765625,0.04332445373196591,False,SUPPORTED,,4ef162320e09086a16f1e130b09a507d399438740647147560f339cd2aa60069
TOTAL_FLUX,0.5,144,0.49999999999999983,3.3306690738754696e-16,0.5987063256829237,0.587890625,0.04332445373196591,False,SUPPORTED,,4ef162320e09086a16f1e130b09a507d399438740647147560f339cd2aa60069
DIRECT_PHYSICAL,0.5,145,0.5000000000000001,2.220446049250313e-16,0.5987063256829237,0.6015625,0.04332445373196591,False,SUPPORTED,,4ef162320e09086a16f1e130b09a507d399438740647147560f339cd2aa60069
RESOLVED_PHYSICAL,0.5,145,0.5,0.0,0.5987063256829237,0.5703125,0.04332445373196591,False,SUPPORTED,,4ef162320e09086a16f1e130b09a507d399438740647147560f339cd2aa60069
UNRESOLVED_IMAGE,0.5,145,0.5000000000000001,2.220446049250313e-16,0.5987063256829237,0.625,0.04332445373196591,False,SUPPORTED,,4ef162320e09086a16f1e130b09a507d399438740647147560f339cd2aa60069
TOTAL_FLUX,0.5,145,0.49999999999999994,1.1102230246251565e-16,0.5987063256829237,0.58984375,0.04332445373196591,False,SUPPORTED,,4ef162320e09086a16f1e130b09a507d399438740647147560f339cd2aa60069
DIRECT_PHYSICAL,0.5,146,0.5,0.0,0.5987063256829237,0.59375,0.04332445373196591,False,SUPPORTED,,4ef162320e09086a16f1e130b09a507d399438740647147560f339cd2aa60069
RESOLVED_PHYSICAL,0.5,146,0.5,0.0,0.5987063256829237,0.591796875,0.04332445373196591,False,SUPPORTED,,4ef162320e09086a16f1e130b09a507d399438740647147560f339cd2aa60069
UNRESOLVED_IMAGE,0.5,146,0.5,0.0,0.5987063256829237,0.564453125,0.04332445373196591,False,SUPPORTED,,4ef162320e09086a16f1e130b09a507d399438740647147560f339cd2aa60069
TOTAL_FLUX,0.5,146,0.49999999999999994,1.1102230246251565e-16,0.5987063256829237,0.6015625,0.04332445373196591,False,SUPPORTED,,4ef162320e09086a16f1e130b09a507d399438740647147560f339cd2aa60069
DIRECT_PHYSICAL,0.5,147,0.5,0.0,0.5987063256829237,0.57421875,0.04332445373196591,False,SUPPORTED,,4ef162320e09086a16f1e130b09a507d399438740647147560f339cd2aa60069
RESOLVED_PHYSICAL,0.5,147,0.5,0.0,0.5987063256829237,0.591796875,0.04332445373196591,False,SUPPORTED,,4ef162320e09086a16f1e130b09a507d399438740647147560f339cd2aa60069
UNRESOLVED_IMAGE,0.5,147,0.5,0.0,0.5987063256829237,0.587890625,0.04332445373196591,False,SUPPORTED,,4ef162320e09086a16f1e130b09a507d399438740647147560f339cd2aa60069
TOTAL_FLUX,0.5,147,0.4999999999999998,4.440892098500626e-16,0.5987063256829237,0.638671875,0.04332445373196591,False,SUPPORTED,,4ef162320e09086a16f1e130b09a507d399438740647147560f339cd2aa60069
DIRECT_PHYSICAL,0.5,148,0.4999999999999999,2.220446049250313e-16,0.5987063256829237,0.626953125,0.04332445373196591,False,SUPPORTED,,4ef162320e09086a16f1e130b09a507d399438740647147560f339cd2aa60069
RESOLVED_PHYSICAL,0.5,148,0.49999999999999994,1.1102230246251565e-16,0.5987063256829237,0.57421875,0.04332445373196591,False,SUPPORTED,,4ef162320e09086a16f1e130b09a507d399438740647147560f339cd2aa60069
UNRESOLVED_IMAGE,0.5,148,0.49999999999999994,1.1102230246251565e-16,0.5987063256829237,0.607421875,0.04332445373196591,False,SUPPORTED,,4ef162320e09086a16f1e130b09a507d399438740647147560f339cd2aa60069
TOTAL_FLUX,0.5,148,0.5000000000000001,2.220446049250313e-16,0.5987063256829237,0.595703125,0.04332445373196591,False,SUPPORTED,,4ef162320e09086a16f1e130b09a507d399438740647147560f339cd2aa60069
DIRECT_PHYSICAL,0.5,149,0.5000000000000001,2.220446049250313e-16,0.5987063256829237,0.626953125,0.04332445373196591,False,SUPPORTED,,4ef162320e09086a16f1e130b09a507d399438740647147560f339cd2aa60069
RESOLVED_PHYSICAL,0.5,149,0.5,0.0,0.5987063256829237,0.5625,0.04332445373196591,False,SUPPORTED,,4ef162320e09086a16f1e130b09a507d399438740647147560f339cd2aa60069
UNRESOLVED_IMAGE,0.5,149,0.5,0.0,0.5987063256829237,0.609375,0.04332445373196591,False,SUPPORTED,,4ef162320e09086a16f1e130b09a507d399438740647147560f339cd2aa60069
TOTAL_FLUX,0.5,149,0.49999999999999994,1.1102230246251565e-16,0.5987063256829237,0.60546875,0.04332445373196591,False,SUPPORTED,,4ef162320e09086a16f1e130b09a507d399438740647147560f339cd2aa60069
DIRECT_PHYSICAL,0.5,150,0.5,0.0,0.5987063256829237,0.5703125,0.04332445373196591,False,SUPPORTED,,4ef162320e09086a16f1e130b09a507d399438740647147560f339cd2aa60069
RESOLVED_PHYSICAL,0.5,150,0.5,0.0,0.5987063256829237,0.57421875,0.04332445373196591,False,SUPPORTED,,4ef162320e09086a16f1e130b09a507d399438740647147560f339cd2aa60069
UNRESOLVED_IMAGE,0.5,150,0.5000000000000001,2.220446049250313e-16,0.5987063256829237,0.578125,0.04332445373196591,False,SUPPORTED,,4ef162320e09086a16f1e130b09a507d399438740647147560f339cd2aa60069
TOTAL_FLUX,0.5,150,0.5000000000000001,2.220446049250313e-16,0.5987063256829237,0.587890625,0.04332445373196591,False,SUPPORTED,,4ef162320e09086a16f1e130b09a507d399438740647147560f339cd2aa60069
DIRECT_PHYSICAL,0.5,151,0.5,0.0,0.5987063256829237,0.6171875,0.04332445373196591,False,SUPPORTED,,4ef162320e09086a16f1e130b09a507d399438740647147560f339cd2aa60069
RESOLVED_PHYSICAL,0.5,151,0.49999999999999994,1.1102230246251565e-16,0.5987063256829237,0.595703125,0.04332445373196591,False,SUPPORTED,,4ef162320e09086a16f1e130b09a507d399438740647147560f339cd2aa60069
UNRESOLVED_IMAGE,0.5,151,0.49999999999999994,1.1102230246251565e-16,0.5987063256829237,0.62109375,0.04332445373196591,False,SUPPORTED,,4ef162320e09086a16f1e130b09a507d399438740647147560f339cd2aa60069
TOTAL_FLUX,0.5,151,0.49999999999999967,6.661338147750939e-16,0.5987063256829237,0.607421875,0.04332445373196591,False,SUPPORTED,,4ef162320e09086a16f1e130b09a507d399438740647147560f339cd2aa60069
DIRECT_PHYSICAL,0.5,152,0.49999999999999994,1.1102230246251565e-16,0.5987063256829237,0.591796875,0.04332445373196591,False,SUPPORTED,,4ef162320e09086a16f1e130b09a507d399438740647147560f339cd2aa60069
RESOLVED_PHYSICAL,0.5,152,0.5,0.0,0.5987063256829237,0.583984375,0.04332445373196591,False,SUPPORTED,,4ef162320e09086a16f1e130b09a507d399438740647147560f339cd2aa60069
UNRESOLVED_IMAGE,0.5,152,0.5,0.0,0.5987063256829237,0.62109375,0.04332445373196591,False,SUPPORTED,,4ef162320e09086a16f1e130b09a507d399438740647147560f339cd2aa60069
TOTAL_FLUX,0.5,152,0.4999999999999998,4.440892098500626e-16,0.5987063256829237,0.60546875,0.04332445373196591,False,SUPPORTED,,4ef162320e09086a16f1e130b09a507d399438740647147560f339cd2aa60069
DIRECT_PHYSICAL,0.5,153,0.5000000000000001,2.220446049250313e-16,0.5987063256829237,0.625,0.04332445373196591,False,SUPPORTED,,4ef162320e09086a16f1e130b09a507d399438740647147560f339cd2aa60069
RESOLVED_PHYSICAL,0.5,153,0.5,0.0,0.5987063256829237,0.5859375,0.04332445373196591,False,SUPPORTED,,4ef162320e09086a16f1e130b09a507d399438740647147560f339cd2aa60069
UNRESOLVED_IMAGE,0.5,153,0.4999999999999999,2.220446049250313e-16,0.5987063256829237,0.599609375,0.04332445373196591,False,SUPPORTED,,4ef162320e09086a16f1e130b09a507d399438740647147560f339cd2aa60069
TOTAL_FLUX,0.5,153,0.5,0.0,0.5987063256829237,0.595703125,0.04332445373196591,False,SUPPORTED,,4ef162320e09086a16f1e130b09a507d399438740647147560f339cd2aa60069
DIRECT_PHYSICAL,0.5,154,0.5000000000000001,2.220446049250313e-16,0.5987063256829237,0.609375,0.04332445373196591,False,SUPPORTED,,4ef162320e09086a16f1e130b09a507d399438740647147560f339cd2aa60069
RESOLVED_PHYSICAL,0.5,154,0.5,0.0,0.5987063256829237,0.595703125,0.04332445373196591,False,SUPPORTED,,4ef162320e09086a16f1e130b09a507d399438740647147560f339cd2aa60069
UNRESOLVED_IMAGE,0.5,154,0.5,0.0,0.5987063256829237,0.59375,0.04332445373196591,False,SUPPORTED,,4ef162320e09086a16f1e130b09a507d399438740647147560f339cd2aa60069
TOTAL_FLUX,0.5,154,0.5000000000000001,2.220446049250313e-16,0.5987063256829237,0.58984375,0.04332445373196591,False,SUPPORTED,,4ef162320e09086a16f1e130b09a507d399438740647147560f339cd2aa60069
DIRECT_PHYSICAL,0.5,155,0.4999999999999999,2.220446049250313e-16,0.5987063256829237,0.60546875,0.04332445373196591,False,SUPPORTED,,4ef162320e09086a16f1e130b09a507d399438740647147560f339cd2aa60069
RESOLVED_PHYSICAL,0.5,155,0.5,0.0,0.5987063256829237,0.63671875,0.04332445373196591,False,SUPPORTED,,4ef162320e09086a16f1e130b09a507d399438740647147560f339cd2aa60069
UNRESOLVED_IMAGE,0.5,155,0.5,0.0,0.5987063256829237,0.59765625,0.04332445373196591,False,SUPPORTED,,4ef162320e09086a16f1e130b09a507d399438740647147560f339cd2aa60069
TOTAL_FLUX,0.5,155,0.49999999999999967,6.661338147750939e-16,0.5987063256829237,0.60546875,0.04332445373196591,False,SUPPORTED,,4ef162320e09086a16f1e130b09a507d399438740647147560f339cd2aa60069
DIRECT_PHYSICAL,0.5,156,0.4999999999999999,2.220446049250313e-16,0.5987063256829237,0.568359375,0.04332445373196591,False,SUPPORTED,,4ef162320e09086a16f1e130b09a507d399438740647147560f339cd2aa60069
RESOLVED_PHYSICAL,0.5,156,0.49999999999999994,1.1102230246251565e-16,0.5987063256829237,0.599609375,0.04332445373196591,False,SUPPORTED,,4ef162320e09086a16f1e130b09a507d399438740647147560f339cd2aa60069
UNRESOLVED_IMAGE,0.5,156,0.5,0.0,0.5987063256829237,0.560546875,0.04332445373196591,False,SUPPORTED,,4ef162320e09086a16f1e130b09a507d399438740647147560f339cd2aa60069
TOTAL_FLUX,0.5,156,0.5000000000000004,8.881784197001252e-16,0.5987063256829238,0.609375,0.0433244537319659,False,SUPPORTED,,4ef162320e09086a16f1e130b09a507d399438740647147560f339cd2aa60069
DIRECT_PHYSICAL,0.5,157,0.49999999999999994,1.1102230246251565e-16,0.5987063256829237,0.5546875,0.04332445373196591,False,SUPPORTED,,4ef162320e09086a16f1e130b09a507d399438740647147560f339cd2aa60069
RESOLVED_PHYSICAL,0.5,157,0.49999999999999994,1.1102230246251565e-16,0.5987063256829237,0.580078125,0.04332445373196591,False,SUPPORTED,,4ef162320e09086a16f1e130b09a507d399438740647147560f339cd2aa60069
UNRESOLVED_IMAGE,0.5,157,0.5,0.0,0.5987063256829237,0.529296875,0.04332445373196591,False,SUPPORTED,,4ef162320e09086a16f1e130b09a507d399438740647147560f339cd2aa60069
TOTAL_FLUX,0.5,157,0.49999999999999994,1.1102230246251565e-16,0.5987063256829237,0.572265625,0.04332445373196591,False,SUPPORTED,,4ef162320e09086a16f1e130b09a507d399438740647147560f339cd2aa60069
DIRECT_PHYSICAL,0.5,158,0.5,0.0,0.5987063256829237,0.630859375,0.04332445373196591,False,SUPPORTED,,4ef162320e09086a16f1e130b09a507d399438740647147560f339cd2aa60069
RESOLVED_PHYSICAL,0.5,158,0.5,0.0,0.5987063256829237,0.626953125,0.04332445373196591,False,SUPPORTED,,4ef162320e09086a16f1e130b09a507d399438740647147560f339cd2aa60069
UNRESOLVED_IMAGE,0.5,158,0.5,0.0,0.5987063256829237,0.58984375,0.04332445373196591,False,SUPPORTED,,4ef162320e09086a16f1e130b09a507d399438740647147560f339cd2aa60069
TOTAL_FLUX,0.5,158,0.5,0.0,0.5987063256829237,0.587890625,0.04332445373196591,False,SUPPORTED,,4ef162320e09086a16f1e130b09a507d399438740647147560f339cd2aa60069
DIRECT_PHYSICAL,0.5,159,0.5,0.0,0.5987063256829237,0.5859375,0.04332445373196591,False,SUPPORTED,,4ef162320e09086a16f1e130b09a507d399438740647147560f339cd2aa60069
RESOLVED_PHYSICAL,0.5,159,0.5,0.0,0.5987063256829237,0.609375,0.04332445373196591,False,SUPPORTED,,4ef162320e09086a16f1e130b09a507d399438740647147560f339cd2aa60069
UNRESOLVED_IMAGE,0.5,159,0.5,0.0,0.5987063256829237,0.615234375,0.04332445373196591,False,SUPPORTED,,4ef162320e09086a16f1e130b09a507d399438740647147560f339cd2aa60069
TOTAL_FLUX,0.5,159,0.5000000000000001,2.220446049250313e-16,0.5987063256829237,0.62109375,0.04332445373196591,False,SUPPORTED,,4ef162320e09086a16f1e130b09a507d399438740647147560f339cd2aa60069
DIRECT_PHYSICAL,0.5,160,0.5,0.0,0.5987063256829237,0.576171875,0.04332445373196591,False,SUPPORTED,,4ef162320e09086a16f1e130b09a507d399438740647147560f339cd2aa60069
RESOLVED_PHYSICAL,0.5,160,0.49999999999999994,1.1102230246251565e-16,0.5987063256829237,0.63671875,0.04332445373196591,False,SUPPORTED,,4ef162320e09086a16f1e130b09a507d399438740647147560f339cd2aa60069
UNRESOLVED_IMAGE,0.5,160,0.4999999999999999,2.220446049250313e-16,0.5987063256829237,0.595703125,0.04332445373196591,False,SUPPORTED,,4ef162320e09086a16f1e130b09a507d399438740647147560f339cd2aa60069
TOTAL_FLUX,0.5,160,0.5,0.0,0.5987063256829237,0.61328125,0.04332445373196591,False,SUPPORTED,,4ef162320e09086a16f1e130b09a507d399438740647147560f339cd2aa60069
DIRECT_PHYSICAL,0.5,161,0.5,0.0,0.5987063256829237,0.544921875,0.04332445373196591,False,SUPPORTED,,4ef162320e09086a16f1e130b09a507d399438740647147560f339cd2aa60069
RESOLVED_PHYSICAL,0.5,161,0.5,0.0,0.5987063256829237,0.5625,0.04332445373196591,False,SUPPORTED,,4ef162320e09086a16f1e130b09a507d399438740647147560f339cd2aa60069
UNRESOLVED_IMAGE,0.5,161,0.49999999999999994,1.1102230246251565e-16,0.5987063256829237,0.615234375,0.04332445373196591,False,SUPPORTED,,4ef162320e09086a16f1e130b09a507d399438740647147560f339cd2aa60069
TOTAL_FLUX,0.5,161,0.5,0.0,0.5987063256829237,0.6015625,0.04332445373196591,False,SUPPORTED,,4ef162320e09086a16f1e130b09a507d399438740647147560f339cd2aa60069
DIRECT_PHYSICAL,0.5,162,0.49999999999999994,1.1102230246251565e-16,0.5987063256829237,0.552734375,0.04332445373196591,False,SUPPORTED,,4ef162320e09086a16f1e130b09a507d399438740647147560f339cd2aa60069
RESOLVED_PHYSICAL,0.5,162,0.49999999999999994,1.1102230246251565e-16,0.5987063256829237,0.599609375,0.04332445373196591,False,SUPPORTED,,4ef162320e09086a16f1e130b09a507d399438740647147560f339cd2aa60069
UNRESOLVED_IMAGE,0.5,162,0.5,0.0,0.5987063256829237,0.58984375,0.04332445373196591,False,SUPPORTED,,4ef162320e09086a16f1e130b09a507d399438740647147560f339cd2aa60069
TOTAL_FLUX,0.5,162,0.5,0.0,0.5987063256829237,0.619140625,0.04332445373196591,False,SUPPORTED,,4ef162320e09086a16f1e130b09a507d399438740647147560f339cd2aa60069
DIRECT_PHYSICAL,0.5,163,0.49999999999999994,1.1102230246251565e-16,0.5987063256829237,0.587890625,0.04332445373196591,False,SUPPORTED,,4ef162320e09086a16f1e130b09a507d399438740647147560f339cd2aa60069
RESOLVED_PHYSICAL,0.5,163,0.5,0.0,0.5987063256829237,0.59375,0.04332445373196591,False,SUPPORTED,,4ef162320e09086a16f1e130b09a507d399438740647147560f339cd2aa60069
UNRESOLVED_IMAGE,0.5,163,0.49999999999999994,1.1102230246251565e-16,0.5987063256829237,0.607421875,0.04332445373196591,False,SUPPORTED,,4ef162320e09086a16f1e130b09a507d399438740647147560f339cd2aa60069
TOTAL_FLUX,0.5,163,0.5000000000000002,4.440892098500626e-16,0.5987063256829238,0.638671875,0.0433244537319659,False,SUPPORTED,,4ef162320e09086a16f1e130b09a507d399438740647147560f339cd2aa60069
DIRECT_PHYSICAL,0.5,164,0.49999999999999994,1.1102230246251565e-16,0.5987063256829237,0.583984375,0.04332445373196591,False,SUPPORTED,,4ef162320e09086a16f1e130b09a507d399438740647147560f339cd2aa60069
RESOLVED_PHYSICAL,0.5,164,0.5000000000000001,2.220446049250313e-16,0.5987063256829237,0.5625,0.04332445373196591,False,SUPPORTED,,4ef162320e09086a16f1e130b09a507d399438740647147560f339cd2aa60069
UNRESOLVED_IMAGE,0.5,164,0.49999999999999994,1.1102230246251565e-16,0.5987063256829237,0.576171875,0.04332445373196591,False,SUPPORTED,,4ef162320e09086a16f1e130b09a507d399438740647147560f339cd2aa60069
TOTAL_FLUX,0.5,164,0.5,0.0,0.5987063256829237,0.625,0.04332445373196591,False,SUPPORTED,,4ef162320e09086a16f1e130b09a507d399438740647147560f339cd2aa60069
DIRECT_PHYSICAL,0.5,165,0.5000000000000002,4.440892098500626e-16,0.5987063256829238,0.59375,0.0433244537319659,False,SUPPORTED,,4ef162320e09086a16f1e130b09a507d399438740647147560f339cd2aa60069
RESOLVED_PHYSICAL,0.5,165,0.49999999999999994,1.1102230246251565e-16,0.5987063256829237,0.6015625,0.04332445373196591,False,SUPPORTED,,4ef162320e09086a16f1e130b09a507d399438740647147560f339cd2aa60069
UNRESOLVED_IMAGE,0.5,165,0.5000000000000001,2.220446049250313e-16,0.5987063256829237,0.615234375,0.04332445373196591,False,SUPPORTED,,4ef162320e09086a16f1e130b09a507d399438740647147560f339cd2aa60069
TOTAL_FLUX,0.5,165,0.49999999999999994,1.1102230246251565e-16,0.5987063256829237,0.623046875,0.04332445373196591,False,SUPPORTED,,4ef162320e09086a16f1e130b09a507d399438740647147560f339cd2aa60069
DIRECT_PHYSICAL,0.5,166,0.49999999999999994,1.1102230246251565e-16,0.5987063256829237,0.6015625,0.04332445373196591,False,SUPPORTED,,4ef162320e09086a16f1e130b09a507d399438740647147560f339cd2aa60069
RESOLVED_PHYSICAL,0.5,166,0.5,0.0,0.5987063256829237,0.61328125,0.04332445373196591,False,SUPPORTED,,4ef162320e09086a16f1e130b09a507d399438740647147560f339cd2aa60069
UNRESOLVED_IMAGE,0.5,166,0.49999999999999994,1.1102230246251565e-16,0.5987063256829237,0.607421875,0.04332445373196591,False,SUPPORTED,,4ef162320e09086a16f1e130b09a507d399438740647147560f339cd2aa60069
TOTAL_FLUX,0.5,166,0.5000000000000002,4.440892098500626e-16,0.5987063256829238,0.6015625,0.0433244537319659,False,SUPPORTED,,4ef162320e09086a16f1e130b09a507d399438740647147560f339cd2aa60069
DIRECT_PHYSICAL,0.5,167,0.5000000000000001,2.220446049250313e-16,0.5987063256829237,0.611328125,0.04332445373196591,False,SUPPORTED,,4ef162320e09086a16f1e130b09a507d399438740647147560f339cd2aa60069
RESOLVED_PHYSICAL,0.5,167,0.5000000000000001,2.220446049250313e-16,0.5987063256829237,0.58984375,0.04332445373196591,False,SUPPORTED,,4ef162320e09086a16f1e130b09a507d399438740647147560f339cd2aa60069
UNRESOLVED_IMAGE,0.5,167,0.49999999999999994,1.1102230246251565e-16,0.5987063256829237,0.55078125,0.04332445373196591,False,SUPPORTED,,4ef162320e09086a16f1e130b09a507d399438740647147560f339cd2aa60069
TOTAL_FLUX,0.5,167,0.49999999999999983,3.3306690738754696e-16,0.5987063256829237,0.626953125,0.04332445373196591,False,SUPPORTED,,4ef162320e09086a16f1e130b09a507d399438740647147560f339cd2aa60069
DIRECT_PHYSICAL,0.5,168,0.5,0.0,0.5987063256829237,0.609375,0.04332445373196591,False,SUPPORTED,,4ef162320e09086a16f1e130b09a507d399438740647147560f339cd2aa60069
RESOLVED_PHYSICAL,0.5,168,0.49999999999999994,1.1102230246251565e-16,0.5987063256829237,0.61328125,0.04332445373196591,False,SUPPORTED,,4ef162320e09086a16f1e130b09a507d399438740647147560f339cd2aa60069
UNRESOLVED_IMAGE,0.5,168,0.5,0.0,0.5987063256829237,0.591796875,0.04332445373196591,False,SUPPORTED,,4ef162320e09086a16f1e130b09a507d399438740647147560f339cd2aa60069
TOTAL_FLUX,0.5,168,0.49999999999999994,1.1102230246251565e-16,0.5987063256829237,0.60546875,0.04332445373196591,False,SUPPORTED,,4ef162320e09086a16f1e130b09a507d399438740647147560f339cd2aa60069
DIRECT_PHYSICAL,0.5,169,0.49999999999999994,1.1102230246251565e-16,0.5987063256829237,0.611328125,0.04332445373196591,False,SUPPORTED,,4ef162320e09086a16f1e130b09a507d399438740647147560f339cd2aa60069
RESOLVED_PHYSICAL,0.5,169,0.5000000000000001,2.220446049250313e-16,0.5987063256829237,0.55859375,0.04332445373196591,False,SUPPORTED,,4ef162320e09086a16f1e130b09a507d399438740647147560f339cd2aa60069
UNRESOLVED_IMAGE,0.5,169,0.5,0.0,0.5987063256829237,0.6328125,0.04332445373196591,False,SUPPORTED,,4ef162320e09086a16f1e130b09a507d399438740647147560f339cd2aa60069
TOTAL_FLUX,0.5,169,0.5000000000000001,2.220446049250313e-16,0.5987063256829237,0.611328125,0.04332445373196591,False,SUPPORTED,,4ef162320e09086a16f1e130b09a507d399438740647147560f339cd2aa60069
DIRECT_PHYSICAL,0.5,170,0.49999999999999994,1.1102230246251565e-16,0.5987063256829237,0.63671875,0.04332445373196591,False,SUPPORTED,,4ef162320e09086a16f1e130b09a507d399438740647147560f339cd2aa60069
RESOLVED_PHYSICAL,0.5,170,0.49999999999999994,1.1102230246251565e-16,0.5987063256829237,0.615234375,0.04332445373196591,False,SUPPORTED,,4ef162320e09086a16f1e130b09a507d399438740647147560f339cd2aa60069
UNRESOLVED_IMAGE,0.5,170,0.49999999999999994,1.1102230246251565e-16,0.5987063256829237,0.58203125,0.04332445373196591,False,SUPPORTED,,4ef162320e09086a16f1e130b09a507d399438740647147560f339cd2aa60069
TOTAL_FLUX,0.5,170,0.4999999999999999,2.220446049250313e-16,0.5987063256829237,0.6171875,0.04332445373196591,False,SUPPORTED,,4ef162320e09086a16f1e130b09a507d399438740647147560f339cd2aa60069
DIRECT_PHYSICAL,0.5,171,0.4999999999999998,4.440892098500626e-16,0.5987063256829237,0.65625,0.04332445373196591,True,SUPPORTED,,4ef162320e09086a16f1e130b09a507d399438740647147560f339cd2aa60069
RESOLVED_PHYSICAL,0.5,171,0.5,0.0,0.5987063256829237,0.576171875,0.04332445373196591,False,SUPPORTED,,4ef162320e09086a16f1e130b09a507d399438740647147560f339cd2aa60069
UNRESOLVED_IMAGE,0.5,171,0.5000000000000001,2.220446049250313e-16,0.5987063256829237,0.587890625,0.04332445373196591,False,SUPPORTED,,4ef162320e09086a16f1e130b09a507d399438740647147560f339cd2aa60069
TOTAL_FLUX,0.5,171,0.5000000000000002,4.440892098500626e-16,0.5987063256829238,0.59765625,0.0433244537319659,False,SUPPORTED,,4ef162320e09086a16f1e130b09a507d399438740647147560f339cd2aa60069
DIRECT_PHYSICAL,0.5,172,0.5,0.0,0.5987063256829237,0.595703125,0.04332445373196591,False,SUPPORTED,,4ef162320e09086a16f1e130b09a507d399438740647147560f339cd2aa60069
RESOLVED_PHYSICAL,0.5,172,0.5,0.0,0.5987063256829237,0.5859375,0.04332445373196591,False,SUPPORTED,,4ef162320e09086a16f1e130b09a507d399438740647147560f339cd2aa60069
UNRESOLVED_IMAGE,0.5,172,0.5,0.0,0.5987063256829237,0.568359375,0.04332445373196591,False,SUPPORTED,,4ef162320e09086a16f1e130b09a507d399438740647147560f339cd2aa60069
TOTAL_FLUX,0.5,172,0.49999999999999994,1.1102230246251565e-16,0.5987063256829237,0.599609375,0.04332445373196591,False,SUPPORTED,,4ef162320e09086a16f1e130b09a507d399438740647147560f339cd2aa60069
DIRECT_PHYSICAL,0.5,173,0.49999999999999994,1.1102230246251565e-16,0.5987063256829237,0.58984375,0.04332445373196591,False,SUPPORTED,,4ef162320e09086a16f1e130b09a507d399438740647147560f339cd2aa60069
RESOLVED_PHYSICAL,0.5,173,0.4999999999999999,2.220446049250313e-16,0.5987063256829237,0.556640625,0.04332445373196591,False,SUPPORTED,,4ef162320e09086a16f1e130b09a507d399438740647147560f339cd2aa60069
UNRESOLVED_IMAGE,0.5,173,0.5,0.0,0.5987063256829237,0.5859375,0.04332445373196591,False,SUPPORTED,,4ef162320e09086a16f1e130b09a507d399438740647147560f339cd2aa60069
TOTAL_FLUX,0.5,173,0.5,0.0,0.5987063256829237,0.572265625,0.04332445373196591,False,SUPPORTED,,4ef162320e09086a16f1e130b09a507d399438740647147560f339cd2aa60069
DIRECT_PHYSICAL,0.5,174,0.5,0.0,0.5987063256829237,0.580078125,0.04332445373196591,False,SUPPORTED,,4ef162320e09086a16f1e130b09a507d399438740647147560f339cd2aa60069
RESOLVED_PHYSICAL,0.5,174,0.4999999999999999,2.220446049250313e-16,0.5987063256829237,0.6015625,0.04332445373196591,False,SUPPORTED,,4ef162320e09086a16f1e130b09a507d399438740647147560f339cd2aa60069
UNRESOLVED_IMAGE,0.5,174,0.5000000000000001,2.220446049250313e-16,0.5987063256829237,0.564453125,0.04332445373196591,False,SUPPORTED,,4ef162320e09086a16f1e130b09a507d399438740647147560f339cd2aa60069
TOTAL_FLUX,0.5,174,0.49999999999999944,1.1102230246251565e-15,0.5987063256829236,0.60546875,0.04332445373196591,False,SUPPORTED,,4ef162320e09086a16f1e130b09a507d399438740647147560f339cd2aa60069
DIRECT_PHYSICAL,0.5,175,0.4999999999999999,2.220446049250313e-16,0.5987063256829237,0.5625,0.04332445373196591,False,SUPPORTED,,4ef162320e09086a16f1e130b09a507d399438740647147560f339cd2aa60069
RESOLVED_PHYSICAL,0.5,175,0.49999999999999994,1.1102230246251565e-16,0.5987063256829237,0.572265625,0.04332445373196591,False,SUPPORTED,,4ef162320e09086a16f1e130b09a507d399438740647147560f339cd2aa60069
UNRESOLVED_IMAGE,0.5,175,0.5000000000000001,2.220446049250313e-16,0.5987063256829237,0.611328125,0.04332445373196591,False,SUPPORTED,,4ef162320e09086a16f1e130b09a507d399438740647147560f339cd2aa60069
TOTAL_FLUX,0.5,175,0.49999999999999967,6.661338147750939e-16,0.5987063256829237,0.642578125,0.04332445373196591,True,SUPPORTED,,4ef162320e09086a16f1e130b09a507d399438740647147560f339cd2aa60069
DIRECT_PHYSICAL,0.5,176,0.5,0.0,0.5987063256829237,0.583984375,0.04332445373196591,False,SUPPORTED,,4ef162320e09086a16f1e130b09a507d399438740647147560f339cd2aa60069
RESOLVED_PHYSICAL,0.5,176,0.5,0.0,0.5987063256829237,0.58984375,0.04332445373196591,False,SUPPORTED,,4ef162320e09086a16f1e130b09a507d399438740647147560f339cd2aa60069
UNRESOLVED_IMAGE,0.5,176,0.5000000000000001,2.220446049250313e-16,0.5987063256829237,0.63671875,0.04332445373196591,False,SUPPORTED,,4ef162320e09086a16f1e130b09a507d399438740647147560f339cd2aa60069
TOTAL_FLUX,0.5,176,0.4999999999999994,1.2212453270876722e-15,0.5987063256829236,0.595703125,0.04332445373196591,False,SUPPORTED,,4ef162320e09086a16f1e130b09a507d399438740647147560f339cd2aa60069
DIRECT_PHYSICAL,0.5,177,0.4999999999999999,2.220446049250313e-16,0.5987063256829237,0.572265625,0.04332445373196591,False,SUPPORTED,,4ef162320e09086a16f1e130b09a507d399438740647147560f339cd2aa60069
RESOLVED_PHYSICAL,0.5,177,0.49999999999999994,1.1102230246251565e-16,0.5987063256829237,0.609375,0.04332445373196591,False,SUPPORTED,,4ef162320e09086a16f1e130b09a507d399438740647147560f339cd2aa60069
UNRESOLVED_IMAGE,0.5,177,0.49999999999999994,1.1102230246251565e-16,0.5987063256829237,0.60546875,0.04332445373196591,False,SUPPORTED,,4ef162320e09086a16f1e130b09a507d399438740647147560f339cd2aa60069
TOTAL_FLUX,0.5,177,0.49999999999999994,1.1102230246251565e-16,0.5987063256829237,0.587890625,0.04332445373196591,False,SUPPORTED,,4ef162320e09086a16f1e130b09a507d399438740647147560f339cd2aa60069
DIRECT_PHYSICAL,0.5,178,0.5,0.0,0.5987063256829237,0.578125,0.04332445373196591,False,SUPPORTED,,4ef162320e09086a16f1e130b09a507d399438740647147560f339cd2aa60069
RESOLVED_PHYSICAL,0.5,178,0.49999999999999994,1.1102230246251565e-16,0.5987063256829237,0.568359375,0.04332445373196591,False,SUPPORTED,,4ef162320e09086a16f1e130b09a507d399438740647147560f339cd2aa60069
UNRESOLVED_IMAGE,0.5,178,0.5,0.0,0.5987063256829237,0.599609375,0.04332445373196591,False,SUPPORTED,,4ef162320e09086a16f1e130b09a507d399438740647147560f339cd2aa60069
TOTAL_FLUX,0.5,178,0.49999999999999994,1.1102230246251565e-16,0.5987063256829237,0.638671875,0.04332445373196591,False,SUPPORTED,,4ef162320e09086a16f1e130b09a507d399438740647147560f339cd2aa60069
DIRECT_PHYSICAL,0.5,179,0.49999999999999994,1.1102230246251565e-16,0.5987063256829237,0.62109375,0.04332445373196591,False,SUPPORTED,,4ef162320e09086a16f1e130b09a507d399438740647147560f339cd2aa60069
RESOLVED_PHYSICAL,0.5,179,0.49999999999999994,1.1102230246251565e-16,0.5987063256829237,0.607421875,0.04332445373196591,False,SUPPORTED,,4ef162320e09086a16f1e130b09a507d399438740647147560f339cd2aa60069
UNRESOLVED_IMAGE,0.5,179,0.5,0.0,0.5987063256829237,0.603515625,0.04332445373196591,False,SUPPORTED,,4ef162320e09086a16f1e130b09a507d399438740647147560f339cd2aa60069
TOTAL_FLUX,0.5,179,0.5000000000000001,2.220446049250313e-16,0.5987063256829237,0.62109375,0.04332445373196591,False,SUPPORTED,,4ef162320e09086a16f1e130b09a507d399438740647147560f339cd2aa60069
DIRECT_PHYSICAL,0.5,180,0.5,0.0,0.5987063256829237,0.6171875,0.04332445373196591,False,SUPPORTED,,4ef162320e09086a16f1e130b09a507d399438740647147560f339cd2aa60069
RESOLVED_PHYSICAL,0.5,180,0.5,0.0,0.5987063256829237,0.56640625,0.04332445373196591,False,SUPPORTED,,4ef162320e09086a16f1e130b09a507d399438740647147560f339cd2aa60069
UNRESOLVED_IMAGE,0.5,180,0.5,0.0,0.5987063256829237,0.58203125,0.04332445373196591,False,SUPPORTED,,4ef162320e09086a16f1e130b09a507d399438740647147560f339cd2aa60069
TOTAL_FLUX,0.5,180,0.5000000000000001,2.220446049250313e-16,0.5987063256829237,0.640625,0.04332445373196591,False,SUPPORTED,,4ef162320e09086a16f1e130b09a507d399438740647147560f339cd2aa60069
DIRECT_PHYSICAL,0.5,181,0.49999999999999994,1.1102230246251565e-16,0.5987063256829237,0.578125,0.04332445373196591,False,SUPPORTED,,4ef162320e09086a16f1e130b09a507d399438740647147560f339cd2aa60069
RESOLVED_PHYSICAL,0.5,181,0.49999999999999994,1.1102230246251565e-16,0.5987063256829237,0.583984375,0.04332445373196591,False,SUPPORTED,,4ef162320e09086a16f1e130b09a507d399438740647147560f339cd2aa60069
UNRESOLVED_IMAGE,0.5,181,0.5,0.0,0.5987063256829237,0.595703125,0.04332445373196591,False,SUPPORTED,,4ef162320e09086a16f1e130b09a507d399438740647147560f339cd2aa60069
TOTAL_FLUX,0.5,181,0.5,0.0,0.5987063256829237,0.615234375,0.04332445373196591,False,SUPPORTED,,4ef162320e09086a16f1e130b09a507d399438740647147560f339cd2aa60069
DIRECT_PHYSICAL,0.5,182,0.5,0.0,0.5987063256829237,0.591796875,0.04332445373196591,False,SUPPORTED,,4ef162320e09086a16f1e130b09a507d399438740647147560f339cd2aa60069
RESOLVED_PHYSICAL,0.5,182,0.49999999999999994,1.1102230246251565e-16,0.5987063256829237,0.603515625,0.04332445373196591,False,SUPPORTED,,4ef162320e09086a16f1e130b09a507d399438740647147560f339cd2aa60069
UNRESOLVED_IMAGE,0.5,182,0.5,0.0,0.5987063256829237,0.59765625,0.04332445373196591,False,SUPPORTED,,4ef162320e09086a16f1e130b09a507d399438740647147560f339cd2aa60069
TOTAL_FLUX,0.5,182,0.5,0.0,0.5987063256829237,0.595703125,0.04332445373196591,False,SUPPORTED,,4ef162320e09086a16f1e130b09a507d399438740647147560f339cd2aa60069
DIRECT_PHYSICAL,0.5,183,0.5,0.0,0.5987063256829237,0.583984375,0.04332445373196591,False,SUPPORTED,,4ef162320e09086a16f1e130b09a507d399438740647147560f339cd2aa60069
RESOLVED_PHYSICAL,0.5,183,0.5,0.0,0.5987063256829237,0.625,0.04332445373196591,False,SUPPORTED,,4ef162320e09086a16f1e130b09a507d399438740647147560f339cd2aa60069
UNRESOLVED_IMAGE,0.5,183,0.4999999999999999,2.220446049250313e-16,0.5987063256829237,0.578125,0.04332445373196591,False,SUPPORTED,,4ef162320e09086a16f1e130b09a507d399438740647147560f339cd2aa60069
TOTAL_FLUX,0.5,183,0.5,0.0,0.5987063256829237,0.591796875,0.04332445373196591,False,SUPPORTED,,4ef162320e09086a16f1e130b09a507d399438740647147560f339cd2aa60069
DIRECT_PHYSICAL,0.5,184,0.5,0.0,0.5987063256829237,0.607421875,0.04332445373196591,False,SUPPORTED,,4ef162320e09086a16f1e130b09a507d399438740647147560f339cd2aa60069
RESOLVED_PHYSICAL,0.5,184,0.5,0.0,0.5987063256829237,0.62109375,0.04332445373196591,False,SUPPORTED,,4ef162320e09086a16f1e130b09a507d399438740647147560f339cd2aa60069
UNRESOLVED_IMAGE,0.5,184,0.5000000000000001,2.220446049250313e-16,0.5987063256829237,0.6015625,0.04332445373196591,False,SUPPORTED,,4ef162320e09086a16f1e130b09a507d399438740647147560f339cd2aa60069
TOTAL_FLUX,0.5,184,0.4999999999999998,4.440892098500626e-16,0.5987063256829237,0.62890625,0.04332445373196591,False,SUPPORTED,,4ef162320e09086a16f1e130b09a507d399438740647147560f339cd2aa60069
DIRECT_PHYSICAL,0.5,185,0.4999999999999999,2.220446049250313e-16,0.5987063256829237,0.5703125,0.04332445373196591,False,SUPPORTED,,4ef162320e09086a16f1e130b09a507d399438740647147560f339cd2aa60069
RESOLVED_PHYSICAL,0.5,185,0.5,0.0,0.5987063256829237,0.591796875,0.04332445373196591,False,SUPPORTED,,4ef162320e09086a16f1e130b09a507d399438740647147560f339cd2aa60069
UNRESOLVED_IMAGE,0.5,185,0.5,0.0,0.5987063256829237,0.599609375,0.04332445373196591,False,SUPPORTED,,4ef162320e09086a16f1e130b09a507d399438740647147560f339cd2aa60069
TOTAL_FLUX,0.5,185,0.49999999999999994,1.1102230246251565e-16,0.5987063256829237,0.58984375,0.04332445373196591,False,SUPPORTED,,4ef162320e09086a16f1e130b09a507d399438740647147560f339cd2aa60069
DIRECT_PHYSICAL,0.5,186,0.49999999999999994,1.1102230246251565e-16,0.5987063256829237,0.591796875,0.04332445373196591,False,SUPPORTED,,4ef162320e09086a16f1e130b09a507d399438740647147560f339cd2aa60069
RESOLVED_PHYSICAL,0.5,186,0.5,0.0,0.5987063256829237,0.623046875,0.04332445373196591,False,SUPPORTED,,4ef162320e09086a16f1e130b09a507d399438740647147560f339cd2aa60069
UNRESOLVED_IMAGE,0.5,186,0.5,0.0,0.5987063256829237,0.626953125,0.04332445373196591,False,SUPPORTED,,4ef162320e09086a16f1e130b09a507d399438740647147560f339cd2aa60069
TOTAL_FLUX,0.5,186,0.5000000000000001,2.220446049250313e-16,0.5987063256829237,0.61328125,0.04332445373196591,False,SUPPORTED,,4ef162320e09086a16f1e130b09a507d399438740647147560f339cd2aa60069
DIRECT_PHYSICAL,0.5,187,0.4999999999999999,2.220446049250313e-16,0.5987063256829237,0.583984375,0.04332445373196591,False,SUPPORTED,,4ef162320e09086a16f1e130b09a507d399438740647147560f339cd2aa60069
RESOLVED_PHYSICAL,0.5,187,0.49999999999999994,1.1102230246251565e-16,0.5987063256829237,0.619140625,0.04332445373196591,False,SUPPORTED,,4ef162320e09086a16f1e130b09a507d399438740647147560f339cd2aa60069
UNRESOLVED_IMAGE,0.5,187,0.4999999999999999,2.220446049250313e-16,0.5987063256829237,0.6015625,0.04332445373196591,False,SUPPORTED,,4ef162320e09086a16f1e130b09a507d399438740647147560f339cd2aa60069
TOTAL_FLUX,0.5,187,0.4999999999999999,2.220446049250313e-16,0.5987063256829237,0.595703125,0.04332445373196591,False,SUPPORTED,,4ef162320e09086a16f1e130b09a507d399438740647147560f339cd2aa60069
DIRECT_PHYSICAL,0.5,188,0.5000000000000001,2.220446049250313e-16,0.5987063256829237,0.619140625,0.04332445373196591,False,SUPPORTED,,4ef162320e09086a16f1e130b09a507d399438740647147560f339cd2aa60069
RESOLVED_PHYSICAL,0.5,188,0.5,0.0,0.5987063256829237,0.6171875,0.04332445373196591,False,SUPPORTED,,4ef162320e09086a16f1e130b09a507d399438740647147560f339cd2aa60069
UNRESOLVED_IMAGE,0.5,188,0.5,0.0,0.5987063256829237,0.6015625,0.04332445373196591,False,SUPPORTED,,4ef162320e09086a16f1e130b09a507d399438740647147560f339cd2aa60069
TOTAL_FLUX,0.5,188,0.49999999999999983,3.3306690738754696e-16,0.5987063256829237,0.619140625,0.04332445373196591,False,SUPPORTED,,4ef162320e09086a16f1e130b09a507d399438740647147560f339cd2aa60069
DIRECT_PHYSICAL,0.5,189,0.49999999999999994,1.1102230246251565e-16,0.5987063256829237,0.623046875,0.04332445373196591,False,SUPPORTED,,4ef162320e09086a16f1e130b09a507d399438740647147560f339cd2aa60069
RESOLVED_PHYSICAL,0.5,189,0.5,0.0,0.5987063256829237,0.60546875,0.04332445373196591,False,SUPPORTED,,4ef162320e09086a16f1e130b09a507d399438740647147560f339cd2aa60069
UNRESOLVED_IMAGE,0.5,189,0.5,0.0,0.5987063256829237,0.630859375,0.04332445373196591,False,SUPPORTED,,4ef162320e09086a16f1e130b09a507d399438740647147560f339cd2aa60069
TOTAL_FLUX,0.5,189,0.5000000000000001,2.220446049250313e-16,0.5987063256829237,0.62890625,0.04332445373196591,False,SUPPORTED,,4ef162320e09086a16f1e130b09a507d399438740647147560f339cd2aa60069
DIRECT_PHYSICAL,0.5,190,0.5,0.0,0.5987063256829237,0.61328125,0.04332445373196591,False,SUPPORTED,,4ef162320e09086a16f1e130b09a507d399438740647147560f339cd2aa60069
RESOLVED_PHYSICAL,0.5,190,0.4999999999999999,2.220446049250313e-16,0.5987063256829237,0.564453125,0.04332445373196591,False,SUPPORTED,,4ef162320e09086a16f1e130b09a507d399438740647147560f339cd2aa60069
UNRESOLVED_IMAGE,0.5,190,0.5,0.0,0.5987063256829237,0.583984375,0.04332445373196591,False,SUPPORTED,,4ef162320e09086a16f1e130b09a507d399438740647147560f339cd2aa60069
TOTAL_FLUX,0.5,190,0.5000000000000001,2.220446049250313e-16,0.5987063256829237,0.55859375,0.04332445373196591,False,SUPPORTED,,4ef162320e09086a16f1e130b09a507d399438740647147560f339cd2aa60069
DIRECT_PHYSICAL,0.5,191,0.5,0.0,0.5987063256829237,0.59375,0.04332445373196591,False,SUPPORTED,,4ef162320e09086a16f1e130b09a507d399438740647147560f339cd2aa60069
RESOLVED_PHYSICAL,0.5,191,0.4999999999999999,2.220446049250313e-16,0.5987063256829237,0.62109375,0.04332445373196591,False,SUPPORTED,,4ef162320e09086a16f1e130b09a507d399438740647147560f339cd2aa60069
UNRESOLVED_IMAGE,0.5,191,0.5,0.0,0.5987063256829237,0.58203125,0.04332445373196591,False,SUPPORTED,,4ef162320e09086a16f1e130b09a507d399438740647147560f339cd2aa60069
TOTAL_FLUX,0.5,191,0.5,0.0,0.5987063256829237,0.5546875,0.04332445373196591,False,SUPPORTED,,4ef162320e09086a16f1e130b09a507d399438740647147560f339cd2aa60069
DIRECT_PHYSICAL,0.5,192,0.5,0.0,0.5987063256829237,0.619140625,0.04332445373196591,False,SUPPORTED,,4ef162320e09086a16f1e130b09a507d399438740647147560f339cd2aa60069
RESOLVED_PHYSICAL,0.5,192,0.49999999999999994,1.1102230246251565e-16,0.5987063256829237,0.6328125,0.04332445373196591,False,SUPPORTED,,4ef162320e09086a16f1e130b09a507d399438740647147560f339cd2aa60069
UNRESOLVED_IMAGE,0.5,192,0.5,0.0,0.5987063256829237,0.591796875,0.04332445373196591,False,SUPPORTED,,4ef162320e09086a16f1e130b09a507d399438740647147560f339cd2aa60069
TOTAL_FLUX,0.5,192,0.5,0.0,0.5987063256829237,0.607421875,0.04332445373196591,False,SUPPORTED,,4ef162320e09086a16f1e130b09a507d399438740647147560f339cd2aa60069
DIRECT_PHYSICAL,0.5,193,0.5,0.0,0.5987063256829237,0.57421875,0.04332445373196591,False,SUPPORTED,,4ef162320e09086a16f1e130b09a507d399438740647147560f339cd2aa60069
RESOLVED_PHYSICAL,0.5,193,0.49999999999999994,1.1102230246251565e-16,0.5987063256829237,0.583984375,0.04332445373196591,False,SUPPORTED,,4ef162320e09086a16f1e130b09a507d399438740647147560f339cd2aa60069
UNRESOLVED_IMAGE,0.5,193,0.5,0.0,0.5987063256829237,0.609375,0.04332445373196591,False,SUPPORTED,,4ef162320e09086a16f1e130b09a507d399438740647147560f339cd2aa60069
TOTAL_FLUX,0.5,193,0.4999999999999999,2.220446049250313e-16,0.5987063256829237,0.623046875,0.04332445373196591,False,SUPPORTED,,4ef162320e09086a16f1e130b09a507d399438740647147560f339cd2aa60069
DIRECT_PHYSICAL,0.5,194,0.5000000000000001,2.220446049250313e-16,0.5987063256829237,0.609375,0.04332445373196591,False,SUPPORTED,,4ef162320e09086a16f1e130b09a507d399438740647147560f339cd2aa60069
RESOLVED_PHYSICAL,0.5,194,0.49999999999999994,1.1102230246251565e-16,0.5987063256829237,0.595703125,0.04332445373196591,False,SUPPORTED,,4ef162320e09086a16f1e130b09a507d399438740647147560f339cd2aa60069
UNRESOLVED_IMAGE,0.5,194,0.49999999999999994,1.1102230246251565e-16,0.5987063256829237,0.60546875,0.04332445373196591,False,SUPPORTED,,4ef162320e09086a16f1e130b09a507d399438740647147560f339cd2aa60069
TOTAL_FLUX,0.5,194,0.5000000000000006,1.1102230246251565e-15,0.5987063256829238,0.54296875,0.0433244537319659,False,SUPPORTED,,4ef162320e09086a16f1e130b09a507d399438740647147560f339cd2aa60069
DIRECT_PHYSICAL,0.5,195,0.5,0.0,0.5987063256829237,0.626953125,0.04332445373196591,False,SUPPORTED,,4ef162320e09086a16f1e130b09a507d399438740647147560f339cd2aa60069
RESOLVED_PHYSICAL,0.5,195,0.5,0.0,0.5987063256829237,0.591796875,0.04332445373196591,False,SUPPORTED,,4ef162320e09086a16f1e130b09a507d399438740647147560f339cd2aa60069
UNRESOLVED_IMAGE,0.5,195,0.49999999999999994,1.1102230246251565e-16,0.5987063256829237,0.609375,0.04332445373196591,False,SUPPORTED,,4ef162320e09086a16f1e130b09a507d399438740647147560f339cd2aa60069
TOTAL_FLUX,0.5,195,0.4999999999999994,1.2212453270876722e-15,0.5987063256829236,0.615234375,0.04332445373196591,False,SUPPORTED,,4ef162320e09086a16f1e130b09a507d399438740647147560f339cd2aa60069
DIRECT_PHYSICAL,0.5,196,0.5,0.0,0.5987063256829237,0.611328125,0.04332445373196591,False,SUPPORTED,,4ef162320e09086a16f1e130b09a507d399438740647147560f339cd2aa60069
RESOLVED_PHYSICAL,0.5,196,0.4999999999999999,2.220446049250313e-16,0.5987063256829237,0.6328125,0.04332445373196591,False,SUPPORTED,,4ef162320e09086a16f1e130b09a507d399438740647147560f339cd2aa60069
UNRESOLVED_IMAGE,0.5,196,0.49999999999999994,1.1102230246251565e-16,0.5987063256829237,0.5859375,0.04332445373196591,False,SUPPORTED,,4ef162320e09086a16f1e130b09a507d399438740647147560f339cd2aa60069
TOTAL_FLUX,0.5,196,0.5000000000000001,2.220446049250313e-16,0.5987063256829237,0.625,0.04332445373196591,False,SUPPORTED,,4ef162320e09086a16f1e130b09a507d399438740647147560f339cd2aa60069
DIRECT_PHYSICAL,0.5,197,0.5000000000000001,2.220446049250313e-16,0.5987063256829237,0.609375,0.04332445373196591,False,SUPPORTED,,4ef162320e09086a16f1e130b09a507d399438740647147560f339cd2aa60069
RESOLVED_PHYSICAL,0.5,197,0.5,0.0,0.5987063256829237,0.65234375,0.04332445373196591,True,SUPPORTED,,4ef162320e09086a16f1e130b09a507d399438740647147560f339cd2aa60069
UNRESOLVED_IMAGE,0.5,197,0.5,0.0,0.5987063256829237,0.55859375,0.04332445373196591,False,SUPPORTED,,4ef162320e09086a16f1e130b09a507d399438740647147560f339cd2aa60069
TOTAL_FLUX,0.5,197,0.49999999999999994,1.1102230246251565e-16,0.5987063256829237,0.57421875,0.04332445373196591,False,SUPPORTED,,4ef162320e09086a16f1e130b09a507d399438740647147560f339cd2aa60069
DIRECT_PHYSICAL,0.5,198,0.49999999999999994,1.1102230246251565e-16,0.5987063256829237,0.611328125,0.04332445373196591,False,SUPPORTED,,4ef162320e09086a16f1e130b09a507d399438740647147560f339cd2aa60069
RESOLVED_PHYSICAL,0.5,198,0.5,0.0,0.5987063256829237,0.630859375,0.04332445373196591,False,SUPPORTED,,4ef162320e09086a16f1e130b09a507d399438740647147560f339cd2aa60069
UNRESOLVED_IMAGE,0.5,198,0.5,0.0,0.5987063256829237,0.56640625,0.04332445373196591,False,SUPPORTED,,4ef162320e09086a16f1e130b09a507d399438740647147560f339cd2aa60069
TOTAL_FLUX,0.5,198,0.49999999999999994,1.1102230246251565e-16,0.5987063256829237,0.62890625,0.04332445373196591,False,SUPPORTED,,4ef162320e09086a16f1e130b09a507d399438740647147560f339cd2aa60069
DIRECT_PHYSICAL,0.5,199,0.5,0.0,0.5987063256829237,0.56640625,0.04332445373196591,False,SUPPORTED,,4ef162320e09086a16f1e130b09a507d399438740647147560f339cd2aa60069
RESOLVED_PHYSICAL,0.5,199,0.49999999999999994,1.1102230246251565e-16,0.5987063256829237,0.5859375,0.04332445373196591,False,SUPPORTED,,4ef162320e09086a16f1e130b09a507d399438740647147560f339cd2aa60069
UNRESOLVED_IMAGE,0.5,199,0.5,0.0,0.5987063256829237,0.59765625,0.04332445373196591,False,SUPPORTED,,4ef162320e09086a16f1e130b09a507d399438740647147560f339cd2aa60069
TOTAL_FLUX,0.5,199,0.5,0.0,0.5987063256829237,0.58984375,0.04332445373196591,False,SUPPORTED,,4ef162320e09086a16f1e130b09a507d399438740647147560f339cd2aa60069
DIRECT_PHYSICAL,1.0,0,1.0,0.0,0.6914624612740131,0.671875,0.040825670340762725,False,SUPPORTED,,4ef162320e09086a16f1e130b09a507d399438740647147560f339cd2aa60069
RESOLVED_PHYSICAL,1.0,0,0.9999999999999999,1.1102230246251565e-16,0.691462461274013,0.65234375,0.040825670340762725,False,SUPPORTED,,4ef162320e09086a16f1e130b09a507d399438740647147560f339cd2aa60069
UNRESOLVED_IMAGE,1.0,0,0.9999999999999998,2.220446049250313e-16,0.691462461274013,0.70703125,0.040825670340762725,False,SUPPORTED,,4ef162320e09086a16f1e130b09a507d399438740647147560f339cd2aa60069
TOTAL_FLUX,1.0,0,0.9999999999999999,1.1102230246251565e-16,0.691462461274013,0.697265625,0.040825670340762725,False,SUPPORTED,,4ef162320e09086a16f1e130b09a507d399438740647147560f339cd2aa60069
DIRECT_PHYSICAL,1.0,1,0.9999999999999997,3.3306690738754696e-16,0.691462461274013,0.677734375,0.040825670340762725,False,SUPPORTED,,4ef162320e09086a16f1e130b09a507d399438740647147560f339cd2aa60069
RESOLVED_PHYSICAL,1.0,1,1.0000000000000002,2.220446049250313e-16,0.6914624612740131,0.71484375,0.040825670340762725,False,SUPPORTED,,4ef162320e09086a16f1e130b09a507d399438740647147560f339cd2aa60069
UNRESOLVED_IMAGE,1.0,1,0.9999999999999998,2.220446049250313e-16,0.691462461274013,0.69921875,0.040825670340762725,False,SUPPORTED,,4ef162320e09086a16f1e130b09a507d399438740647147560f339cd2aa60069
TOTAL_FLUX,1.0,1,1.0000000000000004,4.440892098500626e-16,0.6914624612740132,0.673828125,0.04082567034076272,False,SUPPORTED,,4ef162320e09086a16f1e130b09a507d399438740647147560f339cd2aa60069
DIRECT_PHYSICAL,1.0,2,1.0,0.0,0.6914624612740131,0.697265625,0.040825670340762725,False,SUPPORTED,,4ef162320e09086a16f1e130b09a507d399438740647147560f339cd2aa60069
RESOLVED_PHYSICAL,1.0,2,0.9999999999999998,2.220446049250313e-16,0.691462461274013,0.685546875,0.040825670340762725,False,SUPPORTED,,4ef162320e09086a16f1e130b09a507d399438740647147560f339cd2aa60069
UNRESOLVED_IMAGE,1.0,2,1.0,0.0,0.6914624612740131,0.6796875,0.040825670340762725,False,SUPPORTED,,4ef162320e09086a16f1e130b09a507d399438740647147560f339cd2aa60069
TOTAL_FLUX,1.0,2,0.9999999999999998,2.220446049250313e-16,0.691462461274013,0.65625,0.040825670340762725,False,SUPPORTED,,4ef162320e09086a16f1e130b09a507d399438740647147560f339cd2aa60069
DIRECT_PHYSICAL,1.0,3,0.9999999999999999,1.1102230246251565e-16,0.691462461274013,0.705078125,0.040825670340762725,False,SUPPORTED,,4ef162320e09086a16f1e130b09a507d399438740647147560f339cd2aa60069
RESOLVED_PHYSICAL,1.0,3,0.9999999999999999,1.1102230246251565e-16,0.691462461274013,0.697265625,0.040825670340762725,False,SUPPORTED,,4ef162320e09086a16f1e130b09a507d399438740647147560f339cd2aa60069
UNRESOLVED_IMAGE,1.0,3,1.0,0.0,0.6914624612740131,0.712890625,0.040825670340762725,False,SUPPORTED,,4ef162320e09086a16f1e130b09a507d399438740647147560f339cd2aa60069
TOTAL_FLUX,1.0,3,1.0,0.0,0.6914624612740131,0.69140625,0.040825670340762725,False,SUPPORTED,,4ef162320e09086a16f1e130b09a507d399438740647147560f339cd2aa60069
DIRECT_PHYSICAL,1.0,4,0.9999999999999999,1.1102230246251565e-16,0.691462461274013,0.693359375,0.040825670340762725,False,SUPPORTED,,4ef162320e09086a16f1e130b09a507d399438740647147560f339cd2aa60069
RESOLVED_PHYSICAL,1.0,4,1.0000000000000002,2.220446049250313e-16,0.6914624612740131,0.6953125,0.040825670340762725,False,SUPPORTED,,4ef162320e09086a16f1e130b09a507d399438740647147560f339cd2aa60069
UNRESOLVED_IMAGE,1.0,4,1.0,0.0,0.6914624612740131,0.720703125,0.040825670340762725,False,SUPPORTED,,4ef162320e09086a16f1e130b09a507d399438740647147560f339cd2aa60069
TOTAL_FLUX,1.0,4,0.9999999999999994,5.551115123125783e-16,0.691462461274013,0.689453125,0.040825670340762725,False,SUPPORTED,,4ef162320e09086a16f1e130b09a507d399438740647147560f339cd2aa60069
DIRECT_PHYSICAL,1.0,5,0.9999999999999998,2.220446049250313e-16,0.691462461274013,0.70703125,0.040825670340762725,False,SUPPORTED,,4ef162320e09086a16f1e130b09a507d399438740647147560f339cd2aa60069
RESOLVED_PHYSICAL,1.0,5,0.9999999999999999,1.1102230246251565e-16,0.691462461274013,0.703125,0.040825670340762725,False,SUPPORTED,,4ef162320e09086a16f1e130b09a507d399438740647147560f339cd2aa60069
UNRESOLVED_IMAGE,1.0,5,0.9999999999999998,2.220446049250313e-16,0.691462461274013,0.63671875,0.040825670340762725,False,SUPPORTED,,4ef162320e09086a16f1e130b09a507d399438740647147560f339cd2aa60069
TOTAL_FLUX,1.0,5,1.0000000000000004,4.440892098500626e-16,0.6914624612740132,0.712890625,0.04082567034076272,False,SUPPORTED,,4ef162320e09086a16f1e130b09a507d399438740647147560f339cd2aa60069
DIRECT_PHYSICAL,1.0,6,1.0,0.0,0.6914624612740131,0.685546875,0.040825670340762725,False,SUPPORTED,,4ef162320e09086a16f1e130b09a507d399438740647147560f339cd2aa60069
RESOLVED_PHYSICAL,1.0,6,0.9999999999999999,1.1102230246251565e-16,0.691462461274013,0.705078125,0.040825670340762725,False,SUPPORTED,,4ef162320e09086a16f1e130b09a507d399438740647147560f339cd2aa60069
UNRESOLVED_IMAGE,1.0,6,1.0000000000000002,2.220446049250313e-16,0.6914624612740131,0.7109375,0.040825670340762725,False,SUPPORTED,,4ef162320e09086a16f1e130b09a507d399438740647147560f339cd2aa60069
TOTAL_FLUX,1.0,6,1.0000000000000002,2.220446049250313e-16,0.6914624612740131,0.69140625,0.040825670340762725,False,SUPPORTED,,4ef162320e09086a16f1e130b09a507d399438740647147560f339cd2aa60069
DIRECT_PHYSICAL,1.0,7,1.0,0.0,0.6914624612740131,0.6875,0.040825670340762725,False,SUPPORTED,,4ef162320e09086a16f1e130b09a507d399438740647147560f339cd2aa60069
RESOLVED_PHYSICAL,1.0,7,0.9999999999999999,1.1102230246251565e-16,0.691462461274013,0.705078125,0.040825670340762725,False,SUPPORTED,,4ef162320e09086a16f1e130b09a507d399438740647147560f339cd2aa60069
UNRESOLVED_IMAGE,1.0,7,0.9999999999999999,1.1102230246251565e-16,0.691462461274013,0.671875,0.040825670340762725,False,SUPPORTED,,4ef162320e09086a16f1e130b09a507d399438740647147560f339cd2aa60069
TOTAL_FLUX,1.0,7,0.9999999999999998,2.220446049250313e-16,0.691462461274013,0.677734375,0.040825670340762725,False,SUPPORTED,,4ef162320e09086a16f1e130b09a507d399438740647147560f339cd2aa60069
DIRECT_PHYSICAL,1.0,8,1.0,0.0,0.6914624612740131,0.673828125,0.040825670340762725,False,SUPPORTED,,4ef162320e09086a16f1e130b09a507d399438740647147560f339cd2aa60069
RESOLVED_PHYSICAL,1.0,8,0.9999999999999997,3.3306690738754696e-16,0.691462461274013,0.669921875,0.040825670340762725,False,SUPPORTED,,4ef162320e09086a16f1e130b09a507d399438740647147560f339cd2aa60069
UNRESOLVED_IMAGE,1.0,8,1.0000000000000002,2.220446049250313e-16,0.6914624612740131,0.671875,0.040825670340762725,False,SUPPORTED,,4ef162320e09086a16f1e130b09a507d399438740647147560f339cd2aa60069
TOTAL_FLUX,1.0,8,0.9999999999999997,3.3306690738754696e-16,0.691462461274013,0.685546875,0.040825670340762725,False,SUPPORTED,,4ef162320e09086a16f1e130b09a507d399438740647147560f339cd2aa60069
DIRECT_PHYSICAL,1.0,9,1.0,0.0,0.6914624612740131,0.685546875,0.040825670340762725,False,SUPPORTED,,4ef162320e09086a16f1e130b09a507d399438740647147560f339cd2aa60069
RESOLVED_PHYSICAL,1.0,9,1.0000000000000002,2.220446049250313e-16,0.6914624612740131,0.708984375,0.040825670340762725,False,SUPPORTED,,4ef162320e09086a16f1e130b09a507d399438740647147560f339cd2aa60069
UNRESOLVED_IMAGE,1.0,9,1.0000000000000002,2.220446049250313e-16,0.6914624612740131,0.6953125,0.040825670340762725,False,SUPPORTED,,4ef162320e09086a16f1e130b09a507d399438740647147560f339cd2aa60069
TOTAL_FLUX,1.0,9,0.9999999999999997,3.3306690738754696e-16,0.691462461274013,0.69921875,0.040825670340762725,False,SUPPORTED,,4ef162320e09086a16f1e130b09a507d399438740647147560f339cd2aa60069
DIRECT_PHYSICAL,1.0,10,0.9999999999999999,1.1102230246251565e-16,0.691462461274013,0.662109375,0.040825670340762725,False,SUPPORTED,,4ef162320e09086a16f1e130b09a507d399438740647147560f339cd2aa60069
RESOLVED_PHYSICAL,1.0,10,1.0,0.0,0.6914624612740131,0.6875,0.040825670340762725,False,SUPPORTED,,4ef162320e09086a16f1e130b09a507d399438740647147560f339cd2aa60069
UNRESOLVED_IMAGE,1.0,10,0.9999999999999999,1.1102230246251565e-16,0.691462461274013,0.716796875,0.040825670340762725,False,SUPPORTED,,4ef162320e09086a16f1e130b09a507d399438740647147560f339cd2aa60069
TOTAL_FLUX,1.0,10,1.0,0.0,0.6914624612740131,0.708984375,0.040825670340762725,False,SUPPORTED,,4ef162320e09086a16f1e130b09a507d399438740647147560f339cd2aa60069
DIRECT_PHYSICAL,1.0,11,1.0,0.0,0.6914624612740131,0.703125,0.040825670340762725,False,SUPPORTED,,4ef162320e09086a16f1e130b09a507d399438740647147560f339cd2aa60069
RESOLVED_PHYSICAL,1.0,11,1.0000000000000002,2.220446049250313e-16,0.6914624612740131,0.6953125,0.040825670340762725,False,SUPPORTED,,4ef162320e09086a16f1e130b09a507d399438740647147560f339cd2aa60069
UNRESOLVED_IMAGE,1.0,11,1.0000000000000002,2.220446049250313e-16,0.6914624612740131,0.669921875,0.040825670340762725,False,SUPPORTED,,4ef162320e09086a16f1e130b09a507d399438740647147560f339cd2aa60069
TOTAL_FLUX,1.0,11,1.0,0.0,0.6914624612740131,0.662109375,0.040825670340762725,False,SUPPORTED,,4ef162320e09086a16f1e130b09a507d399438740647147560f339cd2aa60069
DIRECT_PHYSICAL,1.0,12,0.9999999999999999,1.1102230246251565e-16,0.691462461274013,0.712890625,0.040825670340762725,False,SUPPORTED,,4ef162320e09086a16f1e130b09a507d399438740647147560f339cd2aa60069
RESOLVED_PHYSICAL,1.0,12,1.0000000000000002,2.220446049250313e-16,0.6914624612740131,0.693359375,0.040825670340762725,False,SUPPORTED,,4ef162320e09086a16f1e130b09a507d399438740647147560f339cd2aa60069
UNRESOLVED_IMAGE,1.0,12,0.9999999999999999,1.1102230246251565e-16,0.691462461274013,0.69140625,0.040825670340762725,False,SUPPORTED,,4ef162320e09086a16f1e130b09a507d399438740647147560f339cd2aa60069
TOTAL_FLUX,1.0,12,0.9999999999999997,3.3306690738754696e-16,0.691462461274013,0.7109375,0.040825670340762725,False,SUPPORTED,,4ef162320e09086a16f1e130b09a507d399438740647147560f339cd2aa60069
DIRECT_PHYSICAL,1.0,13,0.9999999999999999,1.1102230246251565e-16,0.691462461274013,0.677734375,0.040825670340762725,False,SUPPORTED,,4ef162320e09086a16f1e130b09a507d399438740647147560f339cd2aa60069
RESOLVED_PHYSICAL,1.0,13,1.0,0.0,0.6914624612740131,0.69921875,0.040825670340762725,False,SUPPORTED,,4ef162320e09086a16f1e130b09a507d399438740647147560f339cd2aa60069
UNRESOLVED_IMAGE,1.0,13,0.9999999999999999,1.1102230246251565e-16,0.691462461274013,0.703125,0.040825670340762725,False,SUPPORTED,,4ef162320e09086a16f1e130b09a507d399438740647147560f339cd2aa60069
TOTAL_FLUX,1.0,13,1.0000000000000002,2.220446049250313e-16,0.6914624612740131,0.689453125,0.040825670340762725,False,SUPPORTED,,4ef162320e09086a16f1e130b09a507d399438740647147560f339cd2aa60069
DIRECT_PHYSICAL,1.0,14,0.9999999999999997,3.3306690738754696e-16,0.691462461274013,0.662109375,0.040825670340762725,False,SUPPORTED,,4ef162320e09086a16f1e130b09a507d399438740647147560f339cd2aa60069
RESOLVED_PHYSICAL,1.0,14,1.0000000000000002,2.220446049250313e-16,0.6914624612740131,0.724609375,0.040825670340762725,False,SUPPORTED,,4ef162320e09086a16f1e130b09a507d399438740647147560f339cd2aa60069
UNRESOLVED_IMAGE,1.0,14,1.0,0.0,0.6914624612740131,0.67578125,0.040825670340762725,False,SUPPORTED,,4ef162320e09086a16f1e130b09a507d399438740647147560f339cd2aa60069
TOTAL_FLUX,1.0,14,1.0000000000000004,4.440892098500626e-16,0.6914624612740132,0.69140625,0.04082567034076272,False,SUPPORTED,,4ef162320e09086a16f1e130b09a507d399438740647147560f339cd2aa60069
DIRECT_PHYSICAL,1.0,15,0.9999999999999999,1.1102230246251565e-16,0.691462461274013,0.67578125,0.040825670340762725,False,SUPPORTED,,4ef162320e09086a16f1e130b09a507d399438740647147560f339cd2aa60069
RESOLVED_PHYSICAL,1.0,15,0.9999999999999999,1.1102230246251565e-16,0.691462461274013,0.69140625,0.040825670340762725,False,SUPPORTED,,4ef162320e09086a16f1e130b09a507d399438740647147560f339cd2aa60069
UNRESOLVED_IMAGE,1.0,15,0.9999999999999998,2.220446049250313e-16,0.691462461274013,0.70703125,0.040825670340762725,False,SUPPORTED,,4ef162320e09086a16f1e130b09a507d399438740647147560f339cd2aa60069
TOTAL_FLUX,1.0,15,1.0,0.0,0.6914624612740131,0.708984375,0.040825670340762725,False,SUPPORTED,,4ef162320e09086a16f1e130b09a507d399438740647147560f339cd2aa60069
DIRECT_PHYSICAL,1.0,16,0.9999999999999998,2.220446049250313e-16,0.691462461274013,0.712890625,0.040825670340762725,False,SUPPORTED,,4ef162320e09086a16f1e130b09a507d399438740647147560f339cd2aa60069
RESOLVED_PHYSICAL,1.0,16,1.0,0.0,0.6914624612740131,0.705078125,0.040825670340762725,False,SUPPORTED,,4ef162320e09086a16f1e130b09a507d399438740647147560f339cd2aa60069
UNRESOLVED_IMAGE,1.0,16,1.0,0.0,0.6914624612740131,0.671875,0.040825670340762725,False,SUPPORTED,,4ef162320e09086a16f1e130b09a507d399438740647147560f339cd2aa60069
TOTAL_FLUX,1.0,16,1.0000000000000004,4.440892098500626e-16,0.6914624612740132,0.712890625,0.04082567034076272,False,SUPPORTED,,4ef162320e09086a16f1e130b09a507d399438740647147560f339cd2aa60069
DIRECT_PHYSICAL,1.0,17,1.0,0.0,0.6914624612740131,0.685546875,0.040825670340762725,False,SUPPORTED,,4ef162320e09086a16f1e130b09a507d399438740647147560f339cd2aa60069
RESOLVED_PHYSICAL,1.0,17,1.0,0.0,0.6914624612740131,0.712890625,0.040825670340762725,False,SUPPORTED,,4ef162320e09086a16f1e130b09a507d399438740647147560f339cd2aa60069
UNRESOLVED_IMAGE,1.0,17,0.9999999999999999,1.1102230246251565e-16,0.691462461274013,0.703125,0.040825670340762725,False,SUPPORTED,,4ef162320e09086a16f1e130b09a507d399438740647147560f339cd2aa60069
TOTAL_FLUX,1.0,17,0.9999999999999996,4.440892098500626e-16,0.691462461274013,0.66796875,0.040825670340762725,False,SUPPORTED,,4ef162320e09086a16f1e130b09a507d399438740647147560f339cd2aa60069
DIRECT_PHYSICAL,1.0,18,0.9999999999999999,1.1102230246251565e-16,0.691462461274013,0.689453125,0.040825670340762725,False,SUPPORTED,,4ef162320e09086a16f1e130b09a507d399438740647147560f339cd2aa60069
RESOLVED_PHYSICAL,1.0,18,1.0,0.0,0.6914624612740131,0.6875,0.040825670340762725,False,SUPPORTED,,4ef162320e09086a16f1e130b09a507d399438740647147560f339cd2aa60069
UNRESOLVED_IMAGE,1.0,18,0.9999999999999999,1.1102230246251565e-16,0.691462461274013,0.666015625,0.040825670340762725,False,SUPPORTED,,4ef162320e09086a16f1e130b09a507d399438740647147560f339cd2aa60069
TOTAL_FLUX,1.0,18,1.0000000000000002,2.220446049250313e-16,0.6914624612740131,0.65234375,0.040825670340762725,False,SUPPORTED,,4ef162320e09086a16f1e130b09a507d399438740647147560f339cd2aa60069
DIRECT_PHYSICAL,1.0,19,1.0000000000000002,2.220446049250313e-16,0.6914624612740131,0.6640625,0.040825670340762725,False,SUPPORTED,,4ef162320e09086a16f1e130b09a507d399438740647147560f339cd2aa60069
RESOLVED_PHYSICAL,1.0,19,1.0,0.0,0.6914624612740131,0.69140625,0.040825670340762725,False,SUPPORTED,,4ef162320e09086a16f1e130b09a507d399438740647147560f339cd2aa60069
UNRESOLVED_IMAGE,1.0,19,1.0,0.0,0.6914624612740131,0.666015625,0.040825670340762725,False,SUPPORTED,,4ef162320e09086a16f1e130b09a507d399438740647147560f339cd2aa60069
TOTAL_FLUX,1.0,19,1.0000000000000002,2.220446049250313e-16,0.6914624612740131,0.681640625,0.040825670340762725,False,SUPPORTED,,4ef162320e09086a16f1e130b09a507d399438740647147560f339cd2aa60069
DIRECT_PHYSICAL,1.0,20,1.0000000000000002,2.220446049250313e-16,0.6914624612740131,0.708984375,0.040825670340762725,False,SUPPORTED,,4ef162320e09086a16f1e130b09a507d399438740647147560f339cd2aa60069
RESOLVED_PHYSICAL,1.0,20,0.9999999999999999,1.1102230246251565e-16,0.691462461274013,0.70703125,0.040825670340762725,False,SUPPORTED,,4ef162320e09086a16f1e130b09a507d399438740647147560f339cd2aa60069
UNRESOLVED_IMAGE,1.0,20,0.9999999999999999,1.1102230246251565e-16,0.691462461274013,0.6796875,0.040825670340762725,False,SUPPORTED,,4ef162320e09086a16f1e130b09a507d399438740647147560f339cd2aa60069
TOTAL_FLUX,1.0,20,0.9999999999999999,1.1102230246251565e-16,0.691462461274013,0.666015625,0.040825670340762725,False,SUPPORTED,,4ef162320e09086a16f1e130b09a507d399438740647147560f339cd2aa60069
DIRECT_PHYSICAL,1.0,21,0.9999999999999999,1.1102230246251565e-16,0.691462461274013,0.697265625,0.040825670340762725,False,SUPPORTED,,4ef162320e09086a16f1e130b09a507d399438740647147560f339cd2aa60069
RESOLVED_PHYSICAL,1.0,21,1.0,0.0,0.6914624612740131,0.705078125,0.040825670340762725,False,SUPPORTED,,4ef162320e09086a16f1e130b09a507d399438740647147560f339cd2aa60069
UNRESOLVED_IMAGE,1.0,21,1.0,0.0,0.6914624612740131,0.69921875,0.040825670340762725,False,SUPPORTED,,4ef162320e09086a16f1e130b09a507d399438740647147560f339cd2aa60069
TOTAL_FLUX,1.0,21,1.0000000000000002,2.220446049250313e-16,0.6914624612740131,0.7265625,0.040825670340762725,False,SUPPORTED,,4ef162320e09086a16f1e130b09a507d399438740647147560f339cd2aa60069
DIRECT_PHYSICAL,1.0,22,1.0,0.0,0.6914624612740131,0.681640625,0.040825670340762725,False,SUPPORTED,,4ef162320e09086a16f1e130b09a507d399438740647147560f339cd2aa60069
RESOLVED_PHYSICAL,1.0,22,1.0,0.0,0.6914624612740131,0.66796875,0.040825670340762725,False,SUPPORTED,,4ef162320e09086a16f1e130b09a507d399438740647147560f339cd2aa60069
UNRESOLVED_IMAGE,1.0,22,0.9999999999999998,2.220446049250313e-16,0.691462461274013,0.669921875,0.040825670340762725,False,SUPPORTED,,4ef162320e09086a16f1e130b09a507d399438740647147560f339cd2aa60069
TOTAL_FLUX,1.0,22,1.0,0.0,0.6914624612740131,0.677734375,0.040825670340762725,False,SUPPORTED,,4ef162320e09086a16f1e130b09a507d399438740647147560f339cd2aa60069
DIRECT_PHYSICAL,1.0,23,0.9999999999999999,1.1102230246251565e-16,0.691462461274013,0.732421875,0.040825670340762725,True,SUPPORTED,,4ef162320e09086a16f1e130b09a507d399438740647147560f339cd2aa60069
RESOLVED_PHYSICAL,1.0,23,1.0000000000000002,2.220446049250313e-16,0.6914624612740131,0.7109375,0.040825670340762725,False,SUPPORTED,,4ef162320e09086a16f1e130b09a507d399438740647147560f339cd2aa60069
UNRESOLVED_IMAGE,1.0,23,0.9999999999999999,1.1102230246251565e-16,0.691462461274013,0.68359375,0.040825670340762725,False,SUPPORTED,,4ef162320e09086a16f1e130b09a507d399438740647147560f339cd2aa60069
TOTAL_FLUX,1.0,23,0.9999999999999999,1.1102230246251565e-16,0.691462461274013,0.755859375,0.040825670340762725,True,SUPPORTED,,4ef162320e09086a16f1e130b09a507d399438740647147560f339cd2aa60069
DIRECT_PHYSICAL,1.0,24,0.9999999999999999,1.1102230246251565e-16,0.691462461274013,0.708984375,0.040825670340762725,False,SUPPORTED,,4ef162320e09086a16f1e130b09a507d399438740647147560f339cd2aa60069
RESOLVED_PHYSICAL,1.0,24,0.9999999999999997,3.3306690738754696e-16,0.691462461274013,0.7109375,0.040825670340762725,False,SUPPORTED,,4ef162320e09086a16f1e130b09a507d399438740647147560f339cd2aa60069
UNRESOLVED_IMAGE,1.0,24,1.0,0.0,0.6914624612740131,0.6875,0.040825670340762725,False,SUPPORTED,,4ef162320e09086a16f1e130b09a507d399438740647147560f339cd2aa60069
TOTAL_FLUX,1.0,24,1.0,0.0,0.6914624612740131,0.708984375,0.040825670340762725,False,SUPPORTED,,4ef162320e09086a16f1e130b09a507d399438740647147560f339cd2aa60069
DIRECT_PHYSICAL,1.0,25,1.0,0.0,0.6914624612740131,0.6796875,0.040825670340762725,False,SUPPORTED,,4ef162320e09086a16f1e130b09a507d399438740647147560f339cd2aa60069
RESOLVED_PHYSICAL,1.0,25,0.9999999999999999,1.1102230246251565e-16,0.691462461274013,0.697265625,0.040825670340762725,False,SUPPORTED,,4ef162320e09086a16f1e130b09a507d399438740647147560f339cd2aa60069
UNRESOLVED_IMAGE,1.0,25,1.0000000000000002,2.220446049250313e-16,0.6914624612740131,0.6953125,0.040825670340762725,False,SUPPORTED,,4ef162320e09086a16f1e130b09a507d399438740647147560f339cd2aa60069
TOTAL_FLUX,1.0,25,1.0000000000000004,4.440892098500626e-16,0.6914624612740132,0.689453125,0.04082567034076272,False,SUPPORTED,,4ef162320e09086a16f1e130b09a507d399438740647147560f339cd2aa60069
DIRECT_PHYSICAL,1.0,26,1.0000000000000002,2.220446049250313e-16,0.6914624612740131,0.673828125,0.040825670340762725,False,SUPPORTED,,4ef162320e09086a16f1e130b09a507d399438740647147560f339cd2aa60069
RESOLVED_PHYSICAL,1.0,26,0.9999999999999998,2.220446049250313e-16,0.691462461274013,0.71875,0.040825670340762725,False,SUPPORTED,,4ef162320e09086a16f1e130b09a507d399438740647147560f339cd2aa60069
UNRESOLVED_IMAGE,1.0,26,1.0,0.0,0.6914624612740131,0.697265625,0.040825670340762725,False,SUPPORTED,,4ef162320e09086a16f1e130b09a507d399438740647147560f339cd2aa60069
TOTAL_FLUX,1.0,26,1.0000000000000002,2.220446049250313e-16,0.6914624612740131,0.658203125,0.040825670340762725,False,SUPPORTED,,4ef162320e09086a16f1e130b09a507d399438740647147560f339cd2aa60069
DIRECT_PHYSICAL,1.0,27,0.9999999999999997,3.3306690738754696e-16,0.691462461274013,0.703125,0.040825670340762725,False,SUPPORTED,,4ef162320e09086a16f1e130b09a507d399438740647147560f339cd2aa60069
RESOLVED_PHYSICAL,1.0,27,1.0,0.0,0.6914624612740131,0.671875,0.040825670340762725,False,SUPPORTED,,4ef162320e09086a16f1e130b09a507d399438740647147560f339cd2aa60069
UNRESOLVED_IMAGE,1.0,27,0.9999999999999999,1.1102230246251565e-16,0.691462461274013,0.67578125,0.040825670340762725,False,SUPPORTED,,4ef162320e09086a16f1e130b09a507d399438740647147560f339cd2aa60069
TOTAL_FLUX,1.0,27,1.0000000000000002,2.220446049250313e-16,0.6914624612740131,0.642578125,0.040825670340762725,False,SUPPORTED,,4ef162320e09086a16f1e130b09a507d399438740647147560f339cd2aa60069
DIRECT_PHYSICAL,1.0,28,1.0,0.0,0.6914624612740131,0.69140625,0.040825670340762725,False,SUPPORTED,,4ef162320e09086a16f1e130b09a507d399438740647147560f339cd2aa60069
RESOLVED_PHYSICAL,1.0,28,0.9999999999999998,2.220446049250313e-16,0.691462461274013,0.708984375,0.040825670340762725,False,SUPPORTED,,4ef162320e09086a16f1e130b09a507d399438740647147560f339cd2aa60069
UNRESOLVED_IMAGE,1.0,28,1.0000000000000002,2.220446049250313e-16,0.6914624612740131,0.66015625,0.040825670340762725,False,SUPPORTED,,4ef162320e09086a16f1e130b09a507d399438740647147560f339cd2aa60069
TOTAL_FLUX,1.0,28,0.9999999999999996,4.440892098500626e-16,0.691462461274013,0.71484375,0.040825670340762725,False,SUPPORTED,,4ef162320e09086a16f1e130b09a507d399438740647147560f339cd2aa60069
DIRECT_PHYSICAL,1.0,29,1.0000000000000002,2.220446049250313e-16,0.6914624612740131,0.701171875,0.040825670340762725,False,SUPPORTED,,4ef162320e09086a16f1e130b09a507d399438740647147560f339cd2aa60069
RESOLVED_PHYSICAL,1.0,29,0.9999999999999998,2.220446049250313e-16,0.691462461274013,0.693359375,0.040825670340762725,False,SUPPORTED,,4ef162320e09086a16f1e130b09a507d399438740647147560f339cd2aa60069
UNRESOLVED_IMAGE,1.0,29,1.0,0.0,0.6914624612740131,0.69140625,0.040825670340762725,False,SUPPORTED,,4ef162320e09086a16f1e130b09a507d399438740647147560f339cd2aa60069
TOTAL_FLUX,1.0,29,0.9999999999999992,7.771561172376096e-16,0.691462461274013,0.72265625,0.040825670340762725,False,SUPPORTED,,4ef162320e09086a16f1e130b09a507d399438740647147560f339cd2aa60069
DIRECT_PHYSICAL,1.0,30,1.0,0.0,0.6914624612740131,0.68359375,0.040825670340762725,False,SUPPORTED,,4ef162320e09086a16f1e130b09a507d399438740647147560f339cd2aa60069
RESOLVED_PHYSICAL,1.0,30,1.0,0.0,0.6914624612740131,0.658203125,0.040825670340762725,False,SUPPORTED,,4ef162320e09086a16f1e130b09a507d399438740647147560f339cd2aa60069
UNRESOLVED_IMAGE,1.0,30,1.0000000000000002,2.220446049250313e-16,0.6914624612740131,0.701171875,0.040825670340762725,False,SUPPORTED,,4ef162320e09086a16f1e130b09a507d399438740647147560f339cd2aa60069
TOTAL_FLUX,1.0,30,1.0000000000000002,2.220446049250313e-16,0.6914624612740131,0.634765625,0.040825670340762725,False,SUPPORTED,,4ef162320e09086a16f1e130b09a507d399438740647147560f339cd2aa60069
DIRECT_PHYSICAL,1.0,31,1.0,0.0,0.6914624612740131,0.6953125,0.040825670340762725,False,SUPPORTED,,4ef162320e09086a16f1e130b09a507d399438740647147560f339cd2aa60069
RESOLVED_PHYSICAL,1.0,31,0.9999999999999999,1.1102230246251565e-16,0.691462461274013,0.681640625,0.040825670340762725,False,SUPPORTED,,4ef162320e09086a16f1e130b09a507d399438740647147560f339cd2aa60069
UNRESOLVED_IMAGE,1.0,31,1.0,0.0,0.6914624612740131,0.69140625,0.040825670340762725,False,SUPPORTED,,4ef162320e09086a16f1e130b09a507d399438740647147560f339cd2aa60069
TOTAL_FLUX,1.0,31,1.0000000000000004,4.440892098500626e-16,0.6914624612740132,0.623046875,0.04082567034076272,False,SUPPORTED,,4ef162320e09086a16f1e130b09a507d399438740647147560f339cd2aa60069
DIRECT_PHYSICAL,1.0,32,0.9999999999999999,1.1102230246251565e-16,0.691462461274013,0.703125,0.040825670340762725,False,SUPPORTED,,4ef162320e09086a16f1e130b09a507d399438740647147560f339cd2aa60069
RESOLVED_PHYSICAL,1.0,32,1.0,0.0,0.6914624612740131,0.697265625,0.040825670340762725,False,SUPPORTED,,4ef162320e09086a16f1e130b09a507d399438740647147560f339cd2aa60069
UNRESOLVED_IMAGE,1.0,32,0.9999999999999999,1.1102230246251565e-16,0.691462461274013,0.662109375,0.040825670340762725,False,SUPPORTED,,4ef162320e09086a16f1e130b09a507d399438740647147560f339cd2aa60069
TOTAL_FLUX,1.0,32,1.0000000000000002,2.220446049250313e-16,0.6914624612740131,0.69140625,0.040825670340762725,False,SUPPORTED,,4ef162320e09086a16f1e130b09a507d399438740647147560f339cd2aa60069
DIRECT_PHYSICAL,1.0,33,1.0,0.0,0.6914624612740131,0.740234375,0.040825670340762725,True,SUPPORTED,,4ef162320e09086a16f1e130b09a507d399438740647147560f339cd2aa60069
RESOLVED_PHYSICAL,1.0,33,1.0000000000000002,2.220446049250313e-16,0.6914624612740131,0.6875,0.040825670340762725,False,SUPPORTED,,4ef162320e09086a16f1e130b09a507d399438740647147560f339cd2aa60069
UNRESOLVED_IMAGE,1.0,33,0.9999999999999999,1.1102230246251565e-16,0.691462461274013,0.72265625,0.040825670340762725,False,SUPPORTED,,4ef162320e09086a16f1e130b09a507d399438740647147560f339cd2aa60069
TOTAL_FLUX,1.0,33,1.0000000000000007,6.661338147750939e-16,0.6914624612740132,0.708984375,0.04082567034076272,False,SUPPORTED,,4ef162320e09086a16f1e130b09a507d399438740647147560f339cd2aa60069
DIRECT_PHYSICAL,1.0,34,1.0,0.0,0.6914624612740131,0.734375,0.040825670340762725,True,SUPPORTED,,4ef162320e09086a16f1e130b09a507d399438740647147560f339cd2aa60069
RESOLVED_PHYSICAL,1.0,34,1.0,0.0,0.6914624612740131,0.708984375,0.040825670340762725,False,SUPPORTED,,4ef162320e09086a16f1e130b09a507d399438740647147560f339cd2aa60069
UNRESOLVED_IMAGE,1.0,34,1.0,0.0,0.6914624612740131,0.705078125,0.040825670340762725,False,SUPPORTED,,4ef162320e09086a16f1e130b09a507d399438740647147560f339cd2aa60069
TOTAL_FLUX,1.0,34,0.9999999999999998,2.220446049250313e-16,0.691462461274013,0.689453125,0.040825670340762725,False,SUPPORTED,,4ef162320e09086a16f1e130b09a507d399438740647147560f339cd2aa60069
DIRECT_PHYSICAL,1.0,35,1.0,0.0,0.6914624612740131,0.66015625,0.040825670340762725,False,SUPPORTED,,4ef162320e09086a16f1e130b09a507d399438740647147560f339cd2aa60069
RESOLVED_PHYSICAL,1.0,35,1.0,0.0,0.6914624612740131,0.67578125,0.040825670340762725,False,SUPPORTED,,4ef162320e09086a16f1e130b09a507d399438740647147560f339cd2aa60069
UNRESOLVED_IMAGE,1.0,35,1.0000000000000002,2.220446049250313e-16,0.6914624612740131,0.73046875,0.040825670340762725,False,SUPPORTED,,4ef162320e09086a16f1e130b09a507d399438740647147560f339cd2aa60069
TOTAL_FLUX,1.0,35,0.9999999999999996,4.440892098500626e-16,0.691462461274013,0.693359375,0.040825670340762725,False,SUPPORTED,,4ef162320e09086a16f1e130b09a507d399438740647147560f339cd2aa60069
DIRECT_PHYSICAL,1.0,36,1.0000000000000002,2.220446049250313e-16,0.6914624612740131,0.689453125,0.040825670340762725,False,SUPPORTED,,4ef162320e09086a16f1e130b09a507d399438740647147560f339cd2aa60069
RESOLVED_PHYSICAL,1.0,36,1.0,0.0,0.6914624612740131,0.654296875,0.040825670340762725,False,SUPPORTED,,4ef162320e09086a16f1e130b09a507d399438740647147560f339cd2aa60069
UNRESOLVED_IMAGE,1.0,36,1.0000000000000002,2.220446049250313e-16,0.6914624612740131,0.720703125,0.040825670340762725,False,SUPPORTED,,4ef162320e09086a16f1e130b09a507d399438740647147560f339cd2aa60069
TOTAL_FLUX,1.0,36,1.0000000000000004,4.440892098500626e-16,0.6914624612740132,0.673828125,0.04082567034076272,False,SUPPORTED,,4ef162320e09086a16f1e130b09a507d399438740647147560f339cd2aa60069
DIRECT_PHYSICAL,1.0,37,1.0,0.0,0.6914624612740131,0.650390625,0.040825670340762725,False,SUPPORTED,,4ef162320e09086a16f1e130b09a507d399438740647147560f339cd2aa60069
RESOLVED_PHYSICAL,1.0,37,0.9999999999999999,1.1102230246251565e-16,0.691462461274013,0.703125,0.040825670340762725,False,SUPPORTED,,4ef162320e09086a16f1e130b09a507d399438740647147560f339cd2aa60069
UNRESOLVED_IMAGE,1.0,37,1.0,0.0,0.6914624612740131,0.69140625,0.040825670340762725,False,SUPPORTED,,4ef162320e09086a16f1e130b09a507d399438740647147560f339cd2aa60069
TOTAL_FLUX,1.0,37,0.9999999999999999,1.1102230246251565e-16,0.691462461274013,0.66796875,0.040825670340762725,False,SUPPORTED,,4ef162320e09086a16f1e130b09a507d399438740647147560f339cd2aa60069
DIRECT_PHYSICAL,1.0,38,1.0,0.0,0.6914624612740131,0.6953125,0.040825670340762725,False,SUPPORTED,,4ef162320e09086a16f1e130b09a507d399438740647147560f339cd2aa60069
RESOLVED_PHYSICAL,1.0,38,0.9999999999999999,1.1102230246251565e-16,0.691462461274013,0.693359375,0.040825670340762725,False,SUPPORTED,,4ef162320e09086a16f1e130b09a507d399438740647147560f339cd2aa60069
UNRESOLVED_IMAGE,1.0,38,1.0000000000000002,2.220446049250313e-16,0.6914624612740131,0.7109375,0.040825670340762725,False,SUPPORTED,,4ef162320e09086a16f1e130b09a507d399438740647147560f339cd2aa60069
TOTAL_FLUX,1.0,38,1.0,0.0,0.6914624612740131,0.677734375,0.040825670340762725,False,SUPPORTED,,4ef162320e09086a16f1e130b09a507d399438740647147560f339cd2aa60069
DIRECT_PHYSICAL,1.0,39,1.0000000000000002,2.220446049250313e-16,0.6914624612740131,0.71875,0.040825670340762725,False,SUPPORTED,,4ef162320e09086a16f1e130b09a507d399438740647147560f339cd2aa60069
RESOLVED_PHYSICAL,1.0,39,1.0,0.0,0.6914624612740131,0.71484375,0.040825670340762725,False,SUPPORTED,,4ef162320e09086a16f1e130b09a507d399438740647147560f339cd2aa60069
UNRESOLVED_IMAGE,1.0,39,1.0000000000000002,2.220446049250313e-16,0.6914624612740131,0.716796875,0.040825670340762725,False,SUPPORTED,,4ef162320e09086a16f1e130b09a507d399438740647147560f339cd2aa60069
TOTAL_FLUX,1.0,39,0.9999999999999996,4.440892098500626e-16,0.691462461274013,0.66796875,0.040825670340762725,False,SUPPORTED,,4ef162320e09086a16f1e130b09a507d399438740647147560f339cd2aa60069
DIRECT_PHYSICAL,1.0,40,1.0000000000000002,2.220446049250313e-16,0.6914624612740131,0.666015625,0.040825670340762725,False,SUPPORTED,,4ef162320e09086a16f1e130b09a507d399438740647147560f339cd2aa60069
RESOLVED_PHYSICAL,1.0,40,1.0,0.0,0.6914624612740131,0.6796875,0.040825670340762725,False,SUPPORTED,,4ef162320e09086a16f1e130b09a507d399438740647147560f339cd2aa60069
UNRESOLVED_IMAGE,1.0,40,1.0000000000000002,2.220446049250313e-16,0.6914624612740131,0.705078125,0.040825670340762725,False,SUPPORTED,,4ef162320e09086a16f1e130b09a507d399438740647147560f339cd2aa60069
TOTAL_FLUX,1.0,40,0.9999999999999999,1.1102230246251565e-16,0.691462461274013,0.677734375,0.040825670340762725,False,SUPPORTED,,4ef162320e09086a16f1e130b09a507d399438740647147560f339cd2aa60069
DIRECT_PHYSICAL,1.0,41,1.0,0.0,0.6914624612740131,0.70703125,0.040825670340762725,False,SUPPORTED,,4ef162320e09086a16f1e130b09a507d399438740647147560f339cd2aa60069
RESOLVED_PHYSICAL,1.0,41,1.0,0.0,0.6914624612740131,0.69140625,0.040825670340762725,False,SUPPORTED,,4ef162320e09086a16f1e130b09a507d399438740647147560f339cd2aa60069
UNRESOLVED_IMAGE,1.0,41,0.9999999999999999,1.1102230246251565e-16,0.691462461274013,0.689453125,0.040825670340762725,False,SUPPORTED,,4ef162320e09086a16f1e130b09a507d399438740647147560f339cd2aa60069
TOTAL_FLUX,1.0,41,1.0000000000000002,2.220446049250313e-16,0.6914624612740131,0.716796875,0.040825670340762725,False,SUPPORTED,,4ef162320e09086a16f1e130b09a507d399438740647147560f339cd2aa60069
DIRECT_PHYSICAL,1.0,42,1.0,0.0,0.6914624612740131,0.716796875,0.040825670340762725,False,SUPPORTED,,4ef162320e09086a16f1e130b09a507d399438740647147560f339cd2aa60069
RESOLVED_PHYSICAL,1.0,42,1.0,0.0,0.6914624612740131,0.66015625,0.040825670340762725,False,SUPPORTED,,4ef162320e09086a16f1e130b09a507d399438740647147560f339cd2aa60069
UNRESOLVED_IMAGE,1.0,42,1.0,0.0,0.6914624612740131,0.712890625,0.040825670340762725,False,SUPPORTED,,4ef162320e09086a16f1e130b09a507d399438740647147560f339cd2aa60069
TOTAL_FLUX,1.0,42,0.9999999999999997,3.3306690738754696e-16,0.691462461274013,0.6953125,0.040825670340762725,False,SUPPORTED,,4ef162320e09086a16f1e130b09a507d399438740647147560f339cd2aa60069
DIRECT_PHYSICAL,1.0,43,0.9999999999999998,2.220446049250313e-16,0.691462461274013,0.720703125,0.040825670340762725,False,SUPPORTED,,4ef162320e09086a16f1e130b09a507d399438740647147560f339cd2aa60069
RESOLVED_PHYSICAL,1.0,43,1.0,0.0,0.6914624612740131,0.703125,0.040825670340762725,False,SUPPORTED,,4ef162320e09086a16f1e130b09a507d399438740647147560f339cd2aa60069
UNRESOLVED_IMAGE,1.0,43,0.9999999999999997,3.3306690738754696e-16,0.691462461274013,0.65625,0.040825670340762725,False,SUPPORTED,,4ef162320e09086a16f1e130b09a507d399438740647147560f339cd2aa60069
TOTAL_FLUX,1.0,43,0.9999999999999998,2.220446049250313e-16,0.691462461274013,0.6796875,0.040825670340762725,False,SUPPORTED,,4ef162320e09086a16f1e130b09a507d399438740647147560f339cd2aa60069
DIRECT_PHYSICAL,1.0,44,1.0,0.0,0.6914624612740131,0.638671875,0.040825670340762725,False,SUPPORTED,,4ef162320e09086a16f1e130b09a507d399438740647147560f339cd2aa60069
RESOLVED_PHYSICAL,1.0,44,1.0,0.0,0.6914624612740131,0.685546875,0.040825670340762725,False,SUPPORTED,,4ef162320e09086a16f1e130b09a507d399438740647147560f339cd2aa60069
UNRESOLVED_IMAGE,1.0,44,1.0,0.0,0.6914624612740131,0.693359375,0.040825670340762725,False,SUPPORTED,,4ef162320e09086a16f1e130b09a507d399438740647147560f339cd2aa60069
TOTAL_FLUX,1.0,44,1.0000000000000004,4.440892098500626e-16,0.6914624612740132,0.703125,0.04082567034076272,False,SUPPORTED,,4ef162320e09086a16f1e130b09a507d399438740647147560f339cd2aa60069
DIRECT_PHYSICAL,1.0,45,1.0000000000000002,2.220446049250313e-16,0.6914624612740131,0.658203125,0.040825670340762725,False,SUPPORTED,,4ef162320e09086a16f1e130b09a507d399438740647147560f339cd2aa60069
RESOLVED_PHYSICAL,1.0,45,1.0,0.0,0.6914624612740131,0.68359375,0.040825670340762725,False,SUPPORTED,,4ef162320e09086a16f1e130b09a507d399438740647147560f339cd2aa60069
UNRESOLVED_IMAGE,1.0,45,0.9999999999999999,1.1102230246251565e-16,0.691462461274013,0.703125,0.040825670340762725,False,SUPPORTED,,4ef162320e09086a16f1e130b09a507d399438740647147560f339cd2aa60069
TOTAL_FLUX,1.0,45,0.9999999999999999,1.1102230246251565e-16,0.691462461274013,0.677734375,0.040825670340762725,False,SUPPORTED,,4ef162320e09086a16f1e130b09a507d399438740647147560f339cd2aa60069
DIRECT_PHYSICAL,1.0,46,1.0,0.0,0.6914624612740131,0.705078125,0.040825670340762725,False,SUPPORTED,,4ef162320e09086a16f1e130b09a507d399438740647147560f339cd2aa60069
RESOLVED_PHYSICAL,1.0,46,1.0,0.0,0.6914624612740131,0.68359375,0.040825670340762725,False,SUPPORTED,,4ef162320e09086a16f1e130b09a507d399438740647147560f339cd2aa60069
UNRESOLVED_IMAGE,1.0,46,1.0,0.0,0.6914624612740131,0.6875,0.040825670340762725,False,SUPPORTED,,4ef162320e09086a16f1e130b09a507d399438740647147560f339cd2aa60069
TOTAL_FLUX,1.0,46,0.9999999999999999,1.1102230246251565e-16,0.691462461274013,0.673828125,0.040825670340762725,False,SUPPORTED,,4ef162320e09086a16f1e130b09a507d399438740647147560f339cd2aa60069
DIRECT_PHYSICAL,1.0,47,1.0,0.0,0.6914624612740131,0.70703125,0.040825670340762725,False,SUPPORTED,,4ef162320e09086a16f1e130b09a507d399438740647147560f339cd2aa60069
RESOLVED_PHYSICAL,1.0,47,0.9999999999999999,1.1102230246251565e-16,0.691462461274013,0.689453125,0.040825670340762725,False,SUPPORTED,,4ef162320e09086a16f1e130b09a507d399438740647147560f339cd2aa60069
UNRESOLVED_IMAGE,1.0,47,0.9999999999999999,1.1102230246251565e-16,0.691462461274013,0.70703125,0.040825670340762725,False,SUPPORTED,,4ef162320e09086a16f1e130b09a507d399438740647147560f339cd2aa60069
TOTAL_FLUX,1.0,47,1.0,0.0,0.6914624612740131,0.720703125,0.040825670340762725,False,SUPPORTED,,4ef162320e09086a16f1e130b09a507d399438740647147560f339cd2aa60069
DIRECT_PHYSICAL,1.0,48,1.0,0.0,0.6914624612740131,0.658203125,0.040825670340762725,False,SUPPORTED,,4ef162320e09086a16f1e130b09a507d399438740647147560f339cd2aa60069
RESOLVED_PHYSICAL,1.0,48,0.9999999999999999,1.1102230246251565e-16,0.691462461274013,0.728515625,0.040825670340762725,False,SUPPORTED,,4ef162320e09086a16f1e130b09a507d399438740647147560f339cd2aa60069
UNRESOLVED_IMAGE,1.0,48,1.0,0.0,0.6914624612740131,0.705078125,0.040825670340762725,False,SUPPORTED,,4ef162320e09086a16f1e130b09a507d399438740647147560f339cd2aa60069
TOTAL_FLUX,1.0,48,1.0,0.0,0.6914624612740131,0.693359375,0.040825670340762725,False,SUPPORTED,,4ef162320e09086a16f1e130b09a507d399438740647147560f339cd2aa60069
DIRECT_PHYSICAL,1.0,49,0.9999999999999997,3.3306690738754696e-16,0.691462461274013,0.712890625,0.040825670340762725,False,SUPPORTED,,4ef162320e09086a16f1e130b09a507d399438740647147560f339cd2aa60069
RESOLVED_PHYSICAL,1.0,49,0.9999999999999999,1.1102230246251565e-16,0.691462461274013,0.697265625,0.040825670340762725,False,SUPPORTED,,4ef162320e09086a16f1e130b09a507d399438740647147560f339cd2aa60069
UNRESOLVED_IMAGE,1.0,49,0.9999999999999999,1.1102230246251565e-16,0.691462461274013,0.6796875,0.040825670340762725,False,SUPPORTED,,4ef162320e09086a16f1e130b09a507d399438740647147560f339cd2aa60069
TOTAL_FLUX,1.0,49,1.0000000000000016,1.5543122344752192e-15,0.6914624612740133,0.68359375,0.04082567034076272,False,SUPPORTED,,4ef162320e09086a16f1e130b09a507d399438740647147560f339cd2aa60069
DIRECT_PHYSICAL,1.0,50,1.0,0.0,0.6914624612740131,0.6796875,0.040825670340762725,False,SUPPORTED,,4ef162320e09086a16f1e130b09a507d399438740647147560f339cd2aa60069
RESOLVED_PHYSICAL,1.0,50,1.0000000000000002,2.220446049250313e-16,0.6914624612740131,0.701171875,0.040825670340762725,False,SUPPORTED,,4ef162320e09086a16f1e130b09a507d399438740647147560f339cd2aa60069
UNRESOLVED_IMAGE,1.0,50,0.9999999999999999,1.1102230246251565e-16,0.691462461274013,0.6796875,0.040825670340762725,False,SUPPORTED,,4ef162320e09086a16f1e130b09a507d399438740647147560f339cd2aa60069
TOTAL_FLUX,1.0,50,0.9999999999999999,1.1102230246251565e-16,0.691462461274013,0.662109375,0.040825670340762725,False,SUPPORTED,,4ef162320e09086a16f1e130b09a507d399438740647147560f339cd2aa60069
DIRECT_PHYSICAL,1.0,51,1.0,0.0,0.6914624612740131,0.685546875,0.040825670340762725,False,SUPPORTED,,4ef162320e09086a16f1e130b09a507d399438740647147560f339cd2aa60069
RESOLVED_PHYSICAL,1.0,51,1.0000000000000002,2.220446049250313e-16,0.6914624612740131,0.669921875,0.040825670340762725,False,SUPPORTED,,4ef162320e09086a16f1e130b09a507d399438740647147560f339cd2aa60069
UNRESOLVED_IMAGE,1.0,51,1.0,0.0,0.6914624612740131,0.677734375,0.040825670340762725,False,SUPPORTED,,4ef162320e09086a16f1e130b09a507d399438740647147560f339cd2aa60069
TOTAL_FLUX,1.0,51,1.0,0.0,0.6914624612740131,0.70703125,0.040825670340762725,False,SUPPORTED,,4ef162320e09086a16f1e130b09a507d399438740647147560f339cd2aa60069
DIRECT_PHYSICAL,1.0,52,1.0,0.0,0.6914624612740131,0.693359375,0.040825670340762725,False,SUPPORTED,,4ef162320e09086a16f1e130b09a507d399438740647147560f339cd2aa60069
RESOLVED_PHYSICAL,1.0,52,0.9999999999999999,1.1102230246251565e-16,0.691462461274013,0.720703125,0.040825670340762725,False,SUPPORTED,,4ef162320e09086a16f1e130b09a507d399438740647147560f339cd2aa60069
UNRESOLVED_IMAGE,1.0,52,0.9999999999999999,1.1102230246251565e-16,0.691462461274013,0.720703125,0.040825670340762725,False,SUPPORTED,,4ef162320e09086a16f1e130b09a507d399438740647147560f339cd2aa60069
TOTAL_FLUX,1.0,52,0.9999999999999994,5.551115123125783e-16,0.691462461274013,0.701171875,0.040825670340762725,False,SUPPORTED,,4ef162320e09086a16f1e130b09a507d399438740647147560f339cd2aa60069
DIRECT_PHYSICAL,1.0,53,0.9999999999999999,1.1102230246251565e-16,0.691462461274013,0.66796875,0.040825670340762725,False,SUPPORTED,,4ef162320e09086a16f1e130b09a507d399438740647147560f339cd2aa60069
RESOLVED_PHYSICAL,1.0,53,0.9999999999999999,1.1102230246251565e-16,0.691462461274013,0.68359375,0.040825670340762725,False,SUPPORTED,,4ef162320e09086a16f1e130b09a507d399438740647147560f339cd2aa60069
UNRESOLVED_IMAGE,1.0,53,1.0000000000000002,2.220446049250313e-16,0.6914624612740131,0.705078125,0.040825670340762725,False,SUPPORTED,,4ef162320e09086a16f1e130b09a507d399438740647147560f339cd2aa60069
TOTAL_FLUX,1.0,53,1.0,0.0,0.6914624612740131,0.697265625,0.040825670340762725,False,SUPPORTED,,4ef162320e09086a16f1e130b09a507d399438740647147560f339cd2aa60069
DIRECT_PHYSICAL,1.0,54,0.9999999999999999,1.1102230246251565e-16,0.691462461274013,0.685546875,0.040825670340762725,False,SUPPORTED,,4ef162320e09086a16f1e130b09a507d399438740647147560f339cd2aa60069
RESOLVED_PHYSICAL,1.0,54,1.0,0.0,0.6914624612740131,0.689453125,0.040825670340762725,False,SUPPORTED,,4ef162320e09086a16f1e130b09a507d399438740647147560f339cd2aa60069
UNRESOLVED_IMAGE,1.0,54,1.0,0.0,0.6914624612740131,0.67578125,0.040825670340762725,False,SUPPORTED,,4ef162320e09086a16f1e130b09a507d399438740647147560f339cd2aa60069
TOTAL_FLUX,1.0,54,1.0,0.0,0.6914624612740131,0.7109375,0.040825670340762725,False,SUPPORTED,,4ef162320e09086a16f1e130b09a507d399438740647147560f339cd2aa60069
DIRECT_PHYSICAL,1.0,55,0.9999999999999999,1.1102230246251565e-16,0.691462461274013,0.705078125,0.040825670340762725,False,SUPPORTED,,4ef162320e09086a16f1e130b09a507d399438740647147560f339cd2aa60069
RESOLVED_PHYSICAL,1.0,55,1.0000000000000002,2.220446049250313e-16,0.6914624612740131,0.697265625,0.040825670340762725,False,SUPPORTED,,4ef162320e09086a16f1e130b09a507d399438740647147560f339cd2aa60069
UNRESOLVED_IMAGE,1.0,55,0.9999999999999998,2.220446049250313e-16,0.691462461274013,0.669921875,0.040825670340762725,False,SUPPORTED,,4ef162320e09086a16f1e130b09a507d399438740647147560f339cd2aa60069
TOTAL_FLUX,1.0,55,1.0,0.0,0.6914624612740131,0.712890625,0.040825670340762725,False,SUPPORTED,,4ef162320e09086a16f1e130b09a507d399438740647147560f339cd2aa60069
DIRECT_PHYSICAL,1.0,56,1.0,0.0,0.6914624612740131,0.720703125,0.040825670340762725,False,SUPPORTED,,4ef162320e09086a16f1e130b09a507d399438740647147560f339cd2aa60069
RESOLVED_PHYSICAL,1.0,56,1.0,0.0,0.6914624612740131,0.6875,0.040825670340762725,False,SUPPORTED,,4ef162320e09086a16f1e130b09a507d399438740647147560f339cd2aa60069
UNRESOLVED_IMAGE,1.0,56,0.9999999999999999,1.1102230246251565e-16,0.691462461274013,0.669921875,0.040825670340762725,False,SUPPORTED,,4ef162320e09086a16f1e130b09a507d399438740647147560f339cd2aa60069
TOTAL_FLUX,1.0,56,1.0000000000000002,2.220446049250313e-16,0.6914624612740131,0.68359375,0.040825670340762725,False,SUPPORTED,,4ef162320e09086a16f1e130b09a507d399438740647147560f339cd2aa60069
DIRECT_PHYSICAL,1.0,57,1.0,0.0,0.6914624612740131,0.720703125,0.040825670340762725,False,SUPPORTED,,4ef162320e09086a16f1e130b09a507d399438740647147560f339cd2aa60069
RESOLVED_PHYSICAL,1.0,57,1.0,0.0,0.6914624612740131,0.69921875,0.040825670340762725,False,SUPPORTED,,4ef162320e09086a16f1e130b09a507d399438740647147560f339cd2aa60069
UNRESOLVED_IMAGE,1.0,57,1.0,0.0,0.6914624612740131,0.708984375,0.040825670340762725,False,SUPPORTED,,4ef162320e09086a16f1e130b09a507d399438740647147560f339cd2aa60069
TOTAL_FLUX,1.0,57,1.0000000000000002,2.220446049250313e-16,0.6914624612740131,0.712890625,0.040825670340762725,False,SUPPORTED,,4ef162320e09086a16f1e130b09a507d399438740647147560f339cd2aa60069
DIRECT_PHYSICAL,1.0,58,1.0000000000000002,2.220446049250313e-16,0.6914624612740131,0.671875,0.040825670340762725,False,SUPPORTED,,4ef162320e09086a16f1e130b09a507d399438740647147560f339cd2aa60069
RESOLVED_PHYSICAL,1.0,58,0.9999999999999999,1.1102230246251565e-16,0.691462461274013,0.6953125,0.040825670340762725,False,SUPPORTED,,4ef162320e09086a16f1e130b09a507d399438740647147560f339cd2aa60069
UNRESOLVED_IMAGE,1.0,58,1.0,0.0,0.6914624612740131,0.677734375,0.040825670340762725,False,SUPPORTED,,4ef162320e09086a16f1e130b09a507d399438740647147560f339cd2aa60069
TOTAL_FLUX,1.0,58,0.9999999999999999,1.1102230246251565e-16,0.691462461274013,0.708984375,0.040825670340762725,False,SUPPORTED,,4ef162320e09086a16f1e130b09a507d399438740647147560f339cd2aa60069
DIRECT_PHYSICAL,1.0,59,1.0000000000000002,2.220446049250313e-16,0.6914624612740131,0.685546875,0.040825670340762725,False,SUPPORTED,,4ef162320e09086a16f1e130b09a507d399438740647147560f339cd2aa60069
RESOLVED_PHYSICAL,1.0,59,1.0000000000000002,2.220446049250313e-16,0.6914624612740131,0.650390625,0.040825670340762725,False,SUPPORTED,,4ef162320e09086a16f1e130b09a507d399438740647147560f339cd2aa60069
UNRESOLVED_IMAGE,1.0,59,0.9999999999999999,1.1102230246251565e-16,0.691462461274013,0.6796875,0.040825670340762725,False,SUPPORTED,,4ef162320e09086a16f1e130b09a507d399438740647147560f339cd2aa60069
TOTAL_FLUX,1.0,59,0.9999999999999999,1.1102230246251565e-16,0.691462461274013,0.693359375,0.040825670340762725,False,SUPPORTED,,4ef162320e09086a16f1e130b09a507d399438740647147560f339cd2aa60069
DIRECT_PHYSICAL,1.0,60,1.0,0.0,0.6914624612740131,0.6796875,0.040825670340762725,False,SUPPORTED,,4ef162320e09086a16f1e130b09a507d399438740647147560f339cd2aa60069
RESOLVED_PHYSICAL,1.0,60,1.0,0.0,0.6914624612740131,0.689453125,0.040825670340762725,False,SUPPORTED,,4ef162320e09086a16f1e130b09a507d399438740647147560f339cd2aa60069
UNRESOLVED_IMAGE,1.0,60,0.9999999999999997,3.3306690738754696e-16,0.691462461274013,0.70703125,0.040825670340762725,False,SUPPORTED,,4ef162320e09086a16f1e130b09a507d399438740647147560f339cd2aa60069
TOTAL_FLUX,1.0,60,1.0000000000000004,4.440892098500626e-16,0.6914624612740132,0.697265625,0.04082567034076272,False,SUPPORTED,,4ef162320e09086a16f1e130b09a507d399438740647147560f339cd2aa60069
DIRECT_PHYSICAL,1.0,61,1.0,0.0,0.6914624612740131,0.677734375,0.040825670340762725,False,SUPPORTED,,4ef162320e09086a16f1e130b09a507d399438740647147560f339cd2aa60069
RESOLVED_PHYSICAL,1.0,61,0.9999999999999999,1.1102230246251565e-16,0.691462461274013,0.693359375,0.040825670340762725,False,SUPPORTED,,4ef162320e09086a16f1e130b09a507d399438740647147560f339cd2aa60069
UNRESOLVED_IMAGE,1.0,61,1.0,0.0,0.6914624612740131,0.70703125,0.040825670340762725,False,SUPPORTED,,4ef162320e09086a16f1e130b09a507d399438740647147560f339cd2aa60069
TOTAL_FLUX,1.0,61,1.0,0.0,0.6914624612740131,0.701171875,0.040825670340762725,False,SUPPORTED,,4ef162320e09086a16f1e130b09a507d399438740647147560f339cd2aa60069
DIRECT_PHYSICAL,1.0,62,0.9999999999999999,1.1102230246251565e-16,0.691462461274013,0.666015625,0.040825670340762725,False,SUPPORTED,,4ef162320e09086a16f1e130b09a507d399438740647147560f339cd2aa60069
RESOLVED_PHYSICAL,1.0,62,1.0,0.0,0.6914624612740131,0.701171875,0.040825670340762725,False,SUPPORTED,,4ef162320e09086a16f1e130b09a507d399438740647147560f339cd2aa60069
UNRESOLVED_IMAGE,1.0,62,0.9999999999999999,1.1102230246251565e-16,0.691462461274013,0.701171875,0.040825670340762725,False,SUPPORTED,,4ef162320e09086a16f1e130b09a507d399438740647147560f339cd2aa60069
TOTAL_FLUX,1.0,62,0.9999999999999997,3.3306690738754696e-16,0.691462461274013,0.703125,0.040825670340762725,False,SUPPORTED,,4ef162320e09086a16f1e130b09a507d399438740647147560f339cd2aa60069
DIRECT_PHYSICAL,1.0,63,0.9999999999999998,2.220446049250313e-16,0.691462461274013,0.646484375,0.040825670340762725,False,SUPPORTED,,4ef162320e09086a16f1e130b09a507d399438740647147560f339cd2aa60069
RESOLVED_PHYSICAL,1.0,63,1.0,0.0,0.6914624612740131,0.71875,0.040825670340762725,False,SUPPORTED,,4ef162320e09086a16f1e130b09a507d399438740647147560f339cd2aa60069
UNRESOLVED_IMAGE,1.0,63,0.9999999999999999,1.1102230246251565e-16,0.691462461274013,0.705078125,0.040825670340762725,False,SUPPORTED,,4ef162320e09086a16f1e130b09a507d399438740647147560f339cd2aa60069
TOTAL_FLUX,1.0,63,1.0000000000000007,6.661338147750939e-16,0.6914624612740132,0.736328125,0.04082567034076272,True,SUPPORTED,,4ef162320e09086a16f1e130b09a507d399438740647147560f339cd2aa60069
DIRECT_PHYSICAL,1.0,64,1.0,0.0,0.6914624612740131,0.646484375,0.040825670340762725,False,SUPPORTED,,4ef162320e09086a16f1e130b09a507d399438740647147560f339cd2aa60069
RESOLVED_PHYSICAL,1.0,64,1.0,0.0,0.6914624612740131,0.681640625,0.040825670340762725,False,SUPPORTED,,4ef162320e09086a16f1e130b09a507d399438740647147560f339cd2aa60069
UNRESOLVED_IMAGE,1.0,64,1.0000000000000002,2.220446049250313e-16,0.6914624612740131,0.7109375,0.040825670340762725,False,SUPPORTED,,4ef162320e09086a16f1e130b09a507d399438740647147560f339cd2aa60069
TOTAL_FLUX,1.0,64,1.0,0.0,0.6914624612740131,0.703125,0.040825670340762725,False,SUPPORTED,,4ef162320e09086a16f1e130b09a507d399438740647147560f339cd2aa60069
DIRECT_PHYSICAL,1.0,65,1.0,0.0,0.6914624612740131,0.7109375,0.040825670340762725,False,SUPPORTED,,4ef162320e09086a16f1e130b09a507d399438740647147560f339cd2aa60069
RESOLVED_PHYSICAL,1.0,65,1.0000000000000002,2.220446049250313e-16,0.6914624612740131,0.69921875,0.040825670340762725,False,SUPPORTED,,4ef162320e09086a16f1e130b09a507d399438740647147560f339cd2aa60069
UNRESOLVED_IMAGE,1.0,65,1.0,0.0,0.6914624612740131,0.69140625,0.040825670340762725,False,SUPPORTED,,4ef162320e09086a16f1e130b09a507d399438740647147560f339cd2aa60069
TOTAL_FLUX,1.0,65,1.0,0.0,0.6914624612740131,0.671875,0.040825670340762725,False,SUPPORTED,,4ef162320e09086a16f1e130b09a507d399438740647147560f339cd2aa60069
DIRECT_PHYSICAL,1.0,66,1.0,0.0,0.6914624612740131,0.6953125,0.040825670340762725,False,SUPPORTED,,4ef162320e09086a16f1e130b09a507d399438740647147560f339cd2aa60069
RESOLVED_PHYSICAL,1.0,66,1.0,0.0,0.6914624612740131,0.662109375,0.040825670340762725,False,SUPPORTED,,4ef162320e09086a16f1e130b09a507d399438740647147560f339cd2aa60069
UNRESOLVED_IMAGE,1.0,66,0.9999999999999998,2.220446049250313e-16,0.691462461274013,0.67578125,0.040825670340762725,False,SUPPORTED,,4ef162320e09086a16f1e130b09a507d399438740647147560f339cd2aa60069
TOTAL_FLUX,1.0,66,1.0,0.0,0.6914624612740131,0.712890625,0.040825670340762725,False,SUPPORTED,,4ef162320e09086a16f1e130b09a507d399438740647147560f339cd2aa60069
DIRECT_PHYSICAL,1.0,67,1.0,0.0,0.6914624612740131,0.69921875,0.040825670340762725,False,SUPPORTED,,4ef162320e09086a16f1e130b09a507d399438740647147560f339cd2aa60069
RESOLVED_PHYSICAL,1.0,67,1.0,0.0,0.6914624612740131,0.67578125,0.040825670340762725,False,SUPPORTED,,4ef162320e09086a16f1e130b09a507d399438740647147560f339cd2aa60069
UNRESOLVED_IMAGE,1.0,67,1.0,0.0,0.6914624612740131,0.689453125,0.040825670340762725,False,SUPPORTED,,4ef162320e09086a16f1e130b09a507d399438740647147560f339cd2aa60069
TOTAL_FLUX,1.0,67,0.9999999999999994,5.551115123125783e-16,0.691462461274013,0.693359375,0.040825670340762725,False,SUPPORTED,,4ef162320e09086a16f1e130b09a507d399438740647147560f339cd2aa60069
DIRECT_PHYSICAL,1.0,68,1.0000000000000002,2.220446049250313e-16,0.6914624612740131,0.716796875,0.040825670340762725,False,SUPPORTED,,4ef162320e09086a16f1e130b09a507d399438740647147560f339cd2aa60069
RESOLVED_PHYSICAL,1.0,68,0.9999999999999998,2.220446049250313e-16,0.691462461274013,0.67578125,0.040825670340762725,False,SUPPORTED,,4ef162320e09086a16f1e130b09a507d399438740647147560f339cd2aa60069
UNRESOLVED_IMAGE,1.0,68,0.9999999999999998,2.220446049250313e-16,0.691462461274013,0.662109375,0.040825670340762725,False,SUPPORTED,,4ef162320e09086a16f1e130b09a507d399438740647147560f339cd2aa60069
TOTAL_FLUX,1.0,68,1.0,0.0,0.6914624612740131,0.6953125,0.040825670340762725,False,SUPPORTED,,4ef162320e09086a16f1e130b09a507d399438740647147560f339cd2aa60069
DIRECT_PHYSICAL,1.0,69,0.9999999999999998,2.220446049250313e-16,0.691462461274013,0.671875,0.040825670340762725,False,SUPPORTED,,4ef162320e09086a16f1e130b09a507d399438740647147560f339cd2aa60069
RESOLVED_PHYSICAL,1.0,69,0.9999999999999999,1.1102230246251565e-16,0.691462461274013,0.69921875,0.040825670340762725,False,SUPPORTED,,4ef162320e09086a16f1e130b09a507d399438740647147560f339cd2aa60069
UNRESOLVED_IMAGE,1.0,69,1.0,0.0,0.6914624612740131,0.6875,0.040825670340762725,False,SUPPORTED,,4ef162320e09086a16f1e130b09a507d399438740647147560f339cd2aa60069
TOTAL_FLUX,1.0,69,1.0,0.0,0.6914624612740131,0.71484375,0.040825670340762725,False,SUPPORTED,,4ef162320e09086a16f1e130b09a507d399438740647147560f339cd2aa60069
DIRECT_PHYSICAL,1.0,70,0.9999999999999998,2.220446049250313e-16,0.691462461274013,0.70703125,0.040825670340762725,False,SUPPORTED,,4ef162320e09086a16f1e130b09a507d399438740647147560f339cd2aa60069
RESOLVED_PHYSICAL,1.0,70,0.9999999999999999,1.1102230246251565e-16,0.691462461274013,0.708984375,0.040825670340762725,False,SUPPORTED,,4ef162320e09086a16f1e130b09a507d399438740647147560f339cd2aa60069
UNRESOLVED_IMAGE,1.0,70,1.0,0.0,0.6914624612740131,0.685546875,0.040825670340762725,False,SUPPORTED,,4ef162320e09086a16f1e130b09a507d399438740647147560f339cd2aa60069
TOTAL_FLUX,1.0,70,1.0000000000000002,2.220446049250313e-16,0.6914624612740131,0.697265625,0.040825670340762725,False,SUPPORTED,,4ef162320e09086a16f1e130b09a507d399438740647147560f339cd2aa60069
DIRECT_PHYSICAL,1.0,71,1.0,0.0,0.6914624612740131,0.69921875,0.040825670340762725,False,SUPPORTED,,4ef162320e09086a16f1e130b09a507d399438740647147560f339cd2aa60069
RESOLVED_PHYSICAL,1.0,71,1.0,0.0,0.6914624612740131,0.72265625,0.040825670340762725,False,SUPPORTED,,4ef162320e09086a16f1e130b09a507d399438740647147560f339cd2aa60069
UNRESOLVED_IMAGE,1.0,71,0.9999999999999998,2.220446049250313e-16,0.691462461274013,0.693359375,0.040825670340762725,False,SUPPORTED,,4ef162320e09086a16f1e130b09a507d399438740647147560f339cd2aa60069
TOTAL_FLUX,1.0,71,0.9999999999999993,6.661338147750939e-16,0.691462461274013,0.638671875,0.040825670340762725,False,SUPPORTED,,4ef162320e09086a16f1e130b09a507d399438740647147560f339cd2aa60069
DIRECT_PHYSICAL,1.0,72,1.0000000000000002,2.220446049250313e-16,0.6914624612740131,0.70703125,0.040825670340762725,False,SUPPORTED,,4ef162320e09086a16f1e130b09a507d399438740647147560f339cd2aa60069
RESOLVED_PHYSICAL,1.0,72,1.0,0.0,0.6914624612740131,0.6796875,0.040825670340762725,False,SUPPORTED,,4ef162320e09086a16f1e130b09a507d399438740647147560f339cd2aa60069
UNRESOLVED_IMAGE,1.0,72,0.9999999999999999,1.1102230246251565e-16,0.691462461274013,0.701171875,0.040825670340762725,False,SUPPORTED,,4ef162320e09086a16f1e130b09a507d399438740647147560f339cd2aa60069
TOTAL_FLUX,1.0,72,1.0000000000000009,8.881784197001252e-16,0.6914624612740132,0.703125,0.04082567034076272,False,SUPPORTED,,4ef162320e09086a16f1e130b09a507d399438740647147560f339cd2aa60069
DIRECT_PHYSICAL,1.0,73,0.9999999999999999,1.1102230246251565e-16,0.691462461274013,0.68359375,0.040825670340762725,False,SUPPORTED,,4ef162320e09086a16f1e130b09a507d399438740647147560f339cd2aa60069
RESOLVED_PHYSICAL,1.0,73,1.0,0.0,0.6914624612740131,0.72265625,0.040825670340762725,False,SUPPORTED,,4ef162320e09086a16f1e130b09a507d399438740647147560f339cd2aa60069
UNRESOLVED_IMAGE,1.0,73,0.9999999999999999,1.1102230246251565e-16,0.691462461274013,0.70703125,0.040825670340762725,False,SUPPORTED,,4ef162320e09086a16f1e130b09a507d399438740647147560f339cd2aa60069
TOTAL_FLUX,1.0,73,1.0000000000000002,2.220446049250313e-16,0.6914624612740131,0.703125,0.040825670340762725,False,SUPPORTED,,4ef162320e09086a16f1e130b09a507d399438740647147560f339cd2aa60069
DIRECT_PHYSICAL,1.0,74,1.0,0.0,0.6914624612740131,0.703125,0.040825670340762725,False,SUPPORTED,,4ef162320e09086a16f1e130b09a507d399438740647147560f339cd2aa60069
RESOLVED_PHYSICAL,1.0,74,0.9999999999999998,2.220446049250313e-16,0.691462461274013,0.703125,0.040825670340762725,False,SUPPORTED,,4ef162320e09086a16f1e130b09a507d399438740647147560f339cd2aa60069
UNRESOLVED_IMAGE,1.0,74,0.9999999999999998,2.220446049250313e-16,0.691462461274013,0.681640625,0.040825670340762725,False,SUPPORTED,,4ef162320e09086a16f1e130b09a507d399438740647147560f339cd2aa60069
TOTAL_FLUX,1.0,74,0.9999999999999993,6.661338147750939e-16,0.691462461274013,0.697265625,0.040825670340762725,False,SUPPORTED,,4ef162320e09086a16f1e130b09a507d399438740647147560f339cd2aa60069
DIRECT_PHYSICAL,1.0,75,0.9999999999999999,1.1102230246251565e-16,0.691462461274013,0.654296875,0.040825670340762725,False,SUPPORTED,,4ef162320e09086a16f1e130b09a507d399438740647147560f339cd2aa60069
RESOLVED_PHYSICAL,1.0,75,1.0,0.0,0.6914624612740131,0.677734375,0.040825670340762725,False,SUPPORTED,,4ef162320e09086a16f1e130b09a507d399438740647147560f339cd2aa60069
UNRESOLVED_IMAGE,1.0,75,1.0,0.0,0.6914624612740131,0.69140625,0.040825670340762725,False,SUPPORTED,,4ef162320e09086a16f1e130b09a507d399438740647147560f339cd2aa60069
TOTAL_FLUX,1.0,75,0.9999999999999996,4.440892098500626e-16,0.691462461274013,0.716796875,0.040825670340762725,False,SUPPORTED,,4ef162320e09086a16f1e130b09a507d399438740647147560f339cd2aa60069
DIRECT_PHYSICAL,1.0,76,1.0000000000000002,2.220446049250313e-16,0.6914624612740131,0.671875,0.040825670340762725,False,SUPPORTED,,4ef162320e09086a16f1e130b09a507d399438740647147560f339cd2aa60069
RESOLVED_PHYSICAL,1.0,76,0.9999999999999999,1.1102230246251565e-16,0.691462461274013,0.716796875,0.040825670340762725,False,SUPPORTED,,4ef162320e09086a16f1e130b09a507d399438740647147560f339cd2aa60069
UNRESOLVED_IMAGE,1.0,76,1.0000000000000002,2.220446049250313e-16,0.6914624612740131,0.689453125,0.040825670340762725,False,SUPPORTED,,4ef162320e09086a16f1e130b09a507d399438740647147560f339cd2aa60069
TOTAL_FLUX,1.0,76,0.9999999999999999,1.1102230246251565e-16,0.691462461274013,0.658203125,0.040825670340762725,False,SUPPORTED,,4ef162320e09086a16f1e130b09a507d399438740647147560f339cd2aa60069
DIRECT_PHYSICAL,1.0,77,0.9999999999999998,2.220446049250313e-16,0.691462461274013,0.689453125,0.040825670340762725,False,SUPPORTED,,4ef162320e09086a16f1e130b09a507d399438740647147560f339cd2aa60069
RESOLVED_PHYSICAL,1.0,77,0.9999999999999999,1.1102230246251565e-16,0.691462461274013,0.732421875,0.040825670340762725,True,SUPPORTED,,4ef162320e09086a16f1e130b09a507d399438740647147560f339cd2aa60069
UNRESOLVED_IMAGE,1.0,77,0.9999999999999999,1.1102230246251565e-16,0.691462461274013,0.70703125,0.040825670340762725,False,SUPPORTED,,4ef162320e09086a16f1e130b09a507d399438740647147560f339cd2aa60069
TOTAL_FLUX,1.0,77,0.9999999999999999,1.1102230246251565e-16,0.691462461274013,0.6875,0.040825670340762725,False,SUPPORTED,,4ef162320e09086a16f1e130b09a507d399438740647147560f339cd2aa60069
DIRECT_PHYSICAL,1.0,78,1.0,0.0,0.6914624612740131,0.701171875,0.040825670340762725,False,SUPPORTED,,4ef162320e09086a16f1e130b09a507d399438740647147560f339cd2aa60069
RESOLVED_PHYSICAL,1.0,78,1.0000000000000002,2.220446049250313e-16,0.6914624612740131,0.689453125,0.040825670340762725,False,SUPPORTED,,4ef162320e09086a16f1e130b09a507d399438740647147560f339cd2aa60069
UNRESOLVED_IMAGE,1.0,78,1.0,0.0,0.6914624612740131,0.6953125,0.040825670340762725,False,SUPPORTED,,4ef162320e09086a16f1e130b09a507d399438740647147560f339cd2aa60069
TOTAL_FLUX,1.0,78,1.0000000000000004,4.440892098500626e-16,0.6914624612740132,0.6953125,0.04082567034076272,False,SUPPORTED,,4ef162320e09086a16f1e130b09a507d399438740647147560f339cd2aa60069
DIRECT_PHYSICAL,1.0,79,1.0,0.0,0.6914624612740131,0.705078125,0.040825670340762725,False,SUPPORTED,,4ef162320e09086a16f1e130b09a507d399438740647147560f339cd2aa60069
RESOLVED_PHYSICAL,1.0,79,0.9999999999999999,1.1102230246251565e-16,0.691462461274013,0.724609375,0.040825670340762725,False,SUPPORTED,,4ef162320e09086a16f1e130b09a507d399438740647147560f339cd2aa60069
UNRESOLVED_IMAGE,1.0,79,1.0,0.0,0.6914624612740131,0.7265625,0.040825670340762725,False,SUPPORTED,,4ef162320e09086a16f1e130b09a507d399438740647147560f339cd2aa60069
TOTAL_FLUX,1.0,79,0.9999999999999993,6.661338147750939e-16,0.691462461274013,0.68359375,0.040825670340762725,False,SUPPORTED,,4ef162320e09086a16f1e130b09a507d399438740647147560f339cd2aa60069
DIRECT_PHYSICAL,1.0,80,1.0,0.0,0.6914624612740131,0.662109375,0.040825670340762725,False,SUPPORTED,,4ef162320e09086a16f1e130b09a507d399438740647147560f339cd2aa60069
RESOLVED_PHYSICAL,1.0,80,0.9999999999999999,1.1102230246251565e-16,0.691462461274013,0.677734375,0.040825670340762725,False,SUPPORTED,,4ef162320e09086a16f1e130b09a507d399438740647147560f339cd2aa60069
UNRESOLVED_IMAGE,1.0,80,0.9999999999999998,2.220446049250313e-16,0.691462461274013,0.677734375,0.040825670340762725,False,SUPPORTED,,4ef162320e09086a16f1e130b09a507d399438740647147560f339cd2aa60069
TOTAL_FLUX,1.0,80,1.0000000000000004,4.440892098500626e-16,0.6914624612740132,0.705078125,0.04082567034076272,False,SUPPORTED,,4ef162320e09086a16f1e130b09a507d399438740647147560f339cd2aa60069
DIRECT_PHYSICAL,1.0,81,1.0000000000000002,2.220446049250313e-16,0.6914624612740131,0.6875,0.040825670340762725,False,SUPPORTED,,4ef162320e09086a16f1e130b09a507d399438740647147560f339cd2aa60069
RESOLVED_PHYSICAL,1.0,81,1.0,0.0,0.6914624612740131,0.6875,0.040825670340762725,False,SUPPORTED,,4ef162320e09086a16f1e130b09a507d399438740647147560f339cd2aa60069
UNRESOLVED_IMAGE,1.0,81,0.9999999999999998,2.220446049250313e-16,0.691462461274013,0.69140625,0.040825670340762725,False,SUPPORTED,,4ef162320e09086a16f1e130b09a507d399438740647147560f339cd2aa60069
TOTAL_FLUX,1.0,81,1.0,0.0,0.6914624612740131,0.673828125,0.040825670340762725,False,SUPPORTED,,4ef162320e09086a16f1e130b09a507d399438740647147560f339cd2aa60069
DIRECT_PHYSICAL,1.0,82,1.0,0.0,0.6914624612740131,0.6953125,0.040825670340762725,False,SUPPORTED,,4ef162320e09086a16f1e130b09a507d399438740647147560f339cd2aa60069
RESOLVED_PHYSICAL,1.0,82,1.0000000000000002,2.220446049250313e-16,0.6914624612740131,0.685546875,0.040825670340762725,False,SUPPORTED,,4ef162320e09086a16f1e130b09a507d399438740647147560f339cd2aa60069
UNRESOLVED_IMAGE,1.0,82,0.9999999999999999,1.1102230246251565e-16,0.691462461274013,0.7265625,0.040825670340762725,False,SUPPORTED,,4ef162320e09086a16f1e130b09a507d399438740647147560f339cd2aa60069
TOTAL_FLUX,1.0,82,1.0000000000000002,2.220446049250313e-16,0.6914624612740131,0.689453125,0.040825670340762725,False,SUPPORTED,,4ef162320e09086a16f1e130b09a507d399438740647147560f339cd2aa60069
DIRECT_PHYSICAL,1.0,83,1.0,0.0,0.6914624612740131,0.681640625,0.040825670340762725,False,SUPPORTED,,4ef162320e09086a16f1e130b09a507d399438740647147560f339cd2aa60069
RESOLVED_PHYSICAL,1.0,83,0.9999999999999999,1.1102230246251565e-16,0.691462461274013,0.68359375,0.040825670340762725,False,SUPPORTED,,4ef162320e09086a16f1e130b09a507d399438740647147560f339cd2aa60069
UNRESOLVED_IMAGE,1.0,83,0.9999999999999998,2.220446049250313e-16,0.691462461274013,0.669921875,0.040825670340762725,False,SUPPORTED,,4ef162320e09086a16f1e130b09a507d399438740647147560f339cd2aa60069
TOTAL_FLUX,1.0,83,0.9999999999999992,7.771561172376096e-16,0.691462461274013,0.732421875,0.040825670340762725,True,SUPPORTED,,4ef162320e09086a16f1e130b09a507d399438740647147560f339cd2aa60069
DIRECT_PHYSICAL,1.0,84,1.0,0.0,0.6914624612740131,0.689453125,0.040825670340762725,False,SUPPORTED,,4ef162320e09086a16f1e130b09a507d399438740647147560f339cd2aa60069
RESOLVED_PHYSICAL,1.0,84,1.0,0.0,0.6914624612740131,0.666015625,0.040825670340762725,False,SUPPORTED,,4ef162320e09086a16f1e130b09a507d399438740647147560f339cd2aa60069
UNRESOLVED_IMAGE,1.0,84,1.0000000000000002,2.220446049250313e-16,0.6914624612740131,0.693359375,0.040825670340762725,False,SUPPORTED,,4ef162320e09086a16f1e130b09a507d399438740647147560f339cd2aa60069
TOTAL_FLUX,1.0,84,1.0000000000000002,2.220446049250313e-16,0.6914624612740131,0.66015625,0.040825670340762725,False,SUPPORTED,,4ef162320e09086a16f1e130b09a507d399438740647147560f339cd2aa60069
DIRECT_PHYSICAL,1.0,85,0.9999999999999998,2.220446049250313e-16,0.691462461274013,0.66796875,0.040825670340762725,False,SUPPORTED,,4ef162320e09086a16f1e130b09a507d399438740647147560f339cd2aa60069
RESOLVED_PHYSICAL,1.0,85,1.0,0.0,0.6914624612740131,0.69140625,0.040825670340762725,False,SUPPORTED,,4ef162320e09086a16f1e130b09a507d399438740647147560f339cd2aa60069
UNRESOLVED_IMAGE,1.0,85,1.0,0.0,0.6914624612740131,0.705078125,0.040825670340762725,False,SUPPORTED,,4ef162320e09086a16f1e130b09a507d399438740647147560f339cd2aa60069
TOTAL_FLUX,1.0,85,0.9999999999999991,8.881784197001252e-16,0.6914624612740129,0.677734375,0.04082567034076273,False,SUPPORTED,,4ef162320e09086a16f1e130b09a507d399438740647147560f339cd2aa60069
DIRECT_PHYSICAL,1.0,86,1.0,0.0,0.6914624612740131,0.67578125,0.040825670340762725,False,SUPPORTED,,4ef162320e09086a16f1e130b09a507d399438740647147560f339cd2aa60069
RESOLVED_PHYSICAL,1.0,86,1.0,0.0,0.6914624612740131,0.68359375,0.040825670340762725,False,SUPPORTED,,4ef162320e09086a16f1e130b09a507d399438740647147560f339cd2aa60069
UNRESOLVED_IMAGE,1.0,86,0.9999999999999999,1.1102230246251565e-16,0.691462461274013,0.70703125,0.040825670340762725,False,SUPPORTED,,4ef162320e09086a16f1e130b09a507d399438740647147560f339cd2aa60069
TOTAL_FLUX,1.0,86,1.0,0.0,0.6914624612740131,0.681640625,0.040825670340762725,False,SUPPORTED,,4ef162320e09086a16f1e130b09a507d399438740647147560f339cd2aa60069
DIRECT_PHYSICAL,1.0,87,1.0,0.0,0.6914624612740131,0.66796875,0.040825670340762725,False,SUPPORTED,,4ef162320e09086a16f1e130b09a507d399438740647147560f339cd2aa60069
RESOLVED_PHYSICAL,1.0,87,0.9999999999999999,1.1102230246251565e-16,0.691462461274013,0.630859375,0.040825670340762725,False,SUPPORTED,,4ef162320e09086a16f1e130b09a507d399438740647147560f339cd2aa60069
UNRESOLVED_IMAGE,1.0,87,0.9999999999999999,1.1102230246251565e-16,0.691462461274013,0.705078125,0.040825670340762725,False,SUPPORTED,,4ef162320e09086a16f1e130b09a507d399438740647147560f339cd2aa60069
TOTAL_FLUX,1.0,87,1.0000000000000002,2.220446049250313e-16,0.6914624612740131,0.693359375,0.040825670340762725,False,SUPPORTED,,4ef162320e09086a16f1e130b09a507d399438740647147560f339cd2aa60069
DIRECT_PHYSICAL,1.0,88,1.0000000000000002,2.220446049250313e-16,0.6914624612740131,0.732421875,0.040825670340762725,True,SUPPORTED,,4ef162320e09086a16f1e130b09a507d399438740647147560f339cd2aa60069
RESOLVED_PHYSICAL,1.0,88,1.0,0.0,0.6914624612740131,0.693359375,0.040825670340762725,False,SUPPORTED,,4ef162320e09086a16f1e130b09a507d399438740647147560f339cd2aa60069
UNRESOLVED_IMAGE,1.0,88,1.0,0.0,0.6914624612740131,0.693359375,0.040825670340762725,False,SUPPORTED,,4ef162320e09086a16f1e130b09a507d399438740647147560f339cd2aa60069
TOTAL_FLUX,1.0,88,1.0,0.0,0.6914624612740131,0.708984375,0.040825670340762725,False,SUPPORTED,,4ef162320e09086a16f1e130b09a507d399438740647147560f339cd2aa60069
DIRECT_PHYSICAL,1.0,89,0.9999999999999999,1.1102230246251565e-16,0.691462461274013,0.7109375,0.040825670340762725,False,SUPPORTED,,4ef162320e09086a16f1e130b09a507d399438740647147560f339cd2aa60069
RESOLVED_PHYSICAL,1.0,89,1.0,0.0,0.6914624612740131,0.69140625,0.040825670340762725,False,SUPPORTED,,4ef162320e09086a16f1e130b09a507d399438740647147560f339cd2aa60069
UNRESOLVED_IMAGE,1.0,89,0.9999999999999999,1.1102230246251565e-16,0.691462461274013,0.677734375,0.040825670340762725,False,SUPPORTED,,4ef162320e09086a16f1e130b09a507d399438740647147560f339cd2aa60069
TOTAL_FLUX,1.0,89,0.999999999999999,9.992007221626409e-16,0.6914624612740129,0.6796875,0.04082567034076273,False,SUPPORTED,,4ef162320e09086a16f1e130b09a507d399438740647147560f339cd2aa60069
DIRECT_PHYSICAL,1.0,90,1.0,0.0,0.6914624612740131,0.6640625,0.040825670340762725,False,SUPPORTED,,4ef162320e09086a16f1e130b09a507d399438740647147560f339cd2aa60069
RESOLVED_PHYSICAL,1.0,90,0.9999999999999999,1.1102230246251565e-16,0.691462461274013,0.701171875,0.040825670340762725,False,SUPPORTED,,4ef162320e09086a16f1e130b09a507d399438740647147560f339cd2aa60069
UNRESOLVED_IMAGE,1.0,90,0.9999999999999999,1.1102230246251565e-16,0.691462461274013,0.685546875,0.040825670340762725,False,SUPPORTED,,4ef162320e09086a16f1e130b09a507d399438740647147560f339cd2aa60069
TOTAL_FLUX,1.0,90,1.0000000000000004,4.440892098500626e-16,0.6914624612740132,0.689453125,0.04082567034076272,False,SUPPORTED,,4ef162320e09086a16f1e130b09a507d399438740647147560f339cd2aa60069
DIRECT_PHYSICAL,1.0,91,1.0,0.0,0.6914624612740131,0.697265625,0.040825670340762725,False,SUPPORTED,,4ef162320e09086a16f1e130b09a507d399438740647147560f339cd2aa60069
RESOLVED_PHYSICAL,1.0,91,1.0,0.0,0.6914624612740131,0.677734375,0.040825670340762725,False,SUPPORTED,,4ef162320e09086a16f1e130b09a507d399438740647147560f339cd2aa60069
UNRESOLVED_IMAGE,1.0,91,1.0,0.0,0.6914624612740131,0.705078125,0.040825670340762725,False,SUPPORTED,,4ef162320e09086a16f1e130b09a507d399438740647147560f339cd2aa60069
TOTAL_FLUX,1.0,91,0.9999999999999994,5.551115123125783e-16,0.691462461274013,0.732421875,0.040825670340762725,True,SUPPORTED,,4ef162320e09086a16f1e130b09a507d399438740647147560f339cd2aa60069
DIRECT_PHYSICAL,1.0,92,1.0,0.0,0.6914624612740131,0.689453125,0.040825670340762725,False,SUPPORTED,,4ef162320e09086a16f1e130b09a507d399438740647147560f339cd2aa60069
RESOLVED_PHYSICAL,1.0,92,1.0,0.0,0.6914624612740131,0.693359375,0.040825670340762725,False,SUPPORTED,,4ef162320e09086a16f1e130b09a507d399438740647147560f339cd2aa60069
UNRESOLVED_IMAGE,1.0,92,0.9999999999999998,2.220446049250313e-16,0.691462461274013,0.689453125,0.040825670340762725,False,SUPPORTED,,4ef162320e09086a16f1e130b09a507d399438740647147560f339cd2aa60069
TOTAL_FLUX,1.0,92,0.9999999999999998,2.220446049250313e-16,0.691462461274013,0.6875,0.040825670340762725,False,SUPPORTED,,4ef162320e09086a16f1e130b09a507d399438740647147560f339cd2aa60069
DIRECT_PHYSICAL,1.0,93,1.0000000000000002,2.220446049250313e-16,0.6914624612740131,0.689453125,0.040825670340762725,False,SUPPORTED,,4ef162320e09086a16f1e130b09a507d399438740647147560f339cd2aa60069
RESOLVED_PHYSICAL,1.0,93,0.9999999999999997,3.3306690738754696e-16,0.691462461274013,0.671875,0.040825670340762725,False,SUPPORTED,,4ef162320e09086a16f1e130b09a507d399438740647147560f339cd2aa60069
UNRESOLVED_IMAGE,1.0,93,1.0,0.0,0.6914624612740131,0.673828125,0.040825670340762725,False,SUPPORTED,,4ef162320e09086a16f1e130b09a507d399438740647147560f339cd2aa60069
TOTAL_FLUX,1.0,93,0.9999999999999988,1.2212453270876722e-15,0.6914624612740129,0.693359375,0.04082567034076273,False,SUPPORTED,,4ef162320e09086a16f1e130b09a507d399438740647147560f339cd2aa60069
DIRECT_PHYSICAL,1.0,94,0.9999999999999999,1.1102230246251565e-16,0.691462461274013,0.666015625,0.040825670340762725,False,SUPPORTED,,4ef162320e09086a16f1e130b09a507d399438740647147560f339cd2aa60069
RESOLVED_PHYSICAL,1.0,94,1.0000000000000002,2.220446049250313e-16,0.6914624612740131,0.6953125,0.040825670340762725,False,SUPPORTED,,4ef162320e09086a16f1e130b09a507d399438740647147560f339cd2aa60069
UNRESOLVED_IMAGE,1.0,94,0.9999999999999999,1.1102230246251565e-16,0.691462461274013,0.6953125,0.040825670340762725,False,SUPPORTED,,4ef162320e09086a16f1e130b09a507d399438740647147560f339cd2aa60069
TOTAL_FLUX,1.0,94,1.0000000000000002,2.220446049250313e-16,0.6914624612740131,0.69140625,0.040825670340762725,False,SUPPORTED,,4ef162320e09086a16f1e130b09a507d399438740647147560f339cd2aa60069
DIRECT_PHYSICAL,1.0,95,1.0,0.0,0.6914624612740131,0.685546875,0.040825670340762725,False,SUPPORTED,,4ef162320e09086a16f1e130b09a507d399438740647147560f339cd2aa60069
RESOLVED_PHYSICAL,1.0,95,1.0000000000000002,2.220446049250313e-16,0.6914624612740131,0.7265625,0.040825670340762725,False,SUPPORTED,,4ef162320e09086a16f1e130b09a507d399438740647147560f339cd2aa60069
UNRESOLVED_IMAGE,1.0,95,0.9999999999999999,1.1102230246251565e-16,0.691462461274013,0.716796875,0.040825670340762725,False,SUPPORTED,,4ef162320e09086a16f1e130b09a507d399438740647147560f339cd2aa60069
TOTAL_FLUX,1.0,95,0.9999999999999999,1.1102230246251565e-16,0.691462461274013,0.71875,0.040825670340762725,False,SUPPORTED,,4ef162320e09086a16f1e130b09a507d399438740647147560f339cd2aa60069
DIRECT_PHYSICAL,1.0,96,0.9999999999999998,2.220446049250313e-16,0.691462461274013,0.669921875,0.040825670340762725,False,SUPPORTED,,4ef162320e09086a16f1e130b09a507d399438740647147560f339cd2aa60069
RESOLVED_PHYSICAL,1.0,96,1.0,0.0,0.6914624612740131,0.7109375,0.040825670340762725,False,SUPPORTED,,4ef162320e09086a16f1e130b09a507d399438740647147560f339cd2aa60069
UNRESOLVED_IMAGE,1.0,96,0.9999999999999999,1.1102230246251565e-16,0.691462461274013,0.677734375,0.040825670340762725,False,SUPPORTED,,4ef162320e09086a16f1e130b09a507d399438740647147560f339cd2aa60069
TOTAL_FLUX,1.0,96,0.9999999999999998,2.220446049250313e-16,0.691462461274013,0.6953125,0.040825670340762725,False,SUPPORTED,,4ef162320e09086a16f1e130b09a507d399438740647147560f339cd2aa60069
DIRECT_PHYSICAL,1.0,97,0.9999999999999999,1.1102230246251565e-16,0.691462461274013,0.685546875,0.040825670340762725,False,SUPPORTED,,4ef162320e09086a16f1e130b09a507d399438740647147560f339cd2aa60069
RESOLVED_PHYSICAL,1.0,97,1.0000000000000002,2.220446049250313e-16,0.6914624612740131,0.6796875,0.040825670340762725,False,SUPPORTED,,4ef162320e09086a16f1e130b09a507d399438740647147560f339cd2aa60069
UNRESOLVED_IMAGE,1.0,97,1.0,0.0,0.6914624612740131,0.669921875,0.040825670340762725,False,SUPPORTED,,4ef162320e09086a16f1e130b09a507d399438740647147560f339cd2aa60069
TOTAL_FLUX,1.0,97,1.0000000000000002,2.220446049250313e-16,0.6914624612740131,0.71875,0.040825670340762725,False,SUPPORTED,,4ef162320e09086a16f1e130b09a507d399438740647147560f339cd2aa60069
DIRECT_PHYSICAL,1.0,98,0.9999999999999999,1.1102230246251565e-16,0.691462461274013,0.6953125,0.040825670340762725,False,SUPPORTED,,4ef162320e09086a16f1e130b09a507d399438740647147560f339cd2aa60069
RESOLVED_PHYSICAL,1.0,98,0.9999999999999999,1.1102230246251565e-16,0.691462461274013,0.685546875,0.040825670340762725,False,SUPPORTED,,4ef162320e09086a16f1e130b09a507d399438740647147560f339cd2aa60069
UNRESOLVED_IMAGE,1.0,98,0.9999999999999997,3.3306690738754696e-16,0.691462461274013,0.697265625,0.040825670340762725,False,SUPPORTED,,4ef162320e09086a16f1e130b09a507d399438740647147560f339cd2aa60069
TOTAL_FLUX,1.0,98,1.0000000000000002,2.220446049250313e-16,0.6914624612740131,0.72265625,0.040825670340762725,False,SUPPORTED,,4ef162320e09086a16f1e130b09a507d399438740647147560f339cd2aa60069
DIRECT_PHYSICAL,1.0,99,1.0000000000000002,2.220446049250313e-16,0.6914624612740131,0.673828125,0.040825670340762725,False,SUPPORTED,,4ef162320e09086a16f1e130b09a507d399438740647147560f339cd2aa60069
RESOLVED_PHYSICAL,1.0,99,1.0,0.0,0.6914624612740131,0.6953125,0.040825670340762725,False,SUPPORTED,,4ef162320e09086a16f1e130b09a507d399438740647147560f339cd2aa60069
UNRESOLVED_IMAGE,1.0,99,1.0,0.0,0.6914624612740131,0.689453125,0.040825670340762725,False,SUPPORTED,,4ef162320e09086a16f1e130b09a507d399438740647147560f339cd2aa60069
TOTAL_FLUX,1.0,99,0.9999999999999997,3.3306690738754696e-16,0.691462461274013,0.716796875,0.040825670340762725,False,SUPPORTED,,4ef162320e09086a16f1e130b09a507d399438740647147560f339cd2aa60069
DIRECT_PHYSICAL,1.0,100,0.9999999999999998,2.220446049250313e-16,0.691462461274013,0.662109375,0.040825670340762725,False,SUPPORTED,,4ef162320e09086a16f1e130b09a507d399438740647147560f339cd2aa60069
RESOLVED_PHYSICAL,1.0,100,1.0,0.0,0.6914624612740131,0.712890625,0.040825670340762725,False,SUPPORTED,,4ef162320e09086a16f1e130b09a507d399438740647147560f339cd2aa60069
UNRESOLVED_IMAGE,1.0,100,1.0,0.0,0.6914624612740131,0.6953125,0.040825670340762725,False,SUPPORTED,,4ef162320e09086a16f1e130b09a507d399438740647147560f339cd2aa60069
TOTAL_FLUX,1.0,100,1.0000000000000002,2.220446049250313e-16,0.6914624612740131,0.68359375,0.040825670340762725,False,SUPPORTED,,4ef162320e09086a16f1e130b09a507d399438740647147560f339cd2aa60069
DIRECT_PHYSICAL,1.0,101,0.9999999999999999,1.1102230246251565e-16,0.691462461274013,0.693359375,0.040825670340762725,False,SUPPORTED,,4ef162320e09086a16f1e130b09a507d399438740647147560f339cd2aa60069
RESOLVED_PHYSICAL,1.0,101,0.9999999999999999,1.1102230246251565e-16,0.691462461274013,0.689453125,0.040825670340762725,False,SUPPORTED,,4ef162320e09086a16f1e130b09a507d399438740647147560f339cd2aa60069
UNRESOLVED_IMAGE,1.0,101,1.0,0.0,0.6914624612740131,0.6796875,0.040825670340762725,False,SUPPORTED,,4ef162320e09086a16f1e130b09a507d399438740647147560f339cd2aa60069
TOTAL_FLUX,1.0,101,0.9999999999999996,4.440892098500626e-16,0.691462461274013,0.673828125,0.040825670340762725,False,SUPPORTED,,4ef162320e09086a16f1e130b09a507d399438740647147560f339cd2aa60069
DIRECT_PHYSICAL,1.0,102,0.9999999999999999,1.1102230246251565e-16,0.691462461274013,0.7109375,0.040825670340762725,False,SUPPORTED,,4ef162320e09086a16f1e130b09a507d399438740647147560f339cd2aa60069
RESOLVED_PHYSICAL,1.0,102,1.0,0.0,0.6914624612740131,0.708984375,0.040825670340762725,False,SUPPORTED,,4ef162320e09086a16f1e130b09a507d399438740647147560f339cd2aa60069
UNRESOLVED_IMAGE,1.0,102,1.0000000000000002,2.220446049250313e-16,0.6914624612740131,0.728515625,0.040825670340762725,False,SUPPORTED,,4ef162320e09086a16f1e130b09a507d399438740647147560f339cd2aa60069
TOTAL_FLUX,1.0,102,0.9999999999999996,4.440892098500626e-16,0.691462461274013,0.697265625,0.040825670340762725,False,SUPPORTED,,4ef162320e09086a16f1e130b09a507d399438740647147560f339cd2aa60069
DIRECT_PHYSICAL,1.0,103,1.0,0.0,0.6914624612740131,0.7109375,0.040825670340762725,False,SUPPORTED,,4ef162320e09086a16f1e130b09a507d399438740647147560f339cd2aa60069
RESOLVED_PHYSICAL,1.0,103,1.0000000000000002,2.220446049250313e-16,0.6914624612740131,0.6875,0.040825670340762725,False,SUPPORTED,,4ef162320e09086a16f1e130b09a507d399438740647147560f339cd2aa60069
UNRESOLVED_IMAGE,1.0,103,1.0,0.0,0.6914624612740131,0.705078125,0.040825670340762725,False,SUPPORTED,,4ef162320e09086a16f1e130b09a507d399438740647147560f339cd2aa60069
TOTAL_FLUX,1.0,103,1.0,0.0,0.6914624612740131,0.6796875,0.040825670340762725,False,SUPPORTED,,4ef162320e09086a16f1e130b09a507d399438740647147560f339cd2aa60069
DIRECT_PHYSICAL,1.0,104,0.9999999999999998,2.220446049250313e-16,0.691462461274013,0.7109375,0.040825670340762725,False,SUPPORTED,,4ef162320e09086a16f1e130b09a507d399438740647147560f339cd2aa60069
RESOLVED_PHYSICAL,1.0,104,1.0,0.0,0.6914624612740131,0.68359375,0.040825670340762725,False,SUPPORTED,,4ef162320e09086a16f1e130b09a507d399438740647147560f339cd2aa60069
UNRESOLVED_IMAGE,1.0,104,1.0,0.0,0.6914624612740131,0.65625,0.040825670340762725,False,SUPPORTED,,4ef162320e09086a16f1e130b09a507d399438740647147560f339cd2aa60069
TOTAL_FLUX,1.0,104,0.9999999999999997,3.3306690738754696e-16,0.691462461274013,0.662109375,0.040825670340762725,False,SUPPORTED,,4ef162320e09086a16f1e130b09a507d399438740647147560f339cd2aa60069
DIRECT_PHYSICAL,1.0,105,1.0,0.0,0.6914624612740131,0.69140625,0.040825670340762725,False,SUPPORTED,,4ef162320e09086a16f1e130b09a507d399438740647147560f339cd2aa60069
RESOLVED_PHYSICAL,1.0,105,1.0,0.0,0.6914624612740131,0.69921875,0.040825670340762725,False,SUPPORTED,,4ef162320e09086a16f1e130b09a507d399438740647147560f339cd2aa60069
UNRESOLVED_IMAGE,1.0,105,0.9999999999999999,1.1102230246251565e-16,0.691462461274013,0.658203125,0.040825670340762725,False,SUPPORTED,,4ef162320e09086a16f1e130b09a507d399438740647147560f339cd2aa60069
TOTAL_FLUX,1.0,105,1.0000000000000002,2.220446049250313e-16,0.6914624612740131,0.716796875,0.040825670340762725,False,SUPPORTED,,4ef162320e09086a16f1e130b09a507d399438740647147560f339cd2aa60069
DIRECT_PHYSICAL,1.0,106,1.0,0.0,0.6914624612740131,0.658203125,0.040825670340762725,False,SUPPORTED,,4ef162320e09086a16f1e130b09a507d399438740647147560f339cd2aa60069
RESOLVED_PHYSICAL,1.0,106,0.9999999999999998,2.220446049250313e-16,0.691462461274013,0.673828125,0.040825670340762725,False,SUPPORTED,,4ef162320e09086a16f1e130b09a507d399438740647147560f339cd2aa60069
UNRESOLVED_IMAGE,1.0,106,1.0,0.0,0.6914624612740131,0.689453125,0.040825670340762725,False,SUPPORTED,,4ef162320e09086a16f1e130b09a507d399438740647147560f339cd2aa60069
TOTAL_FLUX,1.0,106,1.0,0.0,0.6914624612740131,0.669921875,0.040825670340762725,False,SUPPORTED,,4ef162320e09086a16f1e130b09a507d399438740647147560f339cd2aa60069
DIRECT_PHYSICAL,1.0,107,1.0000000000000004,4.440892098500626e-16,0.6914624612740132,0.642578125,0.04082567034076272,False,SUPPORTED,,4ef162320e09086a16f1e130b09a507d399438740647147560f339cd2aa60069
RESOLVED_PHYSICAL,1.0,107,0.9999999999999998,2.220446049250313e-16,0.691462461274013,0.693359375,0.040825670340762725,False,SUPPORTED,,4ef162320e09086a16f1e130b09a507d399438740647147560f339cd2aa60069
UNRESOLVED_IMAGE,1.0,107,0.9999999999999999,1.1102230246251565e-16,0.691462461274013,0.6640625,0.040825670340762725,False,SUPPORTED,,4ef162320e09086a16f1e130b09a507d399438740647147560f339cd2aa60069
TOTAL_FLUX,1.0,107,1.0,0.0,0.6914624612740131,0.69921875,0.040825670340762725,False,SUPPORTED,,4ef162320e09086a16f1e130b09a507d399438740647147560f339cd2aa60069
DIRECT_PHYSICAL,1.0,108,0.9999999999999998,2.220446049250313e-16,0.691462461274013,0.693359375,0.040825670340762725,False,SUPPORTED,,4ef162320e09086a16f1e130b09a507d399438740647147560f339cd2aa60069
RESOLVED_PHYSICAL,1.0,108,1.0,0.0,0.6914624612740131,0.716796875,0.040825670340762725,False,SUPPORTED,,4ef162320e09086a16f1e130b09a507d399438740647147560f339cd2aa60069
UNRESOLVED_IMAGE,1.0,108,1.0,0.0,0.6914624612740131,0.689453125,0.040825670340762725,False,SUPPORTED,,4ef162320e09086a16f1e130b09a507d399438740647147560f339cd2aa60069
TOTAL_FLUX,1.0,108,1.0,0.0,0.6914624612740131,0.66015625,0.040825670340762725,False,SUPPORTED,,4ef162320e09086a16f1e130b09a507d399438740647147560f339cd2aa60069
DIRECT_PHYSICAL,1.0,109,0.9999999999999999,1.1102230246251565e-16,0.691462461274013,0.71484375,0.040825670340762725,False,SUPPORTED,,4ef162320e09086a16f1e130b09a507d399438740647147560f339cd2aa60069
RESOLVED_PHYSICAL,1.0,109,1.0000000000000002,2.220446049250313e-16,0.6914624612740131,0.66796875,0.040825670340762725,False,SUPPORTED,,4ef162320e09086a16f1e130b09a507d399438740647147560f339cd2aa60069
UNRESOLVED_IMAGE,1.0,109,0.9999999999999999,1.1102230246251565e-16,0.691462461274013,0.697265625,0.040825670340762725,False,SUPPORTED,,4ef162320e09086a16f1e130b09a507d399438740647147560f339cd2aa60069
TOTAL_FLUX,1.0,109,0.9999999999999996,4.440892098500626e-16,0.691462461274013,0.681640625,0.040825670340762725,False,SUPPORTED,,4ef162320e09086a16f1e130b09a507d399438740647147560f339cd2aa60069
DIRECT_PHYSICAL,1.0,110,1.0,0.0,0.6914624612740131,0.705078125,0.040825670340762725,False,SUPPORTED,,4ef162320e09086a16f1e130b09a507d399438740647147560f339cd2aa60069
RESOLVED_PHYSICAL,1.0,110,0.9999999999999999,1.1102230246251565e-16,0.691462461274013,0.720703125,0.040825670340762725,False,SUPPORTED,,4ef162320e09086a16f1e130b09a507d399438740647147560f339cd2aa60069
UNRESOLVED_IMAGE,1.0,110,1.0,0.0,0.6914624612740131,0.6796875,0.040825670340762725,False,SUPPORTED,,4ef162320e09086a16f1e130b09a507d399438740647147560f339cd2aa60069
TOTAL_FLUX,1.0,110,0.9999999999999996,4.440892098500626e-16,0.691462461274013,0.697265625,0.040825670340762725,False,SUPPORTED,,4ef162320e09086a16f1e130b09a507d399438740647147560f339cd2aa60069
DIRECT_PHYSICAL,1.0,111,1.0,0.0,0.6914624612740131,0.689453125,0.040825670340762725,False,SUPPORTED,,4ef162320e09086a16f1e130b09a507d399438740647147560f339cd2aa60069
RESOLVED_PHYSICAL,1.0,111,0.9999999999999997,3.3306690738754696e-16,0.691462461274013,0.69921875,0.040825670340762725,False,SUPPORTED,,4ef162320e09086a16f1e130b09a507d399438740647147560f339cd2aa60069
UNRESOLVED_IMAGE,1.0,111,0.9999999999999999,1.1102230246251565e-16,0.691462461274013,0.63671875,0.040825670340762725,False,SUPPORTED,,4ef162320e09086a16f1e130b09a507d399438740647147560f339cd2aa60069
TOTAL_FLUX,1.0,111,0.9999999999999998,2.220446049250313e-16,0.691462461274013,0.701171875,0.040825670340762725,False,SUPPORTED,,4ef162320e09086a16f1e130b09a507d399438740647147560f339cd2aa60069
DIRECT_PHYSICAL,1.0,112,1.0,0.0,0.6914624612740131,0.693359375,0.040825670340762725,False,SUPPORTED,,4ef162320e09086a16f1e130b09a507d399438740647147560f339cd2aa60069
RESOLVED_PHYSICAL,1.0,112,1.0,0.0,0.6914624612740131,0.689453125,0.040825670340762725,False,SUPPORTED,,4ef162320e09086a16f1e130b09a507d399438740647147560f339cd2aa60069
UNRESOLVED_IMAGE,1.0,112,1.0,0.0,0.6914624612740131,0.6875,0.040825670340762725,False,SUPPORTED,,4ef162320e09086a16f1e130b09a507d399438740647147560f339cd2aa60069
TOTAL_FLUX,1.0,112,0.9999999999999996,4.440892098500626e-16,0.691462461274013,0.724609375,0.040825670340762725,False,SUPPORTED,,4ef162320e09086a16f1e130b09a507d399438740647147560f339cd2aa60069
DIRECT_PHYSICAL,1.0,113,1.0000000000000002,2.220446049250313e-16,0.6914624612740131,0.666015625,0.040825670340762725,False,SUPPORTED,,4ef162320e09086a16f1e130b09a507d399438740647147560f339cd2aa60069
RESOLVED_PHYSICAL,1.0,113,0.9999999999999997,3.3306690738754696e-16,0.691462461274013,0.705078125,0.040825670340762725,False,SUPPORTED,,4ef162320e09086a16f1e130b09a507d399438740647147560f339cd2aa60069
UNRESOLVED_IMAGE,1.0,113,1.0000000000000002,2.220446049250313e-16,0.6914624612740131,0.69140625,0.040825670340762725,False,SUPPORTED,,4ef162320e09086a16f1e130b09a507d399438740647147560f339cd2aa60069
TOTAL_FLUX,1.0,113,1.0,0.0,0.6914624612740131,0.654296875,0.040825670340762725,False,SUPPORTED,,4ef162320e09086a16f1e130b09a507d399438740647147560f339cd2aa60069
DIRECT_PHYSICAL,1.0,114,1.0000000000000002,2.220446049250313e-16,0.6914624612740131,0.693359375,0.040825670340762725,False,SUPPORTED,,4ef162320e09086a16f1e130b09a507d399438740647147560f339cd2aa60069
RESOLVED_PHYSICAL,1.0,114,1.0,0.0,0.6914624612740131,0.7109375,0.040825670340762725,False,SUPPORTED,,4ef162320e09086a16f1e130b09a507d399438740647147560f339cd2aa60069
UNRESOLVED_IMAGE,1.0,114,0.9999999999999998,2.220446049250313e-16,0.691462461274013,0.68359375,0.040825670340762725,False,SUPPORTED,,4ef162320e09086a16f1e130b09a507d399438740647147560f339cd2aa60069
TOTAL_FLUX,1.0,114,0.9999999999999999,1.1102230246251565e-16,0.691462461274013,0.669921875,0.040825670340762725,False,SUPPORTED,,4ef162320e09086a16f1e130b09a507d399438740647147560f339cd2aa60069
DIRECT_PHYSICAL,1.0,115,1.0,0.0,0.6914624612740131,0.65234375,0.040825670340762725,False,SUPPORTED,,4ef162320e09086a16f1e130b09a507d399438740647147560f339cd2aa60069
RESOLVED_PHYSICAL,1.0,115,1.0,0.0,0.6914624612740131,0.68359375,0.040825670340762725,False,SUPPORTED,,4ef162320e09086a16f1e130b09a507d399438740647147560f339cd2aa60069
UNRESOLVED_IMAGE,1.0,115,1.0000000000000002,2.220446049250313e-16,0.6914624612740131,0.70703125,0.040825670340762725,False,SUPPORTED,,4ef162320e09086a16f1e130b09a507d399438740647147560f339cd2aa60069
TOTAL_FLUX,1.0,115,0.9999999999999998,2.220446049250313e-16,0.691462461274013,0.73046875,0.040825670340762725,False,SUPPORTED,,4ef162320e09086a16f1e130b09a507d399438740647147560f339cd2aa60069
DIRECT_PHYSICAL,1.0,116,1.0,0.0,0.6914624612740131,0.703125,0.040825670340762725,False,SUPPORTED,,4ef162320e09086a16f1e130b09a507d399438740647147560f339cd2aa60069
RESOLVED_PHYSICAL,1.0,116,1.0,0.0,0.6914624612740131,0.685546875,0.040825670340762725,False,SUPPORTED,,4ef162320e09086a16f1e130b09a507d399438740647147560f339cd2aa60069
UNRESOLVED_IMAGE,1.0,116,1.0,0.0,0.6914624612740131,0.697265625,0.040825670340762725,False,SUPPORTED,,4ef162320e09086a16f1e130b09a507d399438740647147560f339cd2aa60069
TOTAL_FLUX,1.0,116,1.0000000000000004,4.440892098500626e-16,0.6914624612740132,0.701171875,0.04082567034076272,False,SUPPORTED,,4ef162320e09086a16f1e130b09a507d399438740647147560f339cd2aa60069
DIRECT_PHYSICAL,1.0,117,0.9999999999999999,1.1102230246251565e-16,0.691462461274013,0.708984375,0.040825670340762725,False,SUPPORTED,,4ef162320e09086a16f1e130b09a507d399438740647147560f339cd2aa60069
RESOLVED_PHYSICAL,1.0,117,0.9999999999999999,1.1102230246251565e-16,0.691462461274013,0.697265625,0.040825670340762725,False,SUPPORTED,,4ef162320e09086a16f1e130b09a507d399438740647147560f339cd2aa60069
UNRESOLVED_IMAGE,1.0,117,1.0,0.0,0.6914624612740131,0.732421875,0.040825670340762725,True,SUPPORTED,,4ef162320e09086a16f1e130b09a507d399438740647147560f339cd2aa60069
TOTAL_FLUX,1.0,117,0.9999999999999994,5.551115123125783e-16,0.691462461274013,0.69140625,0.040825670340762725,False,SUPPORTED,,4ef162320e09086a16f1e130b09a507d399438740647147560f339cd2aa60069
DIRECT_PHYSICAL,1.0,118,1.0,0.0,0.6914624612740131,0.66015625,0.040825670340762725,False,SUPPORTED,,4ef162320e09086a16f1e130b09a507d399438740647147560f339cd2aa60069
RESOLVED_PHYSICAL,1.0,118,1.0,0.0,0.6914624612740131,0.689453125,0.040825670340762725,False,SUPPORTED,,4ef162320e09086a16f1e130b09a507d399438740647147560f339cd2aa60069
UNRESOLVED_IMAGE,1.0,118,1.0,0.0,0.6914624612740131,0.666015625,0.040825670340762725,False,SUPPORTED,,4ef162320e09086a16f1e130b09a507d399438740647147560f339cd2aa60069
TOTAL_FLUX,1.0,118,1.0,0.0,0.6914624612740131,0.6953125,0.040825670340762725,False,SUPPORTED,,4ef162320e09086a16f1e130b09a507d399438740647147560f339cd2aa60069
DIRECT_PHYSICAL,1.0,119,1.0000000000000002,2.220446049250313e-16,0.6914624612740131,0.66796875,0.040825670340762725,False,SUPPORTED,,4ef162320e09086a16f1e130b09a507d399438740647147560f339cd2aa60069
RESOLVED_PHYSICAL,1.0,119,0.9999999999999998,2.220446049250313e-16,0.691462461274013,0.689453125,0.040825670340762725,False,SUPPORTED,,4ef162320e09086a16f1e130b09a507d399438740647147560f339cd2aa60069
UNRESOLVED_IMAGE,1.0,119,0.9999999999999999,1.1102230246251565e-16,0.691462461274013,0.669921875,0.040825670340762725,False,SUPPORTED,,4ef162320e09086a16f1e130b09a507d399438740647147560f339cd2aa60069
TOTAL_FLUX,1.0,119,1.000000000000001,1.1102230246251565e-15,0.6914624612740133,0.6953125,0.04082567034076272,False,SUPPORTED,,4ef162320e09086a16f1e130b09a507d399438740647147560f339cd2aa60069
DIRECT_PHYSICAL,1.0,120,0.9999999999999998,2.220446049250313e-16,0.691462461274013,0.708984375,0.040825670340762725,False,SUPPORTED,,4ef162320e09086a16f1e130b09a507d399438740647147560f339cd2aa60069
RESOLVED_PHYSICAL,1.0,120,0.9999999999999999,1.1102230246251565e-16,0.691462461274013,0.693359375,0.040825670340762725,False,SUPPORTED,,4ef162320e09086a16f1e130b09a507d399438740647147560f339cd2aa60069
UNRESOLVED_IMAGE,1.0,120,1.0000000000000002,2.220446049250313e-16,0.6914624612740131,0.671875,0.040825670340762725,False,SUPPORTED,,4ef162320e09086a16f1e130b09a507d399438740647147560f339cd2aa60069
TOTAL_FLUX,1.0,120,1.0000000000000004,4.440892098500626e-16,0.6914624612740132,0.693359375,0.04082567034076272,False,SUPPORTED,,4ef162320e09086a16f1e130b09a507d399438740647147560f339cd2aa60069
DIRECT_PHYSICAL,1.0,121,0.9999999999999999,1.1102230246251565e-16,0.691462461274013,0.66796875,0.040825670340762725,False,SUPPORTED,,4ef162320e09086a16f1e130b09a507d399438740647147560f339cd2aa60069
RESOLVED_PHYSICAL,1.0,121,1.0,0.0,0.6914624612740131,0.69921875,0.040825670340762725,False,SUPPORTED,,4ef162320e09086a16f1e130b09a507d399438740647147560f339cd2aa60069
UNRESOLVED_IMAGE,1.0,121,1.0,0.0,0.6914624612740131,0.6796875,0.040825670340762725,False,SUPPORTED,,4ef162320e09086a16f1e130b09a507d399438740647147560f339cd2aa60069
TOTAL_FLUX,1.0,121,0.9999999999999998,2.220446049250313e-16,0.691462461274013,0.650390625,0.040825670340762725,False,SUPPORTED,,4ef162320e09086a16f1e130b09a507d399438740647147560f339cd2aa60069
DIRECT_PHYSICAL,1.0,122,1.0,0.0,0.6914624612740131,0.681640625,0.040825670340762725,False,SUPPORTED,,4ef162320e09086a16f1e130b09a507d399438740647147560f339cd2aa60069
RESOLVED_PHYSICAL,1.0,122,0.9999999999999999,1.1102230246251565e-16,0.691462461274013,0.69921875,0.040825670340762725,False,SUPPORTED,,4ef162320e09086a16f1e130b09a507d399438740647147560f339cd2aa60069
UNRESOLVED_IMAGE,1.0,122,1.0,0.0,0.6914624612740131,0.71484375,0.040825670340762725,False,SUPPORTED,,4ef162320e09086a16f1e130b09a507d399438740647147560f339cd2aa60069
TOTAL_FLUX,1.0,122,0.9999999999999999,1.1102230246251565e-16,0.691462461274013,0.705078125,0.040825670340762725,False,SUPPORTED,,4ef162320e09086a16f1e130b09a507d399438740647147560f339cd2aa60069
DIRECT_PHYSICAL,1.0,123,1.0000000000000002,2.220446049250313e-16,0.6914624612740131,0.6953125,0.040825670340762725,False,SUPPORTED,,4ef162320e09086a16f1e130b09a507d399438740647147560f339cd2aa60069
RESOLVED_PHYSICAL,1.0,123,1.0,0.0,0.6914624612740131,0.6953125,0.040825670340762725,False,SUPPORTED,,4ef162320e09086a16f1e130b09a507d399438740647147560f339cd2aa60069
UNRESOLVED_IMAGE,1.0,123,1.0,0.0,0.6914624612740131,0.681640625,0.040825670340762725,False,SUPPORTED,,4ef162320e09086a16f1e130b09a507d399438740647147560f339cd2aa60069
TOTAL_FLUX,1.0,123,1.0,0.0,0.6914624612740131,0.705078125,0.040825670340762725,False,SUPPORTED,,4ef162320e09086a16f1e130b09a507d399438740647147560f339cd2aa60069
DIRECT_PHYSICAL,1.0,124,1.0,0.0,0.6914624612740131,0.67578125,0.040825670340762725,False,SUPPORTED,,4ef162320e09086a16f1e130b09a507d399438740647147560f339cd2aa60069
RESOLVED_PHYSICAL,1.0,124,0.9999999999999999,1.1102230246251565e-16,0.691462461274013,0.6796875,0.040825670340762725,False,SUPPORTED,,4ef162320e09086a16f1e130b09a507d399438740647147560f339cd2aa60069
UNRESOLVED_IMAGE,1.0,124,0.9999999999999999,1.1102230246251565e-16,0.691462461274013,0.69140625,0.040825670340762725,False,SUPPORTED,,4ef162320e09086a16f1e130b09a507d399438740647147560f339cd2aa60069
TOTAL_FLUX,1.0,124,0.9999999999999994,5.551115123125783e-16,0.691462461274013,0.69140625,0.040825670340762725,False,SUPPORTED,,4ef162320e09086a16f1e130b09a507d399438740647147560f339cd2aa60069
DIRECT_PHYSICAL,1.0,125,0.9999999999999999,1.1102230246251565e-16,0.691462461274013,0.701171875,0.040825670340762725,False,SUPPORTED,,4ef162320e09086a16f1e130b09a507d399438740647147560f339cd2aa60069
RESOLVED_PHYSICAL,1.0,125,1.0,0.0,0.6914624612740131,0.712890625,0.040825670340762725,False,SUPPORTED,,4ef162320e09086a16f1e130b09a507d399438740647147560f339cd2aa60069
UNRESOLVED_IMAGE,1.0,125,1.0,0.0,0.6914624612740131,0.689453125,0.040825670340762725,False,SUPPORTED,,4ef162320e09086a16f1e130b09a507d399438740647147560f339cd2aa60069
TOTAL_FLUX,1.0,125,0.9999999999999999,1.1102230246251565e-16,0.691462461274013,0.71875,0.040825670340762725,False,SUPPORTED,,4ef162320e09086a16f1e130b09a507d399438740647147560f339cd2aa60069
DIRECT_PHYSICAL,1.0,126,0.9999999999999998,2.220446049250313e-16,0.691462461274013,0.71484375,0.040825670340762725,False,SUPPORTED,,4ef162320e09086a16f1e130b09a507d399438740647147560f339cd2aa60069
RESOLVED_PHYSICAL,1.0,126,1.0000000000000002,2.220446049250313e-16,0.6914624612740131,0.732421875,0.040825670340762725,True,SUPPORTED,,4ef162320e09086a16f1e130b09a507d399438740647147560f339cd2aa60069
UNRESOLVED_IMAGE,1.0,126,0.9999999999999998,2.220446049250313e-16,0.691462461274013,0.658203125,0.040825670340762725,False,SUPPORTED,,4ef162320e09086a16f1e130b09a507d399438740647147560f339cd2aa60069
TOTAL_FLUX,1.0,126,1.0,0.0,0.6914624612740131,0.6640625,0.040825670340762725,False,SUPPORTED,,4ef162320e09086a16f1e130b09a507d399438740647147560f339cd2aa60069
DIRECT_PHYSICAL,1.0,127,0.9999999999999999,1.1102230246251565e-16,0.691462461274013,0.705078125,0.040825670340762725,False,SUPPORTED,,4ef162320e09086a16f1e130b09a507d399438740647147560f339cd2aa60069
RESOLVED_PHYSICAL,1.0,127,1.0,0.0,0.6914624612740131,0.693359375,0.040825670340762725,False,SUPPORTED,,4ef162320e09086a16f1e130b09a507d399438740647147560f339cd2aa60069
UNRESOLVED_IMAGE,1.0,127,1.0,0.0,0.6914624612740131,0.693359375,0.040825670340762725,False,SUPPORTED,,4ef162320e09086a16f1e130b09a507d399438740647147560f339cd2aa60069
TOTAL_FLUX,1.0,127,1.0,0.0,0.6914624612740131,0.751953125,0.040825670340762725,True,SUPPORTED,,4ef162320e09086a16f1e130b09a507d399438740647147560f339cd2aa60069
DIRECT_PHYSICAL,1.0,128,0.9999999999999998,2.220446049250313e-16,0.691462461274013,0.703125,0.040825670340762725,False,SUPPORTED,,4ef162320e09086a16f1e130b09a507d399438740647147560f339cd2aa60069
RESOLVED_PHYSICAL,1.0,128,1.0,0.0,0.6914624612740131,0.671875,0.040825670340762725,False,SUPPORTED,,4ef162320e09086a16f1e130b09a507d399438740647147560f339cd2aa60069
UNRESOLVED_IMAGE,1.0,128,1.0,0.0,0.6914624612740131,0.658203125,0.040825670340762725,False,SUPPORTED,,4ef162320e09086a16f1e130b09a507d399438740647147560f339cd2aa60069
TOTAL_FLUX,1.0,128,1.0,0.0,0.6914624612740131,0.6875,0.040825670340762725,False,SUPPORTED,,4ef162320e09086a16f1e130b09a507d399438740647147560f339cd2aa60069
DIRECT_PHYSICAL,1.0,129,0.9999999999999998,2.220446049250313e-16,0.691462461274013,0.69921875,0.040825670340762725,False,SUPPORTED,,4ef162320e09086a16f1e130b09a507d399438740647147560f339cd2aa60069
RESOLVED_PHYSICAL,1.0,129,1.0,0.0,0.6914624612740131,0.6796875,0.040825670340762725,False,SUPPORTED,,4ef162320e09086a16f1e130b09a507d399438740647147560f339cd2aa60069
UNRESOLVED_IMAGE,1.0,129,0.9999999999999999,1.1102230246251565e-16,0.691462461274013,0.732421875,0.040825670340762725,True,SUPPORTED,,4ef162320e09086a16f1e130b09a507d399438740647147560f339cd2aa60069
TOTAL_FLUX,1.0,129,1.0,0.0,0.6914624612740131,0.72265625,0.040825670340762725,False,SUPPORTED,,4ef162320e09086a16f1e130b09a507d399438740647147560f339cd2aa60069
DIRECT_PHYSICAL,1.0,130,0.9999999999999999,1.1102230246251565e-16,0.691462461274013,0.69921875,0.040825670340762725,False,SUPPORTED,,4ef162320e09086a16f1e130b09a507d399438740647147560f339cd2aa60069
RESOLVED_PHYSICAL,1.0,130,1.0,0.0,0.6914624612740131,0.6640625,0.040825670340762725,False,SUPPORTED,,4ef162320e09086a16f1e130b09a507d399438740647147560f339cd2aa60069
UNRESOLVED_IMAGE,1.0,130,0.9999999999999998,2.220446049250313e-16,0.691462461274013,0.671875,0.040825670340762725,False,SUPPORTED,,4ef162320e09086a16f1e130b09a507d399438740647147560f339cd2aa60069
TOTAL_FLUX,1.0,130,1.0000000000000002,2.220446049250313e-16,0.6914624612740131,0.703125,0.040825670340762725,False,SUPPORTED,,4ef162320e09086a16f1e130b09a507d399438740647147560f339cd2aa60069
DIRECT_PHYSICAL,1.0,131,1.0,0.0,0.6914624612740131,0.703125,0.040825670340762725,False,SUPPORTED,,4ef162320e09086a16f1e130b09a507d399438740647147560f339cd2aa60069
RESOLVED_PHYSICAL,1.0,131,0.9999999999999999,1.1102230246251565e-16,0.691462461274013,0.69140625,0.040825670340762725,False,SUPPORTED,,4ef162320e09086a16f1e130b09a507d399438740647147560f339cd2aa60069
UNRESOLVED_IMAGE,1.0,131,1.0,0.0,0.6914624612740131,0.685546875,0.040825670340762725,False,SUPPORTED,,4ef162320e09086a16f1e130b09a507d399438740647147560f339cd2aa60069
TOTAL_FLUX,1.0,131,1.0000000000000002,2.220446049250313e-16,0.6914624612740131,0.720703125,0.040825670340762725,False,SUPPORTED,,4ef162320e09086a16f1e130b09a507d399438740647147560f339cd2aa60069
DIRECT_PHYSICAL,1.0,132,1.0000000000000002,2.220446049250313e-16,0.6914624612740131,0.708984375,0.040825670340762725,False,SUPPORTED,,4ef162320e09086a16f1e130b09a507d399438740647147560f339cd2aa60069
RESOLVED_PHYSICAL,1.0,132,0.9999999999999999,1.1102230246251565e-16,0.691462461274013,0.734375,0.040825670340762725,True,SUPPORTED,,4ef162320e09086a16f1e130b09a507d399438740647147560f339cd2aa60069
UNRESOLVED_IMAGE,1.0,132,0.9999999999999999,1.1102230246251565e-16,0.691462461274013,0.6640625,0.040825670340762725,False,SUPPORTED,,4ef162320e09086a16f1e130b09a507d399438740647147560f339cd2aa60069
TOTAL_FLUX,1.0,132,1.0000000000000002,2.220446049250313e-16,0.6914624612740131,0.771484375,0.040825670340762725,True,SUPPORTED,,4ef162320e09086a16f1e130b09a507d399438740647147560f339cd2aa60069
DIRECT_PHYSICAL,1.0,133,0.9999999999999999,1.1102230246251565e-16,0.691462461274013,0.75390625,0.040825670340762725,True,SUPPORTED,,4ef162320e09086a16f1e130b09a507d399438740647147560f339cd2aa60069
RESOLVED_PHYSICAL,1.0,133,1.0,0.0,0.6914624612740131,0.697265625,0.040825670340762725,False,SUPPORTED,,4ef162320e09086a16f1e130b09a507d399438740647147560f339cd2aa60069
UNRESOLVED_IMAGE,1.0,133,0.9999999999999998,2.220446049250313e-16,0.691462461274013,0.673828125,0.040825670340762725,False,SUPPORTED,,4ef162320e09086a16f1e130b09a507d399438740647147560f339cd2aa60069
TOTAL_FLUX,1.0,133,0.9999999999999996,4.440892098500626e-16,0.691462461274013,0.701171875,0.040825670340762725,False,SUPPORTED,,4ef162320e09086a16f1e130b09a507d399438740647147560f339cd2aa60069
DIRECT_PHYSICAL,1.0,134,1.0,0.0,0.6914624612740131,0.671875,0.040825670340762725,False,SUPPORTED,,4ef162320e09086a16f1e130b09a507d399438740647147560f339cd2aa60069
RESOLVED_PHYSICAL,1.0,134,0.9999999999999999,1.1102230246251565e-16,0.691462461274013,0.681640625,0.040825670340762725,False,SUPPORTED,,4ef162320e09086a16f1e130b09a507d399438740647147560f339cd2aa60069
UNRESOLVED_IMAGE,1.0,134,0.9999999999999999,1.1102230246251565e-16,0.691462461274013,0.69921875,0.040825670340762725,False,SUPPORTED,,4ef162320e09086a16f1e130b09a507d399438740647147560f339cd2aa60069
TOTAL_FLUX,1.0,134,0.9999999999999998,2.220446049250313e-16,0.691462461274013,0.693359375,0.040825670340762725,False,SUPPORTED,,4ef162320e09086a16f1e130b09a507d399438740647147560f339cd2aa60069
DIRECT_PHYSICAL,1.0,135,1.0000000000000002,2.220446049250313e-16,0.6914624612740131,0.6640625,0.040825670340762725,False,SUPPORTED,,4ef162320e09086a16f1e130b09a507d399438740647147560f339cd2aa60069
RESOLVED_PHYSICAL,1.0,135,1.0,0.0,0.6914624612740131,0.685546875,0.040825670340762725,False,SUPPORTED,,4ef162320e09086a16f1e130b09a507d399438740647147560f339cd2aa60069
UNRESOLVED_IMAGE,1.0,135,0.9999999999999998,2.220446049250313e-16,0.691462461274013,0.712890625,0.040825670340762725,False,SUPPORTED,,4ef162320e09086a16f1e130b09a507d399438740647147560f339cd2aa60069
TOTAL_FLUX,1.0,135,1.0000000000000013,1.3322676295501878e-15,0.6914624612740133,0.712890625,0.04082567034076272,False,SUPPORTED,,4ef162320e09086a16f1e130b09a507d399438740647147560f339cd2aa60069
DIRECT_PHYSICAL,1.0,136,1.0,0.0,0.6914624612740131,0.681640625,0.040825670340762725,False,SUPPORTED,,4ef162320e09086a16f1e130b09a507d399438740647147560f339cd2aa60069
RESOLVED_PHYSICAL,1.0,136,1.0,0.0,0.6914624612740131,0.697265625,0.040825670340762725,False,SUPPORTED,,4ef162320e09086a16f1e130b09a507d399438740647147560f339cd2aa60069
UNRESOLVED_IMAGE,1.0,136,1.0,0.0,0.6914624612740131,0.7265625,0.040825670340762725,False,SUPPORTED,,4ef162320e09086a16f1e130b09a507d399438740647147560f339cd2aa60069
TOTAL_FLUX,1.0,136,0.9999999999999997,3.3306690738754696e-16,0.691462461274013,0.728515625,0.040825670340762725,False,SUPPORTED,,4ef162320e09086a16f1e130b09a507d399438740647147560f339cd2aa60069
DIRECT_PHYSICAL,1.0,137,0.9999999999999999,1.1102230246251565e-16,0.691462461274013,0.68359375,0.040825670340762725,False,SUPPORTED,,4ef162320e09086a16f1e130b09a507d399438740647147560f339cd2aa60069
RESOLVED_PHYSICAL,1.0,137,0.9999999999999999,1.1102230246251565e-16,0.691462461274013,0.71484375,0.040825670340762725,False,SUPPORTED,,4ef162320e09086a16f1e130b09a507d399438740647147560f339cd2aa60069
UNRESOLVED_IMAGE,1.0,137,0.9999999999999999,1.1102230246251565e-16,0.691462461274013,0.673828125,0.040825670340762725,False,SUPPORTED,,4ef162320e09086a16f1e130b09a507d399438740647147560f339cd2aa60069
TOTAL_FLUX,1.0,137,1.0000000000000002,2.220446049250313e-16,0.6914624612740131,0.716796875,0.040825670340762725,False,SUPPORTED,,4ef162320e09086a16f1e130b09a507d399438740647147560f339cd2aa60069
DIRECT_PHYSICAL,1.0,138,0.9999999999999999,1.1102230246251565e-16,0.691462461274013,0.71484375,0.040825670340762725,False,SUPPORTED,,4ef162320e09086a16f1e130b09a507d399438740647147560f339cd2aa60069
RESOLVED_PHYSICAL,1.0,138,1.0,0.0,0.6914624612740131,0.66015625,0.040825670340762725,False,SUPPORTED,,4ef162320e09086a16f1e130b09a507d399438740647147560f339cd2aa60069
UNRESOLVED_IMAGE,1.0,138,0.9999999999999999,1.1102230246251565e-16,0.691462461274013,0.6953125,0.040825670340762725,False,SUPPORTED,,4ef162320e09086a16f1e130b09a507d399438740647147560f339cd2aa60069
TOTAL_FLUX,1.0,138,0.9999999999999997,3.3306690738754696e-16,0.691462461274013,0.666015625,0.040825670340762725,False,SUPPORTED,,4ef162320e09086a16f1e130b09a507d399438740647147560f339cd2aa60069
DIRECT_PHYSICAL,1.0,139,0.9999999999999998,2.220446049250313e-16,0.691462461274013,0.654296875,0.040825670340762725,False,SUPPORTED,,4ef162320e09086a16f1e130b09a507d399438740647147560f339cd2aa60069
RESOLVED_PHYSICAL,1.0,139,0.9999999999999999,1.1102230246251565e-16,0.691462461274013,0.705078125,0.040825670340762725,False,SUPPORTED,,4ef162320e09086a16f1e130b09a507d399438740647147560f339cd2aa60069
UNRESOLVED_IMAGE,1.0,139,0.9999999999999998,2.220446049250313e-16,0.691462461274013,0.6796875,0.040825670340762725,False,SUPPORTED,,4ef162320e09086a16f1e130b09a507d399438740647147560f339cd2aa60069
TOTAL_FLUX,1.0,139,1.0000000000000002,2.220446049250313e-16,0.6914624612740131,0.70703125,0.040825670340762725,False,SUPPORTED,,4ef162320e09086a16f1e130b09a507d399438740647147560f339cd2aa60069
DIRECT_PHYSICAL,1.0,140,1.0000000000000002,2.220446049250313e-16,0.6914624612740131,0.6953125,0.040825670340762725,False,SUPPORTED,,4ef162320e09086a16f1e130b09a507d399438740647147560f339cd2aa60069
RESOLVED_PHYSICAL,1.0,140,1.0,0.0,0.6914624612740131,0.70703125,0.040825670340762725,False,SUPPORTED,,4ef162320e09086a16f1e130b09a507d399438740647147560f339cd2aa60069
UNRESOLVED_IMAGE,1.0,140,1.0,0.0,0.6914624612740131,0.701171875,0.040825670340762725,False,SUPPORTED,,4ef162320e09086a16f1e130b09a507d399438740647147560f339cd2aa60069
TOTAL_FLUX,1.0,140,0.9999999999999999,1.1102230246251565e-16,0.691462461274013,0.638671875,0.040825670340762725,False,SUPPORTED,,4ef162320e09086a16f1e130b09a507d399438740647147560f339cd2aa60069
DIRECT_PHYSICAL,1.0,141,1.0,0.0,0.6914624612740131,0.755859375,0.040825670340762725,True,SUPPORTED,,4ef162320e09086a16f1e130b09a507d399438740647147560f339cd2aa60069
RESOLVED_PHYSICAL,1.0,141,1.0,0.0,0.6914624612740131,0.70703125,0.040825670340762725,False,SUPPORTED,,4ef162320e09086a16f1e130b09a507d399438740647147560f339cd2aa60069
UNRESOLVED_IMAGE,1.0,141,1.0,0.0,0.6914624612740131,0.72265625,0.040825670340762725,False,SUPPORTED,,4ef162320e09086a16f1e130b09a507d399438740647147560f339cd2aa60069
TOTAL_FLUX,1.0,141,1.0000000000000004,4.440892098500626e-16,0.6914624612740132,0.685546875,0.04082567034076272,False,SUPPORTED,,4ef162320e09086a16f1e130b09a507d399438740647147560f339cd2aa60069
DIRECT_PHYSICAL,1.0,142,0.9999999999999997,3.3306690738754696e-16,0.691462461274013,0.705078125,0.040825670340762725,False,SUPPORTED,,4ef162320e09086a16f1e130b09a507d399438740647147560f339cd2aa60069
RESOLVED_PHYSICAL,1.0,142,0.9999999999999999,1.1102230246251565e-16,0.691462461274013,0.69140625,0.040825670340762725,False,SUPPORTED,,4ef162320e09086a16f1e130b09a507d399438740647147560f339cd2aa60069
UNRESOLVED_IMAGE,1.0,142,0.9999999999999999,1.1102230246251565e-16,0.691462461274013,0.6484375,0.040825670340762725,False,SUPPORTED,,4ef162320e09086a16f1e130b09a507d399438740647147560f339cd2aa60069
TOTAL_FLUX,1.0,142,0.9999999999999999,1.1102230246251565e-16,0.691462461274013,0.689453125,0.040825670340762725,False,SUPPORTED,,4ef162320e09086a16f1e130b09a507d399438740647147560f339cd2aa60069
DIRECT_PHYSICAL,1.0,143,1.0,0.0,0.6914624612740131,0.69921875,0.040825670340762725,False,SUPPORTED,,4ef162320e09086a16f1e130b09a507d399438740647147560f339cd2aa60069
RESOLVED_PHYSICAL,1.0,143,0.9999999999999999,1.1102230246251565e-16,0.691462461274013,0.69921875,0.040825670340762725,False,SUPPORTED,,4ef162320e09086a16f1e130b09a507d399438740647147560f339cd2aa60069
UNRESOLVED_IMAGE,1.0,143,0.9999999999999998,2.220446049250313e-16,0.691462461274013,0.68359375,0.040825670340762725,False,SUPPORTED,,4ef162320e09086a16f1e130b09a507d399438740647147560f339cd2aa60069
TOTAL_FLUX,1.0,143,1.0000000000000002,2.220446049250313e-16,0.6914624612740131,0.681640625,0.040825670340762725,False,SUPPORTED,,4ef162320e09086a16f1e130b09a507d399438740647147560f339cd2aa60069
DIRECT_PHYSICAL,1.0,144,0.9999999999999999,1.1102230246251565e-16,0.691462461274013,0.6953125,0.040825670340762725,False,SUPPORTED,,4ef162320e09086a16f1e130b09a507d399438740647147560f339cd2aa60069
RESOLVED_PHYSICAL,1.0,144,1.0,0.0,0.6914624612740131,0.708984375,0.040825670340762725,False,SUPPORTED,,4ef162320e09086a16f1e130b09a507d399438740647147560f339cd2aa60069
UNRESOLVED_IMAGE,1.0,144,1.0,0.0,0.6914624612740131,0.72265625,0.040825670340762725,False,SUPPORTED,,4ef162320e09086a16f1e130b09a507d399438740647147560f339cd2aa60069
TOTAL_FLUX,1.0,144,0.9999999999999999,1.1102230246251565e-16,0.691462461274013,0.6796875,0.040825670340762725,False,SUPPORTED,,4ef162320e09086a16f1e130b09a507d399438740647147560f339cd2aa60069
DIRECT_PHYSICAL,1.0,145,0.9999999999999998,2.220446049250313e-16,0.691462461274013,0.6796875,0.040825670340762725,False,SUPPORTED,,4ef162320e09086a16f1e130b09a507d399438740647147560f339cd2aa60069
RESOLVED_PHYSICAL,1.0,145,0.9999999999999997,3.3306690738754696e-16,0.691462461274013,0.681640625,0.040825670340762725,False,SUPPORTED,,4ef162320e09086a16f1e130b09a507d399438740647147560f339cd2aa60069
UNRESOLVED_IMAGE,1.0,145,0.9999999999999999,1.1102230246251565e-16,0.691462461274013,0.728515625,0.040825670340762725,False,SUPPORTED,,4ef162320e09086a16f1e130b09a507d399438740647147560f339cd2aa60069
TOTAL_FLUX,1.0,145,0.9999999999999998,2.220446049250313e-16,0.691462461274013,0.716796875,0.040825670340762725,False,SUPPORTED,,4ef162320e09086a16f1e130b09a507d399438740647147560f339cd2aa60069
DIRECT_PHYSICAL,1.0,146,0.9999999999999999,1.1102230246251565e-16,0.691462461274013,0.689453125,0.040825670340762725,False,SUPPORTED,,4ef162320e09086a16f1e130b09a507d399438740647147560f339cd2aa60069
RESOLVED_PHYSICAL,1.0,146,1.0,0.0,0.6914624612740131,0.71875,0.040825670340762725,False,SUPPORTED,,4ef162320e09086a16f1e130b09a507d399438740647147560f339cd2aa60069
UNRESOLVED_IMAGE,1.0,146,0.9999999999999997,3.3306690738754696e-16,0.691462461274013,0.6875,0.040825670340762725,False,SUPPORTED,,4ef162320e09086a16f1e130b09a507d399438740647147560f339cd2aa60069
TOTAL_FLUX,1.0,146,1.0000000000000002,2.220446049250313e-16,0.6914624612740131,0.658203125,0.040825670340762725,False,SUPPORTED,,4ef162320e09086a16f1e130b09a507d399438740647147560f339cd2aa60069
DIRECT_PHYSICAL,1.0,147,0.9999999999999999,1.1102230246251565e-16,0.691462461274013,0.685546875,0.040825670340762725,False,SUPPORTED,,4ef162320e09086a16f1e130b09a507d399438740647147560f339cd2aa60069
RESOLVED_PHYSICAL,1.0,147,1.0,0.0,0.6914624612740131,0.6875,0.040825670340762725,False,SUPPORTED,,4ef162320e09086a16f1e130b09a507d399438740647147560f339cd2aa60069
UNRESOLVED_IMAGE,1.0,147,0.9999999999999999,1.1102230246251565e-16,0.691462461274013,0.685546875,0.040825670340762725,False,SUPPORTED,,4ef162320e09086a16f1e130b09a507d399438740647147560f339cd2aa60069
TOTAL_FLUX,1.0,147,0.9999999999999999,1.1102230246251565e-16,0.691462461274013,0.689453125,0.040825670340762725,False,SUPPORTED,,4ef162320e09086a16f1e130b09a507d399438740647147560f339cd2aa60069
DIRECT_PHYSICAL,1.0,148,1.0000000000000002,2.220446049250313e-16,0.6914624612740131,0.703125,0.040825670340762725,False,SUPPORTED,,4ef162320e09086a16f1e130b09a507d399438740647147560f339cd2aa60069
RESOLVED_PHYSICAL,1.0,148,0.9999999999999998,2.220446049250313e-16,0.691462461274013,0.697265625,0.040825670340762725,False,SUPPORTED,,4ef162320e09086a16f1e130b09a507d399438740647147560f339cd2aa60069
UNRESOLVED_IMAGE,1.0,148,1.0000000000000002,2.220446049250313e-16,0.6914624612740131,0.662109375,0.040825670340762725,False,SUPPORTED,,4ef162320e09086a16f1e130b09a507d399438740647147560f339cd2aa60069
TOTAL_FLUX,1.0,148,1.0,0.0,0.6914624612740131,0.70703125,0.040825670340762725,False,SUPPORTED,,4ef162320e09086a16f1e130b09a507d399438740647147560f339cd2aa60069
DIRECT_PHYSICAL,1.0,149,1.0,0.0,0.6914624612740131,0.671875,0.040825670340762725,False,SUPPORTED,,4ef162320e09086a16f1e130b09a507d399438740647147560f339cd2aa60069
RESOLVED_PHYSICAL,1.0,149,0.9999999999999999,1.1102230246251565e-16,0.691462461274013,0.712890625,0.040825670340762725,False,SUPPORTED,,4ef162320e09086a16f1e130b09a507d399438740647147560f339cd2aa60069
UNRESOLVED_IMAGE,1.0,149,1.0,0.0,0.6914624612740131,0.689453125,0.040825670340762725,False,SUPPORTED,,4ef162320e09086a16f1e130b09a507d399438740647147560f339cd2aa60069
TOTAL_FLUX,1.0,149,0.9999999999999996,4.440892098500626e-16,0.691462461274013,0.697265625,0.040825670340762725,False,SUPPORTED,,4ef162320e09086a16f1e130b09a507d399438740647147560f339cd2aa60069
DIRECT_PHYSICAL,1.0,150,0.9999999999999999,1.1102230246251565e-16,0.691462461274013,0.677734375,0.040825670340762725,False,SUPPORTED,,4ef162320e09086a16f1e130b09a507d399438740647147560f339cd2aa60069
RESOLVED_PHYSICAL,1.0,150,1.0,0.0,0.6914624612740131,0.69140625,0.040825670340762725,False,SUPPORTED,,4ef162320e09086a16f1e130b09a507d399438740647147560f339cd2aa60069
UNRESOLVED_IMAGE,1.0,150,0.9999999999999999,1.1102230246251565e-16,0.691462461274013,0.677734375,0.040825670340762725,False,SUPPORTED,,4ef162320e09086a16f1e130b09a507d399438740647147560f339cd2aa60069
TOTAL_FLUX,1.0,150,0.9999999999999999,1.1102230246251565e-16,0.691462461274013,0.6796875,0.040825670340762725,False,SUPPORTED,,4ef162320e09086a16f1e130b09a507d399438740647147560f339cd2aa60069
DIRECT_PHYSICAL,1.0,151,0.9999999999999998,2.220446049250313e-16,0.691462461274013,0.701171875,0.040825670340762725,False,SUPPORTED,,4ef162320e09086a16f1e130b09a507d399438740647147560f339cd2aa60069
RESOLVED_PHYSICAL,1.0,151,1.0,0.0,0.6914624612740131,0.6796875,0.040825670340762725,False,SUPPORTED,,4ef162320e09086a16f1e130b09a507d399438740647147560f339cd2aa60069
UNRESOLVED_IMAGE,1.0,151,1.0,0.0,0.6914624612740131,0.724609375,0.040825670340762725,False,SUPPORTED,,4ef162320e09086a16f1e130b09a507d399438740647147560f339cd2aa60069
TOTAL_FLUX,1.0,151,1.0000000000000002,2.220446049250313e-16,0.6914624612740131,0.669921875,0.040825670340762725,False,SUPPORTED,,4ef162320e09086a16f1e130b09a507d399438740647147560f339cd2aa60069
DIRECT_PHYSICAL,1.0,152,1.0,0.0,0.6914624612740131,0.66015625,0.040825670340762725,False,SUPPORTED,,4ef162320e09086a16f1e130b09a507d399438740647147560f339cd2aa60069
RESOLVED_PHYSICAL,1.0,152,0.9999999999999999,1.1102230246251565e-16,0.691462461274013,0.6796875,0.040825670340762725,False,SUPPORTED,,4ef162320e09086a16f1e130b09a507d399438740647147560f339cd2aa60069
UNRESOLVED_IMAGE,1.0,152,1.0000000000000002,2.220446049250313e-16,0.6914624612740131,0.67578125,0.040825670340762725,False,SUPPORTED,,4ef162320e09086a16f1e130b09a507d399438740647147560f339cd2aa60069
TOTAL_FLUX,1.0,152,0.9999999999999999,1.1102230246251565e-16,0.691462461274013,0.72265625,0.040825670340762725,False,SUPPORTED,,4ef162320e09086a16f1e130b09a507d399438740647147560f339cd2aa60069
DIRECT_PHYSICAL,1.0,153,1.0,0.0,0.6914624612740131,0.671875,0.040825670340762725,False,SUPPORTED,,4ef162320e09086a16f1e130b09a507d399438740647147560f339cd2aa60069
RESOLVED_PHYSICAL,1.0,153,0.9999999999999998,2.220446049250313e-16,0.691462461274013,0.638671875,0.040825670340762725,False,SUPPORTED,,4ef162320e09086a16f1e130b09a507d399438740647147560f339cd2aa60069
UNRESOLVED_IMAGE,1.0,153,1.0,0.0,0.6914624612740131,0.724609375,0.040825670340762725,False,SUPPORTED,,4ef162320e09086a16f1e130b09a507d399438740647147560f339cd2aa60069
TOTAL_FLUX,1.0,153,1.0000000000000009,8.881784197001252e-16,0.6914624612740132,0.68359375,0.04082567034076272,False,SUPPORTED,,4ef162320e09086a16f1e130b09a507d399438740647147560f339cd2aa60069
DIRECT_PHYSICAL,1.0,154,1.0,0.0,0.6914624612740131,0.669921875,0.040825670340762725,False,SUPPORTED,,4ef162320e09086a16f1e130b09a507d399438740647147560f339cd2aa60069
RESOLVED_PHYSICAL,1.0,154,1.0,0.0,0.6914624612740131,0.67578125,0.040825670340762725,False,SUPPORTED,,4ef162320e09086a16f1e130b09a507d399438740647147560f339cd2aa60069
UNRESOLVED_IMAGE,1.0,154,1.0,0.0,0.6914624612740131,0.724609375,0.040825670340762725,False,SUPPORTED,,4ef162320e09086a16f1e130b09a507d399438740647147560f339cd2aa60069
TOTAL_FLUX,1.0,154,1.0,0.0,0.6914624612740131,0.705078125,0.040825670340762725,False,SUPPORTED,,4ef162320e09086a16f1e130b09a507d399438740647147560f339cd2aa60069
DIRECT_PHYSICAL,1.0,155,1.0,0.0,0.6914624612740131,0.697265625,0.040825670340762725,False,SUPPORTED,,4ef162320e09086a16f1e130b09a507d399438740647147560f339cd2aa60069
RESOLVED_PHYSICAL,1.0,155,1.0000000000000002,2.220446049250313e-16,0.6914624612740131,0.72265625,0.040825670340762725,False,SUPPORTED,,4ef162320e09086a16f1e130b09a507d399438740647147560f339cd2aa60069
UNRESOLVED_IMAGE,1.0,155,0.9999999999999998,2.220446049250313e-16,0.691462461274013,0.6796875,0.040825670340762725,False,SUPPORTED,,4ef162320e09086a16f1e130b09a507d399438740647147560f339cd2aa60069
TOTAL_FLUX,1.0,155,1.0000000000000009,8.881784197001252e-16,0.6914624612740132,0.712890625,0.04082567034076272,False,SUPPORTED,,4ef162320e09086a16f1e130b09a507d399438740647147560f339cd2aa60069
DIRECT_PHYSICAL,1.0,156,1.0000000000000002,2.220446049250313e-16,0.6914624612740131,0.6953125,0.040825670340762725,False,SUPPORTED,,4ef162320e09086a16f1e130b09a507d399438740647147560f339cd2aa60069
RESOLVED_PHYSICAL,1.0,156,0.9999999999999997,3.3306690738754696e-16,0.691462461274013,0.69921875,0.040825670340762725,False,SUPPORTED,,4ef162320e09086a16f1e130b09a507d399438740647147560f339cd2aa60069
UNRESOLVED_IMAGE,1.0,156,1.0,0.0,0.6914624612740131,0.642578125,0.040825670340762725,False,SUPPORTED,,4ef162320e09086a16f1e130b09a507d399438740647147560f339cd2aa60069
TOTAL_FLUX,1.0,156,1.0000000000000004,4.440892098500626e-16,0.6914624612740132,0.701171875,0.04082567034076272,False,SUPPORTED,,4ef162320e09086a16f1e130b09a507d399438740647147560f339cd2aa60069
DIRECT_PHYSICAL,1.0,157,1.0,0.0,0.6914624612740131,0.68359375,0.040825670340762725,False,SUPPORTED,,4ef162320e09086a16f1e130b09a507d399438740647147560f339cd2aa60069
RESOLVED_PHYSICAL,1.0,157,1.0,0.0,0.6914624612740131,0.701171875,0.040825670340762725,False,SUPPORTED,,4ef162320e09086a16f1e130b09a507d399438740647147560f339cd2aa60069
UNRESOLVED_IMAGE,1.0,157,0.9999999999999999,1.1102230246251565e-16,0.691462461274013,0.673828125,0.040825670340762725,False,SUPPORTED,,4ef162320e09086a16f1e130b09a507d399438740647147560f339cd2aa60069
TOTAL_FLUX,1.0,157,1.0000000000000018,1.7763568394002505e-15,0.6914624612740135,0.7109375,0.04082567034076271,False,SUPPORTED,,4ef162320e09086a16f1e130b09a507d399438740647147560f339cd2aa60069
DIRECT_PHYSICAL,1.0,158,1.0000000000000002,2.220446049250313e-16,0.6914624612740131,0.677734375,0.040825670340762725,False,SUPPORTED,,4ef162320e09086a16f1e130b09a507d399438740647147560f339cd2aa60069
RESOLVED_PHYSICAL,1.0,158,1.0,0.0,0.6914624612740131,0.6875,0.040825670340762725,False,SUPPORTED,,4ef162320e09086a16f1e130b09a507d399438740647147560f339cd2aa60069
UNRESOLVED_IMAGE,1.0,158,1.0,0.0,0.6914624612740131,0.689453125,0.040825670340762725,False,SUPPORTED,,4ef162320e09086a16f1e130b09a507d399438740647147560f339cd2aa60069
TOTAL_FLUX,1.0,158,1.0,0.0,0.6914624612740131,0.693359375,0.040825670340762725,False,SUPPORTED,,4ef162320e09086a16f1e130b09a507d399438740647147560f339cd2aa60069
DIRECT_PHYSICAL,1.0,159,1.0,0.0,0.6914624612740131,0.673828125,0.040825670340762725,False,SUPPORTED,,4ef162320e09086a16f1e130b09a507d399438740647147560f339cd2aa60069
RESOLVED_PHYSICAL,1.0,159,1.0,0.0,0.6914624612740131,0.646484375,0.040825670340762725,False,SUPPORTED,,4ef162320e09086a16f1e130b09a507d399438740647147560f339cd2aa60069
UNRESOLVED_IMAGE,1.0,159,1.0,0.0,0.6914624612740131,0.689453125,0.040825670340762725,False,SUPPORTED,,4ef162320e09086a16f1e130b09a507d399438740647147560f339cd2aa60069
TOTAL_FLUX,1.0,159,1.0000000000000009,8.881784197001252e-16,0.6914624612740132,0.693359375,0.04082567034076272,False,SUPPORTED,,4ef162320e09086a16f1e130b09a507d399438740647147560f339cd2aa60069
DIRECT_PHYSICAL,1.0,160,1.0,0.0,0.6914624612740131,0.66796875,0.040825670340762725,False,SUPPORTED,,4ef162320e09086a16f1e130b09a507d399438740647147560f339cd2aa60069
RESOLVED_PHYSICAL,1.0,160,1.0,0.0,0.6914624612740131,0.66015625,0.040825670340762725,False,SUPPORTED,,4ef162320e09086a16f1e130b09a507d399438740647147560f339cd2aa60069
UNRESOLVED_IMAGE,1.0,160,1.0,0.0,0.6914624612740131,0.697265625,0.040825670340762725,False,SUPPORTED,,4ef162320e09086a16f1e130b09a507d399438740647147560f339cd2aa60069
TOTAL_FLUX,1.0,160,0.9999999999999997,3.3306690738754696e-16,0.691462461274013,0.6875,0.040825670340762725,False,SUPPORTED,,4ef162320e09086a16f1e130b09a507d399438740647147560f339cd2aa60069
DIRECT_PHYSICAL,1.0,161,0.9999999999999999,1.1102230246251565e-16,0.691462461274013,0.681640625,0.040825670340762725,False,SUPPORTED,,4ef162320e09086a16f1e130b09a507d399438740647147560f339cd2aa60069
RESOLVED_PHYSICAL,1.0,161,0.9999999999999999,1.1102230246251565e-16,0.691462461274013,0.69921875,0.040825670340762725,False,SUPPORTED,,4ef162320e09086a16f1e130b09a507d399438740647147560f339cd2aa60069
UNRESOLVED_IMAGE,1.0,161,1.0,0.0,0.6914624612740131,0.701171875,0.040825670340762725,False,SUPPORTED,,4ef162320e09086a16f1e130b09a507d399438740647147560f339cd2aa60069
TOTAL_FLUX,1.0,161,0.9999999999999988,1.2212453270876722e-15,0.6914624612740129,0.669921875,0.04082567034076273,False,SUPPORTED,,4ef162320e09086a16f1e130b09a507d399438740647147560f339cd2aa60069
DIRECT_PHYSICAL,1.0,162,1.0,0.0,0.6914624612740131,0.63671875,0.040825670340762725,False,SUPPORTED,,4ef162320e09086a16f1e130b09a507d399438740647147560f339cd2aa60069
RESOLVED_PHYSICAL,1.0,162,1.0,0.0,0.6914624612740131,0.662109375,0.040825670340762725,False,SUPPORTED,,4ef162320e09086a16f1e130b09a507d399438740647147560f339cd2aa60069
UNRESOLVED_IMAGE,1.0,162,0.9999999999999999,1.1102230246251565e-16,0.691462461274013,0.716796875,0.040825670340762725,False,SUPPORTED,,4ef162320e09086a16f1e130b09a507d399438740647147560f339cd2aa60069
TOTAL_FLUX,1.0,162,0.9999999999999999,1.1102230246251565e-16,0.691462461274013,0.6875,0.040825670340762725,False,SUPPORTED,,4ef162320e09086a16f1e130b09a507d399438740647147560f339cd2aa60069
DIRECT_PHYSICAL,1.0,163,0.9999999999999999,1.1102230246251565e-16,0.691462461274013,0.69140625,0.040825670340762725,False,SUPPORTED,,4ef162320e09086a16f1e130b09a507d399438740647147560f339cd2aa60069
RESOLVED_PHYSICAL,1.0,163,0.9999999999999998,2.220446049250313e-16,0.691462461274013,0.681640625,0.040825670340762725,False,SUPPORTED,,4ef162320e09086a16f1e130b09a507d399438740647147560f339cd2aa60069
UNRESOLVED_IMAGE,1.0,163,0.9999999999999998,2.220446049250313e-16,0.691462461274013,0.673828125,0.040825670340762725,False,SUPPORTED,,4ef162320e09086a16f1e130b09a507d399438740647147560f339cd2aa60069
TOTAL_FLUX,1.0,163,0.9999999999999998,2.220446049250313e-16,0.691462461274013,0.6875,0.040825670340762725,False,SUPPORTED,,4ef162320e09086a16f1e130b09a507d399438740647147560f339cd2aa60069
DIRECT_PHYSICAL,1.0,164,0.9999999999999997,3.3306690738754696e-16,0.691462461274013,0.69921875,0.040825670340762725,False,SUPPORTED,,4ef162320e09086a16f1e130b09a507d399438740647147560f339cd2aa60069
RESOLVED_PHYSICAL,1.0,164,1.0,0.0,0.6914624612740131,0.68359375,0.040825670340762725,False,SUPPORTED,,4ef162320e09086a16f1e130b09a507d399438740647147560f339cd2aa60069
UNRESOLVED_IMAGE,1.0,164,1.0,0.0,0.6914624612740131,0.673828125,0.040825670340762725,False,SUPPORTED,,4ef162320e09086a16f1e130b09a507d399438740647147560f339cd2aa60069
TOTAL_FLUX,1.0,164,0.9999999999999999,1.1102230246251565e-16,0.691462461274013,0.66015625,0.040825670340762725,False,SUPPORTED,,4ef162320e09086a16f1e130b09a507d399438740647147560f339cd2aa60069
DIRECT_PHYSICAL,1.0,165,0.9999999999999998,2.220446049250313e-16,0.691462461274013,0.6953125,0.040825670340762725,False,SUPPORTED,,4ef162320e09086a16f1e130b09a507d399438740647147560f339cd2aa60069
RESOLVED_PHYSICAL,1.0,165,0.9999999999999999,1.1102230246251565e-16,0.691462461274013,0.662109375,0.040825670340762725,False,SUPPORTED,,4ef162320e09086a16f1e130b09a507d399438740647147560f339cd2aa60069
UNRESOLVED_IMAGE,1.0,165,1.0,0.0,0.6914624612740131,0.677734375,0.040825670340762725,False,SUPPORTED,,4ef162320e09086a16f1e130b09a507d399438740647147560f339cd2aa60069
TOTAL_FLUX,1.0,165,1.0,0.0,0.6914624612740131,0.669921875,0.040825670340762725,False,SUPPORTED,,4ef162320e09086a16f1e130b09a507d399438740647147560f339cd2aa60069
DIRECT_PHYSICAL,1.0,166,1.0,0.0,0.6914624612740131,0.72265625,0.040825670340762725,False,SUPPORTED,,4ef162320e09086a16f1e130b09a507d399438740647147560f339cd2aa60069
RESOLVED_PHYSICAL,1.0,166,1.0,0.0,0.6914624612740131,0.685546875,0.040825670340762725,False,SUPPORTED,,4ef162320e09086a16f1e130b09a507d399438740647147560f339cd2aa60069
UNRESOLVED_IMAGE,1.0,166,1.0,0.0,0.6914624612740131,0.716796875,0.040825670340762725,False,SUPPORTED,,4ef162320e09086a16f1e130b09a507d399438740647147560f339cd2aa60069
TOTAL_FLUX,1.0,166,1.0,0.0,0.6914624612740131,0.703125,0.040825670340762725,False,SUPPORTED,,4ef162320e09086a16f1e130b09a507d399438740647147560f339cd2aa60069
DIRECT_PHYSICAL,1.0,167,1.0,0.0,0.6914624612740131,0.703125,0.040825670340762725,False,SUPPORTED,,4ef162320e09086a16f1e130b09a507d399438740647147560f339cd2aa60069
RESOLVED_PHYSICAL,1.0,167,1.0000000000000002,2.220446049250313e-16,0.6914624612740131,0.669921875,0.040825670340762725,False,SUPPORTED,,4ef162320e09086a16f1e130b09a507d399438740647147560f339cd2aa60069
UNRESOLVED_IMAGE,1.0,167,1.0,0.0,0.6914624612740131,0.693359375,0.040825670340762725,False,SUPPORTED,,4ef162320e09086a16f1e130b09a507d399438740647147560f339cd2aa60069
TOTAL_FLUX,1.0,167,0.9999999999999998,2.220446049250313e-16,0.691462461274013,0.703125,0.040825670340762725,False,SUPPORTED,,4ef162320e09086a16f1e130b09a507d399438740647147560f339cd2aa60069
DIRECT_PHYSICAL,1.0,168,1.0,0.0,0.6914624612740131,0.71484375,0.040825670340762725,False,SUPPORTED,,4ef162320e09086a16f1e130b09a507d399438740647147560f339cd2aa60069
RESOLVED_PHYSICAL,1.0,168,1.0000000000000002,2.220446049250313e-16,0.6914624612740131,0.685546875,0.040825670340762725,False,SUPPORTED,,4ef162320e09086a16f1e130b09a507d399438740647147560f339cd2aa60069
UNRESOLVED_IMAGE,1.0,168,1.0,0.0,0.6914624612740131,0.7734375,0.040825670340762725,True,SUPPORTED,,4ef162320e09086a16f1e130b09a507d399438740647147560f339cd2aa60069
TOTAL_FLUX,1.0,168,1.0,0.0,0.6914624612740131,0.69921875,0.040825670340762725,False,SUPPORTED,,4ef162320e09086a16f1e130b09a507d399438740647147560f339cd2aa60069
DIRECT_PHYSICAL,1.0,169,0.9999999999999999,1.1102230246251565e-16,0.691462461274013,0.689453125,0.040825670340762725,False,SUPPORTED,,4ef162320e09086a16f1e130b09a507d399438740647147560f339cd2aa60069
RESOLVED_PHYSICAL,1.0,169,1.0,0.0,0.6914624612740131,0.689453125,0.040825670340762725,False,SUPPORTED,,4ef162320e09086a16f1e130b09a507d399438740647147560f339cd2aa60069
UNRESOLVED_IMAGE,1.0,169,1.0,0.0,0.6914624612740131,0.72265625,0.040825670340762725,False,SUPPORTED,,4ef162320e09086a16f1e130b09a507d399438740647147560f339cd2aa60069
TOTAL_FLUX,1.0,169,0.9999999999999998,2.220446049250313e-16,0.691462461274013,0.71484375,0.040825670340762725,False,SUPPORTED,,4ef162320e09086a16f1e130b09a507d399438740647147560f339cd2aa60069
DIRECT_PHYSICAL,1.0,170,1.0,0.0,0.6914624612740131,0.703125,0.040825670340762725,False,SUPPORTED,,4ef162320e09086a16f1e130b09a507d399438740647147560f339cd2aa60069
RESOLVED_PHYSICAL,1.0,170,1.0,0.0,0.6914624612740131,0.703125,0.040825670340762725,False,SUPPORTED,,4ef162320e09086a16f1e130b09a507d399438740647147560f339cd2aa60069
UNRESOLVED_IMAGE,1.0,170,1.0000000000000002,2.220446049250313e-16,0.6914624612740131,0.701171875,0.040825670340762725,False,SUPPORTED,,4ef162320e09086a16f1e130b09a507d399438740647147560f339cd2aa60069
TOTAL_FLUX,1.0,170,1.0,0.0,0.6914624612740131,0.6875,0.040825670340762725,False,SUPPORTED,,4ef162320e09086a16f1e130b09a507d399438740647147560f339cd2aa60069
DIRECT_PHYSICAL,1.0,171,0.9999999999999999,1.1102230246251565e-16,0.691462461274013,0.69921875,0.040825670340762725,False,SUPPORTED,,4ef162320e09086a16f1e130b09a507d399438740647147560f339cd2aa60069
RESOLVED_PHYSICAL,1.0,171,1.0,0.0,0.6914624612740131,0.673828125,0.040825670340762725,False,SUPPORTED,,4ef162320e09086a16f1e130b09a507d399438740647147560f339cd2aa60069
UNRESOLVED_IMAGE,1.0,171,1.0,0.0,0.6914624612740131,0.681640625,0.040825670340762725,False,SUPPORTED,,4ef162320e09086a16f1e130b09a507d399438740647147560f339cd2aa60069
TOTAL_FLUX,1.0,171,1.0,0.0,0.6914624612740131,0.703125,0.040825670340762725,False,SUPPORTED,,4ef162320e09086a16f1e130b09a507d399438740647147560f339cd2aa60069
DIRECT_PHYSICAL,1.0,172,1.0,0.0,0.6914624612740131,0.70703125,0.040825670340762725,False,SUPPORTED,,4ef162320e09086a16f1e130b09a507d399438740647147560f339cd2aa60069
RESOLVED_PHYSICAL,1.0,172,1.0,0.0,0.6914624612740131,0.681640625,0.040825670340762725,False,SUPPORTED,,4ef162320e09086a16f1e130b09a507d399438740647147560f339cd2aa60069
UNRESOLVED_IMAGE,1.0,172,0.9999999999999998,2.220446049250313e-16,0.691462461274013,0.658203125,0.040825670340762725,False,SUPPORTED,,4ef162320e09086a16f1e130b09a507d399438740647147560f339cd2aa60069
TOTAL_FLUX,1.0,172,0.9999999999999997,3.3306690738754696e-16,0.691462461274013,0.705078125,0.040825670340762725,False,SUPPORTED,,4ef162320e09086a16f1e130b09a507d399438740647147560f339cd2aa60069
DIRECT_PHYSICAL,1.0,173,0.9999999999999998,2.220446049250313e-16,0.691462461274013,0.689453125,0.040825670340762725,False,SUPPORTED,,4ef162320e09086a16f1e130b09a507d399438740647147560f339cd2aa60069
RESOLVED_PHYSICAL,1.0,173,0.9999999999999999,1.1102230246251565e-16,0.691462461274013,0.6953125,0.040825670340762725,False,SUPPORTED,,4ef162320e09086a16f1e130b09a507d399438740647147560f339cd2aa60069
UNRESOLVED_IMAGE,1.0,173,1.0,0.0,0.6914624612740131,0.740234375,0.040825670340762725,True,SUPPORTED,,4ef162320e09086a16f1e130b09a507d399438740647147560f339cd2aa60069
TOTAL_FLUX,1.0,173,1.0000000000000009,8.881784197001252e-16,0.6914624612740132,0.71875,0.04082567034076272,False,SUPPORTED,,4ef162320e09086a16f1e130b09a507d399438740647147560f339cd2aa60069
DIRECT_PHYSICAL,1.0,174,1.0,0.0,0.6914624612740131,0.705078125,0.040825670340762725,False,SUPPORTED,,4ef162320e09086a16f1e130b09a507d399438740647147560f339cd2aa60069
RESOLVED_PHYSICAL,1.0,174,1.0,0.0,0.6914624612740131,0.697265625,0.040825670340762725,False,SUPPORTED,,4ef162320e09086a16f1e130b09a507d399438740647147560f339cd2aa60069
UNRESOLVED_IMAGE,1.0,174,0.9999999999999999,1.1102230246251565e-16,0.691462461274013,0.6484375,0.040825670340762725,False,SUPPORTED,,4ef162320e09086a16f1e130b09a507d399438740647147560f339cd2aa60069
TOTAL_FLUX,1.0,174,1.0,0.0,0.6914624612740131,0.69140625,0.040825670340762725,False,SUPPORTED,,4ef162320e09086a16f1e130b09a507d399438740647147560f339cd2aa60069
DIRECT_PHYSICAL,1.0,175,1.0,0.0,0.6914624612740131,0.689453125,0.040825670340762725,False,SUPPORTED,,4ef162320e09086a16f1e130b09a507d399438740647147560f339cd2aa60069
RESOLVED_PHYSICAL,1.0,175,1.0,0.0,0.6914624612740131,0.681640625,0.040825670340762725,False,SUPPORTED,,4ef162320e09086a16f1e130b09a507d399438740647147560f339cd2aa60069
UNRESOLVED_IMAGE,1.0,175,0.9999999999999998,2.220446049250313e-16,0.691462461274013,0.703125,0.040825670340762725,False,SUPPORTED,,4ef162320e09086a16f1e130b09a507d399438740647147560f339cd2aa60069
TOTAL_FLUX,1.0,175,0.9999999999999997,3.3306690738754696e-16,0.691462461274013,0.701171875,0.040825670340762725,False,SUPPORTED,,4ef162320e09086a16f1e130b09a507d399438740647147560f339cd2aa60069
DIRECT_PHYSICAL,1.0,176,1.0,0.0,0.6914624612740131,0.7109375,0.040825670340762725,False,SUPPORTED,,4ef162320e09086a16f1e130b09a507d399438740647147560f339cd2aa60069
RESOLVED_PHYSICAL,1.0,176,0.9999999999999999,1.1102230246251565e-16,0.691462461274013,0.681640625,0.040825670340762725,False,SUPPORTED,,4ef162320e09086a16f1e130b09a507d399438740647147560f339cd2aa60069
UNRESOLVED_IMAGE,1.0,176,1.0,0.0,0.6914624612740131,0.697265625,0.040825670340762725,False,SUPPORTED,,4ef162320e09086a16f1e130b09a507d399438740647147560f339cd2aa60069
TOTAL_FLUX,1.0,176,1.0,0.0,0.6914624612740131,0.6875,0.040825670340762725,False,SUPPORTED,,4ef162320e09086a16f1e130b09a507d399438740647147560f339cd2aa60069
DIRECT_PHYSICAL,1.0,177,1.0,0.0,0.6914624612740131,0.70703125,0.040825670340762725,False,SUPPORTED,,4ef162320e09086a16f1e130b09a507d399438740647147560f339cd2aa60069
RESOLVED_PHYSICAL,1.0,177,1.0000000000000002,2.220446049250313e-16,0.6914624612740131,0.70703125,0.040825670340762725,False,SUPPORTED,,4ef162320e09086a16f1e130b09a507d399438740647147560f339cd2aa60069
UNRESOLVED_IMAGE,1.0,177,1.0000000000000002,2.220446049250313e-16,0.6914624612740131,0.693359375,0.040825670340762725,False,SUPPORTED,,4ef162320e09086a16f1e130b09a507d399438740647147560f339cd2aa60069
TOTAL_FLUX,1.0,177,0.9999999999999999,1.1102230246251565e-16,0.691462461274013,0.712890625,0.040825670340762725,False,SUPPORTED,,4ef162320e09086a16f1e130b09a507d399438740647147560f339cd2aa60069
DIRECT_PHYSICAL,1.0,178,0.9999999999999998,2.220446049250313e-16,0.691462461274013,0.677734375,0.040825670340762725,False,SUPPORTED,,4ef162320e09086a16f1e130b09a507d399438740647147560f339cd2aa60069
RESOLVED_PHYSICAL,1.0,178,1.0,0.0,0.6914624612740131,0.654296875,0.040825670340762725,False,SUPPORTED,,4ef162320e09086a16f1e130b09a507d399438740647147560f339cd2aa60069
UNRESOLVED_IMAGE,1.0,178,0.9999999999999999,1.1102230246251565e-16,0.691462461274013,0.697265625,0.040825670340762725,False,SUPPORTED,,4ef162320e09086a16f1e130b09a507d399438740647147560f339cd2aa60069
TOTAL_FLUX,1.0,178,1.0000000000000009,8.881784197001252e-16,0.6914624612740132,0.689453125,0.04082567034076272,False,SUPPORTED,,4ef162320e09086a16f1e130b09a507d399438740647147560f339cd2aa60069
DIRECT_PHYSICAL,1.0,179,1.0,0.0,0.6914624612740131,0.671875,0.040825670340762725,False,SUPPORTED,,4ef162320e09086a16f1e130b09a507d399438740647147560f339cd2aa60069
RESOLVED_PHYSICAL,1.0,179,0.9999999999999998,2.220446049250313e-16,0.691462461274013,0.6953125,0.040825670340762725,False,SUPPORTED,,4ef162320e09086a16f1e130b09a507d399438740647147560f339cd2aa60069
UNRESOLVED_IMAGE,1.0,179,1.0,0.0,0.6914624612740131,0.642578125,0.040825670340762725,False,SUPPORTED,,4ef162320e09086a16f1e130b09a507d399438740647147560f339cd2aa60069
TOTAL_FLUX,1.0,179,1.0,0.0,0.6914624612740131,0.681640625,0.040825670340762725,False,SUPPORTED,,4ef162320e09086a16f1e130b09a507d399438740647147560f339cd2aa60069
DIRECT_PHYSICAL,1.0,180,0.9999999999999997,3.3306690738754696e-16,0.691462461274013,0.724609375,0.040825670340762725,False,SUPPORTED,,4ef162320e09086a16f1e130b09a507d399438740647147560f339cd2aa60069
RESOLVED_PHYSICAL,1.0,180,1.0000000000000002,2.220446049250313e-16,0.6914624612740131,0.697265625,0.040825670340762725,False,SUPPORTED,,4ef162320e09086a16f1e130b09a507d399438740647147560f339cd2aa60069
UNRESOLVED_IMAGE,1.0,180,0.9999999999999999,1.1102230246251565e-16,0.691462461274013,0.697265625,0.040825670340762725,False,SUPPORTED,,4ef162320e09086a16f1e130b09a507d399438740647147560f339cd2aa60069
TOTAL_FLUX,1.0,180,0.9999999999999999,1.1102230246251565e-16,0.691462461274013,0.703125,0.040825670340762725,False,SUPPORTED,,4ef162320e09086a16f1e130b09a507d399438740647147560f339cd2aa60069
DIRECT_PHYSICAL,1.0,181,0.9999999999999997,3.3306690738754696e-16,0.691462461274013,0.662109375,0.040825670340762725,False,SUPPORTED,,4ef162320e09086a16f1e130b09a507d399438740647147560f339cd2aa60069
RESOLVED_PHYSICAL,1.0,181,1.0,0.0,0.6914624612740131,0.658203125,0.040825670340762725,False,SUPPORTED,,4ef162320e09086a16f1e130b09a507d399438740647147560f339cd2aa60069
UNRESOLVED_IMAGE,1.0,181,1.0,0.0,0.6914624612740131,0.720703125,0.040825670340762725,False,SUPPORTED,,4ef162320e09086a16f1e130b09a507d399438740647147560f339cd2aa60069
TOTAL_FLUX,1.0,181,0.9999999999999997,3.3306690738754696e-16,0.691462461274013,0.705078125,0.040825670340762725,False,SUPPORTED,,4ef162320e09086a16f1e130b09a507d399438740647147560f339cd2aa60069
DIRECT_PHYSICAL,1.0,182,0.9999999999999999,1.1102230246251565e-16,0.691462461274013,0.673828125,0.040825670340762725,False,SUPPORTED,,4ef162320e09086a16f1e130b09a507d399438740647147560f339cd2aa60069
RESOLVED_PHYSICAL,1.0,182,0.9999999999999999,1.1102230246251565e-16,0.691462461274013,0.693359375,0.040825670340762725,False,SUPPORTED,,4ef162320e09086a16f1e130b09a507d399438740647147560f339cd2aa60069
UNRESOLVED_IMAGE,1.0,182,1.0,0.0,0.6914624612740131,0.66796875,0.040825670340762725,False,SUPPORTED,,4ef162320e09086a16f1e130b09a507d399438740647147560f339cd2aa60069
TOTAL_FLUX,1.0,182,1.0000000000000002,2.220446049250313e-16,0.6914624612740131,0.6640625,0.040825670340762725,False,SUPPORTED,,4ef162320e09086a16f1e130b09a507d399438740647147560f339cd2aa60069
DIRECT_PHYSICAL,1.0,183,0.9999999999999998,2.220446049250313e-16,0.691462461274013,0.697265625,0.040825670340762725,False,SUPPORTED,,4ef162320e09086a16f1e130b09a507d399438740647147560f339cd2aa60069
RESOLVED_PHYSICAL,1.0,183,0.9999999999999999,1.1102230246251565e-16,0.691462461274013,0.703125,0.040825670340762725,False,SUPPORTED,,4ef162320e09086a16f1e130b09a507d399438740647147560f339cd2aa60069
UNRESOLVED_IMAGE,1.0,183,0.9999999999999997,3.3306690738754696e-16,0.691462461274013,0.662109375,0.040825670340762725,False,SUPPORTED,,4ef162320e09086a16f1e130b09a507d399438740647147560f339cd2aa60069
TOTAL_FLUX,1.0,183,1.0000000000000007,6.661338147750939e-16,0.6914624612740132,0.6640625,0.04082567034076272,False,SUPPORTED,,4ef162320e09086a16f1e130b09a507d399438740647147560f339cd2aa60069
DIRECT_PHYSICAL,1.0,184,1.0,0.0,0.6914624612740131,0.71484375,0.040825670340762725,False,SUPPORTED,,4ef162320e09086a16f1e130b09a507d399438740647147560f339cd2aa60069
RESOLVED_PHYSICAL,1.0,184,1.0000000000000002,2.220446049250313e-16,0.6914624612740131,0.7265625,0.040825670340762725,False,SUPPORTED,,4ef162320e09086a16f1e130b09a507d399438740647147560f339cd2aa60069
UNRESOLVED_IMAGE,1.0,184,0.9999999999999997,3.3306690738754696e-16,0.691462461274013,0.6875,0.040825670340762725,False,SUPPORTED,,4ef162320e09086a16f1e130b09a507d399438740647147560f339cd2aa60069
TOTAL_FLUX,1.0,184,1.0000000000000007,6.661338147750939e-16,0.6914624612740132,0.697265625,0.04082567034076272,False,SUPPORTED,,4ef162320e09086a16f1e130b09a507d399438740647147560f339cd2aa60069
DIRECT_PHYSICAL,1.0,185,1.0000000000000002,2.220446049250313e-16,0.6914624612740131,0.736328125,0.040825670340762725,True,SUPPORTED,,4ef162320e09086a16f1e130b09a507d399438740647147560f339cd2aa60069
RESOLVED_PHYSICAL,1.0,185,1.0,0.0,0.6914624612740131,0.68359375,0.040825670340762725,False,SUPPORTED,,4ef162320e09086a16f1e130b09a507d399438740647147560f339cd2aa60069
UNRESOLVED_IMAGE,1.0,185,1.0,0.0,0.6914624612740131,0.705078125,0.040825670340762725,False,SUPPORTED,,4ef162320e09086a16f1e130b09a507d399438740647147560f339cd2aa60069
TOTAL_FLUX,1.0,185,1.0000000000000002,2.220446049250313e-16,0.6914624612740131,0.71484375,0.040825670340762725,False,SUPPORTED,,4ef162320e09086a16f1e130b09a507d399438740647147560f339cd2aa60069
DIRECT_PHYSICAL,1.0,186,0.9999999999999999,1.1102230246251565e-16,0.691462461274013,0.6875,0.040825670340762725,False,SUPPORTED,,4ef162320e09086a16f1e130b09a507d399438740647147560f339cd2aa60069
RESOLVED_PHYSICAL,1.0,186,1.0,0.0,0.6914624612740131,0.638671875,0.040825670340762725,False,SUPPORTED,,4ef162320e09086a16f1e130b09a507d399438740647147560f339cd2aa60069
UNRESOLVED_IMAGE,1.0,186,1.0,0.0,0.6914624612740131,0.66796875,0.040825670340762725,False,SUPPORTED,,4ef162320e09086a16f1e130b09a507d399438740647147560f339cd2aa60069
TOTAL_FLUX,1.0,186,1.0,0.0,0.6914624612740131,0.689453125,0.040825670340762725,False,SUPPORTED,,4ef162320e09086a16f1e130b09a507d399438740647147560f339cd2aa60069
DIRECT_PHYSICAL,1.0,187,1.0000000000000002,2.220446049250313e-16,0.6914624612740131,0.662109375,0.040825670340762725,False,SUPPORTED,,4ef162320e09086a16f1e130b09a507d399438740647147560f339cd2aa60069
RESOLVED_PHYSICAL,1.0,187,0.9999999999999998,2.220446049250313e-16,0.691462461274013,0.689453125,0.040825670340762725,False,SUPPORTED,,4ef162320e09086a16f1e130b09a507d399438740647147560f339cd2aa60069
UNRESOLVED_IMAGE,1.0,187,1.0,0.0,0.6914624612740131,0.71484375,0.040825670340762725,False,SUPPORTED,,4ef162320e09086a16f1e130b09a507d399438740647147560f339cd2aa60069
TOTAL_FLUX,1.0,187,0.9999999999999999,1.1102230246251565e-16,0.691462461274013,0.68359375,0.040825670340762725,False,SUPPORTED,,4ef162320e09086a16f1e130b09a507d399438740647147560f339cd2aa60069
DIRECT_PHYSICAL,1.0,188,1.0,0.0,0.6914624612740131,0.6875,0.040825670340762725,False,SUPPORTED,,4ef162320e09086a16f1e130b09a507d399438740647147560f339cd2aa60069
RESOLVED_PHYSICAL,1.0,188,0.9999999999999999,1.1102230246251565e-16,0.691462461274013,0.69921875,0.040825670340762725,False,SUPPORTED,,4ef162320e09086a16f1e130b09a507d399438740647147560f339cd2aa60069
UNRESOLVED_IMAGE,1.0,188,1.0,0.0,0.6914624612740131,0.712890625,0.040825670340762725,False,SUPPORTED,,4ef162320e09086a16f1e130b09a507d399438740647147560f339cd2aa60069
TOTAL_FLUX,1.0,188,1.0000000000000004,4.440892098500626e-16,0.6914624612740132,0.693359375,0.04082567034076272,False,SUPPORTED,,4ef162320e09086a16f1e130b09a507d399438740647147560f339cd2aa60069
DIRECT_PHYSICAL,1.0,189,0.9999999999999999,1.1102230246251565e-16,0.691462461274013,0.677734375,0.040825670340762725,False,SUPPORTED,,4ef162320e09086a16f1e130b09a507d399438740647147560f339cd2aa60069
RESOLVED_PHYSICAL,1.0,189,1.0,0.0,0.6914624612740131,0.6953125,0.040825670340762725,False,SUPPORTED,,4ef162320e09086a16f1e130b09a507d399438740647147560f339cd2aa60069
UNRESOLVED_IMAGE,1.0,189,1.0000000000000002,2.220446049250313e-16,0.6914624612740131,0.673828125,0.040825670340762725,False,SUPPORTED,,4ef162320e09086a16f1e130b09a507d399438740647147560f339cd2aa60069
TOTAL_FLUX,1.0,189,0.9999999999999994,5.551115123125783e-16,0.691462461274013,0.6953125,0.040825670340762725,False,SUPPORTED,,4ef162320e09086a16f1e130b09a507d399438740647147560f339cd2aa60069
DIRECT_PHYSICAL,1.0,190,0.9999999999999999,1.1102230246251565e-16,0.691462461274013,0.65625,0.040825670340762725,False,SUPPORTED,,4ef162320e09086a16f1e130b09a507d399438740647147560f339cd2aa60069
RESOLVED_PHYSICAL,1.0,190,1.0,0.0,0.6914624612740131,0.71875,0.040825670340762725,False,SUPPORTED,,4ef162320e09086a16f1e130b09a507d399438740647147560f339cd2aa60069
UNRESOLVED_IMAGE,1.0,190,0.9999999999999999,1.1102230246251565e-16,0.691462461274013,0.70703125,0.040825670340762725,False,SUPPORTED,,4ef162320e09086a16f1e130b09a507d399438740647147560f339cd2aa60069
TOTAL_FLUX,1.0,190,0.9999999999999997,3.3306690738754696e-16,0.691462461274013,0.673828125,0.040825670340762725,False,SUPPORTED,,4ef162320e09086a16f1e130b09a507d399438740647147560f339cd2aa60069
DIRECT_PHYSICAL,1.0,191,1.0,0.0,0.6914624612740131,0.669921875,0.040825670340762725,False,SUPPORTED,,4ef162320e09086a16f1e130b09a507d399438740647147560f339cd2aa60069
RESOLVED_PHYSICAL,1.0,191,1.0,0.0,0.6914624612740131,0.720703125,0.040825670340762725,False,SUPPORTED,,4ef162320e09086a16f1e130b09a507d399438740647147560f339cd2aa60069
UNRESOLVED_IMAGE,1.0,191,0.9999999999999999,1.1102230246251565e-16,0.691462461274013,0.69140625,0.040825670340762725,False,SUPPORTED,,4ef162320e09086a16f1e130b09a507d399438740647147560f339cd2aa60069
TOTAL_FLUX,1.0,191,1.0,0.0,0.6914624612740131,0.728515625,0.040825670340762725,False,SUPPORTED,,4ef162320e09086a16f1e130b09a507d399438740647147560f339cd2aa60069
DIRECT_PHYSICAL,1.0,192,1.0,0.0,0.6914624612740131,0.654296875,0.040825670340762725,False,SUPPORTED,,4ef162320e09086a16f1e130b09a507d399438740647147560f339cd2aa60069
RESOLVED_PHYSICAL,1.0,192,1.0,0.0,0.6914624612740131,0.716796875,0.040825670340762725,False,SUPPORTED,,4ef162320e09086a16f1e130b09a507d399438740647147560f339cd2aa60069
UNRESOLVED_IMAGE,1.0,192,1.0,0.0,0.6914624612740131,0.6796875,0.040825670340762725,False,SUPPORTED,,4ef162320e09086a16f1e130b09a507d399438740647147560f339cd2aa60069
TOTAL_FLUX,1.0,192,0.9999999999999999,1.1102230246251565e-16,0.691462461274013,0.736328125,0.040825670340762725,True,SUPPORTED,,4ef162320e09086a16f1e130b09a507d399438740647147560f339cd2aa60069
DIRECT_PHYSICAL,1.0,193,1.0,0.0,0.6914624612740131,0.6796875,0.040825670340762725,False,SUPPORTED,,4ef162320e09086a16f1e130b09a507d399438740647147560f339cd2aa60069
RESOLVED_PHYSICAL,1.0,193,0.9999999999999999,1.1102230246251565e-16,0.691462461274013,0.705078125,0.040825670340762725,False,SUPPORTED,,4ef162320e09086a16f1e130b09a507d399438740647147560f339cd2aa60069
UNRESOLVED_IMAGE,1.0,193,1.0,0.0,0.6914624612740131,0.693359375,0.040825670340762725,False,SUPPORTED,,4ef162320e09086a16f1e130b09a507d399438740647147560f339cd2aa60069
TOTAL_FLUX,1.0,193,1.0000000000000007,6.661338147750939e-16,0.6914624612740132,0.732421875,0.04082567034076272,True,SUPPORTED,,4ef162320e09086a16f1e130b09a507d399438740647147560f339cd2aa60069
DIRECT_PHYSICAL,1.0,194,1.0,0.0,0.6914624612740131,0.697265625,0.040825670340762725,False,SUPPORTED,,4ef162320e09086a16f1e130b09a507d399438740647147560f339cd2aa60069
RESOLVED_PHYSICAL,1.0,194,1.0000000000000002,2.220446049250313e-16,0.6914624612740131,0.71484375,0.040825670340762725,False,SUPPORTED,,4ef162320e09086a16f1e130b09a507d399438740647147560f339cd2aa60069
UNRESOLVED_IMAGE,1.0,194,0.9999999999999999,1.1102230246251565e-16,0.691462461274013,0.720703125,0.040825670340762725,False,SUPPORTED,,4ef162320e09086a16f1e130b09a507d399438740647147560f339cd2aa60069
TOTAL_FLUX,1.0,194,1.0000000000000009,8.881784197001252e-16,0.6914624612740132,0.681640625,0.04082567034076272,False,SUPPORTED,,4ef162320e09086a16f1e130b09a507d399438740647147560f339cd2aa60069
DIRECT_PHYSICAL,1.0,195,0.9999999999999999,1.1102230246251565e-16,0.691462461274013,0.708984375,0.040825670340762725,False,SUPPORTED,,4ef162320e09086a16f1e130b09a507d399438740647147560f339cd2aa60069
RESOLVED_PHYSICAL,1.0,195,0.9999999999999999,1.1102230246251565e-16,0.691462461274013,0.73828125,0.040825670340762725,True,SUPPORTED,,4ef162320e09086a16f1e130b09a507d399438740647147560f339cd2aa60069
UNRESOLVED_IMAGE,1.0,195,1.0,0.0,0.6914624612740131,0.67578125,0.040825670340762725,False,SUPPORTED,,4ef162320e09086a16f1e130b09a507d399438740647147560f339cd2aa60069
TOTAL_FLUX,1.0,195,1.0000000000000002,2.220446049250313e-16,0.6914624612740131,0.708984375,0.040825670340762725,False,SUPPORTED,,4ef162320e09086a16f1e130b09a507d399438740647147560f339cd2aa60069
DIRECT_PHYSICAL,1.0,196,1.0,0.0,0.6914624612740131,0.701171875,0.040825670340762725,False,SUPPORTED,,4ef162320e09086a16f1e130b09a507d399438740647147560f339cd2aa60069
RESOLVED_PHYSICAL,1.0,196,1.0000000000000002,2.220446049250313e-16,0.6914624612740131,0.720703125,0.040825670340762725,False,SUPPORTED,,4ef162320e09086a16f1e130b09a507d399438740647147560f339cd2aa60069
UNRESOLVED_IMAGE,1.0,196,1.0,0.0,0.6914624612740131,0.6796875,0.040825670340762725,False,SUPPORTED,,4ef162320e09086a16f1e130b09a507d399438740647147560f339cd2aa60069
TOTAL_FLUX,1.0,196,1.0,0.0,0.6914624612740131,0.6640625,0.040825670340762725,False,SUPPORTED,,4ef162320e09086a16f1e130b09a507d399438740647147560f339cd2aa60069
DIRECT_PHYSICAL,1.0,197,0.9999999999999999,1.1102230246251565e-16,0.691462461274013,0.66796875,0.040825670340762725,False,SUPPORTED,,4ef162320e09086a16f1e130b09a507d399438740647147560f339cd2aa60069
RESOLVED_PHYSICAL,1.0,197,0.9999999999999998,2.220446049250313e-16,0.691462461274013,0.693359375,0.040825670340762725,False,SUPPORTED,,4ef162320e09086a16f1e130b09a507d399438740647147560f339cd2aa60069
UNRESOLVED_IMAGE,1.0,197,1.0,0.0,0.6914624612740131,0.658203125,0.040825670340762725,False,SUPPORTED,,4ef162320e09086a16f1e130b09a507d399438740647147560f339cd2aa60069
TOTAL_FLUX,1.0,197,1.0,0.0,0.6914624612740131,0.68359375,0.040825670340762725,False,SUPPORTED,,4ef162320e09086a16f1e130b09a507d399438740647147560f339cd2aa60069
DIRECT_PHYSICAL,1.0,198,1.0,0.0,0.6914624612740131,0.685546875,0.040825670340762725,False,SUPPORTED,,4ef162320e09086a16f1e130b09a507d399438740647147560f339cd2aa60069
RESOLVED_PHYSICAL,1.0,198,1.0,0.0,0.6914624612740131,0.68359375,0.040825670340762725,False,SUPPORTED,,4ef162320e09086a16f1e130b09a507d399438740647147560f339cd2aa60069
UNRESOLVED_IMAGE,1.0,198,1.0,0.0,0.6914624612740131,0.650390625,0.040825670340762725,False,SUPPORTED,,4ef162320e09086a16f1e130b09a507d399438740647147560f339cd2aa60069
TOTAL_FLUX,1.0,198,1.0,0.0,0.6914624612740131,0.6796875,0.040825670340762725,False,SUPPORTED,,4ef162320e09086a16f1e130b09a507d399438740647147560f339cd2aa60069
DIRECT_PHYSICAL,1.0,199,1.0,0.0,0.6914624612740131,0.701171875,0.040825670340762725,False,SUPPORTED,,4ef162320e09086a16f1e130b09a507d399438740647147560f339cd2aa60069
RESOLVED_PHYSICAL,1.0,199,1.0,0.0,0.6914624612740131,0.720703125,0.040825670340762725,False,SUPPORTED,,4ef162320e09086a16f1e130b09a507d399438740647147560f339cd2aa60069
UNRESOLVED_IMAGE,1.0,199,1.0,0.0,0.6914624612740131,0.71875,0.040825670340762725,False,SUPPORTED,,4ef162320e09086a16f1e130b09a507d399438740647147560f339cd2aa60069
TOTAL_FLUX,1.0,199,0.9999999999999997,3.3306690738754696e-16,0.691462461274013,0.73046875,0.040825670340762725,False,SUPPORTED,,4ef162320e09086a16f1e130b09a507d399438740647147560f339cd2aa60069
DIRECT_PHYSICAL,2.0,0,2.0000000000000004,2.220446049250313e-16,0.841344746068543,0.83203125,0.032293062859367755,False,SUPPORTED,,4ef162320e09086a16f1e130b09a507d399438740647147560f339cd2aa60069
RESOLVED_PHYSICAL,2.0,0,1.9999999999999998,1.1102230246251565e-16,0.8413447460685429,0.861328125,0.03229306285936776,False,SUPPORTED,,4ef162320e09086a16f1e130b09a507d399438740647147560f339cd2aa60069
UNRESOLVED_IMAGE,2.0,0,2.0,0.0,0.8413447460685429,0.841796875,0.03229306285936776,False,SUPPORTED,,4ef162320e09086a16f1e130b09a507d399438740647147560f339cd2aa60069
TOTAL_FLUX,2.0,0,1.9999999999999978,1.1102230246251565e-15,0.8413447460685426,0.8125,0.032293062859367797,False,SUPPORTED,,4ef162320e09086a16f1e130b09a507d399438740647147560f339cd2aa60069
DIRECT_PHYSICAL,2.0,1,2.0,0.0,0.8413447460685429,0.818359375,0.03229306285936776,False,SUPPORTED,,4ef162320e09086a16f1e130b09a507d399438740647147560f339cd2aa60069
RESOLVED_PHYSICAL,2.0,1,1.9999999999999998,1.1102230246251565e-16,0.8413447460685429,0.828125,0.03229306285936776,False,SUPPORTED,,4ef162320e09086a16f1e130b09a507d399438740647147560f339cd2aa60069
UNRESOLVED_IMAGE,2.0,1,1.9999999999999996,2.220446049250313e-16,0.8413447460685429,0.85546875,0.03229306285936776,False,SUPPORTED,,4ef162320e09086a16f1e130b09a507d399438740647147560f339cd2aa60069
TOTAL_FLUX,2.0,1,1.9999999999999998,1.1102230246251565e-16,0.8413447460685429,0.833984375,0.03229306285936776,False,SUPPORTED,,4ef162320e09086a16f1e130b09a507d399438740647147560f339cd2aa60069
DIRECT_PHYSICAL,2.0,2,2.0,0.0,0.8413447460685429,0.86328125,0.03229306285936776,False,SUPPORTED,,4ef162320e09086a16f1e130b09a507d399438740647147560f339cd2aa60069
RESOLVED_PHYSICAL,2.0,2,1.9999999999999996,2.220446049250313e-16,0.8413447460685429,0.818359375,0.03229306285936776,False,SUPPORTED,,4ef162320e09086a16f1e130b09a507d399438740647147560f339cd2aa60069
UNRESOLVED_IMAGE,2.0,2,2.0,0.0,0.8413447460685429,0.84765625,0.03229306285936776,False,SUPPORTED,,4ef162320e09086a16f1e130b09a507d399438740647147560f339cd2aa60069
TOTAL_FLUX,2.0,2,1.9999999999999991,4.440892098500626e-16,0.8413447460685428,0.84375,0.032293062859367776,False,SUPPORTED,,4ef162320e09086a16f1e130b09a507d399438740647147560f339cd2aa60069
DIRECT_PHYSICAL,2.0,3,2.0,0.0,0.8413447460685429,0.810546875,0.03229306285936776,False,SUPPORTED,,4ef162320e09086a16f1e130b09a507d399438740647147560f339cd2aa60069
RESOLVED_PHYSICAL,2.0,3,2.0,0.0,0.8413447460685429,0.859375,0.03229306285936776,False,SUPPORTED,,4ef162320e09086a16f1e130b09a507d399438740647147560f339cd2aa60069
UNRESOLVED_IMAGE,2.0,3,2.0,0.0,0.8413447460685429,0.849609375,0.03229306285936776,False,SUPPORTED,,4ef162320e09086a16f1e130b09a507d399438740647147560f339cd2aa60069
TOTAL_FLUX,2.0,3,2.0,0.0,0.8413447460685429,0.87109375,0.03229306285936776,False,SUPPORTED,,4ef162320e09086a16f1e130b09a507d399438740647147560f339cd2aa60069
DIRECT_PHYSICAL,2.0,4,2.0,0.0,0.8413447460685429,0.8359375,0.03229306285936776,False,SUPPORTED,,4ef162320e09086a16f1e130b09a507d399438740647147560f339cd2aa60069
RESOLVED_PHYSICAL,2.0,4,1.9999999999999996,2.220446049250313e-16,0.8413447460685429,0.8515625,0.03229306285936776,False,SUPPORTED,,4ef162320e09086a16f1e130b09a507d399438740647147560f339cd2aa60069
UNRESOLVED_IMAGE,2.0,4,1.9999999999999998,1.1102230246251565e-16,0.8413447460685429,0.82421875,0.03229306285936776,False,SUPPORTED,,4ef162320e09086a16f1e130b09a507d399438740647147560f339cd2aa60069
TOTAL_FLUX,2.0,4,2.000000000000002,1.1102230246251565e-15,0.8413447460685433,0.81640625,0.032293062859367734,False,SUPPORTED,,4ef162320e09086a16f1e130b09a507d399438740647147560f339cd2aa60069
DIRECT_PHYSICAL,2.0,5,1.9999999999999998,1.1102230246251565e-16,0.8413447460685429,0.8359375,0.03229306285936776,False,SUPPORTED,,4ef162320e09086a16f1e130b09a507d399438740647147560f339cd2aa60069
RESOLVED_PHYSICAL,2.0,5,2.0,0.0,0.8413447460685429,0.83203125,0.03229306285936776,False,SUPPORTED,,4ef162320e09086a16f1e130b09a507d399438740647147560f339cd2aa60069
UNRESOLVED_IMAGE,2.0,5,2.0,0.0,0.8413447460685429,0.845703125,0.03229306285936776,False,SUPPORTED,,4ef162320e09086a16f1e130b09a507d399438740647147560f339cd2aa60069
TOTAL_FLUX,2.0,5,1.9999999999999993,3.3306690738754696e-16,0.8413447460685428,0.837890625,0.032293062859367776,False,SUPPORTED,,4ef162320e09086a16f1e130b09a507d399438740647147560f339cd2aa60069
DIRECT_PHYSICAL,2.0,6,1.9999999999999998,1.1102230246251565e-16,0.8413447460685429,0.84375,0.03229306285936776,False,SUPPORTED,,4ef162320e09086a16f1e130b09a507d399438740647147560f339cd2aa60069
RESOLVED_PHYSICAL,2.0,6,1.9999999999999998,1.1102230246251565e-16,0.8413447460685429,0.837890625,0.03229306285936776,False,SUPPORTED,,4ef162320e09086a16f1e130b09a507d399438740647147560f339cd2aa60069
UNRESOLVED_IMAGE,2.0,6,2.0,0.0,0.8413447460685429,0.828125,0.03229306285936776,False,SUPPORTED,,4ef162320e09086a16f1e130b09a507d399438740647147560f339cd2aa60069
TOTAL_FLUX,2.0,6,2.0000000000000004,2.220446049250313e-16,0.841344746068543,0.875,0.032293062859367755,True,SUPPORTED,,4ef162320e09086a16f1e130b09a507d399438740647147560f339cd2aa60069
DIRECT_PHYSICAL,2.0,7,1.9999999999999998,1.1102230246251565e-16,0.8413447460685429,0.7890625,0.03229306285936776,False,SUPPORTED,,4ef162320e09086a16f1e130b09a507d399438740647147560f339cd2aa60069
RESOLVED_PHYSICAL,2.0,7,2.0000000000000004,2.220446049250313e-16,0.841344746068543,0.857421875,0.032293062859367755,False,SUPPORTED,,4ef162320e09086a16f1e130b09a507d399438740647147560f339cd2aa60069
UNRESOLVED_IMAGE,2.0,7,1.9999999999999998,1.1102230246251565e-16,0.8413447460685429,0.85546875,0.03229306285936776,False,SUPPORTED,,4ef162320e09086a16f1e130b09a507d399438740647147560f339cd2aa60069
TOTAL_FLUX,2.0,7,2.0,0.0,0.8413447460685429,0.857421875,0.03229306285936776,False,SUPPORTED,,4ef162320e09086a16f1e130b09a507d399438740647147560f339cd2aa60069
DIRECT_PHYSICAL,2.0,8,2.0000000000000004,2.220446049250313e-16,0.841344746068543,0.822265625,0.032293062859367755,False,SUPPORTED,,4ef162320e09086a16f1e130b09a507d399438740647147560f339cd2aa60069
RESOLVED_PHYSICAL,2.0,8,2.0,0.0,0.8413447460685429,0.849609375,0.03229306285936776,False,SUPPORTED,,4ef162320e09086a16f1e130b09a507d399438740647147560f339cd2aa60069
UNRESOLVED_IMAGE,2.0,8,1.9999999999999998,1.1102230246251565e-16,0.8413447460685429,0.849609375,0.03229306285936776,False,SUPPORTED,,4ef162320e09086a16f1e130b09a507d399438740647147560f339cd2aa60069
TOTAL_FLUX,2.0,8,2.0000000000000013,6.661338147750939e-16,0.841344746068543,0.828125,0.032293062859367755,False,SUPPORTED,,4ef162320e09086a16f1e130b09a507d399438740647147560f339cd2aa60069
DIRECT_PHYSICAL,2.0,9,1.9999999999999998,1.1102230246251565e-16,0.8413447460685429,0.845703125,0.03229306285936776,False,SUPPORTED,,4ef162320e09086a16f1e130b09a507d399438740647147560f339cd2aa60069
RESOLVED_PHYSICAL,2.0,9,2.0000000000000004,2.220446049250313e-16,0.841344746068543,0.8125,0.032293062859367755,False,SUPPORTED,,4ef162320e09086a16f1e130b09a507d399438740647147560f339cd2aa60069
UNRESOLVED_IMAGE,2.0,9,2.0,0.0,0.8413447460685429,0.82421875,0.03229306285936776,False,SUPPORTED,,4ef162320e09086a16f1e130b09a507d399438740647147560f339cd2aa60069
TOTAL_FLUX,2.0,9,2.0,0.0,0.8413447460685429,0.8203125,0.03229306285936776,False,SUPPORTED,,4ef162320e09086a16f1e130b09a507d399438740647147560f339cd2aa60069
DIRECT_PHYSICAL,2.0,10,2.0,0.0,0.8413447460685429,0.83984375,0.03229306285936776,False,SUPPORTED,,4ef162320e09086a16f1e130b09a507d399438740647147560f339cd2aa60069
RESOLVED_PHYSICAL,2.0,10,2.0,0.0,0.8413447460685429,0.8125,0.03229306285936776,False,SUPPORTED,,4ef162320e09086a16f1e130b09a507d399438740647147560f339cd2aa60069
UNRESOLVED_IMAGE,2.0,10,2.0000000000000004,2.220446049250313e-16,0.841344746068543,0.830078125,0.032293062859367755,False,SUPPORTED,,4ef162320e09086a16f1e130b09a507d399438740647147560f339cd2aa60069
TOTAL_FLUX,2.0,10,2.000000000000001,4.440892098500626e-16,0.841344746068543,0.8125,0.032293062859367755,False,SUPPORTED,,4ef162320e09086a16f1e130b09a507d399438740647147560f339cd2aa60069
DIRECT_PHYSICAL,2.0,11,1.9999999999999998,1.1102230246251565e-16,0.8413447460685429,0.8671875,0.03229306285936776,False,SUPPORTED,,4ef162320e09086a16f1e130b09a507d399438740647147560f339cd2aa60069
RESOLVED_PHYSICAL,2.0,11,2.0,0.0,0.8413447460685429,0.861328125,0.03229306285936776,False,SUPPORTED,,4ef162320e09086a16f1e130b09a507d399438740647147560f339cd2aa60069
UNRESOLVED_IMAGE,2.0,11,1.9999999999999998,1.1102230246251565e-16,0.8413447460685429,0.841796875,0.03229306285936776,False,SUPPORTED,,4ef162320e09086a16f1e130b09a507d399438740647147560f339cd2aa60069
TOTAL_FLUX,2.0,11,2.000000000000001,4.440892098500626e-16,0.841344746068543,0.853515625,0.032293062859367755,False,SUPPORTED,,4ef162320e09086a16f1e130b09a507d399438740647147560f339cd2aa60069
DIRECT_PHYSICAL,2.0,12,2.0,0.0,0.8413447460685429,0.833984375,0.03229306285936776,False,SUPPORTED,,4ef162320e09086a16f1e130b09a507d399438740647147560f339cd2aa60069
RESOLVED_PHYSICAL,2.0,12,2.0000000000000004,2.220446049250313e-16,0.841344746068543,0.81640625,0.032293062859367755,False,SUPPORTED,,4ef162320e09086a16f1e130b09a507d399438740647147560f339cd2aa60069
UNRESOLVED_IMAGE,2.0,12,1.9999999999999998,1.1102230246251565e-16,0.8413447460685429,0.826171875,0.03229306285936776,False,SUPPORTED,,4ef162320e09086a16f1e130b09a507d399438740647147560f339cd2aa60069
TOTAL_FLUX,2.0,12,2.0000000000000004,2.220446049250313e-16,0.841344746068543,0.8125,0.032293062859367755,False,SUPPORTED,,4ef162320e09086a16f1e130b09a507d399438740647147560f339cd2aa60069
DIRECT_PHYSICAL,2.0,13,1.9999999999999996,2.220446049250313e-16,0.8413447460685429,0.85546875,0.03229306285936776,False,SUPPORTED,,4ef162320e09086a16f1e130b09a507d399438740647147560f339cd2aa60069
RESOLVED_PHYSICAL,2.0,13,1.9999999999999998,1.1102230246251565e-16,0.8413447460685429,0.826171875,0.03229306285936776,False,SUPPORTED,,4ef162320e09086a16f1e130b09a507d399438740647147560f339cd2aa60069
UNRESOLVED_IMAGE,2.0,13,2.0,0.0,0.8413447460685429,0.84375,0.03229306285936776,False,SUPPORTED,,4ef162320e09086a16f1e130b09a507d399438740647147560f339cd2aa60069
TOTAL_FLUX,2.0,13,2.0,0.0,0.8413447460685429,0.853515625,0.03229306285936776,False,SUPPORTED,,4ef162320e09086a16f1e130b09a507d399438740647147560f339cd2aa60069
DIRECT_PHYSICAL,2.0,14,1.9999999999999998,1.1102230246251565e-16,0.8413447460685429,0.845703125,0.03229306285936776,False,SUPPORTED,,4ef162320e09086a16f1e130b09a507d399438740647147560f339cd2aa60069
RESOLVED_PHYSICAL,2.0,14,2.000000000000001,4.440892098500626e-16,0.841344746068543,0.8515625,0.032293062859367755,False,SUPPORTED,,4ef162320e09086a16f1e130b09a507d399438740647147560f339cd2aa60069
UNRESOLVED_IMAGE,2.0,14,1.9999999999999998,1.1102230246251565e-16,0.8413447460685429,0.84765625,0.03229306285936776,False,SUPPORTED,,4ef162320e09086a16f1e130b09a507d399438740647147560f339cd2aa60069
TOTAL_FLUX,2.0,14,1.9999999999999996,2.220446049250313e-16,0.8413447460685429,0.86328125,0.03229306285936776,False,SUPPORTED,,4ef162320e09086a16f1e130b09a507d399438740647147560f339cd2aa60069
DIRECT_PHYSICAL,2.0,15,1.9999999999999993,3.3306690738754696e-16,0.8413447460685428,0.86328125,0.032293062859367776,False,SUPPORTED,,4ef162320e09086a16f1e130b09a507d399438740647147560f339cd2aa60069
RESOLVED_PHYSICAL,2.0,15,1.9999999999999998,1.1102230246251565e-16,0.8413447460685429,0.83203125,0.03229306285936776,False,SUPPORTED,,4ef162320e09086a16f1e130b09a507d399438740647147560f339cd2aa60069
UNRESOLVED_IMAGE,2.0,15,2.0,0.0,0.8413447460685429,0.84375,0.03229306285936776,False,SUPPORTED,,4ef162320e09086a16f1e130b09a507d399438740647147560f339cd2aa60069
TOTAL_FLUX,2.0,15,2.0,0.0,0.8413447460685429,0.841796875,0.03229306285936776,False,SUPPORTED,,4ef162320e09086a16f1e130b09a507d399438740647147560f339cd2aa60069
DIRECT_PHYSICAL,2.0,16,1.9999999999999998,1.1102230246251565e-16,0.8413447460685429,0.828125,0.03229306285936776,False,SUPPORTED,,4ef162320e09086a16f1e130b09a507d399438740647147560f339cd2aa60069
RESOLVED_PHYSICAL,2.0,16,1.9999999999999998,1.1102230246251565e-16,0.8413447460685429,0.822265625,0.03229306285936776,False,SUPPORTED,,4ef162320e09086a16f1e130b09a507d399438740647147560f339cd2aa60069
UNRESOLVED_IMAGE,2.0,16,2.0,0.0,0.8413447460685429,0.853515625,0.03229306285936776,False,SUPPORTED,,4ef162320e09086a16f1e130b09a507d399438740647147560f339cd2aa60069
TOTAL_FLUX,2.0,16,2.0,0.0,0.8413447460685429,0.84375,0.03229306285936776,False,SUPPORTED,,4ef162320e09086a16f1e130b09a507d399438740647147560f339cd2aa60069
DIRECT_PHYSICAL,2.0,17,2.0,0.0,0.8413447460685429,0.857421875,0.03229306285936776,False,SUPPORTED,,4ef162320e09086a16f1e130b09a507d399438740647147560f339cd2aa60069
RESOLVED_PHYSICAL,2.0,17,1.9999999999999998,1.1102230246251565e-16,0.8413447460685429,0.822265625,0.03229306285936776,False,SUPPORTED,,4ef162320e09086a16f1e130b09a507d399438740647147560f339cd2aa60069
UNRESOLVED_IMAGE,2.0,17,2.0,0.0,0.8413447460685429,0.833984375,0.03229306285936776,False,SUPPORTED,,4ef162320e09086a16f1e130b09a507d399438740647147560f339cd2aa60069
TOTAL_FLUX,2.0,17,2.0000000000000004,2.220446049250313e-16,0.841344746068543,0.837890625,0.032293062859367755,False,SUPPORTED,,4ef162320e09086a16f1e130b09a507d399438740647147560f339cd2aa60069
DIRECT_PHYSICAL,2.0,18,1.9999999999999998,1.1102230246251565e-16,0.8413447460685429,0.87109375,0.03229306285936776,False,SUPPORTED,,4ef162320e09086a16f1e130b09a507d399438740647147560f339cd2aa60069
RESOLVED_PHYSICAL,2.0,18,2.0,0.0,0.8413447460685429,0.841796875,0.03229306285936776,False,SUPPORTED,,4ef162320e09086a16f1e130b09a507d399438740647147560f339cd2aa60069
UNRESOLVED_IMAGE,2.0,18,1.9999999999999998,1.1102230246251565e-16,0.8413447460685429,0.8359375,0.03229306285936776,False,SUPPORTED,,4ef162320e09086a16f1e130b09a507d399438740647147560f339cd2aa60069
TOTAL_FLUX,2.0,18,1.9999999999999993,3.3306690738754696e-16,0.8413447460685428,0.833984375,0.032293062859367776,False,SUPPORTED,,4ef162320e09086a16f1e130b09a507d399438740647147560f339cd2aa60069
DIRECT_PHYSICAL,2.0,19,2.0,0.0,0.8413447460685429,0.830078125,0.03229306285936776,False,SUPPORTED,,4ef162320e09086a16f1e130b09a507d399438740647147560f339cd2aa60069
RESOLVED_PHYSICAL,2.0,19,1.9999999999999998,1.1102230246251565e-16,0.8413447460685429,0.84765625,0.03229306285936776,False,SUPPORTED,,4ef162320e09086a16f1e130b09a507d399438740647147560f339cd2aa60069
UNRESOLVED_IMAGE,2.0,19,2.0000000000000004,2.220446049250313e-16,0.841344746068543,0.845703125,0.032293062859367755,False,SUPPORTED,,4ef162320e09086a16f1e130b09a507d399438740647147560f339cd2aa60069
TOTAL_FLUX,2.0,19,2.0000000000000004,2.220446049250313e-16,0.841344746068543,0.822265625,0.032293062859367755,False,SUPPORTED,,4ef162320e09086a16f1e130b09a507d399438740647147560f339cd2aa60069
DIRECT_PHYSICAL,2.0,20,2.0,0.0,0.8413447460685429,0.84375,0.03229306285936776,False,SUPPORTED,,4ef162320e09086a16f1e130b09a507d399438740647147560f339cd2aa60069
RESOLVED_PHYSICAL,2.0,20,1.9999999999999998,1.1102230246251565e-16,0.8413447460685429,0.8359375,0.03229306285936776,False,SUPPORTED,,4ef162320e09086a16f1e130b09a507d399438740647147560f339cd2aa60069
UNRESOLVED_IMAGE,2.0,20,2.0,0.0,0.8413447460685429,0.84375,0.03229306285936776,False,SUPPORTED,,4ef162320e09086a16f1e130b09a507d399438740647147560f339cd2aa60069
TOTAL_FLUX,2.0,20,1.9999999999999998,1.1102230246251565e-16,0.8413447460685429,0.853515625,0.03229306285936776,False,SUPPORTED,,4ef162320e09086a16f1e130b09a507d399438740647147560f339cd2aa60069
DIRECT_PHYSICAL,2.0,21,2.0,0.0,0.8413447460685429,0.84765625,0.03229306285936776,False,SUPPORTED,,4ef162320e09086a16f1e130b09a507d399438740647147560f339cd2aa60069
RESOLVED_PHYSICAL,2.0,21,1.9999999999999996,2.220446049250313e-16,0.8413447460685429,0.853515625,0.03229306285936776,False,SUPPORTED,,4ef162320e09086a16f1e130b09a507d399438740647147560f339cd2aa60069
UNRESOLVED_IMAGE,2.0,21,2.0000000000000004,2.220446049250313e-16,0.841344746068543,0.845703125,0.032293062859367755,False,SUPPORTED,,4ef162320e09086a16f1e130b09a507d399438740647147560f339cd2aa60069
TOTAL_FLUX,2.0,21,1.9999999999999996,2.220446049250313e-16,0.8413447460685429,0.859375,0.03229306285936776,False,SUPPORTED,,4ef162320e09086a16f1e130b09a507d399438740647147560f339cd2aa60069
DIRECT_PHYSICAL,2.0,22,2.0,0.0,0.8413447460685429,0.84375,0.03229306285936776,False,SUPPORTED,,4ef162320e09086a16f1e130b09a507d399438740647147560f339cd2aa60069
RESOLVED_PHYSICAL,2.0,22,1.9999999999999996,2.220446049250313e-16,0.8413447460685429,0.83984375,0.03229306285936776,False,SUPPORTED,,4ef162320e09086a16f1e130b09a507d399438740647147560f339cd2aa60069
UNRESOLVED_IMAGE,2.0,22,2.0,0.0,0.8413447460685429,0.8203125,0.03229306285936776,False,SUPPORTED,,4ef162320e09086a16f1e130b09a507d399438740647147560f339cd2aa60069
TOTAL_FLUX,2.0,22,2.0,0.0,0.8413447460685429,0.83984375,0.03229306285936776,False,SUPPORTED,,4ef162320e09086a16f1e130b09a507d399438740647147560f339cd2aa60069
DIRECT_PHYSICAL,2.0,23,1.9999999999999998,1.1102230246251565e-16,0.8413447460685429,0.802734375,0.03229306285936776,False,SUPPORTED,,4ef162320e09086a16f1e130b09a507d399438740647147560f339cd2aa60069
RESOLVED_PHYSICAL,2.0,23,2.0,0.0,0.8413447460685429,0.830078125,0.03229306285936776,False,SUPPORTED,,4ef162320e09086a16f1e130b09a507d399438740647147560f339cd2aa60069
UNRESOLVED_IMAGE,2.0,23,2.0,0.0,0.8413447460685429,0.83984375,0.03229306285936776,False,SUPPORTED,,4ef162320e09086a16f1e130b09a507d399438740647147560f339cd2aa60069
TOTAL_FLUX,2.0,23,1.9999999999999998,1.1102230246251565e-16,0.8413447460685429,0.84375,0.03229306285936776,False,SUPPORTED,,4ef162320e09086a16f1e130b09a507d399438740647147560f339cd2aa60069
DIRECT_PHYSICAL,2.0,24,1.9999999999999998,1.1102230246251565e-16,0.8413447460685429,0.833984375,0.03229306285936776,False,SUPPORTED,,4ef162320e09086a16f1e130b09a507d399438740647147560f339cd2aa60069
RESOLVED_PHYSICAL,2.0,24,1.9999999999999998,1.1102230246251565e-16,0.8413447460685429,0.837890625,0.03229306285936776,False,SUPPORTED,,4ef162320e09086a16f1e130b09a507d399438740647147560f339cd2aa60069
UNRESOLVED_IMAGE,2.0,24,2.0,0.0,0.8413447460685429,0.849609375,0.03229306285936776,False,SUPPORTED,,4ef162320e09086a16f1e130b09a507d399438740647147560f339cd2aa60069
TOTAL_FLUX,2.0,24,2.0000000000000004,2.220446049250313e-16,0.841344746068543,0.84375,0.032293062859367755,False,SUPPORTED,,4ef162320e09086a16f1e130b09a507d399438740647147560f339cd2aa60069
DIRECT_PHYSICAL,2.0,25,1.9999999999999998,1.1102230246251565e-16,0.8413447460685429,0.841796875,0.03229306285936776,False,SUPPORTED,,4ef162320e09086a16f1e130b09a507d399438740647147560f339cd2aa60069
RESOLVED_PHYSICAL,2.0,25,2.0000000000000004,2.220446049250313e-16,0.841344746068543,0.8359375,0.032293062859367755,False,SUPPORTED,,4ef162320e09086a16f1e130b09a507d399438740647147560f339cd2aa60069
UNRESOLVED_IMAGE,2.0,25,2.0000000000000004,2.220446049250313e-16,0.841344746068543,0.85546875,0.032293062859367755,False,SUPPORTED,,4ef162320e09086a16f1e130b09a507d399438740647147560f339cd2aa60069
TOTAL_FLUX,2.0,25,1.9999999999999996,2.220446049250313e-16,0.8413447460685429,0.8203125,0.03229306285936776,False,SUPPORTED,,4ef162320e09086a16f1e130b09a507d399438740647147560f339cd2aa60069
DIRECT_PHYSICAL,2.0,26,1.9999999999999993,3.3306690738754696e-16,0.8413447460685428,0.84765625,0.032293062859367776,False,SUPPORTED,,4ef162320e09086a16f1e130b09a507d399438740647147560f339cd2aa60069
RESOLVED_PHYSICAL,2.0,26,2.0,0.0,0.8413447460685429,0.826171875,0.03229306285936776,False,SUPPORTED,,4ef162320e09086a16f1e130b09a507d399438740647147560f339cd2aa60069
UNRESOLVED_IMAGE,2.0,26,1.9999999999999998,1.1102230246251565e-16,0.8413447460685429,0.828125,0.03229306285936776,False,SUPPORTED,,4ef162320e09086a16f1e130b09a507d399438740647147560f339cd2aa60069
TOTAL_FLUX,2.0,26,2.0,0.0,0.8413447460685429,0.8515625,0.03229306285936776,False,SUPPORTED,,4ef162320e09086a16f1e130b09a507d399438740647147560f339cd2aa60069
DIRECT_PHYSICAL,2.0,27,2.0000000000000004,2.220446049250313e-16,0.841344746068543,0.884765625,0.032293062859367755,True,SUPPORTED,,4ef162320e09086a16f1e130b09a507d399438740647147560f339cd2aa60069
RESOLVED_PHYSICAL,2.0,27,1.9999999999999998,1.1102230246251565e-16,0.8413447460685429,0.833984375,0.03229306285936776,False,SUPPORTED,,4ef162320e09086a16f1e130b09a507d399438740647147560f339cd2aa60069
UNRESOLVED_IMAGE,2.0,27,2.0,0.0,0.8413447460685429,0.8359375,0.03229306285936776,False,SUPPORTED,,4ef162320e09086a16f1e130b09a507d399438740647147560f339cd2aa60069
TOTAL_FLUX,2.0,27,1.999999999999999,5.551115123125783e-16,0.8413447460685428,0.837890625,0.032293062859367776,False,SUPPORTED,,4ef162320e09086a16f1e130b09a507d399438740647147560f339cd2aa60069
DIRECT_PHYSICAL,2.0,28,1.9999999999999998,1.1102230246251565e-16,0.8413447460685429,0.828125,0.03229306285936776,False,SUPPORTED,,4ef162320e09086a16f1e130b09a507d399438740647147560f339cd2aa60069
RESOLVED_PHYSICAL,2.0,28,2.0,0.0,0.8413447460685429,0.837890625,0.03229306285936776,False,SUPPORTED,,4ef162320e09086a16f1e130b09a507d399438740647147560f339cd2aa60069
UNRESOLVED_IMAGE,2.0,28,2.0,0.0,0.8413447460685429,0.8359375,0.03229306285936776,False,SUPPORTED,,4ef162320e09086a16f1e130b09a507d399438740647147560f339cd2aa60069
TOTAL_FLUX,2.0,28,1.999999999999997,1.5543122344752192e-15,0.8413447460685426,0.83203125,0.032293062859367797,False,SUPPORTED,,4ef162320e09086a16f1e130b09a507d399438740647147560f339cd2aa60069
DIRECT_PHYSICAL,2.0,29,2.0,0.0,0.8413447460685429,0.875,0.03229306285936776,True,SUPPORTED,,4ef162320e09086a16f1e130b09a507d399438740647147560f339cd2aa60069
RESOLVED_PHYSICAL,2.0,29,2.0,0.0,0.8413447460685429,0.82421875,0.03229306285936776,False,SUPPORTED,,4ef162320e09086a16f1e130b09a507d399438740647147560f339cd2aa60069
UNRESOLVED_IMAGE,2.0,29,2.0000000000000004,2.220446049250313e-16,0.841344746068543,0.8359375,0.032293062859367755,False,SUPPORTED,,4ef162320e09086a16f1e130b09a507d399438740647147560f339cd2aa60069
TOTAL_FLUX,2.0,29,1.9999999999999996,2.220446049250313e-16,0.8413447460685429,0.828125,0.03229306285936776,False,SUPPORTED,,4ef162320e09086a16f1e130b09a507d399438740647147560f339cd2aa60069
DIRECT_PHYSICAL,2.0,30,2.0,0.0,0.8413447460685429,0.837890625,0.03229306285936776,False,SUPPORTED,,4ef162320e09086a16f1e130b09a507d399438740647147560f339cd2aa60069
RESOLVED_PHYSICAL,2.0,30,1.9999999999999998,1.1102230246251565e-16,0.8413447460685429,0.8515625,0.03229306285936776,False,SUPPORTED,,4ef162320e09086a16f1e130b09a507d399438740647147560f339cd2aa60069
UNRESOLVED_IMAGE,2.0,30,2.0000000000000004,2.220446049250313e-16,0.841344746068543,0.8125,0.032293062859367755,False,SUPPORTED,,4ef162320e09086a16f1e130b09a507d399438740647147560f339cd2aa60069
TOTAL_FLUX,2.0,30,1.9999999999999996,2.220446049250313e-16,0.8413447460685429,0.876953125,0.03229306285936776,True,SUPPORTED,,4ef162320e09086a16f1e130b09a507d399438740647147560f339cd2aa60069
DIRECT_PHYSICAL,2.0,31,2.0,0.0,0.8413447460685429,0.814453125,0.03229306285936776,False,SUPPORTED,,4ef162320e09086a16f1e130b09a507d399438740647147560f339cd2aa60069
RESOLVED_PHYSICAL,2.0,31,1.9999999999999996,2.220446049250313e-16,0.8413447460685429,0.869140625,0.03229306285936776,False,SUPPORTED,,4ef162320e09086a16f1e130b09a507d399438740647147560f339cd2aa60069
UNRESOLVED_IMAGE,2.0,31,2.0,0.0,0.8413447460685429,0.857421875,0.03229306285936776,False,SUPPORTED,,4ef162320e09086a16f1e130b09a507d399438740647147560f339cd2aa60069
TOTAL_FLUX,2.0,31,2.0000000000000004,2.220446049250313e-16,0.841344746068543,0.83203125,0.032293062859367755,False,SUPPORTED,,4ef162320e09086a16f1e130b09a507d399438740647147560f339cd2aa60069
DIRECT_PHYSICAL,2.0,32,2.0,0.0,0.8413447460685429,0.83203125,0.03229306285936776,False,SUPPORTED,,4ef162320e09086a16f1e130b09a507d399438740647147560f339cd2aa60069
RESOLVED_PHYSICAL,2.0,32,1.9999999999999998,1.1102230246251565e-16,0.8413447460685429,0.857421875,0.03229306285936776,False,SUPPORTED,,4ef162320e09086a16f1e130b09a507d399438740647147560f339cd2aa60069
UNRESOLVED_IMAGE,2.0,32,2.0000000000000004,2.220446049250313e-16,0.841344746068543,0.87109375,0.032293062859367755,False,SUPPORTED,,4ef162320e09086a16f1e130b09a507d399438740647147560f339cd2aa60069
TOTAL_FLUX,2.0,32,1.9999999999999998,1.1102230246251565e-16,0.8413447460685429,0.857421875,0.03229306285936776,False,SUPPORTED,,4ef162320e09086a16f1e130b09a507d399438740647147560f339cd2aa60069
DIRECT_PHYSICAL,2.0,33,1.9999999999999998,1.1102230246251565e-16,0.8413447460685429,0.8203125,0.03229306285936776,False,SUPPORTED,,4ef162320e09086a16f1e130b09a507d399438740647147560f339cd2aa60069
RESOLVED_PHYSICAL,2.0,33,2.0,0.0,0.8413447460685429,0.826171875,0.03229306285936776,False,SUPPORTED,,4ef162320e09086a16f1e130b09a507d399438740647147560f339cd2aa60069
UNRESOLVED_IMAGE,2.0,33,2.0,0.0,0.8413447460685429,0.841796875,0.03229306285936776,False,SUPPORTED,,4ef162320e09086a16f1e130b09a507d399438740647147560f339cd2aa60069
TOTAL_FLUX,2.0,33,1.9999999999999998,1.1102230246251565e-16,0.8413447460685429,0.83984375,0.03229306285936776,False,SUPPORTED,,4ef162320e09086a16f1e130b09a507d399438740647147560f339cd2aa60069
DIRECT_PHYSICAL,2.0,34,1.9999999999999998,1.1102230246251565e-16,0.8413447460685429,0.814453125,0.03229306285936776,False,SUPPORTED,,4ef162320e09086a16f1e130b09a507d399438740647147560f339cd2aa60069
RESOLVED_PHYSICAL,2.0,34,1.9999999999999998,1.1102230246251565e-16,0.8413447460685429,0.83984375,0.03229306285936776,False,SUPPORTED,,4ef162320e09086a16f1e130b09a507d399438740647147560f339cd2aa60069
UNRESOLVED_IMAGE,2.0,34,2.0,0.0,0.8413447460685429,0.845703125,0.03229306285936776,False,SUPPORTED,,4ef162320e09086a16f1e130b09a507d399438740647147560f339cd2aa60069
TOTAL_FLUX,2.0,34,2.0000000000000004,2.220446049250313e-16,0.841344746068543,0.822265625,0.032293062859367755,False,SUPPORTED,,4ef162320e09086a16f1e130b09a507d399438740647147560f339cd2aa60069
DIRECT_PHYSICAL,2.0,35,2.0,0.0,0.8413447460685429,0.845703125,0.03229306285936776,False,SUPPORTED,,4ef162320e09086a16f1e130b09a507d399438740647147560f339cd2aa60069
RESOLVED_PHYSICAL,2.0,35,2.0,0.0,0.8413447460685429,0.822265625,0.03229306285936776,False,SUPPORTED,,4ef162320e09086a16f1e130b09a507d399438740647147560f339cd2aa60069
UNRESOLVED_IMAGE,2.0,35,2.0,0.0,0.8413447460685429,0.8671875,0.03229306285936776,False,SUPPORTED,,4ef162320e09086a16f1e130b09a507d399438740647147560f339cd2aa60069
TOTAL_FLUX,2.0,35,1.999999999999999,5.551115123125783e-16,0.8413447460685428,0.8515625,0.032293062859367776,False,SUPPORTED,,4ef162320e09086a16f1e130b09a507d399438740647147560f339cd2aa60069
DIRECT_PHYSICAL,2.0,36,1.9999999999999998,1.1102230246251565e-16,0.8413447460685429,0.859375,0.03229306285936776,False,SUPPORTED,,4ef162320e09086a16f1e130b09a507d399438740647147560f339cd2aa60069
RESOLVED_PHYSICAL,2.0,36,1.9999999999999998,1.1102230246251565e-16,0.8413447460685429,0.849609375,0.03229306285936776,False,SUPPORTED,,4ef162320e09086a16f1e130b09a507d399438740647147560f339cd2aa60069
UNRESOLVED_IMAGE,2.0,36,2.0,0.0,0.8413447460685429,0.841796875,0.03229306285936776,False,SUPPORTED,,4ef162320e09086a16f1e130b09a507d399438740647147560f339cd2aa60069
TOTAL_FLUX,2.0,36,2.000000000000002,1.1102230246251565e-15,0.8413447460685433,0.806640625,0.032293062859367734,False,SUPPORTED,,4ef162320e09086a16f1e130b09a507d399438740647147560f339cd2aa60069
DIRECT_PHYSICAL,2.0,37,2.0,0.0,0.8413447460685429,0.8359375,0.03229306285936776,False,SUPPORTED,,4ef162320e09086a16f1e130b09a507d399438740647147560f339cd2aa60069
RESOLVED_PHYSICAL,2.0,37,2.0,0.0,0.8413447460685429,0.869140625,0.03229306285936776,False,SUPPORTED,,4ef162320e09086a16f1e130b09a507d399438740647147560f339cd2aa60069
UNRESOLVED_IMAGE,2.0,37,2.0,0.0,0.8413447460685429,0.85546875,0.03229306285936776,False,SUPPORTED,,4ef162320e09086a16f1e130b09a507d399438740647147560f339cd2aa60069
TOTAL_FLUX,2.0,37,1.9999999999999993,3.3306690738754696e-16,0.8413447460685428,0.814453125,0.032293062859367776,False,SUPPORTED,,4ef162320e09086a16f1e130b09a507d399438740647147560f339cd2aa60069
DIRECT_PHYSICAL,2.0,38,2.0,0.0,0.8413447460685429,0.8515625,0.03229306285936776,False,SUPPORTED,,4ef162320e09086a16f1e130b09a507d399438740647147560f339cd2aa60069
RESOLVED_PHYSICAL,2.0,38,1.9999999999999996,2.220446049250313e-16,0.8413447460685429,0.830078125,0.03229306285936776,False,SUPPORTED,,4ef162320e09086a16f1e130b09a507d399438740647147560f339cd2aa60069
UNRESOLVED_IMAGE,2.0,38,2.0000000000000004,2.220446049250313e-16,0.841344746068543,0.83203125,0.032293062859367755,False,SUPPORTED,,4ef162320e09086a16f1e130b09a507d399438740647147560f339cd2aa60069
TOTAL_FLUX,2.0,38,2.0000000000000013,6.661338147750939e-16,0.841344746068543,0.8671875,0.032293062859367755,False,SUPPORTED,,4ef162320e09086a16f1e130b09a507d399438740647147560f339cd2aa60069
DIRECT_PHYSICAL,2.0,39,2.0,0.0,0.8413447460685429,0.837890625,0.03229306285936776,False,SUPPORTED,,4ef162320e09086a16f1e130b09a507d399438740647147560f339cd2aa60069
RESOLVED_PHYSICAL,2.0,39,2.0000000000000004,2.220446049250313e-16,0.841344746068543,0.875,0.032293062859367755,True,SUPPORTED,,4ef162320e09086a16f1e130b09a507d399438740647147560f339cd2aa60069
UNRESOLVED_IMAGE,2.0,39,2.0,0.0,0.8413447460685429,0.84765625,0.03229306285936776,False,SUPPORTED,,4ef162320e09086a16f1e130b09a507d399438740647147560f339cd2aa60069
TOTAL_FLUX,2.0,39,2.0000000000000004,2.220446049250313e-16,0.841344746068543,0.8203125,0.032293062859367755,False,SUPPORTED,,4ef162320e09086a16f1e130b09a507d399438740647147560f339cd2aa60069
DIRECT_PHYSICAL,2.0,40,2.0,0.0,0.8413447460685429,0.853515625,0.03229306285936776,False,SUPPORTED,,4ef162320e09086a16f1e130b09a507d399438740647147560f339cd2aa60069
RESOLVED_PHYSICAL,2.0,40,1.9999999999999998,1.1102230246251565e-16,0.8413447460685429,0.84765625,0.03229306285936776,False,SUPPORTED,,4ef162320e09086a16f1e130b09a507d399438740647147560f339cd2aa60069
UNRESOLVED_IMAGE,2.0,40,2.0,0.0,0.8413447460685429,0.857421875,0.03229306285936776,False,SUPPORTED,,4ef162320e09086a16f1e130b09a507d399438740647147560f339cd2aa60069
TOTAL_FLUX,2.0,40,2.000000000000001,4.440892098500626e-16,0.841344746068543,0.84375,0.032293062859367755,False,SUPPORTED,,4ef162320e09086a16f1e130b09a507d399438740647147560f339cd2aa60069
DIRECT_PHYSICAL,2.0,41,1.9999999999999996,2.220446049250313e-16,0.8413447460685429,0.85546875,0.03229306285936776,False,SUPPORTED,,4ef162320e09086a16f1e130b09a507d399438740647147560f339cd2aa60069
RESOLVED_PHYSICAL,2.0,41,2.0,0.0,0.8413447460685429,0.845703125,0.03229306285936776,False,SUPPORTED,,4ef162320e09086a16f1e130b09a507d399438740647147560f339cd2aa60069
UNRESOLVED_IMAGE,2.0,41,2.0000000000000004,2.220446049250313e-16,0.841344746068543,0.833984375,0.032293062859367755,False,SUPPORTED,,4ef162320e09086a16f1e130b09a507d399438740647147560f339cd2aa60069
TOTAL_FLUX,2.0,41,1.9999999999999996,2.220446049250313e-16,0.8413447460685429,0.849609375,0.03229306285936776,False,SUPPORTED,,4ef162320e09086a16f1e130b09a507d399438740647147560f339cd2aa60069
DIRECT_PHYSICAL,2.0,42,2.000000000000001,4.440892098500626e-16,0.841344746068543,0.837890625,0.032293062859367755,False,SUPPORTED,,4ef162320e09086a16f1e130b09a507d399438740647147560f339cd2aa60069
RESOLVED_PHYSICAL,2.0,42,2.0000000000000004,2.220446049250313e-16,0.841344746068543,0.830078125,0.032293062859367755,False,SUPPORTED,,4ef162320e09086a16f1e130b09a507d399438740647147560f339cd2aa60069
UNRESOLVED_IMAGE,2.0,42,1.9999999999999996,2.220446049250313e-16,0.8413447460685429,0.8359375,0.03229306285936776,False,SUPPORTED,,4ef162320e09086a16f1e130b09a507d399438740647147560f339cd2aa60069
TOTAL_FLUX,2.0,42,1.9999999999999993,3.3306690738754696e-16,0.8413447460685428,0.8125,0.032293062859367776,False,SUPPORTED,,4ef162320e09086a16f1e130b09a507d399438740647147560f339cd2aa60069
DIRECT_PHYSICAL,2.0,43,1.9999999999999996,2.220446049250313e-16,0.8413447460685429,0.82421875,0.03229306285936776,False,SUPPORTED,,4ef162320e09086a16f1e130b09a507d399438740647147560f339cd2aa60069
RESOLVED_PHYSICAL,2.0,43,2.0,0.0,0.8413447460685429,0.859375,0.03229306285936776,False,SUPPORTED,,4ef162320e09086a16f1e130b09a507d399438740647147560f339cd2aa60069
UNRESOLVED_IMAGE,2.0,43,2.0,0.0,0.8413447460685429,0.888671875,0.03229306285936776,True,SUPPORTED,,4ef162320e09086a16f1e130b09a507d399438740647147560f339cd2aa60069
TOTAL_FLUX,2.0,43,1.9999999999999996,2.220446049250313e-16,0.8413447460685429,0.826171875,0.03229306285936776,False,SUPPORTED,,4ef162320e09086a16f1e130b09a507d399438740647147560f339cd2aa60069
DIRECT_PHYSICAL,2.0,44,2.0,0.0,0.8413447460685429,0.841796875,0.03229306285936776,False,SUPPORTED,,4ef162320e09086a16f1e130b09a507d399438740647147560f339cd2aa60069
RESOLVED_PHYSICAL,2.0,44,2.0,0.0,0.8413447460685429,0.869140625,0.03229306285936776,False,SUPPORTED,,4ef162320e09086a16f1e130b09a507d399438740647147560f339cd2aa60069
UNRESOLVED_IMAGE,2.0,44,1.9999999999999998,1.1102230246251565e-16,0.8413447460685429,0.876953125,0.03229306285936776,True,SUPPORTED,,4ef162320e09086a16f1e130b09a507d399438740647147560f339cd2aa60069
TOTAL_FLUX,2.0,44,2.0,0.0,0.8413447460685429,0.845703125,0.03229306285936776,False,SUPPORTED,,4ef162320e09086a16f1e130b09a507d399438740647147560f339cd2aa60069
DIRECT_PHYSICAL,2.0,45,2.0,0.0,0.8413447460685429,0.83203125,0.03229306285936776,False,SUPPORTED,,4ef162320e09086a16f1e130b09a507d399438740647147560f339cd2aa60069
RESOLVED_PHYSICAL,2.0,45,2.0,0.0,0.8413447460685429,0.873046875,0.03229306285936776,False,SUPPORTED,,4ef162320e09086a16f1e130b09a507d399438740647147560f339cd2aa60069
UNRESOLVED_IMAGE,2.0,45,1.9999999999999998,1.1102230246251565e-16,0.8413447460685429,0.828125,0.03229306285936776,False,SUPPORTED,,4ef162320e09086a16f1e130b09a507d399438740647147560f339cd2aa60069
TOTAL_FLUX,2.0,45,2.0,0.0,0.8413447460685429,0.837890625,0.03229306285936776,False,SUPPORTED,,4ef162320e09086a16f1e130b09a507d399438740647147560f339cd2aa60069
DIRECT_PHYSICAL,2.0,46,2.0,0.0,0.8413447460685429,0.8671875,0.03229306285936776,False,SUPPORTED,,4ef162320e09086a16f1e130b09a507d399438740647147560f339cd2aa60069
RESOLVED_PHYSICAL,2.0,46,2.0,0.0,0.8413447460685429,0.8515625,0.03229306285936776,False,SUPPORTED,,4ef162320e09086a16f1e130b09a507d399438740647147560f339cd2aa60069
UNRESOLVED_IMAGE,2.0,46,2.000000000000001,4.440892098500626e-16,0.841344746068543,0.84375,0.032293062859367755,False,SUPPORTED,,4ef162320e09086a16f1e130b09a507d399438740647147560f339cd2aa60069
TOTAL_FLUX,2.0,46,1.999999999999999,5.551115123125783e-16,0.8413447460685428,0.845703125,0.032293062859367776,False,SUPPORTED,,4ef162320e09086a16f1e130b09a507d399438740647147560f339cd2aa60069
DIRECT_PHYSICAL,2.0,47,1.9999999999999996,2.220446049250313e-16,0.8413447460685429,0.849609375,0.03229306285936776,False,SUPPORTED,,4ef162320e09086a16f1e130b09a507d399438740647147560f339cd2aa60069
RESOLVED_PHYSICAL,2.0,47,2.0,0.0,0.8413447460685429,0.830078125,0.03229306285936776,False,SUPPORTED,,4ef162320e09086a16f1e130b09a507d399438740647147560f339cd2aa60069
UNRESOLVED_IMAGE,2.0,47,1.9999999999999996,2.220446049250313e-16,0.8413447460685429,0.8359375,0.03229306285936776,False,SUPPORTED,,4ef162320e09086a16f1e130b09a507d399438740647147560f339cd2aa60069
TOTAL_FLUX,2.0,47,1.9999999999999991,4.440892098500626e-16,0.8413447460685428,0.814453125,0.032293062859367776,False,SUPPORTED,,4ef162320e09086a16f1e130b09a507d399438740647147560f339cd2aa60069
DIRECT_PHYSICAL,2.0,48,2.0,0.0,0.8413447460685429,0.841796875,0.03229306285936776,False,SUPPORTED,,4ef162320e09086a16f1e130b09a507d399438740647147560f339cd2aa60069
RESOLVED_PHYSICAL,2.0,48,2.0,0.0,0.8413447460685429,0.814453125,0.03229306285936776,False,SUPPORTED,,4ef162320e09086a16f1e130b09a507d399438740647147560f339cd2aa60069
UNRESOLVED_IMAGE,2.0,48,2.0,0.0,0.8413447460685429,0.83984375,0.03229306285936776,False,SUPPORTED,,4ef162320e09086a16f1e130b09a507d399438740647147560f339cd2aa60069
TOTAL_FLUX,2.0,48,2.0,0.0,0.8413447460685429,0.873046875,0.03229306285936776,False,SUPPORTED,,4ef162320e09086a16f1e130b09a507d399438740647147560f339cd2aa60069
DIRECT_PHYSICAL,2.0,49,2.0,0.0,0.8413447460685429,0.80859375,0.03229306285936776,False,SUPPORTED,,4ef162320e09086a16f1e130b09a507d399438740647147560f339cd2aa60069
RESOLVED_PHYSICAL,2.0,49,2.0,0.0,0.8413447460685429,0.828125,0.03229306285936776,False,SUPPORTED,,4ef162320e09086a16f1e130b09a507d399438740647147560f339cd2aa60069
UNRESOLVED_IMAGE,2.0,49,2.0,0.0,0.8413447460685429,0.84375,0.03229306285936776,False,SUPPORTED,,4ef162320e09086a16f1e130b09a507d399438740647147560f339cd2aa60069
TOTAL_FLUX,2.0,49,1.9999999999999996,2.220446049250313e-16,0.8413447460685429,0.833984375,0.03229306285936776,False,SUPPORTED,,4ef162320e09086a16f1e130b09a507d399438740647147560f339cd2aa60069
DIRECT_PHYSICAL,2.0,50,2.0000000000000004,2.220446049250313e-16,0.841344746068543,0.814453125,0.032293062859367755,False,SUPPORTED,,4ef162320e09086a16f1e130b09a507d399438740647147560f339cd2aa60069
RESOLVED_PHYSICAL,2.0,50,2.0000000000000004,2.220446049250313e-16,0.841344746068543,0.86328125,0.032293062859367755,False,SUPPORTED,,4ef162320e09086a16f1e130b09a507d399438740647147560f339cd2aa60069
UNRESOLVED_IMAGE,2.0,50,2.0,0.0,0.8413447460685429,0.865234375,0.03229306285936776,False,SUPPORTED,,4ef162320e09086a16f1e130b09a507d399438740647147560f339cd2aa60069
TOTAL_FLUX,2.0,50,2.0000000000000004,2.220446049250313e-16,0.841344746068543,0.849609375,0.032293062859367755,False,SUPPORTED,,4ef162320e09086a16f1e130b09a507d399438740647147560f339cd2aa60069
DIRECT_PHYSICAL,2.0,51,2.0,0.0,0.8413447460685429,0.833984375,0.03229306285936776,False,SUPPORTED,,4ef162320e09086a16f1e130b09a507d399438740647147560f339cd2aa60069
RESOLVED_PHYSICAL,2.0,51,2.0,0.0,0.8413447460685429,0.806640625,0.03229306285936776,False,SUPPORTED,,4ef162320e09086a16f1e130b09a507d399438740647147560f339cd2aa60069
UNRESOLVED_IMAGE,2.0,51,1.9999999999999998,1.1102230246251565e-16,0.8413447460685429,0.81640625,0.03229306285936776,False,SUPPORTED,,4ef162320e09086a16f1e130b09a507d399438740647147560f339cd2aa60069
TOTAL_FLUX,2.0,51,2.000000000000001,4.440892098500626e-16,0.841344746068543,0.86328125,0.032293062859367755,False,SUPPORTED,,4ef162320e09086a16f1e130b09a507d399438740647147560f339cd2aa60069
DIRECT_PHYSICAL,2.0,52,2.0,0.0,0.8413447460685429,0.841796875,0.03229306285936776,False,SUPPORTED,,4ef162320e09086a16f1e130b09a507d399438740647147560f339cd2aa60069
RESOLVED_PHYSICAL,2.0,52,1.9999999999999998,1.1102230246251565e-16,0.8413447460685429,0.84375,0.03229306285936776,False,SUPPORTED,,4ef162320e09086a16f1e130b09a507d399438740647147560f339cd2aa60069
UNRESOLVED_IMAGE,2.0,52,2.0,0.0,0.8413447460685429,0.828125,0.03229306285936776,False,SUPPORTED,,4ef162320e09086a16f1e130b09a507d399438740647147560f339cd2aa60069
TOTAL_FLUX,2.0,52,1.9999999999999993,3.3306690738754696e-16,0.8413447460685428,0.81640625,0.032293062859367776,False,SUPPORTED,,4ef162320e09086a16f1e130b09a507d399438740647147560f339cd2aa60069
DIRECT_PHYSICAL,2.0,53,2.0,0.0,0.8413447460685429,0.857421875,0.03229306285936776,False,SUPPORTED,,4ef162320e09086a16f1e130b09a507d399438740647147560f339cd2aa60069
RESOLVED_PHYSICAL,2.0,53,2.0,0.0,0.8413447460685429,0.84375,0.03229306285936776,False,SUPPORTED,,4ef162320e09086a16f1e130b09a507d399438740647147560f339cd2aa60069
UNRESOLVED_IMAGE,2.0,53,1.9999999999999998,1.1102230246251565e-16,0.8413447460685429,0.828125,0.03229306285936776,False,SUPPORTED,,4ef162320e09086a16f1e130b09a507d399438740647147560f339cd2aa60069
TOTAL_FLUX,2.0,53,1.9999999999999993,3.3306690738754696e-16,0.8413447460685428,0.833984375,0.032293062859367776,False,SUPPORTED,,4ef162320e09086a16f1e130b09a507d399438740647147560f339cd2aa60069
DIRECT_PHYSICAL,2.0,54,2.0,0.0,0.8413447460685429,0.845703125,0.03229306285936776,False,SUPPORTED,,4ef162320e09086a16f1e130b09a507d399438740647147560f339cd2aa60069
RESOLVED_PHYSICAL,2.0,54,1.9999999999999998,1.1102230246251565e-16,0.8413447460685429,0.84375,0.03229306285936776,False,SUPPORTED,,4ef162320e09086a16f1e130b09a507d399438740647147560f339cd2aa60069
UNRESOLVED_IMAGE,2.0,54,2.0000000000000004,2.220446049250313e-16,0.841344746068543,0.861328125,0.032293062859367755,False,SUPPORTED,,4ef162320e09086a16f1e130b09a507d399438740647147560f339cd2aa60069
TOTAL_FLUX,2.0,54,2.000000000000001,4.440892098500626e-16,0.841344746068543,0.826171875,0.032293062859367755,False,SUPPORTED,,4ef162320e09086a16f1e130b09a507d399438740647147560f339cd2aa60069
DIRECT_PHYSICAL,2.0,55,2.0,0.0,0.8413447460685429,0.82421875,0.03229306285936776,False,SUPPORTED,,4ef162320e09086a16f1e130b09a507d399438740647147560f339cd2aa60069
RESOLVED_PHYSICAL,2.0,55,2.0,0.0,0.8413447460685429,0.83203125,0.03229306285936776,False,SUPPORTED,,4ef162320e09086a16f1e130b09a507d399438740647147560f339cd2aa60069
UNRESOLVED_IMAGE,2.0,55,1.9999999999999996,2.220446049250313e-16,0.8413447460685429,0.8515625,0.03229306285936776,False,SUPPORTED,,4ef162320e09086a16f1e130b09a507d399438740647147560f339cd2aa60069
TOTAL_FLUX,2.0,55,1.9999999999999998,1.1102230246251565e-16,0.8413447460685429,0.84765625,0.03229306285936776,False,SUPPORTED,,4ef162320e09086a16f1e130b09a507d399438740647147560f339cd2aa60069
DIRECT_PHYSICAL,2.0,56,2.0,0.0,0.8413447460685429,0.853515625,0.03229306285936776,False,SUPPORTED,,4ef162320e09086a16f1e130b09a507d399438740647147560f339cd2aa60069
RESOLVED_PHYSICAL,2.0,56,2.0,0.0,0.8413447460685429,0.849609375,0.03229306285936776,False,SUPPORTED,,4ef162320e09086a16f1e130b09a507d399438740647147560f339cd2aa60069
UNRESOLVED_IMAGE,2.0,56,2.0,0.0,0.8413447460685429,0.8515625,0.03229306285936776,False,SUPPORTED,,4ef162320e09086a16f1e130b09a507d399438740647147560f339cd2aa60069
TOTAL_FLUX,2.0,56,2.0,0.0,0.8413447460685429,0.859375,0.03229306285936776,False,SUPPORTED,,4ef162320e09086a16f1e130b09a507d399438740647147560f339cd2aa60069
DIRECT_PHYSICAL,2.0,57,1.9999999999999998,1.1102230246251565e-16,0.8413447460685429,0.853515625,0.03229306285936776,False,SUPPORTED,,4ef162320e09086a16f1e130b09a507d399438740647147560f339cd2aa60069
RESOLVED_PHYSICAL,2.0,57,1.9999999999999998,1.1102230246251565e-16,0.8413447460685429,0.87109375,0.03229306285936776,False,SUPPORTED,,4ef162320e09086a16f1e130b09a507d399438740647147560f339cd2aa60069
UNRESOLVED_IMAGE,2.0,57,2.0,0.0,0.8413447460685429,0.82421875,0.03229306285936776,False,SUPPORTED,,4ef162320e09086a16f1e130b09a507d399438740647147560f339cd2aa60069
TOTAL_FLUX,2.0,57,1.9999999999999996,2.220446049250313e-16,0.8413447460685429,0.837890625,0.03229306285936776,False,SUPPORTED,,4ef162320e09086a16f1e130b09a507d399438740647147560f339cd2aa60069
DIRECT_PHYSICAL,2.0,58,1.9999999999999998,1.1102230246251565e-16,0.8413447460685429,0.857421875,0.03229306285936776,False,SUPPORTED,,4ef162320e09086a16f1e130b09a507d399438740647147560f339cd2aa60069
RESOLVED_PHYSICAL,2.0,58,2.0,0.0,0.8413447460685429,0.8515625,0.03229306285936776,False,SUPPORTED,,4ef162320e09086a16f1e130b09a507d399438740647147560f339cd2aa60069
UNRESOLVED_IMAGE,2.0,58,2.0,0.0,0.8413447460685429,0.83984375,0.03229306285936776,False,SUPPORTED,,4ef162320e09086a16f1e130b09a507d399438740647147560f339cd2aa60069
TOTAL_FLUX,2.0,58,2.0,0.0,0.8413447460685429,0.83203125,0.03229306285936776,False,SUPPORTED,,4ef162320e09086a16f1e130b09a507d399438740647147560f339cd2aa60069
DIRECT_PHYSICAL,2.0,59,1.9999999999999996,2.220446049250313e-16,0.8413447460685429,0.814453125,0.03229306285936776,False,SUPPORTED,,4ef162320e09086a16f1e130b09a507d399438740647147560f339cd2aa60069
RESOLVED_PHYSICAL,2.0,59,2.0000000000000004,2.220446049250313e-16,0.841344746068543,0.84375,0.032293062859367755,False,SUPPORTED,,4ef162320e09086a16f1e130b09a507d399438740647147560f339cd2aa60069
UNRESOLVED_IMAGE,2.0,59,2.0000000000000004,2.220446049250313e-16,0.841344746068543,0.853515625,0.032293062859367755,False,SUPPORTED,,4ef162320e09086a16f1e130b09a507d399438740647147560f339cd2aa60069
TOTAL_FLUX,2.0,59,2.0000000000000013,6.661338147750939e-16,0.841344746068543,0.84765625,0.032293062859367755,False,SUPPORTED,,4ef162320e09086a16f1e130b09a507d399438740647147560f339cd2aa60069
DIRECT_PHYSICAL,2.0,60,1.9999999999999996,2.220446049250313e-16,0.8413447460685429,0.83984375,0.03229306285936776,False,SUPPORTED,,4ef162320e09086a16f1e130b09a507d399438740647147560f339cd2aa60069
RESOLVED_PHYSICAL,2.0,60,1.9999999999999998,1.1102230246251565e-16,0.8413447460685429,0.84765625,0.03229306285936776,False,SUPPORTED,,4ef162320e09086a16f1e130b09a507d399438740647147560f339cd2aa60069
UNRESOLVED_IMAGE,2.0,60,2.0,0.0,0.8413447460685429,0.826171875,0.03229306285936776,False,SUPPORTED,,4ef162320e09086a16f1e130b09a507d399438740647147560f339cd2aa60069
TOTAL_FLUX,2.0,60,1.9999999999999998,1.1102230246251565e-16,0.8413447460685429,0.849609375,0.03229306285936776,False,SUPPORTED,,4ef162320e09086a16f1e130b09a507d399438740647147560f339cd2aa60069
DIRECT_PHYSICAL,2.0,61,2.0,0.0,0.8413447460685429,0.84765625,0.03229306285936776,False,SUPPORTED,,4ef162320e09086a16f1e130b09a507d399438740647147560f339cd2aa60069
RESOLVED_PHYSICAL,2.0,61,1.9999999999999996,2.220446049250313e-16,0.8413447460685429,0.8515625,0.03229306285936776,False,SUPPORTED,,4ef162320e09086a16f1e130b09a507d399438740647147560f339cd2aa60069
UNRESOLVED_IMAGE,2.0,61,2.0,0.0,0.8413447460685429,0.83203125,0.03229306285936776,False,SUPPORTED,,4ef162320e09086a16f1e130b09a507d399438740647147560f339cd2aa60069
TOTAL_FLUX,2.0,61,1.9999999999999993,3.3306690738754696e-16,0.8413447460685428,0.861328125,0.032293062859367776,False,SUPPORTED,,4ef162320e09086a16f1e130b09a507d399438740647147560f339cd2aa60069
DIRECT_PHYSICAL,2.0,62,1.9999999999999998,1.1102230246251565e-16,0.8413447460685429,0.841796875,0.03229306285936776,False,SUPPORTED,,4ef162320e09086a16f1e130b09a507d399438740647147560f339cd2aa60069
RESOLVED_PHYSICAL,2.0,62,1.9999999999999998,1.1102230246251565e-16,0.8413447460685429,0.8203125,0.03229306285936776,False,SUPPORTED,,4ef162320e09086a16f1e130b09a507d399438740647147560f339cd2aa60069
UNRESOLVED_IMAGE,2.0,62,2.0,0.0,0.8413447460685429,0.83203125,0.03229306285936776,False,SUPPORTED,,4ef162320e09086a16f1e130b09a507d399438740647147560f339cd2aa60069
TOTAL_FLUX,2.0,62,1.9999999999999996,2.220446049250313e-16,0.8413447460685429,0.841796875,0.03229306285936776,False,SUPPORTED,,4ef162320e09086a16f1e130b09a507d399438740647147560f339cd2aa60069
DIRECT_PHYSICAL,2.0,63,1.9999999999999998,1.1102230246251565e-16,0.8413447460685429,0.853515625,0.03229306285936776,False,SUPPORTED,,4ef162320e09086a16f1e130b09a507d399438740647147560f339cd2aa60069
RESOLVED_PHYSICAL,2.0,63,2.0,0.0,0.8413447460685429,0.8359375,0.03229306285936776,False,SUPPORTED,,4ef162320e09086a16f1e130b09a507d399438740647147560f339cd2aa60069
UNRESOLVED_IMAGE,2.0,63,2.0,0.0,0.8413447460685429,0.833984375,0.03229306285936776,False,SUPPORTED,,4ef162320e09086a16f1e130b09a507d399438740647147560f339cd2aa60069
TOTAL_FLUX,2.0,63,2.0,0.0,0.8413447460685429,0.822265625,0.03229306285936776,False,SUPPORTED,,4ef162320e09086a16f1e130b09a507d399438740647147560f339cd2aa60069
DIRECT_PHYSICAL,2.0,64,1.9999999999999998,1.1102230246251565e-16,0.8413447460685429,0.818359375,0.03229306285936776,False,SUPPORTED,,4ef162320e09086a16f1e130b09a507d399438740647147560f339cd2aa60069
RESOLVED_PHYSICAL,2.0,64,1.9999999999999998,1.1102230246251565e-16,0.8413447460685429,0.822265625,0.03229306285936776,False,SUPPORTED,,4ef162320e09086a16f1e130b09a507d399438740647147560f339cd2aa60069
UNRESOLVED_IMAGE,2.0,64,1.9999999999999996,2.220446049250313e-16,0.8413447460685429,0.818359375,0.03229306285936776,False,SUPPORTED,,4ef162320e09086a16f1e130b09a507d399438740647147560f339cd2aa60069
TOTAL_FLUX,2.0,64,2.0000000000000004,2.220446049250313e-16,0.841344746068543,0.837890625,0.032293062859367755,False,SUPPORTED,,4ef162320e09086a16f1e130b09a507d399438740647147560f339cd2aa60069
DIRECT_PHYSICAL,2.0,65,2.0,0.0,0.8413447460685429,0.8359375,0.03229306285936776,False,SUPPORTED,,4ef162320e09086a16f1e130b09a507d399438740647147560f339cd2aa60069
RESOLVED_PHYSICAL,2.0,65,2.0000000000000004,2.220446049250313e-16,0.841344746068543,0.802734375,0.032293062859367755,False,SUPPORTED,,4ef162320e09086a16f1e130b09a507d399438740647147560f339cd2aa60069
UNRESOLVED_IMAGE,2.0,65,2.0000000000000004,2.220446049250313e-16,0.841344746068543,0.845703125,0.032293062859367755,False,SUPPORTED,,4ef162320e09086a16f1e130b09a507d399438740647147560f339cd2aa60069
TOTAL_FLUX,2.0,65,2.000000000000001,4.440892098500626e-16,0.841344746068543,0.8125,0.032293062859367755,False,SUPPORTED,,4ef162320e09086a16f1e130b09a507d399438740647147560f339cd2aa60069
DIRECT_PHYSICAL,2.0,66,2.0,0.0,0.8413447460685429,0.828125,0.03229306285936776,False,SUPPORTED,,4ef162320e09086a16f1e130b09a507d399438740647147560f339cd2aa60069
RESOLVED_PHYSICAL,2.0,66,2.0000000000000004,2.220446049250313e-16,0.841344746068543,0.84375,0.032293062859367755,False,SUPPORTED,,4ef162320e09086a16f1e130b09a507d399438740647147560f339cd2aa60069
UNRESOLVED_IMAGE,2.0,66,1.9999999999999996,2.220446049250313e-16,0.8413447460685429,0.8125,0.03229306285936776,False,SUPPORTED,,4ef162320e09086a16f1e130b09a507d399438740647147560f339cd2aa60069
TOTAL_FLUX,2.0,66,1.9999999999999998,1.1102230246251565e-16,0.8413447460685429,0.833984375,0.03229306285936776,False,SUPPORTED,,4ef162320e09086a16f1e130b09a507d399438740647147560f339cd2aa60069
DIRECT_PHYSICAL,2.0,67,2.0000000000000004,2.220446049250313e-16,0.841344746068543,0.857421875,0.032293062859367755,False,SUPPORTED,,4ef162320e09086a16f1e130b09a507d399438740647147560f339cd2aa60069
RESOLVED_PHYSICAL,2.0,67,2.0,0.0,0.8413447460685429,0.826171875,0.03229306285936776,False,SUPPORTED,,4ef162320e09086a16f1e130b09a507d399438740647147560f339cd2aa60069
UNRESOLVED_IMAGE,2.0,67,2.0,0.0,0.8413447460685429,0.83984375,0.03229306285936776,False,SUPPORTED,,4ef162320e09086a16f1e130b09a507d399438740647147560f339cd2aa60069
TOTAL_FLUX,2.0,67,1.9999999999999993,3.3306690738754696e-16,0.8413447460685428,0.82421875,0.032293062859367776,False,SUPPORTED,,4ef162320e09086a16f1e130b09a507d399438740647147560f339cd2aa60069
DIRECT_PHYSICAL,2.0,68,1.9999999999999996,2.220446049250313e-16,0.8413447460685429,0.8359375,0.03229306285936776,False,SUPPORTED,,4ef162320e09086a16f1e130b09a507d399438740647147560f339cd2aa60069
RESOLVED_PHYSICAL,2.0,68,1.9999999999999996,2.220446049250313e-16,0.8413447460685429,0.841796875,0.03229306285936776,False,SUPPORTED,,4ef162320e09086a16f1e130b09a507d399438740647147560f339cd2aa60069
UNRESOLVED_IMAGE,2.0,68,2.0,0.0,0.8413447460685429,0.82421875,0.03229306285936776,False,SUPPORTED,,4ef162320e09086a16f1e130b09a507d399438740647147560f339cd2aa60069
TOTAL_FLUX,2.0,68,2.000000000000001,4.440892098500626e-16,0.841344746068543,0.8359375,0.032293062859367755,False,SUPPORTED,,4ef162320e09086a16f1e130b09a507d399438740647147560f339cd2aa60069
DIRECT_PHYSICAL,2.0,69,1.9999999999999998,1.1102230246251565e-16,0.8413447460685429,0.822265625,0.03229306285936776,False,SUPPORTED,,4ef162320e09086a16f1e130b09a507d399438740647147560f339cd2aa60069
RESOLVED_PHYSICAL,2.0,69,1.9999999999999998,1.1102230246251565e-16,0.8413447460685429,0.830078125,0.03229306285936776,False,SUPPORTED,,4ef162320e09086a16f1e130b09a507d399438740647147560f339cd2aa60069
UNRESOLVED_IMAGE,2.0,69,2.0,0.0,0.8413447460685429,0.845703125,0.03229306285936776,False,SUPPORTED,,4ef162320e09086a16f1e130b09a507d399438740647147560f339cd2aa60069
TOTAL_FLUX,2.0,69,2.0000000000000004,2.220446049250313e-16,0.841344746068543,0.859375,0.032293062859367755,False,SUPPORTED,,4ef162320e09086a16f1e130b09a507d399438740647147560f339cd2aa60069
DIRECT_PHYSICAL,2.0,70,2.0,0.0,0.8413447460685429,0.81640625,0.03229306285936776,False,SUPPORTED,,4ef162320e09086a16f1e130b09a507d399438740647147560f339cd2aa60069
RESOLVED_PHYSICAL,2.0,70,1.9999999999999996,2.220446049250313e-16,0.8413447460685429,0.837890625,0.03229306285936776,False,SUPPORTED,,4ef162320e09086a16f1e130b09a507d399438740647147560f339cd2aa60069
UNRESOLVED_IMAGE,2.0,70,2.0000000000000004,2.220446049250313e-16,0.841344746068543,0.828125,0.032293062859367755,False,SUPPORTED,,4ef162320e09086a16f1e130b09a507d399438740647147560f339cd2aa60069
TOTAL_FLUX,2.0,70,1.9999999999999991,4.440892098500626e-16,0.8413447460685428,0.873046875,0.032293062859367776,False,SUPPORTED,,4ef162320e09086a16f1e130b09a507d399438740647147560f339cd2aa60069
DIRECT_PHYSICAL,2.0,71,2.0000000000000004,2.220446049250313e-16,0.841344746068543,0.857421875,0.032293062859367755,False,SUPPORTED,,4ef162320e09086a16f1e130b09a507d399438740647147560f339cd2aa60069
RESOLVED_PHYSICAL,2.0,71,1.9999999999999996,2.220446049250313e-16,0.8413447460685429,0.83984375,0.03229306285936776,False,SUPPORTED,,4ef162320e09086a16f1e130b09a507d399438740647147560f339cd2aa60069
UNRESOLVED_IMAGE,2.0,71,1.9999999999999996,2.220446049250313e-16,0.8413447460685429,0.8359375,0.03229306285936776,False,SUPPORTED,,4ef162320e09086a16f1e130b09a507d399438740647147560f339cd2aa60069
TOTAL_FLUX,2.0,71,2.0,0.0,0.8413447460685429,0.833984375,0.03229306285936776,False,SUPPORTED,,4ef162320e09086a16f1e130b09a507d399438740647147560f339cd2aa60069
DIRECT_PHYSICAL,2.0,72,2.0000000000000004,2.220446049250313e-16,0.841344746068543,0.8046875,0.032293062859367755,False,SUPPORTED,,4ef162320e09086a16f1e130b09a507d399438740647147560f339cd2aa60069
RESOLVED_PHYSICAL,2.0,72,2.0,0.0,0.8413447460685429,0.8515625,0.03229306285936776,False,SUPPORTED,,4ef162320e09086a16f1e130b09a507d399438740647147560f339cd2aa60069
UNRESOLVED_IMAGE,2.0,72,2.0000000000000004,2.220446049250313e-16,0.841344746068543,0.828125,0.032293062859367755,False,SUPPORTED,,4ef162320e09086a16f1e130b09a507d399438740647147560f339cd2aa60069
TOTAL_FLUX,2.0,72,2.0000000000000004,2.220446049250313e-16,0.841344746068543,0.857421875,0.032293062859367755,False,SUPPORTED,,4ef162320e09086a16f1e130b09a507d399438740647147560f339cd2aa60069
DIRECT_PHYSICAL,2.0,73,2.0,0.0,0.8413447460685429,0.85546875,0.03229306285936776,False,SUPPORTED,,4ef162320e09086a16f1e130b09a507d399438740647147560f339cd2aa60069
RESOLVED_PHYSICAL,2.0,73,1.9999999999999998,1.1102230246251565e-16,0.8413447460685429,0.828125,0.03229306285936776,False,SUPPORTED,,4ef162320e09086a16f1e130b09a507d399438740647147560f339cd2aa60069
UNRESOLVED_IMAGE,2.0,73,1.9999999999999993,3.3306690738754696e-16,0.8413447460685428,0.833984375,0.032293062859367776,False,SUPPORTED,,4ef162320e09086a16f1e130b09a507d399438740647147560f339cd2aa60069
TOTAL_FLUX,2.0,73,1.9999999999999993,3.3306690738754696e-16,0.8413447460685428,0.837890625,0.032293062859367776,False,SUPPORTED,,4ef162320e09086a16f1e130b09a507d399438740647147560f339cd2aa60069
DIRECT_PHYSICAL,2.0,74,2.0,0.0,0.8413447460685429,0.818359375,0.03229306285936776,False,SUPPORTED,,4ef162320e09086a16f1e130b09a507d399438740647147560f339cd2aa60069
RESOLVED_PHYSICAL,2.0,74,1.9999999999999998,1.1102230246251565e-16,0.8413447460685429,0.818359375,0.03229306285936776,False,SUPPORTED,,4ef162320e09086a16f1e130b09a507d399438740647147560f339cd2aa60069
UNRESOLVED_IMAGE,2.0,74,1.9999999999999998,1.1102230246251565e-16,0.8413447460685429,0.857421875,0.03229306285936776,False,SUPPORTED,,4ef162320e09086a16f1e130b09a507d399438740647147560f339cd2aa60069
TOTAL_FLUX,2.0,74,2.000000000000001,4.440892098500626e-16,0.841344746068543,0.818359375,0.032293062859367755,False,SUPPORTED,,4ef162320e09086a16f1e130b09a507d399438740647147560f339cd2aa60069
DIRECT_PHYSICAL,2.0,75,2.0,0.0,0.8413447460685429,0.837890625,0.03229306285936776,False,SUPPORTED,,4ef162320e09086a16f1e130b09a507d399438740647147560f339cd2aa60069
RESOLVED_PHYSICAL,2.0,75,1.9999999999999993,3.3306690738754696e-16,0.8413447460685428,0.8125,0.032293062859367776,False,SUPPORTED,,4ef162320e09086a16f1e130b09a507d399438740647147560f339cd2aa60069
UNRESOLVED_IMAGE,2.0,75,1.9999999999999998,1.1102230246251565e-16,0.8413447460685429,0.8359375,0.03229306285936776,False,SUPPORTED,,4ef162320e09086a16f1e130b09a507d399438740647147560f339cd2aa60069
TOTAL_FLUX,2.0,75,1.9999999999999998,1.1102230246251565e-16,0.8413447460685429,0.8515625,0.03229306285936776,False,SUPPORTED,,4ef162320e09086a16f1e130b09a507d399438740647147560f339cd2aa60069
DIRECT_PHYSICAL,2.0,76,1.9999999999999998,1.1102230246251565e-16,0.8413447460685429,0.849609375,0.03229306285936776,False,SUPPORTED,,4ef162320e09086a16f1e130b09a507d399438740647147560f339cd2aa60069
RESOLVED_PHYSICAL,2.0,76,1.9999999999999998,1.1102230246251565e-16,0.8413447460685429,0.810546875,0.03229306285936776,False,SUPPORTED,,4ef162320e09086a16f1e130b09a507d399438740647147560f339cd2aa60069
UNRESOLVED_IMAGE,2.0,76,1.9999999999999998,1.1102230246251565e-16,0.8413447460685429,0.869140625,0.03229306285936776,False,SUPPORTED,,4ef162320e09086a16f1e130b09a507d399438740647147560f339cd2aa60069
TOTAL_FLUX,2.0,76,2.0000000000000004,2.220446049250313e-16,0.841344746068543,0.845703125,0.032293062859367755,False,SUPPORTED,,4ef162320e09086a16f1e130b09a507d399438740647147560f339cd2aa60069
DIRECT_PHYSICAL,2.0,77,2.0,0.0,0.8413447460685429,0.82421875,0.03229306285936776,False,SUPPORTED,,4ef162320e09086a16f1e130b09a507d399438740647147560f339cd2aa60069
RESOLVED_PHYSICAL,2.0,77,1.9999999999999998,1.1102230246251565e-16,0.8413447460685429,0.83984375,0.03229306285936776,False,SUPPORTED,,4ef162320e09086a16f1e130b09a507d399438740647147560f339cd2aa60069
UNRESOLVED_IMAGE,2.0,77,2.0,0.0,0.8413447460685429,0.861328125,0.03229306285936776,False,SUPPORTED,,4ef162320e09086a16f1e130b09a507d399438740647147560f339cd2aa60069
TOTAL_FLUX,2.0,77,2.0000000000000004,2.220446049250313e-16,0.841344746068543,0.84765625,0.032293062859367755,False,SUPPORTED,,4ef162320e09086a16f1e130b09a507d399438740647147560f339cd2aa60069
DIRECT_PHYSICAL,2.0,78,2.0,0.0,0.8413447460685429,0.84375,0.03229306285936776,False,SUPPORTED,,4ef162320e09086a16f1e130b09a507d399438740647147560f339cd2aa60069
RESOLVED_PHYSICAL,2.0,78,1.9999999999999996,2.220446049250313e-16,0.8413447460685429,0.849609375,0.03229306285936776,False,SUPPORTED,,4ef162320e09086a16f1e130b09a507d399438740647147560f339cd2aa60069
UNRESOLVED_IMAGE,2.0,78,1.9999999999999998,1.1102230246251565e-16,0.8413447460685429,0.841796875,0.03229306285936776,False,SUPPORTED,,4ef162320e09086a16f1e130b09a507d399438740647147560f339cd2aa60069
TOTAL_FLUX,2.0,78,1.9999999999999993,3.3306690738754696e-16,0.8413447460685428,0.85546875,0.032293062859367776,False,SUPPORTED,,4ef162320e09086a16f1e130b09a507d399438740647147560f339cd2aa60069
DIRECT_PHYSICAL,2.0,79,2.0,0.0,0.8413447460685429,0.814453125,0.03229306285936776,False,SUPPORTED,,4ef162320e09086a16f1e130b09a507d399438740647147560f339cd2aa60069
RESOLVED_PHYSICAL,2.0,79,2.0000000000000004,2.220446049250313e-16,0.841344746068543,0.865234375,0.032293062859367755,False,SUPPORTED,,4ef162320e09086a16f1e130b09a507d399438740647147560f339cd2aa60069
UNRESOLVED_IMAGE,2.0,79,2.0,0.0,0.8413447460685429,0.826171875,0.03229306285936776,False,SUPPORTED,,4ef162320e09086a16f1e130b09a507d399438740647147560f339cd2aa60069
TOTAL_FLUX,2.0,79,2.0000000000000027,1.3322676295501878e-15,0.8413447460685433,0.859375,0.032293062859367734,False,SUPPORTED,,4ef162320e09086a16f1e130b09a507d399438740647147560f339cd2aa60069
DIRECT_PHYSICAL,2.0,80,2.0,0.0,0.8413447460685429,0.84375,0.03229306285936776,False,SUPPORTED,,4ef162320e09086a16f1e130b09a507d399438740647147560f339cd2aa60069
RESOLVED_PHYSICAL,2.0,80,2.0000000000000004,2.220446049250313e-16,0.841344746068543,0.845703125,0.032293062859367755,False,SUPPORTED,,4ef162320e09086a16f1e130b09a507d399438740647147560f339cd2aa60069
UNRESOLVED_IMAGE,2.0,80,1.9999999999999998,1.1102230246251565e-16,0.8413447460685429,0.85546875,0.03229306285936776,False,SUPPORTED,,4ef162320e09086a16f1e130b09a507d399438740647147560f339cd2aa60069
TOTAL_FLUX,2.0,80,2.0,0.0,0.8413447460685429,0.828125,0.03229306285936776,False,SUPPORTED,,4ef162320e09086a16f1e130b09a507d399438740647147560f339cd2aa60069
DIRECT_PHYSICAL,2.0,81,2.0,0.0,0.8413447460685429,0.833984375,0.03229306285936776,False,SUPPORTED,,4ef162320e09086a16f1e130b09a507d399438740647147560f339cd2aa60069
RESOLVED_PHYSICAL,2.0,81,2.0,0.0,0.8413447460685429,0.865234375,0.03229306285936776,False,SUPPORTED,,4ef162320e09086a16f1e130b09a507d399438740647147560f339cd2aa60069
UNRESOLVED_IMAGE,2.0,81,2.0,0.0,0.8413447460685429,0.837890625,0.03229306285936776,False,SUPPORTED,,4ef162320e09086a16f1e130b09a507d399438740647147560f339cd2aa60069
TOTAL_FLUX,2.0,81,2.000000000000001,4.440892098500626e-16,0.841344746068543,0.826171875,0.032293062859367755,False,SUPPORTED,,4ef162320e09086a16f1e130b09a507d399438740647147560f339cd2aa60069
DIRECT_PHYSICAL,2.0,82,2.0,0.0,0.8413447460685429,0.8359375,0.03229306285936776,False,SUPPORTED,,4ef162320e09086a16f1e130b09a507d399438740647147560f339cd2aa60069
RESOLVED_PHYSICAL,2.0,82,2.0,0.0,0.8413447460685429,0.86328125,0.03229306285936776,False,SUPPORTED,,4ef162320e09086a16f1e130b09a507d399438740647147560f339cd2aa60069
UNRESOLVED_IMAGE,2.0,82,1.9999999999999996,2.220446049250313e-16,0.8413447460685429,0.849609375,0.03229306285936776,False,SUPPORTED,,4ef162320e09086a16f1e130b09a507d399438740647147560f339cd2aa60069
TOTAL_FLUX,2.0,82,2.0000000000000004,2.220446049250313e-16,0.841344746068543,0.81640625,0.032293062859367755,False,SUPPORTED,,4ef162320e09086a16f1e130b09a507d399438740647147560f339cd2aa60069
DIRECT_PHYSICAL,2.0,83,2.0,0.0,0.8413447460685429,0.853515625,0.03229306285936776,False,SUPPORTED,,4ef162320e09086a16f1e130b09a507d399438740647147560f339cd2aa60069
RESOLVED_PHYSICAL,2.0,83,2.0,0.0,0.8413447460685429,0.837890625,0.03229306285936776,False,SUPPORTED,,4ef162320e09086a16f1e130b09a507d399438740647147560f339cd2aa60069
UNRESOLVED_IMAGE,2.0,83,2.0,0.0,0.8413447460685429,0.830078125,0.03229306285936776,False,SUPPORTED,,4ef162320e09086a16f1e130b09a507d399438740647147560f339cd2aa60069
TOTAL_FLUX,2.0,83,1.9999999999999991,4.440892098500626e-16,0.8413447460685428,0.85546875,0.032293062859367776,False,SUPPORTED,,4ef162320e09086a16f1e130b09a507d399438740647147560f339cd2aa60069
DIRECT_PHYSICAL,2.0,84,2.0,0.0,0.8413447460685429,0.861328125,0.03229306285936776,False,SUPPORTED,,4ef162320e09086a16f1e130b09a507d399438740647147560f339cd2aa60069
RESOLVED_PHYSICAL,2.0,84,2.0,0.0,0.8413447460685429,0.841796875,0.03229306285936776,False,SUPPORTED,,4ef162320e09086a16f1e130b09a507d399438740647147560f339cd2aa60069
UNRESOLVED_IMAGE,2.0,84,2.000000000000001,4.440892098500626e-16,0.841344746068543,0.83984375,0.032293062859367755,False,SUPPORTED,,4ef162320e09086a16f1e130b09a507d399438740647147560f339cd2aa60069
TOTAL_FLUX,2.0,84,2.0000000000000013,6.661338147750939e-16,0.841344746068543,0.806640625,0.032293062859367755,False,SUPPORTED,,4ef162320e09086a16f1e130b09a507d399438740647147560f339cd2aa60069
DIRECT_PHYSICAL,2.0,85,2.0,0.0,0.8413447460685429,0.8671875,0.03229306285936776,False,SUPPORTED,,4ef162320e09086a16f1e130b09a507d399438740647147560f339cd2aa60069
RESOLVED_PHYSICAL,2.0,85,1.9999999999999996,2.220446049250313e-16,0.8413447460685429,0.8359375,0.03229306285936776,False,SUPPORTED,,4ef162320e09086a16f1e130b09a507d399438740647147560f339cd2aa60069
UNRESOLVED_IMAGE,2.0,85,2.0,0.0,0.8413447460685429,0.837890625,0.03229306285936776,False,SUPPORTED,,4ef162320e09086a16f1e130b09a507d399438740647147560f339cd2aa60069
TOTAL_FLUX,2.0,85,2.0,0.0,0.8413447460685429,0.861328125,0.03229306285936776,False,SUPPORTED,,4ef162320e09086a16f1e130b09a507d399438740647147560f339cd2aa60069
DIRECT_PHYSICAL,2.0,86,1.9999999999999998,1.1102230246251565e-16,0.8413447460685429,0.822265625,0.03229306285936776,False,SUPPORTED,,4ef162320e09086a16f1e130b09a507d399438740647147560f339cd2aa60069
RESOLVED_PHYSICAL,2.0,86,2.0,0.0,0.8413447460685429,0.833984375,0.03229306285936776,False,SUPPORTED,,4ef162320e09086a16f1e130b09a507d399438740647147560f339cd2aa60069
UNRESOLVED_IMAGE,2.0,86,2.0,0.0,0.8413447460685429,0.849609375,0.03229306285936776,False,SUPPORTED,,4ef162320e09086a16f1e130b09a507d399438740647147560f339cd2aa60069
TOTAL_FLUX,2.0,86,2.000000000000001,4.440892098500626e-16,0.841344746068543,0.84375,0.032293062859367755,False,SUPPORTED,,4ef162320e09086a16f1e130b09a507d399438740647147560f339cd2aa60069
DIRECT_PHYSICAL,2.0,87,2.0,0.0,0.8413447460685429,0.828125,0.03229306285936776,False,SUPPORTED,,4ef162320e09086a16f1e130b09a507d399438740647147560f339cd2aa60069
RESOLVED_PHYSICAL,2.0,87,1.9999999999999998,1.1102230246251565e-16,0.8413447460685429,0.818359375,0.03229306285936776,False,SUPPORTED,,4ef162320e09086a16f1e130b09a507d399438740647147560f339cd2aa60069
UNRESOLVED_IMAGE,2.0,87,2.0,0.0,0.8413447460685429,0.859375,0.03229306285936776,False,SUPPORTED,,4ef162320e09086a16f1e130b09a507d399438740647147560f339cd2aa60069
TOTAL_FLUX,2.0,87,1.9999999999999998,1.1102230246251565e-16,0.8413447460685429,0.84375,0.03229306285936776,False,SUPPORTED,,4ef162320e09086a16f1e130b09a507d399438740647147560f339cd2aa60069
DIRECT_PHYSICAL,2.0,88,2.0,0.0,0.8413447460685429,0.876953125,0.03229306285936776,True,SUPPORTED,,4ef162320e09086a16f1e130b09a507d399438740647147560f339cd2aa60069
RESOLVED_PHYSICAL,2.0,88,1.9999999999999996,2.220446049250313e-16,0.8413447460685429,0.8359375,0.03229306285936776,False,SUPPORTED,,4ef162320e09086a16f1e130b09a507d399438740647147560f339cd2aa60069
UNRESOLVED_IMAGE,2.0,88,2.0,0.0,0.8413447460685429,0.841796875,0.03229306285936776,False,SUPPORTED,,4ef162320e09086a16f1e130b09a507d399438740647147560f339cd2aa60069
TOTAL_FLUX,2.0,88,1.9999999999999996,2.220446049250313e-16,0.8413447460685429,0.849609375,0.03229306285936776,False,SUPPORTED,,4ef162320e09086a16f1e130b09a507d399438740647147560f339cd2aa60069
DIRECT_PHYSICAL,2.0,89,1.9999999999999998,1.1102230246251565e-16,0.8413447460685429,0.859375,0.03229306285936776,False,SUPPORTED,,4ef162320e09086a16f1e130b09a507d399438740647147560f339cd2aa60069
RESOLVED_PHYSICAL,2.0,89,1.9999999999999998,1.1102230246251565e-16,0.8413447460685429,0.826171875,0.03229306285936776,False,SUPPORTED,,4ef162320e09086a16f1e130b09a507d399438740647147560f339cd2aa60069
UNRESOLVED_IMAGE,2.0,89,2.0,0.0,0.8413447460685429,0.814453125,0.03229306285936776,False,SUPPORTED,,4ef162320e09086a16f1e130b09a507d399438740647147560f339cd2aa60069
TOTAL_FLUX,2.0,89,1.9999999999999996,2.220446049250313e-16,0.8413447460685429,0.841796875,0.03229306285936776,False,SUPPORTED,,4ef162320e09086a16f1e130b09a507d399438740647147560f339cd2aa60069
DIRECT_PHYSICAL,2.0,90,2.0,0.0,0.8413447460685429,0.845703125,0.03229306285936776,False,SUPPORTED,,4ef162320e09086a16f1e130b09a507d399438740647147560f339cd2aa60069
RESOLVED_PHYSICAL,2.0,90,1.9999999999999996,2.220446049250313e-16,0.8413447460685429,0.845703125,0.03229306285936776,False,SUPPORTED,,4ef162320e09086a16f1e130b09a507d399438740647147560f339cd2aa60069
UNRESOLVED_IMAGE,2.0,90,2.0,0.0,0.8413447460685429,0.849609375,0.03229306285936776,False,SUPPORTED,,4ef162320e09086a16f1e130b09a507d399438740647147560f339cd2aa60069
TOTAL_FLUX,2.0,90,1.9999999999999996,2.220446049250313e-16,0.8413447460685429,0.85546875,0.03229306285936776,False,SUPPORTED,,4ef162320e09086a16f1e130b09a507d399438740647147560f339cd2aa60069
DIRECT_PHYSICAL,2.0,91,2.0,0.0,0.8413447460685429,0.859375,0.03229306285936776,False,SUPPORTED,,4ef162320e09086a16f1e130b09a507d399438740647147560f339cd2aa60069
RESOLVED_PHYSICAL,2.0,91,1.9999999999999996,2.220446049250313e-16,0.8413447460685429,0.857421875,0.03229306285936776,False,SUPPORTED,,4ef162320e09086a16f1e130b09a507d399438740647147560f339cd2aa60069
UNRESOLVED_IMAGE,2.0,91,2.0,0.0,0.8413447460685429,0.83203125,0.03229306285936776,False,SUPPORTED,,4ef162320e09086a16f1e130b09a507d399438740647147560f339cd2aa60069
TOTAL_FLUX,2.0,91,2.0000000000000004,2.220446049250313e-16,0.841344746068543,0.861328125,0.032293062859367755,False,SUPPORTED,,4ef162320e09086a16f1e130b09a507d399438740647147560f339cd2aa60069
DIRECT_PHYSICAL,2.0,92,2.0000000000000004,2.220446049250313e-16,0.841344746068543,0.830078125,0.032293062859367755,False,SUPPORTED,,4ef162320e09086a16f1e130b09a507d399438740647147560f339cd2aa60069
RESOLVED_PHYSICAL,2.0,92,1.9999999999999993,3.3306690738754696e-16,0.8413447460685428,0.826171875,0.032293062859367776,False,SUPPORTED,,4ef162320e09086a16f1e130b09a507d399438740647147560f339cd2aa60069
UNRESOLVED_IMAGE,2.0,92,1.9999999999999998,1.1102230246251565e-16,0.8413447460685429,0.83203125,0.03229306285936776,False,SUPPORTED,,4ef162320e09086a16f1e130b09a507d399438740647147560f339cd2aa60069
TOTAL_FLUX,2.0,92,1.9999999999999993,3.3306690738754696e-16,0.8413447460685428,0.83984375,0.032293062859367776,False,SUPPORTED,,4ef162320e09086a16f1e130b09a507d399438740647147560f339cd2aa60069
DIRECT_PHYSICAL,2.0,93,2.0000000000000004,2.220446049250313e-16,0.841344746068543,0.818359375,0.032293062859367755,False,SUPPORTED,,4ef162320e09086a16f1e130b09a507d399438740647147560f339cd2aa60069
RESOLVED_PHYSICAL,2.0,93,1.9999999999999993,3.3306690738754696e-16,0.8413447460685428,0.830078125,0.032293062859367776,False,SUPPORTED,,4ef162320e09086a16f1e130b09a507d399438740647147560f339cd2aa60069
UNRESOLVED_IMAGE,2.0,93,1.9999999999999996,2.220446049250313e-16,0.8413447460685429,0.83984375,0.03229306285936776,False,SUPPORTED,,4ef162320e09086a16f1e130b09a507d399438740647147560f339cd2aa60069
TOTAL_FLUX,2.0,93,1.9999999999999998,1.1102230246251565e-16,0.8413447460685429,0.828125,0.03229306285936776,False,SUPPORTED,,4ef162320e09086a16f1e130b09a507d399438740647147560f339cd2aa60069
DIRECT_PHYSICAL,2.0,94,2.0,0.0,0.8413447460685429,0.814453125,0.03229306285936776,False,SUPPORTED,,4ef162320e09086a16f1e130b09a507d399438740647147560f339cd2aa60069
RESOLVED_PHYSICAL,2.0,94,1.9999999999999998,1.1102230246251565e-16,0.8413447460685429,0.861328125,0.03229306285936776,False,SUPPORTED,,4ef162320e09086a16f1e130b09a507d399438740647147560f339cd2aa60069
UNRESOLVED_IMAGE,2.0,94,1.9999999999999996,2.220446049250313e-16,0.8413447460685429,0.84765625,0.03229306285936776,False,SUPPORTED,,4ef162320e09086a16f1e130b09a507d399438740647147560f339cd2aa60069
TOTAL_FLUX,2.0,94,2.0000000000000004,2.220446049250313e-16,0.841344746068543,0.833984375,0.032293062859367755,False,SUPPORTED,,4ef162320e09086a16f1e130b09a507d399438740647147560f339cd2aa60069
DIRECT_PHYSICAL,2.0,95,2.0,0.0,0.8413447460685429,0.86328125,0.03229306285936776,False,SUPPORTED,,4ef162320e09086a16f1e130b09a507d399438740647147560f339cd2aa60069
RESOLVED_PHYSICAL,2.0,95,1.9999999999999998,1.1102230246251565e-16,0.8413447460685429,0.845703125,0.03229306285936776,False,SUPPORTED,,4ef162320e09086a16f1e130b09a507d399438740647147560f339cd2aa60069
UNRESOLVED_IMAGE,2.0,95,1.9999999999999998,1.1102230246251565e-16,0.8413447460685429,0.8515625,0.03229306285936776,False,SUPPORTED,,4ef162320e09086a16f1e130b09a507d399438740647147560f339cd2aa60069
TOTAL_FLUX,2.0,95,2.0,0.0,0.8413447460685429,0.857421875,0.03229306285936776,False,SUPPORTED,,4ef162320e09086a16f1e130b09a507d399438740647147560f339cd2aa60069
DIRECT_PHYSICAL,2.0,96,2.0,0.0,0.8413447460685429,0.83984375,0.03229306285936776,False,SUPPORTED,,4ef162320e09086a16f1e130b09a507d399438740647147560f339cd2aa60069
RESOLVED_PHYSICAL,2.0,96,2.0,0.0,0.8413447460685429,0.833984375,0.03229306285936776,False,SUPPORTED,,4ef162320e09086a16f1e130b09a507d399438740647147560f339cd2aa60069
UNRESOLVED_IMAGE,2.0,96,2.0000000000000004,2.220446049250313e-16,0.841344746068543,0.84765625,0.032293062859367755,False,SUPPORTED,,4ef162320e09086a16f1e130b09a507d399438740647147560f339cd2aa60069
TOTAL_FLUX,2.0,96,2.0,0.0,0.8413447460685429,0.857421875,0.03229306285936776,False,SUPPORTED,,4ef162320e09086a16f1e130b09a507d399438740647147560f339cd2aa60069
DIRECT_PHYSICAL,2.0,97,2.0,0.0,0.8413447460685429,0.84765625,0.03229306285936776,False,SUPPORTED,,4ef162320e09086a16f1e130b09a507d399438740647147560f339cd2aa60069
RESOLVED_PHYSICAL,2.0,97,2.0,0.0,0.8413447460685429,0.828125,0.03229306285936776,False,SUPPORTED,,4ef162320e09086a16f1e130b09a507d399438740647147560f339cd2aa60069
UNRESOLVED_IMAGE,2.0,97,2.0000000000000004,2.220446049250313e-16,0.841344746068543,0.828125,0.032293062859367755,False,SUPPORTED,,4ef162320e09086a16f1e130b09a507d399438740647147560f339cd2aa60069
TOTAL_FLUX,2.0,97,1.9999999999999993,3.3306690738754696e-16,0.8413447460685428,0.873046875,0.032293062859367776,False,SUPPORTED,,4ef162320e09086a16f1e130b09a507d399438740647147560f339cd2aa60069
DIRECT_PHYSICAL,2.0,98,2.0000000000000004,2.220446049250313e-16,0.841344746068543,0.869140625,0.032293062859367755,False,SUPPORTED,,4ef162320e09086a16f1e130b09a507d399438740647147560f339cd2aa60069
RESOLVED_PHYSICAL,2.0,98,2.000000000000001,4.440892098500626e-16,0.841344746068543,0.84375,0.032293062859367755,False,SUPPORTED,,4ef162320e09086a16f1e130b09a507d399438740647147560f339cd2aa60069
UNRESOLVED_IMAGE,2.0,98,1.9999999999999998,1.1102230246251565e-16,0.8413447460685429,0.80859375,0.03229306285936776,False,SUPPORTED,,4ef162320e09086a16f1e130b09a507d399438740647147560f339cd2aa60069
TOTAL_FLUX,2.0,98,2.0,0.0,0.8413447460685429,0.83984375,0.03229306285936776,False,SUPPORTED,,4ef162320e09086a16f1e130b09a507d399438740647147560f339cd2aa60069
DIRECT_PHYSICAL,2.0,99,1.9999999999999998,1.1102230246251565e-16,0.8413447460685429,0.84765625,0.03229306285936776,False,SUPPORTED,,4ef162320e09086a16f1e130b09a507d399438740647147560f339cd2aa60069
RESOLVED_PHYSICAL,2.0,99,1.9999999999999998,1.1102230246251565e-16,0.8413447460685429,0.828125,0.03229306285936776,False,SUPPORTED,,4ef162320e09086a16f1e130b09a507d399438740647147560f339cd2aa60069
UNRESOLVED_IMAGE,2.0,99,2.0,0.0,0.8413447460685429,0.8671875,0.03229306285936776,False,SUPPORTED,,4ef162320e09086a16f1e130b09a507d399438740647147560f339cd2aa60069
TOTAL_FLUX,2.0,99,1.9999999999999998,1.1102230246251565e-16,0.8413447460685429,0.826171875,0.03229306285936776,False,SUPPORTED,,4ef162320e09086a16f1e130b09a507d399438740647147560f339cd2aa60069
DIRECT_PHYSICAL,2.0,100,2.0000000000000004,2.220446049250313e-16,0.841344746068543,0.83984375,0.032293062859367755,False,SUPPORTED,,4ef162320e09086a16f1e130b09a507d399438740647147560f339cd2aa60069
RESOLVED_PHYSICAL,2.0,100,1.9999999999999998,1.1102230246251565e-16,0.8413447460685429,0.849609375,0.03229306285936776,False,SUPPORTED,,4ef162320e09086a16f1e130b09a507d399438740647147560f339cd2aa60069
UNRESOLVED_IMAGE,2.0,100,2.0,0.0,0.8413447460685429,0.826171875,0.03229306285936776,False,SUPPORTED,,4ef162320e09086a16f1e130b09a507d399438740647147560f339cd2aa60069
TOTAL_FLUX,2.0,100,1.999999999999999,5.551115123125783e-16,0.8413447460685428,0.814453125,0.032293062859367776,False,SUPPORTED,,4ef162320e09086a16f1e130b09a507d399438740647147560f339cd2aa60069
DIRECT_PHYSICAL,2.0,101,2.0,0.0,0.8413447460685429,0.85546875,0.03229306285936776,False,SUPPORTED,,4ef162320e09086a16f1e130b09a507d399438740647147560f339cd2aa60069
RESOLVED_PHYSICAL,2.0,101,2.0,0.0,0.8413447460685429,0.83203125,0.03229306285936776,False,SUPPORTED,,4ef162320e09086a16f1e130b09a507d399438740647147560f339cd2aa60069
UNRESOLVED_IMAGE,2.0,101,2.0,0.0,0.8413447460685429,0.818359375,0.03229306285936776,False,SUPPORTED,,4ef162320e09086a16f1e130b09a507d399438740647147560f339cd2aa60069
TOTAL_FLUX,2.0,101,1.9999999999999991,4.440892098500626e-16,0.8413447460685428,0.859375,0.032293062859367776,False,SUPPORTED,,4ef162320e09086a16f1e130b09a507d399438740647147560f339cd2aa60069
DIRECT_PHYSICAL,2.0,102,2.0,0.0,0.8413447460685429,0.86328125,0.03229306285936776,False,SUPPORTED,,4ef162320e09086a16f1e130b09a507d399438740647147560f339cd2aa60069
RESOLVED_PHYSICAL,2.0,102,2.0,0.0,0.8413447460685429,0.845703125,0.03229306285936776,False,SUPPORTED,,4ef162320e09086a16f1e130b09a507d399438740647147560f339cd2aa60069
UNRESOLVED_IMAGE,2.0,102,2.0,0.0,0.8413447460685429,0.857421875,0.03229306285936776,False,SUPPORTED,,4ef162320e09086a16f1e130b09a507d399438740647147560f339cd2aa60069
TOTAL_FLUX,2.0,102,2.0000000000000004,2.220446049250313e-16,0.841344746068543,0.814453125,0.032293062859367755,False,SUPPORTED,,4ef162320e09086a16f1e130b09a507d399438740647147560f339cd2aa60069
DIRECT_PHYSICAL,2.0,103,2.0,0.0,0.8413447460685429,0.857421875,0.03229306285936776,False,SUPPORTED,,4ef162320e09086a16f1e130b09a507d399438740647147560f339cd2aa60069
RESOLVED_PHYSICAL,2.0,103,2.0,0.0,0.8413447460685429,0.8515625,0.03229306285936776,False,SUPPORTED,,4ef162320e09086a16f1e130b09a507d399438740647147560f339cd2aa60069
UNRESOLVED_IMAGE,2.0,103,2.0,0.0,0.8413447460685429,0.84765625,0.03229306285936776,False,SUPPORTED,,4ef162320e09086a16f1e130b09a507d399438740647147560f339cd2aa60069
TOTAL_FLUX,2.0,103,2.0000000000000004,2.220446049250313e-16,0.841344746068543,0.85546875,0.032293062859367755,False,SUPPORTED,,4ef162320e09086a16f1e130b09a507d399438740647147560f339cd2aa60069
DIRECT_PHYSICAL,2.0,104,1.9999999999999998,1.1102230246251565e-16,0.8413447460685429,0.830078125,0.03229306285936776,False,SUPPORTED,,4ef162320e09086a16f1e130b09a507d399438740647147560f339cd2aa60069
RESOLVED_PHYSICAL,2.0,104,2.0,0.0,0.8413447460685429,0.833984375,0.03229306285936776,False,SUPPORTED,,4ef162320e09086a16f1e130b09a507d399438740647147560f339cd2aa60069
UNRESOLVED_IMAGE,2.0,104,2.0000000000000004,2.220446049250313e-16,0.841344746068543,0.833984375,0.032293062859367755,False,SUPPORTED,,4ef162320e09086a16f1e130b09a507d399438740647147560f339cd2aa60069
TOTAL_FLUX,2.0,104,2.0000000000000013,6.661338147750939e-16,0.841344746068543,0.830078125,0.032293062859367755,False,SUPPORTED,,4ef162320e09086a16f1e130b09a507d399438740647147560f339cd2aa60069
DIRECT_PHYSICAL,2.0,105,1.9999999999999998,1.1102230246251565e-16,0.8413447460685429,0.84375,0.03229306285936776,False,SUPPORTED,,4ef162320e09086a16f1e130b09a507d399438740647147560f339cd2aa60069
RESOLVED_PHYSICAL,2.0,105,2.0,0.0,0.8413447460685429,0.84375,0.03229306285936776,False,SUPPORTED,,4ef162320e09086a16f1e130b09a507d399438740647147560f339cd2aa60069
UNRESOLVED_IMAGE,2.0,105,2.0,0.0,0.8413447460685429,0.826171875,0.03229306285936776,False,SUPPORTED,,4ef162320e09086a16f1e130b09a507d399438740647147560f339cd2aa60069
TOTAL_FLUX,2.0,105,2.000000000000001,4.440892098500626e-16,0.841344746068543,0.833984375,0.032293062859367755,False,SUPPORTED,,4ef162320e09086a16f1e130b09a507d399438740647147560f339cd2aa60069
DIRECT_PHYSICAL,2.0,106,2.0,0.0,0.8413447460685429,0.826171875,0.03229306285936776,False,SUPPORTED,,4ef162320e09086a16f1e130b09a507d399438740647147560f339cd2aa60069
RESOLVED_PHYSICAL,2.0,106,2.0000000000000004,2.220446049250313e-16,0.841344746068543,0.8671875,0.032293062859367755,False,SUPPORTED,,4ef162320e09086a16f1e130b09a507d399438740647147560f339cd2aa60069
UNRESOLVED_IMAGE,2.0,106,2.0000000000000004,2.220446049250313e-16,0.841344746068543,0.83984375,0.032293062859367755,False,SUPPORTED,,4ef162320e09086a16f1e130b09a507d399438740647147560f339cd2aa60069
TOTAL_FLUX,2.0,106,1.9999999999999991,4.440892098500626e-16,0.8413447460685428,0.853515625,0.032293062859367776,False,SUPPORTED,,4ef162320e09086a16f1e130b09a507d399438740647147560f339cd2aa60069
DIRECT_PHYSICAL,2.0,107,2.0000000000000004,2.220446049250313e-16,0.841344746068543,0.83984375,0.032293062859367755,False,SUPPORTED,,4ef162320e09086a16f1e130b09a507d399438740647147560f339cd2aa60069
RESOLVED_PHYSICAL,2.0,107,2.0,0.0,0.8413447460685429,0.830078125,0.03229306285936776,False,SUPPORTED,,4ef162320e09086a16f1e130b09a507d399438740647147560f339cd2aa60069
UNRESOLVED_IMAGE,2.0,107,1.9999999999999996,2.220446049250313e-16,0.8413447460685429,0.826171875,0.03229306285936776,False,SUPPORTED,,4ef162320e09086a16f1e130b09a507d399438740647147560f339cd2aa60069
TOTAL_FLUX,2.0,107,1.9999999999999998,1.1102230246251565e-16,0.8413447460685429,0.880859375,0.03229306285936776,True,SUPPORTED,,4ef162320e09086a16f1e130b09a507d399438740647147560f339cd2aa60069
DIRECT_PHYSICAL,2.0,108,2.0,0.0,0.8413447460685429,0.857421875,0.03229306285936776,False,SUPPORTED,,4ef162320e09086a16f1e130b09a507d399438740647147560f339cd2aa60069
RESOLVED_PHYSICAL,2.0,108,2.0,0.0,0.8413447460685429,0.82421875,0.03229306285936776,False,SUPPORTED,,4ef162320e09086a16f1e130b09a507d399438740647147560f339cd2aa60069
UNRESOLVED_IMAGE,2.0,108,1.9999999999999998,1.1102230246251565e-16,0.8413447460685429,0.84375,0.03229306285936776,False,SUPPORTED,,4ef162320e09086a16f1e130b09a507d399438740647147560f339cd2aa60069
TOTAL_FLUX,2.0,108,2.000000000000001,4.440892098500626e-16,0.841344746068543,0.849609375,0.032293062859367755,False,SUPPORTED,,4ef162320e09086a16f1e130b09a507d399438740647147560f339cd2aa60069
DIRECT_PHYSICAL,2.0,109,2.0,0.0,0.8413447460685429,0.830078125,0.03229306285936776,False,SUPPORTED,,4ef162320e09086a16f1e130b09a507d399438740647147560f339cd2aa60069
RESOLVED_PHYSICAL,2.0,109,2.0,0.0,0.8413447460685429,0.873046875,0.03229306285936776,False,SUPPORTED,,4ef162320e09086a16f1e130b09a507d399438740647147560f339cd2aa60069
UNRESOLVED_IMAGE,2.0,109,2.0000000000000004,2.220446049250313e-16,0.841344746068543,0.84375,0.032293062859367755,False,SUPPORTED,,4ef162320e09086a16f1e130b09a507d399438740647147560f339cd2aa60069
TOTAL_FLUX,2.0,109,1.999999999999999,5.551115123125783e-16,0.8413447460685428,0.84375,0.032293062859367776,False,SUPPORTED,,4ef162320e09086a16f1e130b09a507d399438740647147560f339cd2aa60069
DIRECT_PHYSICAL,2.0,110,2.0,0.0,0.8413447460685429,0.830078125,0.03229306285936776,False,SUPPORTED,,4ef162320e09086a16f1e130b09a507d399438740647147560f339cd2aa60069
RESOLVED_PHYSICAL,2.0,110,2.0,0.0,0.8413447460685429,0.841796875,0.03229306285936776,False,SUPPORTED,,4ef162320e09086a16f1e130b09a507d399438740647147560f339cd2aa60069
UNRESOLVED_IMAGE,2.0,110,1.9999999999999996,2.220446049250313e-16,0.8413447460685429,0.857421875,0.03229306285936776,False,SUPPORTED,,4ef162320e09086a16f1e130b09a507d399438740647147560f339cd2aa60069
TOTAL_FLUX,2.0,110,2.0000000000000004,2.220446049250313e-16,0.841344746068543,0.8359375,0.032293062859367755,False,SUPPORTED,,4ef162320e09086a16f1e130b09a507d399438740647147560f339cd2aa60069
DIRECT_PHYSICAL,2.0,111,2.0,0.0,0.8413447460685429,0.81640625,0.03229306285936776,False,SUPPORTED,,4ef162320e09086a16f1e130b09a507d399438740647147560f339cd2aa60069
RESOLVED_PHYSICAL,2.0,111,2.0,0.0,0.8413447460685429,0.833984375,0.03229306285936776,False,SUPPORTED,,4ef162320e09086a16f1e130b09a507d399438740647147560f339cd2aa60069
UNRESOLVED_IMAGE,2.0,111,1.9999999999999998,1.1102230246251565e-16,0.8413447460685429,0.8515625,0.03229306285936776,False,SUPPORTED,,4ef162320e09086a16f1e130b09a507d399438740647147560f339cd2aa60069
TOTAL_FLUX,2.0,111,1.9999999999999998,1.1102230246251565e-16,0.8413447460685429,0.853515625,0.03229306285936776,False,SUPPORTED,,4ef162320e09086a16f1e130b09a507d399438740647147560f339cd2aa60069
DIRECT_PHYSICAL,2.0,112,2.0,0.0,0.8413447460685429,0.828125,0.03229306285936776,False,SUPPORTED,,4ef162320e09086a16f1e130b09a507d399438740647147560f339cd2aa60069
RESOLVED_PHYSICAL,2.0,112,2.0000000000000004,2.220446049250313e-16,0.841344746068543,0.828125,0.032293062859367755,False,SUPPORTED,,4ef162320e09086a16f1e130b09a507d399438740647147560f339cd2aa60069
UNRESOLVED_IMAGE,2.0,112,1.9999999999999998,1.1102230246251565e-16,0.8413447460685429,0.84375,0.03229306285936776,False,SUPPORTED,,4ef162320e09086a16f1e130b09a507d399438740647147560f339cd2aa60069
TOTAL_FLUX,2.0,112,1.9999999999999984,7.771561172376096e-16,0.8413447460685428,0.83203125,0.032293062859367776,False,SUPPORTED,,4ef162320e09086a16f1e130b09a507d399438740647147560f339cd2aa60069
DIRECT_PHYSICAL,2.0,113,2.0,0.0,0.8413447460685429,0.85546875,0.03229306285936776,False,SUPPORTED,,4ef162320e09086a16f1e130b09a507d399438740647147560f339cd2aa60069
RESOLVED_PHYSICAL,2.0,113,2.0000000000000004,2.220446049250313e-16,0.841344746068543,0.830078125,0.032293062859367755,False,SUPPORTED,,4ef162320e09086a16f1e130b09a507d399438740647147560f339cd2aa60069
UNRESOLVED_IMAGE,2.0,113,2.0000000000000004,2.220446049250313e-16,0.841344746068543,0.837890625,0.032293062859367755,False,SUPPORTED,,4ef162320e09086a16f1e130b09a507d399438740647147560f339cd2aa60069
TOTAL_FLUX,2.0,113,2.000000000000001,4.440892098500626e-16,0.841344746068543,0.82421875,0.032293062859367755,False,SUPPORTED,,4ef162320e09086a16f1e130b09a507d399438740647147560f339cd2aa60069
DIRECT_PHYSICAL,2.0,114,2.0,0.0,0.8413447460685429,0.8203125,0.03229306285936776,False,SUPPORTED,,4ef162320e09086a16f1e130b09a507d399438740647147560f339cd2aa60069
RESOLVED_PHYSICAL,2.0,114,1.9999999999999996,2.220446049250313e-16,0.8413447460685429,0.841796875,0.03229306285936776,False,SUPPORTED,,4ef162320e09086a16f1e130b09a507d399438740647147560f339cd2aa60069
UNRESOLVED_IMAGE,2.0,114,2.0,0.0,0.8413447460685429,0.826171875,0.03229306285936776,False,SUPPORTED,,4ef162320e09086a16f1e130b09a507d399438740647147560f339cd2aa60069
TOTAL_FLUX,2.0,114,2.0,0.0,0.8413447460685429,0.865234375,0.03229306285936776,False,SUPPORTED,,4ef162320e09086a16f1e130b09a507d399438740647147560f339cd2aa60069
DIRECT_PHYSICAL,2.0,115,2.0,0.0,0.8413447460685429,0.83203125,0.03229306285936776,False,SUPPORTED,,4ef162320e09086a16f1e130b09a507d399438740647147560f339cd2aa60069
RESOLVED_PHYSICAL,2.0,115,2.0,0.0,0.8413447460685429,0.833984375,0.03229306285936776,False,SUPPORTED,,4ef162320e09086a16f1e130b09a507d399438740647147560f339cd2aa60069
UNRESOLVED_IMAGE,2.0,115,2.0,0.0,0.8413447460685429,0.845703125,0.03229306285936776,False,SUPPORTED,,4ef162320e09086a16f1e130b09a507d399438740647147560f339cd2aa60069
TOTAL_FLUX,2.0,115,2.0,0.0,0.8413447460685429,0.822265625,0.03229306285936776,False,SUPPORTED,,4ef162320e09086a16f1e130b09a507d399438740647147560f339cd2aa60069
DIRECT_PHYSICAL,2.0,116,2.0,0.0,0.8413447460685429,0.830078125,0.03229306285936776,False,SUPPORTED,,4ef162320e09086a16f1e130b09a507d399438740647147560f339cd2aa60069
RESOLVED_PHYSICAL,2.0,116,1.9999999999999998,1.1102230246251565e-16,0.8413447460685429,0.8671875,0.03229306285936776,False,SUPPORTED,,4ef162320e09086a16f1e130b09a507d399438740647147560f339cd2aa60069
UNRESOLVED_IMAGE,2.0,116,1.9999999999999998,1.1102230246251565e-16,0.8413447460685429,0.80859375,0.03229306285936776,False,SUPPORTED,,4ef162320e09086a16f1e130b09a507d399438740647147560f339cd2aa60069
TOTAL_FLUX,2.0,116,1.9999999999999998,1.1102230246251565e-16,0.8413447460685429,0.82421875,0.03229306285936776,False,SUPPORTED,,4ef162320e09086a16f1e130b09a507d399438740647147560f339cd2aa60069
DIRECT_PHYSICAL,2.0,117,1.9999999999999996,2.220446049250313e-16,0.8413447460685429,0.8203125,0.03229306285936776,False,SUPPORTED,,4ef162320e09086a16f1e130b09a507d399438740647147560f339cd2aa60069
RESOLVED_PHYSICAL,2.0,117,2.0,0.0,0.8413447460685429,0.853515625,0.03229306285936776,False,SUPPORTED,,4ef162320e09086a16f1e130b09a507d399438740647147560f339cd2aa60069
UNRESOLVED_IMAGE,2.0,117,2.0,0.0,0.8413447460685429,0.84375,0.03229306285936776,False,SUPPORTED,,4ef162320e09086a16f1e130b09a507d399438740647147560f339cd2aa60069
TOTAL_FLUX,2.0,117,2.0000000000000004,2.220446049250313e-16,0.841344746068543,0.833984375,0.032293062859367755,False,SUPPORTED,,4ef162320e09086a16f1e130b09a507d399438740647147560f339cd2aa60069
DIRECT_PHYSICAL,2.0,118,2.0000000000000004,2.220446049250313e-16,0.841344746068543,0.849609375,0.032293062859367755,False,SUPPORTED,,4ef162320e09086a16f1e130b09a507d399438740647147560f339cd2aa60069
RESOLVED_PHYSICAL,2.0,118,2.0,0.0,0.8413447460685429,0.859375,0.03229306285936776,False,SUPPORTED,,4ef162320e09086a16f1e130b09a507d399438740647147560f339cd2aa60069
UNRESOLVED_IMAGE,2.0,118,2.0,0.0,0.8413447460685429,0.84375,0.03229306285936776,False,SUPPORTED,,4ef162320e09086a16f1e130b09a507d399438740647147560f339cd2aa60069
TOTAL_FLUX,2.0,118,2.0000000000000004,2.220446049250313e-16,0.841344746068543,0.826171875,0.032293062859367755,False,SUPPORTED,,4ef162320e09086a16f1e130b09a507d399438740647147560f339cd2aa60069
DIRECT_PHYSICAL,2.0,119,2.0000000000000004,2.220446049250313e-16,0.841344746068543,0.857421875,0.032293062859367755,False,SUPPORTED,,4ef162320e09086a16f1e130b09a507d399438740647147560f339cd2aa60069
RESOLVED_PHYSICAL,2.0,119,1.9999999999999998,1.1102230246251565e-16,0.8413447460685429,0.822265625,0.03229306285936776,False,SUPPORTED,,4ef162320e09086a16f1e130b09a507d399438740647147560f339cd2aa60069
UNRESOLVED_IMAGE,2.0,119,1.9999999999999996,2.220446049250313e-16,0.8413447460685429,0.85546875,0.03229306285936776,False,SUPPORTED,,4ef162320e09086a16f1e130b09a507d399438740647147560f339cd2aa60069
TOTAL_FLUX,2.0,119,2.0,0.0,0.8413447460685429,0.841796875,0.03229306285936776,False,SUPPORTED,,4ef162320e09086a16f1e130b09a507d399438740647147560f339cd2aa60069
DIRECT_PHYSICAL,2.0,120,1.9999999999999996,2.220446049250313e-16,0.8413447460685429,0.830078125,0.03229306285936776,False,SUPPORTED,,4ef162320e09086a16f1e130b09a507d399438740647147560f339cd2aa60069
RESOLVED_PHYSICAL,2.0,120,2.0,0.0,0.8413447460685429,0.841796875,0.03229306285936776,False,SUPPORTED,,4ef162320e09086a16f1e130b09a507d399438740647147560f339cd2aa60069
UNRESOLVED_IMAGE,2.0,120,1.9999999999999996,2.220446049250313e-16,0.8413447460685429,0.814453125,0.03229306285936776,False,SUPPORTED,,4ef162320e09086a16f1e130b09a507d399438740647147560f339cd2aa60069
TOTAL_FLUX,2.0,120,2.0000000000000004,2.220446049250313e-16,0.841344746068543,0.833984375,0.032293062859367755,False,SUPPORTED,,4ef162320e09086a16f1e130b09a507d399438740647147560f339cd2aa60069
DIRECT_PHYSICAL,2.0,121,1.9999999999999996,2.220446049250313e-16,0.8413447460685429,0.82421875,0.03229306285936776,False,SUPPORTED,,4ef162320e09086a16f1e130b09a507d399438740647147560f339cd2aa60069
RESOLVED_PHYSICAL,2.0,121,2.0,0.0,0.8413447460685429,0.8046875,0.03229306285936776,False,SUPPORTED,,4ef162320e09086a16f1e130b09a507d399438740647147560f339cd2aa60069
UNRESOLVED_IMAGE,2.0,121,1.9999999999999998,1.1102230246251565e-16,0.8413447460685429,0.826171875,0.03229306285936776,False,SUPPORTED,,4ef162320e09086a16f1e130b09a507d399438740647147560f339cd2aa60069
TOTAL_FLUX,2.0,121,2.0,0.0,0.8413447460685429,0.794921875,0.03229306285936776,False,SUPPORTED,,4ef162320e09086a16f1e130b09a507d399438740647147560f339cd2aa60069
DIRECT_PHYSICAL,2.0,122,2.0,0.0,0.8413447460685429,0.830078125,0.03229306285936776,False,SUPPORTED,,4ef162320e09086a16f1e130b09a507d399438740647147560f339cd2aa60069
RESOLVED_PHYSICAL,2.0,122,1.9999999999999998,1.1102230246251565e-16,0.8413447460685429,0.865234375,0.03229306285936776,False,SUPPORTED,,4ef162320e09086a16f1e130b09a507d399438740647147560f339cd2aa60069
UNRESOLVED_IMAGE,2.0,122,2.0,0.0,0.8413447460685429,0.84375,0.03229306285936776,False,SUPPORTED,,4ef162320e09086a16f1e130b09a507d399438740647147560f339cd2aa60069
TOTAL_FLUX,2.0,122,2.000000000000001,4.440892098500626e-16,0.841344746068543,0.83984375,0.032293062859367755,False,SUPPORTED,,4ef162320e09086a16f1e130b09a507d399438740647147560f339cd2aa60069
DIRECT_PHYSICAL,2.0,123,2.0,0.0,0.8413447460685429,0.8359375,0.03229306285936776,False,SUPPORTED,,4ef162320e09086a16f1e130b09a507d399438740647147560f339cd2aa60069
RESOLVED_PHYSICAL,2.0,123,2.0,0.0,0.8413447460685429,0.849609375,0.03229306285936776,False,SUPPORTED,,4ef162320e09086a16f1e130b09a507d399438740647147560f339cd2aa60069
UNRESOLVED_IMAGE,2.0,123,1.9999999999999993,3.3306690738754696e-16,0.8413447460685428,0.849609375,0.032293062859367776,False,SUPPORTED,,4ef162320e09086a16f1e130b09a507d399438740647147560f339cd2aa60069
TOTAL_FLUX,2.0,123,2.0,0.0,0.8413447460685429,0.861328125,0.03229306285936776,False,SUPPORTED,,4ef162320e09086a16f1e130b09a507d399438740647147560f339cd2aa60069
DIRECT_PHYSICAL,2.0,124,2.0,0.0,0.8413447460685429,0.833984375,0.03229306285936776,False,SUPPORTED,,4ef162320e09086a16f1e130b09a507d399438740647147560f339cd2aa60069
RESOLVED_PHYSICAL,2.0,124,2.0,0.0,0.8413447460685429,0.833984375,0.03229306285936776,False,SUPPORTED,,4ef162320e09086a16f1e130b09a507d399438740647147560f339cd2aa60069
UNRESOLVED_IMAGE,2.0,124,1.9999999999999993,3.3306690738754696e-16,0.8413447460685428,0.83984375,0.032293062859367776,False,SUPPORTED,,4ef162320e09086a16f1e130b09a507d399438740647147560f339cd2aa60069
TOTAL_FLUX,2.0,124,1.9999999999999982,8.881784197001252e-16,0.8413447460685426,0.87890625,0.032293062859367797,True,SUPPORTED,,4ef162320e09086a16f1e130b09a507d399438740647147560f339cd2aa60069
DIRECT_PHYSICAL,2.0,125,2.0,0.0,0.8413447460685429,0.84375,0.03229306285936776,False,SUPPORTED,,4ef162320e09086a16f1e130b09a507d399438740647147560f339cd2aa60069
RESOLVED_PHYSICAL,2.0,125,2.0,0.0,0.8413447460685429,0.837890625,0.03229306285936776,False,SUPPORTED,,4ef162320e09086a16f1e130b09a507d399438740647147560f339cd2aa60069
UNRESOLVED_IMAGE,2.0,125,2.0,0.0,0.8413447460685429,0.85546875,0.03229306285936776,False,SUPPORTED,,4ef162320e09086a16f1e130b09a507d399438740647147560f339cd2aa60069
TOTAL_FLUX,2.0,125,1.9999999999999998,1.1102230246251565e-16,0.8413447460685429,0.861328125,0.03229306285936776,False,SUPPORTED,,4ef162320e09086a16f1e130b09a507d399438740647147560f339cd2aa60069
DIRECT_PHYSICAL,2.0,126,2.0,0.0,0.8413447460685429,0.84375,0.03229306285936776,False,SUPPORTED,,4ef162320e09086a16f1e130b09a507d399438740647147560f339cd2aa60069
RESOLVED_PHYSICAL,2.0,126,2.0,0.0,0.8413447460685429,0.82421875,0.03229306285936776,False,SUPPORTED,,4ef162320e09086a16f1e130b09a507d399438740647147560f339cd2aa60069
UNRESOLVED_IMAGE,2.0,126,2.0000000000000004,2.220446049250313e-16,0.841344746068543,0.8515625,0.032293062859367755,False,SUPPORTED,,4ef162320e09086a16f1e130b09a507d399438740647147560f339cd2aa60069
TOTAL_FLUX,2.0,126,1.9999999999999996,2.220446049250313e-16,0.8413447460685429,0.8359375,0.03229306285936776,False,SUPPORTED,,4ef162320e09086a16f1e130b09a507d399438740647147560f339cd2aa60069
DIRECT_PHYSICAL,2.0,127,1.9999999999999998,1.1102230246251565e-16,0.8413447460685429,0.84765625,0.03229306285936776,False,SUPPORTED,,4ef162320e09086a16f1e130b09a507d399438740647147560f339cd2aa60069
RESOLVED_PHYSICAL,2.0,127,2.0,0.0,0.8413447460685429,0.833984375,0.03229306285936776,False,SUPPORTED,,4ef162320e09086a16f1e130b09a507d399438740647147560f339cd2aa60069
UNRESOLVED_IMAGE,2.0,127,2.0,0.0,0.8413447460685429,0.86328125,0.03229306285936776,False,SUPPORTED,,4ef162320e09086a16f1e130b09a507d399438740647147560f339cd2aa60069
TOTAL_FLUX,2.0,127,2.0,0.0,0.8413447460685429,0.82421875,0.03229306285936776,False,SUPPORTED,,4ef162320e09086a16f1e130b09a507d399438740647147560f339cd2aa60069
DIRECT_PHYSICAL,2.0,128,2.0,0.0,0.8413447460685429,0.81640625,0.03229306285936776,False,SUPPORTED,,4ef162320e09086a16f1e130b09a507d399438740647147560f339cd2aa60069
RESOLVED_PHYSICAL,2.0,128,2.0,0.0,0.8413447460685429,0.83984375,0.03229306285936776,False,SUPPORTED,,4ef162320e09086a16f1e130b09a507d399438740647147560f339cd2aa60069
UNRESOLVED_IMAGE,2.0,128,2.0,0.0,0.8413447460685429,0.86328125,0.03229306285936776,False,SUPPORTED,,4ef162320e09086a16f1e130b09a507d399438740647147560f339cd2aa60069
TOTAL_FLUX,2.0,128,1.9999999999999993,3.3306690738754696e-16,0.8413447460685428,0.830078125,0.032293062859367776,False,SUPPORTED,,4ef162320e09086a16f1e130b09a507d399438740647147560f339cd2aa60069
DIRECT_PHYSICAL,2.0,129,2.0000000000000004,2.220446049250313e-16,0.841344746068543,0.841796875,0.032293062859367755,False,SUPPORTED,,4ef162320e09086a16f1e130b09a507d399438740647147560f339cd2aa60069
RESOLVED_PHYSICAL,2.0,129,2.0,0.0,0.8413447460685429,0.82421875,0.03229306285936776,False,SUPPORTED,,4ef162320e09086a16f1e130b09a507d399438740647147560f339cd2aa60069
UNRESOLVED_IMAGE,2.0,129,1.9999999999999998,1.1102230246251565e-16,0.8413447460685429,0.857421875,0.03229306285936776,False,SUPPORTED,,4ef162320e09086a16f1e130b09a507d399438740647147560f339cd2aa60069
TOTAL_FLUX,2.0,129,1.9999999999999996,2.220446049250313e-16,0.8413447460685429,0.849609375,0.03229306285936776,False,SUPPORTED,,4ef162320e09086a16f1e130b09a507d399438740647147560f339cd2aa60069
DIRECT_PHYSICAL,2.0,130,2.0,0.0,0.8413447460685429,0.845703125,0.03229306285936776,False,SUPPORTED,,4ef162320e09086a16f1e130b09a507d399438740647147560f339cd2aa60069
RESOLVED_PHYSICAL,2.0,130,2.0,0.0,0.8413447460685429,0.873046875,0.03229306285936776,False,SUPPORTED,,4ef162320e09086a16f1e130b09a507d399438740647147560f339cd2aa60069
UNRESOLVED_IMAGE,2.0,130,2.0,0.0,0.8413447460685429,0.814453125,0.03229306285936776,False,SUPPORTED,,4ef162320e09086a16f1e130b09a507d399438740647147560f339cd2aa60069
TOTAL_FLUX,2.0,130,2.0,0.0,0.8413447460685429,0.845703125,0.03229306285936776,False,SUPPORTED,,4ef162320e09086a16f1e130b09a507d399438740647147560f339cd2aa60069
DIRECT_PHYSICAL,2.0,131,2.0000000000000004,2.220446049250313e-16,0.841344746068543,0.8359375,0.032293062859367755,False,SUPPORTED,,4ef162320e09086a16f1e130b09a507d399438740647147560f339cd2aa60069
RESOLVED_PHYSICAL,2.0,131,2.0000000000000004,2.220446049250313e-16,0.841344746068543,0.81640625,0.032293062859367755,False,SUPPORTED,,4ef162320e09086a16f1e130b09a507d399438740647147560f339cd2aa60069
UNRESOLVED_IMAGE,2.0,131,2.0,0.0,0.8413447460685429,0.8203125,0.03229306285936776,False,SUPPORTED,,4ef162320e09086a16f1e130b09a507d399438740647147560f339cd2aa60069
TOTAL_FLUX,2.0,131,1.9999999999999991,4.440892098500626e-16,0.8413447460685428,0.859375,0.032293062859367776,False,SUPPORTED,,4ef162320e09086a16f1e130b09a507d399438740647147560f339cd2aa60069
DIRECT_PHYSICAL,2.0,132,1.9999999999999998,1.1102230246251565e-16,0.8413447460685429,0.841796875,0.03229306285936776,False,SUPPORTED,,4ef162320e09086a16f1e130b09a507d399438740647147560f339cd2aa60069
RESOLVED_PHYSICAL,2.0,132,1.9999999999999998,1.1102230246251565e-16,0.8413447460685429,0.822265625,0.03229306285936776,False,SUPPORTED,,4ef162320e09086a16f1e130b09a507d399438740647147560f339cd2aa60069
UNRESOLVED_IMAGE,2.0,132,2.0,0.0,0.8413447460685429,0.86328125,0.03229306285936776,False,SUPPORTED,,4ef162320e09086a16f1e130b09a507d399438740647147560f339cd2aa60069
TOTAL_FLUX,2.0,132,1.9999999999999993,3.3306690738754696e-16,0.8413447460685428,0.84765625,0.032293062859367776,False,SUPPORTED,,4ef162320e09086a16f1e130b09a507d399438740647147560f339cd2aa60069
DIRECT_PHYSICAL,2.0,133,2.0000000000000004,2.220446049250313e-16,0.841344746068543,0.826171875,0.032293062859367755,False,SUPPORTED,,4ef162320e09086a16f1e130b09a507d399438740647147560f339cd2aa60069
RESOLVED_PHYSICAL,2.0,133,1.9999999999999996,2.220446049250313e-16,0.8413447460685429,0.861328125,0.03229306285936776,False,SUPPORTED,,4ef162320e09086a16f1e130b09a507d399438740647147560f339cd2aa60069
UNRESOLVED_IMAGE,2.0,133,1.9999999999999996,2.220446049250313e-16,0.8413447460685429,0.845703125,0.03229306285936776,False,SUPPORTED,,4ef162320e09086a16f1e130b09a507d399438740647147560f339cd2aa60069
TOTAL_FLUX,2.0,133,1.9999999999999993,3.3306690738754696e-16,0.8413447460685428,0.84765625,0.032293062859367776,False,SUPPORTED,,4ef162320e09086a16f1e130b09a507d399438740647147560f339cd2aa60069
DIRECT_PHYSICAL,2.0,134,2.0,0.0,0.8413447460685429,0.841796875,0.03229306285936776,False,SUPPORTED,,4ef162320e09086a16f1e130b09a507d399438740647147560f339cd2aa60069
RESOLVED_PHYSICAL,2.0,134,2.0,0.0,0.8413447460685429,0.830078125,0.03229306285936776,False,SUPPORTED,,4ef162320e09086a16f1e130b09a507d399438740647147560f339cd2aa60069
UNRESOLVED_IMAGE,2.0,134,2.0,0.0,0.8413447460685429,0.841796875,0.03229306285936776,False,SUPPORTED,,4ef162320e09086a16f1e130b09a507d399438740647147560f339cd2aa60069
TOTAL_FLUX,2.0,134,2.000000000000001,4.440892098500626e-16,0.841344746068543,0.84765625,0.032293062859367755,False,SUPPORTED,,4ef162320e09086a16f1e130b09a507d399438740647147560f339cd2aa60069
DIRECT_PHYSICAL,2.0,135,2.0,0.0,0.8413447460685429,0.8125,0.03229306285936776,False,SUPPORTED,,4ef162320e09086a16f1e130b09a507d399438740647147560f339cd2aa60069
RESOLVED_PHYSICAL,2.0,135,2.0,0.0,0.8413447460685429,0.84765625,0.03229306285936776,False,SUPPORTED,,4ef162320e09086a16f1e130b09a507d399438740647147560f339cd2aa60069
UNRESOLVED_IMAGE,2.0,135,2.0000000000000004,2.220446049250313e-16,0.841344746068543,0.8203125,0.032293062859367755,False,SUPPORTED,,4ef162320e09086a16f1e130b09a507d399438740647147560f339cd2aa60069
TOTAL_FLUX,2.0,135,1.9999999999999996,2.220446049250313e-16,0.8413447460685429,0.857421875,0.03229306285936776,False,SUPPORTED,,4ef162320e09086a16f1e130b09a507d399438740647147560f339cd2aa60069
DIRECT_PHYSICAL,2.0,136,2.0000000000000004,2.220446049250313e-16,0.841344746068543,0.869140625,0.032293062859367755,False,SUPPORTED,,4ef162320e09086a16f1e130b09a507d399438740647147560f339cd2aa60069
RESOLVED_PHYSICAL,2.0,136,2.0,0.0,0.8413447460685429,0.845703125,0.03229306285936776,False,SUPPORTED,,4ef162320e09086a16f1e130b09a507d399438740647147560f339cd2aa60069
UNRESOLVED_IMAGE,2.0,136,2.0,0.0,0.8413447460685429,0.828125,0.03229306285936776,False,SUPPORTED,,4ef162320e09086a16f1e130b09a507d399438740647147560f339cd2aa60069
TOTAL_FLUX,2.0,136,1.9999999999999996,2.220446049250313e-16,0.8413447460685429,0.8515625,0.03229306285936776,False,SUPPORTED,,4ef162320e09086a16f1e130b09a507d399438740647147560f339cd2aa60069
DIRECT_PHYSICAL,2.0,137,1.9999999999999998,1.1102230246251565e-16,0.8413447460685429,0.82421875,0.03229306285936776,False,SUPPORTED,,4ef162320e09086a16f1e130b09a507d399438740647147560f339cd2aa60069
RESOLVED_PHYSICAL,2.0,137,1.9999999999999998,1.1102230246251565e-16,0.8413447460685429,0.828125,0.03229306285936776,False,SUPPORTED,,4ef162320e09086a16f1e130b09a507d399438740647147560f339cd2aa60069
UNRESOLVED_IMAGE,2.0,137,1.9999999999999998,1.1102230246251565e-16,0.8413447460685429,0.853515625,0.03229306285936776,False,SUPPORTED,,4ef162320e09086a16f1e130b09a507d399438740647147560f339cd2aa60069
TOTAL_FLUX,2.0,137,2.000000000000001,4.440892098500626e-16,0.841344746068543,0.853515625,0.032293062859367755,False,SUPPORTED,,4ef162320e09086a16f1e130b09a507d399438740647147560f339cd2aa60069
DIRECT_PHYSICAL,2.0,138,2.0,0.0,0.8413447460685429,0.83203125,0.03229306285936776,False,SUPPORTED,,4ef162320e09086a16f1e130b09a507d399438740647147560f339cd2aa60069
RESOLVED_PHYSICAL,2.0,138,2.0,0.0,0.8413447460685429,0.859375,0.03229306285936776,False,SUPPORTED,,4ef162320e09086a16f1e130b09a507d399438740647147560f339cd2aa60069
UNRESOLVED_IMAGE,2.0,138,2.0,0.0,0.8413447460685429,0.8359375,0.03229306285936776,False,SUPPORTED,,4ef162320e09086a16f1e130b09a507d399438740647147560f339cd2aa60069
TOTAL_FLUX,2.0,138,2.0,0.0,0.8413447460685429,0.841796875,0.03229306285936776,False,SUPPORTED,,4ef162320e09086a16f1e130b09a507d399438740647147560f339cd2aa60069
DIRECT_PHYSICAL,2.0,139,2.0000000000000004,2.220446049250313e-16,0.841344746068543,0.87109375,0.032293062859367755,False,SUPPORTED,,4ef162320e09086a16f1e130b09a507d399438740647147560f339cd2aa60069
RESOLVED_PHYSICAL,2.0,139,2.0000000000000004,2.220446049250313e-16,0.841344746068543,0.828125,0.032293062859367755,False,SUPPORTED,,4ef162320e09086a16f1e130b09a507d399438740647147560f339cd2aa60069
UNRESOLVED_IMAGE,2.0,139,1.9999999999999998,1.1102230246251565e-16,0.8413447460685429,0.837890625,0.03229306285936776,False,SUPPORTED,,4ef162320e09086a16f1e130b09a507d399438740647147560f339cd2aa60069
TOTAL_FLUX,2.0,139,2.0000000000000004,2.220446049250313e-16,0.841344746068543,0.861328125,0.032293062859367755,False,SUPPORTED,,4ef162320e09086a16f1e130b09a507d399438740647147560f339cd2aa60069
DIRECT_PHYSICAL,2.0,140,2.0000000000000004,2.220446049250313e-16,0.841344746068543,0.841796875,0.032293062859367755,False,SUPPORTED,,4ef162320e09086a16f1e130b09a507d399438740647147560f339cd2aa60069
RESOLVED_PHYSICAL,2.0,140,2.0,0.0,0.8413447460685429,0.845703125,0.03229306285936776,False,SUPPORTED,,4ef162320e09086a16f1e130b09a507d399438740647147560f339cd2aa60069
UNRESOLVED_IMAGE,2.0,140,2.0,0.0,0.8413447460685429,0.87109375,0.03229306285936776,False,SUPPORTED,,4ef162320e09086a16f1e130b09a507d399438740647147560f339cd2aa60069
TOTAL_FLUX,2.0,140,2.0,0.0,0.8413447460685429,0.82421875,0.03229306285936776,False,SUPPORTED,,4ef162320e09086a16f1e130b09a507d399438740647147560f339cd2aa60069
DIRECT_PHYSICAL,2.0,141,2.0000000000000004,2.220446049250313e-16,0.841344746068543,0.841796875,0.032293062859367755,False,SUPPORTED,,4ef162320e09086a16f1e130b09a507d399438740647147560f339cd2aa60069
RESOLVED_PHYSICAL,2.0,141,2.0,0.0,0.8413447460685429,0.84765625,0.03229306285936776,False,SUPPORTED,,4ef162320e09086a16f1e130b09a507d399438740647147560f339cd2aa60069
UNRESOLVED_IMAGE,2.0,141,1.9999999999999998,1.1102230246251565e-16,0.8413447460685429,0.861328125,0.03229306285936776,False,SUPPORTED,,4ef162320e09086a16f1e130b09a507d399438740647147560f339cd2aa60069
TOTAL_FLUX,2.0,141,2.0,0.0,0.8413447460685429,0.861328125,0.03229306285936776,False,SUPPORTED,,4ef162320e09086a16f1e130b09a507d399438740647147560f339cd2aa60069
DIRECT_PHYSICAL,2.0,142,1.9999999999999998,1.1102230246251565e-16,0.8413447460685429,0.84375,0.03229306285936776,False,SUPPORTED,,4ef162320e09086a16f1e130b09a507d399438740647147560f339cd2aa60069
RESOLVED_PHYSICAL,2.0,142,1.9999999999999998,1.1102230246251565e-16,0.8413447460685429,0.82421875,0.03229306285936776,False,SUPPORTED,,4ef162320e09086a16f1e130b09a507d399438740647147560f339cd2aa60069
UNRESOLVED_IMAGE,2.0,142,1.9999999999999998,1.1102230246251565e-16,0.8413447460685429,0.876953125,0.03229306285936776,True,SUPPORTED,,4ef162320e09086a16f1e130b09a507d399438740647147560f339cd2aa60069
TOTAL_FLUX,2.0,142,2.0,0.0,0.8413447460685429,0.837890625,0.03229306285936776,False,SUPPORTED,,4ef162320e09086a16f1e130b09a507d399438740647147560f339cd2aa60069
DIRECT_PHYSICAL,2.0,143,2.0000000000000004,2.220446049250313e-16,0.841344746068543,0.8203125,0.032293062859367755,False,SUPPORTED,,4ef162320e09086a16f1e130b09a507d399438740647147560f339cd2aa60069
RESOLVED_PHYSICAL,2.0,143,2.0,0.0,0.8413447460685429,0.8515625,0.03229306285936776,False,SUPPORTED,,4ef162320e09086a16f1e130b09a507d399438740647147560f339cd2aa60069
UNRESOLVED_IMAGE,2.0,143,1.9999999999999996,2.220446049250313e-16,0.8413447460685429,0.83984375,0.03229306285936776,False,SUPPORTED,,4ef162320e09086a16f1e130b09a507d399438740647147560f339cd2aa60069
TOTAL_FLUX,2.0,143,2.0,0.0,0.8413447460685429,0.8203125,0.03229306285936776,False,SUPPORTED,,4ef162320e09086a16f1e130b09a507d399438740647147560f339cd2aa60069
DIRECT_PHYSICAL,2.0,144,1.9999999999999998,1.1102230246251565e-16,0.8413447460685429,0.837890625,0.03229306285936776,False,SUPPORTED,,4ef162320e09086a16f1e130b09a507d399438740647147560f339cd2aa60069
RESOLVED_PHYSICAL,2.0,144,2.0,0.0,0.8413447460685429,0.853515625,0.03229306285936776,False,SUPPORTED,,4ef162320e09086a16f1e130b09a507d399438740647147560f339cd2aa60069
UNRESOLVED_IMAGE,2.0,144,1.9999999999999998,1.1102230246251565e-16,0.8413447460685429,0.8515625,0.03229306285936776,False,SUPPORTED,,4ef162320e09086a16f1e130b09a507d399438740647147560f339cd2aa60069
TOTAL_FLUX,2.0,144,1.9999999999999998,1.1102230246251565e-16,0.8413447460685429,0.8203125,0.03229306285936776,False,SUPPORTED,,4ef162320e09086a16f1e130b09a507d399438740647147560f339cd2aa60069
DIRECT_PHYSICAL,2.0,145,1.9999999999999996,2.220446049250313e-16,0.8413447460685429,0.837890625,0.03229306285936776,False,SUPPORTED,,4ef162320e09086a16f1e130b09a507d399438740647147560f339cd2aa60069
RESOLVED_PHYSICAL,2.0,145,2.0,0.0,0.8413447460685429,0.818359375,0.03229306285936776,False,SUPPORTED,,4ef162320e09086a16f1e130b09a507d399438740647147560f339cd2aa60069
UNRESOLVED_IMAGE,2.0,145,1.9999999999999998,1.1102230246251565e-16,0.8413447460685429,0.826171875,0.03229306285936776,False,SUPPORTED,,4ef162320e09086a16f1e130b09a507d399438740647147560f339cd2aa60069
TOTAL_FLUX,2.0,145,2.0,0.0,0.8413447460685429,0.85546875,0.03229306285936776,False,SUPPORTED,,4ef162320e09086a16f1e130b09a507d399438740647147560f339cd2aa60069
DIRECT_PHYSICAL,2.0,146,1.9999999999999998,1.1102230246251565e-16,0.8413447460685429,0.822265625,0.03229306285936776,False,SUPPORTED,,4ef162320e09086a16f1e130b09a507d399438740647147560f339cd2aa60069
RESOLVED_PHYSICAL,2.0,146,1.9999999999999998,1.1102230246251565e-16,0.8413447460685429,0.85546875,0.03229306285936776,False,SUPPORTED,,4ef162320e09086a16f1e130b09a507d399438740647147560f339cd2aa60069
UNRESOLVED_IMAGE,2.0,146,1.9999999999999998,1.1102230246251565e-16,0.8413447460685429,0.837890625,0.03229306285936776,False,SUPPORTED,,4ef162320e09086a16f1e130b09a507d399438740647147560f339cd2aa60069
TOTAL_FLUX,2.0,146,2.0,0.0,0.8413447460685429,0.845703125,0.03229306285936776,False,SUPPORTED,,4ef162320e09086a16f1e130b09a507d399438740647147560f339cd2aa60069
DIRECT_PHYSICAL,2.0,147,2.0,0.0,0.8413447460685429,0.8359375,0.03229306285936776,False,SUPPORTED,,4ef162320e09086a16f1e130b09a507d399438740647147560f339cd2aa60069
RESOLVED_PHYSICAL,2.0,147,2.0,0.0,0.8413447460685429,0.85546875,0.03229306285936776,False,SUPPORTED,,4ef162320e09086a16f1e130b09a507d399438740647147560f339cd2aa60069
UNRESOLVED_IMAGE,2.0,147,2.0,0.0,0.8413447460685429,0.857421875,0.03229306285936776,False,SUPPORTED,,4ef162320e09086a16f1e130b09a507d399438740647147560f339cd2aa60069
TOTAL_FLUX,2.0,147,1.9999999999999984,7.771561172376096e-16,0.8413447460685428,0.84765625,0.032293062859367776,False,SUPPORTED,,4ef162320e09086a16f1e130b09a507d399438740647147560f339cd2aa60069
DIRECT_PHYSICAL,2.0,148,2.0,0.0,0.8413447460685429,0.841796875,0.03229306285936776,False,SUPPORTED,,4ef162320e09086a16f1e130b09a507d399438740647147560f339cd2aa60069
RESOLVED_PHYSICAL,2.0,148,2.0,0.0,0.8413447460685429,0.84765625,0.03229306285936776,False,SUPPORTED,,4ef162320e09086a16f1e130b09a507d399438740647147560f339cd2aa60069
UNRESOLVED_IMAGE,2.0,148,1.9999999999999993,3.3306690738754696e-16,0.8413447460685428,0.8203125,0.032293062859367776,False,SUPPORTED,,4ef162320e09086a16f1e130b09a507d399438740647147560f339cd2aa60069
TOTAL_FLUX,2.0,148,1.9999999999999996,2.220446049250313e-16,0.8413447460685429,0.84375,0.03229306285936776,False,SUPPORTED,,4ef162320e09086a16f1e130b09a507d399438740647147560f339cd2aa60069
DIRECT_PHYSICAL,2.0,149,1.9999999999999998,1.1102230246251565e-16,0.8413447460685429,0.828125,0.03229306285936776,False,SUPPORTED,,4ef162320e09086a16f1e130b09a507d399438740647147560f339cd2aa60069
RESOLVED_PHYSICAL,2.0,149,2.0000000000000004,2.220446049250313e-16,0.841344746068543,0.849609375,0.032293062859367755,False,SUPPORTED,,4ef162320e09086a16f1e130b09a507d399438740647147560f339cd2aa60069
UNRESOLVED_IMAGE,2.0,149,1.9999999999999998,1.1102230246251565e-16,0.8413447460685429,0.86328125,0.03229306285936776,False,SUPPORTED,,4ef162320e09086a16f1e130b09a507d399438740647147560f339cd2aa60069
TOTAL_FLUX,2.0,149,2.000000000000001,4.440892098500626e-16,0.841344746068543,0.83984375,0.032293062859367755,False,SUPPORTED,,4ef162320e09086a16f1e130b09a507d399438740647147560f339cd2aa60069
DIRECT_PHYSICAL,2.0,150,2.0,0.0,0.8413447460685429,0.84765625,0.03229306285936776,False,SUPPORTED,,4ef162320e09086a16f1e130b09a507d399438740647147560f339cd2aa60069
RESOLVED_PHYSICAL,2.0,150,2.0,0.0,0.8413447460685429,0.849609375,0.03229306285936776,False,SUPPORTED,,4ef162320e09086a16f1e130b09a507d399438740647147560f339cd2aa60069
UNRESOLVED_IMAGE,2.0,150,2.0,0.0,0.8413447460685429,0.814453125,0.03229306285936776,False,SUPPORTED,,4ef162320e09086a16f1e130b09a507d399438740647147560f339cd2aa60069
TOTAL_FLUX,2.0,150,2.0000000000000004,2.220446049250313e-16,0.841344746068543,0.830078125,0.032293062859367755,False,SUPPORTED,,4ef162320e09086a16f1e130b09a507d399438740647147560f339cd2aa60069
DIRECT_PHYSICAL,2.0,151,2.0,0.0,0.8413447460685429,0.826171875,0.03229306285936776,False,SUPPORTED,,4ef162320e09086a16f1e130b09a507d399438740647147560f339cd2aa60069
RESOLVED_PHYSICAL,2.0,151,2.0,0.0,0.8413447460685429,0.841796875,0.03229306285936776,False,SUPPORTED,,4ef162320e09086a16f1e130b09a507d399438740647147560f339cd2aa60069
UNRESOLVED_IMAGE,2.0,151,1.9999999999999998,1.1102230246251565e-16,0.8413447460685429,0.85546875,0.03229306285936776,False,SUPPORTED,,4ef162320e09086a16f1e130b09a507d399438740647147560f339cd2aa60069
TOTAL_FLUX,2.0,151,2.0,0.0,0.8413447460685429,0.841796875,0.03229306285936776,False,SUPPORTED,,4ef162320e09086a16f1e130b09a507d399438740647147560f339cd2aa60069
DIRECT_PHYSICAL,2.0,152,2.0,0.0,0.8413447460685429,0.83203125,0.03229306285936776,False,SUPPORTED,,4ef162320e09086a16f1e130b09a507d399438740647147560f339cd2aa60069
RESOLVED_PHYSICAL,2.0,152,2.0000000000000004,2.220446049250313e-16,0.841344746068543,0.84765625,0.032293062859367755,False,SUPPORTED,,4ef162320e09086a16f1e130b09a507d399438740647147560f339cd2aa60069
UNRESOLVED_IMAGE,2.0,152,1.9999999999999996,2.220446049250313e-16,0.8413447460685429,0.87109375,0.03229306285936776,False,SUPPORTED,,4ef162320e09086a16f1e130b09a507d399438740647147560f339cd2aa60069
TOTAL_FLUX,2.0,152,1.9999999999999998,1.1102230246251565e-16,0.8413447460685429,0.859375,0.03229306285936776,False,SUPPORTED,,4ef162320e09086a16f1e130b09a507d399438740647147560f339cd2aa60069
DIRECT_PHYSICAL,2.0,153,1.9999999999999996,2.220446049250313e-16,0.8413447460685429,0.853515625,0.03229306285936776,False,SUPPORTED,,4ef162320e09086a16f1e130b09a507d399438740647147560f339cd2aa60069
RESOLVED_PHYSICAL,2.0,153,1.9999999999999993,3.3306690738754696e-16,0.8413447460685428,0.833984375,0.032293062859367776,False,SUPPORTED,,4ef162320e09086a16f1e130b09a507d399438740647147560f339cd2aa60069
UNRESOLVED_IMAGE,2.0,153,2.0,0.0,0.8413447460685429,0.84375,0.03229306285936776,False,SUPPORTED,,4ef162320e09086a16f1e130b09a507d399438740647147560f339cd2aa60069
TOTAL_FLUX,2.0,153,2.0,0.0,0.8413447460685429,0.85546875,0.03229306285936776,False,SUPPORTED,,4ef162320e09086a16f1e130b09a507d399438740647147560f339cd2aa60069
DIRECT_PHYSICAL,2.0,154,1.9999999999999998,1.1102230246251565e-16,0.8413447460685429,0.833984375,0.03229306285936776,False,SUPPORTED,,4ef162320e09086a16f1e130b09a507d399438740647147560f339cd2aa60069
RESOLVED_PHYSICAL,2.0,154,2.0000000000000004,2.220446049250313e-16,0.841344746068543,0.80859375,0.032293062859367755,False,SUPPORTED,,4ef162320e09086a16f1e130b09a507d399438740647147560f339cd2aa60069
UNRESOLVED_IMAGE,2.0,154,1.9999999999999998,1.1102230246251565e-16,0.8413447460685429,0.84765625,0.03229306285936776,False,SUPPORTED,,4ef162320e09086a16f1e130b09a507d399438740647147560f339cd2aa60069
TOTAL_FLUX,2.0,154,1.9999999999999996,2.220446049250313e-16,0.8413447460685429,0.845703125,0.03229306285936776,False,SUPPORTED,,4ef162320e09086a16f1e130b09a507d399438740647147560f339cd2aa60069
DIRECT_PHYSICAL,2.0,155,2.0000000000000004,2.220446049250313e-16,0.841344746068543,0.818359375,0.032293062859367755,False,SUPPORTED,,4ef162320e09086a16f1e130b09a507d399438740647147560f339cd2aa60069
RESOLVED_PHYSICAL,2.0,155,2.0000000000000004,2.220446049250313e-16,0.841344746068543,0.83203125,0.032293062859367755,False,SUPPORTED,,4ef162320e09086a16f1e130b09a507d399438740647147560f339cd2aa60069
UNRESOLVED_IMAGE,2.0,155,2.0,0.0,0.8413447460685429,0.83203125,0.03229306285936776,False,SUPPORTED,,4ef162320e09086a16f1e130b09a507d399438740647147560f339cd2aa60069
TOTAL_FLUX,2.0,155,1.9999999999999993,3.3306690738754696e-16,0.8413447460685428,0.84765625,0.032293062859367776,False,SUPPORTED,,4ef162320e09086a16f1e130b09a507d399438740647147560f339cd2aa60069
DIRECT_PHYSICAL,2.0,156,1.9999999999999996,2.220446049250313e-16,0.8413447460685429,0.845703125,0.03229306285936776,False,SUPPORTED,,4ef162320e09086a16f1e130b09a507d399438740647147560f339cd2aa60069
RESOLVED_PHYSICAL,2.0,156,2.0000000000000004,2.220446049250313e-16,0.841344746068543,0.8203125,0.032293062859367755,False,SUPPORTED,,4ef162320e09086a16f1e130b09a507d399438740647147560f339cd2aa60069
UNRESOLVED_IMAGE,2.0,156,1.9999999999999996,2.220446049250313e-16,0.8413447460685429,0.830078125,0.03229306285936776,False,SUPPORTED,,4ef162320e09086a16f1e130b09a507d399438740647147560f339cd2aa60069
TOTAL_FLUX,2.0,156,1.9999999999999996,2.220446049250313e-16,0.8413447460685429,0.8671875,0.03229306285936776,False,SUPPORTED,,4ef162320e09086a16f1e130b09a507d399438740647147560f339cd2aa60069
DIRECT_PHYSICAL,2.0,157,2.0,0.0,0.8413447460685429,0.849609375,0.03229306285936776,False,SUPPORTED,,4ef162320e09086a16f1e130b09a507d399438740647147560f339cd2aa60069
RESOLVED_PHYSICAL,2.0,157,1.9999999999999998,1.1102230246251565e-16,0.8413447460685429,0.83984375,0.03229306285936776,False,SUPPORTED,,4ef162320e09086a16f1e130b09a507d399438740647147560f339cd2aa60069
UNRESOLVED_IMAGE,2.0,157,1.9999999999999998,1.1102230246251565e-16,0.8413447460685429,0.833984375,0.03229306285936776,False,SUPPORTED,,4ef162320e09086a16f1e130b09a507d399438740647147560f339cd2aa60069
TOTAL_FLUX,2.0,157,1.9999999999999998,1.1102230246251565e-16,0.8413447460685429,0.873046875,0.03229306285936776,False,SUPPORTED,,4ef162320e09086a16f1e130b09a507d399438740647147560f339cd2aa60069
DIRECT_PHYSICAL,2.0,158,1.9999999999999993,3.3306690738754696e-16,0.8413447460685428,0.84765625,0.032293062859367776,False,SUPPORTED,,4ef162320e09086a16f1e130b09a507d399438740647147560f339cd2aa60069
RESOLVED_PHYSICAL,2.0,158,2.0,0.0,0.8413447460685429,0.873046875,0.03229306285936776,False,SUPPORTED,,4ef162320e09086a16f1e130b09a507d399438740647147560f339cd2aa60069
UNRESOLVED_IMAGE,2.0,158,1.9999999999999996,2.220446049250313e-16,0.8413447460685429,0.830078125,0.03229306285936776,False,SUPPORTED,,4ef162320e09086a16f1e130b09a507d399438740647147560f339cd2aa60069
TOTAL_FLUX,2.0,158,2.0,0.0,0.8413447460685429,0.84765625,0.03229306285936776,False,SUPPORTED,,4ef162320e09086a16f1e130b09a507d399438740647147560f339cd2aa60069
DIRECT_PHYSICAL,2.0,159,2.0,0.0,0.8413447460685429,0.87109375,0.03229306285936776,False,SUPPORTED,,4ef162320e09086a16f1e130b09a507d399438740647147560f339cd2aa60069
RESOLVED_PHYSICAL,2.0,159,2.0,0.0,0.8413447460685429,0.828125,0.03229306285936776,False,SUPPORTED,,4ef162320e09086a16f1e130b09a507d399438740647147560f339cd2aa60069
UNRESOLVED_IMAGE,2.0,159,2.0,0.0,0.8413447460685429,0.82421875,0.03229306285936776,False,SUPPORTED,,4ef162320e09086a16f1e130b09a507d399438740647147560f339cd2aa60069
TOTAL_FLUX,2.0,159,1.9999999999999993,3.3306690738754696e-16,0.8413447460685428,0.84375,0.032293062859367776,False,SUPPORTED,,4ef162320e09086a16f1e130b09a507d399438740647147560f339cd2aa60069
DIRECT_PHYSICAL,2.0,160,2.0,0.0,0.8413447460685429,0.849609375,0.03229306285936776,False,SUPPORTED,,4ef162320e09086a16f1e130b09a507d399438740647147560f339cd2aa60069
RESOLVED_PHYSICAL,2.0,160,1.9999999999999998,1.1102230246251565e-16,0.8413447460685429,0.833984375,0.03229306285936776,False,SUPPORTED,,4ef162320e09086a16f1e130b09a507d399438740647147560f339cd2aa60069
UNRESOLVED_IMAGE,2.0,160,2.0,0.0,0.8413447460685429,0.841796875,0.03229306285936776,False,SUPPORTED,,4ef162320e09086a16f1e130b09a507d399438740647147560f339cd2aa60069
TOTAL_FLUX,2.0,160,2.0,0.0,0.8413447460685429,0.84765625,0.03229306285936776,False,SUPPORTED,,4ef162320e09086a16f1e130b09a507d399438740647147560f339cd2aa60069
DIRECT_PHYSICAL,2.0,161,2.0,0.0,0.8413447460685429,0.86328125,0.03229306285936776,False,SUPPORTED,,4ef162320e09086a16f1e130b09a507d399438740647147560f339cd2aa60069
RESOLVED_PHYSICAL,2.0,161,2.0,0.0,0.8413447460685429,0.818359375,0.03229306285936776,False,SUPPORTED,,4ef162320e09086a16f1e130b09a507d399438740647147560f339cd2aa60069
UNRESOLVED_IMAGE,2.0,161,1.9999999999999998,1.1102230246251565e-16,0.8413447460685429,0.826171875,0.03229306285936776,False,SUPPORTED,,4ef162320e09086a16f1e130b09a507d399438740647147560f339cd2aa60069
TOTAL_FLUX,2.0,161,1.9999999999999991,4.440892098500626e-16,0.8413447460685428,0.826171875,0.032293062859367776,False,SUPPORTED,,4ef162320e09086a16f1e130b09a507d399438740647147560f339cd2aa60069
DIRECT_PHYSICAL,2.0,162,2.0,0.0,0.8413447460685429,0.845703125,0.03229306285936776,False,SUPPORTED,,4ef162320e09086a16f1e130b09a507d399438740647147560f339cd2aa60069
RESOLVED_PHYSICAL,2.0,162,2.0,0.0,0.8413447460685429,0.849609375,0.03229306285936776,False,SUPPORTED,,4ef162320e09086a16f1e130b09a507d399438740647147560f339cd2aa60069
UNRESOLVED_IMAGE,2.0,162,2.0,0.0,0.8413447460685429,0.833984375,0.03229306285936776,False,SUPPORTED,,4ef162320e09086a16f1e130b09a507d399438740647147560f339cd2aa60069
TOTAL_FLUX,2.0,162,1.9999999999999991,4.440892098500626e-16,0.8413447460685428,0.8359375,0.032293062859367776,False,SUPPORTED,,4ef162320e09086a16f1e130b09a507d399438740647147560f339cd2aa60069
DIRECT_PHYSICAL,2.0,163,1.9999999999999993,3.3306690738754696e-16,0.8413447460685428,0.841796875,0.032293062859367776,False,SUPPORTED,,4ef162320e09086a16f1e130b09a507d399438740647147560f339cd2aa60069
RESOLVED_PHYSICAL,2.0,163,1.9999999999999996,2.220446049250313e-16,0.8413447460685429,0.84765625,0.03229306285936776,False,SUPPORTED,,4ef162320e09086a16f1e130b09a507d399438740647147560f339cd2aa60069
UNRESOLVED_IMAGE,2.0,163,2.0,0.0,0.8413447460685429,0.849609375,0.03229306285936776,False,SUPPORTED,,4ef162320e09086a16f1e130b09a507d399438740647147560f339cd2aa60069
TOTAL_FLUX,2.0,163,1.9999999999999978,1.1102230246251565e-15,0.8413447460685426,0.845703125,0.032293062859367797,False,SUPPORTED,,4ef162320e09086a16f1e130b09a507d399438740647147560f339cd2aa60069
DIRECT_PHYSICAL,2.0,164,1.9999999999999996,2.220446049250313e-16,0.8413447460685429,0.83203125,0.03229306285936776,False,SUPPORTED,,4ef162320e09086a16f1e130b09a507d399438740647147560f339cd2aa60069
RESOLVED_PHYSICAL,2.0,164,1.9999999999999998,1.1102230246251565e-16,0.8413447460685429,0.8671875,0.03229306285936776,False,SUPPORTED,,4ef162320e09086a16f1e130b09a507d399438740647147560f339cd2aa60069
UNRESOLVED_IMAGE,2.0,164,2.0,0.0,0.8413447460685429,0.810546875,0.03229306285936776,False,SUPPORTED,,4ef162320e09086a16f1e130b09a507d399438740647147560f339cd2aa60069
TOTAL_FLUX,2.0,164,1.9999999999999993,3.3306690738754696e-16,0.8413447460685428,0.822265625,0.032293062859367776,False,SUPPORTED,,4ef162320e09086a16f1e130b09a507d399438740647147560f339cd2aa60069
DIRECT_PHYSICAL,2.0,165,2.0,0.0,0.8413447460685429,0.841796875,0.03229306285936776,False,SUPPORTED,,4ef162320e09086a16f1e130b09a507d399438740647147560f339cd2aa60069
RESOLVED_PHYSICAL,2.0,165,2.0,0.0,0.8413447460685429,0.849609375,0.03229306285936776,False,SUPPORTED,,4ef162320e09086a16f1e130b09a507d399438740647147560f339cd2aa60069
UNRESOLVED_IMAGE,2.0,165,2.0,0.0,0.8413447460685429,0.8203125,0.03229306285936776,False,SUPPORTED,,4ef162320e09086a16f1e130b09a507d399438740647147560f339cd2aa60069
TOTAL_FLUX,2.0,165,1.9999999999999991,4.440892098500626e-16,0.8413447460685428,0.857421875,0.032293062859367776,False,SUPPORTED,,4ef162320e09086a16f1e130b09a507d399438740647147560f339cd2aa60069
DIRECT_PHYSICAL,2.0,166,1.9999999999999998,1.1102230246251565e-16,0.8413447460685429,0.83984375,0.03229306285936776,False,SUPPORTED,,4ef162320e09086a16f1e130b09a507d399438740647147560f339cd2aa60069
RESOLVED_PHYSICAL,2.0,166,2.0,0.0,0.8413447460685429,0.83984375,0.03229306285936776,False,SUPPORTED,,4ef162320e09086a16f1e130b09a507d399438740647147560f339cd2aa60069
UNRESOLVED_IMAGE,2.0,166,2.0,0.0,0.8413447460685429,0.8671875,0.03229306285936776,False,SUPPORTED,,4ef162320e09086a16f1e130b09a507d399438740647147560f339cd2aa60069
TOTAL_FLUX,2.0,166,1.999999999999999,5.551115123125783e-16,0.8413447460685428,0.873046875,0.032293062859367776,False,SUPPORTED,,4ef162320e09086a16f1e130b09a507d399438740647147560f339cd2aa60069
DIRECT_PHYSICAL,2.0,167,2.0,0.0,0.8413447460685429,0.84765625,0.03229306285936776,False,SUPPORTED,,4ef162320e09086a16f1e130b09a507d399438740647147560f339cd2aa60069
RESOLVED_PHYSICAL,2.0,167,2.0,0.0,0.8413447460685429,0.82421875,0.03229306285936776,False,SUPPORTED,,4ef162320e09086a16f1e130b09a507d399438740647147560f339cd2aa60069
UNRESOLVED_IMAGE,2.0,167,2.0,0.0,0.8413447460685429,0.84765625,0.03229306285936776,False,SUPPORTED,,4ef162320e09086a16f1e130b09a507d399438740647147560f339cd2aa60069
TOTAL_FLUX,2.0,167,1.9999999999999996,2.220446049250313e-16,0.8413447460685429,0.83203125,0.03229306285936776,False,SUPPORTED,,4ef162320e09086a16f1e130b09a507d399438740647147560f339cd2aa60069
DIRECT_PHYSICAL,2.0,168,2.0,0.0,0.8413447460685429,0.857421875,0.03229306285936776,False,SUPPORTED,,4ef162320e09086a16f1e130b09a507d399438740647147560f339cd2aa60069
RESOLVED_PHYSICAL,2.0,168,2.0,0.0,0.8413447460685429,0.845703125,0.03229306285936776,False,SUPPORTED,,4ef162320e09086a16f1e130b09a507d399438740647147560f339cd2aa60069
UNRESOLVED_IMAGE,2.0,168,2.0,0.0,0.8413447460685429,0.841796875,0.03229306285936776,False,SUPPORTED,,4ef162320e09086a16f1e130b09a507d399438740647147560f339cd2aa60069
TOTAL_FLUX,2.0,168,1.999999999999999,5.551115123125783e-16,0.8413447460685428,0.833984375,0.032293062859367776,False,SUPPORTED,,4ef162320e09086a16f1e130b09a507d399438740647147560f339cd2aa60069
DIRECT_PHYSICAL,2.0,169,2.0,0.0,0.8413447460685429,0.8203125,0.03229306285936776,False,SUPPORTED,,4ef162320e09086a16f1e130b09a507d399438740647147560f339cd2aa60069
RESOLVED_PHYSICAL,2.0,169,1.9999999999999998,1.1102230246251565e-16,0.8413447460685429,0.818359375,0.03229306285936776,False,SUPPORTED,,4ef162320e09086a16f1e130b09a507d399438740647147560f339cd2aa60069
UNRESOLVED_IMAGE,2.0,169,2.0,0.0,0.8413447460685429,0.83984375,0.03229306285936776,False,SUPPORTED,,4ef162320e09086a16f1e130b09a507d399438740647147560f339cd2aa60069
TOTAL_FLUX,2.0,169,1.9999999999999993,3.3306690738754696e-16,0.8413447460685428,0.830078125,0.032293062859367776,False,SUPPORTED,,4ef162320e09086a16f1e130b09a507d399438740647147560f339cd2aa60069
DIRECT_PHYSICAL,2.0,170,1.9999999999999998,1.1102230246251565e-16,0.8413447460685429,0.83203125,0.03229306285936776,False,SUPPORTED,,4ef162320e09086a16f1e130b09a507d399438740647147560f339cd2aa60069
RESOLVED_PHYSICAL,2.0,170,2.0,0.0,0.8413447460685429,0.845703125,0.03229306285936776,False,SUPPORTED,,4ef162320e09086a16f1e130b09a507d399438740647147560f339cd2aa60069
UNRESOLVED_IMAGE,2.0,170,2.0,0.0,0.8413447460685429,0.822265625,0.03229306285936776,False,SUPPORTED,,4ef162320e09086a16f1e130b09a507d399438740647147560f339cd2aa60069
TOTAL_FLUX,2.0,170,1.999999999999999,5.551115123125783e-16,0.8413447460685428,0.845703125,0.032293062859367776,False,SUPPORTED,,4ef162320e09086a16f1e130b09a507d399438740647147560f339cd2aa60069
DIRECT_PHYSICAL,2.0,171,1.9999999999999998,1.1102230246251565e-16,0.8413447460685429,0.845703125,0.03229306285936776,False,SUPPORTED,,4ef162320e09086a16f1e130b09a507d399438740647147560f339cd2aa60069
RESOLVED_PHYSICAL,2.0,171,2.0,0.0,0.8413447460685429,0.830078125,0.03229306285936776,False,SUPPORTED,,4ef162320e09086a16f1e130b09a507d399438740647147560f339cd2aa60069
UNRESOLVED_IMAGE,2.0,171,1.9999999999999996,2.220446049250313e-16,0.8413447460685429,0.822265625,0.03229306285936776,False,SUPPORTED,,4ef162320e09086a16f1e130b09a507d399438740647147560f339cd2aa60069
TOTAL_FLUX,2.0,171,2.0,0.0,0.8413447460685429,0.8515625,0.03229306285936776,False,SUPPORTED,,4ef162320e09086a16f1e130b09a507d399438740647147560f339cd2aa60069
DIRECT_PHYSICAL,2.0,172,2.0,0.0,0.8413447460685429,0.826171875,0.03229306285936776,False,SUPPORTED,,4ef162320e09086a16f1e130b09a507d399438740647147560f339cd2aa60069
RESOLVED_PHYSICAL,2.0,172,2.0,0.0,0.8413447460685429,0.87109375,0.03229306285936776,False,SUPPORTED,,4ef162320e09086a16f1e130b09a507d399438740647147560f339cd2aa60069
UNRESOLVED_IMAGE,2.0,172,2.0,0.0,0.8413447460685429,0.857421875,0.03229306285936776,False,SUPPORTED,,4ef162320e09086a16f1e130b09a507d399438740647147560f339cd2aa60069
TOTAL_FLUX,2.0,172,2.0000000000000004,2.220446049250313e-16,0.841344746068543,0.876953125,0.032293062859367755,True,SUPPORTED,,4ef162320e09086a16f1e130b09a507d399438740647147560f339cd2aa60069
DIRECT_PHYSICAL,2.0,173,2.0,0.0,0.8413447460685429,0.83203125,0.03229306285936776,False,SUPPORTED,,4ef162320e09086a16f1e130b09a507d399438740647147560f339cd2aa60069
RESOLVED_PHYSICAL,2.0,173,2.0,0.0,0.8413447460685429,0.8359375,0.03229306285936776,False,SUPPORTED,,4ef162320e09086a16f1e130b09a507d399438740647147560f339cd2aa60069
UNRESOLVED_IMAGE,2.0,173,1.9999999999999998,1.1102230246251565e-16,0.8413447460685429,0.810546875,0.03229306285936776,False,SUPPORTED,,4ef162320e09086a16f1e130b09a507d399438740647147560f339cd2aa60069
TOTAL_FLUX,2.0,173,2.0000000000000013,6.661338147750939e-16,0.841344746068543,0.837890625,0.032293062859367755,False,SUPPORTED,,4ef162320e09086a16f1e130b09a507d399438740647147560f339cd2aa60069
DIRECT_PHYSICAL,2.0,174,1.9999999999999996,2.220446049250313e-16,0.8413447460685429,0.806640625,0.03229306285936776,False,SUPPORTED,,4ef162320e09086a16f1e130b09a507d399438740647147560f339cd2aa60069
RESOLVED_PHYSICAL,2.0,174,2.0,0.0,0.8413447460685429,0.830078125,0.03229306285936776,False,SUPPORTED,,4ef162320e09086a16f1e130b09a507d399438740647147560f339cd2aa60069
UNRESOLVED_IMAGE,2.0,174,2.0,0.0,0.8413447460685429,0.88671875,0.03229306285936776,True,SUPPORTED,,4ef162320e09086a16f1e130b09a507d399438740647147560f339cd2aa60069
TOTAL_FLUX,2.0,174,1.9999999999999996,2.220446049250313e-16,0.8413447460685429,0.84765625,0.03229306285936776,False,SUPPORTED,,4ef162320e09086a16f1e130b09a507d399438740647147560f339cd2aa60069
DIRECT_PHYSICAL,2.0,175,2.0,0.0,0.8413447460685429,0.83203125,0.03229306285936776,False,SUPPORTED,,4ef162320e09086a16f1e130b09a507d399438740647147560f339cd2aa60069
RESOLVED_PHYSICAL,2.0,175,1.9999999999999993,3.3306690738754696e-16,0.8413447460685428,0.828125,0.032293062859367776,False,SUPPORTED,,4ef162320e09086a16f1e130b09a507d399438740647147560f339cd2aa60069
UNRESOLVED_IMAGE,2.0,175,2.0,0.0,0.8413447460685429,0.8359375,0.03229306285936776,False,SUPPORTED,,4ef162320e09086a16f1e130b09a507d399438740647147560f339cd2aa60069
TOTAL_FLUX,2.0,175,2.0,0.0,0.8413447460685429,0.853515625,0.03229306285936776,False,SUPPORTED,,4ef162320e09086a16f1e130b09a507d399438740647147560f339cd2aa60069
DIRECT_PHYSICAL,2.0,176,1.9999999999999996,2.220446049250313e-16,0.8413447460685429,0.8046875,0.03229306285936776,False,SUPPORTED,,4ef162320e09086a16f1e130b09a507d399438740647147560f339cd2aa60069
RESOLVED_PHYSICAL,2.0,176,1.9999999999999998,1.1102230246251565e-16,0.8413447460685429,0.85546875,0.03229306285936776,False,SUPPORTED,,4ef162320e09086a16f1e130b09a507d399438740647147560f339cd2aa60069
UNRESOLVED_IMAGE,2.0,176,2.0,0.0,0.8413447460685429,0.841796875,0.03229306285936776,False,SUPPORTED,,4ef162320e09086a16f1e130b09a507d399438740647147560f339cd2aa60069
TOTAL_FLUX,2.0,176,2.0000000000000004,2.220446049250313e-16,0.841344746068543,0.853515625,0.032293062859367755,False,SUPPORTED,,4ef162320e09086a16f1e130b09a507d399438740647147560f339cd2aa60069
DIRECT_PHYSICAL,2.0,177,1.9999999999999996,2.220446049250313e-16,0.8413447460685429,0.83203125,0.03229306285936776,False,SUPPORTED,,4ef162320e09086a16f1e130b09a507d399438740647147560f339cd2aa60069
RESOLVED_PHYSICAL,2.0,177,1.9999999999999998,1.1102230246251565e-16,0.8413447460685429,0.845703125,0.03229306285936776,False,SUPPORTED,,4ef162320e09086a16f1e130b09a507d399438740647147560f339cd2aa60069
UNRESOLVED_IMAGE,2.0,177,2.0,0.0,0.8413447460685429,0.837890625,0.03229306285936776,False,SUPPORTED,,4ef162320e09086a16f1e130b09a507d399438740647147560f339cd2aa60069
TOTAL_FLUX,2.0,177,2.0,0.0,0.8413447460685429,0.85546875,0.03229306285936776,False,SUPPORTED,,4ef162320e09086a16f1e130b09a507d399438740647147560f339cd2aa60069
DIRECT_PHYSICAL,2.0,178,1.9999999999999998,1.1102230246251565e-16,0.8413447460685429,0.8359375,0.03229306285936776,False,SUPPORTED,,4ef162320e09086a16f1e130b09a507d399438740647147560f339cd2aa60069
RESOLVED_PHYSICAL,2.0,178,1.9999999999999998,1.1102230246251565e-16,0.8413447460685429,0.85546875,0.03229306285936776,False,SUPPORTED,,4ef162320e09086a16f1e130b09a507d399438740647147560f339cd2aa60069
UNRESOLVED_IMAGE,2.0,178,2.0000000000000004,2.220446049250313e-16,0.841344746068543,0.857421875,0.032293062859367755,False,SUPPORTED,,4ef162320e09086a16f1e130b09a507d399438740647147560f339cd2aa60069
TOTAL_FLUX,2.0,178,1.9999999999999998,1.1102230246251565e-16,0.8413447460685429,0.81640625,0.03229306285936776,False,SUPPORTED,,4ef162320e09086a16f1e130b09a507d399438740647147560f339cd2aa60069
DIRECT_PHYSICAL,2.0,179,1.9999999999999996,2.220446049250313e-16,0.8413447460685429,0.859375,0.03229306285936776,False,SUPPORTED,,4ef162320e09086a16f1e130b09a507d399438740647147560f339cd2aa60069
RESOLVED_PHYSICAL,2.0,179,2.0,0.0,0.8413447460685429,0.8125,0.03229306285936776,False,SUPPORTED,,4ef162320e09086a16f1e130b09a507d399438740647147560f339cd2aa60069
UNRESOLVED_IMAGE,2.0,179,2.0,0.0,0.8413447460685429,0.83203125,0.03229306285936776,False,SUPPORTED,,4ef162320e09086a16f1e130b09a507d399438740647147560f339cd2aa60069
TOTAL_FLUX,2.0,179,2.0000000000000004,2.220446049250313e-16,0.841344746068543,0.83203125,0.032293062859367755,False,SUPPORTED,,4ef162320e09086a16f1e130b09a507d399438740647147560f339cd2aa60069
DIRECT_PHYSICAL,2.0,180,1.9999999999999998,1.1102230246251565e-16,0.8413447460685429,0.841796875,0.03229306285936776,False,SUPPORTED,,4ef162320e09086a16f1e130b09a507d399438740647147560f339cd2aa60069
RESOLVED_PHYSICAL,2.0,180,2.0,0.0,0.8413447460685429,0.83984375,0.03229306285936776,False,SUPPORTED,,4ef162320e09086a16f1e130b09a507d399438740647147560f339cd2aa60069
UNRESOLVED_IMAGE,2.0,180,2.0000000000000004,2.220446049250313e-16,0.841344746068543,0.853515625,0.032293062859367755,False,SUPPORTED,,4ef162320e09086a16f1e130b09a507d399438740647147560f339cd2aa60069
TOTAL_FLUX,2.0,180,2.0000000000000004,2.220446049250313e-16,0.841344746068543,0.8359375,0.032293062859367755,False,SUPPORTED,,4ef162320e09086a16f1e130b09a507d399438740647147560f339cd2aa60069
DIRECT_PHYSICAL,2.0,181,2.0,0.0,0.8413447460685429,0.84765625,0.03229306285936776,False,SUPPORTED,,4ef162320e09086a16f1e130b09a507d399438740647147560f339cd2aa60069
RESOLVED_PHYSICAL,2.0,181,2.0000000000000004,2.220446049250313e-16,0.841344746068543,0.849609375,0.032293062859367755,False,SUPPORTED,,4ef162320e09086a16f1e130b09a507d399438740647147560f339cd2aa60069
UNRESOLVED_IMAGE,2.0,181,1.9999999999999996,2.220446049250313e-16,0.8413447460685429,0.849609375,0.03229306285936776,False,SUPPORTED,,4ef162320e09086a16f1e130b09a507d399438740647147560f339cd2aa60069
TOTAL_FLUX,2.0,181,1.9999999999999987,6.661338147750939e-16,0.8413447460685428,0.83203125,0.032293062859367776,False,SUPPORTED,,4ef162320e09086a16f1e130b09a507d399438740647147560f339cd2aa60069
DIRECT_PHYSICAL,2.0,182,2.0,0.0,0.8413447460685429,0.857421875,0.03229306285936776,False,SUPPORTED,,4ef162320e09086a16f1e130b09a507d399438740647147560f339cd2aa60069
RESOLVED_PHYSICAL,2.0,182,2.0,0.0,0.8413447460685429,0.841796875,0.03229306285936776,False,SUPPORTED,,4ef162320e09086a16f1e130b09a507d399438740647147560f339cd2aa60069
UNRESOLVED_IMAGE,2.0,182,2.0,0.0,0.8413447460685429,0.8515625,0.03229306285936776,False,SUPPORTED,,4ef162320e09086a16f1e130b09a507d399438740647147560f339cd2aa60069
TOTAL_FLUX,2.0,182,1.9999999999999998,1.1102230246251565e-16,0.8413447460685429,0.810546875,0.03229306285936776,False,SUPPORTED,,4ef162320e09086a16f1e130b09a507d399438740647147560f339cd2aa60069
DIRECT_PHYSICAL,2.0,183,2.0,0.0,0.8413447460685429,0.8515625,0.03229306285936776,False,SUPPORTED,,4ef162320e09086a16f1e130b09a507d399438740647147560f339cd2aa60069
RESOLVED_PHYSICAL,2.0,183,1.9999999999999996,2.220446049250313e-16,0.8413447460685429,0.8515625,0.03229306285936776,False,SUPPORTED,,4ef162320e09086a16f1e130b09a507d399438740647147560f339cd2aa60069
UNRESOLVED_IMAGE,2.0,183,2.0,0.0,0.8413447460685429,0.8359375,0.03229306285936776,False,SUPPORTED,,4ef162320e09086a16f1e130b09a507d399438740647147560f339cd2aa60069
TOTAL_FLUX,2.0,183,1.9999999999999998,1.1102230246251565e-16,0.8413447460685429,0.814453125,0.03229306285936776,False,SUPPORTED,,4ef162320e09086a16f1e130b09a507d399438740647147560f339cd2aa60069
DIRECT_PHYSICAL,2.0,184,2.0,0.0,0.8413447460685429,0.830078125,0.03229306285936776,False,SUPPORTED,,4ef162320e09086a16f1e130b09a507d399438740647147560f339cd2aa60069
RESOLVED_PHYSICAL,2.0,184,2.0,0.0,0.8413447460685429,0.81640625,0.03229306285936776,False,SUPPORTED,,4ef162320e09086a16f1e130b09a507d399438740647147560f339cd2aa60069
UNRESOLVED_IMAGE,2.0,184,2.0,0.0,0.8413447460685429,0.828125,0.03229306285936776,False,SUPPORTED,,4ef162320e09086a16f1e130b09a507d399438740647147560f339cd2aa60069
TOTAL_FLUX,2.0,184,2.0,0.0,0.8413447460685429,0.849609375,0.03229306285936776,False,SUPPORTED,,4ef162320e09086a16f1e130b09a507d399438740647147560f339cd2aa60069
DIRECT_PHYSICAL,2.0,185,1.9999999999999996,2.220446049250313e-16,0.8413447460685429,0.845703125,0.03229306285936776,False,SUPPORTED,,4ef162320e09086a16f1e130b09a507d399438740647147560f339cd2aa60069
RESOLVED_PHYSICAL,2.0,185,1.9999999999999998,1.1102230246251565e-16,0.8413447460685429,0.849609375,0.03229306285936776,False,SUPPORTED,,4ef162320e09086a16f1e130b09a507d399438740647147560f339cd2aa60069
UNRESOLVED_IMAGE,2.0,185,2.0,0.0,0.8413447460685429,0.865234375,0.03229306285936776,False,SUPPORTED,,4ef162320e09086a16f1e130b09a507d399438740647147560f339cd2aa60069
TOTAL_FLUX,2.0,185,1.9999999999999984,7.771561172376096e-16,0.8413447460685428,0.828125,0.032293062859367776,False,SUPPORTED,,4ef162320e09086a16f1e130b09a507d399438740647147560f339cd2aa60069
DIRECT_PHYSICAL,2.0,186,1.9999999999999998,1.1102230246251565e-16,0.8413447460685429,0.830078125,0.03229306285936776,False,SUPPORTED,,4ef162320e09086a16f1e130b09a507d399438740647147560f339cd2aa60069
RESOLVED_PHYSICAL,2.0,186,1.9999999999999998,1.1102230246251565e-16,0.8413447460685429,0.845703125,0.03229306285936776,False,SUPPORTED,,4ef162320e09086a16f1e130b09a507d399438740647147560f339cd2aa60069
UNRESOLVED_IMAGE,2.0,186,1.9999999999999998,1.1102230246251565e-16,0.8413447460685429,0.818359375,0.03229306285936776,False,SUPPORTED,,4ef162320e09086a16f1e130b09a507d399438740647147560f339cd2aa60069
TOTAL_FLUX,2.0,186,1.999999999999999,5.551115123125783e-16,0.8413447460685428,0.853515625,0.032293062859367776,False,SUPPORTED,,4ef162320e09086a16f1e130b09a507d399438740647147560f339cd2aa60069
DIRECT_PHYSICAL,2.0,187,1.9999999999999993,3.3306690738754696e-16,0.8413447460685428,0.82421875,0.032293062859367776,False,SUPPORTED,,4ef162320e09086a16f1e130b09a507d399438740647147560f339cd2aa60069
RESOLVED_PHYSICAL,2.0,187,1.9999999999999998,1.1102230246251565e-16,0.8413447460685429,0.828125,0.03229306285936776,False,SUPPORTED,,4ef162320e09086a16f1e130b09a507d399438740647147560f339cd2aa60069
UNRESOLVED_IMAGE,2.0,187,2.0,0.0,0.8413447460685429,0.83984375,0.03229306285936776,False,SUPPORTED,,4ef162320e09086a16f1e130b09a507d399438740647147560f339cd2aa60069
TOTAL_FLUX,2.0,187,1.9999999999999991,4.440892098500626e-16,0.8413447460685428,0.8203125,0.032293062859367776,False,SUPPORTED,,4ef162320e09086a16f1e130b09a507d399438740647147560f339cd2aa60069
DIRECT_PHYSICAL,2.0,188,2.0,0.0,0.8413447460685429,0.833984375,0.03229306285936776,False,SUPPORTED,,4ef162320e09086a16f1e130b09a507d399438740647147560f339cd2aa60069
RESOLVED_PHYSICAL,2.0,188,2.0,0.0,0.8413447460685429,0.861328125,0.03229306285936776,False,SUPPORTED,,4ef162320e09086a16f1e130b09a507d399438740647147560f339cd2aa60069
UNRESOLVED_IMAGE,2.0,188,1.9999999999999996,2.220446049250313e-16,0.8413447460685429,0.84375,0.03229306285936776,False,SUPPORTED,,4ef162320e09086a16f1e130b09a507d399438740647147560f339cd2aa60069
TOTAL_FLUX,2.0,188,1.9999999999999998,1.1102230246251565e-16,0.8413447460685429,0.828125,0.03229306285936776,False,SUPPORTED,,4ef162320e09086a16f1e130b09a507d399438740647147560f339cd2aa60069
DIRECT_PHYSICAL,2.0,189,2.0,0.0,0.8413447460685429,0.83203125,0.03229306285936776,False,SUPPORTED,,4ef162320e09086a16f1e130b09a507d399438740647147560f339cd2aa60069
RESOLVED_PHYSICAL,2.0,189,2.0,0.0,0.8413447460685429,0.837890625,0.03229306285936776,False,SUPPORTED,,4ef162320e09086a16f1e130b09a507d399438740647147560f339cd2aa60069
UNRESOLVED_IMAGE,2.0,189,2.0000000000000004,2.220446049250313e-16,0.841344746068543,0.845703125,0.032293062859367755,False,SUPPORTED,,4ef162320e09086a16f1e130b09a507d399438740647147560f339cd2aa60069
TOTAL_FLUX,2.0,189,2.0,0.0,0.8413447460685429,0.857421875,0.03229306285936776,False,SUPPORTED,,4ef162320e09086a16f1e130b09a507d399438740647147560f339cd2aa60069
DIRECT_PHYSICAL,2.0,190,2.0000000000000004,2.220446049250313e-16,0.841344746068543,0.859375,0.032293062859367755,False,SUPPORTED,,4ef162320e09086a16f1e130b09a507d399438740647147560f339cd2aa60069
RESOLVED_PHYSICAL,2.0,190,2.0000000000000004,2.220446049250313e-16,0.841344746068543,0.830078125,0.032293062859367755,False,SUPPORTED,,4ef162320e09086a16f1e130b09a507d399438740647147560f339cd2aa60069
UNRESOLVED_IMAGE,2.0,190,1.9999999999999996,2.220446049250313e-16,0.8413447460685429,0.85546875,0.03229306285936776,False,SUPPORTED,,4ef162320e09086a16f1e130b09a507d399438740647147560f339cd2aa60069
TOTAL_FLUX,2.0,190,1.9999999999999996,2.220446049250313e-16,0.8413447460685429,0.84375,0.03229306285936776,False,SUPPORTED,,4ef162320e09086a16f1e130b09a507d399438740647147560f339cd2aa60069
DIRECT_PHYSICAL,2.0,191,1.9999999999999993,3.3306690738754696e-16,0.8413447460685428,0.82421875,0.032293062859367776,False,SUPPORTED,,4ef162320e09086a16f1e130b09a507d399438740647147560f339cd2aa60069
RESOLVED_PHYSICAL,2.0,191,2.0,0.0,0.8413447460685429,0.837890625,0.03229306285936776,False,SUPPORTED,,4ef162320e09086a16f1e130b09a507d399438740647147560f339cd2aa60069
UNRESOLVED_IMAGE,2.0,191,2.0,0.0,0.8413447460685429,0.822265625,0.03229306285936776,False,SUPPORTED,,4ef162320e09086a16f1e130b09a507d399438740647147560f339cd2aa60069
TOTAL_FLUX,2.0,191,2.0,0.0,0.8413447460685429,0.830078125,0.03229306285936776,False,SUPPORTED,,4ef162320e09086a16f1e130b09a507d399438740647147560f339cd2aa60069
DIRECT_PHYSICAL,2.0,192,2.0,0.0,0.8413447460685429,0.83203125,0.03229306285936776,False,SUPPORTED,,4ef162320e09086a16f1e130b09a507d399438740647147560f339cd2aa60069
RESOLVED_PHYSICAL,2.0,192,2.0,0.0,0.8413447460685429,0.82421875,0.03229306285936776,False,SUPPORTED,,4ef162320e09086a16f1e130b09a507d399438740647147560f339cd2aa60069
UNRESOLVED_IMAGE,2.0,192,1.9999999999999996,2.220446049250313e-16,0.8413447460685429,0.833984375,0.03229306285936776,False,SUPPORTED,,4ef162320e09086a16f1e130b09a507d399438740647147560f339cd2aa60069
TOTAL_FLUX,2.0,192,2.000000000000001,4.440892098500626e-16,0.841344746068543,0.849609375,0.032293062859367755,False,SUPPORTED,,4ef162320e09086a16f1e130b09a507d399438740647147560f339cd2aa60069
DIRECT_PHYSICAL,2.0,193,1.9999999999999998,1.1102230246251565e-16,0.8413447460685429,0.830078125,0.03229306285936776,False,SUPPORTED,,4ef162320e09086a16f1e130b09a507d399438740647147560f339cd2aa60069
RESOLVED_PHYSICAL,2.0,193,2.0000000000000004,2.220446049250313e-16,0.841344746068543,0.837890625,0.032293062859367755,False,SUPPORTED,,4ef162320e09086a16f1e130b09a507d399438740647147560f339cd2aa60069
UNRESOLVED_IMAGE,2.0,193,2.0,0.0,0.8413447460685429,0.837890625,0.03229306285936776,False,SUPPORTED,,4ef162320e09086a16f1e130b09a507d399438740647147560f339cd2aa60069
TOTAL_FLUX,2.0,193,1.9999999999999993,3.3306690738754696e-16,0.8413447460685428,0.82421875,0.032293062859367776,False,SUPPORTED,,4ef162320e09086a16f1e130b09a507d399438740647147560f339cd2aa60069
DIRECT_PHYSICAL,2.0,194,2.0000000000000004,2.220446049250313e-16,0.841344746068543,0.837890625,0.032293062859367755,False,SUPPORTED,,4ef162320e09086a16f1e130b09a507d399438740647147560f339cd2aa60069
RESOLVED_PHYSICAL,2.0,194,1.9999999999999996,2.220446049250313e-16,0.8413447460685429,0.833984375,0.03229306285936776,False,SUPPORTED,,4ef162320e09086a16f1e130b09a507d399438740647147560f339cd2aa60069
UNRESOLVED_IMAGE,2.0,194,1.9999999999999998,1.1102230246251565e-16,0.8413447460685429,0.826171875,0.03229306285936776,False,SUPPORTED,,4ef162320e09086a16f1e130b09a507d399438740647147560f339cd2aa60069
TOTAL_FLUX,2.0,194,1.9999999999999978,1.1102230246251565e-15,0.8413447460685426,0.822265625,0.032293062859367797,False,SUPPORTED,,4ef162320e09086a16f1e130b09a507d399438740647147560f339cd2aa60069
DIRECT_PHYSICAL,2.0,195,1.9999999999999996,2.220446049250313e-16,0.8413447460685429,0.84765625,0.03229306285936776,False,SUPPORTED,,4ef162320e09086a16f1e130b09a507d399438740647147560f339cd2aa60069
RESOLVED_PHYSICAL,2.0,195,1.9999999999999993,3.3306690738754696e-16,0.8413447460685428,0.83984375,0.032293062859367776,False,SUPPORTED,,4ef162320e09086a16f1e130b09a507d399438740647147560f339cd2aa60069
UNRESOLVED_IMAGE,2.0,195,2.0000000000000004,2.220446049250313e-16,0.841344746068543,0.84765625,0.032293062859367755,False,SUPPORTED,,4ef162320e09086a16f1e130b09a507d399438740647147560f339cd2aa60069
TOTAL_FLUX,2.0,195,1.9999999999999984,7.771561172376096e-16,0.8413447460685428,0.83203125,0.032293062859367776,False,SUPPORTED,,4ef162320e09086a16f1e130b09a507d399438740647147560f339cd2aa60069
DIRECT_PHYSICAL,2.0,196,1.9999999999999998,1.1102230246251565e-16,0.8413447460685429,0.837890625,0.03229306285936776,False,SUPPORTED,,4ef162320e09086a16f1e130b09a507d399438740647147560f339cd2aa60069
RESOLVED_PHYSICAL,2.0,196,1.9999999999999996,2.220446049250313e-16,0.8413447460685429,0.845703125,0.03229306285936776,False,SUPPORTED,,4ef162320e09086a16f1e130b09a507d399438740647147560f339cd2aa60069
UNRESOLVED_IMAGE,2.0,196,1.9999999999999996,2.220446049250313e-16,0.8413447460685429,0.814453125,0.03229306285936776,False,SUPPORTED,,4ef162320e09086a16f1e130b09a507d399438740647147560f339cd2aa60069
TOTAL_FLUX,2.0,196,2.0,0.0,0.8413447460685429,0.83984375,0.03229306285936776,False,SUPPORTED,,4ef162320e09086a16f1e130b09a507d399438740647147560f339cd2aa60069
DIRECT_PHYSICAL,2.0,197,2.0,0.0,0.8413447460685429,0.84375,0.03229306285936776,False,SUPPORTED,,4ef162320e09086a16f1e130b09a507d399438740647147560f339cd2aa60069
RESOLVED_PHYSICAL,2.0,197,2.0000000000000004,2.220446049250313e-16,0.841344746068543,0.8515625,0.032293062859367755,False,SUPPORTED,,4ef162320e09086a16f1e130b09a507d399438740647147560f339cd2aa60069
UNRESOLVED_IMAGE,2.0,197,1.9999999999999998,1.1102230246251565e-16,0.8413447460685429,0.814453125,0.03229306285936776,False,SUPPORTED,,4ef162320e09086a16f1e130b09a507d399438740647147560f339cd2aa60069
TOTAL_FLUX,2.0,197,1.9999999999999996,2.220446049250313e-16,0.8413447460685429,0.849609375,0.03229306285936776,False,SUPPORTED,,4ef162320e09086a16f1e130b09a507d399438740647147560f339cd2aa60069
DIRECT_PHYSICAL,2.0,198,2.0000000000000004,2.220446049250313e-16,0.841344746068543,0.8515625,0.032293062859367755,False,SUPPORTED,,4ef162320e09086a16f1e130b09a507d399438740647147560f339cd2aa60069
RESOLVED_PHYSICAL,2.0,198,1.9999999999999998,1.1102230246251565e-16,0.8413447460685429,0.87109375,0.03229306285936776,False,SUPPORTED,,4ef162320e09086a16f1e130b09a507d399438740647147560f339cd2aa60069
UNRESOLVED_IMAGE,2.0,198,2.0000000000000004,2.220446049250313e-16,0.841344746068543,0.8359375,0.032293062859367755,False,SUPPORTED,,4ef162320e09086a16f1e130b09a507d399438740647147560f339cd2aa60069
TOTAL_FLUX,2.0,198,1.9999999999999993,3.3306690738754696e-16,0.8413447460685428,0.845703125,0.032293062859367776,False,SUPPORTED,,4ef162320e09086a16f1e130b09a507d399438740647147560f339cd2aa60069
DIRECT_PHYSICAL,2.0,199,1.9999999999999996,2.220446049250313e-16,0.8413447460685429,0.859375,0.03229306285936776,False,SUPPORTED,,4ef162320e09086a16f1e130b09a507d399438740647147560f339cd2aa60069
RESOLVED_PHYSICAL,2.0,199,2.0,0.0,0.8413447460685429,0.818359375,0.03229306285936776,False,SUPPORTED,,4ef162320e09086a16f1e130b09a507d399438740647147560f339cd2aa60069
UNRESOLVED_IMAGE,2.0,199,1.9999999999999998,1.1102230246251565e-16,0.8413447460685429,0.830078125,0.03229306285936776,False,SUPPORTED,,4ef162320e09086a16f1e130b09a507d399438740647147560f339cd2aa60069
TOTAL_FLUX,2.0,199,2.000000000000001,4.440892098500626e-16,0.841344746068543,0.83984375,0.032293062859367755,False,SUPPORTED,,4ef162320e09086a16f1e130b09a507d399438740647147560f339cd2aa60069
DIRECT_PHYSICAL,4.0,0,4.0,0.0,0.9772498680518208,0.9765625,0.013179222356053854,False,SUPPORTED,,4ef162320e09086a16f1e130b09a507d399438740647147560f339cd2aa60069
RESOLVED_PHYSICAL,4.0,0,4.0,0.0,0.9772498680518208,0.994140625,0.013179222356053854,True,SUPPORTED,,4ef162320e09086a16f1e130b09a507d399438740647147560f339cd2aa60069
UNRESOLVED_IMAGE,4.0,0,4.0,0.0,0.9772498680518208,0.97265625,0.013179222356053854,False,SUPPORTED,,4ef162320e09086a16f1e130b09a507d399438740647147560f339cd2aa60069
TOTAL_FLUX,4.0,0,3.999999999999997,7.771561172376096e-16,0.9772498680518207,0.986328125,0.013179222356053887,False,SUPPORTED,,4ef162320e09086a16f1e130b09a507d399438740647147560f339cd2aa60069
DIRECT_PHYSICAL,4.0,1,3.9999999999999996,1.1102230246251565e-16,0.9772498680518208,0.98046875,0.013179222356053854,False,SUPPORTED,,4ef162320e09086a16f1e130b09a507d399438740647147560f339cd2aa60069
RESOLVED_PHYSICAL,4.0,1,3.999999999999999,2.220446049250313e-16,0.9772498680518208,0.974609375,0.013179222356053854,False,SUPPORTED,,4ef162320e09086a16f1e130b09a507d399438740647147560f339cd2aa60069
UNRESOLVED_IMAGE,4.0,1,4.000000000000001,2.220446049250313e-16,0.9772498680518208,0.974609375,0.013179222356053854,False,SUPPORTED,,4ef162320e09086a16f1e130b09a507d399438740647147560f339cd2aa60069
TOTAL_FLUX,4.0,1,4.000000000000001,2.220446049250313e-16,0.9772498680518208,0.974609375,0.013179222356053854,False,SUPPORTED,,4ef162320e09086a16f1e130b09a507d399438740647147560f339cd2aa60069
DIRECT_PHYSICAL,4.0,2,4.0,0.0,0.9772498680518208,0.96875,0.013179222356053854,False,SUPPORTED,,4ef162320e09086a16f1e130b09a507d399438740647147560f339cd2aa60069
RESOLVED_PHYSICAL,4.0,2,4.0,0.0,0.9772498680518208,0.970703125,0.013179222356053854,False,SUPPORTED,,4ef162320e09086a16f1e130b09a507d399438740647147560f339cd2aa60069
UNRESOLVED_IMAGE,4.0,2,4.000000000000001,2.220446049250313e-16,0.9772498680518208,0.986328125,0.013179222356053854,False,SUPPORTED,,4ef162320e09086a16f1e130b09a507d399438740647147560f339cd2aa60069
TOTAL_FLUX,4.0,2,3.9999999999999973,6.661338147750939e-16,0.9772498680518207,0.970703125,0.013179222356053887,False,SUPPORTED,,4ef162320e09086a16f1e130b09a507d399438740647147560f339cd2aa60069
DIRECT_PHYSICAL,4.0,3,4.0,0.0,0.9772498680518208,0.978515625,0.013179222356053854,False,SUPPORTED,,4ef162320e09086a16f1e130b09a507d399438740647147560f339cd2aa60069
RESOLVED_PHYSICAL,4.0,3,3.9999999999999996,1.1102230246251565e-16,0.9772498680518208,0.978515625,0.013179222356053854,False,SUPPORTED,,4ef162320e09086a16f1e130b09a507d399438740647147560f339cd2aa60069
UNRESOLVED_IMAGE,4.0,3,4.000000000000001,2.220446049250313e-16,0.9772498680518208,0.978515625,0.013179222356053854,False,SUPPORTED,,4ef162320e09086a16f1e130b09a507d399438740647147560f339cd2aa60069
TOTAL_FLUX,4.0,3,3.9999999999999987,3.3306690738754696e-16,0.9772498680518208,0.970703125,0.013179222356053854,False,SUPPORTED,,4ef162320e09086a16f1e130b09a507d399438740647147560f339cd2aa60069
DIRECT_PHYSICAL,4.0,4,3.999999999999999,2.220446049250313e-16,0.9772498680518208,0.982421875,0.013179222356053854,False,SUPPORTED,,4ef162320e09086a16f1e130b09a507d399438740647147560f339cd2aa60069
RESOLVED_PHYSICAL,4.0,4,4.0,0.0,0.9772498680518208,0.970703125,0.013179222356053854,False,SUPPORTED,,4ef162320e09086a16f1e130b09a507d399438740647147560f339cd2aa60069
UNRESOLVED_IMAGE,4.0,4,3.9999999999999996,1.1102230246251565e-16,0.9772498680518208,0.978515625,0.013179222356053854,False,SUPPORTED,,4ef162320e09086a16f1e130b09a507d399438740647147560f339cd2aa60069
TOTAL_FLUX,4.0,4,3.9999999999999996,1.1102230246251565e-16,0.9772498680518208,0.982421875,0.013179222356053854,False,SUPPORTED,,4ef162320e09086a16f1e130b09a507d399438740647147560f339cd2aa60069
DIRECT_PHYSICAL,4.0,5,3.9999999999999987,3.3306690738754696e-16,0.9772498680518208,0.970703125,0.013179222356053854,False,SUPPORTED,,4ef162320e09086a16f1e130b09a507d399438740647147560f339cd2aa60069
RESOLVED_PHYSICAL,4.0,5,4.0,0.0,0.9772498680518208,0.9765625,0.013179222356053854,False,SUPPORTED,,4ef162320e09086a16f1e130b09a507d399438740647147560f339cd2aa60069
UNRESOLVED_IMAGE,4.0,5,4.0,0.0,0.9772498680518208,0.98828125,0.013179222356053854,False,SUPPORTED,,4ef162320e09086a16f1e130b09a507d399438740647147560f339cd2aa60069
TOTAL_FLUX,4.0,5,4.000000000000003,6.661338147750939e-16,0.9772498680518209,0.984375,0.013179222356053824,False,SUPPORTED,,4ef162320e09086a16f1e130b09a507d399438740647147560f339cd2aa60069
DIRECT_PHYSICAL,4.0,6,4.0,0.0,0.9772498680518208,0.984375,0.013179222356053854,False,SUPPORTED,,4ef162320e09086a16f1e130b09a507d399438740647147560f339cd2aa60069
RESOLVED_PHYSICAL,4.0,6,3.9999999999999996,1.1102230246251565e-16,0.9772498680518208,0.978515625,0.013179222356053854,False,SUPPORTED,,4ef162320e09086a16f1e130b09a507d399438740647147560f339cd2aa60069
UNRESOLVED_IMAGE,4.0,6,3.9999999999999996,1.1102230246251565e-16,0.9772498680518208,0.966796875,0.013179222356053854,False,SUPPORTED,,4ef162320e09086a16f1e130b09a507d399438740647147560f339cd2aa60069
TOTAL_FLUX,4.0,6,4.000000000000005,1.3322676295501878e-15,0.9772498680518209,0.98046875,0.013179222356053824,False,SUPPORTED,,4ef162320e09086a16f1e130b09a507d399438740647147560f339cd2aa60069
DIRECT_PHYSICAL,4.0,7,4.000000000000001,2.220446049250313e-16,0.9772498680518208,0.98046875,0.013179222356053854,False,SUPPORTED,,4ef162320e09086a16f1e130b09a507d399438740647147560f339cd2aa60069
RESOLVED_PHYSICAL,4.0,7,4.0,0.0,0.9772498680518208,0.98828125,0.013179222356053854,False,SUPPORTED,,4ef162320e09086a16f1e130b09a507d399438740647147560f339cd2aa60069
UNRESOLVED_IMAGE,4.0,7,3.999999999999999,2.220446049250313e-16,0.9772498680518208,0.978515625,0.013179222356053854,False,SUPPORTED,,4ef162320e09086a16f1e130b09a507d399438740647147560f339cd2aa60069
TOTAL_FLUX,4.0,7,3.999999999999999,2.220446049250313e-16,0.9772498680518208,0.9765625,0.013179222356053854,False,SUPPORTED,,4ef162320e09086a16f1e130b09a507d399438740647147560f339cd2aa60069
DIRECT_PHYSICAL,4.0,8,4.0,0.0,0.9772498680518208,0.982421875,0.013179222356053854,False,SUPPORTED,,4ef162320e09086a16f1e130b09a507d399438740647147560f339cd2aa60069
RESOLVED_PHYSICAL,4.0,8,4.000000000000001,2.220446049250313e-16,0.9772498680518208,0.96875,0.013179222356053854,False,SUPPORTED,,4ef162320e09086a16f1e130b09a507d399438740647147560f339cd2aa60069
UNRESOLVED_IMAGE,4.0,8,4.0,0.0,0.9772498680518208,0.9765625,0.013179222356053854,False,SUPPORTED,,4ef162320e09086a16f1e130b09a507d399438740647147560f339cd2aa60069
TOTAL_FLUX,4.0,8,4.000000000000003,6.661338147750939e-16,0.9772498680518209,0.986328125,0.013179222356053824,False,SUPPORTED,,4ef162320e09086a16f1e130b09a507d399438740647147560f339cd2aa60069
DIRECT_PHYSICAL,4.0,9,4.0,0.0,0.9772498680518208,0.974609375,0.013179222356053854,False,SUPPORTED,,4ef162320e09086a16f1e130b09a507d399438740647147560f339cd2aa60069
RESOLVED_PHYSICAL,4.0,9,4.0,0.0,0.9772498680518208,0.986328125,0.013179222356053854,False,SUPPORTED,,4ef162320e09086a16f1e130b09a507d399438740647147560f339cd2aa60069
UNRESOLVED_IMAGE,4.0,9,4.0,0.0,0.9772498680518208,0.966796875,0.013179222356053854,False,SUPPORTED,,4ef162320e09086a16f1e130b09a507d399438740647147560f339cd2aa60069
TOTAL_FLUX,4.0,9,3.9999999999999987,3.3306690738754696e-16,0.9772498680518208,0.962890625,0.013179222356053854,False,SUPPORTED,,4ef162320e09086a16f1e130b09a507d399438740647147560f339cd2aa60069
DIRECT_PHYSICAL,4.0,10,4.0,0.0,0.9772498680518208,0.978515625,0.013179222356053854,False,SUPPORTED,,4ef162320e09086a16f1e130b09a507d399438740647147560f339cd2aa60069
RESOLVED_PHYSICAL,4.0,10,4.0,0.0,0.9772498680518208,0.970703125,0.013179222356053854,False,SUPPORTED,,4ef162320e09086a16f1e130b09a507d399438740647147560f339cd2aa60069
UNRESOLVED_IMAGE,4.0,10,4.0,0.0,0.9772498680518208,0.986328125,0.013179222356053854,False,SUPPORTED,,4ef162320e09086a16f1e130b09a507d399438740647147560f339cd2aa60069
TOTAL_FLUX,4.0,10,3.9999999999999996,1.1102230246251565e-16,0.9772498680518208,0.9765625,0.013179222356053854,False,SUPPORTED,,4ef162320e09086a16f1e130b09a507d399438740647147560f339cd2aa60069
DIRECT_PHYSICAL,4.0,11,4.000000000000001,2.220446049250313e-16,0.9772498680518208,0.970703125,0.013179222356053854,False,SUPPORTED,,4ef162320e09086a16f1e130b09a507d399438740647147560f339cd2aa60069
RESOLVED_PHYSICAL,4.0,11,3.9999999999999996,1.1102230246251565e-16,0.9772498680518208,0.98046875,0.013179222356053854,False,SUPPORTED,,4ef162320e09086a16f1e130b09a507d399438740647147560f339cd2aa60069
UNRESOLVED_IMAGE,4.0,11,4.0,0.0,0.9772498680518208,0.9765625,0.013179222356053854,False,SUPPORTED,,4ef162320e09086a16f1e130b09a507d399438740647147560f339cd2aa60069
TOTAL_FLUX,4.0,11,4.000000000000001,2.220446049250313e-16,0.9772498680518208,0.98046875,0.013179222356053854,False,SUPPORTED,,4ef162320e09086a16f1e130b09a507d399438740647147560f339cd2aa60069
DIRECT_PHYSICAL,4.0,12,4.0,0.0,0.9772498680518208,0.974609375,0.013179222356053854,False,SUPPORTED,,4ef162320e09086a16f1e130b09a507d399438740647147560f339cd2aa60069
RESOLVED_PHYSICAL,4.0,12,4.000000000000001,2.220446049250313e-16,0.9772498680518208,0.974609375,0.013179222356053854,False,SUPPORTED,,4ef162320e09086a16f1e130b09a507d399438740647147560f339cd2aa60069
UNRESOLVED_IMAGE,4.0,12,3.9999999999999996,1.1102230246251565e-16,0.9772498680518208,0.984375,0.013179222356053854,False,SUPPORTED,,4ef162320e09086a16f1e130b09a507d399438740647147560f339cd2aa60069
TOTAL_FLUX,4.0,12,4.0,0.0,0.9772498680518208,0.970703125,0.013179222356053854,False,SUPPORTED,,4ef162320e09086a16f1e130b09a507d399438740647147560f339cd2aa60069
DIRECT_PHYSICAL,4.0,13,4.0,0.0,0.9772498680518208,0.98046875,0.013179222356053854,False,SUPPORTED,,4ef162320e09086a16f1e130b09a507d399438740647147560f339cd2aa60069
RESOLVED_PHYSICAL,4.0,13,3.9999999999999996,1.1102230246251565e-16,0.9772498680518208,0.9765625,0.013179222356053854,False,SUPPORTED,,4ef162320e09086a16f1e130b09a507d399438740647147560f339cd2aa60069
UNRESOLVED_IMAGE,4.0,13,3.999999999999999,2.220446049250313e-16,0.9772498680518208,0.98828125,0.013179222356053854,False,SUPPORTED,,4ef162320e09086a16f1e130b09a507d399438740647147560f339cd2aa60069
TOTAL_FLUX,4.0,13,4.0,0.0,0.9772498680518208,0.97265625,0.013179222356053854,False,SUPPORTED,,4ef162320e09086a16f1e130b09a507d399438740647147560f339cd2aa60069
DIRECT_PHYSICAL,4.0,14,4.0,0.0,0.9772498680518208,0.984375,0.013179222356053854,False,SUPPORTED,,4ef162320e09086a16f1e130b09a507d399438740647147560f339cd2aa60069
RESOLVED_PHYSICAL,4.0,14,4.0,0.0,0.9772498680518208,0.974609375,0.013179222356053854,False,SUPPORTED,,4ef162320e09086a16f1e130b09a507d399438740647147560f339cd2aa60069
UNRESOLVED_IMAGE,4.0,14,3.9999999999999996,1.1102230246251565e-16,0.9772498680518208,0.978515625,0.013179222356053854,False,SUPPORTED,,4ef162320e09086a16f1e130b09a507d399438740647147560f339cd2aa60069
TOTAL_FLUX,4.0,14,4.000000000000001,2.220446049250313e-16,0.9772498680518208,0.982421875,0.013179222356053854,False,SUPPORTED,,4ef162320e09086a16f1e130b09a507d399438740647147560f339cd2aa60069
DIRECT_PHYSICAL,4.0,15,4.000000000000001,2.220446049250313e-16,0.9772498680518208,0.9765625,0.013179222356053854,False,SUPPORTED,,4ef162320e09086a16f1e130b09a507d399438740647147560f339cd2aa60069
RESOLVED_PHYSICAL,4.0,15,4.0,0.0,0.9772498680518208,0.984375,0.013179222356053854,False,SUPPORTED,,4ef162320e09086a16f1e130b09a507d399438740647147560f339cd2aa60069
UNRESOLVED_IMAGE,4.0,15,4.0,0.0,0.9772498680518208,0.982421875,0.013179222356053854,False,SUPPORTED,,4ef162320e09086a16f1e130b09a507d399438740647147560f339cd2aa60069
TOTAL_FLUX,4.0,15,4.0,0.0,0.9772498680518208,0.986328125,0.013179222356053854,False,SUPPORTED,,4ef162320e09086a16f1e130b09a507d399438740647147560f339cd2aa60069
DIRECT_PHYSICAL,4.0,16,4.0,0.0,0.9772498680518208,0.98046875,0.013179222356053854,False,SUPPORTED,,4ef162320e09086a16f1e130b09a507d399438740647147560f339cd2aa60069
RESOLVED_PHYSICAL,4.0,16,3.9999999999999996,1.1102230246251565e-16,0.9772498680518208,0.970703125,0.013179222356053854,False,SUPPORTED,,4ef162320e09086a16f1e130b09a507d399438740647147560f339cd2aa60069
UNRESOLVED_IMAGE,4.0,16,4.0,0.0,0.9772498680518208,0.984375,0.013179222356053854,False,SUPPORTED,,4ef162320e09086a16f1e130b09a507d399438740647147560f339cd2aa60069
TOTAL_FLUX,4.0,16,3.9999999999999996,1.1102230246251565e-16,0.9772498680518208,0.970703125,0.013179222356053854,False,SUPPORTED,,4ef162320e09086a16f1e130b09a507d399438740647147560f339cd2aa60069
DIRECT_PHYSICAL,4.0,17,4.0,0.0,0.9772498680518208,0.974609375,0.013179222356053854,False,SUPPORTED,,4ef162320e09086a16f1e130b09a507d399438740647147560f339cd2aa60069
RESOLVED_PHYSICAL,4.0,17,4.0,0.0,0.9772498680518208,0.984375,0.013179222356053854,False,SUPPORTED,,4ef162320e09086a16f1e130b09a507d399438740647147560f339cd2aa60069
UNRESOLVED_IMAGE,4.0,17,3.9999999999999996,1.1102230246251565e-16,0.9772498680518208,0.974609375,0.013179222356053854,False,SUPPORTED,,4ef162320e09086a16f1e130b09a507d399438740647147560f339cd2aa60069
TOTAL_FLUX,4.0,17,3.999999999999999,2.220446049250313e-16,0.9772498680518208,0.974609375,0.013179222356053854,False,SUPPORTED,,4ef162320e09086a16f1e130b09a507d399438740647147560f339cd2aa60069
DIRECT_PHYSICAL,4.0,18,3.999999999999999,2.220446049250313e-16,0.9772498680518208,0.98046875,0.013179222356053854,False,SUPPORTED,,4ef162320e09086a16f1e130b09a507d399438740647147560f339cd2aa60069
RESOLVED_PHYSICAL,4.0,18,3.999999999999999,2.220446049250313e-16,0.9772498680518208,0.96875,0.013179222356053854,False,SUPPORTED,,4ef162320e09086a16f1e130b09a507d399438740647147560f339cd2aa60069
UNRESOLVED_IMAGE,4.0,18,3.999999999999999,2.220446049250313e-16,0.9772498680518208,0.978515625,0.013179222356053854,False,SUPPORTED,,4ef162320e09086a16f1e130b09a507d399438740647147560f339cd2aa60069
TOTAL_FLUX,4.0,18,3.9999999999999996,1.1102230246251565e-16,0.9772498680518208,0.978515625,0.013179222356053854,False,SUPPORTED,,4ef162320e09086a16f1e130b09a507d399438740647147560f339cd2aa60069
DIRECT_PHYSICAL,4.0,19,3.9999999999999996,1.1102230246251565e-16,0.9772498680518208,0.966796875,0.013179222356053854,False,SUPPORTED,,4ef162320e09086a16f1e130b09a507d399438740647147560f339cd2aa60069
RESOLVED_PHYSICAL,4.0,19,3.9999999999999996,1.1102230246251565e-16,0.9772498680518208,0.974609375,0.013179222356053854,False,SUPPORTED,,4ef162320e09086a16f1e130b09a507d399438740647147560f339cd2aa60069
UNRESOLVED_IMAGE,4.0,19,4.0,0.0,0.9772498680518208,0.974609375,0.013179222356053854,False,SUPPORTED,,4ef162320e09086a16f1e130b09a507d399438740647147560f339cd2aa60069
TOTAL_FLUX,4.0,19,4.0,0.0,0.9772498680518208,0.986328125,0.013179222356053854,False,SUPPORTED,,4ef162320e09086a16f1e130b09a507d399438740647147560f339cd2aa60069
DIRECT_PHYSICAL,4.0,20,3.9999999999999996,1.1102230246251565e-16,0.9772498680518208,0.984375,0.013179222356053854,False,SUPPORTED,,4ef162320e09086a16f1e130b09a507d399438740647147560f339cd2aa60069
RESOLVED_PHYSICAL,4.0,20,4.000000000000002,4.440892098500626e-16,0.9772498680518209,0.970703125,0.013179222356053824,False,SUPPORTED,,4ef162320e09086a16f1e130b09a507d399438740647147560f339cd2aa60069
UNRESOLVED_IMAGE,4.0,20,4.0,0.0,0.9772498680518208,0.982421875,0.013179222356053854,False,SUPPORTED,,4ef162320e09086a16f1e130b09a507d399438740647147560f339cd2aa60069
TOTAL_FLUX,4.0,20,4.000000000000002,4.440892098500626e-16,0.9772498680518209,0.970703125,0.013179222356053824,False,SUPPORTED,,4ef162320e09086a16f1e130b09a507d399438740647147560f339cd2aa60069
DIRECT_PHYSICAL,4.0,21,3.9999999999999996,1.1102230246251565e-16,0.9772498680518208,0.974609375,0.013179222356053854,False,SUPPORTED,,4ef162320e09086a16f1e130b09a507d399438740647147560f339cd2aa60069
RESOLVED_PHYSICAL,4.0,21,4.0,0.0,0.9772498680518208,0.982421875,0.013179222356053854,False,SUPPORTED,,4ef162320e09086a16f1e130b09a507d399438740647147560f339cd2aa60069
UNRESOLVED_IMAGE,4.0,21,4.0,0.0,0.9772498680518208,0.982421875,0.013179222356053854,False,SUPPORTED,,4ef162320e09086a16f1e130b09a507d399438740647147560f339cd2aa60069
TOTAL_FLUX,4.0,21,3.9999999999999973,6.661338147750939e-16,0.9772498680518207,0.9765625,0.013179222356053887,False,SUPPORTED,,4ef162320e09086a16f1e130b09a507d399438740647147560f339cd2aa60069
DIRECT_PHYSICAL,4.0,22,4.0,0.0,0.9772498680518208,0.97265625,0.013179222356053854,False,SUPPORTED,,4ef162320e09086a16f1e130b09a507d399438740647147560f339cd2aa60069
RESOLVED_PHYSICAL,4.0,22,3.9999999999999996,1.1102230246251565e-16,0.9772498680518208,0.98046875,0.013179222356053854,False,SUPPORTED,,4ef162320e09086a16f1e130b09a507d399438740647147560f339cd2aa60069
UNRESOLVED_IMAGE,4.0,22,3.9999999999999996,1.1102230246251565e-16,0.9772498680518208,0.978515625,0.013179222356053854,False,SUPPORTED,,4ef162320e09086a16f1e130b09a507d399438740647147560f339cd2aa60069
TOTAL_FLUX,4.0,22,3.9999999999999987,3.3306690738754696e-16,0.9772498680518208,0.9765625,0.013179222356053854,False,SUPPORTED,,4ef162320e09086a16f1e130b09a507d399438740647147560f339cd2aa60069
DIRECT_PHYSICAL,4.0,23,4.0,0.0,0.9772498680518208,0.97265625,0.013179222356053854,False,SUPPORTED,,4ef162320e09086a16f1e130b09a507d399438740647147560f339cd2aa60069
RESOLVED_PHYSICAL,4.0,23,3.999999999999999,2.220446049250313e-16,0.9772498680518208,0.986328125,0.013179222356053854,False,SUPPORTED,,4ef162320e09086a16f1e130b09a507d399438740647147560f339cd2aa60069
UNRESOLVED_IMAGE,4.0,23,4.0,0.0,0.9772498680518208,0.986328125,0.013179222356053854,False,SUPPORTED,,4ef162320e09086a16f1e130b09a507d399438740647147560f339cd2aa60069
TOTAL_FLUX,4.0,23,3.9999999999999982,4.440892098500626e-16,0.9772498680518208,0.978515625,0.013179222356053854,False,SUPPORTED,,4ef162320e09086a16f1e130b09a507d399438740647147560f339cd2aa60069
DIRECT_PHYSICAL,4.0,24,4.000000000000001,2.220446049250313e-16,0.9772498680518208,0.970703125,0.013179222356053854,False,SUPPORTED,,4ef162320e09086a16f1e130b09a507d399438740647147560f339cd2aa60069
RESOLVED_PHYSICAL,4.0,24,4.0,0.0,0.9772498680518208,0.97265625,0.013179222356053854,False,SUPPORTED,,4ef162320e09086a16f1e130b09a507d399438740647147560f339cd2aa60069
UNRESOLVED_IMAGE,4.0,24,4.0,0.0,0.9772498680518208,0.974609375,0.013179222356053854,False,SUPPORTED,,4ef162320e09086a16f1e130b09a507d399438740647147560f339cd2aa60069
TOTAL_FLUX,4.0,24,3.9999999999999987,3.3306690738754696e-16,0.9772498680518208,0.978515625,0.013179222356053854,False,SUPPORTED,,4ef162320e09086a16f1e130b09a507d399438740647147560f339cd2aa60069
DIRECT_PHYSICAL,4.0,25,3.9999999999999996,1.1102230246251565e-16,0.9772498680518208,0.974609375,0.013179222356053854,False,SUPPORTED,,4ef162320e09086a16f1e130b09a507d399438740647147560f339cd2aa60069
RESOLVED_PHYSICAL,4.0,25,3.9999999999999996,1.1102230246251565e-16,0.9772498680518208,0.984375,0.013179222356053854,False,SUPPORTED,,4ef162320e09086a16f1e130b09a507d399438740647147560f339cd2aa60069
UNRESOLVED_IMAGE,4.0,25,4.0,0.0,0.9772498680518208,0.98046875,0.013179222356053854,False,SUPPORTED,,4ef162320e09086a16f1e130b09a507d399438740647147560f339cd2aa60069
TOTAL_FLUX,4.0,25,4.0,0.0,0.9772498680518208,0.9765625,0.013179222356053854,False,SUPPORTED,,4ef162320e09086a16f1e130b09a507d399438740647147560f339cd2aa60069
DIRECT_PHYSICAL,4.0,26,4.0,0.0,0.9772498680518208,0.9921875,0.013179222356053854,True,SUPPORTED,,4ef162320e09086a16f1e130b09a507d399438740647147560f339cd2aa60069
RESOLVED_PHYSICAL,4.0,26,4.000000000000001,2.220446049250313e-16,0.9772498680518208,0.97265625,0.013179222356053854,False,SUPPORTED,,4ef162320e09086a16f1e130b09a507d399438740647147560f339cd2aa60069
UNRESOLVED_IMAGE,4.0,26,4.0,0.0,0.9772498680518208,0.984375,0.013179222356053854,False,SUPPORTED,,4ef162320e09086a16f1e130b09a507d399438740647147560f339cd2aa60069
TOTAL_FLUX,4.0,26,3.999999999999998,5.551115123125783e-16,0.9772498680518207,0.982421875,0.013179222356053887,False,SUPPORTED,,4ef162320e09086a16f1e130b09a507d399438740647147560f339cd2aa60069
DIRECT_PHYSICAL,4.0,27,3.9999999999999996,1.1102230246251565e-16,0.9772498680518208,0.9765625,0.013179222356053854,False,SUPPORTED,,4ef162320e09086a16f1e130b09a507d399438740647147560f339cd2aa60069
RESOLVED_PHYSICAL,4.0,27,3.9999999999999996,1.1102230246251565e-16,0.9772498680518208,0.984375,0.013179222356053854,False,SUPPORTED,,4ef162320e09086a16f1e130b09a507d399438740647147560f339cd2aa60069
UNRESOLVED_IMAGE,4.0,27,4.000000000000001,2.220446049250313e-16,0.9772498680518208,0.9765625,0.013179222356053854,False,SUPPORTED,,4ef162320e09086a16f1e130b09a507d399438740647147560f339cd2aa60069
TOTAL_FLUX,4.0,27,3.9999999999999996,1.1102230246251565e-16,0.9772498680518208,0.97265625,0.013179222356053854,False,SUPPORTED,,4ef162320e09086a16f1e130b09a507d399438740647147560f339cd2aa60069
DIRECT_PHYSICAL,4.0,28,4.0,0.0,0.9772498680518208,0.978515625,0.013179222356053854,False,SUPPORTED,,4ef162320e09086a16f1e130b09a507d399438740647147560f339cd2aa60069
RESOLVED_PHYSICAL,4.0,28,4.0,0.0,0.9772498680518208,0.974609375,0.013179222356053854,False,SUPPORTED,,4ef162320e09086a16f1e130b09a507d399438740647147560f339cd2aa60069
UNRESOLVED_IMAGE,4.0,28,4.0,0.0,0.9772498680518208,0.97265625,0.013179222356053854,False,SUPPORTED,,4ef162320e09086a16f1e130b09a507d399438740647147560f339cd2aa60069
TOTAL_FLUX,4.0,28,3.999999999999999,2.220446049250313e-16,0.9772498680518208,0.98046875,0.013179222356053854,False,SUPPORTED,,4ef162320e09086a16f1e130b09a507d399438740647147560f339cd2aa60069
DIRECT_PHYSICAL,4.0,29,3.9999999999999996,1.1102230246251565e-16,0.9772498680518208,0.9765625,0.013179222356053854,False,SUPPORTED,,4ef162320e09086a16f1e130b09a507d399438740647147560f339cd2aa60069
RESOLVED_PHYSICAL,4.0,29,4.0,0.0,0.9772498680518208,0.984375,0.013179222356053854,False,SUPPORTED,,4ef162320e09086a16f1e130b09a507d399438740647147560f339cd2aa60069
UNRESOLVED_IMAGE,4.0,29,4.0,0.0,0.9772498680518208,0.98046875,0.013179222356053854,False,SUPPORTED,,4ef162320e09086a16f1e130b09a507d399438740647147560f339cd2aa60069
TOTAL_FLUX,4.0,29,4.0,0.0,0.9772498680518208,0.974609375,0.013179222356053854,False,SUPPORTED,,4ef162320e09086a16f1e130b09a507d399438740647147560f339cd2aa60069
DIRECT_PHYSICAL,4.0,30,4.0,0.0,0.9772498680518208,0.984375,0.013179222356053854,False,SUPPORTED,,4ef162320e09086a16f1e130b09a507d399438740647147560f339cd2aa60069
RESOLVED_PHYSICAL,4.0,30,4.000000000000001,2.220446049250313e-16,0.9772498680518208,0.9765625,0.013179222356053854,False,SUPPORTED,,4ef162320e09086a16f1e130b09a507d399438740647147560f339cd2aa60069
UNRESOLVED_IMAGE,4.0,30,4.000000000000001,2.220446049250313e-16,0.9772498680518208,0.974609375,0.013179222356053854,False,SUPPORTED,,4ef162320e09086a16f1e130b09a507d399438740647147560f339cd2aa60069
TOTAL_FLUX,4.0,30,3.999999999999999,2.220446049250313e-16,0.9772498680518208,0.9765625,0.013179222356053854,False,SUPPORTED,,4ef162320e09086a16f1e130b09a507d399438740647147560f339cd2aa60069
DIRECT_PHYSICAL,4.0,31,4.0,0.0,0.9772498680518208,0.9765625,0.013179222356053854,False,SUPPORTED,,4ef162320e09086a16f1e130b09a507d399438740647147560f339cd2aa60069
RESOLVED_PHYSICAL,4.0,31,3.9999999999999996,1.1102230246251565e-16,0.9772498680518208,0.978515625,0.013179222356053854,False,SUPPORTED,,4ef162320e09086a16f1e130b09a507d399438740647147560f339cd2aa60069
UNRESOLVED_IMAGE,4.0,31,4.0,0.0,0.9772498680518208,0.9765625,0.013179222356053854,False,SUPPORTED,,4ef162320e09086a16f1e130b09a507d399438740647147560f339cd2aa60069
TOTAL_FLUX,4.0,31,4.000000000000001,2.220446049250313e-16,0.9772498680518208,0.982421875,0.013179222356053854,False,SUPPORTED,,4ef162320e09086a16f1e130b09a507d399438740647147560f339cd2aa60069
DIRECT_PHYSICAL,4.0,32,4.0,0.0,0.9772498680518208,0.978515625,0.013179222356053854,False,SUPPORTED,,4ef162320e09086a16f1e130b09a507d399438740647147560f339cd2aa60069
RESOLVED_PHYSICAL,4.0,32,4.0,0.0,0.9772498680518208,0.96484375,0.013179222356053854,False,SUPPORTED,,4ef162320e09086a16f1e130b09a507d399438740647147560f339cd2aa60069
UNRESOLVED_IMAGE,4.0,32,3.999999999999999,2.220446049250313e-16,0.9772498680518208,0.982421875,0.013179222356053854,False,SUPPORTED,,4ef162320e09086a16f1e130b09a507d399438740647147560f339cd2aa60069
TOTAL_FLUX,4.0,32,4.000000000000001,2.220446049250313e-16,0.9772498680518208,0.986328125,0.013179222356053854,False,SUPPORTED,,4ef162320e09086a16f1e130b09a507d399438740647147560f339cd2aa60069
DIRECT_PHYSICAL,4.0,33,4.0,0.0,0.9772498680518208,0.9765625,0.013179222356053854,False,SUPPORTED,,4ef162320e09086a16f1e130b09a507d399438740647147560f339cd2aa60069
RESOLVED_PHYSICAL,4.0,33,4.0,0.0,0.9772498680518208,0.978515625,0.013179222356053854,False,SUPPORTED,,4ef162320e09086a16f1e130b09a507d399438740647147560f339cd2aa60069
UNRESOLVED_IMAGE,4.0,33,4.0,0.0,0.9772498680518208,0.9765625,0.013179222356053854,False,SUPPORTED,,4ef162320e09086a16f1e130b09a507d399438740647147560f339cd2aa60069
TOTAL_FLUX,4.0,33,4.000000000000001,2.220446049250313e-16,0.9772498680518208,0.97265625,0.013179222356053854,False,SUPPORTED,,4ef162320e09086a16f1e130b09a507d399438740647147560f339cd2aa60069
DIRECT_PHYSICAL,4.0,34,4.0,0.0,0.9772498680518208,0.970703125,0.013179222356053854,False,SUPPORTED,,4ef162320e09086a16f1e130b09a507d399438740647147560f339cd2aa60069
RESOLVED_PHYSICAL,4.0,34,4.0,0.0,0.9772498680518208,0.984375,0.013179222356053854,False,SUPPORTED,,4ef162320e09086a16f1e130b09a507d399438740647147560f339cd2aa60069
UNRESOLVED_IMAGE,4.0,34,3.9999999999999996,1.1102230246251565e-16,0.9772498680518208,0.982421875,0.013179222356053854,False,SUPPORTED,,4ef162320e09086a16f1e130b09a507d399438740647147560f339cd2aa60069
TOTAL_FLUX,4.0,34,3.999999999999996,9.992007221626409e-16,0.9772498680518207,0.96875,0.013179222356053887,False,SUPPORTED,,4ef162320e09086a16f1e130b09a507d399438740647147560f339cd2aa60069
DIRECT_PHYSICAL,4.0,35,4.0,0.0,0.9772498680518208,0.98046875,0.013179222356053854,False,SUPPORTED,,4ef162320e09086a16f1e130b09a507d399438740647147560f339cd2aa60069
RESOLVED_PHYSICAL,4.0,35,4.0,0.0,0.9772498680518208,0.98828125,0.013179222356053854,False,SUPPORTED,,4ef162320e09086a16f1e130b09a507d399438740647147560f339cd2aa60069
UNRESOLVED_IMAGE,4.0,35,4.0,0.0,0.9772498680518208,0.974609375,0.013179222356053854,False,SUPPORTED,,4ef162320e09086a16f1e130b09a507d399438740647147560f339cd2aa60069
TOTAL_FLUX,4.0,35,4.0000000000000036,8.881784197001252e-16,0.9772498680518209,0.98046875,0.013179222356053824,False,SUPPORTED,,4ef162320e09086a16f1e130b09a507d399438740647147560f339cd2aa60069
DIRECT_PHYSICAL,4.0,36,4.0,0.0,0.9772498680518208,0.98046875,0.013179222356053854,False,SUPPORTED,,4ef162320e09086a16f1e130b09a507d399438740647147560f339cd2aa60069
RESOLVED_PHYSICAL,4.0,36,3.9999999999999996,1.1102230246251565e-16,0.9772498680518208,0.97265625,0.013179222356053854,False,SUPPORTED,,4ef162320e09086a16f1e130b09a507d399438740647147560f339cd2aa60069
UNRESOLVED_IMAGE,4.0,36,4.000000000000001,2.220446049250313e-16,0.9772498680518208,0.98046875,0.013179222356053854,False,SUPPORTED,,4ef162320e09086a16f1e130b09a507d399438740647147560f339cd2aa60069
TOTAL_FLUX,4.0,36,3.9999999999999982,4.440892098500626e-16,0.9772498680518208,0.982421875,0.013179222356053854,False,SUPPORTED,,4ef162320e09086a16f1e130b09a507d399438740647147560f339cd2aa60069
DIRECT_PHYSICAL,4.0,37,4.0,0.0,0.9772498680518208,0.96484375,0.013179222356053854,False,SUPPORTED,,4ef162320e09086a16f1e130b09a507d399438740647147560f339cd2aa60069
RESOLVED_PHYSICAL,4.0,37,4.000000000000001,2.220446049250313e-16,0.9772498680518208,0.974609375,0.013179222356053854,False,SUPPORTED,,4ef162320e09086a16f1e130b09a507d399438740647147560f339cd2aa60069
UNRESOLVED_IMAGE,4.0,37,3.999999999999999,2.220446049250313e-16,0.9772498680518208,0.974609375,0.013179222356053854,False,SUPPORTED,,4ef162320e09086a16f1e130b09a507d399438740647147560f339cd2aa60069
TOTAL_FLUX,4.0,37,3.9999999999999996,1.1102230246251565e-16,0.9772498680518208,0.97265625,0.013179222356053854,False,SUPPORTED,,4ef162320e09086a16f1e130b09a507d399438740647147560f339cd2aa60069
DIRECT_PHYSICAL,4.0,38,3.999999999999999,2.220446049250313e-16,0.9772498680518208,0.962890625,0.013179222356053854,False,SUPPORTED,,4ef162320e09086a16f1e130b09a507d399438740647147560f339cd2aa60069
RESOLVED_PHYSICAL,4.0,38,3.9999999999999996,1.1102230246251565e-16,0.9772498680518208,0.970703125,0.013179222356053854,False,SUPPORTED,,4ef162320e09086a16f1e130b09a507d399438740647147560f339cd2aa60069
UNRESOLVED_IMAGE,4.0,38,4.0,0.0,0.9772498680518208,0.982421875,0.013179222356053854,False,SUPPORTED,,4ef162320e09086a16f1e130b09a507d399438740647147560f339cd2aa60069
TOTAL_FLUX,4.0,38,4.0,0.0,0.9772498680518208,0.974609375,0.013179222356053854,False,SUPPORTED,,4ef162320e09086a16f1e130b09a507d399438740647147560f339cd2aa60069
DIRECT_PHYSICAL,4.0,39,4.0,0.0,0.9772498680518208,0.974609375,0.013179222356053854,False,SUPPORTED,,4ef162320e09086a16f1e130b09a507d399438740647147560f339cd2aa60069
RESOLVED_PHYSICAL,4.0,39,4.0,0.0,0.9772498680518208,0.978515625,0.013179222356053854,False,SUPPORTED,,4ef162320e09086a16f1e130b09a507d399438740647147560f339cd2aa60069
UNRESOLVED_IMAGE,4.0,39,3.9999999999999996,1.1102230246251565e-16,0.9772498680518208,0.978515625,0.013179222356053854,False,SUPPORTED,,4ef162320e09086a16f1e130b09a507d399438740647147560f339cd2aa60069
TOTAL_FLUX,4.0,39,3.9999999999999987,3.3306690738754696e-16,0.9772498680518208,0.974609375,0.013179222356053854,False,SUPPORTED,,4ef162320e09086a16f1e130b09a507d399438740647147560f339cd2aa60069
DIRECT_PHYSICAL,4.0,40,4.0,0.0,0.9772498680518208,0.982421875,0.013179222356053854,False,SUPPORTED,,4ef162320e09086a16f1e130b09a507d399438740647147560f339cd2aa60069
RESOLVED_PHYSICAL,4.0,40,4.0,0.0,0.9772498680518208,0.974609375,0.013179222356053854,False,SUPPORTED,,4ef162320e09086a16f1e130b09a507d399438740647147560f339cd2aa60069
UNRESOLVED_IMAGE,4.0,40,4.0,0.0,0.9772498680518208,0.970703125,0.013179222356053854,False,SUPPORTED,,4ef162320e09086a16f1e130b09a507d399438740647147560f339cd2aa60069
TOTAL_FLUX,4.0,40,4.000000000000003,6.661338147750939e-16,0.9772498680518209,0.982421875,0.013179222356053824,False,SUPPORTED,,4ef162320e09086a16f1e130b09a507d399438740647147560f339cd2aa60069
DIRECT_PHYSICAL,4.0,41,4.0,0.0,0.9772498680518208,0.982421875,0.013179222356053854,False,SUPPORTED,,4ef162320e09086a16f1e130b09a507d399438740647147560f339cd2aa60069
RESOLVED_PHYSICAL,4.0,41,4.0,0.0,0.9772498680518208,0.982421875,0.013179222356053854,False,SUPPORTED,,4ef162320e09086a16f1e130b09a507d399438740647147560f339cd2aa60069
UNRESOLVED_IMAGE,4.0,41,3.999999999999999,2.220446049250313e-16,0.9772498680518208,0.974609375,0.013179222356053854,False,SUPPORTED,,4ef162320e09086a16f1e130b09a507d399438740647147560f339cd2aa60069
TOTAL_FLUX,4.0,41,3.9999999999999996,1.1102230246251565e-16,0.9772498680518208,0.98046875,0.013179222356053854,False,SUPPORTED,,4ef162320e09086a16f1e130b09a507d399438740647147560f339cd2aa60069
DIRECT_PHYSICAL,4.0,42,3.9999999999999996,1.1102230246251565e-16,0.9772498680518208,0.98046875,0.013179222356053854,False,SUPPORTED,,4ef162320e09086a16f1e130b09a507d399438740647147560f339cd2aa60069
RESOLVED_PHYSICAL,4.0,42,3.9999999999999996,1.1102230246251565e-16,0.9772498680518208,0.9765625,0.013179222356053854,False,SUPPORTED,,4ef162320e09086a16f1e130b09a507d399438740647147560f339cd2aa60069
UNRESOLVED_IMAGE,4.0,42,4.000000000000001,2.220446049250313e-16,0.9772498680518208,0.986328125,0.013179222356053854,False,SUPPORTED,,4ef162320e09086a16f1e130b09a507d399438740647147560f339cd2aa60069
TOTAL_FLUX,4.0,42,4.000000000000003,6.661338147750939e-16,0.9772498680518209,0.984375,0.013179222356053824,False,SUPPORTED,,4ef162320e09086a16f1e130b09a507d399438740647147560f339cd2aa60069
DIRECT_PHYSICAL,4.0,43,3.9999999999999996,1.1102230246251565e-16,0.9772498680518208,0.982421875,0.013179222356053854,False,SUPPORTED,,4ef162320e09086a16f1e130b09a507d399438740647147560f339cd2aa60069
RESOLVED_PHYSICAL,4.0,43,4.0,0.0,0.9772498680518208,0.98046875,0.013179222356053854,False,SUPPORTED,,4ef162320e09086a16f1e130b09a507d399438740647147560f339cd2aa60069
UNRESOLVED_IMAGE,4.0,43,3.9999999999999996,1.1102230246251565e-16,0.9772498680518208,0.978515625,0.013179222356053854,False,SUPPORTED,,4ef162320e09086a16f1e130b09a507d399438740647147560f339cd2aa60069
TOTAL_FLUX,4.0,43,4.0,0.0,0.9772498680518208,0.98828125,0.013179222356053854,False,SUPPORTED,,4ef162320e09086a16f1e130b09a507d399438740647147560f339cd2aa60069
DIRECT_PHYSICAL,4.0,44,4.000000000000001,2.220446049250313e-16,0.9772498680518208,0.9765625,0.013179222356053854,False,SUPPORTED,,4ef162320e09086a16f1e130b09a507d399438740647147560f339cd2aa60069
RESOLVED_PHYSICAL,4.0,44,4.000000000000001,2.220446049250313e-16,0.9772498680518208,0.970703125,0.013179222356053854,False,SUPPORTED,,4ef162320e09086a16f1e130b09a507d399438740647147560f339cd2aa60069
UNRESOLVED_IMAGE,4.0,44,4.0,0.0,0.9772498680518208,0.986328125,0.013179222356053854,False,SUPPORTED,,4ef162320e09086a16f1e130b09a507d399438740647147560f339cd2aa60069
TOTAL_FLUX,4.0,44,4.000000000000001,2.220446049250313e-16,0.9772498680518208,0.982421875,0.013179222356053854,False,SUPPORTED,,4ef162320e09086a16f1e130b09a507d399438740647147560f339cd2aa60069
DIRECT_PHYSICAL,4.0,45,3.9999999999999996,1.1102230246251565e-16,0.9772498680518208,0.9765625,0.013179222356053854,False,SUPPORTED,,4ef162320e09086a16f1e130b09a507d399438740647147560f339cd2aa60069
RESOLVED_PHYSICAL,4.0,45,4.0,0.0,0.9772498680518208,0.97265625,0.013179222356053854,False,SUPPORTED,,4ef162320e09086a16f1e130b09a507d399438740647147560f339cd2aa60069
UNRESOLVED_IMAGE,4.0,45,4.0,0.0,0.9772498680518208,0.978515625,0.013179222356053854,False,SUPPORTED,,4ef162320e09086a16f1e130b09a507d399438740647147560f339cd2aa60069
TOTAL_FLUX,4.0,45,4.0,0.0,0.9772498680518208,0.978515625,0.013179222356053854,False,SUPPORTED,,4ef162320e09086a16f1e130b09a507d399438740647147560f339cd2aa60069
DIRECT_PHYSICAL,4.0,46,4.0,0.0,0.9772498680518208,0.96875,0.013179222356053854,False,SUPPORTED,,4ef162320e09086a16f1e130b09a507d399438740647147560f339cd2aa60069
RESOLVED_PHYSICAL,4.0,46,3.9999999999999996,1.1102230246251565e-16,0.9772498680518208,0.970703125,0.013179222356053854,False,SUPPORTED,,4ef162320e09086a16f1e130b09a507d399438740647147560f339cd2aa60069
UNRESOLVED_IMAGE,4.0,46,4.0,0.0,0.9772498680518208,0.982421875,0.013179222356053854,False,SUPPORTED,,4ef162320e09086a16f1e130b09a507d399438740647147560f339cd2aa60069
TOTAL_FLUX,4.0,46,4.0,0.0,0.9772498680518208,0.9765625,0.013179222356053854,False,SUPPORTED,,4ef162320e09086a16f1e130b09a507d399438740647147560f339cd2aa60069
DIRECT_PHYSICAL,4.0,47,3.9999999999999996,1.1102230246251565e-16,0.9772498680518208,0.98046875,0.013179222356053854,False,SUPPORTED,,4ef162320e09086a16f1e130b09a507d399438740647147560f339cd2aa60069
RESOLVED_PHYSICAL,4.0,47,4.0,0.0,0.9772498680518208,0.96484375,0.013179222356053854,False,SUPPORTED,,4ef162320e09086a16f1e130b09a507d399438740647147560f339cd2aa60069
UNRESOLVED_IMAGE,4.0,47,3.9999999999999996,1.1102230246251565e-16,0.9772498680518208,0.9765625,0.013179222356053854,False,SUPPORTED,,4ef162320e09086a16f1e130b09a507d399438740647147560f339cd2aa60069
TOTAL_FLUX,4.0,47,3.9999999999999987,3.3306690738754696e-16,0.9772498680518208,0.982421875,0.013179222356053854,False,SUPPORTED,,4ef162320e09086a16f1e130b09a507d399438740647147560f339cd2aa60069
DIRECT_PHYSICAL,4.0,48,4.0,0.0,0.9772498680518208,0.97265625,0.013179222356053854,False,SUPPORTED,,4ef162320e09086a16f1e130b09a507d399438740647147560f339cd2aa60069
RESOLVED_PHYSICAL,4.0,48,4.0,0.0,0.9772498680518208,0.98046875,0.013179222356053854,False,SUPPORTED,,4ef162320e09086a16f1e130b09a507d399438740647147560f339cd2aa60069
UNRESOLVED_IMAGE,4.0,48,3.9999999999999996,1.1102230246251565e-16,0.9772498680518208,0.9765625,0.013179222356053854,False,SUPPORTED,,4ef162320e09086a16f1e130b09a507d399438740647147560f339cd2aa60069
TOTAL_FLUX,4.0,48,4.000000000000002,4.440892098500626e-16,0.9772498680518209,0.98046875,0.013179222356053824,False,SUPPORTED,,4ef162320e09086a16f1e130b09a507d399438740647147560f339cd2aa60069
DIRECT_PHYSICAL,4.0,49,3.999999999999999,2.220446049250313e-16,0.9772498680518208,0.982421875,0.013179222356053854,False,SUPPORTED,,4ef162320e09086a16f1e130b09a507d399438740647147560f339cd2aa60069
RESOLVED_PHYSICAL,4.0,49,4.0,0.0,0.9772498680518208,0.98046875,0.013179222356053854,False,SUPPORTED,,4ef162320e09086a16f1e130b09a507d399438740647147560f339cd2aa60069
UNRESOLVED_IMAGE,4.0,49,4.0,0.0,0.9772498680518208,0.98046875,0.013179222356053854,False,SUPPORTED,,4ef162320e09086a16f1e130b09a507d399438740647147560f339cd2aa60069
TOTAL_FLUX,4.0,49,4.0,0.0,0.9772498680518208,0.98046875,0.013179222356053854,False,SUPPORTED,,4ef162320e09086a16f1e130b09a507d399438740647147560f339cd2aa60069
DIRECT_PHYSICAL,4.0,50,4.0,0.0,0.9772498680518208,0.96484375,0.013179222356053854,False,SUPPORTED,,4ef162320e09086a16f1e130b09a507d399438740647147560f339cd2aa60069
RESOLVED_PHYSICAL,4.0,50,3.9999999999999996,1.1102230246251565e-16,0.9772498680518208,0.98046875,0.013179222356053854,False,SUPPORTED,,4ef162320e09086a16f1e130b09a507d399438740647147560f339cd2aa60069
UNRESOLVED_IMAGE,4.0,50,4.000000000000001,2.220446049250313e-16,0.9772498680518208,0.9765625,0.013179222356053854,False,SUPPORTED,,4ef162320e09086a16f1e130b09a507d399438740647147560f339cd2aa60069
TOTAL_FLUX,4.0,50,3.9999999999999996,1.1102230246251565e-16,0.9772498680518208,0.970703125,0.013179222356053854,False,SUPPORTED,,4ef162320e09086a16f1e130b09a507d399438740647147560f339cd2aa60069
DIRECT_PHYSICAL,4.0,51,3.999999999999999,2.220446049250313e-16,0.9772498680518208,0.97265625,0.013179222356053854,False,SUPPORTED,,4ef162320e09086a16f1e130b09a507d399438740647147560f339cd2aa60069
RESOLVED_PHYSICAL,4.0,51,3.9999999999999987,3.3306690738754696e-16,0.9772498680518208,0.970703125,0.013179222356053854,False,SUPPORTED,,4ef162320e09086a16f1e130b09a507d399438740647147560f339cd2aa60069
UNRESOLVED_IMAGE,4.0,51,4.0,0.0,0.9772498680518208,0.96875,0.013179222356053854,False,SUPPORTED,,4ef162320e09086a16f1e130b09a507d399438740647147560f339cd2aa60069
TOTAL_FLUX,4.0,51,4.000000000000001,2.220446049250313e-16,0.9772498680518208,0.982421875,0.013179222356053854,False,SUPPORTED,,4ef162320e09086a16f1e130b09a507d399438740647147560f339cd2aa60069
DIRECT_PHYSICAL,4.0,52,4.000000000000001,2.220446049250313e-16,0.9772498680518208,0.984375,0.013179222356053854,False,SUPPORTED,,4ef162320e09086a16f1e130b09a507d399438740647147560f339cd2aa60069
RESOLVED_PHYSICAL,4.0,52,4.0,0.0,0.9772498680518208,0.978515625,0.013179222356053854,False,SUPPORTED,,4ef162320e09086a16f1e130b09a507d399438740647147560f339cd2aa60069
UNRESOLVED_IMAGE,4.0,52,4.000000000000001,2.220446049250313e-16,0.9772498680518208,0.98046875,0.013179222356053854,False,SUPPORTED,,4ef162320e09086a16f1e130b09a507d399438740647147560f339cd2aa60069
TOTAL_FLUX,4.0,52,3.9999999999999973,6.661338147750939e-16,0.9772498680518207,0.98046875,0.013179222356053887,False,SUPPORTED,,4ef162320e09086a16f1e130b09a507d399438740647147560f339cd2aa60069
DIRECT_PHYSICAL,4.0,53,4.000000000000001,2.220446049250313e-16,0.9772498680518208,0.98046875,0.013179222356053854,False,SUPPORTED,,4ef162320e09086a16f1e130b09a507d399438740647147560f339cd2aa60069
RESOLVED_PHYSICAL,4.0,53,4.0,0.0,0.9772498680518208,0.978515625,0.013179222356053854,False,SUPPORTED,,4ef162320e09086a16f1e130b09a507d399438740647147560f339cd2aa60069
UNRESOLVED_IMAGE,4.0,53,4.0,0.0,0.9772498680518208,0.984375,0.013179222356053854,False,SUPPORTED,,4ef162320e09086a16f1e130b09a507d399438740647147560f339cd2aa60069
TOTAL_FLUX,4.0,53,4.000000000000001,2.220446049250313e-16,0.9772498680518208,0.974609375,0.013179222356053854,False,SUPPORTED,,4ef162320e09086a16f1e130b09a507d399438740647147560f339cd2aa60069
DIRECT_PHYSICAL,4.0,54,4.0,0.0,0.9772498680518208,0.978515625,0.013179222356053854,False,SUPPORTED,,4ef162320e09086a16f1e130b09a507d399438740647147560f339cd2aa60069
RESOLVED_PHYSICAL,4.0,54,4.0,0.0,0.9772498680518208,0.978515625,0.013179222356053854,False,SUPPORTED,,4ef162320e09086a16f1e130b09a507d399438740647147560f339cd2aa60069
UNRESOLVED_IMAGE,4.0,54,4.0,0.0,0.9772498680518208,0.970703125,0.013179222356053854,False,SUPPORTED,,4ef162320e09086a16f1e130b09a507d399438740647147560f339cd2aa60069
TOTAL_FLUX,4.0,54,3.9999999999999996,1.1102230246251565e-16,0.9772498680518208,0.984375,0.013179222356053854,False,SUPPORTED,,4ef162320e09086a16f1e130b09a507d399438740647147560f339cd2aa60069
DIRECT_PHYSICAL,4.0,55,3.999999999999999,2.220446049250313e-16,0.9772498680518208,0.9765625,0.013179222356053854,False,SUPPORTED,,4ef162320e09086a16f1e130b09a507d399438740647147560f339cd2aa60069
RESOLVED_PHYSICAL,4.0,55,4.000000000000002,4.440892098500626e-16,0.9772498680518209,0.9765625,0.013179222356053824,False,SUPPORTED,,4ef162320e09086a16f1e130b09a507d399438740647147560f339cd2aa60069
UNRESOLVED_IMAGE,4.0,55,3.9999999999999996,1.1102230246251565e-16,0.9772498680518208,0.974609375,0.013179222356053854,False,SUPPORTED,,4ef162320e09086a16f1e130b09a507d399438740647147560f339cd2aa60069
TOTAL_FLUX,4.0,55,3.9999999999999973,6.661338147750939e-16,0.9772498680518207,0.978515625,0.013179222356053887,False,SUPPORTED,,4ef162320e09086a16f1e130b09a507d399438740647147560f339cd2aa60069
DIRECT_PHYSICAL,4.0,56,3.9999999999999996,1.1102230246251565e-16,0.9772498680518208,0.970703125,0.013179222356053854,False,SUPPORTED,,4ef162320e09086a16f1e130b09a507d399438740647147560f339cd2aa60069
RESOLVED_PHYSICAL,4.0,56,4.0,0.0,0.9772498680518208,0.96875,0.013179222356053854,False,SUPPORTED,,4ef162320e09086a16f1e130b09a507d399438740647147560f339cd2aa60069
UNRESOLVED_IMAGE,4.0,56,3.999999999999999,2.220446049250313e-16,0.9772498680518208,0.970703125,0.013179222356053854,False,SUPPORTED,,4ef162320e09086a16f1e130b09a507d399438740647147560f339cd2aa60069
TOTAL_FLUX,4.0,56,3.999999999999999,2.220446049250313e-16,0.9772498680518208,0.984375,0.013179222356053854,False,SUPPORTED,,4ef162320e09086a16f1e130b09a507d399438740647147560f339cd2aa60069
DIRECT_PHYSICAL,4.0,57,3.9999999999999996,1.1102230246251565e-16,0.9772498680518208,0.98046875,0.013179222356053854,False,SUPPORTED,,4ef162320e09086a16f1e130b09a507d399438740647147560f339cd2aa60069
RESOLVED_PHYSICAL,4.0,57,4.0,0.0,0.9772498680518208,0.98046875,0.013179222356053854,False,SUPPORTED,,4ef162320e09086a16f1e130b09a507d399438740647147560f339cd2aa60069
UNRESOLVED_IMAGE,4.0,57,4.0,0.0,0.9772498680518208,0.974609375,0.013179222356053854,False,SUPPORTED,,4ef162320e09086a16f1e130b09a507d399438740647147560f339cd2aa60069
TOTAL_FLUX,4.0,57,4.000000000000003,6.661338147750939e-16,0.9772498680518209,0.986328125,0.013179222356053824,False,SUPPORTED,,4ef162320e09086a16f1e130b09a507d399438740647147560f339cd2aa60069
DIRECT_PHYSICAL,4.0,58,3.9999999999999996,1.1102230246251565e-16,0.9772498680518208,0.966796875,0.013179222356053854,False,SUPPORTED,,4ef162320e09086a16f1e130b09a507d399438740647147560f339cd2aa60069
RESOLVED_PHYSICAL,4.0,58,3.9999999999999996,1.1102230246251565e-16,0.9772498680518208,0.9765625,0.013179222356053854,False,SUPPORTED,,4ef162320e09086a16f1e130b09a507d399438740647147560f339cd2aa60069
UNRESOLVED_IMAGE,4.0,58,4.000000000000001,2.220446049250313e-16,0.9772498680518208,0.982421875,0.013179222356053854,False,SUPPORTED,,4ef162320e09086a16f1e130b09a507d399438740647147560f339cd2aa60069
TOTAL_FLUX,4.0,58,4.0,0.0,0.9772498680518208,0.97265625,0.013179222356053854,False,SUPPORTED,,4ef162320e09086a16f1e130b09a507d399438740647147560f339cd2aa60069
DIRECT_PHYSICAL,4.0,59,4.0,0.0,0.9772498680518208,0.9765625,0.013179222356053854,False,SUPPORTED,,4ef162320e09086a16f1e130b09a507d399438740647147560f339cd2aa60069
RESOLVED_PHYSICAL,4.0,59,4.0,0.0,0.9772498680518208,0.982421875,0.013179222356053854,False,SUPPORTED,,4ef162320e09086a16f1e130b09a507d399438740647147560f339cd2aa60069
UNRESOLVED_IMAGE,4.0,59,4.000000000000001,2.220446049250313e-16,0.9772498680518208,0.97265625,0.013179222356053854,False,SUPPORTED,,4ef162320e09086a16f1e130b09a507d399438740647147560f339cd2aa60069
TOTAL_FLUX,4.0,59,3.999999999999996,9.992007221626409e-16,0.9772498680518207,0.966796875,0.013179222356053887,False,SUPPORTED,,4ef162320e09086a16f1e130b09a507d399438740647147560f339cd2aa60069
DIRECT_PHYSICAL,4.0,60,4.0,0.0,0.9772498680518208,0.9765625,0.013179222356053854,False,SUPPORTED,,4ef162320e09086a16f1e130b09a507d399438740647147560f339cd2aa60069
RESOLVED_PHYSICAL,4.0,60,3.999999999999999,2.220446049250313e-16,0.9772498680518208,0.96875,0.013179222356053854,False,SUPPORTED,,4ef162320e09086a16f1e130b09a507d399438740647147560f339cd2aa60069
UNRESOLVED_IMAGE,4.0,60,3.9999999999999996,1.1102230246251565e-16,0.9772498680518208,0.978515625,0.013179222356053854,False,SUPPORTED,,4ef162320e09086a16f1e130b09a507d399438740647147560f339cd2aa60069
TOTAL_FLUX,4.0,60,3.999999999999997,7.771561172376096e-16,0.9772498680518207,0.98046875,0.013179222356053887,False,SUPPORTED,,4ef162320e09086a16f1e130b09a507d399438740647147560f339cd2aa60069
DIRECT_PHYSICAL,4.0,61,3.9999999999999996,1.1102230246251565e-16,0.9772498680518208,0.9765625,0.013179222356053854,False,SUPPORTED,,4ef162320e09086a16f1e130b09a507d399438740647147560f339cd2aa60069
RESOLVED_PHYSICAL,4.0,61,3.9999999999999996,1.1102230246251565e-16,0.9772498680518208,0.9765625,0.013179222356053854,False,SUPPORTED,,4ef162320e09086a16f1e130b09a507d399438740647147560f339cd2aa60069
UNRESOLVED_IMAGE,4.0,61,4.000000000000001,2.220446049250313e-16,0.9772498680518208,0.96875,0.013179222356053854,False,SUPPORTED,,4ef162320e09086a16f1e130b09a507d399438740647147560f339cd2aa60069
TOTAL_FLUX,4.0,61,4.0,0.0,0.9772498680518208,0.98046875,0.013179222356053854,False,SUPPORTED,,4ef162320e09086a16f1e130b09a507d399438740647147560f339cd2aa60069
DIRECT_PHYSICAL,4.0,62,3.9999999999999996,1.1102230246251565e-16,0.9772498680518208,0.978515625,0.013179222356053854,False,SUPPORTED,,4ef162320e09086a16f1e130b09a507d399438740647147560f339cd2aa60069
RESOLVED_PHYSICAL,4.0,62,4.0,0.0,0.9772498680518208,0.96484375,0.013179222356053854,False,SUPPORTED,,4ef162320e09086a16f1e130b09a507d399438740647147560f339cd2aa60069
UNRESOLVED_IMAGE,4.0,62,4.0,0.0,0.9772498680518208,0.984375,0.013179222356053854,False,SUPPORTED,,4ef162320e09086a16f1e130b09a507d399438740647147560f339cd2aa60069
TOTAL_FLUX,4.0,62,4.0,0.0,0.9772498680518208,0.974609375,0.013179222356053854,False,SUPPORTED,,4ef162320e09086a16f1e130b09a507d399438740647147560f339cd2aa60069
DIRECT_PHYSICAL,4.0,63,4.000000000000001,2.220446049250313e-16,0.9772498680518208,0.96875,0.013179222356053854,False,SUPPORTED,,4ef162320e09086a16f1e130b09a507d399438740647147560f339cd2aa60069
RESOLVED_PHYSICAL,4.0,63,3.9999999999999996,1.1102230246251565e-16,0.9772498680518208,0.984375,0.013179222356053854,False,SUPPORTED,,4ef162320e09086a16f1e130b09a507d399438740647147560f339cd2aa60069
UNRESOLVED_IMAGE,4.0,63,3.9999999999999996,1.1102230246251565e-16,0.9772498680518208,0.96875,0.013179222356053854,False,SUPPORTED,,4ef162320e09086a16f1e130b09a507d399438740647147560f339cd2aa60069
TOTAL_FLUX,4.0,63,3.9999999999999996,1.1102230246251565e-16,0.9772498680518208,0.984375,0.013179222356053854,False,SUPPORTED,,4ef162320e09086a16f1e130b09a507d399438740647147560f339cd2aa60069
DIRECT_PHYSICAL,4.0,64,4.000000000000001,2.220446049250313e-16,0.9772498680518208,0.984375,0.013179222356053854,False,SUPPORTED,,4ef162320e09086a16f1e130b09a507d399438740647147560f339cd2aa60069
RESOLVED_PHYSICAL,4.0,64,4.0,0.0,0.9772498680518208,0.966796875,0.013179222356053854,False,SUPPORTED,,4ef162320e09086a16f1e130b09a507d399438740647147560f339cd2aa60069
UNRESOLVED_IMAGE,4.0,64,3.9999999999999987,3.3306690738754696e-16,0.9772498680518208,0.982421875,0.013179222356053854,False,SUPPORTED,,4ef162320e09086a16f1e130b09a507d399438740647147560f339cd2aa60069
TOTAL_FLUX,4.0,64,4.000000000000001,2.220446049250313e-16,0.9772498680518208,0.990234375,0.013179222356053854,False,SUPPORTED,,4ef162320e09086a16f1e130b09a507d399438740647147560f339cd2aa60069
DIRECT_PHYSICAL,4.0,65,4.0,0.0,0.9772498680518208,0.978515625,0.013179222356053854,False,SUPPORTED,,4ef162320e09086a16f1e130b09a507d399438740647147560f339cd2aa60069
RESOLVED_PHYSICAL,4.0,65,3.999999999999999,2.220446049250313e-16,0.9772498680518208,0.974609375,0.013179222356053854,False,SUPPORTED,,4ef162320e09086a16f1e130b09a507d399438740647147560f339cd2aa60069
UNRESOLVED_IMAGE,4.0,65,3.9999999999999996,1.1102230246251565e-16,0.9772498680518208,0.970703125,0.013179222356053854,False,SUPPORTED,,4ef162320e09086a16f1e130b09a507d399438740647147560f339cd2aa60069
TOTAL_FLUX,4.0,65,4.0,0.0,0.9772498680518208,0.978515625,0.013179222356053854,False,SUPPORTED,,4ef162320e09086a16f1e130b09a507d399438740647147560f339cd2aa60069
DIRECT_PHYSICAL,4.0,66,4.0,0.0,0.9772498680518208,0.984375,0.013179222356053854,False,SUPPORTED,,4ef162320e09086a16f1e130b09a507d399438740647147560f339cd2aa60069
RESOLVED_PHYSICAL,4.0,66,4.0,0.0,0.9772498680518208,0.978515625,0.013179222356053854,False,SUPPORTED,,4ef162320e09086a16f1e130b09a507d399438740647147560f339cd2aa60069
UNRESOLVED_IMAGE,4.0,66,4.0,0.0,0.9772498680518208,0.9765625,0.013179222356053854,False,SUPPORTED,,4ef162320e09086a16f1e130b09a507d399438740647147560f339cd2aa60069
TOTAL_FLUX,4.0,66,4.000000000000002,4.440892098500626e-16,0.9772498680518209,0.97265625,0.013179222356053824,False,SUPPORTED,,4ef162320e09086a16f1e130b09a507d399438740647147560f339cd2aa60069
DIRECT_PHYSICAL,4.0,67,3.999999999999999,2.220446049250313e-16,0.9772498680518208,0.98828125,0.013179222356053854,False,SUPPORTED,,4ef162320e09086a16f1e130b09a507d399438740647147560f339cd2aa60069
RESOLVED_PHYSICAL,4.0,67,4.0,0.0,0.9772498680518208,0.984375,0.013179222356053854,False,SUPPORTED,,4ef162320e09086a16f1e130b09a507d399438740647147560f339cd2aa60069
UNRESOLVED_IMAGE,4.0,67,4.0,0.0,0.9772498680518208,0.98046875,0.013179222356053854,False,SUPPORTED,,4ef162320e09086a16f1e130b09a507d399438740647147560f339cd2aa60069
TOTAL_FLUX,4.0,67,4.000000000000002,4.440892098500626e-16,0.9772498680518209,0.98046875,0.013179222356053824,False,SUPPORTED,,4ef162320e09086a16f1e130b09a507d399438740647147560f339cd2aa60069
DIRECT_PHYSICAL,4.0,68,3.999999999999999,2.220446049250313e-16,0.9772498680518208,0.98046875,0.013179222356053854,False,SUPPORTED,,4ef162320e09086a16f1e130b09a507d399438740647147560f339cd2aa60069
RESOLVED_PHYSICAL,4.0,68,4.000000000000001,2.220446049250313e-16,0.9772498680518208,0.97265625,0.013179222356053854,False,SUPPORTED,,4ef162320e09086a16f1e130b09a507d399438740647147560f339cd2aa60069
UNRESOLVED_IMAGE,4.0,68,3.9999999999999996,1.1102230246251565e-16,0.9772498680518208,0.97265625,0.013179222356053854,False,SUPPORTED,,4ef162320e09086a16f1e130b09a507d399438740647147560f339cd2aa60069
TOTAL_FLUX,4.0,68,4.000000000000002,4.440892098500626e-16,0.9772498680518209,0.974609375,0.013179222356053824,False,SUPPORTED,,4ef162320e09086a16f1e130b09a507d399438740647147560f339cd2aa60069
DIRECT_PHYSICAL,4.0,69,4.0,0.0,0.9772498680518208,0.982421875,0.013179222356053854,False,SUPPORTED,,4ef162320e09086a16f1e130b09a507d399438740647147560f339cd2aa60069
RESOLVED_PHYSICAL,4.0,69,4.0,0.0,0.9772498680518208,0.982421875,0.013179222356053854,False,SUPPORTED,,4ef162320e09086a16f1e130b09a507d399438740647147560f339cd2aa60069
UNRESOLVED_IMAGE,4.0,69,4.0,0.0,0.9772498680518208,0.97265625,0.013179222356053854,False,SUPPORTED,,4ef162320e09086a16f1e130b09a507d399438740647147560f339cd2aa60069
TOTAL_FLUX,4.0,69,3.9999999999999996,1.1102230246251565e-16,0.9772498680518208,0.990234375,0.013179222356053854,False,SUPPORTED,,4ef162320e09086a16f1e130b09a507d399438740647147560f339cd2aa60069
DIRECT_PHYSICAL,4.0,70,4.0,0.0,0.9772498680518208,0.97265625,0.013179222356053854,False,SUPPORTED,,4ef162320e09086a16f1e130b09a507d399438740647147560f339cd2aa60069
RESOLVED_PHYSICAL,4.0,70,3.9999999999999996,1.1102230246251565e-16,0.9772498680518208,0.984375,0.013179222356053854,False,SUPPORTED,,4ef162320e09086a16f1e130b09a507d399438740647147560f339cd2aa60069
UNRESOLVED_IMAGE,4.0,70,4.0,0.0,0.9772498680518208,0.97265625,0.013179222356053854,False,SUPPORTED,,4ef162320e09086a16f1e130b09a507d399438740647147560f339cd2aa60069
TOTAL_FLUX,4.0,70,3.999999999999999,2.220446049250313e-16,0.9772498680518208,0.984375,0.013179222356053854,False,SUPPORTED,,4ef162320e09086a16f1e130b09a507d399438740647147560f339cd2aa60069
DIRECT_PHYSICAL,4.0,71,4.000000000000001,2.220446049250313e-16,0.9772498680518208,0.98046875,0.013179222356053854,False,SUPPORTED,,4ef162320e09086a16f1e130b09a507d399438740647147560f339cd2aa60069
RESOLVED_PHYSICAL,4.0,71,4.0,0.0,0.9772498680518208,0.982421875,0.013179222356053854,False,SUPPORTED,,4ef162320e09086a16f1e130b09a507d399438740647147560f339cd2aa60069
UNRESOLVED_IMAGE,4.0,71,4.0,0.0,0.9772498680518208,0.970703125,0.013179222356053854,False,SUPPORTED,,4ef162320e09086a16f1e130b09a507d399438740647147560f339cd2aa60069
TOTAL_FLUX,4.0,71,4.0,0.0,0.9772498680518208,0.982421875,0.013179222356053854,False,SUPPORTED,,4ef162320e09086a16f1e130b09a507d399438740647147560f339cd2aa60069
DIRECT_PHYSICAL,4.0,72,3.9999999999999996,1.1102230246251565e-16,0.9772498680518208,0.978515625,0.013179222356053854,False,SUPPORTED,,4ef162320e09086a16f1e130b09a507d399438740647147560f339cd2aa60069
RESOLVED_PHYSICAL,4.0,72,3.9999999999999996,1.1102230246251565e-16,0.9772498680518208,0.984375,0.013179222356053854,False,SUPPORTED,,4ef162320e09086a16f1e130b09a507d399438740647147560f339cd2aa60069
UNRESOLVED_IMAGE,4.0,72,4.0,0.0,0.9772498680518208,0.96484375,0.013179222356053854,False,SUPPORTED,,4ef162320e09086a16f1e130b09a507d399438740647147560f339cd2aa60069
TOTAL_FLUX,4.0,72,4.0,0.0,0.9772498680518208,0.990234375,0.013179222356053854,False,SUPPORTED,,4ef162320e09086a16f1e130b09a507d399438740647147560f339cd2aa60069
DIRECT_PHYSICAL,4.0,73,4.0,0.0,0.9772498680518208,0.97265625,0.013179222356053854,False,SUPPORTED,,4ef162320e09086a16f1e130b09a507d399438740647147560f339cd2aa60069
RESOLVED_PHYSICAL,4.0,73,3.9999999999999996,1.1102230246251565e-16,0.9772498680518208,0.96875,0.013179222356053854,False,SUPPORTED,,4ef162320e09086a16f1e130b09a507d399438740647147560f339cd2aa60069
UNRESOLVED_IMAGE,4.0,73,3.9999999999999996,1.1102230246251565e-16,0.9772498680518208,0.97265625,0.013179222356053854,False,SUPPORTED,,4ef162320e09086a16f1e130b09a507d399438740647147560f339cd2aa60069
TOTAL_FLUX,4.0,73,3.999999999999999,2.220446049250313e-16,0.9772498680518208,0.970703125,0.013179222356053854,False,SUPPORTED,,4ef162320e09086a16f1e130b09a507d399438740647147560f339cd2aa60069
DIRECT_PHYSICAL,4.0,74,3.9999999999999996,1.1102230246251565e-16,0.9772498680518208,0.978515625,0.013179222356053854,False,SUPPORTED,,4ef162320e09086a16f1e130b09a507d399438740647147560f339cd2aa60069
RESOLVED_PHYSICAL,4.0,74,4.0,0.0,0.9772498680518208,0.978515625,0.013179222356053854,False,SUPPORTED,,4ef162320e09086a16f1e130b09a507d399438740647147560f339cd2aa60069
UNRESOLVED_IMAGE,4.0,74,3.999999999999999,2.220446049250313e-16,0.9772498680518208,0.984375,0.013179222356053854,False,SUPPORTED,,4ef162320e09086a16f1e130b09a507d399438740647147560f339cd2aa60069
TOTAL_FLUX,4.0,74,3.9999999999999982,4.440892098500626e-16,0.9772498680518208,0.97265625,0.013179222356053854,False,SUPPORTED,,4ef162320e09086a16f1e130b09a507d399438740647147560f339cd2aa60069
DIRECT_PHYSICAL,4.0,75,4.000000000000001,2.220446049250313e-16,0.9772498680518208,0.9921875,0.013179222356053854,True,SUPPORTED,,4ef162320e09086a16f1e130b09a507d399438740647147560f339cd2aa60069
RESOLVED_PHYSICAL,4.0,75,3.9999999999999996,1.1102230246251565e-16,0.9772498680518208,0.970703125,0.013179222356053854,False,SUPPORTED,,4ef162320e09086a16f1e130b09a507d399438740647147560f339cd2aa60069
UNRESOLVED_IMAGE,4.0,75,4.000000000000001,2.220446049250313e-16,0.9772498680518208,0.974609375,0.013179222356053854,False,SUPPORTED,,4ef162320e09086a16f1e130b09a507d399438740647147560f339cd2aa60069
TOTAL_FLUX,4.0,75,3.9999999999999987,3.3306690738754696e-16,0.9772498680518208,0.984375,0.013179222356053854,False,SUPPORTED,,4ef162320e09086a16f1e130b09a507d399438740647147560f339cd2aa60069
DIRECT_PHYSICAL,4.0,76,4.0,0.0,0.9772498680518208,0.9765625,0.013179222356053854,False,SUPPORTED,,4ef162320e09086a16f1e130b09a507d399438740647147560f339cd2aa60069
RESOLVED_PHYSICAL,4.0,76,4.0,0.0,0.9772498680518208,0.974609375,0.013179222356053854,False,SUPPORTED,,4ef162320e09086a16f1e130b09a507d399438740647147560f339cd2aa60069
UNRESOLVED_IMAGE,4.0,76,3.9999999999999982,4.440892098500626e-16,0.9772498680518208,0.982421875,0.013179222356053854,False,SUPPORTED,,4ef162320e09086a16f1e130b09a507d399438740647147560f339cd2aa60069
TOTAL_FLUX,4.0,76,3.9999999999999996,1.1102230246251565e-16,0.9772498680518208,0.978515625,0.013179222356053854,False,SUPPORTED,,4ef162320e09086a16f1e130b09a507d399438740647147560f339cd2aa60069
DIRECT_PHYSICAL,4.0,77,4.0,0.0,0.9772498680518208,0.97265625,0.013179222356053854,False,SUPPORTED,,4ef162320e09086a16f1e130b09a507d399438740647147560f339cd2aa60069
RESOLVED_PHYSICAL,4.0,77,4.0,0.0,0.9772498680518208,0.966796875,0.013179222356053854,False,SUPPORTED,,4ef162320e09086a16f1e130b09a507d399438740647147560f339cd2aa60069
UNRESOLVED_IMAGE,4.0,77,4.0,0.0,0.9772498680518208,0.97265625,0.013179222356053854,False,SUPPORTED,,4ef162320e09086a16f1e130b09a507d399438740647147560f339cd2aa60069
TOTAL_FLUX,4.0,77,3.9999999999999996,1.1102230246251565e-16,0.9772498680518208,0.970703125,0.013179222356053854,False,SUPPORTED,,4ef162320e09086a16f1e130b09a507d399438740647147560f339cd2aa60069
DIRECT_PHYSICAL,4.0,78,3.9999999999999996,1.1102230246251565e-16,0.9772498680518208,0.9765625,0.013179222356053854,False,SUPPORTED,,4ef162320e09086a16f1e130b09a507d399438740647147560f339cd2aa60069
RESOLVED_PHYSICAL,4.0,78,3.9999999999999996,1.1102230246251565e-16,0.9772498680518208,0.990234375,0.013179222356053854,False,SUPPORTED,,4ef162320e09086a16f1e130b09a507d399438740647147560f339cd2aa60069
UNRESOLVED_IMAGE,4.0,78,3.999999999999999,2.220446049250313e-16,0.9772498680518208,0.974609375,0.013179222356053854,False,SUPPORTED,,4ef162320e09086a16f1e130b09a507d399438740647147560f339cd2aa60069
TOTAL_FLUX,4.0,78,4.0,0.0,0.9772498680518208,0.984375,0.013179222356053854,False,SUPPORTED,,4ef162320e09086a16f1e130b09a507d399438740647147560f339cd2aa60069
DIRECT_PHYSICAL,4.0,79,4.0,0.0,0.9772498680518208,0.978515625,0.013179222356053854,False,SUPPORTED,,4ef162320e09086a16f1e130b09a507d399438740647147560f339cd2aa60069
RESOLVED_PHYSICAL,4.0,79,4.0,0.0,0.9772498680518208,0.978515625,0.013179222356053854,False,SUPPORTED,,4ef162320e09086a16f1e130b09a507d399438740647147560f339cd2aa60069
UNRESOLVED_IMAGE,4.0,79,4.0,0.0,0.9772498680518208,0.98828125,0.013179222356053854,False,SUPPORTED,,4ef162320e09086a16f1e130b09a507d399438740647147560f339cd2aa60069
TOTAL_FLUX,4.0,79,3.9999999999999996,1.1102230246251565e-16,0.9772498680518208,0.982421875,0.013179222356053854,False,SUPPORTED,,4ef162320e09086a16f1e130b09a507d399438740647147560f339cd2aa60069
DIRECT_PHYSICAL,4.0,80,4.000000000000001,2.220446049250313e-16,0.9772498680518208,0.96875,0.013179222356053854,False,SUPPORTED,,4ef162320e09086a16f1e130b09a507d399438740647147560f339cd2aa60069
RESOLVED_PHYSICAL,4.0,80,4.0,0.0,0.9772498680518208,0.962890625,0.013179222356053854,False,SUPPORTED,,4ef162320e09086a16f1e130b09a507d399438740647147560f339cd2aa60069
UNRESOLVED_IMAGE,4.0,80,3.9999999999999996,1.1102230246251565e-16,0.9772498680518208,0.974609375,0.013179222356053854,False,SUPPORTED,,4ef162320e09086a16f1e130b09a507d399438740647147560f339cd2aa60069
TOTAL_FLUX,4.0,80,3.999999999999999,2.220446049250313e-16,0.9772498680518208,0.98828125,0.013179222356053854,False,SUPPORTED,,4ef162320e09086a16f1e130b09a507d399438740647147560f339cd2aa60069
DIRECT_PHYSICAL,4.0,81,4.0,0.0,0.9772498680518208,0.96875,0.013179222356053854,False,SUPPORTED,,4ef162320e09086a16f1e130b09a507d399438740647147560f339cd2aa60069
RESOLVED_PHYSICAL,4.0,81,4.0,0.0,0.9772498680518208,0.970703125,0.013179222356053854,False,SUPPORTED,,4ef162320e09086a16f1e130b09a507d399438740647147560f339cd2aa60069
UNRESOLVED_IMAGE,4.0,81,3.9999999999999996,1.1102230246251565e-16,0.9772498680518208,0.978515625,0.013179222356053854,False,SUPPORTED,,4ef162320e09086a16f1e130b09a507d399438740647147560f339cd2aa60069
TOTAL_FLUX,4.0,81,3.9999999999999996,1.1102230246251565e-16,0.9772498680518208,0.97265625,0.013179222356053854,False,SUPPORTED,,4ef162320e09086a16f1e130b09a507d399438740647147560f339cd2aa60069
DIRECT_PHYSICAL,4.0,82,3.9999999999999996,1.1102230246251565e-16,0.9772498680518208,0.978515625,0.013179222356053854,False,SUPPORTED,,4ef162320e09086a16f1e130b09a507d399438740647147560f339cd2aa60069
RESOLVED_PHYSICAL,4.0,82,3.9999999999999996,1.1102230246251565e-16,0.9772498680518208,0.98046875,0.013179222356053854,False,SUPPORTED,,4ef162320e09086a16f1e130b09a507d399438740647147560f339cd2aa60069
UNRESOLVED_IMAGE,4.0,82,4.0,0.0,0.9772498680518208,0.982421875,0.013179222356053854,False,SUPPORTED,,4ef162320e09086a16f1e130b09a507d399438740647147560f339cd2aa60069
TOTAL_FLUX,4.0,82,4.000000000000001,2.220446049250313e-16,0.9772498680518208,0.994140625,0.013179222356053854,True,SUPPORTED,,4ef162320e09086a16f1e130b09a507d399438740647147560f339cd2aa60069
DIRECT_PHYSICAL,4.0,83,3.999999999999999,2.220446049250313e-16,0.9772498680518208,0.96875,0.013179222356053854,False,SUPPORTED,,4ef162320e09086a16f1e130b09a507d399438740647147560f339cd2aa60069
RESOLVED_PHYSICAL,4.0,83,3.9999999999999987,3.3306690738754696e-16,0.9772498680518208,0.9921875,0.013179222356053854,True,SUPPORTED,,4ef162320e09086a16f1e130b09a507d399438740647147560f339cd2aa60069
UNRESOLVED_IMAGE,4.0,83,4.0,0.0,0.9772498680518208,0.970703125,0.013179222356053854,False,SUPPORTED,,4ef162320e09086a16f1e130b09a507d399438740647147560f339cd2aa60069
TOTAL_FLUX,4.0,83,3.999999999999999,2.220446049250313e-16,0.9772498680518208,0.974609375,0.013179222356053854,False,SUPPORTED,,4ef162320e09086a16f1e130b09a507d399438740647147560f339cd2aa60069
DIRECT_PHYSICAL,4.0,84,3.999999999999999,2.220446049250313e-16,0.9772498680518208,0.9765625,0.013179222356053854,False,SUPPORTED,,4ef162320e09086a16f1e130b09a507d399438740647147560f339cd2aa60069
RESOLVED_PHYSICAL,4.0,84,4.0,0.0,0.9772498680518208,0.984375,0.013179222356053854,False,SUPPORTED,,4ef162320e09086a16f1e130b09a507d399438740647147560f339cd2aa60069
UNRESOLVED_IMAGE,4.0,84,3.999999999999999,2.220446049250313e-16,0.9772498680518208,0.982421875,0.013179222356053854,False,SUPPORTED,,4ef162320e09086a16f1e130b09a507d399438740647147560f339cd2aa60069
TOTAL_FLUX,4.0,84,3.9999999999999987,3.3306690738754696e-16,0.9772498680518208,0.96875,0.013179222356053854,False,SUPPORTED,,4ef162320e09086a16f1e130b09a507d399438740647147560f339cd2aa60069
DIRECT_PHYSICAL,4.0,85,3.999999999999999,2.220446049250313e-16,0.9772498680518208,0.98046875,0.013179222356053854,False,SUPPORTED,,4ef162320e09086a16f1e130b09a507d399438740647147560f339cd2aa60069
RESOLVED_PHYSICAL,4.0,85,4.0,0.0,0.9772498680518208,0.982421875,0.013179222356053854,False,SUPPORTED,,4ef162320e09086a16f1e130b09a507d399438740647147560f339cd2aa60069
UNRESOLVED_IMAGE,4.0,85,3.9999999999999996,1.1102230246251565e-16,0.9772498680518208,0.984375,0.013179222356053854,False,SUPPORTED,,4ef162320e09086a16f1e130b09a507d399438740647147560f339cd2aa60069
TOTAL_FLUX,4.0,85,4.000000000000001,2.220446049250313e-16,0.9772498680518208,0.9765625,0.013179222356053854,False,SUPPORTED,,4ef162320e09086a16f1e130b09a507d399438740647147560f339cd2aa60069
DIRECT_PHYSICAL,4.0,86,3.999999999999999,2.220446049250313e-16,0.9772498680518208,0.9765625,0.013179222356053854,False,SUPPORTED,,4ef162320e09086a16f1e130b09a507d399438740647147560f339cd2aa60069
RESOLVED_PHYSICAL,4.0,86,3.9999999999999996,1.1102230246251565e-16,0.9772498680518208,0.984375,0.013179222356053854,False,SUPPORTED,,4ef162320e09086a16f1e130b09a507d399438740647147560f339cd2aa60069
UNRESOLVED_IMAGE,4.0,86,3.9999999999999987,3.3306690738754696e-16,0.9772498680518208,0.982421875,0.013179222356053854,False,SUPPORTED,,4ef162320e09086a16f1e130b09a507d399438740647147560f339cd2aa60069
TOTAL_FLUX,4.0,86,3.999999999999999,2.220446049250313e-16,0.9772498680518208,0.97265625,0.013179222356053854,False,SUPPORTED,,4ef162320e09086a16f1e130b09a507d399438740647147560f339cd2aa60069
DIRECT_PHYSICAL,4.0,87,4.000000000000001,2.220446049250313e-16,0.9772498680518208,0.96875,0.013179222356053854,False,SUPPORTED,,4ef162320e09086a16f1e130b09a507d399438740647147560f339cd2aa60069
RESOLVED_PHYSICAL,4.0,87,4.000000000000001,2.220446049250313e-16,0.9772498680518208,0.970703125,0.013179222356053854,False,SUPPORTED,,4ef162320e09086a16f1e130b09a507d399438740647147560f339cd2aa60069
UNRESOLVED_IMAGE,4.0,87,3.9999999999999996,1.1102230246251565e-16,0.9772498680518208,0.978515625,0.013179222356053854,False,SUPPORTED,,4ef162320e09086a16f1e130b09a507d399438740647147560f339cd2aa60069
TOTAL_FLUX,4.0,87,3.9999999999999996,1.1102230246251565e-16,0.9772498680518208,0.9765625,0.013179222356053854,False,SUPPORTED,,4ef162320e09086a16f1e130b09a507d399438740647147560f339cd2aa60069
DIRECT_PHYSICAL,4.0,88,3.9999999999999996,1.1102230246251565e-16,0.9772498680518208,0.98046875,0.013179222356053854,False,SUPPORTED,,4ef162320e09086a16f1e130b09a507d399438740647147560f339cd2aa60069
RESOLVED_PHYSICAL,4.0,88,3.9999999999999987,3.3306690738754696e-16,0.9772498680518208,0.96875,0.013179222356053854,False,SUPPORTED,,4ef162320e09086a16f1e130b09a507d399438740647147560f339cd2aa60069
UNRESOLVED_IMAGE,4.0,88,3.9999999999999996,1.1102230246251565e-16,0.9772498680518208,0.98046875,0.013179222356053854,False,SUPPORTED,,4ef162320e09086a16f1e130b09a507d399438740647147560f339cd2aa60069
TOTAL_FLUX,4.0,88,3.999999999999998,5.551115123125783e-16,0.9772498680518207,0.974609375,0.013179222356053887,False,SUPPORTED,,4ef162320e09086a16f1e130b09a507d399438740647147560f339cd2aa60069
DIRECT_PHYSICAL,4.0,89,3.999999999999999,2.220446049250313e-16,0.9772498680518208,0.98046875,0.013179222356053854,False,SUPPORTED,,4ef162320e09086a16f1e130b09a507d399438740647147560f339cd2aa60069
RESOLVED_PHYSICAL,4.0,89,4.0,0.0,0.9772498680518208,0.970703125,0.013179222356053854,False,SUPPORTED,,4ef162320e09086a16f1e130b09a507d399438740647147560f339cd2aa60069
UNRESOLVED_IMAGE,4.0,89,4.000000000000001,2.220446049250313e-16,0.9772498680518208,0.9765625,0.013179222356053854,False,SUPPORTED,,4ef162320e09086a16f1e130b09a507d399438740647147560f339cd2aa60069
TOTAL_FLUX,4.0,89,3.9999999999999987,3.3306690738754696e-16,0.9772498680518208,0.98046875,0.013179222356053854,False,SUPPORTED,,4ef162320e09086a16f1e130b09a507d399438740647147560f339cd2aa60069
DIRECT_PHYSICAL,4.0,90,3.9999999999999996,1.1102230246251565e-16,0.9772498680518208,0.96484375,0.013179222356053854,False,SUPPORTED,,4ef162320e09086a16f1e130b09a507d399438740647147560f339cd2aa60069
RESOLVED_PHYSICAL,4.0,90,4.0,0.0,0.9772498680518208,0.97265625,0.013179222356053854,False,SUPPORTED,,4ef162320e09086a16f1e130b09a507d399438740647147560f339cd2aa60069
UNRESOLVED_IMAGE,4.0,90,3.9999999999999996,1.1102230246251565e-16,0.9772498680518208,0.982421875,0.013179222356053854,False,SUPPORTED,,4ef162320e09086a16f1e130b09a507d399438740647147560f339cd2aa60069
TOTAL_FLUX,4.0,90,4.0,0.0,0.9772498680518208,0.982421875,0.013179222356053854,False,SUPPORTED,,4ef162320e09086a16f1e130b09a507d399438740647147560f339cd2aa60069
DIRECT_PHYSICAL,4.0,91,4.0,0.0,0.9772498680518208,0.984375,0.013179222356053854,False,SUPPORTED,,4ef162320e09086a16f1e130b09a507d399438740647147560f339cd2aa60069
RESOLVED_PHYSICAL,4.0,91,4.0,0.0,0.9772498680518208,0.9765625,0.013179222356053854,False,SUPPORTED,,4ef162320e09086a16f1e130b09a507d399438740647147560f339cd2aa60069
UNRESOLVED_IMAGE,4.0,91,3.999999999999999,2.220446049250313e-16,0.9772498680518208,0.986328125,0.013179222356053854,False,SUPPORTED,,4ef162320e09086a16f1e130b09a507d399438740647147560f339cd2aa60069
TOTAL_FLUX,4.0,91,4.0,0.0,0.9772498680518208,0.98828125,0.013179222356053854,False,SUPPORTED,,4ef162320e09086a16f1e130b09a507d399438740647147560f339cd2aa60069
DIRECT_PHYSICAL,4.0,92,4.0,0.0,0.9772498680518208,0.978515625,0.013179222356053854,False,SUPPORTED,,4ef162320e09086a16f1e130b09a507d399438740647147560f339cd2aa60069
RESOLVED_PHYSICAL,4.0,92,3.9999999999999996,1.1102230246251565e-16,0.9772498680518208,0.96875,0.013179222356053854,False,SUPPORTED,,4ef162320e09086a16f1e130b09a507d399438740647147560f339cd2aa60069
UNRESOLVED_IMAGE,4.0,92,4.0,0.0,0.9772498680518208,0.9921875,0.013179222356053854,True,SUPPORTED,,4ef162320e09086a16f1e130b09a507d399438740647147560f339cd2aa60069
TOTAL_FLUX,4.0,92,4.000000000000001,2.220446049250313e-16,0.9772498680518208,0.982421875,0.013179222356053854,False,SUPPORTED,,4ef162320e09086a16f1e130b09a507d399438740647147560f339cd2aa60069
DIRECT_PHYSICAL,4.0,93,4.0,0.0,0.9772498680518208,0.970703125,0.013179222356053854,False,SUPPORTED,,4ef162320e09086a16f1e130b09a507d399438740647147560f339cd2aa60069
RESOLVED_PHYSICAL,4.0,93,3.9999999999999996,1.1102230246251565e-16,0.9772498680518208,0.978515625,0.013179222356053854,False,SUPPORTED,,4ef162320e09086a16f1e130b09a507d399438740647147560f339cd2aa60069
UNRESOLVED_IMAGE,4.0,93,3.9999999999999987,3.3306690738754696e-16,0.9772498680518208,0.9765625,0.013179222356053854,False,SUPPORTED,,4ef162320e09086a16f1e130b09a507d399438740647147560f339cd2aa60069
TOTAL_FLUX,4.0,93,4.0,0.0,0.9772498680518208,0.978515625,0.013179222356053854,False,SUPPORTED,,4ef162320e09086a16f1e130b09a507d399438740647147560f339cd2aa60069
DIRECT_PHYSICAL,4.0,94,3.9999999999999996,1.1102230246251565e-16,0.9772498680518208,0.97265625,0.013179222356053854,False,SUPPORTED,,4ef162320e09086a16f1e130b09a507d399438740647147560f339cd2aa60069
RESOLVED_PHYSICAL,4.0,94,4.0,0.0,0.9772498680518208,0.9765625,0.013179222356053854,False,SUPPORTED,,4ef162320e09086a16f1e130b09a507d399438740647147560f339cd2aa60069
UNRESOLVED_IMAGE,4.0,94,3.9999999999999996,1.1102230246251565e-16,0.9772498680518208,0.974609375,0.013179222356053854,False,SUPPORTED,,4ef162320e09086a16f1e130b09a507d399438740647147560f339cd2aa60069
TOTAL_FLUX,4.0,94,3.999999999999999,2.220446049250313e-16,0.9772498680518208,0.98046875,0.013179222356053854,False,SUPPORTED,,4ef162320e09086a16f1e130b09a507d399438740647147560f339cd2aa60069
DIRECT_PHYSICAL,4.0,95,4.000000000000001,2.220446049250313e-16,0.9772498680518208,0.982421875,0.013179222356053854,False,SUPPORTED,,4ef162320e09086a16f1e130b09a507d399438740647147560f339cd2aa60069
RESOLVED_PHYSICAL,4.0,95,4.000000000000001,2.220446049250313e-16,0.9772498680518208,0.98046875,0.013179222356053854,False,SUPPORTED,,4ef162320e09086a16f1e130b09a507d399438740647147560f339cd2aa60069
UNRESOLVED_IMAGE,4.0,95,4.0,0.0,0.9772498680518208,0.974609375,0.013179222356053854,False,SUPPORTED,,4ef162320e09086a16f1e130b09a507d399438740647147560f339cd2aa60069
TOTAL_FLUX,4.0,95,4.0,0.0,0.9772498680518208,0.984375,0.013179222356053854,False,SUPPORTED,,4ef162320e09086a16f1e130b09a507d399438740647147560f339cd2aa60069
DIRECT_PHYSICAL,4.0,96,3.9999999999999996,1.1102230246251565e-16,0.9772498680518208,0.966796875,0.013179222356053854,False,SUPPORTED,,4ef162320e09086a16f1e130b09a507d399438740647147560f339cd2aa60069
RESOLVED_PHYSICAL,4.0,96,4.0,0.0,0.9772498680518208,0.98046875,0.013179222356053854,False,SUPPORTED,,4ef162320e09086a16f1e130b09a507d399438740647147560f339cd2aa60069
UNRESOLVED_IMAGE,4.0,96,4.000000000000001,2.220446049250313e-16,0.9772498680518208,0.9765625,0.013179222356053854,False,SUPPORTED,,4ef162320e09086a16f1e130b09a507d399438740647147560f339cd2aa60069
TOTAL_FLUX,4.0,96,4.0,0.0,0.9772498680518208,0.97265625,0.013179222356053854,False,SUPPORTED,,4ef162320e09086a16f1e130b09a507d399438740647147560f339cd2aa60069
DIRECT_PHYSICAL,4.0,97,3.9999999999999996,1.1102230246251565e-16,0.9772498680518208,0.982421875,0.013179222356053854,False,SUPPORTED,,4ef162320e09086a16f1e130b09a507d399438740647147560f339cd2aa60069
RESOLVED_PHYSICAL,4.0,97,3.9999999999999987,3.3306690738754696e-16,0.9772498680518208,0.9765625,0.013179222356053854,False,SUPPORTED,,4ef162320e09086a16f1e130b09a507d399438740647147560f339cd2aa60069
UNRESOLVED_IMAGE,4.0,97,4.0,0.0,0.9772498680518208,0.986328125,0.013179222356053854,False,SUPPORTED,,4ef162320e09086a16f1e130b09a507d399438740647147560f339cd2aa60069
TOTAL_FLUX,4.0,97,4.000000000000001,2.220446049250313e-16,0.9772498680518208,0.978515625,0.013179222356053854,False,SUPPORTED,,4ef162320e09086a16f1e130b09a507d399438740647147560f339cd2aa60069
DIRECT_PHYSICAL,4.0,98,3.9999999999999996,1.1102230246251565e-16,0.9772498680518208,0.98046875,0.013179222356053854,False,SUPPORTED,,4ef162320e09086a16f1e130b09a507d399438740647147560f339cd2aa60069
RESOLVED_PHYSICAL,4.0,98,3.9999999999999996,1.1102230246251565e-16,0.9772498680518208,0.96875,0.013179222356053854,False,SUPPORTED,,4ef162320e09086a16f1e130b09a507d399438740647147560f339cd2aa60069
UNRESOLVED_IMAGE,4.0,98,3.999999999999999,2.220446049250313e-16,0.9772498680518208,0.97265625,0.013179222356053854,False,SUPPORTED,,4ef162320e09086a16f1e130b09a507d399438740647147560f339cd2aa60069
TOTAL_FLUX,4.0,98,3.9999999999999996,1.1102230246251565e-16,0.9772498680518208,0.974609375,0.013179222356053854,False,SUPPORTED,,4ef162320e09086a16f1e130b09a507d399438740647147560f339cd2aa60069
DIRECT_PHYSICAL,4.0,99,4.0,0.0,0.9772498680518208,0.982421875,0.013179222356053854,False,SUPPORTED,,4ef162320e09086a16f1e130b09a507d399438740647147560f339cd2aa60069
RESOLVED_PHYSICAL,4.0,99,4.0,0.0,0.9772498680518208,0.978515625,0.013179222356053854,False,SUPPORTED,,4ef162320e09086a16f1e130b09a507d399438740647147560f339cd2aa60069
UNRESOLVED_IMAGE,4.0,99,3.9999999999999996,1.1102230246251565e-16,0.9772498680518208,0.970703125,0.013179222356053854,False,SUPPORTED,,4ef162320e09086a16f1e130b09a507d399438740647147560f339cd2aa60069
TOTAL_FLUX,4.0,99,3.9999999999999973,6.661338147750939e-16,0.9772498680518207,0.96875,0.013179222356053887,False,SUPPORTED,,4ef162320e09086a16f1e130b09a507d399438740647147560f339cd2aa60069
DIRECT_PHYSICAL,4.0,100,4.0,0.0,0.9772498680518208,0.962890625,0.013179222356053854,False,SUPPORTED,,4ef162320e09086a16f1e130b09a507d399438740647147560f339cd2aa60069
RESOLVED_PHYSICAL,4.0,100,3.9999999999999996,1.1102230246251565e-16,0.9772498680518208,0.982421875,0.013179222356053854,False,SUPPORTED,,4ef162320e09086a16f1e130b09a507d399438740647147560f339cd2aa60069
UNRESOLVED_IMAGE,4.0,100,4.0,0.0,0.9772498680518208,0.970703125,0.013179222356053854,False,SUPPORTED,,4ef162320e09086a16f1e130b09a507d399438740647147560f339cd2aa60069
TOTAL_FLUX,4.0,100,3.9999999999999996,1.1102230246251565e-16,0.9772498680518208,0.98046875,0.013179222356053854,False,SUPPORTED,,4ef162320e09086a16f1e130b09a507d399438740647147560f339cd2aa60069
DIRECT_PHYSICAL,4.0,101,4.0,0.0,0.9772498680518208,0.9765625,0.013179222356053854,False,SUPPORTED,,4ef162320e09086a16f1e130b09a507d399438740647147560f339cd2aa60069
RESOLVED_PHYSICAL,4.0,101,4.0,0.0,0.9772498680518208,0.966796875,0.013179222356053854,False,SUPPORTED,,4ef162320e09086a16f1e130b09a507d399438740647147560f339cd2aa60069
UNRESOLVED_IMAGE,4.0,101,4.000000000000001,2.220446049250313e-16,0.9772498680518208,0.98046875,0.013179222356053854,False,SUPPORTED,,4ef162320e09086a16f1e130b09a507d399438740647147560f339cd2aa60069
TOTAL_FLUX,4.0,101,3.9999999999999996,1.1102230246251565e-16,0.9772498680518208,0.966796875,0.013179222356053854,False,SUPPORTED,,4ef162320e09086a16f1e130b09a507d399438740647147560f339cd2aa60069
DIRECT_PHYSICAL,4.0,102,4.0,0.0,0.9772498680518208,0.990234375,0.013179222356053854,False,SUPPORTED,,4ef162320e09086a16f1e130b09a507d399438740647147560f339cd2aa60069
RESOLVED_PHYSICAL,4.0,102,4.0,0.0,0.9772498680518208,0.974609375,0.013179222356053854,False,SUPPORTED,,4ef162320e09086a16f1e130b09a507d399438740647147560f339cd2aa60069
UNRESOLVED_IMAGE,4.0,102,4.0,0.0,0.9772498680518208,0.9765625,0.013179222356053854,False,SUPPORTED,,4ef162320e09086a16f1e130b09a507d399438740647147560f339cd2aa60069
TOTAL_FLUX,4.0,102,3.999999999999999,2.220446049250313e-16,0.9772498680518208,0.9765625,0.013179222356053854,False,SUPPORTED,,4ef162320e09086a16f1e130b09a507d399438740647147560f339cd2aa60069
DIRECT_PHYSICAL,4.0,103,4.0,0.0,0.9772498680518208,0.984375,0.013179222356053854,False,SUPPORTED,,4ef162320e09086a16f1e130b09a507d399438740647147560f339cd2aa60069
RESOLVED_PHYSICAL,4.0,103,4.0,0.0,0.9772498680518208,0.98046875,0.013179222356053854,False,SUPPORTED,,4ef162320e09086a16f1e130b09a507d399438740647147560f339cd2aa60069
UNRESOLVED_IMAGE,4.0,103,4.0,0.0,0.9772498680518208,0.98046875,0.013179222356053854,False,SUPPORTED,,4ef162320e09086a16f1e130b09a507d399438740647147560f339cd2aa60069
TOTAL_FLUX,4.0,103,4.000000000000001,2.220446049250313e-16,0.9772498680518208,0.9765625,0.013179222356053854,False,SUPPORTED,,4ef162320e09086a16f1e130b09a507d399438740647147560f339cd2aa60069
DIRECT_PHYSICAL,4.0,104,3.9999999999999996,1.1102230246251565e-16,0.9772498680518208,0.978515625,0.013179222356053854,False,SUPPORTED,,4ef162320e09086a16f1e130b09a507d399438740647147560f339cd2aa60069
RESOLVED_PHYSICAL,4.0,104,4.0,0.0,0.9772498680518208,0.982421875,0.013179222356053854,False,SUPPORTED,,4ef162320e09086a16f1e130b09a507d399438740647147560f339cd2aa60069
UNRESOLVED_IMAGE,4.0,104,4.000000000000001,2.220446049250313e-16,0.9772498680518208,0.98046875,0.013179222356053854,False,SUPPORTED,,4ef162320e09086a16f1e130b09a507d399438740647147560f339cd2aa60069
TOTAL_FLUX,4.0,104,3.9999999999999996,1.1102230246251565e-16,0.9772498680518208,0.98046875,0.013179222356053854,False,SUPPORTED,,4ef162320e09086a16f1e130b09a507d399438740647147560f339cd2aa60069
DIRECT_PHYSICAL,4.0,105,4.0,0.0,0.9772498680518208,0.982421875,0.013179222356053854,False,SUPPORTED,,4ef162320e09086a16f1e130b09a507d399438740647147560f339cd2aa60069
RESOLVED_PHYSICAL,4.0,105,3.9999999999999996,1.1102230246251565e-16,0.9772498680518208,0.982421875,0.013179222356053854,False,SUPPORTED,,4ef162320e09086a16f1e130b09a507d399438740647147560f339cd2aa60069
UNRESOLVED_IMAGE,4.0,105,4.0,0.0,0.9772498680518208,0.970703125,0.013179222356053854,False,SUPPORTED,,4ef162320e09086a16f1e130b09a507d399438740647147560f339cd2aa60069
TOTAL_FLUX,4.0,105,4.0,0.0,0.9772498680518208,0.982421875,0.013179222356053854,False,SUPPORTED,,4ef162320e09086a16f1e130b09a507d399438740647147560f339cd2aa60069
DIRECT_PHYSICAL,4.0,106,3.999999999999999,2.220446049250313e-16,0.9772498680518208,0.96875,0.013179222356053854,False,SUPPORTED,,4ef162320e09086a16f1e130b09a507d399438740647147560f339cd2aa60069
RESOLVED_PHYSICAL,4.0,106,4.000000000000001,2.220446049250313e-16,0.9772498680518208,0.97265625,0.013179222356053854,False,SUPPORTED,,4ef162320e09086a16f1e130b09a507d399438740647147560f339cd2aa60069
UNRESOLVED_IMAGE,4.0,106,4.000000000000001,2.220446049250313e-16,0.9772498680518208,0.966796875,0.013179222356053854,False,SUPPORTED,,4ef162320e09086a16f1e130b09a507d399438740647147560f339cd2aa60069
TOTAL_FLUX,4.0,106,4.0,0.0,0.9772498680518208,0.978515625,0.013179222356053854,False,SUPPORTED,,4ef162320e09086a16f1e130b09a507d399438740647147560f339cd2aa60069
DIRECT_PHYSICAL,4.0,107,3.9999999999999996,1.1102230246251565e-16,0.9772498680518208,0.98046875,0.013179222356053854,False,SUPPORTED,,4ef162320e09086a16f1e130b09a507d399438740647147560f339cd2aa60069
RESOLVED_PHYSICAL,4.0,107,3.9999999999999996,1.1102230246251565e-16,0.9772498680518208,0.96875,0.013179222356053854,False,SUPPORTED,,4ef162320e09086a16f1e130b09a507d399438740647147560f339cd2aa60069
UNRESOLVED_IMAGE,4.0,107,4.0,0.0,0.9772498680518208,0.982421875,0.013179222356053854,False,SUPPORTED,,4ef162320e09086a16f1e130b09a507d399438740647147560f339cd2aa60069
TOTAL_FLUX,4.0,107,4.000000000000001,2.220446049250313e-16,0.9772498680518208,0.978515625,0.013179222356053854,False,SUPPORTED,,4ef162320e09086a16f1e130b09a507d399438740647147560f339cd2aa60069
DIRECT_PHYSICAL,4.0,108,4.000000000000001,2.220446049250313e-16,0.9772498680518208,0.982421875,0.013179222356053854,False,SUPPORTED,,4ef162320e09086a16f1e130b09a507d399438740647147560f339cd2aa60069
RESOLVED_PHYSICAL,4.0,108,4.000000000000001,2.220446049250313e-16,0.9772498680518208,0.978515625,0.013179222356053854,False,SUPPORTED,,4ef162320e09086a16f1e130b09a507d399438740647147560f339cd2aa60069
UNRESOLVED_IMAGE,4.0,108,4.0,0.0,0.9772498680518208,0.96875,0.013179222356053854,False,SUPPORTED,,4ef162320e09086a16f1e130b09a507d399438740647147560f339cd2aa60069
TOTAL_FLUX,4.0,108,3.9999999999999982,4.440892098500626e-16,0.9772498680518208,0.96484375,0.013179222356053854,False,SUPPORTED,,4ef162320e09086a16f1e130b09a507d399438740647147560f339cd2aa60069
DIRECT_PHYSICAL,4.0,109,4.0,0.0,0.9772498680518208,0.978515625,0.013179222356053854,False,SUPPORTED,,4ef162320e09086a16f1e130b09a507d399438740647147560f339cd2aa60069
RESOLVED_PHYSICAL,4.0,109,4.0,0.0,0.9772498680518208,0.98046875,0.013179222356053854,False,SUPPORTED,,4ef162320e09086a16f1e130b09a507d399438740647147560f339cd2aa60069
UNRESOLVED_IMAGE,4.0,109,3.9999999999999996,1.1102230246251565e-16,0.9772498680518208,0.986328125,0.013179222356053854,False,SUPPORTED,,4ef162320e09086a16f1e130b09a507d399438740647147560f339cd2aa60069
TOTAL_FLUX,4.0,109,4.0,0.0,0.9772498680518208,0.982421875,0.013179222356053854,False,SUPPORTED,,4ef162320e09086a16f1e130b09a507d399438740647147560f339cd2aa60069
DIRECT_PHYSICAL,4.0,110,4.0,0.0,0.9772498680518208,0.98828125,0.013179222356053854,False,SUPPORTED,,4ef162320e09086a16f1e130b09a507d399438740647147560f339cd2aa60069
RESOLVED_PHYSICAL,4.0,110,4.0,0.0,0.9772498680518208,0.9921875,0.013179222356053854,True,SUPPORTED,,4ef162320e09086a16f1e130b09a507d399438740647147560f339cd2aa60069
UNRESOLVED_IMAGE,4.0,110,4.000000000000001,2.220446049250313e-16,0.9772498680518208,0.98046875,0.013179222356053854,False,SUPPORTED,,4ef162320e09086a16f1e130b09a507d399438740647147560f339cd2aa60069
TOTAL_FLUX,4.0,110,4.000000000000003,6.661338147750939e-16,0.9772498680518209,0.98046875,0.013179222356053824,False,SUPPORTED,,4ef162320e09086a16f1e130b09a507d399438740647147560f339cd2aa60069
DIRECT_PHYSICAL,4.0,111,4.000000000000001,2.220446049250313e-16,0.9772498680518208,0.974609375,0.013179222356053854,False,SUPPORTED,,4ef162320e09086a16f1e130b09a507d399438740647147560f339cd2aa60069
RESOLVED_PHYSICAL,4.0,111,3.999999999999999,2.220446049250313e-16,0.9772498680518208,0.974609375,0.013179222356053854,False,SUPPORTED,,4ef162320e09086a16f1e130b09a507d399438740647147560f339cd2aa60069
UNRESOLVED_IMAGE,4.0,111,3.9999999999999996,1.1102230246251565e-16,0.9772498680518208,0.982421875,0.013179222356053854,False,SUPPORTED,,4ef162320e09086a16f1e130b09a507d399438740647147560f339cd2aa60069
TOTAL_FLUX,4.0,111,4.0,0.0,0.9772498680518208,0.9765625,0.013179222356053854,False,SUPPORTED,,4ef162320e09086a16f1e130b09a507d399438740647147560f339cd2aa60069
DIRECT_PHYSICAL,4.0,112,3.9999999999999996,1.1102230246251565e-16,0.9772498680518208,0.984375,0.013179222356053854,False,SUPPORTED,,4ef162320e09086a16f1e130b09a507d399438740647147560f339cd2aa60069
RESOLVED_PHYSICAL,4.0,112,4.0,0.0,0.9772498680518208,0.97265625,0.013179222356053854,False,SUPPORTED,,4ef162320e09086a16f1e130b09a507d399438740647147560f339cd2aa60069
UNRESOLVED_IMAGE,4.0,112,3.999999999999999,2.220446049250313e-16,0.9772498680518208,0.96875,0.013179222356053854,False,SUPPORTED,,4ef162320e09086a16f1e130b09a507d399438740647147560f339cd2aa60069
TOTAL_FLUX,4.0,112,3.9999999999999987,3.3306690738754696e-16,0.9772498680518208,0.98046875,0.013179222356053854,False,SUPPORTED,,4ef162320e09086a16f1e130b09a507d399438740647147560f339cd2aa60069
DIRECT_PHYSICAL,4.0,113,4.0,0.0,0.9772498680518208,0.978515625,0.013179222356053854,False,SUPPORTED,,4ef162320e09086a16f1e130b09a507d399438740647147560f339cd2aa60069
RESOLVED_PHYSICAL,4.0,113,3.9999999999999996,1.1102230246251565e-16,0.9772498680518208,0.98828125,0.013179222356053854,False,SUPPORTED,,4ef162320e09086a16f1e130b09a507d399438740647147560f339cd2aa60069
UNRESOLVED_IMAGE,4.0,113,4.0,0.0,0.9772498680518208,0.98828125,0.013179222356053854,False,SUPPORTED,,4ef162320e09086a16f1e130b09a507d399438740647147560f339cd2aa60069
TOTAL_FLUX,4.0,113,4.0,0.0,0.9772498680518208,0.9765625,0.013179222356053854,False,SUPPORTED,,4ef162320e09086a16f1e130b09a507d399438740647147560f339cd2aa60069
DIRECT_PHYSICAL,4.0,114,4.0,0.0,0.9772498680518208,0.978515625,0.013179222356053854,False,SUPPORTED,,4ef162320e09086a16f1e130b09a507d399438740647147560f339cd2aa60069
RESOLVED_PHYSICAL,4.0,114,3.9999999999999996,1.1102230246251565e-16,0.9772498680518208,0.9765625,0.013179222356053854,False,SUPPORTED,,4ef162320e09086a16f1e130b09a507d399438740647147560f339cd2aa60069
UNRESOLVED_IMAGE,4.0,114,4.0,0.0,0.9772498680518208,0.96875,0.013179222356053854,False,SUPPORTED,,4ef162320e09086a16f1e130b09a507d399438740647147560f339cd2aa60069
TOTAL_FLUX,4.0,114,4.000000000000001,2.220446049250313e-16,0.9772498680518208,0.982421875,0.013179222356053854,False,SUPPORTED,,4ef162320e09086a16f1e130b09a507d399438740647147560f339cd2aa60069
DIRECT_PHYSICAL,4.0,115,3.9999999999999996,1.1102230246251565e-16,0.9772498680518208,0.982421875,0.013179222356053854,False,SUPPORTED,,4ef162320e09086a16f1e130b09a507d399438740647147560f339cd2aa60069
RESOLVED_PHYSICAL,4.0,115,3.9999999999999996,1.1102230246251565e-16,0.9772498680518208,0.978515625,0.013179222356053854,False,SUPPORTED,,4ef162320e09086a16f1e130b09a507d399438740647147560f339cd2aa60069
UNRESOLVED_IMAGE,4.0,115,4.0,0.0,0.9772498680518208,0.966796875,0.013179222356053854,False,SUPPORTED,,4ef162320e09086a16f1e130b09a507d399438740647147560f339cd2aa60069
TOTAL_FLUX,4.0,115,4.000000000000001,2.220446049250313e-16,0.9772498680518208,0.974609375,0.013179222356053854,False,SUPPORTED,,4ef162320e09086a16f1e130b09a507d399438740647147560f339cd2aa60069
DIRECT_PHYSICAL,4.0,116,4.0,0.0,0.9772498680518208,0.98046875,0.013179222356053854,False,SUPPORTED,,4ef162320e09086a16f1e130b09a507d399438740647147560f339cd2aa60069
RESOLVED_PHYSICAL,4.0,116,4.0,0.0,0.9772498680518208,0.9765625,0.013179222356053854,False,SUPPORTED,,4ef162320e09086a16f1e130b09a507d399438740647147560f339cd2aa60069
UNRESOLVED_IMAGE,4.0,116,3.9999999999999996,1.1102230246251565e-16,0.9772498680518208,0.98046875,0.013179222356053854,False,SUPPORTED,,4ef162320e09086a16f1e130b09a507d399438740647147560f339cd2aa60069
TOTAL_FLUX,4.0,116,3.9999999999999982,4.440892098500626e-16,0.9772498680518208,0.96875,0.013179222356053854,False,SUPPORTED,,4ef162320e09086a16f1e130b09a507d399438740647147560f339cd2aa60069
DIRECT_PHYSICAL,4.0,117,3.9999999999999996,1.1102230246251565e-16,0.9772498680518208,0.974609375,0.013179222356053854,False,SUPPORTED,,4ef162320e09086a16f1e130b09a507d399438740647147560f339cd2aa60069
RESOLVED_PHYSICAL,4.0,117,3.9999999999999987,3.3306690738754696e-16,0.9772498680518208,0.98046875,0.013179222356053854,False,SUPPORTED,,4ef162320e09086a16f1e130b09a507d399438740647147560f339cd2aa60069
UNRESOLVED_IMAGE,4.0,117,3.9999999999999996,1.1102230246251565e-16,0.9772498680518208,0.9765625,0.013179222356053854,False,SUPPORTED,,4ef162320e09086a16f1e130b09a507d399438740647147560f339cd2aa60069
TOTAL_FLUX,4.0,117,3.999999999999999,2.220446049250313e-16,0.9772498680518208,0.984375,0.013179222356053854,False,SUPPORTED,,4ef162320e09086a16f1e130b09a507d399438740647147560f339cd2aa60069
DIRECT_PHYSICAL,4.0,118,4.0,0.0,0.9772498680518208,0.970703125,0.013179222356053854,False,SUPPORTED,,4ef162320e09086a16f1e130b09a507d399438740647147560f339cd2aa60069
RESOLVED_PHYSICAL,4.0,118,3.9999999999999996,1.1102230246251565e-16,0.9772498680518208,0.98046875,0.013179222356053854,False,SUPPORTED,,4ef162320e09086a16f1e130b09a507d399438740647147560f339cd2aa60069
UNRESOLVED_IMAGE,4.0,118,4.000000000000001,2.220446049250313e-16,0.9772498680518208,0.98046875,0.013179222356053854,False,SUPPORTED,,4ef162320e09086a16f1e130b09a507d399438740647147560f339cd2aa60069
TOTAL_FLUX,4.0,118,4.000000000000001,2.220446049250313e-16,0.9772498680518208,0.990234375,0.013179222356053854,False,SUPPORTED,,4ef162320e09086a16f1e130b09a507d399438740647147560f339cd2aa60069
DIRECT_PHYSICAL,4.0,119,4.0,0.0,0.9772498680518208,0.984375,0.013179222356053854,False,SUPPORTED,,4ef162320e09086a16f1e130b09a507d399438740647147560f339cd2aa60069
RESOLVED_PHYSICAL,4.0,119,3.9999999999999996,1.1102230246251565e-16,0.9772498680518208,0.974609375,0.013179222356053854,False,SUPPORTED,,4ef162320e09086a16f1e130b09a507d399438740647147560f339cd2aa60069
UNRESOLVED_IMAGE,4.0,119,3.9999999999999996,1.1102230246251565e-16,0.9772498680518208,0.984375,0.013179222356053854,False,SUPPORTED,,4ef162320e09086a16f1e130b09a507d399438740647147560f339cd2aa60069
TOTAL_FLUX,4.0,119,4.000000000000008,1.9984014443252818e-15,0.977249868051821,0.98046875,0.013179222356053791,False,SUPPORTED,,4ef162320e09086a16f1e130b09a507d399438740647147560f339cd2aa60069
DIRECT_PHYSICAL,4.0,120,3.9999999999999996,1.1102230246251565e-16,0.9772498680518208,0.9765625,0.013179222356053854,False,SUPPORTED,,4ef162320e09086a16f1e130b09a507d399438740647147560f339cd2aa60069
RESOLVED_PHYSICAL,4.0,120,3.999999999999999,2.220446049250313e-16,0.9772498680518208,0.98828125,0.013179222356053854,False,SUPPORTED,,4ef162320e09086a16f1e130b09a507d399438740647147560f339cd2aa60069
UNRESOLVED_IMAGE,4.0,120,4.000000000000001,2.220446049250313e-16,0.9772498680518208,0.9765625,0.013179222356053854,False,SUPPORTED,,4ef162320e09086a16f1e130b09a507d399438740647147560f339cd2aa60069
TOTAL_FLUX,4.0,120,3.999999999999999,2.220446049250313e-16,0.9772498680518208,0.9765625,0.013179222356053854,False,SUPPORTED,,4ef162320e09086a16f1e130b09a507d399438740647147560f339cd2aa60069
DIRECT_PHYSICAL,4.0,121,3.9999999999999996,1.1102230246251565e-16,0.9772498680518208,0.978515625,0.013179222356053854,False,SUPPORTED,,4ef162320e09086a16f1e130b09a507d399438740647147560f339cd2aa60069
RESOLVED_PHYSICAL,4.0,121,4.000000000000001,2.220446049250313e-16,0.9772498680518208,0.96484375,0.013179222356053854,False,SUPPORTED,,4ef162320e09086a16f1e130b09a507d399438740647147560f339cd2aa60069
UNRESOLVED_IMAGE,4.0,121,4.0,0.0,0.9772498680518208,0.984375,0.013179222356053854,False,SUPPORTED,,4ef162320e09086a16f1e130b09a507d399438740647147560f339cd2aa60069
TOTAL_FLUX,4.0,121,4.000000000000002,4.440892098500626e-16,0.9772498680518209,0.9765625,0.013179222356053824,False,SUPPORTED,,4ef162320e09086a16f1e130b09a507d399438740647147560f339cd2aa60069
DIRECT_PHYSICAL,4.0,122,4.000000000000001,2.220446049250313e-16,0.9772498680518208,0.9765625,0.013179222356053854,False,SUPPORTED,,4ef162320e09086a16f1e130b09a507d399438740647147560f339cd2aa60069
RESOLVED_PHYSICAL,4.0,122,4.0,0.0,0.9772498680518208,0.9921875,0.013179222356053854,True,SUPPORTED,,4ef162320e09086a16f1e130b09a507d399438740647147560f339cd2aa60069
UNRESOLVED_IMAGE,4.0,122,4.0,0.0,0.9772498680518208,0.970703125,0.013179222356053854,False,SUPPORTED,,4ef162320e09086a16f1e130b09a507d399438740647147560f339cd2aa60069
TOTAL_FLUX,4.0,122,3.999999999999999,2.220446049250313e-16,0.9772498680518208,0.978515625,0.013179222356053854,False,SUPPORTED,,4ef162320e09086a16f1e130b09a507d399438740647147560f339cd2aa60069
DIRECT_PHYSICAL,4.0,123,4.0,0.0,0.9772498680518208,0.97265625,0.013179222356053854,False,SUPPORTED,,4ef162320e09086a16f1e130b09a507d399438740647147560f339cd2aa60069
RESOLVED_PHYSICAL,4.0,123,3.9999999999999996,1.1102230246251565e-16,0.9772498680518208,0.982421875,0.013179222356053854,False,SUPPORTED,,4ef162320e09086a16f1e130b09a507d399438740647147560f339cd2aa60069
UNRESOLVED_IMAGE,4.0,123,4.0,0.0,0.9772498680518208,0.96875,0.013179222356053854,False,SUPPORTED,,4ef162320e09086a16f1e130b09a507d399438740647147560f339cd2aa60069
TOTAL_FLUX,4.0,123,4.0000000000000036,8.881784197001252e-16,0.9772498680518209,0.9765625,0.013179222356053824,False,SUPPORTED,,4ef162320e09086a16f1e130b09a507d399438740647147560f339cd2aa60069
DIRECT_PHYSICAL,4.0,124,4.000000000000001,2.220446049250313e-16,0.9772498680518208,0.982421875,0.013179222356053854,False,SUPPORTED,,4ef162320e09086a16f1e130b09a507d399438740647147560f339cd2aa60069
RESOLVED_PHYSICAL,4.0,124,3.999999999999999,2.220446049250313e-16,0.9772498680518208,0.970703125,0.013179222356053854,False,SUPPORTED,,4ef162320e09086a16f1e130b09a507d399438740647147560f339cd2aa60069
UNRESOLVED_IMAGE,4.0,124,3.9999999999999996,1.1102230246251565e-16,0.9772498680518208,0.9765625,0.013179222356053854,False,SUPPORTED,,4ef162320e09086a16f1e130b09a507d399438740647147560f339cd2aa60069
TOTAL_FLUX,4.0,124,4.0000000000000036,8.881784197001252e-16,0.9772498680518209,0.978515625,0.013179222356053824,False,SUPPORTED,,4ef162320e09086a16f1e130b09a507d399438740647147560f339cd2aa60069
DIRECT_PHYSICAL,4.0,125,4.0,0.0,0.9772498680518208,0.98046875,0.013179222356053854,False,SUPPORTED,,4ef162320e09086a16f1e130b09a507d399438740647147560f339cd2aa60069
RESOLVED_PHYSICAL,4.0,125,4.0,0.0,0.9772498680518208,0.96875,0.013179222356053854,False,SUPPORTED,,4ef162320e09086a16f1e130b09a507d399438740647147560f339cd2aa60069
UNRESOLVED_IMAGE,4.0,125,4.0,0.0,0.9772498680518208,0.978515625,0.013179222356053854,False,SUPPORTED,,4ef162320e09086a16f1e130b09a507d399438740647147560f339cd2aa60069
TOTAL_FLUX,4.0,125,3.9999999999999987,3.3306690738754696e-16,0.9772498680518208,0.9765625,0.013179222356053854,False,SUPPORTED,,4ef162320e09086a16f1e130b09a507d399438740647147560f339cd2aa60069
DIRECT_PHYSICAL,4.0,126,3.9999999999999996,1.1102230246251565e-16,0.9772498680518208,0.986328125,0.013179222356053854,False,SUPPORTED,,4ef162320e09086a16f1e130b09a507d399438740647147560f339cd2aa60069
RESOLVED_PHYSICAL,4.0,126,4.0,0.0,0.9772498680518208,0.96875,0.013179222356053854,False,SUPPORTED,,4ef162320e09086a16f1e130b09a507d399438740647147560f339cd2aa60069
UNRESOLVED_IMAGE,4.0,126,4.0,0.0,0.9772498680518208,0.970703125,0.013179222356053854,False,SUPPORTED,,4ef162320e09086a16f1e130b09a507d399438740647147560f339cd2aa60069
TOTAL_FLUX,4.0,126,4.0,0.0,0.9772498680518208,0.96875,0.013179222356053854,False,SUPPORTED,,4ef162320e09086a16f1e130b09a507d399438740647147560f339cd2aa60069
DIRECT_PHYSICAL,4.0,127,4.0,0.0,0.9772498680518208,0.974609375,0.013179222356053854,False,SUPPORTED,,4ef162320e09086a16f1e130b09a507d399438740647147560f339cd2aa60069
RESOLVED_PHYSICAL,4.0,127,4.0,0.0,0.9772498680518208,0.974609375,0.013179222356053854,False,SUPPORTED,,4ef162320e09086a16f1e130b09a507d399438740647147560f339cd2aa60069
UNRESOLVED_IMAGE,4.0,127,3.9999999999999996,1.1102230246251565e-16,0.9772498680518208,0.98828125,0.013179222356053854,False,SUPPORTED,,4ef162320e09086a16f1e130b09a507d399438740647147560f339cd2aa60069
TOTAL_FLUX,4.0,127,3.999999999999999,2.220446049250313e-16,0.9772498680518208,0.970703125,0.013179222356053854,False,SUPPORTED,,4ef162320e09086a16f1e130b09a507d399438740647147560f339cd2aa60069
DIRECT_PHYSICAL,4.0,128,4.0,0.0,0.9772498680518208,0.990234375,0.013179222356053854,False,SUPPORTED,,4ef162320e09086a16f1e130b09a507d399438740647147560f339cd2aa60069
RESOLVED_PHYSICAL,4.0,128,4.000000000000001,2.220446049250313e-16,0.9772498680518208,0.974609375,0.013179222356053854,False,SUPPORTED,,4ef162320e09086a16f1e130b09a507d399438740647147560f339cd2aa60069
UNRESOLVED_IMAGE,4.0,128,3.999999999999999,2.220446049250313e-16,0.9772498680518208,0.974609375,0.013179222356053854,False,SUPPORTED,,4ef162320e09086a16f1e130b09a507d399438740647147560f339cd2aa60069
TOTAL_FLUX,4.0,128,3.9999999999999996,1.1102230246251565e-16,0.9772498680518208,0.9765625,0.013179222356053854,False,SUPPORTED,,4ef162320e09086a16f1e130b09a507d399438740647147560f339cd2aa60069
DIRECT_PHYSICAL,4.0,129,4.0,0.0,0.9772498680518208,0.984375,0.013179222356053854,False,SUPPORTED,,4ef162320e09086a16f1e130b09a507d399438740647147560f339cd2aa60069
RESOLVED_PHYSICAL,4.0,129,4.0,0.0,0.9772498680518208,0.982421875,0.013179222356053854,False,SUPPORTED,,4ef162320e09086a16f1e130b09a507d399438740647147560f339cd2aa60069
UNRESOLVED_IMAGE,4.0,129,4.0,0.0,0.9772498680518208,0.982421875,0.013179222356053854,False,SUPPORTED,,4ef162320e09086a16f1e130b09a507d399438740647147560f339cd2aa60069
TOTAL_FLUX,4.0,129,4.0,0.0,0.9772498680518208,0.982421875,0.013179222356053854,False,SUPPORTED,,4ef162320e09086a16f1e130b09a507d399438740647147560f339cd2aa60069
DIRECT_PHYSICAL,4.0,130,3.999999999999999,2.220446049250313e-16,0.9772498680518208,0.9765625,0.013179222356053854,False,SUPPORTED,,4ef162320e09086a16f1e130b09a507d399438740647147560f339cd2aa60069
RESOLVED_PHYSICAL,4.0,130,3.9999999999999996,1.1102230246251565e-16,0.9772498680518208,0.98046875,0.013179222356053854,False,SUPPORTED,,4ef162320e09086a16f1e130b09a507d399438740647147560f339cd2aa60069
UNRESOLVED_IMAGE,4.0,130,4.0,0.0,0.9772498680518208,0.9765625,0.013179222356053854,False,SUPPORTED,,4ef162320e09086a16f1e130b09a507d399438740647147560f339cd2aa60069
TOTAL_FLUX,4.0,130,4.000000000000001,2.220446049250313e-16,0.9772498680518208,0.974609375,0.013179222356053854,False,SUPPORTED,,4ef162320e09086a16f1e130b09a507d399438740647147560f339cd2aa60069
DIRECT_PHYSICAL,4.0,131,4.000000000000001,2.220446049250313e-16,0.9772498680518208,0.974609375,0.013179222356053854,False,SUPPORTED,,4ef162320e09086a16f1e130b09a507d399438740647147560f339cd2aa60069
RESOLVED_PHYSICAL,4.0,131,3.9999999999999996,1.1102230246251565e-16,0.9772498680518208,0.98046875,0.013179222356053854,False,SUPPORTED,,4ef162320e09086a16f1e130b09a507d399438740647147560f339cd2aa60069
UNRESOLVED_IMAGE,4.0,131,4.000000000000001,2.220446049250313e-16,0.9772498680518208,0.970703125,0.013179222356053854,False,SUPPORTED,,4ef162320e09086a16f1e130b09a507d399438740647147560f339cd2aa60069
TOTAL_FLUX,4.0,131,3.9999999999999996,1.1102230246251565e-16,0.9772498680518208,0.962890625,0.013179222356053854,False,SUPPORTED,,4ef162320e09086a16f1e130b09a507d399438740647147560f339cd2aa60069
DIRECT_PHYSICAL,4.0,132,4.0,0.0,0.9772498680518208,0.962890625,0.013179222356053854,False,SUPPORTED,,4ef162320e09086a16f1e130b09a507d399438740647147560f339cd2aa60069
RESOLVED_PHYSICAL,4.0,132,4.0,0.0,0.9772498680518208,0.970703125,0.013179222356053854,False,SUPPORTED,,4ef162320e09086a16f1e130b09a507d399438740647147560f339cd2aa60069
UNRESOLVED_IMAGE,4.0,132,4.0,0.0,0.9772498680518208,0.9765625,0.013179222356053854,False,SUPPORTED,,4ef162320e09086a16f1e130b09a507d399438740647147560f339cd2aa60069
TOTAL_FLUX,4.0,132,4.0,0.0,0.9772498680518208,0.974609375,0.013179222356053854,False,SUPPORTED,,4ef162320e09086a16f1e130b09a507d399438740647147560f339cd2aa60069
DIRECT_PHYSICAL,4.0,133,4.0,0.0,0.9772498680518208,0.978515625,0.013179222356053854,False,SUPPORTED,,4ef162320e09086a16f1e130b09a507d399438740647147560f339cd2aa60069
RESOLVED_PHYSICAL,4.0,133,4.0,0.0,0.9772498680518208,0.970703125,0.013179222356053854,False,SUPPORTED,,4ef162320e09086a16f1e130b09a507d399438740647147560f339cd2aa60069
UNRESOLVED_IMAGE,4.0,133,3.999999999999999,2.220446049250313e-16,0.9772498680518208,0.982421875,0.013179222356053854,False,SUPPORTED,,4ef162320e09086a16f1e130b09a507d399438740647147560f339cd2aa60069
TOTAL_FLUX,4.0,133,4.0,0.0,0.9772498680518208,0.974609375,0.013179222356053854,False,SUPPORTED,,4ef162320e09086a16f1e130b09a507d399438740647147560f339cd2aa60069
DIRECT_PHYSICAL,4.0,134,4.0,0.0,0.9772498680518208,0.966796875,0.013179222356053854,False,SUPPORTED,,4ef162320e09086a16f1e130b09a507d399438740647147560f339cd2aa60069
RESOLVED_PHYSICAL,4.0,134,4.0,0.0,0.9772498680518208,0.982421875,0.013179222356053854,False,SUPPORTED,,4ef162320e09086a16f1e130b09a507d399438740647147560f339cd2aa60069
UNRESOLVED_IMAGE,4.0,134,4.0,0.0,0.9772498680518208,0.9765625,0.013179222356053854,False,SUPPORTED,,4ef162320e09086a16f1e130b09a507d399438740647147560f339cd2aa60069
TOTAL_FLUX,4.0,134,3.999999999999999,2.220446049250313e-16,0.9772498680518208,0.974609375,0.013179222356053854,False,SUPPORTED,,4ef162320e09086a16f1e130b09a507d399438740647147560f339cd2aa60069
DIRECT_PHYSICAL,4.0,135,4.000000000000001,2.220446049250313e-16,0.9772498680518208,0.982421875,0.013179222356053854,False,SUPPORTED,,4ef162320e09086a16f1e130b09a507d399438740647147560f339cd2aa60069
RESOLVED_PHYSICAL,4.0,135,4.0,0.0,0.9772498680518208,0.97265625,0.013179222356053854,False,SUPPORTED,,4ef162320e09086a16f1e130b09a507d399438740647147560f339cd2aa60069
UNRESOLVED_IMAGE,4.0,135,4.0,0.0,0.9772498680518208,0.9765625,0.013179222356053854,False,SUPPORTED,,4ef162320e09086a16f1e130b09a507d399438740647147560f339cd2aa60069
TOTAL_FLUX,4.0,135,4.000000000000002,4.440892098500626e-16,0.9772498680518209,0.986328125,0.013179222356053824,False,SUPPORTED,,4ef162320e09086a16f1e130b09a507d399438740647147560f339cd2aa60069
DIRECT_PHYSICAL,4.0,136,3.999999999999999,2.220446049250313e-16,0.9772498680518208,0.9765625,0.013179222356053854,False,SUPPORTED,,4ef162320e09086a16f1e130b09a507d399438740647147560f339cd2aa60069
RESOLVED_PHYSICAL,4.0,136,4.0,0.0,0.9772498680518208,0.970703125,0.013179222356053854,False,SUPPORTED,,4ef162320e09086a16f1e130b09a507d399438740647147560f339cd2aa60069
UNRESOLVED_IMAGE,4.0,136,4.000000000000001,2.220446049250313e-16,0.9772498680518208,0.98828125,0.013179222356053854,False,SUPPORTED,,4ef162320e09086a16f1e130b09a507d399438740647147560f339cd2aa60069
TOTAL_FLUX,4.0,136,3.999999999999999,2.220446049250313e-16,0.9772498680518208,0.986328125,0.013179222356053854,False,SUPPORTED,,4ef162320e09086a16f1e130b09a507d399438740647147560f339cd2aa60069
DIRECT_PHYSICAL,4.0,137,4.000000000000001,2.220446049250313e-16,0.9772498680518208,0.97265625,0.013179222356053854,False,SUPPORTED,,4ef162320e09086a16f1e130b09a507d399438740647147560f339cd2aa60069
RESOLVED_PHYSICAL,4.0,137,4.0,0.0,0.9772498680518208,0.974609375,0.013179222356053854,False,SUPPORTED,,4ef162320e09086a16f1e130b09a507d399438740647147560f339cd2aa60069
UNRESOLVED_IMAGE,4.0,137,3.9999999999999996,1.1102230246251565e-16,0.9772498680518208,0.990234375,0.013179222356053854,False,SUPPORTED,,4ef162320e09086a16f1e130b09a507d399438740647147560f339cd2aa60069
TOTAL_FLUX,4.0,137,4.0,0.0,0.9772498680518208,0.98046875,0.013179222356053854,False,SUPPORTED,,4ef162320e09086a16f1e130b09a507d399438740647147560f339cd2aa60069
DIRECT_PHYSICAL,4.0,138,4.0,0.0,0.9772498680518208,0.96875,0.013179222356053854,False,SUPPORTED,,4ef162320e09086a16f1e130b09a507d399438740647147560f339cd2aa60069
RESOLVED_PHYSICAL,4.0,138,4.0,0.0,0.9772498680518208,0.9609375,0.013179222356053854,False,SUPPORTED,,4ef162320e09086a16f1e130b09a507d399438740647147560f339cd2aa60069
UNRESOLVED_IMAGE,4.0,138,4.0,0.0,0.9772498680518208,0.982421875,0.013179222356053854,False,SUPPORTED,,4ef162320e09086a16f1e130b09a507d399438740647147560f339cd2aa60069
TOTAL_FLUX,4.0,138,4.000000000000002,4.440892098500626e-16,0.9772498680518209,0.984375,0.013179222356053824,False,SUPPORTED,,4ef162320e09086a16f1e130b09a507d399438740647147560f339cd2aa60069
DIRECT_PHYSICAL,4.0,139,3.9999999999999996,1.1102230246251565e-16,0.9772498680518208,0.9765625,0.013179222356053854,False,SUPPORTED,,4ef162320e09086a16f1e130b09a507d399438740647147560f339cd2aa60069
RESOLVED_PHYSICAL,4.0,139,4.000000000000001,2.220446049250313e-16,0.9772498680518208,0.98046875,0.013179222356053854,False,SUPPORTED,,4ef162320e09086a16f1e130b09a507d399438740647147560f339cd2aa60069
UNRESOLVED_IMAGE,4.0,139,4.0,0.0,0.9772498680518208,0.982421875,0.013179222356053854,False,SUPPORTED,,4ef162320e09086a16f1e130b09a507d399438740647147560f339cd2aa60069
TOTAL_FLUX,4.0,139,3.999999999999999,2.220446049250313e-16,0.9772498680518208,0.9765625,0.013179222356053854,False,SUPPORTED,,4ef162320e09086a16f1e130b09a507d399438740647147560f339cd2aa60069
DIRECT_PHYSICAL,4.0,140,4.000000000000001,2.220446049250313e-16,0.9772498680518208,0.9765625,0.013179222356053854,False,SUPPORTED,,4ef162320e09086a16f1e130b09a507d399438740647147560f339cd2aa60069
RESOLVED_PHYSICAL,4.0,140,4.0,0.0,0.9772498680518208,0.990234375,0.013179222356053854,False,SUPPORTED,,4ef162320e09086a16f1e130b09a507d399438740647147560f339cd2aa60069
UNRESOLVED_IMAGE,4.0,140,4.0,0.0,0.9772498680518208,0.982421875,0.013179222356053854,False,SUPPORTED,,4ef162320e09086a16f1e130b09a507d399438740647147560f339cd2aa60069
TOTAL_FLUX,4.0,140,4.000000000000001,2.220446049250313e-16,0.9772498680518208,0.9765625,0.013179222356053854,False,SUPPORTED,,4ef162320e09086a16f1e130b09a507d399438740647147560f339cd2aa60069
DIRECT_PHYSICAL,4.0,141,4.0,0.0,0.9772498680518208,0.9765625,0.013179222356053854,False,SUPPORTED,,4ef162320e09086a16f1e130b09a507d399438740647147560f339cd2aa60069
RESOLVED_PHYSICAL,4.0,141,4.0,0.0,0.9772498680518208,0.978515625,0.013179222356053854,False,SUPPORTED,,4ef162320e09086a16f1e130b09a507d399438740647147560f339cd2aa60069
UNRESOLVED_IMAGE,4.0,141,4.0,0.0,0.9772498680518208,0.97265625,0.013179222356053854,False,SUPPORTED,,4ef162320e09086a16f1e130b09a507d399438740647147560f339cd2aa60069
TOTAL_FLUX,4.0,141,4.0,0.0,0.9772498680518208,0.96484375,0.013179222356053854,False,SUPPORTED,,4ef162320e09086a16f1e130b09a507d399438740647147560f339cd2aa60069
DIRECT_PHYSICAL,4.0,142,4.0,0.0,0.9772498680518208,0.986328125,0.013179222356053854,False,SUPPORTED,,4ef162320e09086a16f1e130b09a507d399438740647147560f339cd2aa60069
RESOLVED_PHYSICAL,4.0,142,3.9999999999999996,1.1102230246251565e-16,0.9772498680518208,0.98828125,0.013179222356053854,False,SUPPORTED,,4ef162320e09086a16f1e130b09a507d399438740647147560f339cd2aa60069
UNRESOLVED_IMAGE,4.0,142,3.9999999999999987,3.3306690738754696e-16,0.9772498680518208,0.9765625,0.013179222356053854,False,SUPPORTED,,4ef162320e09086a16f1e130b09a507d399438740647147560f339cd2aa60069
TOTAL_FLUX,4.0,142,4.000000000000002,4.440892098500626e-16,0.9772498680518209,0.9765625,0.013179222356053824,False,SUPPORTED,,4ef162320e09086a16f1e130b09a507d399438740647147560f339cd2aa60069
DIRECT_PHYSICAL,4.0,143,4.000000000000001,2.220446049250313e-16,0.9772498680518208,0.982421875,0.013179222356053854,False,SUPPORTED,,4ef162320e09086a16f1e130b09a507d399438740647147560f339cd2aa60069
RESOLVED_PHYSICAL,4.0,143,4.0,0.0,0.9772498680518208,0.984375,0.013179222356053854,False,SUPPORTED,,4ef162320e09086a16f1e130b09a507d399438740647147560f339cd2aa60069
UNRESOLVED_IMAGE,4.0,143,4.0,0.0,0.9772498680518208,0.984375,0.013179222356053854,False,SUPPORTED,,4ef162320e09086a16f1e130b09a507d399438740647147560f339cd2aa60069
TOTAL_FLUX,4.0,143,3.9999999999999996,1.1102230246251565e-16,0.9772498680518208,0.982421875,0.013179222356053854,False,SUPPORTED,,4ef162320e09086a16f1e130b09a507d399438740647147560f339cd2aa60069
DIRECT_PHYSICAL,4.0,144,3.999999999999999,2.220446049250313e-16,0.9772498680518208,0.974609375,0.013179222356053854,False,SUPPORTED,,4ef162320e09086a16f1e130b09a507d399438740647147560f339cd2aa60069
RESOLVED_PHYSICAL,4.0,144,4.000000000000001,2.220446049250313e-16,0.9772498680518208,0.966796875,0.013179222356053854,False,SUPPORTED,,4ef162320e09086a16f1e130b09a507d399438740647147560f339cd2aa60069
UNRESOLVED_IMAGE,4.0,144,4.000000000000001,2.220446049250313e-16,0.9772498680518208,0.978515625,0.013179222356053854,False,SUPPORTED,,4ef162320e09086a16f1e130b09a507d399438740647147560f339cd2aa60069
TOTAL_FLUX,4.0,144,3.9999999999999996,1.1102230246251565e-16,0.9772498680518208,0.9765625,0.013179222356053854,False,SUPPORTED,,4ef162320e09086a16f1e130b09a507d399438740647147560f339cd2aa60069
DIRECT_PHYSICAL,4.0,145,3.9999999999999996,1.1102230246251565e-16,0.9772498680518208,0.9765625,0.013179222356053854,False,SUPPORTED,,4ef162320e09086a16f1e130b09a507d399438740647147560f339cd2aa60069
RESOLVED_PHYSICAL,4.0,145,4.0,0.0,0.9772498680518208,0.978515625,0.013179222356053854,False,SUPPORTED,,4ef162320e09086a16f1e130b09a507d399438740647147560f339cd2aa60069
UNRESOLVED_IMAGE,4.0,145,4.0,0.0,0.9772498680518208,0.982421875,0.013179222356053854,False,SUPPORTED,,4ef162320e09086a16f1e130b09a507d399438740647147560f339cd2aa60069
TOTAL_FLUX,4.0,145,3.999999999999999,2.220446049250313e-16,0.9772498680518208,0.98828125,0.013179222356053854,False,SUPPORTED,,4ef162320e09086a16f1e130b09a507d399438740647147560f339cd2aa60069
DIRECT_PHYSICAL,4.0,146,3.9999999999999996,1.1102230246251565e-16,0.9772498680518208,0.984375,0.013179222356053854,False,SUPPORTED,,4ef162320e09086a16f1e130b09a507d399438740647147560f339cd2aa60069
RESOLVED_PHYSICAL,4.0,146,4.0,0.0,0.9772498680518208,0.9765625,0.013179222356053854,False,SUPPORTED,,4ef162320e09086a16f1e130b09a507d399438740647147560f339cd2aa60069
UNRESOLVED_IMAGE,4.0,146,4.000000000000001,2.220446049250313e-16,0.9772498680518208,0.984375,0.013179222356053854,False,SUPPORTED,,4ef162320e09086a16f1e130b09a507d399438740647147560f339cd2aa60069
TOTAL_FLUX,4.0,146,4.000000000000001,2.220446049250313e-16,0.9772498680518208,0.970703125,0.013179222356053854,False,SUPPORTED,,4ef162320e09086a16f1e130b09a507d399438740647147560f339cd2aa60069
DIRECT_PHYSICAL,4.0,147,3.9999999999999996,1.1102230246251565e-16,0.9772498680518208,0.98046875,0.013179222356053854,False,SUPPORTED,,4ef162320e09086a16f1e130b09a507d399438740647147560f339cd2aa60069
RESOLVED_PHYSICAL,4.0,147,4.0,0.0,0.9772498680518208,0.953125,0.013179222356053854,False,SUPPORTED,,4ef162320e09086a16f1e130b09a507d399438740647147560f339cd2aa60069
UNRESOLVED_IMAGE,4.0,147,3.9999999999999996,1.1102230246251565e-16,0.9772498680518208,0.978515625,0.013179222356053854,False,SUPPORTED,,4ef162320e09086a16f1e130b09a507d399438740647147560f339cd2aa60069
TOTAL_FLUX,4.0,147,4.000000000000002,4.440892098500626e-16,0.9772498680518209,0.982421875,0.013179222356053824,False,SUPPORTED,,4ef162320e09086a16f1e130b09a507d399438740647147560f339cd2aa60069
DIRECT_PHYSICAL,4.0,148,4.0,0.0,0.9772498680518208,0.98046875,0.013179222356053854,False,SUPPORTED,,4ef162320e09086a16f1e130b09a507d399438740647147560f339cd2aa60069
RESOLVED_PHYSICAL,4.0,148,3.9999999999999996,1.1102230246251565e-16,0.9772498680518208,0.966796875,0.013179222356053854,False,SUPPORTED,,4ef162320e09086a16f1e130b09a507d399438740647147560f339cd2aa60069
UNRESOLVED_IMAGE,4.0,148,4.0,0.0,0.9772498680518208,0.982421875,0.013179222356053854,False,SUPPORTED,,4ef162320e09086a16f1e130b09a507d399438740647147560f339cd2aa60069
TOTAL_FLUX,4.0,148,4.000000000000001,2.220446049250313e-16,0.9772498680518208,0.98046875,0.013179222356053854,False,SUPPORTED,,4ef162320e09086a16f1e130b09a507d399438740647147560f339cd2aa60069
DIRECT_PHYSICAL,4.0,149,4.0,0.0,0.9772498680518208,0.978515625,0.013179222356053854,False,SUPPORTED,,4ef162320e09086a16f1e130b09a507d399438740647147560f339cd2aa60069
RESOLVED_PHYSICAL,4.0,149,4.0,0.0,0.9772498680518208,0.982421875,0.013179222356053854,False,SUPPORTED,,4ef162320e09086a16f1e130b09a507d399438740647147560f339cd2aa60069
UNRESOLVED_IMAGE,4.0,149,4.0,0.0,0.9772498680518208,0.990234375,0.013179222356053854,False,SUPPORTED,,4ef162320e09086a16f1e130b09a507d399438740647147560f339cd2aa60069
TOTAL_FLUX,4.0,149,4.000000000000001,2.220446049250313e-16,0.9772498680518208,0.9765625,0.013179222356053854,False,SUPPORTED,,4ef162320e09086a16f1e130b09a507d399438740647147560f339cd2aa60069
DIRECT_PHYSICAL,4.0,150,4.0,0.0,0.9772498680518208,0.974609375,0.013179222356053854,False,SUPPORTED,,4ef162320e09086a16f1e130b09a507d399438740647147560f339cd2aa60069
RESOLVED_PHYSICAL,4.0,150,4.0,0.0,0.9772498680518208,0.978515625,0.013179222356053854,False,SUPPORTED,,4ef162320e09086a16f1e130b09a507d399438740647147560f339cd2aa60069
UNRESOLVED_IMAGE,4.0,150,3.9999999999999996,1.1102230246251565e-16,0.9772498680518208,0.978515625,0.013179222356053854,False,SUPPORTED,,4ef162320e09086a16f1e130b09a507d399438740647147560f339cd2aa60069
TOTAL_FLUX,4.0,150,4.0,0.0,0.9772498680518208,0.978515625,0.013179222356053854,False,SUPPORTED,,4ef162320e09086a16f1e130b09a507d399438740647147560f339cd2aa60069
DIRECT_PHYSICAL,4.0,151,4.0,0.0,0.9772498680518208,0.982421875,0.013179222356053854,False,SUPPORTED,,4ef162320e09086a16f1e130b09a507d399438740647147560f339cd2aa60069
RESOLVED_PHYSICAL,4.0,151,4.000000000000001,2.220446049250313e-16,0.9772498680518208,0.966796875,0.013179222356053854,False,SUPPORTED,,4ef162320e09086a16f1e130b09a507d399438740647147560f339cd2aa60069
UNRESOLVED_IMAGE,4.0,151,3.9999999999999996,1.1102230246251565e-16,0.9772498680518208,0.984375,0.013179222356053854,False,SUPPORTED,,4ef162320e09086a16f1e130b09a507d399438740647147560f339cd2aa60069
TOTAL_FLUX,4.0,151,3.9999999999999996,1.1102230246251565e-16,0.9772498680518208,0.98828125,0.013179222356053854,False,SUPPORTED,,4ef162320e09086a16f1e130b09a507d399438740647147560f339cd2aa60069
DIRECT_PHYSICAL,4.0,152,4.000000000000001,2.220446049250313e-16,0.9772498680518208,0.98046875,0.013179222356053854,False,SUPPORTED,,4ef162320e09086a16f1e130b09a507d399438740647147560f339cd2aa60069
RESOLVED_PHYSICAL,4.0,152,3.9999999999999996,1.1102230246251565e-16,0.9772498680518208,0.974609375,0.013179222356053854,False,SUPPORTED,,4ef162320e09086a16f1e130b09a507d399438740647147560f339cd2aa60069
UNRESOLVED_IMAGE,4.0,152,4.0,0.0,0.9772498680518208,0.978515625,0.013179222356053854,False,SUPPORTED,,4ef162320e09086a16f1e130b09a507d399438740647147560f339cd2aa60069
TOTAL_FLUX,4.0,152,3.9999999999999987,3.3306690738754696e-16,0.9772498680518208,0.9765625,0.013179222356053854,False,SUPPORTED,,4ef162320e09086a16f1e130b09a507d399438740647147560f339cd2aa60069
DIRECT_PHYSICAL,4.0,153,4.0,0.0,0.9772498680518208,0.982421875,0.013179222356053854,False,SUPPORTED,,4ef162320e09086a16f1e130b09a507d399438740647147560f339cd2aa60069
RESOLVED_PHYSICAL,4.0,153,4.0,0.0,0.9772498680518208,0.982421875,0.013179222356053854,False,SUPPORTED,,4ef162320e09086a16f1e130b09a507d399438740647147560f339cd2aa60069
UNRESOLVED_IMAGE,4.0,153,3.9999999999999996,1.1102230246251565e-16,0.9772498680518208,0.96484375,0.013179222356053854,False,SUPPORTED,,4ef162320e09086a16f1e130b09a507d399438740647147560f339cd2aa60069
TOTAL_FLUX,4.0,153,3.9999999999999996,1.1102230246251565e-16,0.9772498680518208,0.98046875,0.013179222356053854,False,SUPPORTED,,4ef162320e09086a16f1e130b09a507d399438740647147560f339cd2aa60069
DIRECT_PHYSICAL,4.0,154,4.0,0.0,0.9772498680518208,0.974609375,0.013179222356053854,False,SUPPORTED,,4ef162320e09086a16f1e130b09a507d399438740647147560f339cd2aa60069
RESOLVED_PHYSICAL,4.0,154,3.9999999999999996,1.1102230246251565e-16,0.9772498680518208,0.98046875,0.013179222356053854,False,SUPPORTED,,4ef162320e09086a16f1e130b09a507d399438740647147560f339cd2aa60069
UNRESOLVED_IMAGE,4.0,154,3.9999999999999996,1.1102230246251565e-16,0.9772498680518208,0.9765625,0.013179222356053854,False,SUPPORTED,,4ef162320e09086a16f1e130b09a507d399438740647147560f339cd2aa60069
TOTAL_FLUX,4.0,154,3.9999999999999973,6.661338147750939e-16,0.9772498680518207,0.97265625,0.013179222356053887,False,SUPPORTED,,4ef162320e09086a16f1e130b09a507d399438740647147560f339cd2aa60069
DIRECT_PHYSICAL,4.0,155,3.9999999999999996,1.1102230246251565e-16,0.9772498680518208,0.978515625,0.013179222356053854,False,SUPPORTED,,4ef162320e09086a16f1e130b09a507d399438740647147560f339cd2aa60069
RESOLVED_PHYSICAL,4.0,155,4.0,0.0,0.9772498680518208,0.966796875,0.013179222356053854,False,SUPPORTED,,4ef162320e09086a16f1e130b09a507d399438740647147560f339cd2aa60069
UNRESOLVED_IMAGE,4.0,155,3.999999999999999,2.220446049250313e-16,0.9772498680518208,0.97265625,0.013179222356053854,False,SUPPORTED,,4ef162320e09086a16f1e130b09a507d399438740647147560f339cd2aa60069
TOTAL_FLUX,4.0,155,3.9999999999999996,1.1102230246251565e-16,0.9772498680518208,0.982421875,0.013179222356053854,False,SUPPORTED,,4ef162320e09086a16f1e130b09a507d399438740647147560f339cd2aa60069
DIRECT_PHYSICAL,4.0,156,4.0,0.0,0.9772498680518208,0.9765625,0.013179222356053854,False,SUPPORTED,,4ef162320e09086a16f1e130b09a507d399438740647147560f339cd2aa60069
RESOLVED_PHYSICAL,4.0,156,4.0,0.0,0.9772498680518208,0.984375,0.013179222356053854,False,SUPPORTED,,4ef162320e09086a16f1e130b09a507d399438740647147560f339cd2aa60069
UNRESOLVED_IMAGE,4.0,156,4.000000000000001,2.220446049250313e-16,0.9772498680518208,0.97265625,0.013179222356053854,False,SUPPORTED,,4ef162320e09086a16f1e130b09a507d399438740647147560f339cd2aa60069
TOTAL_FLUX,4.0,156,4.000000000000001,2.220446049250313e-16,0.9772498680518208,0.974609375,0.013179222356053854,False,SUPPORTED,,4ef162320e09086a16f1e130b09a507d399438740647147560f339cd2aa60069
DIRECT_PHYSICAL,4.0,157,3.9999999999999996,1.1102230246251565e-16,0.9772498680518208,0.984375,0.013179222356053854,False,SUPPORTED,,4ef162320e09086a16f1e130b09a507d399438740647147560f339cd2aa60069
RESOLVED_PHYSICAL,4.0,157,4.000000000000001,2.220446049250313e-16,0.9772498680518208,0.984375,0.013179222356053854,False,SUPPORTED,,4ef162320e09086a16f1e130b09a507d399438740647147560f339cd2aa60069
UNRESOLVED_IMAGE,4.0,157,4.000000000000001,2.220446049250313e-16,0.9772498680518208,0.982421875,0.013179222356053854,False,SUPPORTED,,4ef162320e09086a16f1e130b09a507d399438740647147560f339cd2aa60069
TOTAL_FLUX,4.0,157,3.999999999999999,2.220446049250313e-16,0.9772498680518208,0.9765625,0.013179222356053854,False,SUPPORTED,,4ef162320e09086a16f1e130b09a507d399438740647147560f339cd2aa60069
DIRECT_PHYSICAL,4.0,158,3.9999999999999996,1.1102230246251565e-16,0.9772498680518208,0.98828125,0.013179222356053854,False,SUPPORTED,,4ef162320e09086a16f1e130b09a507d399438740647147560f339cd2aa60069
RESOLVED_PHYSICAL,4.0,158,3.9999999999999996,1.1102230246251565e-16,0.9772498680518208,0.982421875,0.013179222356053854,False,SUPPORTED,,4ef162320e09086a16f1e130b09a507d399438740647147560f339cd2aa60069
UNRESOLVED_IMAGE,4.0,158,4.0,0.0,0.9772498680518208,0.974609375,0.013179222356053854,False,SUPPORTED,,4ef162320e09086a16f1e130b09a507d399438740647147560f339cd2aa60069
TOTAL_FLUX,4.0,158,3.9999999999999987,3.3306690738754696e-16,0.9772498680518208,0.974609375,0.013179222356053854,False,SUPPORTED,,4ef162320e09086a16f1e130b09a507d399438740647147560f339cd2aa60069
DIRECT_PHYSICAL,4.0,159,4.0,0.0,0.9772498680518208,0.9765625,0.013179222356053854,False,SUPPORTED,,4ef162320e09086a16f1e130b09a507d399438740647147560f339cd2aa60069
RESOLVED_PHYSICAL,4.0,159,4.0,0.0,0.9772498680518208,0.970703125,0.013179222356053854,False,SUPPORTED,,4ef162320e09086a16f1e130b09a507d399438740647147560f339cd2aa60069
UNRESOLVED_IMAGE,4.0,159,3.999999999999999,2.220446049250313e-16,0.9772498680518208,0.9765625,0.013179222356053854,False,SUPPORTED,,4ef162320e09086a16f1e130b09a507d399438740647147560f339cd2aa60069
TOTAL_FLUX,4.0,159,3.9999999999999942,1.4432899320127035e-15,0.9772498680518207,0.96875,0.013179222356053887,False,SUPPORTED,,4ef162320e09086a16f1e130b09a507d399438740647147560f339cd2aa60069
DIRECT_PHYSICAL,4.0,160,3.9999999999999996,1.1102230246251565e-16,0.9772498680518208,0.97265625,0.013179222356053854,False,SUPPORTED,,4ef162320e09086a16f1e130b09a507d399438740647147560f339cd2aa60069
RESOLVED_PHYSICAL,4.0,160,4.0,0.0,0.9772498680518208,0.984375,0.013179222356053854,False,SUPPORTED,,4ef162320e09086a16f1e130b09a507d399438740647147560f339cd2aa60069
UNRESOLVED_IMAGE,4.0,160,3.9999999999999996,1.1102230246251565e-16,0.9772498680518208,0.978515625,0.013179222356053854,False,SUPPORTED,,4ef162320e09086a16f1e130b09a507d399438740647147560f339cd2aa60069
TOTAL_FLUX,4.0,160,4.000000000000001,2.220446049250313e-16,0.9772498680518208,0.974609375,0.013179222356053854,False,SUPPORTED,,4ef162320e09086a16f1e130b09a507d399438740647147560f339cd2aa60069
DIRECT_PHYSICAL,4.0,161,3.9999999999999996,1.1102230246251565e-16,0.9772498680518208,0.982421875,0.013179222356053854,False,SUPPORTED,,4ef162320e09086a16f1e130b09a507d399438740647147560f339cd2aa60069
RESOLVED_PHYSICAL,4.0,161,3.999999999999999,2.220446049250313e-16,0.9772498680518208,0.9765625,0.013179222356053854,False,SUPPORTED,,4ef162320e09086a16f1e130b09a507d399438740647147560f339cd2aa60069
UNRESOLVED_IMAGE,4.0,161,3.9999999999999996,1.1102230246251565e-16,0.9772498680518208,0.966796875,0.013179222356053854,False,SUPPORTED,,4ef162320e09086a16f1e130b09a507d399438740647147560f339cd2aa60069
TOTAL_FLUX,4.0,161,3.999999999999999,2.220446049250313e-16,0.9772498680518208,0.9765625,0.013179222356053854,False,SUPPORTED,,4ef162320e09086a16f1e130b09a507d399438740647147560f339cd2aa60069
DIRECT_PHYSICAL,4.0,162,3.9999999999999996,1.1102230246251565e-16,0.9772498680518208,0.970703125,0.013179222356053854,False,SUPPORTED,,4ef162320e09086a16f1e130b09a507d399438740647147560f339cd2aa60069
RESOLVED_PHYSICAL,4.0,162,3.9999999999999996,1.1102230246251565e-16,0.9772498680518208,0.970703125,0.013179222356053854,False,SUPPORTED,,4ef162320e09086a16f1e130b09a507d399438740647147560f339cd2aa60069
UNRESOLVED_IMAGE,4.0,162,4.0,0.0,0.9772498680518208,0.98046875,0.013179222356053854,False,SUPPORTED,,4ef162320e09086a16f1e130b09a507d399438740647147560f339cd2aa60069
TOTAL_FLUX,4.0,162,3.999999999999999,2.220446049250313e-16,0.9772498680518208,0.974609375,0.013179222356053854,False,SUPPORTED,,4ef162320e09086a16f1e130b09a507d399438740647147560f339cd2aa60069
DIRECT_PHYSICAL,4.0,163,4.000000000000001,2.220446049250313e-16,0.9772498680518208,0.984375,0.013179222356053854,False,SUPPORTED,,4ef162320e09086a16f1e130b09a507d399438740647147560f339cd2aa60069
RESOLVED_PHYSICAL,4.0,163,4.000000000000001,2.220446049250313e-16,0.9772498680518208,0.96875,0.013179222356053854,False,SUPPORTED,,4ef162320e09086a16f1e130b09a507d399438740647147560f339cd2aa60069
UNRESOLVED_IMAGE,4.0,163,4.000000000000001,2.220446049250313e-16,0.9772498680518208,0.978515625,0.013179222356053854,False,SUPPORTED,,4ef162320e09086a16f1e130b09a507d399438740647147560f339cd2aa60069
TOTAL_FLUX,4.0,163,4.000000000000002,4.440892098500626e-16,0.9772498680518209,0.978515625,0.013179222356053824,False,SUPPORTED,,4ef162320e09086a16f1e130b09a507d399438740647147560f339cd2aa60069
DIRECT_PHYSICAL,4.0,164,3.9999999999999996,1.1102230246251565e-16,0.9772498680518208,0.974609375,0.013179222356053854,False,SUPPORTED,,4ef162320e09086a16f1e130b09a507d399438740647147560f339cd2aa60069
RESOLVED_PHYSICAL,4.0,164,3.999999999999999,2.220446049250313e-16,0.9772498680518208,0.98828125,0.013179222356053854,False,SUPPORTED,,4ef162320e09086a16f1e130b09a507d399438740647147560f339cd2aa60069
UNRESOLVED_IMAGE,4.0,164,4.000000000000001,2.220446049250313e-16,0.9772498680518208,0.978515625,0.013179222356053854,False,SUPPORTED,,4ef162320e09086a16f1e130b09a507d399438740647147560f339cd2aa60069
TOTAL_FLUX,4.0,164,4.0,0.0,0.9772498680518208,0.978515625,0.013179222356053854,False,SUPPORTED,,4ef162320e09086a16f1e130b09a507d399438740647147560f339cd2aa60069
DIRECT_PHYSICAL,4.0,165,4.0,0.0,0.9772498680518208,0.974609375,0.013179222356053854,False,SUPPORTED,,4ef162320e09086a16f1e130b09a507d399438740647147560f339cd2aa60069
RESOLVED_PHYSICAL,4.0,165,4.0,0.0,0.9772498680518208,0.96875,0.013179222356053854,False,SUPPORTED,,4ef162320e09086a16f1e130b09a507d399438740647147560f339cd2aa60069
UNRESOLVED_IMAGE,4.0,165,4.0,0.0,0.9772498680518208,0.98046875,0.013179222356053854,False,SUPPORTED,,4ef162320e09086a16f1e130b09a507d399438740647147560f339cd2aa60069
TOTAL_FLUX,4.0,165,3.9999999999999996,1.1102230246251565e-16,0.9772498680518208,0.984375,0.013179222356053854,False,SUPPORTED,,4ef162320e09086a16f1e130b09a507d399438740647147560f339cd2aa60069
DIRECT_PHYSICAL,4.0,166,3.9999999999999996,1.1102230246251565e-16,0.9772498680518208,0.96875,0.013179222356053854,False,SUPPORTED,,4ef162320e09086a16f1e130b09a507d399438740647147560f339cd2aa60069
RESOLVED_PHYSICAL,4.0,166,3.9999999999999996,1.1102230246251565e-16,0.9772498680518208,0.9921875,0.013179222356053854,True,SUPPORTED,,4ef162320e09086a16f1e130b09a507d399438740647147560f339cd2aa60069
UNRESOLVED_IMAGE,4.0,166,3.9999999999999996,1.1102230246251565e-16,0.9772498680518208,0.970703125,0.013179222356053854,False,SUPPORTED,,4ef162320e09086a16f1e130b09a507d399438740647147560f339cd2aa60069
TOTAL_FLUX,4.0,166,3.9999999999999996,1.1102230246251565e-16,0.9772498680518208,0.978515625,0.013179222356053854,False,SUPPORTED,,4ef162320e09086a16f1e130b09a507d399438740647147560f339cd2aa60069
DIRECT_PHYSICAL,4.0,167,3.9999999999999996,1.1102230246251565e-16,0.9772498680518208,0.98828125,0.013179222356053854,False,SUPPORTED,,4ef162320e09086a16f1e130b09a507d399438740647147560f339cd2aa60069
RESOLVED_PHYSICAL,4.0,167,4.0,0.0,0.9772498680518208,0.984375,0.013179222356053854,False,SUPPORTED,,4ef162320e09086a16f1e130b09a507d399438740647147560f339cd2aa60069
UNRESOLVED_IMAGE,4.0,167,3.9999999999999996,1.1102230246251565e-16,0.9772498680518208,0.978515625,0.013179222356053854,False,SUPPORTED,,4ef162320e09086a16f1e130b09a507d399438740647147560f339cd2aa60069
TOTAL_FLUX,4.0,167,3.9999999999999982,4.440892098500626e-16,0.9772498680518208,0.970703125,0.013179222356053854,False,SUPPORTED,,4ef162320e09086a16f1e130b09a507d399438740647147560f339cd2aa60069
DIRECT_PHYSICAL,4.0,168,4.0,0.0,0.9772498680518208,0.984375,0.013179222356053854,False,SUPPORTED,,4ef162320e09086a16f1e130b09a507d399438740647147560f339cd2aa60069
RESOLVED_PHYSICAL,4.0,168,4.000000000000001,2.220446049250313e-16,0.9772498680518208,0.984375,0.013179222356053854,False,SUPPORTED,,4ef162320e09086a16f1e130b09a507d399438740647147560f339cd2aa60069
UNRESOLVED_IMAGE,4.0,168,4.0,0.0,0.9772498680518208,0.982421875,0.013179222356053854,False,SUPPORTED,,4ef162320e09086a16f1e130b09a507d399438740647147560f339cd2aa60069
TOTAL_FLUX,4.0,168,3.999999999999999,2.220446049250313e-16,0.9772498680518208,0.982421875,0.013179222356053854,False,SUPPORTED,,4ef162320e09086a16f1e130b09a507d399438740647147560f339cd2aa60069
DIRECT_PHYSICAL,4.0,169,4.0,0.0,0.9772498680518208,0.984375,0.013179222356053854,False,SUPPORTED,,4ef162320e09086a16f1e130b09a507d399438740647147560f339cd2aa60069
RESOLVED_PHYSICAL,4.0,169,3.9999999999999996,1.1102230246251565e-16,0.9772498680518208,0.98046875,0.013179222356053854,False,SUPPORTED,,4ef162320e09086a16f1e130b09a507d399438740647147560f339cd2aa60069
UNRESOLVED_IMAGE,4.0,169,3.9999999999999996,1.1102230246251565e-16,0.9772498680518208,0.982421875,0.013179222356053854,False,SUPPORTED,,4ef162320e09086a16f1e130b09a507d399438740647147560f339cd2aa60069
TOTAL_FLUX,4.0,169,3.9999999999999982,4.440892098500626e-16,0.9772498680518208,0.97265625,0.013179222356053854,False,SUPPORTED,,4ef162320e09086a16f1e130b09a507d399438740647147560f339cd2aa60069
DIRECT_PHYSICAL,4.0,170,4.000000000000001,2.220446049250313e-16,0.9772498680518208,0.984375,0.013179222356053854,False,SUPPORTED,,4ef162320e09086a16f1e130b09a507d399438740647147560f339cd2aa60069
RESOLVED_PHYSICAL,4.0,170,4.0,0.0,0.9772498680518208,0.978515625,0.013179222356053854,False,SUPPORTED,,4ef162320e09086a16f1e130b09a507d399438740647147560f339cd2aa60069
UNRESOLVED_IMAGE,4.0,170,4.0,0.0,0.9772498680518208,0.978515625,0.013179222356053854,False,SUPPORTED,,4ef162320e09086a16f1e130b09a507d399438740647147560f339cd2aa60069
TOTAL_FLUX,4.0,170,4.000000000000001,2.220446049250313e-16,0.9772498680518208,0.97265625,0.013179222356053854,False,SUPPORTED,,4ef162320e09086a16f1e130b09a507d399438740647147560f339cd2aa60069
DIRECT_PHYSICAL,4.0,171,3.9999999999999996,1.1102230246251565e-16,0.9772498680518208,0.97265625,0.013179222356053854,False,SUPPORTED,,4ef162320e09086a16f1e130b09a507d399438740647147560f339cd2aa60069
RESOLVED_PHYSICAL,4.0,171,4.0,0.0,0.9772498680518208,0.9609375,0.013179222356053854,False,SUPPORTED,,4ef162320e09086a16f1e130b09a507d399438740647147560f339cd2aa60069
UNRESOLVED_IMAGE,4.0,171,3.9999999999999996,1.1102230246251565e-16,0.9772498680518208,0.970703125,0.013179222356053854,False,SUPPORTED,,4ef162320e09086a16f1e130b09a507d399438740647147560f339cd2aa60069
TOTAL_FLUX,4.0,171,4.0,0.0,0.9772498680518208,0.97265625,0.013179222356053854,False,SUPPORTED,,4ef162320e09086a16f1e130b09a507d399438740647147560f339cd2aa60069
DIRECT_PHYSICAL,4.0,172,4.000000000000001,2.220446049250313e-16,0.9772498680518208,0.96875,0.013179222356053854,False,SUPPORTED,,4ef162320e09086a16f1e130b09a507d399438740647147560f339cd2aa60069
RESOLVED_PHYSICAL,4.0,172,4.0,0.0,0.9772498680518208,0.974609375,0.013179222356053854,False,SUPPORTED,,4ef162320e09086a16f1e130b09a507d399438740647147560f339cd2aa60069
UNRESOLVED_IMAGE,4.0,172,3.9999999999999996,1.1102230246251565e-16,0.9772498680518208,0.974609375,0.013179222356053854,False,SUPPORTED,,4ef162320e09086a16f1e130b09a507d399438740647147560f339cd2aa60069
TOTAL_FLUX,4.0,172,4.000000000000002,4.440892098500626e-16,0.9772498680518209,0.982421875,0.013179222356053824,False,SUPPORTED,,4ef162320e09086a16f1e130b09a507d399438740647147560f339cd2aa60069
DIRECT_PHYSICAL,4.0,173,3.999999999999999,2.220446049250313e-16,0.9772498680518208,0.970703125,0.013179222356053854,False,SUPPORTED,,4ef162320e09086a16f1e130b09a507d399438740647147560f339cd2aa60069
RESOLVED_PHYSICAL,4.0,173,4.000000000000001,2.220446049250313e-16,0.9772498680518208,0.978515625,0.013179222356053854,False,SUPPORTED,,4ef162320e09086a16f1e130b09a507d399438740647147560f339cd2aa60069
UNRESOLVED_IMAGE,4.0,173,3.9999999999999996,1.1102230246251565e-16,0.9772498680518208,0.982421875,0.013179222356053854,False,SUPPORTED,,4ef162320e09086a16f1e130b09a507d399438740647147560f339cd2aa60069
TOTAL_FLUX,4.0,173,3.999999999999999,2.220446049250313e-16,0.9772498680518208,0.970703125,0.013179222356053854,False,SUPPORTED,,4ef162320e09086a16f1e130b09a507d399438740647147560f339cd2aa60069
DIRECT_PHYSICAL,4.0,174,4.0,0.0,0.9772498680518208,0.986328125,0.013179222356053854,False,SUPPORTED,,4ef162320e09086a16f1e130b09a507d399438740647147560f339cd2aa60069
RESOLVED_PHYSICAL,4.0,174,3.9999999999999982,4.440892098500626e-16,0.9772498680518208,0.982421875,0.013179222356053854,False,SUPPORTED,,4ef162320e09086a16f1e130b09a507d399438740647147560f339cd2aa60069
UNRESOLVED_IMAGE,4.0,174,3.9999999999999996,1.1102230246251565e-16,0.9772498680518208,0.96875,0.013179222356053854,False,SUPPORTED,,4ef162320e09086a16f1e130b09a507d399438740647147560f339cd2aa60069
TOTAL_FLUX,4.0,174,3.999999999999998,5.551115123125783e-16,0.9772498680518207,0.98828125,0.013179222356053887,False,SUPPORTED,,4ef162320e09086a16f1e130b09a507d399438740647147560f339cd2aa60069
DIRECT_PHYSICAL,4.0,175,3.9999999999999987,3.3306690738754696e-16,0.9772498680518208,0.970703125,0.013179222356053854,False,SUPPORTED,,4ef162320e09086a16f1e130b09a507d399438740647147560f339cd2aa60069
RESOLVED_PHYSICAL,4.0,175,3.9999999999999996,1.1102230246251565e-16,0.9772498680518208,0.98046875,0.013179222356053854,False,SUPPORTED,,4ef162320e09086a16f1e130b09a507d399438740647147560f339cd2aa60069
UNRESOLVED_IMAGE,4.0,175,4.000000000000001,2.220446049250313e-16,0.9772498680518208,0.978515625,0.013179222356053854,False,SUPPORTED,,4ef162320e09086a16f1e130b09a507d399438740647147560f339cd2aa60069
TOTAL_FLUX,4.0,175,3.999999999999999,2.220446049250313e-16,0.9772498680518208,0.98046875,0.013179222356053854,False,SUPPORTED,,4ef162320e09086a16f1e130b09a507d399438740647147560f339cd2aa60069
DIRECT_PHYSICAL,4.0,176,3.999999999999999,2.220446049250313e-16,0.9772498680518208,0.984375,0.013179222356053854,False,SUPPORTED,,4ef162320e09086a16f1e130b09a507d399438740647147560f339cd2aa60069
RESOLVED_PHYSICAL,4.0,176,4.0,0.0,0.9772498680518208,0.98046875,0.013179222356053854,False,SUPPORTED,,4ef162320e09086a16f1e130b09a507d399438740647147560f339cd2aa60069
UNRESOLVED_IMAGE,4.0,176,3.9999999999999996,1.1102230246251565e-16,0.9772498680518208,0.978515625,0.013179222356053854,False,SUPPORTED,,4ef162320e09086a16f1e130b09a507d399438740647147560f339cd2aa60069
TOTAL_FLUX,4.0,176,4.000000000000001,2.220446049250313e-16,0.9772498680518208,0.978515625,0.013179222356053854,False,SUPPORTED,,4ef162320e09086a16f1e130b09a507d399438740647147560f339cd2aa60069
DIRECT_PHYSICAL,4.0,177,4.000000000000001,2.220446049250313e-16,0.9772498680518208,0.984375,0.013179222356053854,False,SUPPORTED,,4ef162320e09086a16f1e130b09a507d399438740647147560f339cd2aa60069
RESOLVED_PHYSICAL,4.0,177,4.0,0.0,0.9772498680518208,0.98046875,0.013179222356053854,False,SUPPORTED,,4ef162320e09086a16f1e130b09a507d399438740647147560f339cd2aa60069
UNRESOLVED_IMAGE,4.0,177,4.0,0.0,0.9772498680518208,0.96875,0.013179222356053854,False,SUPPORTED,,4ef162320e09086a16f1e130b09a507d399438740647147560f339cd2aa60069
TOTAL_FLUX,4.0,177,3.999999999999997,7.771561172376096e-16,0.9772498680518207,0.96875,0.013179222356053887,False,SUPPORTED,,4ef162320e09086a16f1e130b09a507d399438740647147560f339cd2aa60069
DIRECT_PHYSICAL,4.0,178,4.000000000000001,2.220446049250313e-16,0.9772498680518208,0.986328125,0.013179222356053854,False,SUPPORTED,,4ef162320e09086a16f1e130b09a507d399438740647147560f339cd2aa60069
RESOLVED_PHYSICAL,4.0,178,4.0,0.0,0.9772498680518208,0.982421875,0.013179222356053854,False,SUPPORTED,,4ef162320e09086a16f1e130b09a507d399438740647147560f339cd2aa60069
UNRESOLVED_IMAGE,4.0,178,4.0,0.0,0.9772498680518208,0.9765625,0.013179222356053854,False,SUPPORTED,,4ef162320e09086a16f1e130b09a507d399438740647147560f339cd2aa60069
TOTAL_FLUX,4.0,178,4.0,0.0,0.9772498680518208,0.97265625,0.013179222356053854,False,SUPPORTED,,4ef162320e09086a16f1e130b09a507d399438740647147560f339cd2aa60069
DIRECT_PHYSICAL,4.0,179,4.0,0.0,0.9772498680518208,0.96875,0.013179222356053854,False,SUPPORTED,,4ef162320e09086a16f1e130b09a507d399438740647147560f339cd2aa60069
RESOLVED_PHYSICAL,4.0,179,4.0,0.0,0.9772498680518208,0.986328125,0.013179222356053854,False,SUPPORTED,,4ef162320e09086a16f1e130b09a507d399438740647147560f339cd2aa60069
UNRESOLVED_IMAGE,4.0,179,3.9999999999999996,1.1102230246251565e-16,0.9772498680518208,0.978515625,0.013179222356053854,False,SUPPORTED,,4ef162320e09086a16f1e130b09a507d399438740647147560f339cd2aa60069
TOTAL_FLUX,4.0,179,4.000000000000001,2.220446049250313e-16,0.9772498680518208,0.97265625,0.013179222356053854,False,SUPPORTED,,4ef162320e09086a16f1e130b09a507d399438740647147560f339cd2aa60069
DIRECT_PHYSICAL,4.0,180,3.999999999999999,2.220446049250313e-16,0.9772498680518208,0.9765625,0.013179222356053854,False,SUPPORTED,,4ef162320e09086a16f1e130b09a507d399438740647147560f339cd2aa60069
RESOLVED_PHYSICAL,4.0,180,4.0,0.0,0.9772498680518208,0.984375,0.013179222356053854,False,SUPPORTED,,4ef162320e09086a16f1e130b09a507d399438740647147560f339cd2aa60069
UNRESOLVED_IMAGE,4.0,180,3.9999999999999996,1.1102230246251565e-16,0.9772498680518208,0.982421875,0.013179222356053854,False,SUPPORTED,,4ef162320e09086a16f1e130b09a507d399438740647147560f339cd2aa60069
TOTAL_FLUX,4.0,180,3.999999999999999,2.220446049250313e-16,0.9772498680518208,0.966796875,0.013179222356053854,False,SUPPORTED,,4ef162320e09086a16f1e130b09a507d399438740647147560f339cd2aa60069
DIRECT_PHYSICAL,4.0,181,4.0,0.0,0.9772498680518208,0.978515625,0.013179222356053854,False,SUPPORTED,,4ef162320e09086a16f1e130b09a507d399438740647147560f339cd2aa60069
RESOLVED_PHYSICAL,4.0,181,4.000000000000001,2.220446049250313e-16,0.9772498680518208,0.978515625,0.013179222356053854,False,SUPPORTED,,4ef162320e09086a16f1e130b09a507d399438740647147560f339cd2aa60069
UNRESOLVED_IMAGE,4.0,181,3.9999999999999987,3.3306690738754696e-16,0.9772498680518208,0.982421875,0.013179222356053854,False,SUPPORTED,,4ef162320e09086a16f1e130b09a507d399438740647147560f339cd2aa60069
TOTAL_FLUX,4.0,181,3.999999999999998,5.551115123125783e-16,0.9772498680518207,0.982421875,0.013179222356053887,False,SUPPORTED,,4ef162320e09086a16f1e130b09a507d399438740647147560f339cd2aa60069
DIRECT_PHYSICAL,4.0,182,3.999999999999999,2.220446049250313e-16,0.9772498680518208,0.978515625,0.013179222356053854,False,SUPPORTED,,4ef162320e09086a16f1e130b09a507d399438740647147560f339cd2aa60069
RESOLVED_PHYSICAL,4.0,182,4.0,0.0,0.9772498680518208,0.978515625,0.013179222356053854,False,SUPPORTED,,4ef162320e09086a16f1e130b09a507d399438740647147560f339cd2aa60069
UNRESOLVED_IMAGE,4.0,182,4.0,0.0,0.9772498680518208,0.97265625,0.013179222356053854,False,SUPPORTED,,4ef162320e09086a16f1e130b09a507d399438740647147560f339cd2aa60069
TOTAL_FLUX,4.0,182,4.0,0.0,0.9772498680518208,0.9765625,0.013179222356053854,False,SUPPORTED,,4ef162320e09086a16f1e130b09a507d399438740647147560f339cd2aa60069
DIRECT_PHYSICAL,4.0,183,4.0,0.0,0.9772498680518208,0.990234375,0.013179222356053854,False,SUPPORTED,,4ef162320e09086a16f1e130b09a507d399438740647147560f339cd2aa60069
RESOLVED_PHYSICAL,4.0,183,3.999999999999999,2.220446049250313e-16,0.9772498680518208,0.966796875,0.013179222356053854,False,SUPPORTED,,4ef162320e09086a16f1e130b09a507d399438740647147560f339cd2aa60069
UNRESOLVED_IMAGE,4.0,183,3.999999999999999,2.220446049250313e-16,0.9772498680518208,0.978515625,0.013179222356053854,False,SUPPORTED,,4ef162320e09086a16f1e130b09a507d399438740647147560f339cd2aa60069
TOTAL_FLUX,4.0,183,4.000000000000001,2.220446049250313e-16,0.9772498680518208,0.982421875,0.013179222356053854,False,SUPPORTED,,4ef162320e09086a16f1e130b09a507d399438740647147560f339cd2aa60069
DIRECT_PHYSICAL,4.0,184,3.9999999999999996,1.1102230246251565e-16,0.9772498680518208,0.9765625,0.013179222356053854,False,SUPPORTED,,4ef162320e09086a16f1e130b09a507d399438740647147560f339cd2aa60069
RESOLVED_PHYSICAL,4.0,184,4.0,0.0,0.9772498680518208,0.970703125,0.013179222356053854,False,SUPPORTED,,4ef162320e09086a16f1e130b09a507d399438740647147560f339cd2aa60069
UNRESOLVED_IMAGE,4.0,184,3.9999999999999996,1.1102230246251565e-16,0.9772498680518208,0.98046875,0.013179222356053854,False,SUPPORTED,,4ef162320e09086a16f1e130b09a507d399438740647147560f339cd2aa60069
TOTAL_FLUX,4.0,184,3.999999999999999,2.220446049250313e-16,0.9772498680518208,0.96875,0.013179222356053854,False,SUPPORTED,,4ef162320e09086a16f1e130b09a507d399438740647147560f339cd2aa60069
DIRECT_PHYSICAL,4.0,185,4.000000000000002,4.440892098500626e-16,0.9772498680518209,0.97265625,0.013179222356053824,False,SUPPORTED,,4ef162320e09086a16f1e130b09a507d399438740647147560f339cd2aa60069
RESOLVED_PHYSICAL,4.0,185,4.0,0.0,0.9772498680518208,0.97265625,0.013179222356053854,False,SUPPORTED,,4ef162320e09086a16f1e130b09a507d399438740647147560f339cd2aa60069
UNRESOLVED_IMAGE,4.0,185,3.9999999999999996,1.1102230246251565e-16,0.9772498680518208,0.982421875,0.013179222356053854,False,SUPPORTED,,4ef162320e09086a16f1e130b09a507d399438740647147560f339cd2aa60069
TOTAL_FLUX,4.0,185,3.9999999999999982,4.440892098500626e-16,0.9772498680518208,0.96875,0.013179222356053854,False,SUPPORTED,,4ef162320e09086a16f1e130b09a507d399438740647147560f339cd2aa60069
DIRECT_PHYSICAL,4.0,186,4.000000000000001,2.220446049250313e-16,0.9772498680518208,0.96875,0.013179222356053854,False,SUPPORTED,,4ef162320e09086a16f1e130b09a507d399438740647147560f339cd2aa60069
RESOLVED_PHYSICAL,4.0,186,4.000000000000001,2.220446049250313e-16,0.9772498680518208,0.96875,0.013179222356053854,False,SUPPORTED,,4ef162320e09086a16f1e130b09a507d399438740647147560f339cd2aa60069
UNRESOLVED_IMAGE,4.0,186,3.999999999999999,2.220446049250313e-16,0.9772498680518208,0.984375,0.013179222356053854,False,SUPPORTED,,4ef162320e09086a16f1e130b09a507d399438740647147560f339cd2aa60069
TOTAL_FLUX,4.0,186,3.999999999999999,2.220446049250313e-16,0.9772498680518208,0.9765625,0.013179222356053854,False,SUPPORTED,,4ef162320e09086a16f1e130b09a507d399438740647147560f339cd2aa60069
DIRECT_PHYSICAL,4.0,187,4.0,0.0,0.9772498680518208,0.974609375,0.013179222356053854,False,SUPPORTED,,4ef162320e09086a16f1e130b09a507d399438740647147560f339cd2aa60069
RESOLVED_PHYSICAL,4.0,187,3.9999999999999987,3.3306690738754696e-16,0.9772498680518208,0.97265625,0.013179222356053854,False,SUPPORTED,,4ef162320e09086a16f1e130b09a507d399438740647147560f339cd2aa60069
UNRESOLVED_IMAGE,4.0,187,3.9999999999999987,3.3306690738754696e-16,0.9772498680518208,0.982421875,0.013179222356053854,False,SUPPORTED,,4ef162320e09086a16f1e130b09a507d399438740647147560f339cd2aa60069
TOTAL_FLUX,4.0,187,3.9999999999999996,1.1102230246251565e-16,0.9772498680518208,0.9765625,0.013179222356053854,False,SUPPORTED,,4ef162320e09086a16f1e130b09a507d399438740647147560f339cd2aa60069
DIRECT_PHYSICAL,4.0,188,4.0,0.0,0.9772498680518208,0.97265625,0.013179222356053854,False,SUPPORTED,,4ef162320e09086a16f1e130b09a507d399438740647147560f339cd2aa60069
RESOLVED_PHYSICAL,4.0,188,3.999999999999999,2.220446049250313e-16,0.9772498680518208,0.974609375,0.013179222356053854,False,SUPPORTED,,4ef162320e09086a16f1e130b09a507d399438740647147560f339cd2aa60069
UNRESOLVED_IMAGE,4.0,188,3.999999999999999,2.220446049250313e-16,0.9772498680518208,0.98046875,0.013179222356053854,False,SUPPORTED,,4ef162320e09086a16f1e130b09a507d399438740647147560f339cd2aa60069
TOTAL_FLUX,4.0,188,4.000000000000002,4.440892098500626e-16,0.9772498680518209,0.984375,0.013179222356053824,False,SUPPORTED,,4ef162320e09086a16f1e130b09a507d399438740647147560f339cd2aa60069
DIRECT_PHYSICAL,4.0,189,3.9999999999999996,1.1102230246251565e-16,0.9772498680518208,0.9765625,0.013179222356053854,False,SUPPORTED,,4ef162320e09086a16f1e130b09a507d399438740647147560f339cd2aa60069
RESOLVED_PHYSICAL,4.0,189,4.0,0.0,0.9772498680518208,0.984375,0.013179222356053854,False,SUPPORTED,,4ef162320e09086a16f1e130b09a507d399438740647147560f339cd2aa60069
UNRESOLVED_IMAGE,4.0,189,3.9999999999999987,3.3306690738754696e-16,0.9772498680518208,0.9765625,0.013179222356053854,False,SUPPORTED,,4ef162320e09086a16f1e130b09a507d399438740647147560f339cd2aa60069
TOTAL_FLUX,4.0,189,4.0,0.0,0.9772498680518208,0.96875,0.013179222356053854,False,SUPPORTED,,4ef162320e09086a16f1e130b09a507d399438740647147560f339cd2aa60069
DIRECT_PHYSICAL,4.0,190,4.0,0.0,0.9772498680518208,0.978515625,0.013179222356053854,False,SUPPORTED,,4ef162320e09086a16f1e130b09a507d399438740647147560f339cd2aa60069
RESOLVED_PHYSICAL,4.0,190,3.9999999999999996,1.1102230246251565e-16,0.9772498680518208,0.982421875,0.013179222356053854,False,SUPPORTED,,4ef162320e09086a16f1e130b09a507d399438740647147560f339cd2aa60069
UNRESOLVED_IMAGE,4.0,190,3.999999999999999,2.220446049250313e-16,0.9772498680518208,0.98046875,0.013179222356053854,False,SUPPORTED,,4ef162320e09086a16f1e130b09a507d399438740647147560f339cd2aa60069
TOTAL_FLUX,4.0,190,3.9999999999999982,4.440892098500626e-16,0.9772498680518208,0.97265625,0.013179222356053854,False,SUPPORTED,,4ef162320e09086a16f1e130b09a507d399438740647147560f339cd2aa60069
DIRECT_PHYSICAL,4.0,191,4.000000000000001,2.220446049250313e-16,0.9772498680518208,0.9765625,0.013179222356053854,False,SUPPORTED,,4ef162320e09086a16f1e130b09a507d399438740647147560f339cd2aa60069
RESOLVED_PHYSICAL,4.0,191,4.000000000000001,2.220446049250313e-16,0.9772498680518208,0.96875,0.013179222356053854,False,SUPPORTED,,4ef162320e09086a16f1e130b09a507d399438740647147560f339cd2aa60069
UNRESOLVED_IMAGE,4.0,191,3.9999999999999996,1.1102230246251565e-16,0.9772498680518208,0.9765625,0.013179222356053854,False,SUPPORTED,,4ef162320e09086a16f1e130b09a507d399438740647147560f339cd2aa60069
TOTAL_FLUX,4.0,191,4.000000000000001,2.220446049250313e-16,0.9772498680518208,0.962890625,0.013179222356053854,False,SUPPORTED,,4ef162320e09086a16f1e130b09a507d399438740647147560f339cd2aa60069
DIRECT_PHYSICAL,4.0,192,3.9999999999999996,1.1102230246251565e-16,0.9772498680518208,0.96484375,0.013179222356053854,False,SUPPORTED,,4ef162320e09086a16f1e130b09a507d399438740647147560f339cd2aa60069
RESOLVED_PHYSICAL,4.0,192,4.0,0.0,0.9772498680518208,0.978515625,0.013179222356053854,False,SUPPORTED,,4ef162320e09086a16f1e130b09a507d399438740647147560f339cd2aa60069
UNRESOLVED_IMAGE,4.0,192,3.9999999999999996,1.1102230246251565e-16,0.9772498680518208,0.98046875,0.013179222356053854,False,SUPPORTED,,4ef162320e09086a16f1e130b09a507d399438740647147560f339cd2aa60069
TOTAL_FLUX,4.0,192,4.0,0.0,0.9772498680518208,0.98828125,0.013179222356053854,False,SUPPORTED,,4ef162320e09086a16f1e130b09a507d399438740647147560f339cd2aa60069
DIRECT_PHYSICAL,4.0,193,3.9999999999999987,3.3306690738754696e-16,0.9772498680518208,0.984375,0.013179222356053854,False,SUPPORTED,,4ef162320e09086a16f1e130b09a507d399438740647147560f339cd2aa60069
RESOLVED_PHYSICAL,4.0,193,4.0,0.0,0.9772498680518208,0.982421875,0.013179222356053854,False,SUPPORTED,,4ef162320e09086a16f1e130b09a507d399438740647147560f339cd2aa60069
UNRESOLVED_IMAGE,4.0,193,3.9999999999999996,1.1102230246251565e-16,0.9772498680518208,0.990234375,0.013179222356053854,False,SUPPORTED,,4ef162320e09086a16f1e130b09a507d399438740647147560f339cd2aa60069
TOTAL_FLUX,4.0,193,4.000000000000001,2.220446049250313e-16,0.9772498680518208,0.98046875,0.013179222356053854,False,SUPPORTED,,4ef162320e09086a16f1e130b09a507d399438740647147560f339cd2aa60069
DIRECT_PHYSICAL,4.0,194,4.0,0.0,0.9772498680518208,0.982421875,0.013179222356053854,False,SUPPORTED,,4ef162320e09086a16f1e130b09a507d399438740647147560f339cd2aa60069
RESOLVED_PHYSICAL,4.0,194,4.0,0.0,0.9772498680518208,0.974609375,0.013179222356053854,False,SUPPORTED,,4ef162320e09086a16f1e130b09a507d399438740647147560f339cd2aa60069
UNRESOLVED_IMAGE,4.0,194,4.000000000000001,2.220446049250313e-16,0.9772498680518208,0.974609375,0.013179222356053854,False,SUPPORTED,,4ef162320e09086a16f1e130b09a507d399438740647147560f339cd2aa60069
TOTAL_FLUX,4.0,194,3.999999999999999,2.220446049250313e-16,0.9772498680518208,0.98046875,0.013179222356053854,False,SUPPORTED,,4ef162320e09086a16f1e130b09a507d399438740647147560f339cd2aa60069
DIRECT_PHYSICAL,4.0,195,4.0,0.0,0.9772498680518208,0.9765625,0.013179222356053854,False,SUPPORTED,,4ef162320e09086a16f1e130b09a507d399438740647147560f339cd2aa60069
RESOLVED_PHYSICAL,4.0,195,4.0,0.0,0.9772498680518208,0.96484375,0.013179222356053854,False,SUPPORTED,,4ef162320e09086a16f1e130b09a507d399438740647147560f339cd2aa60069
UNRESOLVED_IMAGE,4.0,195,4.0,0.0,0.9772498680518208,0.984375,0.013179222356053854,False,SUPPORTED,,4ef162320e09086a16f1e130b09a507d399438740647147560f339cd2aa60069
TOTAL_FLUX,4.0,195,4.000000000000004,1.1102230246251565e-15,0.9772498680518209,0.98046875,0.013179222356053824,False,SUPPORTED,,4ef162320e09086a16f1e130b09a507d399438740647147560f339cd2aa60069
DIRECT_PHYSICAL,4.0,196,4.0,0.0,0.9772498680518208,0.9765625,0.013179222356053854,False,SUPPORTED,,4ef162320e09086a16f1e130b09a507d399438740647147560f339cd2aa60069
RESOLVED_PHYSICAL,4.0,196,4.000000000000001,2.220446049250313e-16,0.9772498680518208,0.98828125,0.013179222356053854,False,SUPPORTED,,4ef162320e09086a16f1e130b09a507d399438740647147560f339cd2aa60069
UNRESOLVED_IMAGE,4.0,196,4.0,0.0,0.9772498680518208,0.986328125,0.013179222356053854,False,SUPPORTED,,4ef162320e09086a16f1e130b09a507d399438740647147560f339cd2aa60069
TOTAL_FLUX,4.0,196,4.000000000000001,2.220446049250313e-16,0.9772498680518208,0.974609375,0.013179222356053854,False,SUPPORTED,,4ef162320e09086a16f1e130b09a507d399438740647147560f339cd2aa60069
DIRECT_PHYSICAL,4.0,197,3.9999999999999996,1.1102230246251565e-16,0.9772498680518208,0.98828125,0.013179222356053854,False,SUPPORTED,,4ef162320e09086a16f1e130b09a507d399438740647147560f339cd2aa60069
RESOLVED_PHYSICAL,4.0,197,3.9999999999999996,1.1102230246251565e-16,0.9772498680518208,0.966796875,0.013179222356053854,False,SUPPORTED,,4ef162320e09086a16f1e130b09a507d399438740647147560f339cd2aa60069
UNRESOLVED_IMAGE,4.0,197,4.0,0.0,0.9772498680518208,0.966796875,0.013179222356053854,False,SUPPORTED,,4ef162320e09086a16f1e130b09a507d399438740647147560f339cd2aa60069
TOTAL_FLUX,4.0,197,4.000000000000002,4.440892098500626e-16,0.9772498680518209,0.96875,0.013179222356053824,False,SUPPORTED,,4ef162320e09086a16f1e130b09a507d399438740647147560f339cd2aa60069
DIRECT_PHYSICAL,4.0,198,4.0,0.0,0.9772498680518208,0.97265625,0.013179222356053854,False,SUPPORTED,,4ef162320e09086a16f1e130b09a507d399438740647147560f339cd2aa60069
RESOLVED_PHYSICAL,4.0,198,3.999999999999999,2.220446049250313e-16,0.9772498680518208,0.9765625,0.013179222356053854,False,SUPPORTED,,4ef162320e09086a16f1e130b09a507d399438740647147560f339cd2aa60069
UNRESOLVED_IMAGE,4.0,198,4.000000000000001,2.220446049250313e-16,0.9772498680518208,0.986328125,0.013179222356053854,False,SUPPORTED,,4ef162320e09086a16f1e130b09a507d399438740647147560f339cd2aa60069
TOTAL_FLUX,4.0,198,3.9999999999999982,4.440892098500626e-16,0.9772498680518208,0.98046875,0.013179222356053854,False,SUPPORTED,,4ef162320e09086a16f1e130b09a507d399438740647147560f339cd2aa60069
DIRECT_PHYSICAL,4.0,199,4.0,0.0,0.9772498680518208,0.9765625,0.013179222356053854,False,SUPPORTED,,4ef162320e09086a16f1e130b09a507d399438740647147560f339cd2aa60069
RESOLVED_PHYSICAL,4.0,199,4.0,0.0,0.9772498680518208,0.970703125,0.013179222356053854,False,SUPPORTED,,4ef162320e09086a16f1e130b09a507d399438740647147560f339cd2aa60069
UNRESOLVED_IMAGE,4.0,199,4.0,0.0,0.9772498680518208,0.974609375,0.013179222356053854,False,SUPPORTED,,4ef162320e09086a16f1e130b09a507d399438740647147560f339cd2aa60069
TOTAL_FLUX,4.0,199,4.0,0.0,0.9772498680518208,0.966796875,0.013179222356053854,False,SUPPORTED,,4ef162320e09086a16f1e130b09a507d399438740647147560f339cd2aa60069
